GEN UID,Bus ID,Unit Group,Unit Type,Fuel,PMin MW,PMax MW,Min Down Time Hr,Min Up Time Hr,Ramp Rate MW/Min,Start Time Cold Hr,Start Time Warm Hr,Start Time Hot Hr,Start Heat Cold MBTU,Start Heat Warm MBTU,Start Heat Hot MBTU,Fuel Price $/MMBTU,Fixed Cost($/hr),Output_pct_0,Output_pct_1,Output_pct_2,HR_avg_0,HR_incr_1,HR_incr_2
EIA_88_1,354,H_88,Hydro,Hydro,0.0,1.8,0,0,0.36,0,0,0,0,0,0,0.0,0.9,0.0,0.0,1.0,0.0,5.0,5.0
EIA_88_2,354,H_88,Hydro,Hydro,0.0,1.8,0,0,0.36,0,0,0,0,0,0,0.0,0.9,0.0,0.0,1.0,0.0,5.0,5.0
EIA_579_1,537,H_579,Hydro,Hydro,0.0,3.2,0,0,0.64,0,0,0,0,0,0,0.0,1.6,0.0,0.0,1.0,0.0,5.0,5.0
EIA_625_1,373,H_625,Hydro,Hydro,0.0,9.2,0,0,1.84,0,0,0,0,0,0,0.0,4.6,0.0,0.0,1.0,0.0,5.0,5.0
EIA_625_2,373,H_625,Hydro,Hydro,0.0,9.2,0,0,1.84,0,0,0,0,0,0,0.0,4.6,0.0,0.0,1.0,0.0,5.0,5.0
EIA_808_1,189,H_808,Hydro,Hydro,0.0,4.5,0,0,0.9,0,0,0,0,0,0,0.0,2.25,0.0,0.0,1.0,0.0,5.0,5.0
EIA_808_2,189,H_808,Hydro,Hydro,0.0,4.5,0,0,0.9,0,0,0,0,0,0,0.0,2.25,0.0,0.0,1.0,0.0,5.0,5.0
EIA_2480_1,643,G_2480,Gas,Gas,20.4,68.0,2,2,3.4,4,2,1,30,15,8,3.5,34.0,0.0,0.3,1.0,0.0,35.0,35.0
EIA_2480_2,643,G_2480,Gas,Gas,19.71,65.7,2,2,3.29,4,2,1,30,15,8,3.5,32.85,0.0,0.3,1.0,0.0,35.0,35.0
EIA_2480_3,643,G_2480,Gas,Gas,41.31,137.7,2,2,6.88,4,2,1,30,15,8,3.5,68.85,0.0,0.3,1.0,0.0,35.0,35.0
EIA_2480_4,643,G_2480,Gas,Gas,67.77,225.9,2,2,11.3,4,2,1,30,15,8,3.5,112.95,0.0,0.3,1.0,0.0,35.0,35.0
EIA_2481_1,537,H_2481,Hydro,Hydro,0.0,2.4,0,0,0.48,0,0,0,0,0,0,0.0,1.2,0.0,0.0,1.0,0.0,5.0,5.0
EIA_2481_2,537,H_2481,Hydro,Hydro,0.0,2.4,0,0,0.48,0,0,0,0,0,0,0.0,1.2,0.0,0.0,1.0,0.0,5.0,5.0
EIA_2483_H1,55,H_2483,Hydro,Hydro,0.0,22.0,0,0,4.4,0,0,0,0,0,0,0.0,11.0,0.0,0.0,1.0,0.0,5.0,5.0
EIA_2485_GT1,360,O_2485,Oil,Oil,3.62,18.1,1,1,1.81,2,1,0,10,5,2,12.0,9.05,0.0,0.2,1.0,0.0,80.0,80.0
EIA_2486_H1,537,H_2486,Hydro,Hydro,0.0,4.8,0,0,0.96,0,0,0,0,0,0,0.0,2.4,0.0,0.0,1.0,0.0,5.0,5.0
EIA_2486_H2,537,H_2486,Hydro,Hydro,0.0,4.8,0,0,0.96,0,0,0,0,0,0,0.0,2.4,0.0,0.0,1.0,0.0,5.0,5.0
EIA_2486_H3,537,H_2486,Hydro,Hydro,0.0,4.8,0,0,0.96,0,0,0,0,0,0,0.0,2.4,0.0,0.0,1.0,0.0,5.0,5.0
EIA_2487_GT1,506,G_2487,Gas,Gas,6.06,20.2,2,2,1.01,4,2,1,30,15,8,3.5,10.1,0.0,0.3,1.0,0.0,35.0,35.0
EIA_2490_2,129,G_2490,Gas,Gas,108.66,362.2,2,2,18.11,4,2,1,30,15,8,3.5,181.1,0.0,0.3,1.0,0.0,35.0,35.0
EIA_2490_3,129,G_2490,Gas,Gas,156.81,522.7,2,2,26.14,4,2,1,30,15,8,3.5,261.35,0.0,0.3,1.0,0.0,35.0,35.0
EIA_2490_GT1,129,G_2490,Gas,Gas,3.69,12.3,2,2,0.62,4,2,1,30,15,8,3.5,6.15,0.0,0.3,1.0,0.0,35.0,35.0
EIA_2493_1,128,G_2493,Gas,Gas,45.45,151.5,2,2,7.58,4,2,1,30,15,8,3.5,75.75,0.0,0.3,1.0,0.0,35.0,35.0
EIA_2493_2,128,G_2493,Gas,Gas,46.5,155.0,2,2,7.75,4,2,1,30,15,8,3.5,77.5,0.0,0.3,1.0,0.0,35.0,35.0
EIA_2493_6,128,G_2493,Gas,Gas,42.42,141.4,2,2,7.07,4,2,1,30,15,8,3.5,70.7,0.0,0.3,1.0,0.0,35.0,35.0
EIA_2493_7,128,G_2493,Gas,Gas,54.72,182.4,2,2,9.12,4,2,1,30,15,8,3.5,91.2,0.0,0.3,1.0,0.0,35.0,35.0
EIA_2494_GT11,128,O_2494,Oil,Oil,3.82,19.1,1,1,1.91,2,1,0,10,5,2,12.0,9.55,0.0,0.2,1.0,0.0,80.0,80.0
EIA_2494_GT12,128,O_2494,Oil,Oil,3.42,17.1,1,1,1.71,2,1,0,10,5,2,12.0,8.55,0.0,0.2,1.0,0.0,80.0,80.0
EIA_2494_GT13,128,O_2494,Oil,Oil,3.44,17.2,1,1,1.72,2,1,0,10,5,2,12.0,8.6,0.0,0.2,1.0,0.0,80.0,80.0
EIA_2494_GT14,128,O_2494,Oil,Oil,3.42,17.1,1,1,1.71,2,1,0,10,5,2,12.0,8.55,0.0,0.2,1.0,0.0,80.0,80.0
EIA_2494_GT15,128,O_2494,Oil,Oil,3.3,16.5,1,1,1.65,2,1,0,10,5,2,12.0,8.25,0.0,0.2,1.0,0.0,80.0,80.0
EIA_2494_GT16,128,O_2494,Oil,Oil,3.6,18.0,1,1,1.8,2,1,0,10,5,2,12.0,9.0,0.0,0.2,1.0,0.0,80.0,80.0
EIA_2494_GT17,128,O_2494,Oil,Oil,3.52,17.6,1,1,1.76,2,1,0,10,5,2,12.0,8.8,0.0,0.2,1.0,0.0,80.0,80.0
EIA_2494_GT21,128,G_2494,Gas,Gas,5.37,17.9,2,2,0.9,4,2,1,30,15,8,3.5,8.95,0.0,0.3,1.0,0.0,35.0,35.0
EIA_2494_GT22,128,G_2494,Gas,Gas,5.64,18.8,2,2,0.94,4,2,1,30,15,8,3.5,9.4,0.0,0.3,1.0,0.0,35.0,35.0
EIA_2494_GT23,128,G_2494,Gas,Gas,6.18,20.6,2,2,1.03,4,2,1,30,15,8,3.5,10.3,0.0,0.3,1.0,0.0,35.0,35.0
EIA_2494_GT24,128,G_2494,Gas,Gas,5.79,19.3,2,2,0.97,4,2,1,30,15,8,3.5,9.65,0.0,0.3,1.0,0.0,35.0,35.0
EIA_2494_GT25,128,G_2494,Gas,Gas,5.58,18.6,2,2,0.93,4,2,1,30,15,8,3.5,9.3,0.0,0.3,1.0,0.0,35.0,35.0
EIA_2494_GT26,128,G_2494,Gas,Gas,6.09,20.3,2,2,1.02,4,2,1,30,15,8,3.5,10.15,0.0,0.3,1.0,0.0,35.0,35.0
EIA_2494_GT27,128,G_2494,Gas,Gas,5.88,19.6,2,2,0.98,4,2,1,30,15,8,3.5,9.8,0.0,0.3,1.0,0.0,35.0,35.0
EIA_2494_GT28,128,G_2494,Gas,Gas,5.31,17.7,2,2,0.89,4,2,1,30,15,8,3.5,8.85,0.0,0.3,1.0,0.0,35.0,35.0
EIA_2494_GT31,128,G_2494,Gas,Gas,5.31,17.7,2,2,0.89,4,2,1,30,15,8,3.5,8.85,0.0,0.3,1.0,0.0,35.0,35.0
EIA_2494_GT32,128,G_2494,Gas,Gas,5.31,17.7,2,2,0.89,4,2,1,30,15,8,3.5,8.85,0.0,0.3,1.0,0.0,35.0,35.0
EIA_2494_GT33,128,G_2494,Gas,Gas,5.94,19.8,2,2,0.99,4,2,1,30,15,8,3.5,9.9,0.0,0.3,1.0,0.0,35.0,35.0
EIA_2494_GT34,128,G_2494,Gas,Gas,5.37,17.9,2,2,0.9,4,2,1,30,15,8,3.5,8.95,0.0,0.3,1.0,0.0,35.0,35.0
EIA_2494_GT35,128,G_2494,Gas,Gas,5.7,19.0,2,2,0.95,4,2,1,30,15,8,3.5,9.5,0.0,0.3,1.0,0.0,35.0,35.0
EIA_2494_GT36,128,G_2494,Gas,Gas,5.28,17.6,2,2,0.88,4,2,1,30,15,8,3.5,8.8,0.0,0.3,1.0,0.0,35.0,35.0
EIA_2494_GT37,128,G_2494,Gas,Gas,5.43,18.1,2,2,0.91,4,2,1,30,15,8,3.5,9.05,0.0,0.3,1.0,0.0,35.0,35.0
EIA_2494_GT38,128,G_2494,Gas,Gas,5.7,19.0,2,2,0.95,4,2,1,30,15,8,3.5,9.5,0.0,0.3,1.0,0.0,35.0,35.0
EIA_2494_GT41,128,O_2494,Oil,Oil,3.36,16.8,1,1,1.68,2,1,0,10,5,2,12.0,8.4,0.0,0.2,1.0,0.0,80.0,80.0
EIA_2494_GT42,128,O_2494,Oil,Oil,3.46,17.3,1,1,1.73,2,1,0,10,5,2,12.0,8.65,0.0,0.2,1.0,0.0,80.0,80.0
EIA_2494_GT43,128,O_2494,Oil,Oil,3.52,17.6,1,1,1.76,2,1,0,10,5,2,12.0,8.8,0.0,0.2,1.0,0.0,80.0,80.0
EIA_2494_GT44,128,O_2494,Oil,Oil,3.42,17.1,1,1,1.71,2,1,0,10,5,2,12.0,8.55,0.0,0.2,1.0,0.0,80.0,80.0
EIA_2494_GT45,128,O_2494,Oil,Oil,3.42,17.1,1,1,1.71,2,1,0,10,5,2,12.0,8.55,0.0,0.2,1.0,0.0,80.0,80.0
EIA_2494_GT46,128,O_2494,Oil,Oil,3.72,18.6,1,1,1.86,2,1,0,10,5,2,12.0,9.3,0.0,0.2,1.0,0.0,80.0,80.0
EIA_2494_GT47,128,O_2494,Oil,Oil,3.32,16.6,1,1,1.66,2,1,0,10,5,2,12.0,8.3,0.0,0.2,1.0,0.0,80.0,80.0
EIA_2494_GT48,128,O_2494,Oil,Oil,3.8,19.0,1,1,1.9,2,1,0,10,5,2,12.0,9.5,0.0,0.2,1.0,0.0,80.0,80.0
EIA_2499_NT11,128,G_2499,Gas,Gas,6.3,21.0,2,2,1.05,4,2,1,30,15,8,3.5,10.5,0.0,0.3,1.0,0.0,35.0,35.0
EIA_2499_NT12,128,G_2499,Gas,Gas,5.85,19.5,2,2,0.98,4,2,1,30,15,8,3.5,9.75,0.0,0.3,1.0,0.0,35.0,35.0
EIA_2499_NT13,128,G_2499,Gas,Gas,6.12,20.4,2,2,1.02,4,2,1,30,15,8,3.5,10.2,0.0,0.3,1.0,0.0,35.0,35.0
EIA_2499_NT14,128,G_2499,Gas,Gas,6.03,20.1,2,2,1.01,4,2,1,30,15,8,3.5,10.05,0.0,0.3,1.0,0.0,35.0,35.0
EIA_2499_NT15,128,G_2499,Gas,Gas,5.94,19.8,2,2,0.99,4,2,1,30,15,8,3.5,9.9,0.0,0.3,1.0,0.0,35.0,35.0
EIA_2499_NT16,128,G_2499,Gas,Gas,5.67,18.9,2,2,0.94,4,2,1,30,15,8,3.5,9.45,0.0,0.3,1.0,0.0,35.0,35.0
EIA_2499_NT17,128,G_2499,Gas,Gas,5.52,18.4,2,2,0.92,4,2,1,30,15,8,3.5,9.2,0.0,0.3,1.0,0.0,35.0,35.0
EIA_2499_NT18,128,G_2499,Gas,Gas,5.97,19.9,2,2,0.99,4,2,1,30,15,8,3.5,9.95,0.0,0.3,1.0,0.0,35.0,35.0
EIA_2499_NT21,128,G_2499,Gas,Gas,5.82,19.4,2,2,0.97,4,2,1,30,15,8,3.5,9.7,0.0,0.3,1.0,0.0,35.0,35.0
EIA_2499_NT22,128,G_2499,Gas,Gas,5.61,18.7,2,2,0.94,4,2,1,30,15,8,3.5,9.35,0.0,0.3,1.0,0.0,35.0,35.0
EIA_2499_NT23,128,G_2499,Gas,Gas,5.52,18.4,2,2,0.92,4,2,1,30,15,8,3.5,9.2,0.0,0.3,1.0,0.0,35.0,35.0
EIA_2499_NT24,128,G_2499,Gas,Gas,5.52,18.4,2,2,0.92,4,2,1,30,15,8,3.5,9.2,0.0,0.3,1.0,0.0,35.0,35.0
EIA_2499_NT25,128,G_2499,Gas,Gas,5.97,19.9,2,2,0.99,4,2,1,30,15,8,3.5,9.95,0.0,0.3,1.0,0.0,35.0,35.0
EIA_2499_NT26,128,G_2499,Gas,Gas,5.43,18.1,2,2,0.91,4,2,1,30,15,8,3.5,9.05,0.0,0.3,1.0,0.0,35.0,35.0
EIA_2499_NT27,128,G_2499,Gas,Gas,6.21,20.7,2,2,1.03,4,2,1,30,15,8,3.5,10.35,0.0,0.3,1.0,0.0,35.0,35.0
EIA_2499_NT28,128,G_2499,Gas,Gas,5.25,17.5,2,2,0.88,4,2,1,30,15,8,3.5,8.75,0.0,0.3,1.0,0.0,35.0,35.0
EIA_2500_1,397,G_2500,Gas,Gas,110.55,368.5,2,2,18.43,4,2,1,30,15,8,3.5,184.25,0.0,0.3,1.0,0.0,35.0,35.0
EIA_2500_2,397,G_2500,Gas,Gas,112.35,374.5,2,2,18.73,4,2,1,30,15,8,3.5,187.25,0.0,0.3,1.0,0.0,35.0,35.0
EIA_2500_3,397,G_2500,Gas,Gas,296.19,987.3,2,2,49.37,4,2,1,30,15,8,3.5,493.65,0.0,0.3,1.0,0.0,35.0,35.0
EIA_2500_4,397,G_2500,Gas,Gas,45.12,150.4,2,2,7.52,4,2,1,30,15,8,3.5,75.2,0.0,0.3,1.0,0.0,35.0,35.0
EIA_2500_4S,397,G_2500,Gas,Gas,21.84,72.8,2,2,3.64,4,2,1,30,15,8,3.5,36.4,0.0,0.3,1.0,0.0,35.0,35.0
EIA_2503_GT1,397,G_2503,Gas,Gas,4.17,13.9,2,2,0.7,4,2,1,30,15,8,3.5,6.95,0.0,0.3,1.0,0.0,35.0,35.0
EIA_2504_GT1,397,O_2504,Oil,Oil,3.7,18.5,1,1,1.85,2,1,0,10,5,2,12.0,9.25,0.0,0.2,1.0,0.0,80.0,80.0
EIA_2504_GT2,397,O_2504,Oil,Oil,3.86,19.3,1,1,1.93,2,1,0,10,5,2,12.0,9.65,0.0,0.2,1.0,0.0,80.0,80.0
EIA_2511_10,431,G_2511,Gas,Gas,12.18,40.6,2,2,2.03,4,2,1,30,15,8,3.5,20.3,0.0,0.3,1.0,0.0,35.0,35.0
EIA_2511_11,431,G_2511,Gas,Gas,12.03,40.1,2,2,2.01,4,2,1,30,15,8,3.5,20.05,0.0,0.3,1.0,0.0,35.0,35.0
EIA_2511_12,431,G_2511,Gas,Gas,12.27,40.9,2,2,2.04,4,2,1,30,15,8,3.5,20.45,0.0,0.3,1.0,0.0,35.0,35.0
EIA_2511_3,431,G_2511,Gas,Gas,5.31,17.7,2,2,0.89,4,2,1,30,15,8,3.5,8.85,0.0,0.3,1.0,0.0,35.0,35.0
EIA_2511_4,431,G_2511,Gas,Gas,5.04,16.8,2,2,0.84,4,2,1,30,15,8,3.5,8.4,0.0,0.3,1.0,0.0,35.0,35.0
EIA_2511_5,431,G_2511,Gas,Gas,5.28,17.6,2,2,0.88,4,2,1,30,15,8,3.5,8.8,0.0,0.3,1.0,0.0,35.0,35.0
EIA_2511_6,431,G_2511,Gas,Gas,4.92,16.4,2,2,0.82,4,2,1,30,15,8,3.5,8.2,0.0,0.3,1.0,0.0,35.0,35.0
EIA_2511_8,431,G_2511,Gas,Gas,4.53,15.1,2,2,0.76,4,2,1,30,15,8,3.5,7.55,0.0,0.3,1.0,0.0,35.0,35.0
EIA_2511_9,431,G_2511,Gas,Gas,12.36,41.2,2,2,2.06,4,2,1,30,15,8,3.5,20.6,0.0,0.3,1.0,0.0,35.0,35.0
EIA_2511_GT1,431,G_2511,Gas,Gas,5.22,17.4,2,2,0.87,4,2,1,30,15,8,3.5,8.7,0.0,0.3,1.0,0.0,35.0,35.0
EIA_2511_GT2,431,G_2511,Gas,Gas,5.28,17.6,2,2,0.88,4,2,1,30,15,8,3.5,8.8,0.0,0.3,1.0,0.0,35.0,35.0
EIA_2511_ST1,431,G_2511,Gas,Gas,58.26,194.2,2,2,9.71,4,2,1,30,15,8,3.5,97.1,0.0,0.3,1.0,0.0,35.0,35.0
EIA_2511_ST2,431,G_2511,Gas,Gas,53.4,178.0,2,2,8.9,4,2,1,30,15,8,3.5,89.0,0.0,0.3,1.0,0.0,35.0,35.0
EIA_2514_GT2,443,O_2514,Oil,Oil,9.8,49.0,1,1,4.9,2,1,0,10,5,2,12.0,24.5,0.0,0.2,1.0,0.0,80.0,80.0
EIA_2514_GT3,443,O_2514,Oil,Oil,11.02,55.1,1,1,5.51,2,1,0,10,5,2,12.0,27.55,0.0,0.2,1.0,0.0,80.0,80.0
EIA_2516_2,456,G_2516,Gas,Gas,119.4,398.0,2,2,19.9,4,2,1,30,15,8,3.5,199.0,0.0,0.3,1.0,0.0,35.0,35.0
EIA_2516_3,456,G_2516,Gas,Gas,119.55,398.5,2,2,19.93,4,2,1,30,15,8,3.5,199.25,0.0,0.3,1.0,0.0,35.0,35.0
EIA_2516_4,456,G_2516,Gas,Gas,119.4,398.0,2,2,19.9,4,2,1,30,15,8,3.5,199.0,0.0,0.3,1.0,0.0,35.0,35.0
EIA_2516_GT1,456,O_2516,Oil,Oil,2.36,11.8,1,1,1.18,2,1,0,10,5,2,12.0,5.9,0.0,0.2,1.0,0.0,80.0,80.0
EIA_2516_ST1,456,G_2516,Gas,Gas,119.31,397.7,2,2,19.89,4,2,1,30,15,8,3.5,198.85,0.0,0.3,1.0,0.0,35.0,35.0
EIA_2517_3,436,G_2517,Gas,Gas,57.6,192.0,2,2,9.6,4,2,1,30,15,8,3.5,96.0,0.0,0.3,1.0,0.0,35.0,35.0
EIA_2517_4,436,G_2517,Gas,Gas,57.9,193.0,2,2,9.65,4,2,1,30,15,8,3.5,96.5,0.0,0.3,1.0,0.0,35.0,35.0
EIA_2517_GT1,436,O_2517,Oil,Oil,2.58,12.9,1,1,1.29,2,1,0,10,5,2,12.0,6.45,0.0,0.2,1.0,0.0,80.0,80.0
EIA_2517_GT2,436,G_2517,Gas,Gas,12.78,42.6,2,2,2.13,4,2,1,30,15,8,3.5,21.3,0.0,0.3,1.0,0.0,35.0,35.0
EIA_2517_GT3,436,G_2517,Gas,Gas,12.03,40.1,2,2,2.01,4,2,1,30,15,8,3.5,20.05,0.0,0.3,1.0,0.0,35.0,35.0
EIA_2518_GT1,437,O_2518,Oil,Oil,9.96,49.8,1,1,4.98,2,1,0,10,5,2,12.0,24.9,0.0,0.2,1.0,0.0,80.0,80.0
EIA_2518_GT2,437,O_2518,Oil,Oil,3.18,15.9,1,1,1.59,2,1,0,10,5,2,12.0,7.95,0.0,0.2,1.0,0.0,80.0,80.0
EIA_2522_2,142,H_2522,Hydro,Hydro,0.0,1.2,0,0,0.24,0,0,0,0,0,0,0.0,0.6,0.0,0.0,1.0,0.0,5.0,5.0
EIA_2522_3,142,H_2522,Hydro,Hydro,0.0,3.1,0,0,0.62,0,0,0,0,0,0,0.0,1.55,0.0,0.0,1.0,0.0,5.0,5.0
EIA_2527_4,721,G_2527,Gas,Gas,31.35,104.5,2,2,5.23,4,2,1,30,15,8,3.5,52.25,0.0,0.3,1.0,0.0,35.0,35.0
EIA_2528_1,549,O_2528,Oil,Oil,0.34,1.7,1,1,0.17,2,1,0,10,5,2,12.0,0.85,0.0,0.2,1.0,0.0,80.0,80.0
EIA_2528_2,549,O_2528,Oil,Oil,0.46,2.3,1,1,0.23,2,1,0,10,5,2,12.0,1.15,0.0,0.2,1.0,0.0,80.0,80.0
EIA_2530_1,142,H_2530,Hydro,Hydro,0.0,4.0,0,0,0.8,0,0,0,0,0,0,0.0,2.0,0.0,0.0,1.0,0.0,5.0,5.0
EIA_2530_3,142,H_2530,Hydro,Hydro,0.0,7.0,0,0,1.4,0,0,0,0,0,0,0.0,3.5,0.0,0.0,1.0,0.0,5.0,5.0
EIA_2539_5,153,G_2539,Gas,Gas,53.52,178.4,2,2,8.92,4,2,1,30,15,8,3.5,89.2,0.0,0.3,1.0,0.0,35.0,35.0
EIA_2539_6,153,G_2539,Gas,Gas,53.91,179.7,2,2,8.98,4,2,1,30,15,8,3.5,89.85,0.0,0.3,1.0,0.0,35.0,35.0
EIA_2539_7,153,G_2539,Gas,Gas,53.37,177.9,2,2,8.9,4,2,1,30,15,8,3.5,88.95,0.0,0.3,1.0,0.0,35.0,35.0
EIA_2539_8,153,G_2539,Gas,Gas,83.85,279.5,2,2,13.98,4,2,1,30,15,8,3.5,139.75,0.0,0.3,1.0,0.0,35.0,35.0
EIA_2540_1,120,H_2540,Hydro,Hydro,0.0,3.5,0,0,0.7,0,0,0,0,0,0,0.0,1.75,0.0,0.0,1.0,0.0,5.0,5.0
EIA_2543_1,471,H_2543,Hydro,Hydro,0.0,8.5,0,0,1.7,0,0,0,0,0,0,0.0,4.25,0.0,0.0,1.0,0.0,5.0,5.0
EIA_2543_2,471,H_2543,Hydro,Hydro,0.0,8.1,0,0,1.62,0,0,0,0,0,0,0.0,4.05,0.0,0.0,1.0,0.0,5.0,5.0
EIA_2544_1,53,H_2544,Hydro,Hydro,0.0,0.4,0,0,0.08,0,0,0,0,0,0,0.0,0.2,0.0,0.0,1.0,0.0,5.0,5.0
EIA_2544_2,53,H_2544,Hydro,Hydro,0.0,0.5,0,0,0.1,0,0,0,0,0,0,0.0,0.25,0.0,0.0,1.0,0.0,5.0,5.0
EIA_2544_3,53,H_2544,Hydro,Hydro,0.0,0.9,0,0,0.18,0,0,0,0,0,0,0.0,0.45,0.0,0.0,1.0,0.0,5.0,5.0
EIA_2545_1,520,H_2545,Hydro,Hydro,0.0,8.4,0,0,1.68,0,0,0,0,0,0,0.0,4.2,0.0,0.0,1.0,0.0,5.0,5.0
EIA_2545_2,520,H_2545,Hydro,Hydro,0.0,8.4,0,0,1.68,0,0,0,0,0,0,0.0,4.2,0.0,0.0,1.0,0.0,5.0,5.0
EIA_2545_3,520,H_2545,Hydro,Hydro,0.0,6.3,0,0,1.26,0,0,0,0,0,0,0.0,3.15,0.0,0.0,1.0,0.0,5.0,5.0
EIA_2545_4,520,H_2545,Hydro,Hydro,0.0,7.2,0,0,1.44,0,0,0,0,0,0,0.0,3.6,0.0,0.0,1.0,0.0,5.0,5.0
EIA_2546_1,319,H_2546,Hydro,Hydro,0.0,1.5,0,0,0.3,0,0,0,0,0,0,0.0,0.75,0.0,0.0,1.0,0.0,5.0,5.0
EIA_2546_2,319,H_2546,Hydro,Hydro,0.0,1.5,0,0,0.3,0,0,0,0,0,0,0.0,0.75,0.0,0.0,1.0,0.0,5.0,5.0
EIA_2546_3,319,H_2546,Hydro,Hydro,0.0,1.5,0,0,0.3,0,0,0,0,0,0,0.0,0.75,0.0,0.0,1.0,0.0,5.0,5.0
EIA_2547_1,70,H_2547,Hydro,Hydro,0.0,14.2,0,0,2.84,0,0,0,0,0,0,0.0,7.1,0.0,0.0,1.0,0.0,5.0,5.0
EIA_2548_1,104,H_2548,Hydro,Hydro,0.0,7.9,0,0,1.58,0,0,0,0,0,0,0.0,3.95,0.0,0.0,1.0,0.0,5.0,5.0
EIA_2548_2,104,H_2548,Hydro,Hydro,0.0,7.9,0,0,1.58,0,0,0,0,0,0,0.0,3.95,0.0,0.0,1.0,0.0,5.0,5.0
EIA_2550_1,169,H_2550,Hydro,Hydro,0.0,0.5,0,0,0.1,0,0,0,0,0,0,0.0,0.25,0.0,0.0,1.0,0.0,5.0,5.0
EIA_2550_2,169,H_2550,Hydro,Hydro,0.0,0.5,0,0,0.1,0,0,0,0,0,0,0.0,0.25,0.0,0.0,1.0,0.0,5.0,5.0
EIA_2550_3,169,H_2550,Hydro,Hydro,0.0,0.6,0,0,0.12,0,0,0,0,0,0,0.0,0.3,0.0,0.0,1.0,0.0,5.0,5.0
EIA_2551_1,74,H_2551,Hydro,Hydro,0.0,9.9,0,0,1.98,0,0,0,0,0,0,0.0,4.95,0.0,0.0,1.0,0.0,5.0,5.0
EIA_2551_2,74,H_2551,Hydro,Hydro,0.0,10.3,0,0,2.06,0,0,0,0,0,0,0.0,5.15,0.0,0.0,1.0,0.0,5.0,5.0
EIA_2551_3,74,H_2551,Hydro,Hydro,0.0,9.5,0,0,1.9,0,0,0,0,0,0,0.0,4.75,0.0,0.0,1.0,0.0,5.0,5.0
EIA_2552_1,490,H_2552,Hydro,Hydro,0.0,3.6,0,0,0.72,0,0,0,0,0,0,0.0,1.8,0.0,0.0,1.0,0.0,5.0,5.0
EIA_2552_2,490,H_2552,Hydro,Hydro,0.0,3.6,0,0,0.72,0,0,0,0,0,0,0.0,1.8,0.0,0.0,1.0,0.0,5.0,5.0
EIA_2552_3,490,H_2552,Hydro,Hydro,0.0,3.6,0,0,0.72,0,0,0,0,0,0,0.0,1.8,0.0,0.0,1.0,0.0,5.0,5.0
EIA_2555_1,503,H_2555,Hydro,Hydro,0.0,1.4,0,0,0.28,0,0,0,0,0,0,0.0,0.7,0.0,0.0,1.0,0.0,5.0,5.0
EIA_2555_2,503,H_2555,Hydro,Hydro,0.0,1.2,0,0,0.24,0,0,0,0,0,0,0.0,0.6,0.0,0.0,1.0,0.0,5.0,5.0
EIA_2555_3,503,H_2555,Hydro,Hydro,0.0,1.2,0,0,0.24,0,0,0,0,0,0,0.0,0.6,0.0,0.0,1.0,0.0,5.0,5.0
EIA_2555_4,503,H_2555,Hydro,Hydro,0.0,2.0,0,0,0.4,0,0,0,0,0,0,0.0,1.0,0.0,0.0,1.0,0.0,5.0,5.0
EIA_2556_1,141,H_2556,Hydro,Hydro,0.0,0.4,0,0,0.08,0,0,0,0,0,0,0.0,0.2,0.0,0.0,1.0,0.0,5.0,5.0
EIA_2556_2,141,H_2556,Hydro,Hydro,0.0,0.8,0,0,0.16,0,0,0,0,0,0,0.0,0.4,0.0,0.0,1.0,0.0,5.0,5.0
EIA_2556_3,141,H_2556,Hydro,Hydro,0.0,0.8,0,0,0.16,0,0,0,0,0,0,0.0,0.4,0.0,0.0,1.0,0.0,5.0,5.0
EIA_2557_1,372,H_2557,Hydro,Hydro,0.0,0.4,0,0,0.08,0,0,0,0,0,0,0.0,0.2,0.0,0.0,1.0,0.0,5.0,5.0
EIA_2557_2,372,H_2557,Hydro,Hydro,0.0,0.4,0,0,0.08,0,0,0,0,0,0,0.0,0.2,0.0,0.0,1.0,0.0,5.0,5.0
EIA_2557_3,372,H_2557,Hydro,Hydro,0.0,0.4,0,0,0.08,0,0,0,0,0,0,0.0,0.2,0.0,0.0,1.0,0.0,5.0,5.0
EIA_2557_4,372,H_2557,Hydro,Hydro,0.0,1.7,0,0,0.34,0,0,0,0,0,0,0.0,0.85,0.0,0.0,1.0,0.0,5.0,5.0
EIA_2559_1,53,H_2559,Hydro,Hydro,0.0,1.0,0,0,0.2,0,0,0,0,0,0,0.0,0.5,0.0,0.0,1.0,0.0,5.0,5.0
EIA_2559_2,53,H_2559,Hydro,Hydro,0.0,1.0,0,0,0.2,0,0,0,0,0,0,0.0,0.5,0.0,0.0,1.0,0.0,5.0,5.0
EIA_2560_1,631,H_2560,Hydro,Hydro,0.0,0.9,0,0,0.18,0,0,0,0,0,0,0.0,0.45,0.0,0.0,1.0,0.0,5.0,5.0
EIA_2560_2,631,H_2560,Hydro,Hydro,0.0,0.9,0,0,0.18,0,0,0,0,0,0,0.0,0.45,0.0,0.0,1.0,0.0,5.0,5.0
EIA_2560_3,631,H_2560,Hydro,Hydro,0.0,0.9,0,0,0.18,0,0,0,0,0,0,0.0,0.45,0.0,0.0,1.0,0.0,5.0,5.0
EIA_2560_4,631,H_2560,Hydro,Hydro,0.0,1.0,0,0,0.2,0,0,0,0,0,0,0.0,0.5,0.0,0.0,1.0,0.0,5.0,5.0
EIA_2561_1,83,H_2561,Hydro,Hydro,0.0,4.1,0,0,0.82,0,0,0,0,0,0,0.0,2.05,0.0,0.0,1.0,0.0,5.0,5.0
EIA_2562_1,69,H_2562,Hydro,Hydro,0.0,22.4,0,0,4.48,0,0,0,0,0,0,0.0,11.2,0.0,0.0,1.0,0.0,5.0,5.0
EIA_2563_1,56,H_2563,Hydro,Hydro,0.0,2.4,0,0,0.48,0,0,0,0,0,0,0.0,1.2,0.0,0.0,1.0,0.0,5.0,5.0
EIA_2563_2,56,H_2563,Hydro,Hydro,0.0,2.8,0,0,0.56,0,0,0,0,0,0,0.0,1.4,0.0,0.0,1.0,0.0,5.0,5.0
EIA_2564_1,149,H_2564,Hydro,Hydro,0.0,0.9,0,0,0.18,0,0,0,0,0,0,0.0,0.45,0.0,0.0,1.0,0.0,5.0,5.0
EIA_2564_2,149,H_2564,Hydro,Hydro,0.0,1.1,0,0,0.22,0,0,0,0,0,0,0.0,0.55,0.0,0.0,1.0,0.0,5.0,5.0
EIA_2566_1,560,H_2566,Hydro,Hydro,0.0,0.1,0,0,0.02,0,0,0,0,0,0,0.0,0.05,0.0,0.0,1.0,0.0,5.0,5.0
EIA_2566_2,560,H_2566,Hydro,Hydro,0.0,0.1,0,0,0.02,0,0,0,0,0,0,0.0,0.05,0.0,0.0,1.0,0.0,5.0,5.0
EIA_2568_1,681,H_2568,Hydro,Hydro,0.0,0.5,0,0,0.1,0,0,0,0,0,0,0.0,0.25,0.0,0.0,1.0,0.0,5.0,5.0
EIA_2568_2,681,H_2568,Hydro,Hydro,0.0,0.5,0,0,0.1,0,0,0,0,0,0,0.0,0.25,0.0,0.0,1.0,0.0,5.0,5.0
EIA_2568_3,681,H_2568,Hydro,Hydro,0.0,0.5,0,0,0.1,0,0,0,0,0,0,0.0,0.25,0.0,0.0,1.0,0.0,5.0,5.0
EIA_2569_1,560,H_2569,Hydro,Hydro,0.0,5.1,0,0,1.02,0,0,0,0,0,0,0.0,2.55,0.0,0.0,1.0,0.0,5.0,5.0
EIA_2569_2,560,H_2569,Hydro,Hydro,0.0,5.1,0,0,1.02,0,0,0,0,0,0,0.0,2.55,0.0,0.0,1.0,0.0,5.0,5.0
EIA_2571_1,74,H_2571,Hydro,Hydro,0.0,3.6,0,0,0.72,0,0,0,0,0,0,0.0,1.8,0.0,0.0,1.0,0.0,5.0,5.0
EIA_2571_2,74,H_2571,Hydro,Hydro,0.0,3.6,0,0,0.72,0,0,0,0,0,0,0.0,1.8,0.0,0.0,1.0,0.0,5.0,5.0
EIA_2572_1,572,H_2572,Hydro,Hydro,0.0,1.5,0,0,0.3,0,0,0,0,0,0,0.0,0.75,0.0,0.0,1.0,0.0,5.0,5.0
EIA_2572_2,572,H_2572,Hydro,Hydro,0.0,1.5,0,0,0.3,0,0,0,0,0,0,0.0,0.75,0.0,0.0,1.0,0.0,5.0,5.0
EIA_2572_3,572,H_2572,Hydro,Hydro,0.0,1.5,0,0,0.3,0,0,0,0,0,0,0.0,0.75,0.0,0.0,1.0,0.0,5.0,5.0
EIA_2573_1,141,H_2573,Hydro,Hydro,0.0,0.4,0,0,0.08,0,0,0,0,0,0,0.0,0.2,0.0,0.0,1.0,0.0,5.0,5.0
EIA_2573_2,141,H_2573,Hydro,Hydro,0.0,0.4,0,0,0.08,0,0,0,0,0,0,0.0,0.2,0.0,0.0,1.0,0.0,5.0,5.0
EIA_2574_1,37,H_2574,Hydro,Hydro,0.0,2.2,0,0,0.44,0,0,0,0,0,0,0.0,1.1,0.0,0.0,1.0,0.0,5.0,5.0
EIA_2574_2,37,H_2574,Hydro,Hydro,0.0,2.2,0,0,0.44,0,0,0,0,0,0,0.0,1.1,0.0,0.0,1.0,0.0,5.0,5.0
EIA_2574_3,37,H_2574,Hydro,Hydro,0.0,2.2,0,0,0.44,0,0,0,0,0,0,0.0,1.1,0.0,0.0,1.0,0.0,5.0,5.0
EIA_2574_4,37,H_2574,Hydro,Hydro,0.0,2.2,0,0,0.44,0,0,0,0,0,0,0.0,1.1,0.0,0.0,1.0,0.0,5.0,5.0
EIA_2575_1,53,H_2575,Hydro,Hydro,0.0,1.8,0,0,0.36,0,0,0,0,0,0,0.0,0.9,0.0,0.0,1.0,0.0,5.0,5.0
EIA_2575_2,53,H_2575,Hydro,Hydro,0.0,1.8,0,0,0.36,0,0,0,0,0,0,0.0,0.9,0.0,0.0,1.0,0.0,5.0,5.0
EIA_2575_3,53,H_2575,Hydro,Hydro,0.0,1.8,0,0,0.36,0,0,0,0,0,0,0.0,0.9,0.0,0.0,1.0,0.0,5.0,5.0
EIA_2576_1N,69,H_2576,Hydro,Hydro,0.0,1.5,0,0,0.3,0,0,0,0,0,0,0.0,0.75,0.0,0.0,1.0,0.0,5.0,5.0
EIA_2576_2N,69,H_2576,Hydro,Hydro,0.0,1.6,0,0,0.32,0,0,0,0,0,0,0.0,0.8,0.0,0.0,1.0,0.0,5.0,5.0
EIA_2576_3N,69,H_2576,Hydro,Hydro,0.0,1.6,0,0,0.32,0,0,0,0,0,0,0.0,0.8,0.0,0.0,1.0,0.0,5.0,5.0
EIA_2576_4N,69,H_2576,Hydro,Hydro,0.0,1.6,0,0,0.32,0,0,0,0,0,0,0.0,0.8,0.0,0.0,1.0,0.0,5.0,5.0
EIA_2578_1,687,H_2578,Hydro,Hydro,0.0,2.8,0,0,0.56,0,0,0,0,0,0,0.0,1.4,0.0,0.0,1.0,0.0,5.0,5.0
EIA_2579_1,82,H_2579,Hydro,Hydro,0.0,2.8,0,0,0.56,0,0,0,0,0,0,0.0,1.4,0.0,0.0,1.0,0.0,5.0,5.0
EIA_2579_2,82,H_2579,Hydro,Hydro,0.0,3.4,0,0,0.68,0,0,0,0,0,0,0.0,1.7,0.0,0.0,1.0,0.0,5.0,5.0
EIA_2580_1,522,H_2580,Hydro,Hydro,0.0,1.1,0,0,0.22,0,0,0,0,0,0,0.0,0.55,0.0,0.0,1.0,0.0,5.0,5.0
EIA_2580_2,522,H_2580,Hydro,Hydro,0.0,1.4,0,0,0.28,0,0,0,0,0,0,0.0,0.7,0.0,0.0,1.0,0.0,5.0,5.0
EIA_2581_1,319,H_2581,Hydro,Hydro,0.0,1.3,0,0,0.26,0,0,0,0,0,0,0.0,0.65,0.0,0.0,1.0,0.0,5.0,5.0
EIA_2581_2,319,H_2581,Hydro,Hydro,0.0,1.3,0,0,0.26,0,0,0,0,0,0,0.0,0.65,0.0,0.0,1.0,0.0,5.0,5.0
EIA_2581_3,319,H_2581,Hydro,Hydro,0.0,1.3,0,0,0.26,0,0,0,0,0,0,0.0,0.65,0.0,0.0,1.0,0.0,5.0,5.0
EIA_2582_1,520,H_2582,Hydro,Hydro,0.0,4.0,0,0,0.8,0,0,0,0,0,0,0.0,2.0,0.0,0.0,1.0,0.0,5.0,5.0
EIA_2582_2,520,H_2582,Hydro,Hydro,0.0,3.6,0,0,0.72,0,0,0,0,0,0,0.0,1.8,0.0,0.0,1.0,0.0,5.0,5.0
EIA_2583_1,169,H_2583,Hydro,Hydro,0.0,0.8,0,0,0.16,0,0,0,0,0,0,0.0,0.4,0.0,0.0,1.0,0.0,5.0,5.0
EIA_2586_1,37,H_2586,Hydro,Hydro,0.0,1.4,0,0,0.28,0,0,0,0,0,0,0.0,0.7,0.0,0.0,1.0,0.0,5.0,5.0
EIA_2586_2,37,H_2586,Hydro,Hydro,0.0,1.4,0,0,0.28,0,0,0,0,0,0,0.0,0.7,0.0,0.0,1.0,0.0,5.0,5.0
EIA_2586_3,37,H_2586,Hydro,Hydro,0.0,1.4,0,0,0.28,0,0,0,0,0,0,0.0,0.7,0.0,0.0,1.0,0.0,5.0,5.0
EIA_2586_4,37,H_2586,Hydro,Hydro,0.0,1.4,0,0,0.28,0,0,0,0,0,0,0.0,0.7,0.0,0.0,1.0,0.0,5.0,5.0
EIA_2586_5,37,H_2586,Hydro,Hydro,0.0,1.4,0,0,0.28,0,0,0,0,0,0,0.0,0.7,0.0,0.0,1.0,0.0,5.0,5.0
EIA_2588_1,25,H_2588,Hydro,Hydro,0.0,4.0,0,0,0.8,0,0,0,0,0,0,0.0,2.0,0.0,0.0,1.0,0.0,5.0,5.0
EIA_2588_2,25,H_2588,Hydro,Hydro,0.0,4.0,0,0,0.8,0,0,0,0,0,0,0.0,2.0,0.0,0.0,1.0,0.0,5.0,5.0
EIA_2589_1,226,N_2589,Nuclear,Nuclear,558.81,620.9,24,24,1.24,48,24,12,500,250,125,0.7,310.45,0.0,0.9,1.0,0.0,6.0,6.0
EIA_2589_2,226,N_2589,Nuclear,Nuclear,1144.89,1272.1,24,24,2.54,48,24,12,500,250,125,0.7,636.05,0.0,0.9,1.0,0.0,6.0,6.0
EIA_2590_1,83,H_2590,Hydro,Hydro,0.0,5.1,0,0,1.02,0,0,0,0,0,0,0.0,2.55,0.0,0.0,1.0,0.0,5.0,5.0
EIA_2591_1,500,H_2591,Hydro,Hydro,0.0,2.2,0,0,0.44,0,0,0,0,0,0,0.0,1.1,0.0,0.0,1.0,0.0,5.0,5.0
EIA_2594_ST5,371,O_2594,Oil,Oil,161.4,807.0,1,1,80.7,2,1,0,10,5,2,12.0,403.5,0.0,0.2,1.0,0.0,80.0,80.0
EIA_2594_ST6,371,O_2594,Oil,Oil,161.64,808.2,1,1,80.82,2,1,0,10,5,2,12.0,404.1,0.0,0.2,1.0,0.0,80.0,80.0
EIA_2595_1,560,H_2595,Hydro,Hydro,0.0,1.4,0,0,0.28,0,0,0,0,0,0,0.0,0.7,0.0,0.0,1.0,0.0,5.0,5.0
EIA_2595_2,560,H_2595,Hydro,Hydro,0.0,1.4,0,0,0.28,0,0,0,0,0,0,0.0,0.7,0.0,0.0,1.0,0.0,5.0,5.0
EIA_2595_3,560,H_2595,Hydro,Hydro,0.0,1.4,0,0,0.28,0,0,0,0,0,0,0.0,0.7,0.0,0.0,1.0,0.0,5.0,5.0
EIA_2596_4,560,H_2596,Hydro,Hydro,0.0,0.9,0,0,0.18,0,0,0,0,0,0,0.0,0.45,0.0,0.0,1.0,0.0,5.0,5.0
EIA_2596_5,560,H_2596,Hydro,Hydro,0.0,0.9,0,0,0.18,0,0,0,0,0,0,0.0,0.45,0.0,0.0,1.0,0.0,5.0,5.0
EIA_2596_6,560,H_2596,Hydro,Hydro,0.0,0.4,0,0,0.08,0,0,0,0,0,0,0.0,0.2,0.0,0.0,1.0,0.0,5.0,5.0
EIA_2596_7,560,H_2596,Hydro,Hydro,0.0,0.4,0,0,0.08,0,0,0,0,0,0,0.0,0.2,0.0,0.0,1.0,0.0,5.0,5.0
EIA_2597_1,120,H_2597,Hydro,Hydro,0.0,2.3,0,0,0.46,0,0,0,0,0,0,0.0,1.15,0.0,0.0,1.0,0.0,5.0,5.0
EIA_2598_1,20,H_2598,Hydro,Hydro,0.0,1.6,0,0,0.32,0,0,0,0,0,0,0.0,0.8,0.0,0.0,1.0,0.0,5.0,5.0
EIA_2598_2,20,H_2598,Hydro,Hydro,0.0,0.6,0,0,0.12,0,0,0,0,0,0,0.0,0.3,0.0,0.0,1.0,0.0,5.0,5.0
EIA_2598_3,20,H_2598,Hydro,Hydro,0.0,0.6,0,0,0.12,0,0,0,0,0,0,0.0,0.3,0.0,0.0,1.0,0.0,5.0,5.0
EIA_2599_1,189,H_2599,Hydro,Hydro,0.0,18.3,0,0,3.66,0,0,0,0,0,0,0.0,9.15,0.0,0.0,1.0,0.0,5.0,5.0
EIA_2600_1,70,H_2600,Hydro,Hydro,0.0,24.0,0,0,4.8,0,0,0,0,0,0,0.0,12.0,0.0,0.0,1.0,0.0,5.0,5.0
EIA_2601_1,83,H_2601,Hydro,Hydro,0.0,2.3,0,0,0.46,0,0,0,0,0,0,0.0,1.15,0.0,0.0,1.0,0.0,5.0,5.0
EIA_2604_1,56,H_2604,Hydro,Hydro,0.0,1.2,0,0,0.24,0,0,0,0,0,0,0.0,0.6,0.0,0.0,1.0,0.0,5.0,5.0
EIA_2604_2,56,H_2604,Hydro,Hydro,0.0,1.2,0,0,0.24,0,0,0,0,0,0,0.0,0.6,0.0,0.0,1.0,0.0,5.0,5.0
EIA_2604_3,56,H_2604,Hydro,Hydro,0.0,0.8,0,0,0.16,0,0,0,0,0,0,0.0,0.4,0.0,0.0,1.0,0.0,5.0,5.0
EIA_2604_4,56,H_2604,Hydro,Hydro,0.0,0.2,0,0,0.04,0,0,0,0,0,0,0.0,0.1,0.0,0.0,1.0,0.0,5.0,5.0
EIA_2605_1,330,H_2605,Hydro,Hydro,0.0,7.5,0,0,1.5,0,0,0,0,0,0,0.0,3.75,0.0,0.0,1.0,0.0,5.0,5.0
EIA_2605_2,330,H_2605,Hydro,Hydro,0.0,5.9,0,0,1.18,0,0,0,0,0,0,0.0,2.95,0.0,0.0,1.0,0.0,5.0,5.0
EIA_2605_3,330,H_2605,Hydro,Hydro,0.0,6.1,0,0,1.22,0,0,0,0,0,0,0.0,3.05,0.0,0.0,1.0,0.0,5.0,5.0
EIA_2605_4,330,H_2605,Hydro,Hydro,0.0,6.6,0,0,1.32,0,0,0,0,0,0,0.0,3.3,0.0,0.0,1.0,0.0,5.0,5.0
EIA_2605_5,330,H_2605,Hydro,Hydro,0.0,10.8,0,0,2.16,0,0,0,0,0,0,0.0,5.4,0.0,0.0,1.0,0.0,5.0,5.0
EIA_2606_1,39,H_2606,Hydro,Hydro,0.0,4.0,0,0,0.8,0,0,0,0,0,0,0.0,2.0,0.0,0.0,1.0,0.0,5.0,5.0
EIA_2606_2,39,H_2606,Hydro,Hydro,0.0,4.1,0,0,0.82,0,0,0,0,0,0,0.0,2.05,0.0,0.0,1.0,0.0,5.0,5.0
EIA_2606_3,39,H_2606,Hydro,Hydro,0.0,3.8,0,0,0.76,0,0,0,0,0,0,0.0,1.9,0.0,0.0,1.0,0.0,5.0,5.0
EIA_2606_4,39,H_2606,Hydro,Hydro,0.0,4.0,0,0,0.8,0,0,0,0,0,0,0.0,2.0,0.0,0.0,1.0,0.0,5.0,5.0
EIA_2607_1,364,H_2607,Hydro,Hydro,0.0,1.5,0,0,0.3,0,0,0,0,0,0,0.0,0.75,0.0,0.0,1.0,0.0,5.0,5.0
EIA_2608_1,93,H_2608,Hydro,Hydro,0.0,1.1,0,0,0.22,0,0,0,0,0,0,0.0,0.55,0.0,0.0,1.0,0.0,5.0,5.0
EIA_2608_2,93,H_2608,Hydro,Hydro,0.0,1.1,0,0,0.22,0,0,0,0,0,0,0.0,0.55,0.0,0.0,1.0,0.0,5.0,5.0
EIA_2609_1,337,H_2609,Hydro,Hydro,0.0,6.7,0,0,1.34,0,0,0,0,0,0,0.0,3.35,0.0,0.0,1.0,0.0,5.0,5.0
EIA_2609_2,337,H_2609,Hydro,Hydro,0.0,7.0,0,0,1.4,0,0,0,0,0,0,0.0,3.5,0.0,0.0,1.0,0.0,5.0,5.0
EIA_2609_3,337,H_2609,Hydro,Hydro,0.0,7.0,0,0,1.4,0,0,0,0,0,0,0.0,3.5,0.0,0.0,1.0,0.0,5.0,5.0
EIA_2609_4,337,H_2609,Hydro,Hydro,0.0,7.2,0,0,1.44,0,0,0,0,0,0,0.0,3.6,0.0,0.0,1.0,0.0,5.0,5.0
EIA_2609_5,337,H_2609,Hydro,Hydro,0.0,7.7,0,0,1.54,0,0,0,0,0,0,0.0,3.85,0.0,0.0,1.0,0.0,5.0,5.0
EIA_2609_6,337,H_2609,Hydro,Hydro,0.0,1.3,0,0,0.26,0,0,0,0,0,0,0.0,0.65,0.0,0.0,1.0,0.0,5.0,5.0
EIA_2610_1,372,H_2610,Hydro,Hydro,0.0,7.2,0,0,1.44,0,0,0,0,0,0,0.0,3.6,0.0,0.0,1.0,0.0,5.0,5.0
EIA_2610_2,372,H_2610,Hydro,Hydro,0.0,7.2,0,0,1.44,0,0,0,0,0,0,0.0,3.6,0.0,0.0,1.0,0.0,5.0,5.0
EIA_2611_1,69,H_2611,Hydro,Hydro,0.0,19.8,0,0,3.96,0,0,0,0,0,0,0.0,9.9,0.0,0.0,1.0,0.0,5.0,5.0
EIA_2612_8,66,H_2612,Hydro,Hydro,0.0,8.5,0,0,1.7,0,0,0,0,0,0,0.0,4.25,0.0,0.0,1.0,0.0,5.0,5.0
EIA_2612_9,66,H_2612,Hydro,Hydro,0.0,46.0,0,0,9.2,0,0,0,0,0,0,0.0,23.0,0.0,0.0,1.0,0.0,5.0,5.0
EIA_2613_1,20,H_2613,Hydro,Hydro,0.0,23.3,0,0,4.66,0,0,0,0,0,0,0.0,11.65,0.0,0.0,1.0,0.0,5.0,5.0
EIA_2614_1,529,H_2614,Hydro,Hydro,0.0,37.5,0,0,7.5,0,0,0,0,0,0,0.0,18.75,0.0,0.0,1.0,0.0,5.0,5.0
EIA_2614_2,529,H_2614,Hydro,Hydro,0.0,2.5,0,0,0.5,0,0,0,0,0,0,0.0,1.25,0.0,0.0,1.0,0.0,5.0,5.0
EIA_2616_1,604,H_2616,Hydro,Hydro,0.0,2.1,0,0,0.42,0,0,0,0,0,0,0.0,1.05,0.0,0.0,1.0,0.0,5.0,5.0
EIA_2616_2,604,H_2616,Hydro,Hydro,0.0,2.0,0,0,0.4,0,0,0,0,0,0,0.0,1.0,0.0,0.0,1.0,0.0,5.0,5.0
EIA_2617_1,53,H_2617,Hydro,Hydro,0.0,1.1,0,0,0.22,0,0,0,0,0,0,0.0,0.55,0.0,0.0,1.0,0.0,5.0,5.0
EIA_2617_2,53,H_2617,Hydro,Hydro,0.0,0.9,0,0,0.18,0,0,0,0,0,0,0.0,0.45,0.0,0.0,1.0,0.0,5.0,5.0
EIA_2617_3,53,H_2617,Hydro,Hydro,0.0,1.1,0,0,0.22,0,0,0,0,0,0,0.0,0.55,0.0,0.0,1.0,0.0,5.0,5.0
EIA_2617_4,53,H_2617,Hydro,Hydro,0.0,1.3,0,0,0.26,0,0,0,0,0,0,0.0,0.65,0.0,0.0,1.0,0.0,5.0,5.0
EIA_2619_5,189,H_2619,Hydro,Hydro,0.0,8.1,0,0,1.62,0,0,0,0,0,0,0.0,4.05,0.0,0.0,1.0,0.0,5.0,5.0
EIA_2619_6,189,H_2619,Hydro,Hydro,0.0,8.1,0,0,1.62,0,0,0,0,0,0,0.0,4.05,0.0,0.0,1.0,0.0,5.0,5.0
EIA_2619_7,189,H_2619,Hydro,Hydro,0.0,9.7,0,0,1.94,0,0,0,0,0,0,0.0,4.85,0.0,0.0,1.0,0.0,5.0,5.0
EIA_2621_2,37,H_2621,Hydro,Hydro,0.0,1.4,0,0,0.28,0,0,0,0,0,0,0.0,0.7,0.0,0.0,1.0,0.0,5.0,5.0
EIA_2621_3,37,H_2621,Hydro,Hydro,0.0,1.4,0,0,0.28,0,0,0,0,0,0,0.0,0.7,0.0,0.0,1.0,0.0,5.0,5.0
EIA_2621_4,37,H_2621,Hydro,Hydro,0.0,1.4,0,0,0.28,0,0,0,0,0,0,0.0,0.7,0.0,0.0,1.0,0.0,5.0,5.0
EIA_2621_5,37,H_2621,Hydro,Hydro,0.0,1.4,0,0,0.28,0,0,0,0,0,0,0.0,0.7,0.0,0.0,1.0,0.0,5.0,5.0
EIA_2623_1,681,H_2623,Hydro,Hydro,0.0,1.8,0,0,0.36,0,0,0,0,0,0,0.0,0.9,0.0,0.0,1.0,0.0,5.0,5.0
EIA_2623_2,681,H_2623,Hydro,Hydro,0.0,2.0,0,0,0.4,0,0,0,0,0,0,0.0,1.0,0.0,0.0,1.0,0.0,5.0,5.0
EIA_2624_1,83,H_2624,Hydro,Hydro,0.0,0.4,0,0,0.08,0,0,0,0,0,0,0.0,0.2,0.0,0.0,1.0,0.0,5.0,5.0
EIA_2624_2,83,H_2624,Hydro,Hydro,0.0,0.2,0,0,0.04,0,0,0,0,0,0,0.0,0.1,0.0,0.0,1.0,0.0,5.0,5.0
EIA_2625_1,499,G_2625,Gas,Gas,175.8,586.0,2,2,29.3,4,2,1,30,15,8,3.5,293.0,0.0,0.3,1.0,0.0,35.0,35.0
EIA_2625_2,499,G_2625,Gas,Gas,172.08,573.6,2,2,28.68,4,2,1,30,15,8,3.5,286.8,0.0,0.3,1.0,0.0,35.0,35.0
EIA_2627_GRHM,55,H_2627,Hydro,Hydro,0.0,16.3,0,0,3.26,0,0,0,0,0,0,0.0,8.15,0.0,0.0,1.0,0.0,5.0,5.0
EIA_2628_GEN1,123,G_2628,Gas,Gas,9.93,33.1,2,2,1.66,4,2,1,30,15,8,3.5,16.55,0.0,0.3,1.0,0.0,35.0,35.0
EIA_2630_GEN1,221,H_2630,Hydro,Hydro,0.0,4.3,0,0,0.86,0,0,0,0,0,0,0.0,2.15,0.0,0.0,1.0,0.0,5.0,5.0
EIA_2630_GEN2,221,H_2630,Hydro,Hydro,0.0,1.1,0,0,0.22,0,0,0,0,0,0,0.0,0.55,0.0,0.0,1.0,0.0,5.0,5.0
EIA_2630_GEN3,221,H_2630,Hydro,Hydro,0.0,1.1,0,0,0.22,0,0,0,0,0,0,0.0,0.55,0.0,0.0,1.0,0.0,5.0,5.0
EIA_2630_GEN4,221,H_2630,Hydro,Hydro,0.0,1.1,0,0,0.22,0,0,0,0,0,0,0.0,0.55,0.0,0.0,1.0,0.0,5.0,5.0
EIA_2631_RIO,154,H_2631,Hydro,Hydro,0.0,10.1,0,0,2.02,0,0,0,0,0,0,0.0,5.05,0.0,0.0,1.0,0.0,5.0,5.0
EIA_2631_RIO2,154,H_2631,Hydro,Hydro,0.0,0.8,0,0,0.16,0,0,0,0,0,0,0.0,0.4,0.0,0.0,1.0,0.0,5.0,5.0
EIA_2632_SHOE,178,G_2632,Gas,Gas,9.9,33.0,2,2,1.65,4,2,1,30,15,8,3.5,16.5,0.0,0.3,1.0,0.0,35.0,35.0
EIA_2634_SWI2,221,H_2634,Hydro,Hydro,0.0,7.4,0,0,1.48,0,0,0,0,0,0,0.0,3.7,0.0,0.0,1.0,0.0,5.0,5.0
EIA_2634_SWI3,221,H_2634,Hydro,Hydro,0.0,1.2,0,0,0.24,0,0,0,0,0,0,0.0,0.6,0.0,0.0,1.0,0.0,5.0,5.0
EIA_2638_1,61,H_2638,Hydro,Hydro,0.0,3.0,0,0,0.6,0,0,0,0,0,0,0.0,1.5,0.0,0.0,1.0,0.0,5.0,5.0
EIA_2678_2,431,O_2678,Oil,Oil,0.44,2.2,1,1,0.22,2,1,0,10,5,2,12.0,1.1,0.0,0.2,1.0,0.0,80.0,80.0
EIA_2678_3,431,O_2678,Oil,Oil,0.4,2.0,1,1,0.2,2,1,0,10,5,2,12.0,1.0,0.0,0.2,1.0,0.0,80.0,80.0
EIA_2679_3,441,O_2679,Oil,Oil,3.36,16.8,1,1,1.68,2,1,0,10,5,2,12.0,8.4,0.0,0.2,1.0,0.0,80.0,80.0
EIA_2679_CT5,441,G_2679,Gas,Gas,14.7,49.0,2,2,2.45,4,2,1,30,15,8,3.5,24.5,0.0,0.3,1.0,0.0,35.0,35.0
EIA_2682_5,655,G_2682,Gas,Gas,6.75,22.5,2,2,1.12,4,2,1,30,15,8,3.5,11.25,0.0,0.3,1.0,0.0,35.0,35.0
EIA_2682_6,655,G_2682,Gas,Gas,6.75,22.5,2,2,1.12,4,2,1,30,15,8,3.5,11.25,0.0,0.3,1.0,0.0,35.0,35.0
EIA_2682_7,655,G_2682,Gas,Gas,12.6,42.0,2,2,2.1,4,2,1,30,15,8,3.5,21.0,0.0,0.3,1.0,0.0,35.0,35.0
EIA_2685_1,357,H_2685,Hydro,Hydro,0.0,2.8,0,0,0.56,0,0,0,0,0,0,0.0,1.4,0.0,0.0,1.0,0.0,5.0,5.0
EIA_2685_2,357,H_2685,Hydro,Hydro,0.0,2.8,0,0,0.56,0,0,0,0,0,0,0.0,1.4,0.0,0.0,1.0,0.0,5.0,5.0
EIA_2685_3,357,H_2685,Hydro,Hydro,0.0,3.0,0,0,0.6,0,0,0,0,0,0,0.0,1.5,0.0,0.0,1.0,0.0,5.0,5.0
EIA_2685_4,357,H_2685,Hydro,Hydro,0.0,3.0,0,0,0.6,0,0,0,0,0,0,0.0,1.5,0.0,0.0,1.0,0.0,5.0,5.0
EIA_2686_1,350,H_2686,Hydro,Hydro,0.0,2.8,0,0,0.56,0,0,0,0,0,0,0.0,1.4,0.0,0.0,1.0,0.0,5.0,5.0
EIA_2686_2,350,H_2686,Hydro,Hydro,0.0,2.8,0,0,0.56,0,0,0,0,0,0,0.0,1.4,0.0,0.0,1.0,0.0,5.0,5.0
EIA_2686_3,350,H_2686,Hydro,Hydro,0.0,3.0,0,0,0.6,0,0,0,0,0,0,0.0,1.5,0.0,0.0,1.0,0.0,5.0,5.0
EIA_2686_4,350,H_2686,Hydro,Hydro,0.0,3.0,0,0,0.6,0,0,0,0,0,0,0.0,1.5,0.0,0.0,1.0,0.0,5.0,5.0
EIA_2693_1,390,H_2693,Hydro,Hydro,0.0,187.3,0,0,37.46,0,0,0,0,0,0,0.0,93.65,0.0,0.0,1.0,0.0,5.0,5.0
EIA_2693_10,390,H_2693,Hydro,Hydro,0.0,187.3,0,0,37.46,0,0,0,0,0,0,0.0,93.65,0.0,0.0,1.0,0.0,5.0,5.0
EIA_2693_11,390,H_2693,Hydro,Hydro,0.0,187.3,0,0,37.46,0,0,0,0,0,0,0.0,93.65,0.0,0.0,1.0,0.0,5.0,5.0
EIA_2693_12,390,H_2693,Hydro,Hydro,0.0,187.3,0,0,37.46,0,0,0,0,0,0,0.0,93.65,0.0,0.0,1.0,0.0,5.0,5.0
EIA_2693_13,390,H_2693,Hydro,Hydro,0.0,187.3,0,0,37.46,0,0,0,0,0,0,0.0,93.65,0.0,0.0,1.0,0.0,5.0,5.0
EIA_2693_2,390,H_2693,Hydro,Hydro,0.0,187.3,0,0,37.46,0,0,0,0,0,0,0.0,93.65,0.0,0.0,1.0,0.0,5.0,5.0
EIA_2693_3,390,H_2693,Hydro,Hydro,0.0,187.3,0,0,37.46,0,0,0,0,0,0,0.0,93.65,0.0,0.0,1.0,0.0,5.0,5.0
EIA_2693_4,390,H_2693,Hydro,Hydro,0.0,187.3,0,0,37.46,0,0,0,0,0,0,0.0,93.65,0.0,0.0,1.0,0.0,5.0,5.0
EIA_2693_5,390,H_2693,Hydro,Hydro,0.0,187.3,0,0,37.46,0,0,0,0,0,0,0.0,93.65,0.0,0.0,1.0,0.0,5.0,5.0
EIA_2693_7,390,H_2693,Hydro,Hydro,0.0,187.3,0,0,37.46,0,0,0,0,0,0,0.0,93.65,0.0,0.0,1.0,0.0,5.0,5.0
EIA_2693_8,390,H_2693,Hydro,Hydro,0.0,187.3,0,0,37.46,0,0,0,0,0,0,0.0,93.65,0.0,0.0,1.0,0.0,5.0,5.0
EIA_2693_9,390,H_2693,Hydro,Hydro,0.0,187.3,0,0,37.46,0,0,0,0,0,0,0.0,93.65,0.0,0.0,1.0,0.0,5.0,5.0
EIA_2694_17,448,H_2694,Hydro,Hydro,0.0,53.5,0,0,10.7,0,0,0,0,0,0,0.0,26.75,0.0,0.0,1.0,0.0,5.0,5.0
EIA_2694_18,448,H_2694,Hydro,Hydro,0.0,53.5,0,0,10.7,0,0,0,0,0,0,0.0,26.75,0.0,0.0,1.0,0.0,5.0,5.0
EIA_2694_19,448,H_2694,Hydro,Hydro,0.0,53.5,0,0,10.7,0,0,0,0,0,0,0.0,26.75,0.0,0.0,1.0,0.0,5.0,5.0
EIA_2694_20,448,H_2694,Hydro,Hydro,0.0,53.5,0,0,10.7,0,0,0,0,0,0,0.0,26.75,0.0,0.0,1.0,0.0,5.0,5.0
EIA_2694_21,448,H_2694,Hydro,Hydro,0.0,53.5,0,0,10.7,0,0,0,0,0,0,0.0,26.75,0.0,0.0,1.0,0.0,5.0,5.0
EIA_2694_22,448,H_2694,Hydro,Hydro,0.0,53.5,0,0,10.7,0,0,0,0,0,0,0.0,26.75,0.0,0.0,1.0,0.0,5.0,5.0
EIA_2694_23,448,H_2694,Hydro,Hydro,0.0,53.5,0,0,10.7,0,0,0,0,0,0,0.0,26.75,0.0,0.0,1.0,0.0,5.0,5.0
EIA_2694_24,448,H_2694,Hydro,Hydro,0.0,53.5,0,0,10.7,0,0,0,0,0,0,0.0,26.75,0.0,0.0,1.0,0.0,5.0,5.0
EIA_2694_25,448,H_2694,Hydro,Hydro,0.0,53.5,0,0,10.7,0,0,0,0,0,0,0.0,26.75,0.0,0.0,1.0,0.0,5.0,5.0
EIA_2694_27,448,H_2694,Hydro,Hydro,0.0,53.5,0,0,10.7,0,0,0,0,0,0,0.0,26.75,0.0,0.0,1.0,0.0,5.0,5.0
EIA_2694_28,448,H_2694,Hydro,Hydro,0.0,53.5,0,0,10.7,0,0,0,0,0,0,0.0,26.75,0.0,0.0,1.0,0.0,5.0,5.0
EIA_2694_29,448,H_2694,Hydro,Hydro,0.0,53.5,0,0,10.7,0,0,0,0,0,0,0.0,26.75,0.0,0.0,1.0,0.0,5.0,5.0
EIA_2694_30,448,H_2694,Hydro,Hydro,0.0,53.5,0,0,10.7,0,0,0,0,0,0,0.0,26.75,0.0,0.0,1.0,0.0,5.0,5.0
EIA_2694_31,448,H_2694,Hydro,Hydro,0.0,53.5,0,0,10.7,0,0,0,0,0,0,0.0,26.75,0.0,0.0,1.0,0.0,5.0,5.0
EIA_2694_32,448,H_2694,Hydro,Hydro,0.0,53.5,0,0,10.7,0,0,0,0,0,0,0.0,26.75,0.0,0.0,1.0,0.0,5.0,5.0
EIA_2695_10,431,G_2695,Gas,Gas,0.96,3.2,2,2,0.16,4,2,1,30,15,8,3.5,1.6,0.0,0.3,1.0,0.0,35.0,35.0
EIA_2695_11,431,G_2695,Gas,Gas,1.56,5.2,2,2,0.26,4,2,1,30,15,8,3.5,2.6,0.0,0.3,1.0,0.0,35.0,35.0
EIA_2695_12,431,G_2695,Gas,Gas,1.65,5.5,2,2,0.28,4,2,1,30,15,8,3.5,2.75,0.0,0.3,1.0,0.0,35.0,35.0
EIA_2695_13,431,G_2695,Gas,Gas,1.65,5.5,2,2,0.28,4,2,1,30,15,8,3.5,2.75,0.0,0.3,1.0,0.0,35.0,35.0
EIA_2695_14,431,G_2695,Gas,Gas,1.86,6.2,2,2,0.31,4,2,1,30,15,8,3.5,3.1,0.0,0.3,1.0,0.0,35.0,35.0
EIA_2695_9,431,G_2695,Gas,Gas,0.96,3.2,2,2,0.16,4,2,1,30,15,8,3.5,1.6,0.0,0.3,1.0,0.0,35.0,35.0
EIA_2700_1,93,H_2700,Hydro,Hydro,0.0,2.1,0,0,0.42,0,0,0,0,0,0,0.0,1.05,0.0,0.0,1.0,0.0,5.0,5.0
EIA_2700_2,93,H_2700,Hydro,Hydro,0.0,2.1,0,0,0.42,0,0,0,0,0,0,0.0,1.05,0.0,0.0,1.0,0.0,5.0,5.0
EIA_2700_3,93,H_2700,Hydro,Hydro,0.0,2.1,0,0,0.42,0,0,0,0,0,0,0.0,1.05,0.0,0.0,1.0,0.0,5.0,5.0
EIA_6110_1,226,N_6110,Nuclear,Nuclear,748.17,831.3,24,24,1.66,48,24,12,500,250,125,0.7,415.65,0.0,0.9,1.0,0.0,6.0,6.0
EIA_6122_1,253,N_6122,Nuclear,Nuclear,522.27,580.3,24,24,1.16,48,24,12,500,250,125,0.7,290.15,0.0,0.9,1.0,0.0,6.0,6.0
EIA_6456_1,347,H_6456,Hydro,Hydro,0.0,1.3,0,0,0.26,0,0,0,0,0,0,0.0,0.65,0.0,0.0,1.0,0.0,5.0,5.0
EIA_6456_2,347,H_6456,Hydro,Hydro,0.0,0.6,0,0,0.12,0,0,0,0,0,0,0.0,0.3,0.0,0.0,1.0,0.0,5.0,5.0
EIA_6486_1,142,H_6486,Hydro,Hydro,0.0,1.0,0,0,0.2,0,0,0,0,0,0,0.0,0.5,0.0,0.0,1.0,0.0,5.0,5.0
EIA_6486_2,142,H_6486,Hydro,Hydro,0.0,1.2,0,0,0.24,0,0,0,0,0,0,0.0,0.6,0.0,0.0,1.0,0.0,5.0,5.0
EIA_6486_3,142,H_6486,Hydro,Hydro,0.0,3.8,0,0,0.76,0,0,0,0,0,0,0.0,1.9,0.0,0.0,1.0,0.0,5.0,5.0
EIA_6526_2,546,H_6526,Hydro,Hydro,0.0,1.3,0,0,0.26,0,0,0,0,0,0,0.0,0.65,0.0,0.0,1.0,0.0,5.0,5.0
EIA_6527_1,117,H_6527,Hydro,Hydro,0.0,10.2,0,0,2.04,0,0,0,0,0,0,0.0,5.1,0.0,0.0,1.0,0.0,5.0,5.0
EIA_6527_2,117,H_6527,Hydro,Hydro,0.0,10.4,0,0,2.08,0,0,0,0,0,0,0.0,5.2,0.0,0.0,1.0,0.0,5.0,5.0
EIA_7146_02,436,O_7146,Oil,Oil,15.38,76.9,1,1,7.69,2,1,0,10,5,2,12.0,38.45,0.0,0.2,1.0,0.0,80.0,80.0
EIA_7146_03,436,O_7146,Oil,Oil,16.34,81.7,1,1,8.17,2,1,0,10,5,2,12.0,40.85,0.0,0.2,1.0,0.0,80.0,80.0
EIA_7146_1,436,O_7146,Oil,Oil,16.4,82.0,1,1,8.2,2,1,0,10,5,2,12.0,41.0,0.0,0.2,1.0,0.0,80.0,80.0
EIA_7314_NA1,438,G_7314,Gas,Gas,40.65,135.5,2,2,6.78,4,2,1,30,15,8,3.5,67.75,0.0,0.3,1.0,0.0,35.0,35.0
EIA_7583_1,36,H_7583,Hydro,Hydro,0.0,0.7,0,0,0.14,0,0,0,0,0,0,0.0,0.35,0.0,0.0,1.0,0.0,5.0,5.0
EIA_7583_2,36,H_7583,Hydro,Hydro,0.0,0.1,0,0,0.02,0,0,0,0,0,0,0.0,0.05,0.0,0.0,1.0,0.0,5.0,5.0
EIA_7784_1,670,G_7784,Gas,Gas,12.0,40.0,2,2,2.0,4,2,1,30,15,8,3.5,20.0,0.0,0.3,1.0,0.0,35.0,35.0
EIA_7784_2,670,G_7784,Gas,Gas,6.0,20.0,2,2,1.0,4,2,1,30,15,8,3.5,10.0,0.0,0.3,1.0,0.0,35.0,35.0
EIA_7869_GT4,443,G_7869,Gas,Gas,12.78,42.6,2,2,2.13,4,2,1,30,15,8,3.5,21.3,0.0,0.3,1.0,0.0,35.0,35.0
EIA_7869_GT5,443,G_7869,Gas,Gas,12.75,42.5,2,2,2.12,4,2,1,30,15,8,3.5,21.25,0.0,0.3,1.0,0.0,35.0,35.0
EIA_7909_VG02,397,G_7909,Gas,Gas,12.0,40.0,2,2,2.0,4,2,1,30,15,8,3.5,20.0,0.0,0.3,1.0,0.0,35.0,35.0
EIA_7909_VG03,397,G_7909,Gas,Gas,11.97,39.9,2,2,2.0,4,2,1,30,15,8,3.5,19.95,0.0,0.3,1.0,0.0,35.0,35.0
EIA_7910_1,126,G_7910,Gas,Gas,12.0,40.0,2,2,2.0,4,2,1,30,15,8,3.5,20.0,0.0,0.3,1.0,0.0,35.0,35.0
EIA_7910_2,126,G_7910,Gas,Gas,11.97,39.9,2,2,2.0,4,2,1,30,15,8,3.5,19.95,0.0,0.3,1.0,0.0,35.0,35.0
EIA_7912_1,438,G_7912,Gas,Gas,13.65,45.5,2,2,2.27,4,2,1,30,15,8,3.5,22.75,0.0,0.3,1.0,0.0,35.0,35.0
EIA_7913_HG01,127,G_7913,Gas,Gas,11.97,39.9,2,2,2.0,4,2,1,30,15,8,3.5,19.95,0.0,0.3,1.0,0.0,35.0,35.0
EIA_7913_HG02,127,G_7913,Gas,Gas,12.0,40.0,2,2,2.0,4,2,1,30,15,8,3.5,20.0,0.0,0.3,1.0,0.0,35.0,35.0
EIA_7914_HR01,127,G_7914,Gas,Gas,11.97,39.9,2,2,2.0,4,2,1,30,15,8,3.5,19.95,0.0,0.3,1.0,0.0,35.0,35.0
EIA_7914_HR02,127,G_7914,Gas,Gas,12.0,40.0,2,2,2.0,4,2,1,30,15,8,3.5,20.0,0.0,0.3,1.0,0.0,35.0,35.0
EIA_7915_N01,126,G_7915,Gas,Gas,13.74,45.8,2,2,2.29,4,2,1,30,15,8,3.5,22.9,0.0,0.3,1.0,0.0,35.0,35.0
EIA_8006_1,643,G_8006,Gas,Gas,184.44,614.8,2,2,30.74,4,2,1,30,15,8,3.5,307.4,0.0,0.3,1.0,0.0,35.0,35.0
EIA_8006_2,643,G_8006,Gas,Gas,182.31,607.7,2,2,30.39,4,2,1,30,15,8,3.5,303.85,0.0,0.3,1.0,0.0,35.0,35.0
EIA_8007_1,438,O_8007,Oil,Oil,11.1,55.5,1,1,5.55,2,1,0,10,5,2,12.0,27.75,0.0,0.2,1.0,0.0,80.0,80.0
EIA_8007_10,438,O_8007,Oil,Oil,10.82,54.1,1,1,5.41,2,1,0,10,5,2,12.0,27.05,0.0,0.2,1.0,0.0,80.0,80.0
EIA_8007_2,438,O_8007,Oil,Oil,11.12,55.6,1,1,5.56,2,1,0,10,5,2,12.0,27.8,0.0,0.2,1.0,0.0,80.0,80.0
EIA_8007_3,438,O_8007,Oil,Oil,10.2,51.0,1,1,5.1,2,1,0,10,5,2,12.0,25.5,0.0,0.2,1.0,0.0,80.0,80.0
EIA_8007_4,438,O_8007,Oil,Oil,10.48,52.4,1,1,5.24,2,1,0,10,5,2,12.0,26.2,0.0,0.2,1.0,0.0,80.0,80.0
EIA_8007_5,438,O_8007,Oil,Oil,10.68,53.4,1,1,5.34,2,1,0,10,5,2,12.0,26.7,0.0,0.2,1.0,0.0,80.0,80.0
EIA_8007_6,438,O_8007,Oil,Oil,10.08,50.4,1,1,5.04,2,1,0,10,5,2,12.0,25.2,0.0,0.2,1.0,0.0,80.0,80.0
EIA_8007_7,438,O_8007,Oil,Oil,9.84,49.2,1,1,4.92,2,1,0,10,5,2,12.0,24.6,0.0,0.2,1.0,0.0,80.0,80.0
EIA_8007_8,438,O_8007,Oil,Oil,11.08,55.4,1,1,5.54,2,1,0,10,5,2,12.0,27.7,0.0,0.2,1.0,0.0,80.0,80.0
EIA_8007_9,438,O_8007,Oil,Oil,11.06,55.3,1,1,5.53,2,1,0,10,5,2,12.0,27.65,0.0,0.2,1.0,0.0,80.0,80.0
EIA_8053_N01,130,G_8053,Gas,Gas,13.53,45.1,2,2,2.26,4,2,1,30,15,8,3.5,22.55,0.0,0.3,1.0,0.0,35.0,35.0
EIA_8906_1,723,G_8906,Gas,Gas,4.71,15.7,2,2,0.79,4,2,1,30,15,8,3.5,7.85,0.0,0.3,1.0,0.0,35.0,35.0
EIA_8906_2,723,G_8906,Gas,Gas,53.1,177.0,2,2,8.85,4,2,1,30,15,8,3.5,88.5,0.0,0.3,1.0,0.0,35.0,35.0
EIA_8906_3,723,G_8906,Gas,Gas,110.97,369.9,2,2,18.5,4,2,1,30,15,8,3.5,184.95,0.0,0.3,1.0,0.0,35.0,35.0
EIA_8906_ST5,723,G_8906,Gas,Gas,112.89,376.3,2,2,18.82,4,2,1,30,15,8,3.5,188.15,0.0,0.3,1.0,0.0,35.0,35.0
EIA_10025_17TG,301,G_10025,Gas,Gas,4.5,15.0,2,2,0.75,4,2,1,30,15,8,3.5,7.5,0.0,0.3,1.0,0.0,35.0,35.0
EIA_10025_41TG,301,G_10025,Gas,Gas,7.68,25.6,2,2,1.28,4,2,1,30,15,8,3.5,12.8,0.0,0.3,1.0,0.0,35.0,35.0
EIA_10025_42TG,301,G_10025,Gas,Gas,7.68,25.6,2,2,1.28,4,2,1,30,15,8,3.5,12.8,0.0,0.3,1.0,0.0,35.0,35.0
EIA_10025_43TG,301,G_10025,Gas,Gas,7.68,25.6,2,2,1.28,4,2,1,30,15,8,3.5,12.8,0.0,0.3,1.0,0.0,35.0,35.0
EIA_10025_44TG,301,G_10025,Gas,Gas,7.68,25.6,2,2,1.28,4,2,1,30,15,8,3.5,12.8,0.0,0.3,1.0,0.0,35.0,35.0
EIA_10025_75TG,301,G_10025,Gas,Gas,0.66,2.2,2,2,0.11,4,2,1,30,15,8,3.5,1.1,0.0,0.3,1.0,0.0,35.0,35.0
EIA_10025_KPR1,301,H_10025,Hydro,Hydro,0.0,0.4,0,0,0.08,0,0,0,0,0,0,0.0,0.2,0.0,0.0,1.0,0.0,5.0,5.0
EIA_10116_05,502,H_10116,Hydro,Hydro,0.0,1.8,0,0,0.36,0,0,0,0,0,0,0.0,0.9,0.0,0.0,1.0,0.0,5.0,5.0
EIA_10124_HY2,501,H_10124,Hydro,Hydro,0.0,0.3,0,0,0.06,0,0,0,0,0,0,0.0,0.15,0.0,0.0,1.0,0.0,5.0,5.0
EIA_10190_GEN1,166,G_10190,Gas,Gas,20.31,67.7,2,2,3.39,4,2,1,30,15,8,3.5,33.85,0.0,0.3,1.0,0.0,35.0,35.0
EIA_10190_GEN2,166,G_10190,Gas,Gas,7.5,25.0,2,2,1.25,4,2,1,30,15,8,3.5,12.5,0.0,0.3,1.0,0.0,35.0,35.0
EIA_10196_GEN1,536,H_10196,Hydro,Hydro,0.0,12.1,0,0,2.42,0,0,0,0,0,0,0.0,6.05,0.0,0.0,1.0,0.0,5.0,5.0
EIA_10197_GEN1,161,H_10197,Hydro,Hydro,0.0,3.2,0,0,0.64,0,0,0,0,0,0,0.0,1.6,0.0,0.0,1.0,0.0,5.0,5.0
EIA_10214_GEN1,142,H_10214,Hydro,Hydro,0.0,3.0,0,0,0.6,0,0,0,0,0,0,0.0,1.5,0.0,0.0,1.0,0.0,5.0,5.0
EIA_10214_GEN2,142,H_10214,Hydro,Hydro,0.0,3.0,0,0,0.6,0,0,0,0,0,0,0.0,1.5,0.0,0.0,1.0,0.0,5.0,5.0
EIA_10214_GEN3,142,H_10214,Hydro,Hydro,0.0,0.3,0,0,0.06,0,0,0,0,0,0,0.0,0.15,0.0,0.0,1.0,0.0,5.0,5.0
EIA_10218_HY1,700,H_10218,Hydro,Hydro,0.0,2.9,0,0,0.58,0,0,0,0,0,0,0.0,1.45,0.0,0.0,1.0,0.0,5.0,5.0
EIA_10219_HY1,364,H_10219,Hydro,Hydro,0.0,1.1,0,0,0.22,0,0,0,0,0,0,0.0,0.55,0.0,0.0,1.0,0.0,5.0,5.0
EIA_10219_HY2,364,H_10219,Hydro,Hydro,0.0,1.1,0,0,0.22,0,0,0,0,0,0,0.0,0.55,0.0,0.0,1.0,0.0,5.0,5.0
EIA_10220_HY1,394,H_10220,Hydro,Hydro,0.0,3.0,0,0,0.6,0,0,0,0,0,0,0.0,1.5,0.0,0.0,1.0,0.0,5.0,5.0
EIA_10221_GEN1,330,H_10221,Hydro,Hydro,0.0,5.7,0,0,1.14,0,0,0,0,0,0,0.0,2.85,0.0,0.0,1.0,0.0,5.0,5.0
EIA_10221_GEN2,330,H_10221,Hydro,Hydro,0.0,5.7,0,0,1.14,0,0,0,0,0,0,0.0,2.85,0.0,0.0,1.0,0.0,5.0,5.0
EIA_10237_GEN1,24,H_10237,Hydro,Hydro,0.0,1.7,0,0,0.34,0,0,0,0,0,0,0.0,0.85,0.0,0.0,1.0,0.0,5.0,5.0
EIA_10238_GEN1,82,H_10238,Hydro,Hydro,0.0,5.2,0,0,1.04,0,0,0,0,0,0,0.0,2.6,0.0,0.0,1.0,0.0,5.0,5.0
EIA_10286_1,525,H_10286,Hydro,Hydro,0.0,0.5,0,0,0.1,0,0,0,0,0,0,0.0,0.25,0.0,0.0,1.0,0.0,5.0,5.0
EIA_10286_2,525,H_10286,Hydro,Hydro,0.0,1.1,0,0,0.22,0,0,0,0,0,0,0.0,0.55,0.0,0.0,1.0,0.0,5.0,5.0
EIA_10305_GEN1,98,B_10305,Biomass,Biomass,2.16,7.2,4,4,0.14,6,3,1,40,20,10,3.0,3.6,0.0,0.3,1.0,0.0,40.0,40.0
EIA_10467_1,330,H_10467,Hydro,Hydro,0.0,3.3,0,0,0.66,0,0,0,0,0,0,0.0,1.65,0.0,0.0,1.0,0.0,5.0,5.0
EIA_10490_1G,570,H_10490,Hydro,Hydro,0.0,1.5,0,0,0.3,0,0,0,0,0,0,0.0,0.75,0.0,0.0,1.0,0.0,5.0,5.0
EIA_10503_GEN1,343,B_10503,Biomass,Biomass,3.45,11.5,4,4,0.23,6,3,1,40,20,10,3.0,5.75,0.0,0.3,1.0,0.0,40.0,40.0
EIA_10511_GEN6,343,B_10511,Biomass,Biomass,6.9,23.0,4,4,0.46,6,3,1,40,20,10,3.0,11.5,0.0,0.3,1.0,0.0,40.0,40.0
EIA_10521_3A,413,G_10521,Gas,Gas,0.45,1.5,2,2,0.08,4,2,1,30,15,8,3.5,0.75,0.0,0.3,1.0,0.0,35.0,35.0
EIA_10521_GEN1,413,G_10521,Gas,Gas,2.49,8.3,2,2,0.42,4,2,1,30,15,8,3.5,4.15,0.0,0.3,1.0,0.0,35.0,35.0
EIA_10521_GEN2,413,G_10521,Gas,Gas,2.49,8.3,2,2,0.42,4,2,1,30,15,8,3.5,4.15,0.0,0.3,1.0,0.0,35.0,35.0
EIA_10521_GEN3,413,G_10521,Gas,Gas,0.66,2.2,2,2,0.11,4,2,1,30,15,8,3.5,1.1,0.0,0.3,1.0,0.0,35.0,35.0
EIA_10521_TG4,413,G_10521,Gas,Gas,0.42,1.4,2,2,0.07,4,2,1,30,15,8,3.5,0.7,0.0,0.3,1.0,0.0,35.0,35.0
EIA_10530_1,337,H_10530,Hydro,Hydro,0.0,0.9,0,0,0.18,0,0,0,0,0,0,0.0,0.45,0.0,0.0,1.0,0.0,5.0,5.0
EIA_10530_2,337,H_10530,Hydro,Hydro,0.0,0.9,0,0,0.18,0,0,0,0,0,0,0.0,0.45,0.0,0.0,1.0,0.0,5.0,5.0
EIA_10530_3,337,H_10530,Hydro,Hydro,0.0,1.0,0,0,0.2,0,0,0,0,0,0,0.0,0.5,0.0,0.0,1.0,0.0,5.0,5.0
EIA_10530_4,337,H_10530,Hydro,Hydro,0.0,0.9,0,0,0.18,0,0,0,0,0,0,0.0,0.45,0.0,0.0,1.0,0.0,5.0,5.0
EIA_10530_5,337,H_10530,Hydro,Hydro,0.0,1.0,0,0,0.2,0,0,0,0,0,0,0.0,0.5,0.0,0.0,1.0,0.0,5.0,5.0
EIA_10531_1,93,H_10531,Hydro,Hydro,0.0,4.3,0,0,0.86,0,0,0,0,0,0,0.0,2.15,0.0,0.0,1.0,0.0,5.0,5.0
EIA_10531_2,93,H_10531,Hydro,Hydro,0.0,4.3,0,0,0.86,0,0,0,0,0,0,0.0,2.15,0.0,0.0,1.0,0.0,5.0,5.0
EIA_10538_GEN1,573,H_10538,Hydro,Hydro,0.0,0.5,0,0,0.1,0,0,0,0,0,0,0.0,0.25,0.0,0.0,1.0,0.0,5.0,5.0
EIA_10538_GEN2,573,H_10538,Hydro,Hydro,0.0,0.5,0,0,0.1,0,0,0,0,0,0,0.0,0.25,0.0,0.0,1.0,0.0,5.0,5.0
EIA_10538_GEN3,573,H_10538,Hydro,Hydro,0.0,0.2,0,0,0.04,0,0,0,0,0,0,0.0,0.1,0.0,0.0,1.0,0.0,5.0,5.0
EIA_10538_GEN4,573,H_10538,Hydro,Hydro,0.0,0.2,0,0,0.04,0,0,0,0,0,0,0.0,0.1,0.0,0.0,1.0,0.0,5.0,5.0
EIA_10538_GEN5,573,H_10538,Hydro,Hydro,0.0,0.2,0,0,0.04,0,0,0,0,0,0,0.0,0.1,0.0,0.0,1.0,0.0,5.0,5.0
EIA_10538_GEN6,573,H_10538,Hydro,Hydro,0.0,1.2,0,0,0.24,0,0,0,0,0,0,0.0,0.6,0.0,0.0,1.0,0.0,5.0,5.0
EIA_10538_GEN7,573,H_10538,Hydro,Hydro,0.0,1.2,0,0,0.24,0,0,0,0,0,0,0.0,0.6,0.0,0.0,1.0,0.0,5.0,5.0
EIA_10539_GEN1,161,H_10539,Hydro,Hydro,0.0,1.0,0,0,0.2,0,0,0,0,0,0,0.0,0.5,0.0,0.0,1.0,0.0,5.0,5.0
EIA_10539_GEN2,161,H_10539,Hydro,Hydro,0.0,0.3,0,0,0.06,0,0,0,0,0,0,0.0,0.15,0.0,0.0,1.0,0.0,5.0,5.0
EIA_10540_GEN1,93,H_10540,Hydro,Hydro,0.0,0.4,0,0,0.08,0,0,0,0,0,0,0.0,0.2,0.0,0.0,1.0,0.0,5.0,5.0
EIA_10540_GEN2,93,H_10540,Hydro,Hydro,0.0,0.4,0,0,0.08,0,0,0,0,0,0,0.0,0.2,0.0,0.0,1.0,0.0,5.0,5.0
EIA_10540_GEN3,93,H_10540,Hydro,Hydro,0.0,0.4,0,0,0.08,0,0,0,0,0,0,0.0,0.2,0.0,0.0,1.0,0.0,5.0,5.0
EIA_10544_GEN1,36,H_10544,Hydro,Hydro,0.0,0.8,0,0,0.16,0,0,0,0,0,0,0.0,0.4,0.0,0.0,1.0,0.0,5.0,5.0
EIA_10544_GEN2,36,H_10544,Hydro,Hydro,0.0,0.6,0,0,0.12,0,0,0,0,0,0,0.0,0.3,0.0,0.0,1.0,0.0,5.0,5.0
EIA_10545_GEN1,530,H_10545,Hydro,Hydro,0.0,1.4,0,0,0.28,0,0,0,0,0,0,0.0,0.7,0.0,0.0,1.0,0.0,5.0,5.0
EIA_10545_GEN2,530,H_10545,Hydro,Hydro,0.0,1.4,0,0,0.28,0,0,0,0,0,0,0.0,0.7,0.0,0.0,1.0,0.0,5.0,5.0
EIA_10545_GEN3,530,H_10545,Hydro,Hydro,0.0,0.3,0,0,0.06,0,0,0,0,0,0,0.0,0.15,0.0,0.0,1.0,0.0,5.0,5.0
EIA_10547_GEN1,21,H_10547,Hydro,Hydro,0.0,1.1,0,0,0.22,0,0,0,0,0,0,0.0,0.55,0.0,0.0,1.0,0.0,5.0,5.0
EIA_10547_GEN2,21,H_10547,Hydro,Hydro,0.0,3.3,0,0,0.66,0,0,0,0,0,0,0.0,1.65,0.0,0.0,1.0,0.0,5.0,5.0
EIA_10547_GEN3,21,H_10547,Hydro,Hydro,0.0,3.3,0,0,0.66,0,0,0,0,0,0,0.0,1.65,0.0,0.0,1.0,0.0,5.0,5.0
EIA_10617_GEN1,570,G_10617,Gas,Gas,14.25,47.5,2,2,2.38,4,2,1,30,15,8,3.5,23.75,0.0,0.3,1.0,0.0,35.0,35.0
EIA_10617_GEN2,570,G_10617,Gas,Gas,9.18,30.6,2,2,1.53,4,2,1,30,15,8,3.5,15.3,0.0,0.3,1.0,0.0,35.0,35.0
EIA_10620_GEN1,572,G_10620,Gas,Gas,12.03,40.1,2,2,2.01,4,2,1,30,15,8,3.5,20.05,0.0,0.3,1.0,0.0,35.0,35.0
EIA_10620_GEN2,572,G_10620,Gas,Gas,6.3,21.0,2,2,1.05,4,2,1,30,15,8,3.5,10.5,0.0,0.3,1.0,0.0,35.0,35.0
EIA_10621_GEN1,172,G_10621,Gas,Gas,16.32,54.4,2,2,2.72,4,2,1,30,15,8,3.5,27.2,0.0,0.3,1.0,0.0,35.0,35.0
EIA_10621_GEN2,172,G_10621,Gas,Gas,8.64,28.8,2,2,1.44,4,2,1,30,15,8,3.5,14.4,0.0,0.3,1.0,0.0,35.0,35.0
EIA_10642_GEN1,439,B_10642,Biomass,Biomass,21.54,71.8,4,4,1.44,6,3,1,40,20,10,3.0,35.9,0.0,0.3,1.0,0.0,40.0,40.0
EIA_10687_DE1,536,H_10687,Hydro,Hydro,0.0,1.5,0,0,0.3,0,0,0,0,0,0,0.0,0.75,0.0,0.0,1.0,0.0,5.0,5.0
EIA_10687_RI1,536,H_10687,Hydro,Hydro,0.0,1.8,0,0,0.36,0,0,0,0,0,0,0.0,0.9,0.0,0.0,1.0,0.0,5.0,5.0
EIA_10725_GEN1,616,G_10725,Gas,Gas,23.07,76.9,2,2,3.85,4,2,1,30,15,8,3.5,38.45,0.0,0.3,1.0,0.0,35.0,35.0
EIA_10725_GEN3,616,G_10725,Gas,Gas,81.69,272.3,2,2,13.62,4,2,1,30,15,8,3.5,136.15,0.0,0.3,1.0,0.0,35.0,35.0
EIA_10725_GEN4,616,G_10725,Gas,Gas,28.56,95.2,2,2,4.76,4,2,1,30,15,8,3.5,47.6,0.0,0.3,1.0,0.0,35.0,35.0
EIA_10725_GEN5,616,G_10725,Gas,Gas,44.52,148.4,2,2,7.42,4,2,1,30,15,8,3.5,74.2,0.0,0.3,1.0,0.0,35.0,35.0
EIA_10752_GEN1,702,H_10752,Hydro,Hydro,0.0,3.6,0,0,0.72,0,0,0,0,0,0,0.0,1.8,0.0,0.0,1.0,0.0,5.0,5.0
EIA_10753_GEN1,702,H_10753,Hydro,Hydro,0.0,4.9,0,0,0.98,0,0,0,0,0,0,0.0,2.45,0.0,0.0,1.0,0.0,5.0,5.0
EIA_10817_GEN1,536,H_10817,Hydro,Hydro,0.0,0.5,0,0,0.1,0,0,0,0,0,0,0.0,0.25,0.0,0.0,1.0,0.0,5.0,5.0
EIA_10817_GEN2,536,H_10817,Hydro,Hydro,0.0,0.5,0,0,0.1,0,0,0,0,0,0,0.0,0.25,0.0,0.0,1.0,0.0,5.0,5.0
EIA_10848_GEN1,206,H_10848,Hydro,Hydro,0.0,1.1,0,0,0.22,0,0,0,0,0,0,0.0,0.55,0.0,0.0,1.0,0.0,5.0,5.0
EIA_10848_GEN2,206,H_10848,Hydro,Hydro,0.0,0.8,0,0,0.16,0,0,0,0,0,0,0.0,0.4,0.0,0.0,1.0,0.0,5.0,5.0
EIA_10848_GEN3,206,H_10848,Hydro,Hydro,0.0,0.4,0,0,0.08,0,0,0,0,0,0,0.0,0.2,0.0,0.0,1.0,0.0,5.0,5.0
EIA_10853_1,364,H_10853,Hydro,Hydro,0.0,0.3,0,0,0.06,0,0,0,0,0,0,0.0,0.15,0.0,0.0,1.0,0.0,5.0,5.0
EIA_10853_2,364,H_10853,Hydro,Hydro,0.0,0.3,0,0,0.06,0,0,0,0,0,0,0.0,0.15,0.0,0.0,1.0,0.0,5.0,5.0
EIA_10872_1,530,H_10872,Hydro,Hydro,0.0,0.2,0,0,0.04,0,0,0,0,0,0,0.0,0.1,0.0,0.0,1.0,0.0,5.0,5.0
EIA_10902_GEN1,257,H_10902,Hydro,Hydro,0.0,1.6,0,0,0.32,0,0,0,0,0,0,0.0,0.8,0.0,0.0,1.0,0.0,5.0,5.0
EIA_50031_3983,562,H_50031,Hydro,Hydro,0.0,1.5,0,0,0.3,0,0,0,0,0,0,0.0,0.75,0.0,0.0,1.0,0.0,5.0,5.0
EIA_50031_3986,562,H_50031,Hydro,Hydro,0.0,1.5,0,0,0.3,0,0,0,0,0,0,0.0,0.75,0.0,0.0,1.0,0.0,5.0,5.0
EIA_50034_GEN1,333,H_50034,Hydro,Hydro,0.0,2.5,0,0,0.5,0,0,0,0,0,0,0.0,1.25,0.0,0.0,1.0,0.0,5.0,5.0
EIA_50079_GEN1,324,H_50079,Hydro,Hydro,0.0,0.8,0,0,0.16,0,0,0,0,0,0,0.0,0.4,0.0,0.0,1.0,0.0,5.0,5.0
EIA_50079_GEN2,324,H_50079,Hydro,Hydro,0.0,0.6,0,0,0.12,0,0,0,0,0,0,0.0,0.3,0.0,0.0,1.0,0.0,5.0,5.0
EIA_50093_WT,19,H_50093,Hydro,Hydro,0.0,1.6,0,0,0.32,0,0,0,0,0,0,0.0,0.8,0.0,0.0,1.0,0.0,5.0,5.0
EIA_50123_GEN1,134,H_50123,Hydro,Hydro,0.0,1.2,0,0,0.24,0,0,0,0,0,0,0.0,0.6,0.0,0.0,1.0,0.0,5.0,5.0
EIA_50136_CG1,444,G_50136,Gas,Gas,0.03,0.1,2,2,0.01,4,2,1,30,15,8,3.5,0.05,0.0,0.3,1.0,0.0,35.0,35.0
EIA_50136_CG2,444,G_50136,Gas,Gas,0.03,0.1,2,2,0.01,4,2,1,30,15,8,3.5,0.05,0.0,0.3,1.0,0.0,35.0,35.0
EIA_50136_CG3,444,G_50136,Gas,Gas,0.03,0.1,2,2,0.01,4,2,1,30,15,8,3.5,0.05,0.0,0.3,1.0,0.0,35.0,35.0
EIA_50136_CG4,444,G_50136,Gas,Gas,0.03,0.1,2,2,0.01,4,2,1,30,15,8,3.5,0.05,0.0,0.3,1.0,0.0,35.0,35.0
EIA_50136_CG5,444,G_50136,Gas,Gas,0.03,0.1,2,2,0.01,4,2,1,30,15,8,3.5,0.05,0.0,0.3,1.0,0.0,35.0,35.0
EIA_50176_GEN1,149,H_50176,Hydro,Hydro,0.0,1.3,0,0,0.26,0,0,0,0,0,0,0.0,0.65,0.0,0.0,1.0,0.0,5.0,5.0
EIA_50176_GEN2,149,H_50176,Hydro,Hydro,0.0,1.3,0,0,0.26,0,0,0,0,0,0,0.0,0.65,0.0,0.0,1.0,0.0,5.0,5.0
EIA_50203_GEN1,682,G_50203,Gas,Gas,1.47,4.9,2,2,0.25,4,2,1,30,15,8,3.5,2.45,0.0,0.3,1.0,0.0,35.0,35.0
EIA_50268_HY1,500,H_50268,Hydro,Hydro,0.0,2.2,0,0,0.44,0,0,0,0,0,0,0.0,1.1,0.0,0.0,1.0,0.0,5.0,5.0
EIA_50269_HY1,500,H_50269,Hydro,Hydro,0.0,2.2,0,0,0.44,0,0,0,0,0,0,0.0,1.1,0.0,0.0,1.0,0.0,5.0,5.0
EIA_50280_GEN1,364,H_50280,Hydro,Hydro,0.0,1.5,0,0,0.3,0,0,0,0,0,0,0.0,0.75,0.0,0.0,1.0,0.0,5.0,5.0
EIA_50292_GEN2,441,G_50292,Gas,Gas,6.66,22.2,2,2,1.11,4,2,1,30,15,8,3.5,11.1,0.0,0.3,1.0,0.0,35.0,35.0
EIA_50292_GEN3,441,G_50292,Gas,Gas,3.18,10.6,2,2,0.53,4,2,1,30,15,8,3.5,5.3,0.0,0.3,1.0,0.0,35.0,35.0
EIA_50292_GEN5,441,G_50292,Gas,Gas,14.1,47.0,2,2,2.35,4,2,1,30,15,8,3.5,23.5,0.0,0.3,1.0,0.0,35.0,35.0
EIA_50292_GEN6,441,G_50292,Gas,Gas,14.7,49.0,2,2,2.45,4,2,1,30,15,8,3.5,24.5,0.0,0.3,1.0,0.0,35.0,35.0
EIA_50292_GEN7,441,G_50292,Gas,Gas,9.9,33.0,2,2,1.65,4,2,1,30,15,8,3.5,16.5,0.0,0.3,1.0,0.0,35.0,35.0
EIA_50315_1100,19,H_50315,Hydro,Hydro,0.0,0.5,0,0,0.1,0,0,0,0,0,0,0.0,0.25,0.0,0.0,1.0,0.0,5.0,5.0
EIA_50315_2600,19,H_50315,Hydro,Hydro,0.0,0.5,0,0,0.1,0,0,0,0,0,0,0.0,0.25,0.0,0.0,1.0,0.0,5.0,5.0
EIA_50354_1,14,H_50354,Hydro,Hydro,0.0,0.8,0,0,0.16,0,0,0,0,0,0,0.0,0.4,0.0,0.0,1.0,0.0,5.0,5.0
EIA_50354_2,14,H_50354,Hydro,Hydro,0.0,0.8,0,0,0.16,0,0,0,0,0,0,0.0,0.4,0.0,0.0,1.0,0.0,5.0,5.0
EIA_50354_3,14,H_50354,Hydro,Hydro,0.0,0.1,0,0,0.02,0,0,0,0,0,0,0.0,0.05,0.0,0.0,1.0,0.0,5.0,5.0
EIA_50368_CT1,525,G_50368,Gas,Gas,3.69,12.3,2,2,0.62,4,2,1,30,15,8,3.5,6.15,0.0,0.3,1.0,0.0,35.0,35.0
EIA_50368_CT2,525,G_50368,Gas,Gas,3.69,12.3,2,2,0.62,4,2,1,30,15,8,3.5,6.15,0.0,0.3,1.0,0.0,35.0,35.0
EIA_50368_TG2,525,G_50368,Gas,Gas,1.59,5.3,2,2,0.27,4,2,1,30,15,8,3.5,2.65,0.0,0.3,1.0,0.0,35.0,35.0
EIA_50416_GEN1,572,H_50416,Hydro,Hydro,0.0,0.2,0,0,0.04,0,0,0,0,0,0,0.0,0.1,0.0,0.0,1.0,0.0,5.0,5.0
EIA_50416_GEN2,572,H_50416,Hydro,Hydro,0.0,0.2,0,0,0.04,0,0,0,0,0,0,0.0,0.1,0.0,0.0,1.0,0.0,5.0,5.0
EIA_50416_GEN3,572,H_50416,Hydro,Hydro,0.0,0.2,0,0,0.04,0,0,0,0,0,0,0.0,0.1,0.0,0.0,1.0,0.0,5.0,5.0
EIA_50416_GEN4,572,H_50416,Hydro,Hydro,0.0,0.2,0,0,0.04,0,0,0,0,0,0,0.0,0.1,0.0,0.0,1.0,0.0,5.0,5.0
EIA_50416_GEN5,572,H_50416,Hydro,Hydro,0.0,0.2,0,0,0.04,0,0,0,0,0,0,0.0,0.1,0.0,0.0,1.0,0.0,5.0,5.0
EIA_50427_GEN3,127,G_50427,Gas,Gas,0.33,1.1,2,2,0.06,4,2,1,30,15,8,3.5,0.55,0.0,0.3,1.0,0.0,35.0,35.0
EIA_50427_GEN4,127,G_50427,Gas,Gas,0.45,1.5,2,2,0.08,4,2,1,30,15,8,3.5,0.75,0.0,0.3,1.0,0.0,35.0,35.0
EIA_50449_GEN1,671,G_50449,Gas,Gas,10.41,34.7,2,2,1.74,4,2,1,30,15,8,3.5,17.35,0.0,0.3,1.0,0.0,35.0,35.0
EIA_50449_GEN2,671,G_50449,Gas,Gas,5.16,17.2,2,2,0.86,4,2,1,30,15,8,3.5,8.6,0.0,0.3,1.0,0.0,35.0,35.0
EIA_50450_GEN1,164,G_50450,Gas,Gas,15.54,51.8,2,2,2.59,4,2,1,30,15,8,3.5,25.9,0.0,0.3,1.0,0.0,35.0,35.0
EIA_50450_GEN2,164,G_50450,Gas,Gas,4.86,16.2,2,2,0.81,4,2,1,30,15,8,3.5,8.1,0.0,0.3,1.0,0.0,35.0,35.0
EIA_50451_GEN1,469,G_50451,Gas,Gas,13.14,43.8,2,2,2.19,4,2,1,30,15,8,3.5,21.9,0.0,0.3,1.0,0.0,35.0,35.0
EIA_50451_GEN2,469,G_50451,Gas,Gas,5.79,19.3,2,2,0.97,4,2,1,30,15,8,3.5,9.65,0.0,0.3,1.0,0.0,35.0,35.0
EIA_50458_GEN1,699,G_50458,Gas,Gas,22.44,74.8,2,2,3.74,4,2,1,30,15,8,3.5,37.4,0.0,0.3,1.0,0.0,35.0,35.0
EIA_50458_GEN2,699,G_50458,Gas,Gas,16.26,54.2,2,2,2.71,4,2,1,30,15,8,3.5,27.1,0.0,0.3,1.0,0.0,35.0,35.0
EIA_50472_GEN1,465,B_50472,Biomass,Biomass,5.4,18.0,4,4,0.36,6,3,1,40,20,10,3.0,9.0,0.0,0.3,1.0,0.0,40.0,40.0
EIA_50472_GEN2,465,B_50472,Biomass,Biomass,5.4,18.0,4,4,0.36,6,3,1,40,20,10,3.0,9.0,0.0,0.3,1.0,0.0,40.0,40.0
EIA_50512_GEN1,573,H_50512,Hydro,Hydro,0.0,14.5,0,0,2.9,0,0,0,0,0,0,0.0,7.25,0.0,0.0,1.0,0.0,5.0,5.0
EIA_50512_GEN2,573,H_50512,Hydro,Hydro,0.0,14.5,0,0,2.9,0,0,0,0,0,0,0.0,7.25,0.0,0.0,1.0,0.0,5.0,5.0
EIA_50512_GEN3,573,H_50512,Hydro,Hydro,0.0,3.6,0,0,0.72,0,0,0,0,0,0,0.0,1.8,0.0,0.0,1.0,0.0,5.0,5.0
EIA_50513_GEN1,25,H_50513,Hydro,Hydro,0.0,2.5,0,0,0.5,0,0,0,0,0,0,0.0,1.25,0.0,0.0,1.0,0.0,5.0,5.0
EIA_50514_GEN1,364,H_50514,Hydro,Hydro,0.0,2.5,0,0,0.5,0,0,0,0,0,0,0.0,1.25,0.0,0.0,1.0,0.0,5.0,5.0
EIA_50514_GEN2,364,H_50514,Hydro,Hydro,0.0,2.5,0,0,0.5,0,0,0,0,0,0,0.0,1.25,0.0,0.0,1.0,0.0,5.0,5.0
EIA_50568_GEN1,399,B_50568,Biomass,Biomass,0.24,0.8,4,4,0.02,6,3,1,40,20,10,3.0,0.4,0.0,0.3,1.0,0.0,40.0,40.0
EIA_50568_GEN2,399,B_50568,Biomass,Biomass,0.24,0.8,4,4,0.02,6,3,1,40,20,10,3.0,0.4,0.0,0.3,1.0,0.0,40.0,40.0
EIA_50568_GEN3,399,B_50568,Biomass,Biomass,0.24,0.8,4,4,0.02,6,3,1,40,20,10,3.0,0.4,0.0,0.3,1.0,0.0,40.0,40.0
EIA_50568_GEN4,399,B_50568,Biomass,Biomass,0.24,0.8,4,4,0.02,6,3,1,40,20,10,3.0,0.4,0.0,0.3,1.0,0.0,40.0,40.0
EIA_50568_GEN5,399,B_50568,Biomass,Biomass,0.48,1.6,4,4,0.03,6,3,1,40,20,10,3.0,0.8,0.0,0.3,1.0,0.0,40.0,40.0
EIA_50568_GEN6,399,B_50568,Biomass,Biomass,0.48,1.6,4,4,0.03,6,3,1,40,20,10,3.0,0.8,0.0,0.3,1.0,0.0,40.0,40.0
EIA_50568_GEN7,399,B_50568,Biomass,Biomass,0.48,1.6,4,4,0.03,6,3,1,40,20,10,3.0,0.8,0.0,0.3,1.0,0.0,40.0,40.0
EIA_50568_GEN8,399,B_50568,Biomass,Biomass,0.48,1.6,4,4,0.03,6,3,1,40,20,10,3.0,0.8,0.0,0.3,1.0,0.0,40.0,40.0
EIA_50649_GEN1,444,B_50649,Biomass,Biomass,4.32,14.4,4,4,0.29,6,3,1,40,20,10,3.0,7.2,0.0,0.3,1.0,0.0,40.0,40.0
EIA_50652_GEN1,534,H_50652,Hydro,Hydro,0.0,1.5,0,0,0.3,0,0,0,0,0,0,0.0,0.75,0.0,0.0,1.0,0.0,5.0,5.0
EIA_50652_GEN2,534,H_50652,Hydro,Hydro,0.0,1.5,0,0,0.3,0,0,0,0,0,0,0.0,0.75,0.0,0.0,1.0,0.0,5.0,5.0
EIA_50656_GEN1,456,B_50656,Biomass,Biomass,7.35,24.5,4,4,0.49,6,3,1,40,20,10,3.0,12.25,0.0,0.3,1.0,0.0,40.0,40.0
EIA_50662_GEN1,240,B_50662,Biomass,Biomass,9.0,30.0,4,4,0.6,6,3,1,40,20,10,3.0,15.0,0.0,0.3,1.0,0.0,40.0,40.0
EIA_50744_GEN1,92,G_50744,Gas,Gas,11.64,38.8,2,2,1.94,4,2,1,30,15,8,3.5,19.4,0.0,0.3,1.0,0.0,35.0,35.0
EIA_50744_GEN2,92,G_50744,Gas,Gas,4.8,16.0,2,2,0.8,4,2,1,30,15,8,3.5,8.0,0.0,0.3,1.0,0.0,35.0,35.0
EIA_50744_GEN3,92,O_50744,Oil,Oil,0.22,1.1,1,1,0.11,2,1,0,10,5,2,12.0,0.55,0.0,0.2,1.0,0.0,80.0,80.0
EIA_50759_GEN1,572,H_50759,Hydro,Hydro,0.0,2.1,0,0,0.42,0,0,0,0,0,0,0.0,1.05,0.0,0.0,1.0,0.0,5.0,5.0
EIA_50759_GEN2,572,H_50759,Hydro,Hydro,0.0,2.1,0,0,0.42,0,0,0,0,0,0,0.0,1.05,0.0,0.0,1.0,0.0,5.0,5.0
EIA_50768_1,54,H_50768,Hydro,Hydro,0.0,3.4,0,0,0.68,0,0,0,0,0,0,0.0,1.7,0.0,0.0,1.0,0.0,5.0,5.0
EIA_50882_GEN1,423,B_50882,Biomass,Biomass,15.3,51.0,4,4,1.02,6,3,1,40,20,10,3.0,25.5,0.0,0.3,1.0,0.0,40.0,40.0
EIA_50907_UNT1,171,B_50907,Biomass,Biomass,0.51,1.7,4,4,0.03,6,3,1,40,20,10,3.0,0.85,0.0,0.3,1.0,0.0,40.0,40.0
EIA_50907_UNT2,171,B_50907,Biomass,Biomass,0.51,1.7,4,4,0.03,6,3,1,40,20,10,3.0,0.85,0.0,0.3,1.0,0.0,40.0,40.0
EIA_50978_GEN1,241,G_50978,Gas,Gas,10.5,35.0,2,2,1.75,4,2,1,30,15,8,3.5,17.5,0.0,0.3,1.0,0.0,35.0,35.0
EIA_50978_GEN2,241,G_50978,Gas,Gas,10.5,35.0,2,2,1.75,4,2,1,30,15,8,3.5,17.5,0.0,0.3,1.0,0.0,35.0,35.0
EIA_50978_GEN3,241,G_50978,Gas,Gas,6.9,23.0,2,2,1.15,4,2,1,30,15,8,3.5,11.5,0.0,0.3,1.0,0.0,35.0,35.0
EIA_51033_GEN1,55,H_51033,Hydro,Hydro,0.0,7.0,0,0,1.4,0,0,0,0,0,0,0.0,3.5,0.0,0.0,1.0,0.0,5.0,5.0
EIA_51034_GEN1,13,H_51034,Hydro,Hydro,0.0,6.5,0,0,1.3,0,0,0,0,0,0,0.0,3.25,0.0,0.0,1.0,0.0,5.0,5.0
EIA_51034_GEN2,13,H_51034,Hydro,Hydro,0.0,6.5,0,0,1.3,0,0,0,0,0,0,0.0,3.25,0.0,0.0,1.0,0.0,5.0,5.0
EIA_51038_GEN1,438,B_51038,Biomass,Biomass,3.3,11.0,4,4,0.22,6,3,1,40,20,10,3.0,5.5,0.0,0.3,1.0,0.0,40.0,40.0
EIA_52058_01,110,H_52058,Hydro,Hydro,0.0,0.2,0,0,0.04,0,0,0,0,0,0,0.0,0.1,0.0,0.0,1.0,0.0,5.0,5.0
EIA_52058_02,110,H_52058,Hydro,Hydro,0.0,0.2,0,0,0.04,0,0,0,0,0,0,0.0,0.1,0.0,0.0,1.0,0.0,5.0,5.0
EIA_52058_03,110,H_52058,Hydro,Hydro,0.0,0.2,0,0,0.04,0,0,0,0,0,0,0.0,0.1,0.0,0.0,1.0,0.0,5.0,5.0
EIA_52058_04,110,H_52058,Hydro,Hydro,0.0,0.2,0,0,0.04,0,0,0,0,0,0,0.0,0.1,0.0,0.0,1.0,0.0,5.0,5.0
EIA_52058_05,110,H_52058,Hydro,Hydro,0.0,0.2,0,0,0.04,0,0,0,0,0,0,0.0,0.1,0.0,0.0,1.0,0.0,5.0,5.0
EIA_52091_01-8N,126,O_52091,Oil,Oil,0.16,0.8,1,1,0.08,2,1,0,10,5,2,12.0,0.4,0.0,0.2,1.0,0.0,80.0,80.0
EIA_52091_02-8P,126,O_52091,Oil,Oil,0.2,1.0,1,1,0.1,2,1,0,10,5,2,12.0,0.5,0.0,0.2,1.0,0.0,80.0,80.0
EIA_52091_03-8L,126,O_52091,Oil,Oil,0.2,1.0,1,1,0.1,2,1,0,10,5,2,12.0,0.5,0.0,0.2,1.0,0.0,80.0,80.0
EIA_52168_GEN2,451,G_52168,Gas,Gas,4.8,16.0,2,2,0.8,4,2,1,30,15,8,3.5,8.0,0.0,0.3,1.0,0.0,35.0,35.0
EIA_52168_GEN3,451,G_52168,Gas,Gas,3.69,12.3,2,2,0.62,4,2,1,30,15,8,3.5,6.15,0.0,0.3,1.0,0.0,35.0,35.0
EIA_52168_GEN4,451,G_52168,Gas,Gas,3.69,12.3,2,2,0.62,4,2,1,30,15,8,3.5,6.15,0.0,0.3,1.0,0.0,35.0,35.0
EIA_52168_U0007,451,O_52168,Oil,Oil,0.3,1.5,1,1,0.15,2,1,0,10,5,2,12.0,0.75,0.0,0.2,1.0,0.0,80.0,80.0
EIA_54034_GEN1,615,G_54034,Gas,Gas,14.1,47.0,2,2,2.35,4,2,1,30,15,8,3.5,23.5,0.0,0.3,1.0,0.0,35.0,35.0
EIA_54034_GEN2,615,G_54034,Gas,Gas,9.72,32.4,2,2,1.62,4,2,1,30,15,8,3.5,16.2,0.0,0.3,1.0,0.0,35.0,35.0
EIA_54041_GEN1,463,G_54041,Gas,Gas,12.99,43.3,2,2,2.17,4,2,1,30,15,8,3.5,21.65,0.0,0.3,1.0,0.0,35.0,35.0
EIA_54041_GEN2,463,G_54041,Gas,Gas,12.99,43.3,2,2,2.17,4,2,1,30,15,8,3.5,21.65,0.0,0.3,1.0,0.0,35.0,35.0
EIA_54041_GEN3,463,G_54041,Gas,Gas,12.99,43.3,2,2,2.17,4,2,1,30,15,8,3.5,21.65,0.0,0.3,1.0,0.0,35.0,35.0
EIA_54041_GEN4,463,G_54041,Gas,Gas,23.4,78.0,2,2,3.9,4,2,1,30,15,8,3.5,39.0,0.0,0.3,1.0,0.0,35.0,35.0
EIA_54076_GEN1,77,G_54076,Gas,Gas,10.23,34.1,2,2,1.71,4,2,1,30,15,8,3.5,17.05,0.0,0.3,1.0,0.0,35.0,35.0
EIA_54076_GEN2,77,G_54076,Gas,Gas,13.38,44.6,2,2,2.23,4,2,1,30,15,8,3.5,22.3,0.0,0.3,1.0,0.0,35.0,35.0
EIA_54099_GEN1,702,G_54099,Gas,Gas,12.3,41.0,2,2,2.05,4,2,1,30,15,8,3.5,20.5,0.0,0.3,1.0,0.0,35.0,35.0
EIA_54114_GEN1,431,G_54114,Gas,Gas,14.7,49.0,2,2,2.45,4,2,1,30,15,8,3.5,24.5,0.0,0.3,1.0,0.0,35.0,35.0
EIA_54114_GEN2,431,G_54114,Gas,Gas,15.51,51.7,2,2,2.59,4,2,1,30,15,8,3.5,25.85,0.0,0.3,1.0,0.0,35.0,35.0
EIA_54114_GEN3,431,G_54114,Gas,Gas,7.8,26.0,2,2,1.3,4,2,1,30,15,8,3.5,13.0,0.0,0.3,1.0,0.0,35.0,35.0
EIA_54131_GEN1,542,G_54131,Gas,Gas,11.22,37.4,2,2,1.87,4,2,1,30,15,8,3.5,18.7,0.0,0.3,1.0,0.0,35.0,35.0
EIA_54131_GEN2,542,G_54131,Gas,Gas,6.0,20.0,2,2,1.0,4,2,1,30,15,8,3.5,10.0,0.0,0.3,1.0,0.0,35.0,35.0
EIA_54149_GEN1,438,G_54149,Gas,Gas,13.35,44.5,2,2,2.23,4,2,1,30,15,8,3.5,22.25,0.0,0.3,1.0,0.0,35.0,35.0
EIA_54391_1,546,H_54391,Hydro,Hydro,0.0,1.5,0,0,0.3,0,0,0,0,0,0,0.0,0.75,0.0,0.0,1.0,0.0,5.0,5.0
EIA_54391_2,546,H_54391,Hydro,Hydro,0.0,0.7,0,0,0.14,0,0,0,0,0,0,0.0,0.35,0.0,0.0,1.0,0.0,5.0,5.0
EIA_54395_1,373,H_54395,Hydro,Hydro,0.0,1.7,0,0,0.34,0,0,0,0,0,0,0.0,0.85,0.0,0.0,1.0,0.0,5.0,5.0
EIA_54395_2,373,H_54395,Hydro,Hydro,0.0,1.7,0,0,0.34,0,0,0,0,0,0,0.0,0.85,0.0,0.0,1.0,0.0,5.0,5.0
EIA_54547_1,223,G_54547,Gas,Gas,46.71,155.7,2,2,7.79,4,2,1,30,15,8,3.5,77.85,0.0,0.3,1.0,0.0,35.0,35.0
EIA_54547_2,223,G_54547,Gas,Gas,46.71,155.7,2,2,7.79,4,2,1,30,15,8,3.5,77.85,0.0,0.3,1.0,0.0,35.0,35.0
EIA_54547_3,223,G_54547,Gas,Gas,46.71,155.7,2,2,7.79,4,2,1,30,15,8,3.5,77.85,0.0,0.3,1.0,0.0,35.0,35.0
EIA_54547_4,223,G_54547,Gas,Gas,46.71,155.7,2,2,7.79,4,2,1,30,15,8,3.5,77.85,0.0,0.3,1.0,0.0,35.0,35.0
EIA_54547_5,223,G_54547,Gas,Gas,50.37,167.9,2,2,8.4,4,2,1,30,15,8,3.5,83.95,0.0,0.3,1.0,0.0,35.0,35.0
EIA_54547_6,223,G_54547,Gas,Gas,50.37,167.9,2,2,8.4,4,2,1,30,15,8,3.5,83.95,0.0,0.3,1.0,0.0,35.0,35.0
EIA_54548_1,572,H_54548,Hydro,Hydro,0.0,3.0,0,0,0.6,0,0,0,0,0,0,0.0,1.5,0.0,0.0,1.0,0.0,5.0,5.0
EIA_54573_1,492,H_54573,Hydro,Hydro,0.0,1.0,0,0,0.2,0,0,0,0,0,0,0.0,0.5,0.0,0.0,1.0,0.0,5.0,5.0
EIA_54574_GEN1,708,G_54574,Gas,Gas,23.82,79.4,2,2,3.97,4,2,1,30,15,8,3.5,39.7,0.0,0.3,1.0,0.0,35.0,35.0
EIA_54574_GEN2,708,G_54574,Gas,Gas,22.05,73.5,2,2,3.68,4,2,1,30,15,8,3.5,36.75,0.0,0.3,1.0,0.0,35.0,35.0
EIA_54574_GEN3,708,G_54574,Gas,Gas,25.77,85.9,2,2,4.3,4,2,1,30,15,8,3.5,42.95,0.0,0.3,1.0,0.0,35.0,35.0
EIA_54580_C1,699,H_54580,Hydro,Hydro,0.0,2.5,0,0,0.5,0,0,0,0,0,0,0.0,1.25,0.0,0.0,1.0,0.0,5.0,5.0
EIA_54580_C2,699,H_54580,Hydro,Hydro,0.0,2.5,0,0,0.5,0,0,0,0,0,0,0.0,1.25,0.0,0.0,1.0,0.0,5.0,5.0
EIA_54580_C3,699,H_54580,Hydro,Hydro,0.0,2.4,0,0,0.48,0,0,0,0,0,0,0.0,1.2,0.0,0.0,1.0,0.0,5.0,5.0
EIA_54580_C4,699,H_54580,Hydro,Hydro,0.0,1.1,0,0,0.22,0,0,0,0,0,0,0.0,0.55,0.0,0.0,1.0,0.0,5.0,5.0
EIA_54580_C5,699,H_54580,Hydro,Hydro,0.0,1.1,0,0,0.22,0,0,0,0,0,0,0.0,0.55,0.0,0.0,1.0,0.0,5.0,5.0
EIA_54580_P1,699,H_54580,Hydro,Hydro,0.0,25.0,0,0,5.0,0,0,0,0,0,0,0.0,12.5,0.0,0.0,1.0,0.0,5.0,5.0
EIA_54580_P2,699,H_54580,Hydro,Hydro,0.0,25.0,0,0,5.0,0,0,0,0,0,0,0.0,12.5,0.0,0.0,1.0,0.0,5.0,5.0
EIA_54592_GEN1,596,G_54592,Gas,Gas,13.8,46.0,2,2,2.3,4,2,1,30,15,8,3.5,23.0,0.0,0.3,1.0,0.0,35.0,35.0
EIA_54592_GEN2,596,G_54592,Gas,Gas,10.5,35.0,2,2,1.75,4,2,1,30,15,8,3.5,17.5,0.0,0.3,1.0,0.0,35.0,35.0
EIA_54593_GEN1,462,G_54593,Gas,Gas,10.29,34.3,2,2,1.71,4,2,1,30,15,8,3.5,17.15,0.0,0.3,1.0,0.0,35.0,35.0
EIA_54593_GEN2,462,G_54593,Gas,Gas,4.35,14.5,2,2,0.73,4,2,1,30,15,8,3.5,7.25,0.0,0.3,1.0,0.0,35.0,35.0
EIA_54691_2G,570,H_54691,Hydro,Hydro,0.0,0.5,0,0,0.1,0,0,0,0,0,0,0.0,0.25,0.0,0.0,1.0,0.0,5.0,5.0
EIA_54691_3G,570,H_54691,Hydro,Hydro,0.0,0.5,0,0,0.1,0,0,0,0,0,0,0.0,0.25,0.0,0.0,1.0,0.0,5.0,5.0
EIA_54772_GEN1,344,H_54772,Hydro,Hydro,0.0,6.9,0,0,1.38,0,0,0,0,0,0,0.0,3.45,0.0,0.0,1.0,0.0,5.0,5.0
EIA_54772_GEN2,344,H_54772,Hydro,Hydro,0.0,6.9,0,0,1.38,0,0,0,0,0,0,0.0,3.45,0.0,0.0,1.0,0.0,5.0,5.0
EIA_54782_GE10,396,B_54782,Biomass,Biomass,0.24,0.8,4,4,0.02,6,3,1,40,20,10,3.0,0.4,0.0,0.3,1.0,0.0,40.0,40.0
EIA_54782_GE11,396,B_54782,Biomass,Biomass,0.24,0.8,4,4,0.02,6,3,1,40,20,10,3.0,0.4,0.0,0.3,1.0,0.0,40.0,40.0
EIA_54782_GE12,396,B_54782,Biomass,Biomass,0.24,0.8,4,4,0.02,6,3,1,40,20,10,3.0,0.4,0.0,0.3,1.0,0.0,40.0,40.0
EIA_54782_GE13,396,B_54782,Biomass,Biomass,0.24,0.8,4,4,0.02,6,3,1,40,20,10,3.0,0.4,0.0,0.3,1.0,0.0,40.0,40.0
EIA_54782_GE14,396,B_54782,Biomass,Biomass,0.24,0.8,4,4,0.02,6,3,1,40,20,10,3.0,0.4,0.0,0.3,1.0,0.0,40.0,40.0
EIA_54782_GE15,396,B_54782,Biomass,Biomass,0.48,1.6,4,4,0.03,6,3,1,40,20,10,3.0,0.8,0.0,0.3,1.0,0.0,40.0,40.0
EIA_54782_GE16,396,B_54782,Biomass,Biomass,0.48,1.6,4,4,0.03,6,3,1,40,20,10,3.0,0.8,0.0,0.3,1.0,0.0,40.0,40.0
EIA_54782_GE17,396,B_54782,Biomass,Biomass,0.48,1.6,4,4,0.03,6,3,1,40,20,10,3.0,0.8,0.0,0.3,1.0,0.0,40.0,40.0
EIA_54782_GE18,396,B_54782,Biomass,Biomass,0.48,1.6,4,4,0.03,6,3,1,40,20,10,3.0,0.8,0.0,0.3,1.0,0.0,40.0,40.0
EIA_54782_GEN1,396,B_54782,Biomass,Biomass,0.24,0.8,4,4,0.02,6,3,1,40,20,10,3.0,0.4,0.0,0.3,1.0,0.0,40.0,40.0
EIA_54782_GEN2,396,B_54782,Biomass,Biomass,0.24,0.8,4,4,0.02,6,3,1,40,20,10,3.0,0.4,0.0,0.3,1.0,0.0,40.0,40.0
EIA_54782_GEN3,396,B_54782,Biomass,Biomass,0.24,0.8,4,4,0.02,6,3,1,40,20,10,3.0,0.4,0.0,0.3,1.0,0.0,40.0,40.0
EIA_54782_GEN4,396,B_54782,Biomass,Biomass,0.24,0.8,4,4,0.02,6,3,1,40,20,10,3.0,0.4,0.0,0.3,1.0,0.0,40.0,40.0
EIA_54782_GEN5,396,B_54782,Biomass,Biomass,0.24,0.8,4,4,0.02,6,3,1,40,20,10,3.0,0.4,0.0,0.3,1.0,0.0,40.0,40.0
EIA_54782_GEN6,396,B_54782,Biomass,Biomass,0.24,0.8,4,4,0.02,6,3,1,40,20,10,3.0,0.4,0.0,0.3,1.0,0.0,40.0,40.0
EIA_54782_GEN7,396,B_54782,Biomass,Biomass,0.24,0.8,4,4,0.02,6,3,1,40,20,10,3.0,0.4,0.0,0.3,1.0,0.0,40.0,40.0
EIA_54782_GEN8,396,B_54782,Biomass,Biomass,0.24,0.8,4,4,0.02,6,3,1,40,20,10,3.0,0.4,0.0,0.3,1.0,0.0,40.0,40.0
EIA_54782_GEN9,396,B_54782,Biomass,Biomass,0.24,0.8,4,4,0.02,6,3,1,40,20,10,3.0,0.4,0.0,0.3,1.0,0.0,40.0,40.0
EIA_54808_GT1,723,G_54808,Gas,Gas,1.65,5.5,2,2,0.28,4,2,1,30,15,8,3.5,2.75,0.0,0.3,1.0,0.0,35.0,35.0
EIA_54808_GT2,723,G_54808,Gas,Gas,1.65,5.5,2,2,0.28,4,2,1,30,15,8,3.5,2.75,0.0,0.3,1.0,0.0,35.0,35.0
EIA_54865_1-02,176,H_54865,Hydro,Hydro,0.0,1.2,0,0,0.24,0,0,0,0,0,0,0.0,0.6,0.0,0.0,1.0,0.0,5.0,5.0
EIA_54865_2-01,176,H_54865,Hydro,Hydro,0.0,1.2,0,0,0.24,0,0,0,0,0,0,0.0,0.6,0.0,0.0,1.0,0.0,5.0,5.0
EIA_54878_01,23,H_54878,Hydro,Hydro,0.0,0.4,0,0,0.08,0,0,0,0,0,0,0.0,0.2,0.0,0.0,1.0,0.0,5.0,5.0
EIA_54878_02,23,H_54878,Hydro,Hydro,0.0,0.3,0,0,0.06,0,0,0,0,0,0,0.0,0.15,0.0,0.0,1.0,0.0,5.0,5.0
EIA_54878_03,23,H_54878,Hydro,Hydro,0.0,0.3,0,0,0.06,0,0,0,0,0,0,0.0,0.15,0.0,0.0,1.0,0.0,5.0,5.0
EIA_54914_01,126,G_54914,Gas,Gas,28.5,95.0,2,2,4.75,4,2,1,30,15,8,3.5,47.5,0.0,0.3,1.0,0.0,35.0,35.0
EIA_54914_02,126,G_54914,Gas,Gas,28.5,95.0,2,2,4.75,4,2,1,30,15,8,3.5,47.5,0.0,0.3,1.0,0.0,35.0,35.0
EIA_54914_03,126,G_54914,Gas,Gas,10.5,35.0,2,2,1.75,4,2,1,30,15,8,3.5,17.5,0.0,0.3,1.0,0.0,35.0,35.0
EIA_54914_04,126,G_54914,Gas,Gas,10.5,35.0,2,2,1.75,4,2,1,30,15,8,3.5,17.5,0.0,0.3,1.0,0.0,35.0,35.0
EIA_54953_GEN1,344,H_54953,Hydro,Hydro,0.0,22.0,0,0,4.4,0,0,0,0,0,0,0.0,11.0,0.0,0.0,1.0,0.0,5.0,5.0
EIA_54953_GEN2,344,H_54953,Hydro,Hydro,0.0,22.0,0,0,4.4,0,0,0,0,0,0,0.0,11.0,0.0,0.0,1.0,0.0,5.0,5.0
EIA_55155_UNT1,607,B_55155,Biomass,Biomass,0.27,0.9,4,4,0.02,6,3,1,40,20,10,3.0,0.45,0.0,0.3,1.0,0.0,40.0,40.0
EIA_55155_UNT2,607,B_55155,Biomass,Biomass,0.27,0.9,4,4,0.02,6,3,1,40,20,10,3.0,0.45,0.0,0.3,1.0,0.0,40.0,40.0
EIA_55155_UNT3,607,B_55155,Biomass,Biomass,0.27,0.9,4,4,0.02,6,3,1,40,20,10,3.0,0.45,0.0,0.3,1.0,0.0,40.0,40.0
EIA_55155_UNT4,607,B_55155,Biomass,Biomass,0.48,1.6,4,4,0.03,6,3,1,40,20,10,3.0,0.8,0.0,0.3,1.0,0.0,40.0,40.0
EIA_55155_UNT5,607,B_55155,Biomass,Biomass,0.48,1.6,4,4,0.03,6,3,1,40,20,10,3.0,0.8,0.0,0.3,1.0,0.0,40.0,40.0
EIA_55368_V47,689,W_55368,Wind,Wind,0.0,6.6,0,0,6.6,0,0,0,0,0,0,0.0,3.3,0.0,0.0,1.0,0.0,0.0,0.0
EIA_55375_CT1,723,G_55375,Gas,Gas,49.5,165.0,2,2,8.25,4,2,1,30,15,8,3.5,82.5,0.0,0.3,1.0,0.0,35.0,35.0
EIA_55375_CT2,723,G_55375,Gas,Gas,49.5,165.0,2,2,8.25,4,2,1,30,15,8,3.5,82.5,0.0,0.3,1.0,0.0,35.0,35.0
EIA_55375_ST1,723,G_55375,Gas,Gas,68.4,228.0,2,2,11.4,4,2,1,30,15,8,3.5,114.0,0.0,0.3,1.0,0.0,35.0,35.0
EIA_55405_CT1,360,G_55405,Gas,Gas,65.61,218.7,2,2,10.94,4,2,1,30,15,8,3.5,109.35,0.0,0.3,1.0,0.0,35.0,35.0
EIA_55405_CT2,360,G_55405,Gas,Gas,66.45,221.5,2,2,11.08,4,2,1,30,15,8,3.5,110.75,0.0,0.3,1.0,0.0,35.0,35.0
EIA_55405_CT3,360,G_55405,Gas,Gas,66.63,222.1,2,2,11.11,4,2,1,30,15,8,3.5,111.05,0.0,0.3,1.0,0.0,35.0,35.0
EIA_55405_ST1,360,G_55405,Gas,Gas,33.21,110.7,2,2,5.54,4,2,1,30,15,8,3.5,55.35,0.0,0.3,1.0,0.0,35.0,35.0
EIA_55405_ST2,360,G_55405,Gas,Gas,33.54,111.8,2,2,5.59,4,2,1,30,15,8,3.5,55.9,0.0,0.3,1.0,0.0,35.0,35.0
EIA_55405_ST3,360,G_55405,Gas,Gas,32.7,109.0,2,2,5.45,4,2,1,30,15,8,3.5,54.5,0.0,0.3,1.0,0.0,35.0,35.0
EIA_55699_1,431,G_55699,Gas,Gas,16.74,55.8,2,2,2.79,4,2,1,30,15,8,3.5,27.9,0.0,0.3,1.0,0.0,35.0,35.0
EIA_55757_GEN1,307,B_55757,Biomass,Biomass,0.24,0.8,4,4,0.02,6,3,1,40,20,10,3.0,0.4,0.0,0.3,1.0,0.0,40.0,40.0
EIA_55757_GEN2,307,B_55757,Biomass,Biomass,0.24,0.8,4,4,0.02,6,3,1,40,20,10,3.0,0.4,0.0,0.3,1.0,0.0,40.0,40.0
EIA_55757_GEN3,307,B_55757,Biomass,Biomass,0.24,0.8,4,4,0.02,6,3,1,40,20,10,3.0,0.4,0.0,0.3,1.0,0.0,40.0,40.0
EIA_55757_GEN4,307,B_55757,Biomass,Biomass,0.24,0.8,4,4,0.02,6,3,1,40,20,10,3.0,0.4,0.0,0.3,1.0,0.0,40.0,40.0
EIA_55757_GEN5,307,B_55757,Biomass,Biomass,0.24,0.8,4,4,0.02,6,3,1,40,20,10,3.0,0.4,0.0,0.3,1.0,0.0,40.0,40.0
EIA_55757_GEN6,307,B_55757,Biomass,Biomass,0.24,0.8,4,4,0.02,6,3,1,40,20,10,3.0,0.4,0.0,0.3,1.0,0.0,40.0,40.0
EIA_55757_GEN7,307,B_55757,Biomass,Biomass,0.24,0.8,4,4,0.02,6,3,1,40,20,10,3.0,0.4,0.0,0.3,1.0,0.0,40.0,40.0
EIA_55769_MADW,527,W_55769,Wind,Wind,0.0,11.5,0,0,11.5,0,0,0,0,0,0,0.0,5.75,0.0,0.0,1.0,0.0,0.0,0.0
EIA_55786_CT01,438,G_55786,Gas,Gas,12.75,42.5,2,2,2.12,4,2,1,30,15,8,3.5,21.25,0.0,0.3,1.0,0.0,35.0,35.0
EIA_55786_CT02,438,G_55786,Gas,Gas,12.75,42.5,2,2,2.12,4,2,1,30,15,8,3.5,21.25,0.0,0.3,1.0,0.0,35.0,35.0
EIA_55787_CT01,437,O_55787,Oil,Oil,8.5,42.5,1,1,4.25,2,1,0,10,5,2,12.0,21.25,0.0,0.2,1.0,0.0,80.0,80.0
EIA_55787_CT02,437,O_55787,Oil,Oil,8.5,42.5,1,1,4.25,2,1,0,10,5,2,12.0,21.25,0.0,0.2,1.0,0.0,80.0,80.0
EIA_55790_1,186,W_55790,Wind,Wind,0.0,30.0,0,0,30.0,0,0,0,0,0,0,0.0,15.0,0.0,0.0,1.0,0.0,0.0,0.0
EIA_56032_0001,441,G_56032,Gas,Gas,13.77,45.9,2,2,2.29,4,2,1,30,15,8,3.5,22.95,0.0,0.3,1.0,0.0,35.0,35.0
EIA_56032_001,441,G_56032,Gas,Gas,14.43,48.1,2,2,2.41,4,2,1,30,15,8,3.5,24.05,0.0,0.3,1.0,0.0,35.0,35.0
EIA_56141_2,431,G_56141,Gas,Gas,16.74,55.8,2,2,2.79,4,2,1,30,15,8,3.5,27.9,0.0,0.3,1.0,0.0,35.0,35.0
EIA_56188_CTG,444,G_56188,Gas,Gas,14.1,47.0,2,2,2.35,4,2,1,30,15,8,3.5,23.5,0.0,0.3,1.0,0.0,35.0,35.0
EIA_56188_STG,444,G_56188,Gas,Gas,8.25,27.5,2,2,1.38,4,2,1,30,15,8,3.5,13.75,0.0,0.3,1.0,0.0,35.0,35.0
EIA_56196_CA01,723,G_56196,Gas,Gas,56.4,188.0,2,2,9.4,4,2,1,30,15,8,3.5,94.0,0.0,0.3,1.0,0.0,35.0,35.0
EIA_56196_CT01,723,G_56196,Gas,Gas,71.4,238.0,2,2,11.9,4,2,1,30,15,8,3.5,119.0,0.0,0.3,1.0,0.0,35.0,35.0
EIA_56196_CT02,723,G_56196,Gas,Gas,71.4,238.0,2,2,11.9,4,2,1,30,15,8,3.5,119.0,0.0,0.3,1.0,0.0,35.0,35.0
EIA_56234_CT01,445,G_56234,Gas,Gas,56.31,187.7,2,2,9.38,4,2,1,30,15,8,3.5,93.85,0.0,0.3,1.0,0.0,35.0,35.0
EIA_56234_ST01,445,G_56234,Gas,Gas,38.88,129.6,2,2,6.48,4,2,1,30,15,8,3.5,64.8,0.0,0.3,1.0,0.0,35.0,35.0
EIA_56250_GEN1,720,B_56250,Biomass,Biomass,0.24,0.8,4,4,0.02,6,3,1,40,20,10,3.0,0.4,0.0,0.3,1.0,0.0,40.0,40.0
EIA_56250_GEN10,720,B_56250,Biomass,Biomass,0.48,1.6,4,4,0.03,6,3,1,40,20,10,3.0,0.8,0.0,0.3,1.0,0.0,40.0,40.0
EIA_56250_GEN11,720,B_56250,Biomass,Biomass,0.48,1.6,4,4,0.03,6,3,1,40,20,10,3.0,0.8,0.0,0.3,1.0,0.0,40.0,40.0
EIA_56250_GEN2,720,B_56250,Biomass,Biomass,0.24,0.8,4,4,0.02,6,3,1,40,20,10,3.0,0.4,0.0,0.3,1.0,0.0,40.0,40.0
EIA_56250_GEN3,720,B_56250,Biomass,Biomass,0.24,0.8,4,4,0.02,6,3,1,40,20,10,3.0,0.4,0.0,0.3,1.0,0.0,40.0,40.0
EIA_56250_GEN4,720,B_56250,Biomass,Biomass,0.24,0.8,4,4,0.02,6,3,1,40,20,10,3.0,0.4,0.0,0.3,1.0,0.0,40.0,40.0
EIA_56250_GEN5,720,B_56250,Biomass,Biomass,0.24,0.8,4,4,0.02,6,3,1,40,20,10,3.0,0.4,0.0,0.3,1.0,0.0,40.0,40.0
EIA_56250_GEN6,720,B_56250,Biomass,Biomass,0.24,0.8,4,4,0.02,6,3,1,40,20,10,3.0,0.4,0.0,0.3,1.0,0.0,40.0,40.0
EIA_56250_GEN7,720,B_56250,Biomass,Biomass,0.24,0.8,4,4,0.02,6,3,1,40,20,10,3.0,0.4,0.0,0.3,1.0,0.0,40.0,40.0
EIA_56250_GEN8,720,B_56250,Biomass,Biomass,0.24,0.8,4,4,0.02,6,3,1,40,20,10,3.0,0.4,0.0,0.3,1.0,0.0,40.0,40.0
EIA_56250_GEN9,720,B_56250,Biomass,Biomass,0.48,1.6,4,4,0.03,6,3,1,40,20,10,3.0,0.8,0.0,0.3,1.0,0.0,40.0,40.0
EIA_56259_CT11,615,G_56259,Gas,Gas,46.5,155.0,2,2,7.75,4,2,1,30,15,8,3.5,77.5,0.0,0.3,1.0,0.0,35.0,35.0
EIA_56259_CT12,615,G_56259,Gas,Gas,46.5,155.0,2,2,7.75,4,2,1,30,15,8,3.5,77.5,0.0,0.3,1.0,0.0,35.0,35.0
EIA_56259_ST13,615,G_56259,Gas,Gas,81.0,270.0,2,2,13.5,4,2,1,30,15,8,3.5,135.0,0.0,0.3,1.0,0.0,35.0,35.0
EIA_56290_1,714,W_56290,Wind,Wind,0.0,137.0,0,0,137.0,0,0,0,0,0,0,0.0,68.5,0.0,0.0,1.0,0.0,0.0,0.0
EIA_56290_1A,714,W_56290,Wind,Wind,0.0,61.1,0,0,61.1,0,0,0,0,0,0,0.0,30.55,0.0,0.0,1.0,0.0,0.0,0.0
EIA_56290_2,714,W_56290,Wind,Wind,0.0,33.0,0,0,33.0,0,0,0,0,0,0,0.0,16.5,0.0,0.0,1.0,0.0,0.0,0.0
EIA_56290_3,714,W_56290,Wind,Wind,0.0,91.0,0,0,91.0,0,0,0,0,0,0,0.0,45.5,0.0,0.0,1.0,0.0,0.0,0.0
EIA_56323_GEN1,307,B_56323,Biomass,Biomass,0.48,1.6,4,4,0.03,6,3,1,40,20,10,3.0,0.8,0.0,0.3,1.0,0.0,40.0,40.0
EIA_56323_GEN2,307,B_56323,Biomass,Biomass,0.48,1.6,4,4,0.03,6,3,1,40,20,10,3.0,0.8,0.0,0.3,1.0,0.0,40.0,40.0
EIA_56324_GEN1,357,B_56324,Biomass,Biomass,0.48,1.6,4,4,0.03,6,3,1,40,20,10,3.0,0.8,0.0,0.3,1.0,0.0,40.0,40.0
EIA_56324_GEN2,357,B_56324,Biomass,Biomass,0.48,1.6,4,4,0.03,6,3,1,40,20,10,3.0,0.8,0.0,0.3,1.0,0.0,40.0,40.0
EIA_56324_GEN3,357,B_56324,Biomass,Biomass,0.48,1.6,4,4,0.03,6,3,1,40,20,10,3.0,0.8,0.0,0.3,1.0,0.0,40.0,40.0
EIA_56324_GEN4,357,B_56324,Biomass,Biomass,0.48,1.6,4,4,0.03,6,3,1,40,20,10,3.0,0.8,0.0,0.3,1.0,0.0,40.0,40.0
EIA_56526_GEN1,288,B_56526,Biomass,Biomass,0.24,0.8,4,4,0.02,6,3,1,40,20,10,3.0,0.4,0.0,0.3,1.0,0.0,40.0,40.0
EIA_56526_GEN2,288,B_56526,Biomass,Biomass,0.24,0.8,4,4,0.02,6,3,1,40,20,10,3.0,0.4,0.0,0.3,1.0,0.0,40.0,40.0
EIA_56526_GEN3,288,B_56526,Biomass,Biomass,0.24,0.8,4,4,0.02,6,3,1,40,20,10,3.0,0.4,0.0,0.3,1.0,0.0,40.0,40.0
EIA_56526_GEN4,288,B_56526,Biomass,Biomass,0.24,0.8,4,4,0.02,6,3,1,40,20,10,3.0,0.4,0.0,0.3,1.0,0.0,40.0,40.0
EIA_56526_GEN5,288,B_56526,Biomass,Biomass,0.24,0.8,4,4,0.02,6,3,1,40,20,10,3.0,0.4,0.0,0.3,1.0,0.0,40.0,40.0
EIA_56526_GEN6,288,B_56526,Biomass,Biomass,0.24,0.8,4,4,0.02,6,3,1,40,20,10,3.0,0.4,0.0,0.3,1.0,0.0,40.0,40.0
EIA_56526_GEN7,288,B_56526,Biomass,Biomass,0.24,0.8,4,4,0.02,6,3,1,40,20,10,3.0,0.4,0.0,0.3,1.0,0.0,40.0,40.0
EIA_56526_GEN8,288,B_56526,Biomass,Biomass,0.24,0.8,4,4,0.02,6,3,1,40,20,10,3.0,0.4,0.0,0.3,1.0,0.0,40.0,40.0
EIA_56575_1,658,W_56575,Wind,Wind,0.0,20.0,0,0,20.0,0,0,0,0,0,0,0.0,10.0,0.0,0.0,1.0,0.0,0.0,0.0
EIA_56594_MU1,527,W_56594,Wind,Wind,0.0,34.5,0,0,34.5,0,0,0,0,0,0,0.0,17.25,0.0,0.0,1.0,0.0,0.0,0.0
EIA_56618_1,292,W_56618,Wind,Wind,0.0,100.5,0,0,100.5,0,0,0,0,0,0,0.0,50.25,0.0,0.0,1.0,0.0,0.0,0.0
EIA_56619_1,292,W_56619,Wind,Wind,0.0,81.0,0,0,81.0,0,0,0,0,0,0,0.0,40.5,0.0,0.0,1.0,0.0,0.0,0.0
EIA_56620_1,667,W_56620,Wind,Wind,0.0,100.5,0,0,100.5,0,0,0,0,0,0,0.0,50.25,0.0,0.0,1.0,0.0,0.0,0.0
EIA_56633_1,638,W_56633,Wind,Wind,0.0,37.5,0,0,37.5,0,0,0,0,0,0,0.0,18.75,0.0,0.0,1.0,0.0,0.0,0.0
EIA_56634_1,209,W_56634,Wind,Wind,0.0,87.5,0,0,87.5,0,0,0,0,0,0,0.0,43.75,0.0,0.0,1.0,0.0,0.0,0.0
EIA_56703_1,533,H_56703,Hydro,Hydro,0.0,1.0,0,0,0.2,0,0,0,0,0,0,0.0,0.5,0.0,0.0,1.0,0.0,5.0,5.0
EIA_56703_6,533,H_56703,Hydro,Hydro,0.0,1.2,0,0,0.24,0,0,0,0,0,0,0.0,0.6,0.0,0.0,1.0,0.0,5.0,5.0
EIA_56703_7,533,H_56703,Hydro,Hydro,0.0,1.2,0,0,0.24,0,0,0,0,0,0,0.0,0.6,0.0,0.0,1.0,0.0,5.0,5.0
EIA_56703_8,533,H_56703,Hydro,Hydro,0.0,1.2,0,0,0.24,0,0,0,0,0,0,0.0,0.6,0.0,0.0,1.0,0.0,5.0,5.0
EIA_56703_9,533,H_56703,Hydro,Hydro,0.0,0.9,0,0,0.18,0,0,0,0,0,0,0.0,0.45,0.0,0.0,1.0,0.0,5.0,5.0
EIA_56704_3,536,H_56704,Hydro,Hydro,0.0,2.0,0,0,0.4,0,0,0,0,0,0,0.0,1.0,0.0,0.0,1.0,0.0,5.0,5.0
EIA_56705_4,536,H_56705,Hydro,Hydro,0.0,0.5,0,0,0.1,0,0,0,0,0,0,0.0,0.25,0.0,0.0,1.0,0.0,5.0,5.0
EIA_56705_5,536,H_56705,Hydro,Hydro,0.0,0.5,0,0,0.1,0,0,0,0,0,0,0.0,0.25,0.0,0.0,1.0,0.0,5.0,5.0
EIA_56857_GEN1,292,W_56857,Wind,Wind,0.0,215.3,0,0,215.3,0,0,0,0,0,0,0.0,107.65,0.0,0.0,1.0,0.0,0.0,0.0
EIA_56901_1,216,W_56901,Wind,Wind,0.0,97.5,0,0,97.5,0,0,0,0,0,0,0.0,48.75,0.0,0.0,1.0,0.0,0.0,0.0
EIA_56902_1,689,W_56902,Wind,Wind,0.0,126.0,0,0,126.0,0,0,0,0,0,0,0.0,63.0,0.0,0.0,1.0,0.0,0.0,0.0
EIA_56904_1,292,W_56904,Wind,Wind,0.0,106.5,0,0,106.5,0,0,0,0,0,0,0.0,53.25,0.0,0.0,1.0,0.0,0.0,0.0
EIA_56936_GEN1,343,H_56936,Hydro,Hydro,0.0,2.3,0,0,0.46,0,0,0,0,0,0,0.0,1.15,0.0,0.0,1.0,0.0,5.0,5.0
EIA_56936_GEN2,343,H_56936,Hydro,Hydro,0.0,1.9,0,0,0.38,0,0,0,0,0,0,0.0,0.95,0.0,0.0,1.0,0.0,5.0,5.0
EIA_56936_GEN3,343,H_56936,Hydro,Hydro,0.0,2.1,0,0,0.42,0,0,0,0,0,0,0.0,1.05,0.0,0.0,1.0,0.0,5.0,5.0
EIA_56936_GEN4,343,H_56936,Hydro,Hydro,0.0,2.3,0,0,0.46,0,0,0,0,0,0,0.0,1.15,0.0,0.0,1.0,0.0,5.0,5.0
EIA_56936_GEN5,343,H_56936,Hydro,Hydro,0.0,2.7,0,0,0.54,0,0,0,0,0,0,0.0,1.35,0.0,0.0,1.0,0.0,5.0,5.0
EIA_56940_CTG1,538,G_56940,Gas,Gas,56.61,188.7,2,2,9.44,4,2,1,30,15,8,3.5,94.35,0.0,0.3,1.0,0.0,35.0,35.0
EIA_56940_CTG2,538,G_56940,Gas,Gas,56.61,188.7,2,2,9.44,4,2,1,30,15,8,3.5,94.35,0.0,0.3,1.0,0.0,35.0,35.0
EIA_56940_STG,538,G_56940,Gas,Gas,89.1,297.0,2,2,14.85,4,2,1,30,15,8,3.5,148.5,0.0,0.3,1.0,0.0,35.0,35.0
EIA_56953_1,323,W_56953,Wind,Wind,0.0,112.0,0,0,112.0,0,0,0,0,0,0,0.0,56.0,0.0,0.0,1.0,0.0,0.0,0.0
EIA_56958_GEN1,100,B_56958,Biomass,Biomass,0.48,1.6,4,4,0.03,6,3,1,40,20,10,3.0,0.8,0.0,0.3,1.0,0.0,40.0,40.0
EIA_56958_GEN2,100,B_56958,Biomass,Biomass,0.48,1.6,4,4,0.03,6,3,1,40,20,10,3.0,0.8,0.0,0.3,1.0,0.0,40.0,40.0
EIA_56958_GEN3,100,B_56958,Biomass,Biomass,0.48,1.6,4,4,0.03,6,3,1,40,20,10,3.0,0.8,0.0,0.3,1.0,0.0,40.0,40.0
EIA_56958_GEN4,100,B_56958,Biomass,Biomass,0.48,1.6,4,4,0.03,6,3,1,40,20,10,3.0,0.8,0.0,0.3,1.0,0.0,40.0,40.0
EIA_56986_GEN1,142,B_56986,Biomass,Biomass,0.48,1.6,4,4,0.03,6,3,1,40,20,10,3.0,0.8,0.0,0.3,1.0,0.0,40.0,40.0
EIA_56986_GEN2,142,B_56986,Biomass,Biomass,0.48,1.6,4,4,0.03,6,3,1,40,20,10,3.0,0.8,0.0,0.3,1.0,0.0,40.0,40.0
EIA_56986_GEN3,142,B_56986,Biomass,Biomass,0.48,1.6,4,4,0.03,6,3,1,40,20,10,3.0,0.8,0.0,0.3,1.0,0.0,40.0,40.0
EIA_56986_GEN4,142,B_56986,Biomass,Biomass,0.48,1.6,4,4,0.03,6,3,1,40,20,10,3.0,0.8,0.0,0.3,1.0,0.0,40.0,40.0
EIA_56987_GEN1,262,B_56987,Biomass,Biomass,0.48,1.6,4,4,0.03,6,3,1,40,20,10,3.0,0.8,0.0,0.3,1.0,0.0,40.0,40.0
EIA_56987_GEN2,262,B_56987,Biomass,Biomass,0.48,1.6,4,4,0.03,6,3,1,40,20,10,3.0,0.8,0.0,0.3,1.0,0.0,40.0,40.0
EIA_56987_GEN3,262,B_56987,Biomass,Biomass,0.48,1.6,4,4,0.03,6,3,1,40,20,10,3.0,0.8,0.0,0.3,1.0,0.0,40.0,40.0
EIA_57003_GEN1,631,B_57003,Biomass,Biomass,0.48,1.6,4,4,0.03,6,3,1,40,20,10,3.0,0.8,0.0,0.3,1.0,0.0,40.0,40.0
EIA_57003_GEN2,631,B_57003,Biomass,Biomass,0.48,1.6,4,4,0.03,6,3,1,40,20,10,3.0,0.8,0.0,0.3,1.0,0.0,40.0,40.0
EIA_57078_1,571,W_57078,Wind,Wind,0.0,15.0,0,0,15.0,0,0,0,0,0,0,0.0,7.5,0.0,0.0,1.0,0.0,0.0,0.0
EIA_57185_U001,58,G_57185,Gas,Gas,42.99,143.3,2,2,7.17,4,2,1,30,15,8,3.5,71.65,0.0,0.3,1.0,0.0,35.0,35.0
EIA_57185_U002,58,G_57185,Gas,Gas,42.99,143.3,2,2,7.17,4,2,1,30,15,8,3.5,71.65,0.0,0.3,1.0,0.0,35.0,35.0
EIA_57185_U003,58,G_57185,Gas,Gas,42.99,143.3,2,2,7.17,4,2,1,30,15,8,3.5,71.65,0.0,0.3,1.0,0.0,35.0,35.0
EIA_57185_U004,58,G_57185,Gas,Gas,58.62,195.4,2,2,9.77,4,2,1,30,15,8,3.5,97.7,0.0,0.3,1.0,0.0,35.0,35.0
EIA_57185_U005,58,G_57185,Gas,Gas,58.62,195.4,2,2,9.77,4,2,1,30,15,8,3.5,97.7,0.0,0.3,1.0,0.0,35.0,35.0
EIA_57185_U006,58,G_57185,Gas,Gas,58.62,195.4,2,2,9.77,4,2,1,30,15,8,3.5,97.7,0.0,0.3,1.0,0.0,35.0,35.0
EIA_57186_GEN1,267,B_57186,Biomass,Biomass,0.48,1.6,4,4,0.03,6,3,1,40,20,10,3.0,0.8,0.0,0.3,1.0,0.0,40.0,40.0
EIA_57186_GEN2,267,B_57186,Biomass,Biomass,0.48,1.6,4,4,0.03,6,3,1,40,20,10,3.0,0.8,0.0,0.3,1.0,0.0,40.0,40.0
EIA_57186_GEN3,267,B_57186,Biomass,Biomass,0.48,1.6,4,4,0.03,6,3,1,40,20,10,3.0,0.8,0.0,0.3,1.0,0.0,40.0,40.0
EIA_57186_GEN4,267,B_57186,Biomass,Biomass,0.48,1.6,4,4,0.03,6,3,1,40,20,10,3.0,0.8,0.0,0.3,1.0,0.0,40.0,40.0
EIA_57186_GEN5,267,B_57186,Biomass,Biomass,0.48,1.6,4,4,0.03,6,3,1,40,20,10,3.0,0.8,0.0,0.3,1.0,0.0,40.0,40.0
EIA_57186_GEN6,267,B_57186,Biomass,Biomass,0.48,1.6,4,4,0.03,6,3,1,40,20,10,3.0,0.8,0.0,0.3,1.0,0.0,40.0,40.0
EIA_57287_1,165,W_57287,Wind,Wind,0.0,74.0,0,0,74.0,0,0,0,0,0,0,0.0,37.0,0.0,0.0,1.0,0.0,0.0,0.0
EIA_57404_GEN1,54,B_57404,Biomass,Biomass,0.48,1.6,4,4,0.03,6,3,1,40,20,10,3.0,0.8,0.0,0.3,1.0,0.0,40.0,40.0
EIA_57404_GEN2,54,B_57404,Biomass,Biomass,0.48,1.6,4,4,0.03,6,3,1,40,20,10,3.0,0.8,0.0,0.3,1.0,0.0,40.0,40.0
EIA_57589_9WUBN,445,S_57589,Solar,Solar,0.0,31.5,0,0,31.5,0,0,0,0,0,0,0.0,15.75,0.0,0.0,1.0,0.0,0.0,0.0
EIA_57648_WT1,228,W_57648,Wind,Wind,0.0,1.7,0,0,1.7,0,0,0,0,0,0,0.0,0.85,0.0,0.0,1.0,0.0,0.0,0.0
EIA_57648_WT2,228,W_57648,Wind,Wind,0.0,1.7,0,0,1.7,0,0,0,0,0,0,0.0,0.85,0.0,0.0,1.0,0.0,0.0,0.0
EIA_57664_CT3,723,G_57664,Gas,Gas,46.8,156.0,2,2,7.8,4,2,1,30,15,8,3.5,78.0,0.0,0.3,1.0,0.0,35.0,35.0
EIA_57664_CT4,723,G_57664,Gas,Gas,46.8,156.0,2,2,7.8,4,2,1,30,15,8,3.5,78.0,0.0,0.3,1.0,0.0,35.0,35.0
EIA_57664_ST2,723,G_57664,Gas,Gas,68.4,228.0,2,2,11.4,4,2,1,30,15,8,3.5,114.0,0.0,0.3,1.0,0.0,35.0,35.0
EIA_57789_GEN1,397,G_57789,Gas,Gas,0.6,2.0,2,2,0.1,4,2,1,30,15,8,3.5,1.0,0.0,0.3,1.0,0.0,35.0,35.0
EIA_57789_GEN2,397,G_57789,Gas,Gas,0.6,2.0,2,2,0.1,4,2,1,30,15,8,3.5,1.0,0.0,0.3,1.0,0.0,35.0,35.0
EIA_57789_GEN3,397,G_57789,Gas,Gas,0.6,2.0,2,2,0.1,4,2,1,30,15,8,3.5,1.0,0.0,0.3,1.0,0.0,35.0,35.0
EIA_57798_1OBP,397,G_57798,Gas,Gas,1.38,4.6,2,2,0.23,4,2,1,30,15,8,3.5,2.3,0.0,0.3,1.0,0.0,35.0,35.0
EIA_57867_1,586,W_57867,Wind,Wind,0.0,51.3,0,0,51.3,0,0,0,0,0,0,0.0,25.65,0.0,0.0,1.0,0.0,0.0,0.0
EIA_57867_2,586,W_57867,Wind,Wind,0.0,4.1,0,0,4.1,0,0,0,0,0,0,0.0,2.05,0.0,0.0,1.0,0.0,0.0,0.0
EIA_58088_1,323,W_58088,Wind,Wind,0.0,94.4,0,0,94.4,0,0,0,0,0,0,0.0,47.2,0.0,0.0,1.0,0.0,0.0,0.0
EIA_58157_HP,61,G_58157,Gas,Gas,5.1,17.0,2,2,0.85,4,2,1,30,15,8,3.5,8.5,0.0,0.3,1.0,0.0,35.0,35.0
EIA_58157_LP,61,G_58157,Gas,Gas,2.16,7.2,2,2,0.36,4,2,1,30,15,8,3.5,3.6,0.0,0.3,1.0,0.0,35.0,35.0
EIA_58167_GEN1,445,G_58167,Gas,Gas,0.39,1.3,2,2,0.07,4,2,1,30,15,8,3.5,0.65,0.0,0.3,1.0,0.0,35.0,35.0
EIA_58167_GEN2,445,G_58167,Gas,Gas,0.39,1.3,2,2,0.07,4,2,1,30,15,8,3.5,0.65,0.0,0.3,1.0,0.0,35.0,35.0
EIA_58186_CG01,446,G_58186,Gas,Gas,0.24,0.8,2,2,0.04,4,2,1,30,15,8,3.5,0.4,0.0,0.3,1.0,0.0,35.0,35.0
EIA_58186_CG02,446,G_58186,Gas,Gas,0.24,0.8,2,2,0.04,4,2,1,30,15,8,3.5,0.4,0.0,0.3,1.0,0.0,35.0,35.0
EIA_58186_CG03,446,G_58186,Gas,Gas,0.39,1.3,2,2,0.07,4,2,1,30,15,8,3.5,0.65,0.0,0.3,1.0,0.0,35.0,35.0
EIA_58186_CG04,446,G_58186,Gas,Gas,0.36,1.2,2,2,0.06,4,2,1,30,15,8,3.5,0.6,0.0,0.3,1.0,0.0,35.0,35.0
EIA_58186_CG06,446,G_58186,Gas,Gas,0.39,1.3,2,2,0.07,4,2,1,30,15,8,3.5,0.65,0.0,0.3,1.0,0.0,35.0,35.0
EIA_58507_ES006,451,G_58507,Gas,Gas,1.44,4.8,2,2,0.24,4,2,1,30,15,8,3.5,2.4,0.0,0.3,1.0,0.0,35.0,35.0
EIA_58507_ES007,451,G_58507,Gas,Gas,1.05,3.5,2,2,0.18,4,2,1,30,15,8,3.5,1.75,0.0,0.3,1.0,0.0,35.0,35.0
EIA_58507_S0001,451,G_58507,Gas,Gas,0.36,1.2,2,2,0.06,4,2,1,30,15,8,3.5,0.6,0.0,0.3,1.0,0.0,35.0,35.0
EIA_58507_S0002,451,G_58507,Gas,Gas,0.36,1.2,2,2,0.06,4,2,1,30,15,8,3.5,0.6,0.0,0.3,1.0,0.0,35.0,35.0
EIA_58507_S0003,451,G_58507,Gas,Gas,0.36,1.2,2,2,0.06,4,2,1,30,15,8,3.5,0.6,0.0,0.3,1.0,0.0,35.0,35.0
EIA_58550_PV1,479,S_58550,Solar,Solar,0.0,2.0,0,0,2.0,0,0,0,0,0,0,0.0,1.0,0.0,0.0,1.0,0.0,0.0,0.0
EIA_58647_1,130,S_58647,Solar,Solar,0.0,1.0,0,0,1.0,0,0,0,0,0,0,0.0,0.5,0.0,0.0,1.0,0.0,0.0,0.0
EIA_58678_1,56,H_58678,Hydro,Hydro,0.0,0.8,0,0,0.16,0,0,0,0,0,0,0.0,0.4,0.0,0.0,1.0,0.0,5.0,5.0
EIA_58678_2,56,H_58678,Hydro,Hydro,0.0,0.8,0,0,0.16,0,0,0,0,0,0,0.0,0.4,0.0,0.0,1.0,0.0,5.0,5.0
EIA_58679_2,564,H_58679,Hydro,Hydro,0.0,0.6,0,0,0.12,0,0,0,0,0,0,0.0,0.3,0.0,0.0,1.0,0.0,5.0,5.0
EIA_58679_3,564,H_58679,Hydro,Hydro,0.0,0.6,0,0,0.12,0,0,0,0,0,0,0.0,0.3,0.0,0.0,1.0,0.0,5.0,5.0
EIA_58679_4,564,H_58679,Hydro,Hydro,0.0,0.2,0,0,0.04,0,0,0,0,0,0,0.0,0.1,0.0,0.0,1.0,0.0,5.0,5.0
EIA_58768_1,480,W_58768,Wind,Wind,0.0,16.2,0,0,16.2,0,0,0,0,0,0,0.0,8.1,0.0,0.0,1.0,0.0,0.0,0.0
EIA_58777_1,519,W_58777,Wind,Wind,0.0,124.0,0,0,124.0,0,0,0,0,0,0,0.0,62.0,0.0,0.0,1.0,0.0,0.0,0.0
EIA_58785_BRT1,438,S_58785,Solar,Solar,0.0,1.0,0,0,1.0,0,0,0,0,0,0,0.0,0.5,0.0,0.0,1.0,0.0,0.0,0.0
EIA_58786_DRP1,438,S_58786,Solar,Solar,0.0,2.5,0,0,2.5,0,0,0,0,0,0,0.0,1.25,0.0,0.0,1.0,0.0,0.0,0.0
EIA_58787_DNN1,438,S_58787,Solar,Solar,0.0,2.0,0,0,2.0,0,0,0,0,0,0,0.0,1.0,0.0,0.0,1.0,0.0,0.0,0.0
EIA_58788_NRT1,438,S_58788,Solar,Solar,0.0,1.0,0,0,1.0,0,0,0,0,0,0,0.0,0.5,0.0,0.0,1.0,0.0,0.0,0.0
EIA_58789_RVH1,438,S_58789,Solar,Solar,0.0,1.5,0,0,1.5,0,0,0,0,0,0,0.0,0.75,0.0,0.0,1.0,0.0,0.0,0.0
EIA_58790_CLN1,438,S_58790,Solar,Solar,0.0,2.5,0,0,2.5,0,0,0,0,0,0,0.0,1.25,0.0,0.0,1.0,0.0,0.0,0.0
EIA_58790_CLN2,438,S_58790,Solar,Solar,0.0,1.5,0,0,1.5,0,0,0,0,0,0,0.0,0.75,0.0,0.0,1.0,0.0,0.0,0.0
EIA_58873_UNIT1,506,H_58873,Hydro,Hydro,0.0,2.0,0,0,0.4,0,0,0,0,0,0,0.0,1.0,0.0,0.0,1.0,0.0,5.0,5.0
EIA_58873_UNIT2,506,H_58873,Hydro,Hydro,0.0,2.0,0,0,0.4,0,0,0,0,0,0,0.0,1.0,0.0,0.0,1.0,0.0,5.0,5.0
EIA_58979_CPHGN,530,W_58979,Wind,Wind,0.0,79.9,0,0,79.9,0,0,0,0,0,0,0.0,39.95,0.0,0.0,1.0,0.0,0.0,0.0
EIA_59274_SUTTG,445,S_59274,Solar,Solar,0.0,4.0,0,0,4.0,0,0,0,0,0,0,0.0,2.0,0.0,0.0,1.0,0.0,0.0,0.0
EIA_59276_LEAVG,445,S_59276,Solar,Solar,0.0,9.5,0,0,9.5,0,0,0,0,0,0,0.0,4.75,0.0,0.0,1.0,0.0,0.0,0.0
EIA_59453_GTG1A,382,G_59453,Gas,Gas,1.2,4.0,2,2,0.2,4,2,1,30,15,8,3.5,2.0,0.0,0.3,1.0,0.0,35.0,35.0
EIA_59470_CSR1,421,S_59470,Solar,Solar,0.0,1.8,0,0,1.8,0,0,0,0,0,0,0.0,0.9,0.0,0.0,1.0,0.0,0.0,0.0
EIA_59613_TWLL,26,S_59613,Solar,Solar,0.0,1.2,0,0,1.2,0,0,0,0,0,0,0.0,0.6,0.0,0.0,1.0,0.0,0.0,0.0
EIA_59623_CSPV,394,S_59623,Solar,Solar,0.0,2.0,0,0,2.0,0,0,0,0,0,0,0.0,1.0,0.0,0.0,1.0,0.0,0.0,0.0
EIA_59629_GEN1,531,W_59629,Wind,Wind,0.0,77.7,0,0,77.7,0,0,0,0,0,0,0.0,38.85,0.0,0.0,1.0,0.0,0.0,0.0
EIA_59705_SSUN2,659,S_59705,Solar,Solar,0.0,2.0,0,0,2.0,0,0,0,0,0,0,0.0,1.0,0.0,0.0,1.0,0.0,0.0,0.0
EIA_59789_PV1,58,S_59789,Solar,Solar,0.0,1.4,0,0,1.4,0,0,0,0,0,0,0.0,0.7,0.0,0.0,1.0,0.0,0.0,0.0
EIA_59816_BR12,532,B_59816,Biomass,Biomass,1.2,4.0,4,4,0.08,6,3,1,40,20,10,3.0,2.0,0.0,0.3,1.0,0.0,40.0,40.0
EIA_59880_KIPS1,438,S_59880,Solar,Solar,0.0,2.0,0,0,2.0,0,0,0,0,0,0,0.0,1.0,0.0,0.0,1.0,0.0,0.0,0.0
EIA_59881_KIPS2,438,S_59881,Solar,Solar,0.0,2.0,0,0,2.0,0,0,0,0,0,0,0.0,1.0,0.0,0.0,1.0,0.0,0.0,0.0
EIA_60004_INV#1,107,S_60004,Solar,Solar,0.0,1.0,0,0,1.0,0,0,0,0,0,0,0.0,0.5,0.0,0.0,1.0,0.0,0.0,0.0
EIA_60004_INV#2,107,S_60004,Solar,Solar,0.0,1.0,0,0,1.0,0,0,0,0,0,0,0.0,0.5,0.0,0.0,1.0,0.0,0.0,0.0
EIA_60045_GEN1,445,S_60045,Solar,Solar,0.0,24.9,0,0,24.9,0,0,0,0,0,0,0.0,12.45,0.0,0.0,1.0,0.0,0.0,0.0
EIA_60097_PV1,617,S_60097,Solar,Solar,0.0,1.0,0,0,1.0,0,0,0,0,0,0,0.0,0.5,0.0,0.0,1.0,0.0,0.0,0.0
EIA_60098_PV1,85,S_60098,Solar,Solar,0.0,2.0,0,0,2.0,0,0,0,0,0,0,0.0,1.0,0.0,0.0,1.0,0.0,0.0,0.0
EIA_60114_PV1,87,S_60114,Solar,Solar,0.0,1.5,0,0,1.5,0,0,0,0,0,0,0.0,0.75,0.0,0.0,1.0,0.0,0.0,0.0
EIA_60115_PV1,707,S_60115,Solar,Solar,0.0,1.0,0,0,1.0,0,0,0,0,0,0,0.0,0.5,0.0,0.0,1.0,0.0,0.0,0.0
EIA_60150_ARGOS,720,S_60150,Solar,Solar,0.0,2.0,0,0,2.0,0,0,0,0,0,0,0.0,1.0,0.0,0.0,1.0,0.0,0.0,0.0
EIA_60229_PV1,197,S_60229,Solar,Solar,0.0,1.5,0,0,1.5,0,0,0,0,0,0,0.0,0.75,0.0,0.0,1.0,0.0,0.0,0.0
EIA_60232_PV1,222,S_60232,Solar,Solar,0.0,2.0,0,0,2.0,0,0,0,0,0,0,0.0,1.0,0.0,0.0,1.0,0.0,0.0,0.0
EIA_60365_VULC,722,S_60365,Solar,Solar,0.0,1.6,0,0,1.6,0,0,0,0,0,0,0.0,0.8,0.0,0.0,1.0,0.0,0.0,0.0
EIA_60425_SO049,361,S_60425,Solar,Solar,0.0,1.8,0,0,1.8,0,0,0,0,0,0,0.0,0.9,0.0,0.0,1.0,0.0,0.0,0.0
EIA_60431_TC3,421,S_60431,Solar,Solar,0.0,2.0,0,0,2.0,0,0,0,0,0,0,0.0,1.0,0.0,0.0,1.0,0.0,0.0,0.0
EIA_60452_CALV,445,S_60452,Solar,Solar,0.0,3.0,0,0,3.0,0,0,0,0,0,0,0.0,1.5,0.0,0.0,1.0,0.0,0.0,0.0
EIA_60453_CUMM,269,S_60453,Solar,Solar,0.0,1.8,0,0,1.8,0,0,0,0,0,0,0.0,0.9,0.0,0.0,1.0,0.0,0.0,0.0
EIA_60454_HOUGH,290,S_60454,Solar,Solar,0.0,2.0,0,0,2.0,0,0,0,0,0,0,0.0,1.0,0.0,0.0,1.0,0.0,0.0,0.0
EIA_60455_ONS,87,S_60455,Solar,Solar,0.0,1.9,0,0,1.9,0,0,0,0,0,0,0.0,0.95,0.0,0.0,1.0,0.0,0.0,0.0
EIA_60456_ONW,580,S_60456,Solar,Solar,0.0,1.9,0,0,1.9,0,0,0,0,0,0,0.0,0.95,0.0,0.0,1.0,0.0,0.0,0.0
EIA_60462_PV1,371,S_60462,Solar,Solar,0.0,2.0,0,0,2.0,0,0,0,0,0,0,0.0,1.0,0.0,0.0,1.0,0.0,0.0,0.0
EIA_60463_PV1,360,S_60463,Solar,Solar,0.0,1.6,0,0,1.6,0,0,0,0,0,0,0.0,0.8,0.0,0.0,1.0,0.0,0.0,0.0
EIA_60477_BE,616,S_60477,Solar,Solar,0.0,1.7,0,0,1.7,0,0,0,0,0,0,0.0,0.85,0.0,0.0,1.0,0.0,0.0,0.0
EIA_60478_BW,616,S_60478,Solar,Solar,0.0,1.0,0,0,1.0,0,0,0,0,0,0,0.0,0.5,0.0,0.0,1.0,0.0,0.0,0.0
EIA_60507_NORTH,625,S_60507,Solar,Solar,0.0,2.0,0,0,2.0,0,0,0,0,0,0,0.0,1.0,0.0,0.0,1.0,0.0,0.0,0.0
EIA_60507_SOUTH,625,S_60507,Solar,Solar,0.0,2.0,0,0,2.0,0,0,0,0,0,0,0.0,1.0,0.0,0.0,1.0,0.0,0.0,0.0
EIA_60596_1,586,W_60596,Wind,Wind,0.0,130.0,0,0,130.0,0,0,0,0,0,0,0.0,65.0,0.0,0.0,1.0,0.0,0.0,0.0
EIA_60677_TRSP,119,S_60677,Solar,Solar,0.0,2.0,0,0,2.0,0,0,0,0,0,0,0.0,1.0,0.0,0.0,1.0,0.0,0.0,0.0
EIA_60817_PV1,535,S_60817,Solar,Solar,0.0,2.0,0,0,2.0,0,0,0,0,0,0,0.0,1.0,0.0,0.0,1.0,0.0,0.0,0.0
EIA_60818_PV1,171,S_60818,Solar,Solar,0.0,2.0,0,0,2.0,0,0,0,0,0,0,0.0,1.0,0.0,0.0,1.0,0.0,0.0,0.0
EIA_60819_PV1,47,S_60819,Solar,Solar,0.0,2.0,0,0,2.0,0,0,0,0,0,0,0.0,1.0,0.0,0.0,1.0,0.0,0.0,0.0
EIA_60904_PV1,243,S_60904,Solar,Solar,0.0,2.0,0,0,2.0,0,0,0,0,0,0,0.0,1.0,0.0,0.0,1.0,0.0,0.0,0.0
EIA_60967_10016,91,S_60967,Solar,Solar,0.0,2.0,0,0,2.0,0,0,0,0,0,0,0.0,1.0,0.0,0.0,1.0,0.0,0.0,0.0
EIA_61003_CMUSW,593,S_61003,Solar,Solar,0.0,2.0,0,0,2.0,0,0,0,0,0,0,0.0,1.0,0.0,0.0,1.0,0.0,0.0,0.0
EIA_61012_GEN1,297,B_61012,Biomass,Biomass,0.24,0.8,4,4,0.02,6,3,1,40,20,10,3.0,0.4,0.0,0.3,1.0,0.0,40.0,40.0
EIA_61012_GEN2,297,B_61012,Biomass,Biomass,0.24,0.8,4,4,0.02,6,3,1,40,20,10,3.0,0.4,0.0,0.3,1.0,0.0,40.0,40.0
EIA_61012_GEN3,297,B_61012,Biomass,Biomass,0.24,0.8,4,4,0.02,6,3,1,40,20,10,3.0,0.4,0.0,0.3,1.0,0.0,40.0,40.0
EIA_61012_GEN4,297,B_61012,Biomass,Biomass,0.24,0.8,4,4,0.02,6,3,1,40,20,10,3.0,0.4,0.0,0.3,1.0,0.0,40.0,40.0
EIA_61012_GEN5,297,B_61012,Biomass,Biomass,0.24,0.8,4,4,0.02,6,3,1,40,20,10,3.0,0.4,0.0,0.3,1.0,0.0,40.0,40.0
EIA_61012_GEN6,297,B_61012,Biomass,Biomass,0.24,0.8,4,4,0.02,6,3,1,40,20,10,3.0,0.4,0.0,0.3,1.0,0.0,40.0,40.0
EIA_61012_GEN7,297,B_61012,Biomass,Biomass,0.24,0.8,4,4,0.02,6,3,1,40,20,10,3.0,0.4,0.0,0.3,1.0,0.0,40.0,40.0
EIA_61012_GEN8,297,B_61012,Biomass,Biomass,0.24,0.8,4,4,0.02,6,3,1,40,20,10,3.0,0.4,0.0,0.3,1.0,0.0,40.0,40.0
EIA_61015_CMUSW,593,S_61015,Solar,Solar,0.0,2.0,0,0,2.0,0,0,0,0,0,0,0.0,1.0,0.0,0.0,1.0,0.0,0.0,0.0
EIA_61030_CMUSW,217,S_61030,Solar,Solar,0.0,2.0,0,0,2.0,0,0,0,0,0,0,0.0,1.0,0.0,0.0,1.0,0.0,0.0,0.0
EIA_61041_WT1,714,W_61041,Wind,Wind,0.0,79.7,0,0,79.7,0,0,0,0,0,0,0.0,39.85,0.0,0.0,1.0,0.0,0.0,0.0
EIA_61042_PV1,258,S_61042,Solar,Solar,0.0,1.3,0,0,1.3,0,0,0,0,0,0,0.0,0.65,0.0,0.0,1.0,0.0,0.0,0.0
EIA_61043_PV1,258,S_61043,Solar,Solar,0.0,2.0,0,0,2.0,0,0,0,0,0,0,0.0,1.0,0.0,0.0,1.0,0.0,0.0,0.0
EIA_61207_UNIT1,362,H_61207,Hydro,Hydro,0.0,1.5,0,0,0.3,0,0,0,0,0,0,0.0,0.75,0.0,0.0,1.0,0.0,5.0,5.0
EIA_61207_UNIT2,362,H_61207,Hydro,Hydro,0.0,1.5,0,0,0.3,0,0,0,0,0,0,0.0,0.75,0.0,0.0,1.0,0.0,5.0,5.0
EIA_61207_UNIT3,362,H_61207,Hydro,Hydro,0.0,1.5,0,0,0.3,0,0,0,0,0,0,0.0,0.75,0.0,0.0,1.0,0.0,5.0,5.0
EIA_61207_UNIT4,362,H_61207,Hydro,Hydro,0.0,1.5,0,0,0.3,0,0,0,0,0,0,0.0,0.75,0.0,0.0,1.0,0.0,5.0,5.0
EIA_61210_FLS1,720,S_61210,Solar,Solar,0.0,2.0,0,0,2.0,0,0,0,0,0,0,0.0,1.0,0.0,0.0,1.0,0.0,0.0,0.0
EIA_61238_CGTB,397,G_61238,Gas,Gas,2.31,7.7,2,2,0.39,4,2,1,30,15,8,3.5,3.85,0.0,0.3,1.0,0.0,35.0,35.0
EIA_61376_CEDR1,441,S_61376,Solar,Solar,0.0,1.8,0,0,1.8,0,0,0,0,0,0,0.0,0.9,0.0,0.0,1.0,0.0,0.0,0.0
EIA_61389_PV1,689,S_61389,Solar,Solar,0.0,1.2,0,0,1.2,0,0,0,0,0,0,0.0,0.6,0.0,0.0,1.0,0.0,0.0,0.0
EIA_61414_GEN1,723,O_61414,Oil,Oil,0.4,2.0,1,1,0.2,2,1,0,10,5,2,12.0,1.0,0.0,0.2,1.0,0.0,80.0,80.0
EIA_61414_GEN2,723,O_61414,Oil,Oil,0.4,2.0,1,1,0.2,2,1,0,10,5,2,12.0,1.0,0.0,0.2,1.0,0.0,80.0,80.0
EIA_61414_GEN3,723,O_61414,Oil,Oil,0.4,2.0,1,1,0.2,2,1,0,10,5,2,12.0,1.0,0.0,0.2,1.0,0.0,80.0,80.0
EIA_61414_GEN4,723,O_61414,Oil,Oil,0.4,2.0,1,1,0.2,2,1,0,10,5,2,12.0,1.0,0.0,0.2,1.0,0.0,80.0,80.0
EIA_61414_GEN5,723,O_61414,Oil,Oil,0.4,2.0,1,1,0.2,2,1,0,10,5,2,12.0,1.0,0.0,0.2,1.0,0.0,80.0,80.0
EIA_61414_GEN6,723,O_61414,Oil,Oil,0.4,2.0,1,1,0.2,2,1,0,10,5,2,12.0,1.0,0.0,0.2,1.0,0.0,80.0,80.0
EIA_61469_LIC01,672,S_61469,Solar,Solar,0.0,2.0,0,0,2.0,0,0,0,0,0,0,0.0,1.0,0.0,0.0,1.0,0.0,0.0,0.0
EIA_61470_CFM11,314,S_61470,Solar,Solar,0.0,2.0,0,0,2.0,0,0,0,0,0,0,0.0,1.0,0.0,0.0,1.0,0.0,0.0,0.0
EIA_61471_CFM31,314,S_61471,Solar,Solar,0.0,2.0,0,0,2.0,0,0,0,0,0,0,0.0,1.0,0.0,0.0,1.0,0.0,0.0,0.0
EIA_61487_SLBAB,444,S_61487,Solar,Solar,0.0,9.0,0,0,9.0,0,0,0,0,0,0,0.0,4.5,0.0,0.0,1.0,0.0,0.0,0.0
EIA_61488_GT,397,G_61488,Gas,Gas,2.25,7.5,2,2,0.38,4,2,1,30,15,8,3.5,3.75,0.0,0.3,1.0,0.0,35.0,35.0
EIA_61509_MONA,250,S_61509,Solar,Solar,0.0,1.7,0,0,1.7,0,0,0,0,0,0,0.0,0.85,0.0,0.0,1.0,0.0,0.0,0.0
EIA_61509_MONB,250,S_61509,Solar,Solar,0.0,1.7,0,0,1.7,0,0,0,0,0,0,0.0,0.85,0.0,0.0,1.0,0.0,0.0,0.0
EIA_61510_MONC,305,S_61510,Solar,Solar,0.0,2.0,0,0,2.0,0,0,0,0,0,0,0.0,1.0,0.0,0.0,1.0,0.0,0.0,0.0
EIA_61510_MOND,305,S_61510,Solar,Solar,0.0,2.0,0,0,2.0,0,0,0,0,0,0,0.0,1.0,0.0,0.0,1.0,0.0,0.0,0.0
EIA_61510_MONE,305,S_61510,Solar,Solar,0.0,2.0,0,0,2.0,0,0,0,0,0,0,0.0,1.0,0.0,0.0,1.0,0.0,0.0,0.0
EIA_61575_BAL01,212,S_61575,Solar,Solar,0.0,2.0,0,0,2.0,0,0,0,0,0,0,0.0,1.0,0.0,0.0,1.0,0.0,0.0,0.0
EIA_61576_JF01,561,S_61576,Solar,Solar,0.0,2.0,0,0,2.0,0,0,0,0,0,0,0.0,1.0,0.0,0.0,1.0,0.0,0.0,0.0
EIA_61577_MRT01,580,S_61577,Solar,Solar,0.0,2.0,0,0,2.0,0,0,0,0,0,0,0.0,1.0,0.0,0.0,1.0,0.0,0.0,0.0
EIA_61578_MIN01,538,S_61578,Solar,Solar,0.0,2.0,0,0,2.0,0,0,0,0,0,0,0.0,1.0,0.0,0.0,1.0,0.0,0.0,0.0
EIA_61579_SUT01,100,S_61579,Solar,Solar,0.0,2.0,0,0,2.0,0,0,0,0,0,0,0.0,1.0,0.0,0.0,1.0,0.0,0.0,0.0
EIA_61604_1,118,S_61604,Solar,Solar,0.0,1.8,0,0,1.8,0,0,0,0,0,0,0.0,0.9,0.0,0.0,1.0,0.0,0.0,0.0
EIA_61641_23,396,H_61641,Hydro,Hydro,0.0,1.7,0,0,0.34,0,0,0,0,0,0,0.0,0.85,0.0,0.0,1.0,0.0,5.0,5.0
EIA_61641_24,396,H_61641,Hydro,Hydro,0.0,1.7,0,0,0.34,0,0,0,0,0,0,0.0,0.85,0.0,0.0,1.0,0.0,5.0,5.0
EIA_61641_25,396,H_61641,Hydro,Hydro,0.0,1.7,0,0,0.34,0,0,0,0,0,0,0.0,0.85,0.0,0.0,1.0,0.0,5.0,5.0
EIA_61642_10,412,H_61642,Hydro,Hydro,0.0,0.5,0,0,0.1,0,0,0,0,0,0,0.0,0.25,0.0,0.0,1.0,0.0,5.0,5.0
EIA_61642_11,412,H_61642,Hydro,Hydro,0.0,0.5,0,0,0.1,0,0,0,0,0,0,0.0,0.25,0.0,0.0,1.0,0.0,5.0,5.0
EIA_61642_12,412,H_61642,Hydro,Hydro,0.0,0.5,0,0,0.1,0,0,0,0,0,0,0.0,0.25,0.0,0.0,1.0,0.0,5.0,5.0
EIA_61673_WT,559,W_61673,Wind,Wind,0.0,78.4,0,0,78.4,0,0,0,0,0,0,0.0,39.2,0.0,0.0,1.0,0.0,0.0,0.0
EIA_61717_SSIRE,23,S_61717,Solar,Solar,0.0,1.0,0,0,1.0,0,0,0,0,0,0,0.0,0.5,0.0,0.0,1.0,0.0,0.0,0.0
EIA_61719_LWCJ1,111,S_61719,Solar,Solar,0.0,2.0,0,0,2.0,0,0,0,0,0,0,0.0,1.0,0.0,0.0,1.0,0.0,0.0,0.0
EIA_61720_LECOU,111,S_61720,Solar,Solar,0.0,1.5,0,0,1.5,0,0,0,0,0,0,0.0,0.75,0.0,0.0,1.0,0.0,0.0,0.0
EIA_61724_10254,713,S_61724,Solar,Solar,0.0,2.0,0,0,2.0,0,0,0,0,0,0,0.0,1.0,0.0,0.0,1.0,0.0,0.0,0.0
EIA_61725_PV1,185,S_61725,Solar,Solar,0.0,1.8,0,0,1.8,0,0,0,0,0,0,0.0,0.9,0.0,0.0,1.0,0.0,0.0,0.0
EIA_61734_1,274,W_61734,Wind,Wind,0.0,1.5,0,0,1.5,0,0,0,0,0,0,0.0,0.75,0.0,0.0,1.0,0.0,0.0,0.0
EIA_61764_SNWH2,347,S_61764,Solar,Solar,0.0,2.0,0,0,2.0,0,0,0,0,0,0,0.0,1.0,0.0,0.0,1.0,0.0,0.0,0.0
EIA_61765_SNWH1,347,S_61765,Solar,Solar,0.0,2.0,0,0,2.0,0,0,0,0,0,0,0.0,1.0,0.0,0.0,1.0,0.0,0.0,0.0
EIA_61804_ROC01,301,S_61804,Solar,Solar,0.0,1.8,0,0,1.8,0,0,0,0,0,0,0.0,0.9,0.0,0.0,1.0,0.0,0.0,0.0
EIA_61847_10046,44,S_61847,Solar,Solar,0.0,2.0,0,0,2.0,0,0,0,0,0,0,0.0,1.0,0.0,0.0,1.0,0.0,0.0,0.0
EIA_61863_10048,28,S_61863,Solar,Solar,0.0,2.0,0,0,2.0,0,0,0,0,0,0,0.0,1.0,0.0,0.0,1.0,0.0,0.0,0.0
EIA_61888_10049,195,S_61888,Solar,Solar,0.0,2.0,0,0,2.0,0,0,0,0,0,0,0.0,1.0,0.0,0.0,1.0,0.0,0.0,0.0
EIA_61898_SOLEA,589,S_61898,Solar,Solar,0.0,4.0,0,0,4.0,0,0,0,0,0,0,0.0,2.0,0.0,0.0,1.0,0.0,0.0,0.0
EIA_61899_LINC,438,S_61899,Solar,Solar,0.0,2.0,0,0,2.0,0,0,0,0,0,0,0.0,1.0,0.0,0.0,1.0,0.0,0.0,0.0
EIA_61900_BLYD,438,S_61900,Solar,Solar,0.0,1.5,0,0,1.5,0,0,0,0,0,0,0.0,0.75,0.0,0.0,1.0,0.0,0.0,0.0
EIA_61902_HOLTS,438,S_61902,Solar,Solar,0.0,1.2,0,0,1.2,0,0,0,0,0,0,0.0,0.6,0.0,0.0,1.0,0.0,0.0,0.0
EIA_61903_10116,220,S_61903,Solar,Solar,0.0,2.0,0,0,2.0,0,0,0,0,0,0,0.0,1.0,0.0,0.0,1.0,0.0,0.0,0.0
EIA_61904_10044,383,S_61904,Solar,Solar,0.0,2.0,0,0,2.0,0,0,0,0,0,0,0.0,1.0,0.0,0.0,1.0,0.0,0.0,0.0
EIA_61905_10045,383,S_61905,Solar,Solar,0.0,2.0,0,0,2.0,0,0,0,0,0,0,0.0,1.0,0.0,0.0,1.0,0.0,0.0,0.0
EIA_61917_OPPEN,82,S_61917,Solar,Solar,0.0,1.4,0,0,1.4,0,0,0,0,0,0,0.0,0.7,0.0,0.0,1.0,0.0,0.0,0.0
EIA_61922_BEACO,507,S_61922,Solar,Solar,0.0,2.0,0,0,2.0,0,0,0,0,0,0,0.0,1.0,0.0,0.0,1.0,0.0,0.0,0.0
EIA_61958_BAP1,44,S_61958,Solar,Solar,0.0,1.5,0,0,1.5,0,0,0,0,0,0,0.0,0.75,0.0,0.0,1.0,0.0,0.0,0.0
EIA_62017_RIV1,445,S_62017,Solar,Solar,0.0,20.0,0,0,20.0,0,0,0,0,0,0,0.0,10.0,0.0,0.0,1.0,0.0,0.0,0.0
EIA_62029_5515,525,S_62029,Solar,Solar,0.0,1.8,0,0,1.8,0,0,0,0,0,0,0.0,0.9,0.0,0.0,1.0,0.0,0.0,0.0
EIA_62034_7,623,S_62034,Solar,Solar,0.0,2.0,0,0,2.0,0,0,0,0,0,0,0.0,1.0,0.0,0.0,1.0,0.0,0.0,0.0
EIA_62145_MINI1,538,S_62145,Solar,Solar,0.0,1.8,0,0,1.8,0,0,0,0,0,0,0.0,0.9,0.0,0.0,1.0,0.0,0.0,0.0
EIA_62146_MINI2,538,S_62146,Solar,Solar,0.0,2.0,0,0,2.0,0,0,0,0,0,0,0.0,1.0,0.0,0.0,1.0,0.0,0.0,0.0
EIA_62154_12,535,S_62154,Solar,Solar,0.0,2.0,0,0,2.0,0,0,0,0,0,0,0.0,1.0,0.0,0.0,1.0,0.0,0.0,0.0
EIA_62155_9,623,S_62155,Solar,Solar,0.0,1.4,0,0,1.4,0,0,0,0,0,0,0.0,0.7,0.0,0.0,1.0,0.0,0.0,0.0
EIA_62156_15,324,S_62156,Solar,Solar,0.0,2.0,0,0,2.0,0,0,0,0,0,0,0.0,1.0,0.0,0.0,1.0,0.0,0.0,0.0
EIA_62157_235,213,S_62157,Solar,Solar,0.0,2.0,0,0,2.0,0,0,0,0,0,0,0.0,1.0,0.0,0.0,1.0,0.0,0.0,0.0
EIA_62158_11,538,S_62158,Solar,Solar,0.0,2.0,0,0,2.0,0,0,0,0,0,0,0.0,1.0,0.0,0.0,1.0,0.0,0.0,0.0
EIA_62159_20,538,S_62159,Solar,Solar,0.0,1.7,0,0,1.7,0,0,0,0,0,0,0.0,0.85,0.0,0.0,1.0,0.0,0.0,0.0
EIA_62160_300,213,S_62160,Solar,Solar,0.0,2.0,0,0,2.0,0,0,0,0,0,0,0.0,1.0,0.0,0.0,1.0,0.0,0.0,0.0
EIA_62303_MF01,383,S_62303,Solar,Solar,0.0,2.0,0,0,2.0,0,0,0,0,0,0,0.0,1.0,0.0,0.0,1.0,0.0,0.0,0.0
EIA_62322_MG8,373,H_62322,Hydro,Hydro,0.0,1.5,0,0,0.3,0,0,0,0,0,0,0.0,0.75,0.0,0.0,1.0,0.0,5.0,5.0
EIA_62322_MG9,373,H_62322,Hydro,Hydro,0.0,1.5,0,0,0.3,0,0,0,0,0,0,0.0,0.75,0.0,0.0,1.0,0.0,5.0,5.0
EIA_62357_08158,137,S_62357,Solar,Solar,0.0,5.0,0,0,5.0,0,0,0,0,0,0,0.0,2.5,0.0,0.0,1.0,0.0,0.0,0.0
EIA_62389_PASTO,458,S_62389,Solar,Solar,0.0,16.0,0,0,16.0,0,0,0,0,0,0,0.0,8.0,0.0,0.0,1.0,0.0,0.0,0.0
EIA_62412_DAUM,481,S_62412,Solar,Solar,0.0,4.0,0,0,4.0,0,0,0,0,0,0,0.0,2.0,0.0,0.0,1.0,0.0,0.0,0.0
EIA_62413_ELLIS,525,S_62413,Solar,Solar,0.0,18.0,0,0,18.0,0,0,0,0,0,0,0.0,9.0,0.0,0.0,1.0,0.0,0.0,0.0
EIA_62456_RGP00,454,G_62456,Gas,Gas,0.45,1.5,2,2,0.08,4,2,1,30,15,8,3.5,0.75,0.0,0.3,1.0,0.0,35.0,35.0
EIA_62471_1034,310,S_62471,Solar,Solar,0.0,2.5,0,0,2.5,0,0,0,0,0,0,0.0,1.25,0.0,0.0,1.0,0.0,0.0,0.0
EIA_62472_617,310,S_62472,Solar,Solar,0.0,2.2,0,0,2.2,0,0,0,0,0,0,0.0,1.1,0.0,0.0,1.0,0.0,0.0,0.0
EIA_62473_1035,310,S_62473,Solar,Solar,0.0,2.5,0,0,2.5,0,0,0,0,0,0,0.0,1.25,0.0,0.0,1.0,0.0,0.0,0.0
EIA_62474_928,585,S_62474,Solar,Solar,0.0,5.0,0,0,5.0,0,0,0,0,0,0,0.0,2.5,0.0,0.0,1.0,0.0,0.0,0.0
EIA_62476_607,690,S_62476,Solar,Solar,0.0,2.0,0,0,2.0,0,0,0,0,0,0,0.0,1.0,0.0,0.0,1.0,0.0,0.0,0.0
EIA_62477_372,421,S_62477,Solar,Solar,0.0,1.3,0,0,1.3,0,0,0,0,0,0,0.0,0.65,0.0,0.0,1.0,0.0,0.0,0.0
EIA_62479_175,623,S_62479,Solar,Solar,0.0,2.0,0,0,2.0,0,0,0,0,0,0,0.0,1.0,0.0,0.0,1.0,0.0,0.0,0.0
EIA_62480_635,305,S_62480,Solar,Solar,0.0,2.0,0,0,2.0,0,0,0,0,0,0,0.0,1.0,0.0,0.0,1.0,0.0,0.0,0.0
EIA_62486_CMRSL,206,S_62486,Solar,Solar,0.0,2.0,0,0,2.0,0,0,0,0,0,0,0.0,1.0,0.0,0.0,1.0,0.0,0.0,0.0
EIA_62496_1268,670,S_62496,Solar,Solar,0.0,3.8,0,0,3.8,0,0,0,0,0,0,0.0,1.9,0.0,0.0,1.0,0.0,0.0,0.0
EIA_62498_1413,670,S_62498,Solar,Solar,0.0,2.0,0,0,2.0,0,0,0,0,0,0,0.0,1.0,0.0,0.0,1.0,0.0,0.0,0.0
EIA_62500_1258,670,S_62500,Solar,Solar,0.0,2.0,0,0,2.0,0,0,0,0,0,0,0.0,1.0,0.0,0.0,1.0,0.0,0.0,0.0
EIA_62502_1415,670,S_62502,Solar,Solar,0.0,5.0,0,0,5.0,0,0,0,0,0,0,0.0,2.5,0.0,0.0,1.0,0.0,0.0,0.0
EIA_62504_1159,259,S_62504,Solar,Solar,0.0,2.0,0,0,2.0,0,0,0,0,0,0,0.0,1.0,0.0,0.0,1.0,0.0,0.0,0.0
EIA_62507_1419,216,S_62507,Solar,Solar,0.0,4.1,0,0,4.1,0,0,0,0,0,0,0.0,2.05,0.0,0.0,1.0,0.0,0.0,0.0
EIA_62508_1420,252,S_62508,Solar,Solar,0.0,3.0,0,0,3.0,0,0,0,0,0,0,0.0,1.5,0.0,0.0,1.0,0.0,0.0,0.0
EIA_62517_1142,258,S_62517,Solar,Solar,0.0,2.3,0,0,2.3,0,0,0,0,0,0,0.0,1.15,0.0,0.0,1.0,0.0,0.0,0.0
EIA_62518_1181,258,S_62518,Solar,Solar,0.0,2.3,0,0,2.3,0,0,0,0,0,0,0.0,1.15,0.0,0.0,1.0,0.0,0.0,0.0
EIA_62519_1244,258,S_62519,Solar,Solar,0.0,2.3,0,0,2.3,0,0,0,0,0,0,0.0,1.15,0.0,0.0,1.0,0.0,0.0,0.0
EIA_62521_1442,259,S_62521,Solar,Solar,0.0,1.4,0,0,1.4,0,0,0,0,0,0,0.0,0.7,0.0,0.0,1.0,0.0,0.0,0.0
EIA_62524_1444,708,S_62524,Solar,Solar,0.0,3.7,0,0,3.7,0,0,0,0,0,0,0.0,1.85,0.0,0.0,1.0,0.0,0.0,0.0
EIA_62525_40,623,S_62525,Solar,Solar,0.0,2.0,0,0,2.0,0,0,0,0,0,0,0.0,1.0,0.0,0.0,1.0,0.0,0.0,0.0
EIA_62526_41,623,S_62526,Solar,Solar,0.0,2.0,0,0,2.0,0,0,0,0,0,0,0.0,1.0,0.0,0.0,1.0,0.0,0.0,0.0
EIA_62527_390,623,S_62527,Solar,Solar,0.0,2.0,0,0,2.0,0,0,0,0,0,0,0.0,1.0,0.0,0.0,1.0,0.0,0.0,0.0
EIA_62528_391,623,S_62528,Solar,Solar,0.0,2.0,0,0,2.0,0,0,0,0,0,0,0.0,1.0,0.0,0.0,1.0,0.0,0.0,0.0
EIA_62530_496,612,S_62530,Solar,Solar,0.0,2.0,0,0,2.0,0,0,0,0,0,0,0.0,1.0,0.0,0.0,1.0,0.0,0.0,0.0
EIA_62531_1010,612,S_62531,Solar,Solar,0.0,2.0,0,0,2.0,0,0,0,0,0,0,0.0,1.0,0.0,0.0,1.0,0.0,0.0,0.0
EIA_62532_1011,612,S_62532,Solar,Solar,0.0,2.0,0,0,2.0,0,0,0,0,0,0,0.0,1.0,0.0,0.0,1.0,0.0,0.0,0.0
EIA_62533_1023,612,S_62533,Solar,Solar,0.0,2.0,0,0,2.0,0,0,0,0,0,0,0.0,1.0,0.0,0.0,1.0,0.0,0.0,0.0
EIA_62549_JOHNN,137,S_62549,Solar,Solar,0.0,1.5,0,0,1.5,0,0,0,0,0,0,0.0,0.75,0.0,0.0,1.0,0.0,0.0,0.0
EIA_62556_JOHNS,137,S_62556,Solar,Solar,0.0,2.0,0,0,2.0,0,0,0,0,0,0,0.0,1.0,0.0,0.0,1.0,0.0,0.0,0.0
EIA_62572_ATT49,435,G_62572,Gas,Gas,0.3,1.0,2,2,0.05,4,2,1,30,15,8,3.5,0.5,0.0,0.3,1.0,0.0,35.0,35.0
EIA_62576_MER01,723,G_62576,Gas,Gas,0.36,1.2,2,2,0.06,4,2,1,30,15,8,3.5,0.6,0.0,0.3,1.0,0.0,35.0,35.0
EIA_62580_6081,720,S_62580,Solar,Solar,0.0,4.0,0,0,4.0,0,0,0,0,0,0,0.0,2.0,0.0,0.0,1.0,0.0,0.0,0.0
EIA_62582_5216,200,S_62582,Solar,Solar,0.0,6.0,0,0,6.0,0,0,0,0,0,0,0.0,3.0,0.0,0.0,1.0,0.0,0.0,0.0
EIA_62582_5465,200,S_62582,Solar,Solar,0.0,2.0,0,0,2.0,0,0,0,0,0,0,0.0,1.0,0.0,0.0,1.0,0.0,0.0,0.0
EIA_62582_5466,200,S_62582,Solar,Solar,0.0,2.0,0,0,2.0,0,0,0,0,0,0,0.0,1.0,0.0,0.0,1.0,0.0,0.0,0.0
EIA_62582_5467,200,S_62582,Solar,Solar,0.0,2.0,0,0,2.0,0,0,0,0,0,0,0.0,1.0,0.0,0.0,1.0,0.0,0.0,0.0
EIA_62613_CBPB1,423,S_62613,Solar,Solar,0.0,1.8,0,0,1.8,0,0,0,0,0,0,0.0,0.9,0.0,0.0,1.0,0.0,0.0,0.0
EIA_62614_KMFO1,129,S_62614,Solar,Solar,0.0,1.7,0,0,1.7,0,0,0,0,0,0,0.0,0.85,0.0,0.0,1.0,0.0,0.0,0.0
EIA_62721_SS29,658,S_62721,Solar,Solar,0.0,2.0,0,0,2.0,0,0,0,0,0,0,0.0,1.0,0.0,0.0,1.0,0.0,0.0,0.0
EIA_62722_SS24,571,S_62722,Solar,Solar,0.0,2.0,0,0,2.0,0,0,0,0,0,0,0.0,1.0,0.0,0.0,1.0,0.0,0.0,0.0
EIA_62723_SS22,659,S_62723,Solar,Solar,0.0,2.0,0,0,2.0,0,0,0,0,0,0,0.0,1.0,0.0,0.0,1.0,0.0,0.0,0.0
EIA_62724_HSW,589,S_62724,Solar,Solar,0.0,1.6,0,0,1.6,0,0,0,0,0,0,0.0,0.8,0.0,0.0,1.0,0.0,0.0,0.0
EIA_62725_HSE,589,S_62725,Solar,Solar,0.0,1.6,0,0,1.6,0,0,0,0,0,0,0.0,0.8,0.0,0.0,1.0,0.0,0.0,0.0
EIA_62736_850KW,251,W_62736,Wind,Wind,0.0,0.9,0,0,0.9,0,0,0,0,0,0,0.0,0.45,0.0,0.0,1.0,0.0,0.0,0.0
EIA_62736_CPH,251,G_62736,Gas,Gas,0.15,0.5,2,2,0.03,4,2,1,30,15,8,3.5,0.25,0.0,0.3,1.0,0.0,35.0,35.0
EIA_62737_WVW,232,S_62737,Solar,Solar,0.0,5.0,0,0,5.0,0,0,0,0,0,0,0.0,2.5,0.0,0.0,1.0,0.0,0.0,0.0
EIA_62738_WVE,232,S_62738,Solar,Solar,0.0,5.0,0,0,5.0,0,0,0,0,0,0,0.0,2.5,0.0,0.0,1.0,0.0,0.0,0.0
EIA_62759_GV,538,S_62759,Solar,Solar,0.0,2.0,0,0,2.0,0,0,0,0,0,0,0.0,1.0,0.0,0.0,1.0,0.0,0.0,0.0
EIA_62761_CH,561,S_62761,Solar,Solar,0.0,2.0,0,0,2.0,0,0,0,0,0,0,0.0,1.0,0.0,0.0,1.0,0.0,0.0,0.0
EIA_62764_WT,538,S_62764,Solar,Solar,0.0,2.0,0,0,2.0,0,0,0,0,0,0,0.0,1.0,0.0,0.0,1.0,0.0,0.0,0.0
EIA_62777_ULSTE,578,S_62777,Solar,Solar,0.0,1.4,0,0,1.4,0,0,0,0,0,0,0.0,0.7,0.0,0.0,1.0,0.0,0.0,0.0
EIA_62784_FRANK,169,S_62784,Solar,Solar,0.0,1.6,0,0,1.6,0,0,0,0,0,0,0.0,0.8,0.0,0.0,1.0,0.0,0.0,0.0
EIA_62785_MALON,169,S_62785,Solar,Solar,0.0,1.1,0,0,1.1,0,0,0,0,0,0,0.0,0.55,0.0,0.0,1.0,0.0,0.0,0.0
EIA_62788_X0040,338,S_62788,Solar,Solar,0.0,4.7,0,0,4.7,0,0,0,0,0,0,0.0,2.35,0.0,0.0,1.0,0.0,0.0,0.0
EIA_62810_13500,294,S_62810,Solar,Solar,0.0,1.6,0,0,1.6,0,0,0,0,0,0,0.0,0.8,0.0,0.0,1.0,0.0,0.0,0.0
EIA_62831_25,648,S_62831,Solar,Solar,0.0,2.0,0,0,2.0,0,0,0,0,0,0,0.0,1.0,0.0,0.0,1.0,0.0,0.0,0.0
EIA_62832_309,648,S_62832,Solar,Solar,0.0,1.7,0,0,1.7,0,0,0,0,0,0,0.0,0.85,0.0,0.0,1.0,0.0,0.0,0.0
EIA_62834_871,525,S_62834,Solar,Solar,0.0,2.2,0,0,2.2,0,0,0,0,0,0,0.0,1.1,0.0,0.0,1.0,0.0,0.0,0.0
EIA_62843_PV1,706,S_62843,Solar,Solar,0.0,1.9,0,0,1.9,0,0,0,0,0,0,0.0,0.95,0.0,0.0,1.0,0.0,0.0,0.0
EIA_62860_263,551,S_62860,Solar,Solar,0.0,4.0,0,0,4.0,0,0,0,0,0,0,0.0,2.0,0.0,0.0,1.0,0.0,0.0,0.0
EIA_62920_CG-1,576,G_62920,Gas,Gas,0.33,1.1,2,2,0.06,4,2,1,30,15,8,3.5,0.55,0.0,0.3,1.0,0.0,35.0,35.0
EIA_62920_CG-2,576,G_62920,Gas,Gas,0.33,1.1,2,2,0.06,4,2,1,30,15,8,3.5,0.55,0.0,0.3,1.0,0.0,35.0,35.0
EIA_62920_CG-3,576,G_62920,Gas,Gas,0.33,1.1,2,2,0.06,4,2,1,30,15,8,3.5,0.55,0.0,0.3,1.0,0.0,35.0,35.0
EIA_62920_CG-4,576,G_62920,Gas,Gas,0.09,0.3,2,2,0.01,4,2,1,30,15,8,3.5,0.15,0.0,0.3,1.0,0.0,35.0,35.0
EIA_62998_ASHDO,341,S_62998,Solar,Solar,0.0,4.0,0,0,4.0,0,0,0,0,0,0,0.0,2.0,0.0,0.0,1.0,0.0,0.0,0.0
EIA_62999_FINCH,538,S_62999,Solar,Solar,0.0,5.0,0,0,5.0,0,0,0,0,0,0,0.0,2.5,0.0,0.0,1.0,0.0,0.0,0.0
EIA_63000_WALDN,206,S_63000,Solar,Solar,0.0,5.0,0,0,5.0,0,0,0,0,0,0,0.0,2.5,0.0,0.0,1.0,0.0,0.0,0.0
EIA_63012_SWANN,307,S_63012,Solar,Solar,0.0,5.0,0,0,5.0,0,0,0,0,0,0,0.0,2.5,0.0,0.0,1.0,0.0,0.0,0.0
EIA_63013_STATE,137,S_63013,Solar,Solar,0.0,4.0,0,0,4.0,0,0,0,0,0,0,0.0,2.0,0.0,0.0,1.0,0.0,0.0,0.0
EIA_63051_32,255,S_63051,Solar,Solar,0.0,2.0,0,0,2.0,0,0,0,0,0,0,0.0,1.0,0.0,0.0,1.0,0.0,0.0,0.0
EIA_63052_106,134,S_63052,Solar,Solar,0.0,2.0,0,0,2.0,0,0,0,0,0,0,0.0,1.0,0.0,0.0,1.0,0.0,0.0,0.0
EIA_63055_26,520,S_63055,Solar,Solar,0.0,2.0,0,0,2.0,0,0,0,0,0,0,0.0,1.0,0.0,0.0,1.0,0.0,0.0,0.0
EIA_63056_131,28,S_63056,Solar,Solar,0.0,2.0,0,0,2.0,0,0,0,0,0,0,0.0,1.0,0.0,0.0,1.0,0.0,0.0,0.0
EIA_63057_114,333,S_63057,Solar,Solar,0.0,2.0,0,0,2.0,0,0,0,0,0,0,0.0,1.0,0.0,0.0,1.0,0.0,0.0,0.0
EIA_63058_199,47,S_63058,Solar,Solar,0.0,2.0,0,0,2.0,0,0,0,0,0,0,0.0,1.0,0.0,0.0,1.0,0.0,0.0,0.0
EIA_63059_19,638,S_63059,Solar,Solar,0.0,2.0,0,0,2.0,0,0,0,0,0,0,0.0,1.0,0.0,0.0,1.0,0.0,0.0,0.0
EIA_63060_28,314,S_63060,Solar,Solar,0.0,2.0,0,0,2.0,0,0,0,0,0,0,0.0,1.0,0.0,0.0,1.0,0.0,0.0,0.0
EIA_63060_29,314,S_63060,Solar,Solar,0.0,2.0,0,0,2.0,0,0,0,0,0,0,0.0,1.0,0.0,0.0,1.0,0.0,0.0,0.0
EIA_63079_157,557,S_63079,Solar,Solar,0.0,1.7,0,0,1.7,0,0,0,0,0,0,0.0,0.85,0.0,0.0,1.0,0.0,0.0,0.0
EIA_63086_1731,163,S_63086,Solar,Solar,0.0,2.0,0,0,2.0,0,0,0,0,0,0,0.0,1.0,0.0,0.0,1.0,0.0,0.0,0.0
EIA_63106_21,58,S_63106,Solar,Solar,0.0,2.0,0,0,2.0,0,0,0,0,0,0,0.0,1.0,0.0,0.0,1.0,0.0,0.0,0.0
EIA_63107_1725,108,S_63107,Solar,Solar,0.0,2.0,0,0,2.0,0,0,0,0,0,0,0.0,1.0,0.0,0.0,1.0,0.0,0.0,0.0
EIA_63108_30,228,S_63108,Solar,Solar,0.0,2.0,0,0,2.0,0,0,0,0,0,0,0.0,1.0,0.0,0.0,1.0,0.0,0.0,0.0
EIA_63112_22,460,S_63112,Solar,Solar,0.0,2.0,0,0,2.0,0,0,0,0,0,0,0.0,1.0,0.0,0.0,1.0,0.0,0.0,0.0
EIA_63129_ALLIS,681,S_63129,Solar,Solar,0.0,5.0,0,0,5.0,0,0,0,0,0,0,0.0,2.5,0.0,0.0,1.0,0.0,0.0,0.0
EIA_63130_BEALS,681,S_63130,Solar,Solar,0.0,3.5,0,0,3.5,0,0,0,0,0,0,0.0,1.75,0.0,0.0,1.0,0.0,0.0,0.0
EIA_63161_TNWDA,577,S_63161,Solar,Solar,0.0,2.0,0,0,2.0,0,0,0,0,0,0,0.0,1.0,0.0,0.0,1.0,0.0,0.0,0.0
EIA_63224_X0140,572,S_63224,Solar,Solar,0.0,5.0,0,0,5.0,0,0,0,0,0,0,0.0,2.5,0.0,0.0,1.0,0.0,0.0,0.0
EIA_63230_KNAGG,134,S_63230,Solar,Solar,0.0,3.9,0,0,3.9,0,0,0,0,0,0,0.0,1.95,0.0,0.0,1.0,0.0,0.0,0.0
EIA_63236_DG2,126,G_63236,Gas,Gas,0.96,3.2,2,2,0.16,4,2,1,30,15,8,3.5,1.6,0.0,0.3,1.0,0.0,35.0,35.0
EIA_63236_DG3,126,G_63236,Gas,Gas,0.96,3.2,2,2,0.16,4,2,1,30,15,8,3.5,1.6,0.0,0.3,1.0,0.0,35.0,35.0
EIA_63236_DG4,126,G_63236,Gas,Gas,0.96,3.2,2,2,0.16,4,2,1,30,15,8,3.5,1.6,0.0,0.3,1.0,0.0,35.0,35.0
EIA_63236_DG5,126,G_63236,Gas,Gas,0.96,3.2,2,2,0.16,4,2,1,30,15,8,3.5,1.6,0.0,0.3,1.0,0.0,35.0,35.0
EIA_63279_PV1,189,S_63279,Solar,Solar,0.0,1.0,0,0,1.0,0,0,0,0,0,0,0.0,0.5,0.0,0.0,1.0,0.0,0.0,0.0
EIA_63291_GPS,453,S_63291,Solar,Solar,0.0,1.6,0,0,1.6,0,0,0,0,0,0,0.0,0.8,0.0,0.0,1.0,0.0,0.0,0.0
EIA_63292_BHD,413,S_63292,Solar,Solar,0.0,1.9,0,0,1.9,0,0,0,0,0,0,0.0,0.95,0.0,0.0,1.0,0.0,0.0,0.0
EIA_63297_GATES,720,S_63297,Solar,Solar,0.0,1.8,0,0,1.8,0,0,0,0,0,0,0.0,0.9,0.0,0.0,1.0,0.0,0.0,0.0
EIA_63337_6004,593,S_63337,Solar,Solar,0.0,5.0,0,0,5.0,0,0,0,0,0,0,0.0,2.5,0.0,0.0,1.0,0.0,0.0,0.0
EIA_63339_6609,195,S_63339,Solar,Solar,0.0,3.6,0,0,3.6,0,0,0,0,0,0,0.0,1.8,0.0,0.0,1.0,0.0,0.0,0.0
EIA_63340_6609,144,S_63340,Solar,Solar,0.0,5.0,0,0,5.0,0,0,0,0,0,0,0.0,2.5,0.0,0.0,1.0,0.0,0.0,0.0
EIA_63341_6608,144,S_63341,Solar,Solar,0.0,5.0,0,0,5.0,0,0,0,0,0,0,0.0,2.5,0.0,0.0,1.0,0.0,0.0,0.0
EIA_63369_RILE1,97,S_63369,Solar,Solar,0.0,2.0,0,0,2.0,0,0,0,0,0,0,0.0,1.0,0.0,0.0,1.0,0.0,0.0,0.0
EIA_63369_RILE2,97,S_63369,Solar,Solar,0.0,2.0,0,0,2.0,0,0,0,0,0,0,0.0,1.0,0.0,0.0,1.0,0.0,0.0,0.0
EIA_63371_BRUNS,698,S_63371,Solar,Solar,0.0,2.0,0,0,2.0,0,0,0,0,0,0,0.0,1.0,0.0,0.0,1.0,0.0,0.0,0.0
EIA_63372_CATLI,637,S_63372,Solar,Solar,0.0,4.0,0,0,4.0,0,0,0,0,0,0,0.0,2.0,0.0,0.0,1.0,0.0,0.0,0.0
EIA_63373_SARAT,43,S_63373,Solar,Solar,0.0,5.0,0,0,5.0,0,0,0,0,0,0,0.0,2.5,0.0,0.0,1.0,0.0,0.0,0.0
EIA_63405_29,314,S_63405,Solar,Solar,0.0,2.0,0,0,2.0,0,0,0,0,0,0,0.0,1.0,0.0,0.0,1.0,0.0,0.0,0.0
EIA_63407_101,259,S_63407,Solar,Solar,0.0,2.0,0,0,2.0,0,0,0,0,0,0,0.0,1.0,0.0,0.0,1.0,0.0,0.0,0.0
EIA_63408_300,310,S_63408,Solar,Solar,0.0,2.0,0,0,2.0,0,0,0,0,0,0,0.0,1.0,0.0,0.0,1.0,0.0,0.0,0.0
EIA_63409_100,652,S_63409,Solar,Solar,0.0,2.0,0,0,2.0,0,0,0,0,0,0,0.0,1.0,0.0,0.0,1.0,0.0,0.0,0.0
EIA_63410_304,399,S_63410,Solar,Solar,0.0,1.4,0,0,1.4,0,0,0,0,0,0,0.0,0.7,0.0,0.0,1.0,0.0,0.0,0.0
EIA_63411_RTE40,364,S_63411,Solar,Solar,0.0,5.0,0,0,5.0,0,0,0,0,0,0,0.0,2.5,0.0,0.0,1.0,0.0,0.0,0.0
EIA_63415_CENTR,538,S_63415,Solar,Solar,0.0,1.6,0,0,1.6,0,0,0,0,0,0,0.0,0.8,0.0,0.0,1.0,0.0,0.0,0.0
EIA_63450_PV1,532,S_63450,Solar,Solar,0.0,4.9,0,0,4.9,0,0,0,0,0,0,0.0,2.45,0.0,0.0,1.0,0.0,0.0,0.0
EIA_63497_NORTH,445,S_63497,Solar,Solar,0.0,1.3,0,0,1.3,0,0,0,0,0,0,0.0,0.65,0.0,0.0,1.0,0.0,0.0,0.0
EIA_63498_SOUTH,445,S_63498,Solar,Solar,0.0,1.2,0,0,1.2,0,0,0,0,0,0,0.0,0.6,0.0,0.0,1.0,0.0,0.0,0.0
EIA_63511_PV1,133,S_63511,Solar,Solar,0.0,1.1,0,0,1.1,0,0,0,0,0,0,0.0,0.55,0.0,0.0,1.0,0.0,0.0,0.0
EIA_63647_SDM00,126,G_63647,Gas,Gas,0.54,1.8,2,2,0.09,4,2,1,30,15,8,3.5,0.9,0.0,0.3,1.0,0.0,35.0,35.0
EIA_63648_NHH03,126,G_63648,Gas,Gas,0.33,1.1,2,2,0.06,4,2,1,30,15,8,3.5,0.55,0.0,0.3,1.0,0.0,35.0,35.0
EIA_63649_NHH04,126,G_63649,Gas,Gas,0.3,1.0,2,2,0.05,4,2,1,30,15,8,3.5,0.5,0.0,0.3,1.0,0.0,35.0,35.0
EIA_63661_SWM-1,445,G_63661,Gas,Gas,0.84,2.8,2,2,0.14,4,2,1,30,15,8,3.5,1.4,0.0,0.3,1.0,0.0,35.0,35.0
EIA_63661_SWM-2,445,G_63661,Gas,Gas,0.84,2.8,2,2,0.14,4,2,1,30,15,8,3.5,1.4,0.0,0.3,1.0,0.0,35.0,35.0
EIA_63661_SWM-3,445,G_63661,Gas,Gas,0.84,2.8,2,2,0.14,4,2,1,30,15,8,3.5,1.4,0.0,0.3,1.0,0.0,35.0,35.0
EIA_63675_TROYL,446,S_63675,Solar,Solar,0.0,2.0,0,0,2.0,0,0,0,0,0,0,0.0,1.0,0.0,0.0,1.0,0.0,0.0,0.0
EIA_63729_MT1,537,S_63729,Solar,Solar,0.0,3.0,0,0,3.0,0,0,0,0,0,0,0.0,1.5,0.0,0.0,1.0,0.0,0.0,0.0
EIA_63747_GRA,197,S_63747,Solar,Solar,0.0,2.0,0,0,2.0,0,0,0,0,0,0,0.0,1.0,0.0,0.0,1.0,0.0,0.0,0.0
EIA_63748_MHW,80,S_63748,Solar,Solar,0.0,1.9,0,0,1.9,0,0,0,0,0,0,0.0,0.95,0.0,0.0,1.0,0.0,0.0,0.0
EIA_63749_MHE,80,S_63749,Solar,Solar,0.0,1.9,0,0,1.9,0,0,0,0,0,0,0.0,0.95,0.0,0.0,1.0,0.0,0.0,0.0
EIA_63750_BLU,578,S_63750,Solar,Solar,0.0,2.0,0,0,2.0,0,0,0,0,0,0,0.0,1.0,0.0,0.0,1.0,0.0,0.0,0.0
EIA_63751_UND,147,S_63751,Solar,Solar,0.0,2.0,0,0,2.0,0,0,0,0,0,0,0.0,1.0,0.0,0.0,1.0,0.0,0.0,0.0
EIA_63752_GRA,206,S_63752,Solar,Solar,0.0,2.0,0,0,2.0,0,0,0,0,0,0,0.0,1.0,0.0,0.0,1.0,0.0,0.0,0.0
EIA_63772_1394,292,S_63772,Solar,Solar,0.0,1.1,0,0,1.1,0,0,0,0,0,0,0.0,0.55,0.0,0.0,1.0,0.0,0.0,0.0
EIA_63774_KRS,453,S_63774,Solar,Solar,0.0,1.0,0,0,1.0,0,0,0,0,0,0,0.0,0.5,0.0,0.0,1.0,0.0,0.0,0.0
EIA_63780_JOHN2,137,S_63780,Solar,Solar,0.0,2.0,0,0,2.0,0,0,0,0,0,0,0.0,1.0,0.0,0.0,1.0,0.0,0.0,0.0
EIA_63781_LIV4,508,S_63781,Solar,Solar,0.0,2.0,0,0,2.0,0,0,0,0,0,0,0.0,1.0,0.0,0.0,1.0,0.0,0.0,0.0
EIA_63800_23,373,S_63800,Solar,Solar,0.0,2.0,0,0,2.0,0,0,0,0,0,0,0.0,1.0,0.0,0.0,1.0,0.0,0.0,0.0
EIA_63854_8175C,621,S_63854,Solar,Solar,0.0,2.0,0,0,2.0,0,0,0,0,0,0,0.0,1.0,0.0,0.0,1.0,0.0,0.0,0.0
EIA_63855_8175E,206,S_63855,Solar,Solar,0.0,2.0,0,0,2.0,0,0,0,0,0,0,0.0,1.0,0.0,0.0,1.0,0.0,0.0,0.0
EIA_63856_8175D,538,S_63856,Solar,Solar,0.0,2.0,0,0,2.0,0,0,0,0,0,0,0.0,1.0,0.0,0.0,1.0,0.0,0.0,0.0
EIA_63857_8175B,538,S_63857,Solar,Solar,0.0,2.0,0,0,2.0,0,0,0,0,0,0,0.0,1.0,0.0,0.0,1.0,0.0,0.0,0.0
EIA_63858_8175A,478,S_63858,Solar,Solar,0.0,2.0,0,0,2.0,0,0,0,0,0,0,0.0,1.0,0.0,0.0,1.0,0.0,0.0,0.0
EIA_64017_7405,367,S_64017,Solar,Solar,0.0,4.0,0,0,4.0,0,0,0,0,0,0,0.0,2.0,0.0,0.0,1.0,0.0,0.0,0.0
EIA_64030_GEN1,55,S_64030,Solar,Solar,0.0,2.0,0,0,2.0,0,0,0,0,0,0,0.0,1.0,0.0,0.0,1.0,0.0,0.0,0.0
EIA_64041_4683,430,S_64041,Solar,Solar,0.0,2.0,0,0,2.0,0,0,0,0,0,0,0.0,1.0,0.0,0.0,1.0,0.0,0.0,0.0
EIA_64044_7141,353,S_64044,Solar,Solar,0.0,4.0,0,0,4.0,0,0,0,0,0,0,0.0,2.0,0.0,0.0,1.0,0.0,0.0,0.0
EIA_64046_7140,353,S_64046,Solar,Solar,0.0,4.0,0,0,4.0,0,0,0,0,0,0,0.0,2.0,0.0,0.0,1.0,0.0,0.0,0.0
EIA_64084_BR1CS,161,S_64084,Solar,Solar,0.0,5.0,0,0,5.0,0,0,0,0,0,0,0.0,2.5,0.0,0.0,1.0,0.0,0.0,0.0
EIA_64087_BR2CS,161,S_64087,Solar,Solar,0.0,5.0,0,0,5.0,0,0,0,0,0,0,0.0,2.5,0.0,0.0,1.0,0.0,0.0,0.0
EIA_64090_NYR12,161,S_64090,Solar,Solar,0.0,5.0,0,0,5.0,0,0,0,0,0,0,0.0,2.5,0.0,0.0,1.0,0.0,0.0,0.0
EIA_64091_MROCS,307,S_64091,Solar,Solar,0.0,5.0,0,0,5.0,0,0,0,0,0,0,0.0,2.5,0.0,0.0,1.0,0.0,0.0,0.0
EIA_64092_GLSCS,161,S_64092,Solar,Solar,0.0,5.0,0,0,5.0,0,0,0,0,0,0,0.0,2.5,0.0,0.0,1.0,0.0,0.0,0.0
EIA_64102_GE19H,195,S_64102,Solar,Solar,0.0,7.7,0,0,7.7,0,0,0,0,0,0,0.0,3.85,0.0,0.0,1.0,0.0,0.0,0.0
EIA_64125_TWNSD,290,S_64125,Solar,Solar,0.0,5.0,0,0,5.0,0,0,0,0,0,0,0.0,2.5,0.0,0.0,1.0,0.0,0.0,0.0
EIA_64126_ORNGE,637,S_64126,Solar,Solar,0.0,2.0,0,0,2.0,0,0,0,0,0,0,0.0,1.0,0.0,0.0,1.0,0.0,0.0,0.0
EIA_64127_PODNQ,637,S_64127,Solar,Solar,0.0,3.7,0,0,3.7,0,0,0,0,0,0,0.0,1.85,0.0,0.0,1.0,0.0,0.0,0.0
EIA_64143_BLA,432,G_64143,Gas,Gas,0.6,2.0,2,2,0.1,4,2,1,30,15,8,3.5,1.0,0.0,0.3,1.0,0.0,35.0,35.0
EIA_64291_A1,127,O_64291,Oil,Oil,0.4,2.0,1,1,0.2,2,1,0,10,5,2,12.0,1.0,0.0,0.2,1.0,0.0,80.0,80.0
EIA_64291_A2,127,O_64291,Oil,Oil,0.2,1.0,1,1,0.1,2,1,0,10,5,2,12.0,0.5,0.0,0.2,1.0,0.0,80.0,80.0
EIA_64291_A3,127,O_64291,Oil,Oil,0.2,1.0,1,1,0.1,2,1,0,10,5,2,12.0,0.5,0.0,0.2,1.0,0.0,80.0,80.0
EIA_64310_CORN,577,S_64310,Solar,Solar,0.0,5.0,0,0,5.0,0,0,0,0,0,0,0.0,2.5,0.0,0.0,1.0,0.0,0.0,0.0
EIA_64350_OBFC,445,G_64350,Gas,Gas,1.8,6.0,2,2,0.3,4,2,1,30,15,8,3.5,3.0,0.0,0.3,1.0,0.0,35.0,35.0
EIA_64351_JFK8,130,S_64351,Solar,Solar,0.0,4.9,0,0,4.9,0,0,0,0,0,0,0.0,2.45,0.0,0.0,1.0,0.0,0.0,0.0
EIA_64371_CORT1,422,S_64371,Solar,Solar,0.0,5.0,0,0,5.0,0,0,0,0,0,0,0.0,2.5,0.0,0.0,1.0,0.0,0.0,0.0
EIA_64372_SNGFD,597,S_64372,Solar,Solar,0.0,5.0,0,0,5.0,0,0,0,0,0,0,0.0,2.5,0.0,0.0,1.0,0.0,0.0,0.0
EIA_64373_CLAY1,73,S_64373,Solar,Solar,0.0,5.0,0,0,5.0,0,0,0,0,0,0,0.0,2.5,0.0,0.0,1.0,0.0,0.0,0.0
EIA_64374_NRWCH,183,S_64374,Solar,Solar,0.0,5.0,0,0,5.0,0,0,0,0,0,0,0.0,2.5,0.0,0.0,1.0,0.0,0.0,0.0
EIA_64421_DEWIT,238,S_64421,Solar,Solar,0.0,2.0,0,0,2.0,0,0,0,0,0,0,0.0,1.0,0.0,0.0,1.0,0.0,0.0,0.0
EIA_64442_MPPV,450,S_64442,Solar,Solar,0.0,0.5,0,0,0.5,0,0,0,0,0,0,0.0,0.25,0.0,0.0,1.0,0.0,0.0,0.0
EIA_64445_PV1,492,S_64445,Solar,Solar,0.0,1.8,0,0,1.8,0,0,0,0,0,0,0.0,0.9,0.0,0.0,1.0,0.0,0.0,0.0
EIA_64451_1583,163,S_64451,Solar,Solar,0.0,2.0,0,0,2.0,0,0,0,0,0,0,0.0,1.0,0.0,0.0,1.0,0.0,0.0,0.0
EIA_64453_VOLNE,171,S_64453,Solar,Solar,0.0,1.5,0,0,1.5,0,0,0,0,0,0,0.0,0.75,0.0,0.0,1.0,0.0,0.0,0.0
EIA_64525_TB1,592,S_64525,Solar,Solar,0.0,7.0,0,0,7.0,0,0,0,0,0,0,0.0,3.5,0.0,0.0,1.0,0.0,0.0,0.0
EIA_64542_1,360,S_64542,Solar,Solar,0.0,5.0,0,0,5.0,0,0,0,0,0,0,0.0,2.5,0.0,0.0,1.0,0.0,0.0,0.0
EIA_64554_BF,0,S_64554,Solar,Solar,0.0,4.0,0,0,4.0,0,0,0,0,0,0,0.0,2.0,0.0,0.0,1.0,0.0,0.0,0.0
EIA_64555_BO,682,S_64555,Solar,Solar,0.0,4.0,0,0,4.0,0,0,0,0,0,0,0.0,2.0,0.0,0.0,1.0,0.0,0.0,0.0
EIA_64556_BH,0,S_64556,Solar,Solar,0.0,5.0,0,0,5.0,0,0,0,0,0,0,0.0,2.5,0.0,0.0,1.0,0.0,0.0,0.0
EIA_64557_RV,77,S_64557,Solar,Solar,0.0,5.0,0,0,5.0,0,0,0,0,0,0,0.0,2.5,0.0,0.0,1.0,0.0,0.0,0.0
EIA_64560_TSS,620,S_64560,Solar,Solar,0.0,5.0,0,0,5.0,0,0,0,0,0,0,0.0,2.5,0.0,0.0,1.0,0.0,0.0,0.0
EIA_64561_TSN,620,S_64561,Solar,Solar,0.0,5.0,0,0,5.0,0,0,0,0,0,0,0.0,2.5,0.0,0.0,1.0,0.0,0.0,0.0
EIA_64562_WAS,449,S_64562,Solar,Solar,0.0,2.0,0,0,2.0,0,0,0,0,0,0,0.0,1.0,0.0,0.0,1.0,0.0,0.0,0.0
EIA_64577_MIN,538,S_64577,Solar,Solar,0.0,1.0,0,0,1.0,0,0,0,0,0,0,0.0,0.5,0.0,0.0,1.0,0.0,0.0,0.0
EIA_64578_SLT,538,S_64578,Solar,Solar,0.0,2.0,0,0,2.0,0,0,0,0,0,0,0.0,1.0,0.0,0.0,1.0,0.0,0.0,0.0
EIA_64593_B1,217,S_64593,Solar,Solar,0.0,5.0,0,0,5.0,0,0,0,0,0,0,0.0,2.5,0.0,0.0,1.0,0.0,0.0,0.0
EIA_64594_B1,217,S_64594,Solar,Solar,0.0,5.0,0,0,5.0,0,0,0,0,0,0,0.0,2.5,0.0,0.0,1.0,0.0,0.0,0.0
EIA_64595_B1,217,S_64595,Solar,Solar,0.0,5.0,0,0,5.0,0,0,0,0,0,0,0.0,2.5,0.0,0.0,1.0,0.0,0.0,0.0
EIA_64679_HS1,673,S_64679,Solar,Solar,0.0,5.0,0,0,5.0,0,0,0,0,0,0,0.0,2.5,0.0,0.0,1.0,0.0,0.0,0.0
EIA_64680_CP1,338,S_64680,Solar,Solar,0.0,5.0,0,0,5.0,0,0,0,0,0,0,0.0,2.5,0.0,0.0,1.0,0.0,0.0,0.0
EIA_64681_CP2,338,S_64681,Solar,Solar,0.0,2.0,0,0,2.0,0,0,0,0,0,0,0.0,1.0,0.0,0.0,1.0,0.0,0.0,0.0
EIA_64692_533,63,S_64692,Solar,Solar,0.0,1.1,0,0,1.1,0,0,0,0,0,0,0.0,0.55,0.0,0.0,1.0,0.0,0.0,0.0
EIA_64715_DSNBR,367,S_64715,Solar,Solar,0.0,5.0,0,0,5.0,0,0,0,0,0,0,0.0,2.5,0.0,0.0,1.0,0.0,0.0,0.0
EIA_64716_KNPPE,317,S_64716,Solar,Solar,0.0,5.0,0,0,5.0,0,0,0,0,0,0,0.0,2.5,0.0,0.0,1.0,0.0,0.0,0.0
EIA_64717_MAINR,318,S_64717,Solar,Solar,0.0,5.0,0,0,5.0,0,0,0,0,0,0,0.0,2.5,0.0,0.0,1.0,0.0,0.0,0.0
EIA_64718_RDMNN,673,S_64718,Solar,Solar,0.0,1.5,0,0,1.5,0,0,0,0,0,0,0.0,0.75,0.0,0.0,1.0,0.0,0.0,0.0
EIA_64719_GLNMR,197,S_64719,Solar,Solar,0.0,2.0,0,0,2.0,0,0,0,0,0,0,0.0,1.0,0.0,0.0,1.0,0.0,0.0,0.0
EIA_64720_KNPPW,317,S_64720,Solar,Solar,0.0,5.0,0,0,5.0,0,0,0,0,0,0,0.0,2.5,0.0,0.0,1.0,0.0,0.0,0.0
EIA_64721_RWEAV,654,S_64721,Solar,Solar,0.0,5.0,0,0,5.0,0,0,0,0,0,0,0.0,2.5,0.0,0.0,1.0,0.0,0.0,0.0
EIA_64722_RDMNS,673,S_64722,Solar,Solar,0.0,5.0,0,0,5.0,0,0,0,0,0,0,0.0,2.5,0.0,0.0,1.0,0.0,0.0,0.0
EIA_64724_TWNLN,672,S_64724,Solar,Solar,0.0,5.0,0,0,5.0,0,0,0,0,0,0,0.0,2.5,0.0,0.0,1.0,0.0,0.0,0.0
EIA_64725_WLMRD,307,S_64725,Solar,Solar,0.0,4.0,0,0,4.0,0,0,0,0,0,0,0.0,2.0,0.0,0.0,1.0,0.0,0.0,0.0
EIA_64746_GSCS,363,S_64746,Solar,Solar,0.0,1.0,0,0,1.0,0,0,0,0,0,0,0.0,0.5,0.0,0.0,1.0,0.0,0.0,0.0
EIA_64747_C3245,451,G_64747,Gas,Gas,1.5,5.0,2,2,0.25,4,2,1,30,15,8,3.5,2.5,0.0,0.3,1.0,0.0,35.0,35.0
EIA_64748_CR18A,129,G_64748,Gas,Gas,1.05,3.5,2,2,0.18,4,2,1,30,15,8,3.5,1.75,0.0,0.3,1.0,0.0,35.0,35.0
EIA_64749_CR18B,129,G_64749,Gas,Gas,1.2,4.0,2,2,0.2,4,2,1,30,15,8,3.5,2.0,0.0,0.3,1.0,0.0,35.0,35.0
EIA_64788_FRHOL,621,S_64788,Solar,Solar,0.0,2.0,0,0,2.0,0,0,0,0,0,0,0.0,1.0,0.0,0.0,1.0,0.0,0.0,0.0
EIA_64931_531,607,S_64931,Solar,Solar,0.0,1.5,0,0,1.5,0,0,0,0,0,0,0.0,0.75,0.0,0.0,1.0,0.0,0.0,0.0
EIA_64964_ROCKI,23,S_64964,Solar,Solar,0.0,3.5,0,0,3.5,0,0,0,0,0,0,0.0,1.75,0.0,0.0,1.0,0.0,0.0,0.0
EIA_64965_BULLS,27,S_64965,Solar,Solar,0.0,4.5,0,0,4.5,0,0,0,0,0,0,0.0,2.25,0.0,0.0,1.0,0.0,0.0,0.0
EIA_65071_PV1,539,S_65071,Solar,Solar,0.0,2.0,0,0,2.0,0,0,0,0,0,0,0.0,1.0,0.0,0.0,1.0,0.0,0.0,0.0
EIA_65090_CORT3,422,S_65090,Solar,Solar,0.0,5.0,0,0,5.0,0,0,0,0,0,0,0.0,2.5,0.0,0.0,1.0,0.0,0.0,0.0
EIA_65121_GEN1,195,S_65121,Solar,Solar,0.0,20.0,0,0,20.0,0,0,0,0,0,0,0.0,10.0,0.0,0.0,1.0,0.0,0.0,0.0
EIA_65122_GEN1,522,S_65122,Solar,Solar,0.0,20.0,0,0,20.0,0,0,0,0,0,0,0.0,10.0,0.0,0.0,1.0,0.0,0.0,0.0
EIA_65123_GEN1,42,S_65123,Solar,Solar,0.0,20.0,0,0,20.0,0,0,0,0,0,0,0.0,10.0,0.0,0.0,1.0,0.0,0.0,0.0
EIA_65124_GEN1,195,S_65124,Solar,Solar,0.0,20.0,0,0,20.0,0,0,0,0,0,0,0.0,10.0,0.0,0.0,1.0,0.0,0.0,0.0
EIA_65125_GEN1,532,S_65125,Solar,Solar,0.0,20.0,0,0,20.0,0,0,0,0,0,0,0.0,10.0,0.0,0.0,1.0,0.0,0.0,0.0
EIA_65155_DEK2,22,S_65155,Solar,Solar,0.0,3.0,0,0,3.0,0,0,0,0,0,0,0.0,1.5,0.0,0.0,1.0,0.0,0.0,0.0
EIA_65156_DEK1,22,S_65156,Solar,Solar,0.0,5.0,0,0,5.0,0,0,0,0,0,0,0.0,2.5,0.0,0.0,1.0,0.0,0.0,0.0
EIA_65159_VOL1,171,S_65159,Solar,Solar,0.0,5.0,0,0,5.0,0,0,0,0,0,0,0.0,2.5,0.0,0.0,1.0,0.0,0.0,0.0
EIA_65163_ORIOL,619,S_65163,Solar,Solar,0.0,5.6,0,0,5.6,0,0,0,0,0,0,0.0,2.8,0.0,0.0,1.0,0.0,0.0,0.0
EIA_65165_ONSUN,520,S_65165,Solar,Solar,0.0,2.4,0,0,2.4,0,0,0,0,0,0,0.0,1.2,0.0,0.0,1.0,0.0,0.0,0.0
EIA_65201_CTS0A,129,G_65201,Gas,Gas,0.6,2.0,2,2,0.1,4,2,1,30,15,8,3.5,1.0,0.0,0.3,1.0,0.0,35.0,35.0
EIA_65201_CTS0B,129,G_65201,Gas,Gas,0.45,1.5,2,2,0.08,4,2,1,30,15,8,3.5,0.75,0.0,0.3,1.0,0.0,35.0,35.0
EIA_65201_CTS0C,129,G_65201,Gas,Gas,0.6,2.0,2,2,0.1,4,2,1,30,15,8,3.5,1.0,0.0,0.3,1.0,0.0,35.0,35.0
EIA_65201_CTS0D,129,G_65201,Gas,Gas,0.6,2.0,2,2,0.1,4,2,1,30,15,8,3.5,1.0,0.0,0.3,1.0,0.0,35.0,35.0
EIA_65212_ATC04,432,G_65212,Gas,Gas,0.6,2.0,2,2,0.1,4,2,1,30,15,8,3.5,1.0,0.0,0.3,1.0,0.0,35.0,35.0
EIA_65217_SGOSH,197,S_65217,Solar,Solar,0.0,5.0,0,0,5.0,0,0,0,0,0,0,0.0,2.5,0.0,0.0,1.0,0.0,0.0,0.0
EIA_65222_AFTON,553,S_65222,Solar,Solar,0.0,3.3,0,0,3.3,0,0,0,0,0,0,0.0,1.65,0.0,0.0,1.0,0.0,0.0,0.0
EIA_65232_GEN1,567,S_65232,Solar,Solar,0.0,2.0,0,0,2.0,0,0,0,0,0,0,0.0,1.0,0.0,0.0,1.0,0.0,0.0,0.0
EIA_65233_GEN1,726,S_65233,Solar,Solar,0.0,2.0,0,0,2.0,0,0,0,0,0,0,0.0,1.0,0.0,0.0,1.0,0.0,0.0,0.0
EIA_65297_81722,190,S_65297,Solar,Solar,0.0,3.8,0,0,3.8,0,0,0,0,0,0,0.0,1.9,0.0,0.0,1.0,0.0,0.0,0.0
EIA_65298_81724,163,S_65298,Solar,Solar,0.0,5.0,0,0,5.0,0,0,0,0,0,0,0.0,2.5,0.0,0.0,1.0,0.0,0.0,0.0
EIA_65299_81721,726,S_65299,Solar,Solar,0.0,5.0,0,0,5.0,0,0,0,0,0,0,0.0,2.5,0.0,0.0,1.0,0.0,0.0,0.0
EIA_65300_81723,159,S_65300,Solar,Solar,0.0,3.7,0,0,3.7,0,0,0,0,0,0,0.0,1.85,0.0,0.0,1.0,0.0,0.0,0.0
EIA_65309_532,416,S_65309,Solar,Solar,0.0,5.0,0,0,5.0,0,0,0,0,0,0,0.0,2.5,0.0,0.0,1.0,0.0,0.0,0.0
EIA_65337_MAYBK,89,S_65337,Solar,Solar,0.0,5.0,0,0,5.0,0,0,0,0,0,0,0.0,2.5,0.0,0.0,1.0,0.0,0.0,0.0
EIA_65378_NY002,161,S_65378,Solar,Solar,0.0,5.0,0,0,5.0,0,0,0,0,0,0,0.0,2.5,0.0,0.0,1.0,0.0,0.0,0.0
EIA_65379_NY001,169,S_65379,Solar,Solar,0.0,4.5,0,0,4.5,0,0,0,0,0,0,0.0,2.25,0.0,0.0,1.0,0.0,0.0,0.0
EIA_65385_AIRPT,197,S_65385,Solar,Solar,0.0,3.4,0,0,3.4,0,0,0,0,0,0,0.0,1.7,0.0,0.0,1.0,0.0,0.0,0.0
EIA_65399_U1,591,H_65399,Hydro,Hydro,0.0,0.5,0,0,0.1,0,0,0,0,0,0,0.0,0.25,0.0,0.0,1.0,0.0,5.0,5.0
EIA_65399_U2,591,H_65399,Hydro,Hydro,0.0,0.5,0,0,0.1,0,0,0,0,0,0,0.0,0.25,0.0,0.0,1.0,0.0,5.0,5.0
EIA_65434_NY003,573,S_65434,Solar,Solar,0.0,5.0,0,0,5.0,0,0,0,0,0,0,0.0,2.5,0.0,0.0,1.0,0.0,0.0,0.0
EIA_65435_NY004,520,S_65435,Solar,Solar,0.0,3.5,0,0,3.5,0,0,0,0,0,0,0.0,1.75,0.0,0.0,1.0,0.0,0.0,0.0
EIA_65436_NY006,504,S_65436,Solar,Solar,0.0,5.0,0,0,5.0,0,0,0,0,0,0,0.0,2.5,0.0,0.0,1.0,0.0,0.0,0.0
EIA_65450_18002,723,S_65450,Solar,Solar,0.0,1.0,0,0,1.0,0,0,0,0,0,0,0.0,0.5,0.0,0.0,1.0,0.0,0.0,0.0
EIA_65459_NY005,212,S_65459,Solar,Solar,0.0,5.0,0,0,5.0,0,0,0,0,0,0,0.0,2.5,0.0,0.0,1.0,0.0,0.0,0.0
EIA_65487_WASH,402,S_65487,Solar,Solar,0.0,4.6,0,0,4.6,0,0,0,0,0,0,0.0,2.3,0.0,0.0,1.0,0.0,0.0,0.0
EIA_65495_BALLH,519,W_65495,Wind,Wind,0.0,107.5,0,0,107.5,0,0,0,0,0,0,0.0,53.75,0.0,0.0,1.0,0.0,0.0,0.0
EIA_65496_BLUES,515,W_65496,Wind,Wind,0.0,111.8,0,0,111.8,0,0,0,0,0,0,0.0,55.9,0.0,0.0,1.0,0.0,0.0,0.0
EIA_65522_65013,714,W_65522,Wind,Wind,0.0,106.0,0,0,106.0,0,0,0,0,0,0,0.0,53.0,0.0,0.0,1.0,0.0,0.0,0.0
EIA_65587_7105,478,S_65587,Solar,Solar,0.0,5.0,0,0,5.0,0,0,0,0,0,0,0.0,2.5,0.0,0.0,1.0,0.0,0.0,0.0
EIA_65597_CLWB,538,S_65597,Solar,Solar,0.0,2.0,0,0,2.0,0,0,0,0,0,0,0.0,1.0,0.0,0.0,1.0,0.0,0.0,0.0
EIA_65613_JBTB2,491,S_65613,Solar,Solar,0.0,1.6,0,0,1.6,0,0,0,0,0,0,0.0,0.8,0.0,0.0,1.0,0.0,0.0,0.0
EIA_65620_100LR,538,S_65620,Solar,Solar,0.0,2.0,0,0,2.0,0,0,0,0,0,0,0.0,1.0,0.0,0.0,1.0,0.0,0.0,0.0
EIA_65621_456LR,538,S_65621,Solar,Solar,0.0,1.4,0,0,1.4,0,0,0,0,0,0,0.0,0.7,0.0,0.0,1.0,0.0,0.0,0.0
EIA_65624_US40,257,S_65624,Solar,Solar,0.0,5.0,0,0,5.0,0,0,0,0,0,0,0.0,2.5,0.0,0.0,1.0,0.0,0.0,0.0
EIA_65625_US963,257,S_65625,Solar,Solar,0.0,5.0,0,0,5.0,0,0,0,0,0,0,0.0,2.5,0.0,0.0,1.0,0.0,0.0,0.0
EIA_65626_NEV,175,S_65626,Solar,Solar,0.0,5.0,0,0,5.0,0,0,0,0,0,0,0.0,2.5,0.0,0.0,1.0,0.0,0.0,0.0
EIA_65627_GL,175,S_65627,Solar,Solar,0.0,5.0,0,0,5.0,0,0,0,0,0,0,0.0,2.5,0.0,0.0,1.0,0.0,0.0,0.0
EIA_65628_JR,87,S_65628,Solar,Solar,0.0,5.0,0,0,5.0,0,0,0,0,0,0,0.0,2.5,0.0,0.0,1.0,0.0,0.0,0.0
EIA_65643_CASTN,166,S_65643,Solar,Solar,0.0,5.0,0,0,5.0,0,0,0,0,0,0,0.0,2.5,0.0,0.0,1.0,0.0,0.0,0.0
EIA_65647_CROT,425,S_65647,Solar,Solar,0.0,3.0,0,0,3.0,0,0,0,0,0,0,0.0,1.5,0.0,0.0,1.0,0.0,0.0,0.0
EIA_65679_11933,445,S_65679,Solar,Solar,0.0,22.9,0,0,22.9,0,0,0,0,0,0,0.0,11.45,0.0,0.0,1.0,0.0,0.0,0.0
EIA_65721_7104,478,S_65721,Solar,Solar,0.0,5.0,0,0,5.0,0,0,0,0,0,0,0.0,2.5,0.0,0.0,1.0,0.0,0.0,0.0
EIA_65723_15557,540,S_65723,Solar,Solar,0.0,5.0,0,0,5.0,0,0,0,0,0,0,0.0,2.5,0.0,0.0,1.0,0.0,0.0,0.0
EIA_65724_15889,696,S_65724,Solar,Solar,0.0,5.0,0,0,5.0,0,0,0,0,0,0,0.0,2.5,0.0,0.0,1.0,0.0,0.0,0.0
EIA_65752_EFK,429,S_65752,Solar,Solar,0.0,2.0,0,0,2.0,0,0,0,0,0,0,0.0,1.0,0.0,0.0,1.0,0.0,0.0,0.0
EIA_65753_GRPRT,505,S_65753,Solar,Solar,0.0,5.0,0,0,5.0,0,0,0,0,0,0,0.0,2.5,0.0,0.0,1.0,0.0,0.0,0.0
EIA_65754_KDRHK,619,S_65754,Solar,Solar,0.0,5.0,0,0,5.0,0,0,0,0,0,0,0.0,2.5,0.0,0.0,1.0,0.0,0.0,0.0
EIA_65755_MYER,578,S_65755,Solar,Solar,0.0,1.9,0,0,1.9,0,0,0,0,0,0,0.0,0.95,0.0,0.0,1.0,0.0,0.0,0.0
EIA_65757_SGRTS,578,S_65757,Solar,Solar,0.0,1.9,0,0,1.9,0,0,0,0,0,0,0.0,0.95,0.0,0.0,1.0,0.0,0.0,0.0
EIA_65775_5324,510,S_65775,Solar,Solar,0.0,2.0,0,0,2.0,0,0,0,0,0,0,0.0,1.0,0.0,0.0,1.0,0.0,0.0,0.0
EIA_65776_5939,165,S_65776,Solar,Solar,0.0,2.0,0,0,2.0,0,0,0,0,0,0,0.0,1.0,0.0,0.0,1.0,0.0,0.0,0.0
EIA_65777_5779,13,S_65777,Solar,Solar,0.0,2.0,0,0,2.0,0,0,0,0,0,0,0.0,1.0,0.0,0.0,1.0,0.0,0.0,0.0
EIA_65785_19822,44,S_65785,Solar,Solar,0.0,4.0,0,0,4.0,0,0,0,0,0,0,0.0,2.0,0.0,0.0,1.0,0.0,0.0,0.0
EIA_65786_19823,44,S_65786,Solar,Solar,0.0,2.5,0,0,2.5,0,0,0,0,0,0,0.0,1.25,0.0,0.0,1.0,0.0,0.0,0.0
EIA_65815_MPRES,425,S_65815,Solar,Solar,0.0,1.0,0,0,1.0,0,0,0,0,0,0,0.0,0.5,0.0,0.0,1.0,0.0,0.0,0.0
EIA_65839_GEN1,523,S_65839,Solar,Solar,0.0,20.0,0,0,20.0,0,0,0,0,0,0,0.0,10.0,0.0,0.0,1.0,0.0,0.0,0.0
EIA_65841_GEN1,460,S_65841,Solar,Solar,0.0,20.0,0,0,20.0,0,0,0,0,0,0,0.0,10.0,0.0,0.0,1.0,0.0,0.0,0.0
EIA_66034_19826,338,S_66034,Solar,Solar,0.0,5.0,0,0,5.0,0,0,0,0,0,0,0.0,2.5,0.0,0.0,1.0,0.0,0.0,0.0
EIA_66036_20205,314,S_66036,Solar,Solar,0.0,3.0,0,0,3.0,0,0,0,0,0,0,0.0,1.5,0.0,0.0,1.0,0.0,0.0,0.0
EIA_66037_20206,314,S_66037,Solar,Solar,0.0,4.0,0,0,4.0,0,0,0,0,0,0,0.0,2.0,0.0,0.0,1.0,0.0,0.0,0.0
EIA_66040_23204,641,S_66040,Solar,Solar,0.0,3.5,0,0,3.5,0,0,0,0,0,0,0.0,1.75,0.0,0.0,1.0,0.0,0.0,0.0
EIA_66052_EPW01,480,W_66052,Wind,Wind,0.0,101.2,0,0,101.2,0,0,0,0,0,0,0.0,50.6,0.0,0.0,1.0,0.0,0.0,0.0
EIA_66061_A1,290,S_66061,Solar,Solar,0.0,5.0,0,0,5.0,0,0,0,0,0,0,0.0,2.5,0.0,0.0,1.0,0.0,0.0,0.0
EIA_66062_A2,290,S_66062,Solar,Solar,0.0,5.0,0,0,5.0,0,0,0,0,0,0,0.0,2.5,0.0,0.0,1.0,0.0,0.0,0.0
EIA_66063_A3,290,S_66063,Solar,Solar,0.0,5.0,0,0,5.0,0,0,0,0,0,0,0.0,2.5,0.0,0.0,1.0,0.0,0.0,0.0
EIA_66064_A4,290,S_66064,Solar,Solar,0.0,5.0,0,0,5.0,0,0,0,0,0,0,0.0,2.5,0.0,0.0,1.0,0.0,0.0,0.0
EIA_66065_WVS1,232,S_66065,Solar,Solar,0.0,5.0,0,0,5.0,0,0,0,0,0,0,0.0,2.5,0.0,0.0,1.0,0.0,0.0,0.0
EIA_66065_WVS2,232,S_66065,Solar,Solar,0.0,5.0,0,0,5.0,0,0,0,0,0,0,0.0,2.5,0.0,0.0,1.0,0.0,0.0,0.0
EIA_66074_4942,98,S_66074,Solar,Solar,0.0,2.0,0,0,2.0,0,0,0,0,0,0,0.0,1.0,0.0,0.0,1.0,0.0,0.0,0.0
EIA_66081_8211,144,S_66081,Solar,Solar,0.0,3.3,0,0,3.3,0,0,0,0,0,0,0.0,1.65,0.0,0.0,1.0,0.0,0.0,0.0
EIA_66094_561,526,S_66094,Solar,Solar,0.0,1.5,0,0,1.5,0,0,0,0,0,0,0.0,0.75,0.0,0.0,1.0,0.0,0.0,0.0
EIA_66150_EQX36,454,G_66150,Gas,Gas,0.51,1.7,2,2,0.09,4,2,1,30,15,8,3.5,0.85,0.0,0.3,1.0,0.0,35.0,35.0
EIA_66176_10891,354,S_66176,Solar,Solar,0.0,2.0,0,0,2.0,0,0,0,0,0,0,0.0,1.0,0.0,0.0,1.0,0.0,0.0,0.0
EIA_66177_10896,196,S_66177,Solar,Solar,0.0,2.0,0,0,2.0,0,0,0,0,0,0,0.0,1.0,0.0,0.0,1.0,0.0,0.0,0.0
EIA_66187_10992,449,S_66187,Solar,Solar,0.0,2.0,0,0,2.0,0,0,0,0,0,0,0.0,1.0,0.0,0.0,1.0,0.0,0.0,0.0
EIA_66206_MOVSO,79,S_66206,Solar,Solar,0.0,5.0,0,0,5.0,0,0,0,0,0,0,0.0,2.5,0.0,0.0,1.0,0.0,0.0,0.0
EIA_66207_VEPSO,79,S_66207,Solar,Solar,0.0,5.0,0,0,5.0,0,0,0,0,0,0,0.0,2.5,0.0,0.0,1.0,0.0,0.0,0.0
EIA_66209_10986,82,S_66209,Solar,Solar,0.0,5.0,0,0,5.0,0,0,0,0,0,0,0.0,2.5,0.0,0.0,1.0,0.0,0.0,0.0
EIA_66210_10887,591,S_66210,Solar,Solar,0.0,2.0,0,0,2.0,0,0,0,0,0,0,0.0,1.0,0.0,0.0,1.0,0.0,0.0,0.0
EIA_66211_10889,26,S_66211,Solar,Solar,0.0,2.0,0,0,2.0,0,0,0,0,0,0,0.0,1.0,0.0,0.0,1.0,0.0,0.0,0.0
EIA_66212_10965,396,S_66212,Solar,Solar,0.0,5.0,0,0,5.0,0,0,0,0,0,0,0.0,2.5,0.0,0.0,1.0,0.0,0.0,0.0
EIA_66213_10907,478,S_66213,Solar,Solar,0.0,2.0,0,0,2.0,0,0,0,0,0,0,0.0,1.0,0.0,0.0,1.0,0.0,0.0,0.0
EIA_66214_10967,480,S_66214,Solar,Solar,0.0,5.0,0,0,5.0,0,0,0,0,0,0,0.0,2.5,0.0,0.0,1.0,0.0,0.0,0.0
EIA_66215_10996,581,S_66215,Solar,Solar,0.0,5.0,0,0,5.0,0,0,0,0,0,0,0.0,2.5,0.0,0.0,1.0,0.0,0.0,0.0
EIA_66217_10968,396,S_66217,Solar,Solar,0.0,2.0,0,0,2.0,0,0,0,0,0,0,0.0,1.0,0.0,0.0,1.0,0.0,0.0,0.0
EIA_66218_10892,206,S_66218,Solar,Solar,0.0,2.0,0,0,2.0,0,0,0,0,0,0,0.0,1.0,0.0,0.0,1.0,0.0,0.0,0.0
EIA_66219_11008,67,S_66219,Solar,Solar,0.0,5.0,0,0,5.0,0,0,0,0,0,0,0.0,2.5,0.0,0.0,1.0,0.0,0.0,0.0
EIA_66220_10999,195,S_66220,Solar,Solar,0.0,5.0,0,0,5.0,0,0,0,0,0,0,0.0,2.5,0.0,0.0,1.0,0.0,0.0,0.0
EIA_66221_10972,72,S_66221,Solar,Solar,0.0,5.0,0,0,5.0,0,0,0,0,0,0,0.0,2.5,0.0,0.0,1.0,0.0,0.0,0.0
EIA_66222_10895,354,S_66222,Solar,Solar,0.0,4.0,0,0,4.0,0,0,0,0,0,0,0.0,2.0,0.0,0.0,1.0,0.0,0.0,0.0
EIA_66223_11000,538,S_66223,Solar,Solar,0.0,2.0,0,0,2.0,0,0,0,0,0,0,0.0,1.0,0.0,0.0,1.0,0.0,0.0,0.0
EIA_66224_10890,354,S_66224,Solar,Solar,0.0,2.0,0,0,2.0,0,0,0,0,0,0,0.0,1.0,0.0,0.0,1.0,0.0,0.0,0.0
EIA_66225_10970,670,S_66225,Solar,Solar,0.0,5.0,0,0,5.0,0,0,0,0,0,0,0.0,2.5,0.0,0.0,1.0,0.0,0.0,0.0
EIA_66226_10991,580,S_66226,Solar,Solar,0.0,4.8,0,0,4.8,0,0,0,0,0,0,0.0,2.4,0.0,0.0,1.0,0.0,0.0,0.0
EIA_66227_10886,163,S_66227,Solar,Solar,0.0,2.0,0,0,2.0,0,0,0,0,0,0,0.0,1.0,0.0,0.0,1.0,0.0,0.0,0.0
EIA_66228_10888,510,S_66228,Solar,Solar,0.0,2.0,0,0,2.0,0,0,0,0,0,0,0.0,1.0,0.0,0.0,1.0,0.0,0.0,0.0
EIA_66229_10975,396,S_66229,Solar,Solar,0.0,2.0,0,0,2.0,0,0,0,0,0,0,0.0,1.0,0.0,0.0,1.0,0.0,0.0,0.0
EIA_66230_10997,481,S_66230,Solar,Solar,0.0,5.0,0,0,5.0,0,0,0,0,0,0,0.0,2.5,0.0,0.0,1.0,0.0,0.0,0.0
EIA_66231_10988,623,S_66231,Solar,Solar,0.0,4.4,0,0,4.4,0,0,0,0,0,0,0.0,2.2,0.0,0.0,1.0,0.0,0.0,0.0
EIA_66232_10894,89,S_66232,Solar,Solar,0.0,2.0,0,0,2.0,0,0,0,0,0,0,0.0,1.0,0.0,0.0,1.0,0.0,0.0,0.0
EIA_66233_10995,585,S_66233,Solar,Solar,0.0,5.0,0,0,5.0,0,0,0,0,0,0,0.0,2.5,0.0,0.0,1.0,0.0,0.0,0.0
EIA_66234_10971,296,S_66234,Solar,Solar,0.0,4.5,0,0,4.5,0,0,0,0,0,0,0.0,2.25,0.0,0.0,1.0,0.0,0.0,0.0
EIA_66235_10961,296,S_66235,Solar,Solar,0.0,4.5,0,0,4.5,0,0,0,0,0,0,0.0,2.25,0.0,0.0,1.0,0.0,0.0,0.0
EIA_66236_10982,243,S_66236,Solar,Solar,0.0,5.0,0,0,5.0,0,0,0,0,0,0,0.0,2.5,0.0,0.0,1.0,0.0,0.0,0.0
EIA_66256_P4726,104,S_66256,Solar,Solar,0.0,5.0,0,0,5.0,0,0,0,0,0,0,0.0,2.5,0.0,0.0,1.0,0.0,0.0,0.0
EIA_66258_P5569,230,S_66258,Solar,Solar,0.0,3.2,0,0,3.2,0,0,0,0,0,0,0.0,1.6,0.0,0.0,1.0,0.0,0.0,0.0
EIA_66272_GEN1,274,S_66272,Solar,Solar,0.0,5.0,0,0,5.0,0,0,0,0,0,0,0.0,2.5,0.0,0.0,1.0,0.0,0.0,0.0
EIA_66274_GEN1,587,S_66274,Solar,Solar,0.0,3.5,0,0,3.5,0,0,0,0,0,0,0.0,1.75,0.0,0.0,1.0,0.0,0.0,0.0
EIA_66275_GEN1,171,S_66275,Solar,Solar,0.0,2.2,0,0,2.2,0,0,0,0,0,0,0.0,1.1,0.0,0.0,1.0,0.0,0.0,0.0
EIA_66322_GEN1,164,S_66322,Solar,Solar,0.0,5.0,0,0,5.0,0,0,0,0,0,0,0.0,2.5,0.0,0.0,1.0,0.0,0.0,0.0
EIA_66360_RUSP1,141,S_66360,Solar,Solar,0.0,4.9,0,0,4.9,0,0,0,0,0,0,0.0,2.45,0.0,0.0,1.0,0.0,0.0,0.0
EIA_66361_ROSP1,141,S_66361,Solar,Solar,0.0,5.0,0,0,5.0,0,0,0,0,0,0,0.0,2.5,0.0,0.0,1.0,0.0,0.0,0.0
EIA_66380_83022,250,S_66380,Solar,Solar,0.0,4.9,0,0,4.9,0,0,0,0,0,0,0.0,2.45,0.0,0.0,1.0,0.0,0.0,0.0
EIA_66387_NECA,17,S_66387,Solar,Solar,0.0,5.0,0,0,5.0,0,0,0,0,0,0,0.0,2.5,0.0,0.0,1.0,0.0,0.0,0.0
EIA_66388_NECA,580,S_66388,Solar,Solar,0.0,3.5,0,0,3.5,0,0,0,0,0,0,0.0,1.75,0.0,0.0,1.0,0.0,0.0,0.0
EIA_66424_LIV,158,S_66424,Solar,Solar,0.0,5.0,0,0,5.0,0,0,0,0,0,0,0.0,2.5,0.0,0.0,1.0,0.0,0.0,0.0
EIA_66425_CLAV,505,S_66425,Solar,Solar,0.0,5.0,0,0,5.0,0,0,0,0,0,0,0.0,2.5,0.0,0.0,1.0,0.0,0.0,0.0
EIA_66442_ORANG,637,S_66442,Solar,Solar,0.0,5.0,0,0,5.0,0,0,0,0,0,0,0.0,2.5,0.0,0.0,1.0,0.0,0.0,0.0
EIA_66457_APP18,129,G_66457,Gas,Gas,1.5,5.0,2,2,0.25,4,2,1,30,15,8,3.5,2.5,0.0,0.3,1.0,0.0,35.0,35.0
EIA_66460_APP21,129,G_66460,Gas,Gas,1.5,5.0,2,2,0.25,4,2,1,30,15,8,3.5,2.5,0.0,0.3,1.0,0.0,35.0,35.0
EIA_66473_WALTO,513,S_66473,Solar,Solar,0.0,2.3,0,0,2.3,0,0,0,0,0,0,0.0,1.15,0.0,0.0,1.0,0.0,0.0,0.0
EIA_66481_UVALE,491,S_66481,Solar,Solar,0.0,1.7,0,0,1.7,0,0,0,0,0,0,0.0,0.85,0.0,0.0,1.0,0.0,0.0,0.0
EIA_66482_GHENT,152,S_66482,Solar,Solar,0.0,3.3,0,0,3.3,0,0,0,0,0,0,0.0,1.65,0.0,0.0,1.0,0.0,0.0,0.0
EIA_66483_SNFRD,642,S_66483,Solar,Solar,0.0,5.0,0,0,5.0,0,0,0,0,0,0,0.0,2.5,0.0,0.0,1.0,0.0,0.0,0.0
EIA_66488_10958,197,S_66488,Solar,Solar,0.0,2.0,0,0,2.0,0,0,0,0,0,0,0.0,1.0,0.0,0.0,1.0,0.0,0.0,0.0
EIA_66489_10951,305,S_66489,Solar,Solar,0.0,3.7,0,0,3.7,0,0,0,0,0,0,0.0,1.85,0.0,0.0,1.0,0.0,0.0,0.0
EIA_66490_10998,189,S_66490,Solar,Solar,0.0,5.0,0,0,5.0,0,0,0,0,0,0,0.0,2.5,0.0,0.0,1.0,0.0,0.0,0.0
EIA_66501_CCPV1,85,S_66501,Solar,Solar,0.0,5.0,0,0,5.0,0,0,0,0,0,0,0.0,2.5,0.0,0.0,1.0,0.0,0.0,0.0
EIA_66503_CCPV2,85,S_66503,Solar,Solar,0.0,5.0,0,0,5.0,0,0,0,0,0,0,0.0,2.5,0.0,0.0,1.0,0.0,0.0,0.0
EIA_66504_SS1,402,S_66504,Solar,Solar,0.0,5.0,0,0,5.0,0,0,0,0,0,0,0.0,2.5,0.0,0.0,1.0,0.0,0.0,0.0
EIA_66522_18208,404,S_66522,Solar,Solar,0.0,5.0,0,0,5.0,0,0,0,0,0,0,0.0,2.5,0.0,0.0,1.0,0.0,0.0,0.0
EIA_66583_05658,491,S_66583,Solar,Solar,0.0,5.0,0,0,5.0,0,0,0,0,0,0,0.0,2.5,0.0,0.0,1.0,0.0,0.0,0.0
EIA_66586_06945,360,S_66586,Solar,Solar,0.0,5.0,0,0,5.0,0,0,0,0,0,0,0.0,2.5,0.0,0.0,1.0,0.0,0.0,0.0
EIA_66645_KIPP,614,S_66645,Solar,Solar,0.0,3.5,0,0,3.5,0,0,0,0,0,0,0.0,1.75,0.0,0.0,1.0,0.0,0.0,0.0
EIA_66729_P3101,143,S_66729,Solar,Solar,0.0,1.4,0,0,1.4,0,0,0,0,0,0,0.0,0.7,0.0,0.0,1.0,0.0,0.0,0.0
EIA_66731_P4450,510,S_66731,Solar,Solar,0.0,3.9,0,0,3.9,0,0,0,0,0,0,0.0,1.95,0.0,0.0,1.0,0.0,0.0,0.0
EIA_66732_P4451,510,S_66732,Solar,Solar,0.0,2.1,0,0,2.1,0,0,0,0,0,0,0.0,1.05,0.0,0.0,1.0,0.0,0.0,0.0
EIA_66734_P4739,144,S_66734,Solar,Solar,0.0,4.4,0,0,4.4,0,0,0,0,0,0,0.0,2.2,0.0,0.0,1.0,0.0,0.0,0.0
EIA_66749_HERR1,39,S_66749,Solar,Solar,0.0,5.0,0,0,5.0,0,0,0,0,0,0,0.0,2.5,0.0,0.0,1.0,0.0,0.0,0.0
EIA_66752_NGVB2,566,S_66752,Solar,Solar,0.0,3.0,0,0,3.0,0,0,0,0,0,0,0.0,1.5,0.0,0.0,1.0,0.0,0.0,0.0
EIA_66762_P3599,349,S_66762,Solar,Solar,0.0,3.5,0,0,3.5,0,0,0,0,0,0,0.0,1.75,0.0,0.0,1.0,0.0,0.0,0.0
EIA_66763_P3600,402,S_66763,Solar,Solar,0.0,1.0,0,0,1.0,0,0,0,0,0,0,0.0,0.5,0.0,0.0,1.0,0.0,0.0,0.0
EIA_66764_3954,28,S_66764,Solar,Solar,0.0,5.0,0,0,5.0,0,0,0,0,0,0,0.0,2.5,0.0,0.0,1.0,0.0,0.0,0.0
EIA_66765_3595,28,S_66765,Solar,Solar,0.0,2.5,0,0,2.5,0,0,0,0,0,0,0.0,1.25,0.0,0.0,1.0,0.0,0.0,0.0
EIA_66766_P3608,193,S_66766,Solar,Solar,0.0,2.8,0,0,2.8,0,0,0,0,0,0,0.0,1.4,0.0,0.0,1.0,0.0,0.0,0.0
EIA_66767_4725,520,S_66767,Solar,Solar,0.0,2.0,0,0,2.0,0,0,0,0,0,0,0.0,1.0,0.0,0.0,1.0,0.0,0.0,0.0
EIA_66769_P4468,7,S_66769,Solar,Solar,0.0,5.0,0,0,5.0,0,0,0,0,0,0,0.0,2.5,0.0,0.0,1.0,0.0,0.0,0.0
EIA_66771_P4471,144,S_66771,Solar,Solar,0.0,2.9,0,0,2.9,0,0,0,0,0,0,0.0,1.45,0.0,0.0,1.0,0.0,0.0,0.0
EIA_66777_GEN1,504,S_66777,Solar,Solar,0.0,5.0,0,0,5.0,0,0,0,0,0,0,0.0,2.5,0.0,0.0,1.0,0.0,0.0,0.0
EIA_66812_P5570,221,S_66812,Solar,Solar,0.0,3.0,0,0,3.0,0,0,0,0,0,0,0.0,1.5,0.0,0.0,1.0,0.0,0.0,0.0
EIA_66816_GLEN,402,S_66816,Solar,Solar,0.0,4.3,0,0,4.3,0,0,0,0,0,0,0.0,2.15,0.0,0.0,1.0,0.0,0.0,0.0
EIA_66822_NECA,572,S_66822,Solar,Solar,0.0,5.0,0,0,5.0,0,0,0,0,0,0,0.0,2.5,0.0,0.0,1.0,0.0,0.0,0.0
EIA_66823_NECB,572,S_66823,Solar,Solar,0.0,3.3,0,0,3.3,0,0,0,0,0,0,0.0,1.65,0.0,0.0,1.0,0.0,0.0,0.0
EIA_66835_P4453,10,S_66835,Solar,Solar,0.0,3.5,0,0,3.5,0,0,0,0,0,0,0.0,1.75,0.0,0.0,1.0,0.0,0.0,0.0
EIA_66836_P5567,16,S_66836,Solar,Solar,0.0,3.7,0,0,3.7,0,0,0,0,0,0,0.0,1.85,0.0,0.0,1.0,0.0,0.0,0.0
EIA_66846_JOGEE,538,S_66846,Solar,Solar,0.0,2.0,0,0,2.0,0,0,0,0,0,0,0.0,1.0,0.0,0.0,1.0,0.0,0.0,0.0
EIA_66940_HAL20,620,S_66940,Solar,Solar,0.0,5.0,0,0,5.0,0,0,0,0,0,0,0.0,2.5,0.0,0.0,1.0,0.0,0.0,0.0
EIA_67181_HUN21,620,S_67181,Solar,Solar,0.0,4.0,0,0,4.0,0,0,0,0,0,0,0.0,2.0,0.0,0.0,1.0,0.0,0.0,0.0
EIA_67202_AVON2,508,S_67202,Solar,Solar,0.0,4.0,0,0,4.0,0,0,0,0,0,0,0.0,2.0,0.0,0.0,1.0,0.0,0.0,0.0
EIA_67212_SWED1,674,S_67212,Solar,Solar,0.0,5.0,0,0,5.0,0,0,0,0,0,0,0.0,2.5,0.0,0.0,1.0,0.0,0.0,0.0
EIA_67213_HAM1,673,S_67213,Solar,Solar,0.0,4.5,0,0,4.5,0,0,0,0,0,0,0.0,2.25,0.0,0.0,1.0,0.0,0.0,0.0
EIA_67227_NYRWY,681,S_67227,Solar,Solar,0.0,3.0,0,0,3.0,0,0,0,0,0,0,0.0,1.5,0.0,0.0,1.0,0.0,0.0,0.0
EIA_67228_BROAD,417,S_67228,Solar,Solar,0.0,5.0,0,0,5.0,0,0,0,0,0,0,0.0,2.5,0.0,0.0,1.0,0.0,0.0,0.0
EIA_67268_P5648,189,S_67268,Solar,Solar,0.0,3.5,0,0,3.5,0,0,0,0,0,0,0.0,1.75,0.0,0.0,1.0,0.0,0.0,0.0
EIA_67271_P3879,454,S_67271,Solar,Solar,0.0,1.0,0,0,1.0,0,0,0,0,0,0,0.0,0.5,0.0,0.0,1.0,0.0,0.0,0.0
EIA_67275_4072C,454,S_67275,Solar,Solar,0.0,0.5,0,0,0.5,0,0,0,0,0,0,0.0,0.25,0.0,0.0,1.0,0.0,0.0,0.0
EIA_67275_4072G,454,S_67275,Solar,Solar,0.0,1.5,0,0,1.5,0,0,0,0,0,0,0.0,0.75,0.0,0.0,1.0,0.0,0.0,0.0
EIA_67293_71334,454,S_67293,Solar,Solar,0.0,1.8,0,0,1.8,0,0,0,0,0,0,0.0,0.9,0.0,0.0,1.0,0.0,0.0,0.0
EIA_67293_71335,454,S_67293,Solar,Solar,0.0,0.3,0,0,0.3,0,0,0,0,0,0,0.0,0.15,0.0,0.0,1.0,0.0,0.0,0.0
EIA_67295_P5564,422,S_67295,Solar,Solar,0.0,5.0,0,0,5.0,0,0,0,0,0,0,0.0,2.5,0.0,0.0,1.0,0.0,0.0,0.0
EIA_67335_SC,183,S_67335,Solar,Solar,0.0,5.0,0,0,5.0,0,0,0,0,0,0,0.0,2.5,0.0,0.0,1.0,0.0,0.0,0.0
EIA_67345_SMI21,620,S_67345,Solar,Solar,0.0,3.8,0,0,3.8,0,0,0,0,0,0,0.0,1.9,0.0,0.0,1.0,0.0,0.0,0.0
EIA_67456_7BPV1,537,S_67456,Solar,Solar,0.0,1.1,0,0,1.1,0,0,0,0,0,0,0.0,0.55,0.0,0.0,1.0,0.0,0.0,0.0
EIA_67468_FOX,189,S_67468,Solar,Solar,0.0,5.0,0,0,5.0,0,0,0,0,0,0,0.0,2.5,0.0,0.0,1.0,0.0,0.0,0.0
EIA_67470_TWEL,257,S_67470,Solar,Solar,0.0,4.7,0,0,4.7,0,0,0,0,0,0,0.0,2.35,0.0,0.0,1.0,0.0,0.0,0.0
EIA_67471_LBN,23,S_67471,Solar,Solar,0.0,4.8,0,0,4.8,0,0,0,0,0,0,0.0,2.4,0.0,0.0,1.0,0.0,0.0,0.0
EIA_67472_LBS,23,S_67472,Solar,Solar,0.0,5.0,0,0,5.0,0,0,0,0,0,0,0.0,2.5,0.0,0.0,1.0,0.0,0.0,0.0
EIA_67475_SARA3,43,S_67475,Solar,Solar,0.0,3.5,0,0,3.5,0,0,0,0,0,0,0.0,1.75,0.0,0.0,1.0,0.0,0.0,0.0
EIA_67476_SARA4,43,S_67476,Solar,Solar,0.0,3.5,0,0,3.5,0,0,0,0,0,0,0.0,1.75,0.0,0.0,1.0,0.0,0.0,0.0
EIA_67479_PORT1,273,S_67479,Solar,Solar,0.0,2.5,0,0,2.5,0,0,0,0,0,0,0.0,1.25,0.0,0.0,1.0,0.0,0.0,0.0
EIA_67481_LWRD2,538,S_67481,Solar,Solar,0.0,2.0,0,0,2.0,0,0,0,0,0,0,0.0,1.0,0.0,0.0,1.0,0.0,0.0,0.0
EIA_67482_LWRD3,538,S_67482,Solar,Solar,0.0,2.0,0,0,2.0,0,0,0,0,0,0,0.0,1.0,0.0,0.0,1.0,0.0,0.0,0.0
EIA_67550_SR5,488,S_67550,Solar,Solar,0.0,4.4,0,0,4.4,0,0,0,0,0,0,0.0,2.2,0.0,0.0,1.0,0.0,0.0,0.0
EIA_67574_SS2,402,S_67574,Solar,Solar,0.0,5.0,0,0,5.0,0,0,0,0,0,0,0.0,2.5,0.0,0.0,1.0,0.0,0.0,0.0
EIA_67604_TRY03,721,S_67604,Solar,Solar,0.0,5.0,0,0,5.0,0,0,0,0,0,0,0.0,2.5,0.0,0.0,1.0,0.0,0.0,0.0
EIA_67605_TRY02,721,S_67605,Solar,Solar,0.0,5.0,0,0,5.0,0,0,0,0,0,0,0.0,2.5,0.0,0.0,1.0,0.0,0.0,0.0
EIA_67606_TRY01,721,S_67606,Solar,Solar,0.0,4.6,0,0,4.6,0,0,0,0,0,0,0.0,2.3,0.0,0.0,1.0,0.0,0.0,0.0
EIA_67611_10993,620,S_67611,Solar,Solar,0.0,4.9,0,0,4.9,0,0,0,0,0,0,0.0,2.45,0.0,0.0,1.0,0.0,0.0,0.0
EIA_67612_10994,620,S_67612,Solar,Solar,0.0,2.2,0,0,2.2,0,0,0,0,0,0,0.0,1.1,0.0,0.0,1.0,0.0,0.0,0.0
EIA_67618_11054,252,S_67618,Solar,Solar,0.0,2.3,0,0,2.3,0,0,0,0,0,0,0.0,1.15,0.0,0.0,1.0,0.0,0.0,0.0
EIA_67619_10898,538,S_67619,Solar,Solar,0.0,2.0,0,0,2.0,0,0,0,0,0,0,0.0,1.0,0.0,0.0,1.0,0.0,0.0,0.0
EIA_67620_11018,306,S_67620,Solar,Solar,0.0,5.0,0,0,5.0,0,0,0,0,0,0,0.0,2.5,0.0,0.0,1.0,0.0,0.0,0.0
EIA_67745_4075,454,S_67745,Solar,Solar,0.0,1.2,0,0,1.2,0,0,0,0,0,0,0.0,0.6,0.0,0.0,1.0,0.0,0.0,0.0
EIA_67908_RICH1,289,S_67908,Solar,Solar,0.0,5.0,0,0,5.0,0,0,0,0,0,0,0.0,2.5,0.0,0.0,1.0,0.0,0.0,0.0
