GEN UID,Bus ID,Unit Group,Unit Type,Fuel,PMin MW,PMax MW,Min Down Time Hr,Min Up Time Hr,Ramp Rate MW/Min,Start Time Cold Hr,Start Time Warm Hr,Start Time Hot Hr,Start Heat Cold MBTU,Start Heat Warm MBTU,Start Heat Hot MBTU,Fuel Price $/MMBTU,Fixed Cost($/hr),MW Break 1,MWh Price 1
COLETO_COLETOG1,2399,Coal,C,Coal,262.0,655.0,8,8,6.55,8,8,8,0.0,0.0,0.0,0.0,0.0,262.0,25.0
FPPYD1_FPP_G1,2743,Coal,C,Coal,246.0,615.0,8,8,6.15,8,8,8,0.0,0.0,0.0,0.0,0.0,246.0,25.0
FPPYD1_FPP_G2,2743,Coal,C,Coal,246.0,615.0,8,8,6.15,8,8,8,0.0,0.0,0.0,0.0,0.0,246.0,25.0
FPPYD2_FPP_G3,2743,Coal,C,Coal,184.0,460.0,8,8,4.6,8,8,8,0.0,0.0,0.0,0.0,0.0,184.0,25.0
CALAVERS_JKS1,649,Coal,C,Coal,224.0,560.0,8,8,5.6,8,8,8,0.0,0.0,0.0,0.0,0.0,224.0,25.0
CALAVERS_JKS2,649,Coal,C,Coal,368.8,922.0,8,8,9.22,8,8,8,0.0,0.0,0.0,0.0,0.0,368.8,25.0
LEG_LEG_G1,2709,Coal,C,Coal,357.2,893.0,8,8,8.93,8,8,8,0.0,0.0,0.0,0.0,0.0,357.2,25.0
LEG_LEG_G2,2709,Coal,C,Coal,382.72,956.8,8,8,9.568,8,8,8,0.0,0.0,0.0,0.0,0.0,382.72,25.0
MLSES_UNIT1,2470,Coal,C,Coal,357.2,893.0,8,8,8.93,8,8,8,0.0,0.0,0.0,0.0,0.0,357.2,25.0
MLSES_UNIT2,2470,Coal,C,Coal,357.2,893.0,8,8,8.93,8,8,8,0.0,0.0,0.0,0.0,0.0,357.2,25.0
MLSES_UNIT3,2470,Coal,C,Coal,357.2,893.0,8,8,8.93,8,8,8,0.0,0.0,0.0,0.0,0.0,357.2,25.0
OGSES_UNIT1A,2449,Coal,C,Coal,366.72,916.8,8,8,9.168,8,8,8,0.0,0.0,0.0,0.0,0.0,366.72,25.0
OGSES_UNIT2,2449,Coal,C,Coal,366.72,916.8,8,8,9.168,8,8,8,0.0,0.0,0.0,0.0,0.0,366.72,25.0
SANMIGL_G1,2406,Coal,C,Coal,172.0,430.0,8,8,4.3,8,8,8,0.0,0.0,0.0,0.0,0.0,172.0,25.0
SCES_UNIT1,2651,Coal,C,Coal,403.2,1008.0,8,8,10.08,8,8,8,0.0,0.0,0.0,0.0,0.0,403.2,25.0
TNP_ONE_TNP_O_1,2443,Coal,C,Coal,69.84,174.6,8,8,1.746,8,8,8,0.0,0.0,0.0,0.0,0.0,69.84,25.0
TNP_ONE_TNP_O_2,2443,Coal,C,Coal,69.84,174.6,8,8,1.746,8,8,8,0.0,0.0,0.0,0.0,0.0,69.84,25.0
WAP_WAP_G5,2792,Coal,C,Coal,293.64,734.1,8,8,7.341,8,8,8,0.0,0.0,0.0,0.0,0.0,293.64,25.0
WAP_WAP_G6,2792,Coal,C,Coal,293.64,734.1,8,8,7.341,8,8,8,0.0,0.0,0.0,0.0,0.0,293.64,25.0
WAP_WAP_G7,2792,Coal,C,Coal,245.84,614.6,8,8,6.146,8,8,8,0.0,0.0,0.0,0.0,0.0,245.84,25.0
WAP_WAP_G8,2792,Coal,C,Coal,261.6,654.0,8,8,6.54,8,8,8,0.0,0.0,0.0,0.0,0.0,261.6,25.0
BRAUNIG_AVR1_CT1,2155,Gas-CC,G,Gas,56.7,189.0,4,4,3.78,4,4,4,0.0,0.0,0.0,0.0,0.0,56.7,28.0
BRAUNIG_AVR1_CT2,2155,Gas-CC,G,Gas,56.7,189.0,4,4,3.78,4,4,4,0.0,0.0,0.0,0.0,0.0,56.7,28.0
BRAUNIG_AVR1_ST,2155,Gas-CC,G,Gas,66.6,222.0,4,4,4.44,4,4,4,0.0,0.0,0.0,0.0,0.0,66.6,28.0
ATKINS_ATKINSG7,667,Gas-GT,G,Gas,2.1,21.0,1,1,1.68,1,1,1,0.0,0.0,0.0,0.0,0.0,2.1,42.0
B_DAVIS_B_DAVIG3,1643,Gas-CC,G,Gas,56.88,189.6,4,4,3.792,4,4,4,0.0,0.0,0.0,0.0,0.0,56.88,28.0
B_DAVIS_B_DAVIG4,1643,Gas-CC,G,Gas,56.88,189.6,4,4,3.792,4,4,4,0.0,0.0,0.0,0.0,0.0,56.88,28.0
B_DAVIS_B_DAVIG1,1153,Gas-ST,G,Gas,105.84,352.8,4,4,7.056,4,4,4,0.0,0.0,0.0,0.0,0.0,105.84,35.0
B_DAVIS_B_DAVIG2,1643,Gas-CC,G,Gas,105.3,351.0,4,4,7.02,4,4,4,0.0,0.0,0.0,0.0,0.0,105.3,28.0
BASTEN_GTG1100,2436,Gas-CC,G,Gas,56.4,188.0,4,4,3.76,4,4,4,0.0,0.0,0.0,0.0,0.0,56.4,28.0
BASTEN_GTG2100,2436,Gas-CC,G,Gas,56.4,188.0,4,4,3.76,4,4,4,0.0,0.0,0.0,0.0,0.0,56.4,28.0
BASTEN_ST0100,2436,Gas-CC,G,Gas,72.6,242.0,4,4,4.84,4,4,4,0.0,0.0,0.0,0.0,0.0,72.6,28.0
BCH_UNIT1,2239,Gas-GT,G,Gas,6.05,60.5,1,1,4.84,1,1,1,0.0,0.0,0.0,0.0,0.0,6.05,42.0
BCH_UNIT2,2239,Gas-GT,G,Gas,6.05,60.5,1,1,4.84,1,1,1,0.0,0.0,0.0,0.0,0.0,6.05,42.0
BCH_UNIT3,2239,Gas-GT,G,Gas,6.05,60.5,1,1,4.84,1,1,1,0.0,0.0,0.0,0.0,0.0,6.05,42.0
BCH_UNIT4,2239,Gas-GT,G,Gas,6.05,60.5,1,1,4.84,1,1,1,0.0,0.0,0.0,0.0,0.0,6.05,42.0
BCH_UNIT5,2239,Gas-GT,G,Gas,6.05,60.5,1,1,4.84,1,1,1,0.0,0.0,0.0,0.0,0.0,6.05,42.0
BCH_UNIT6,2239,Gas-GT,G,Gas,6.05,60.5,1,1,4.84,1,1,1,0.0,0.0,0.0,0.0,0.0,6.05,42.0
BCH_UNIT7,2239,Gas-GT,G,Gas,6.05,60.5,1,1,4.84,1,1,1,0.0,0.0,0.0,0.0,0.0,6.05,42.0
BCH_UNIT8,2239,Gas-GT,G,Gas,6.05,60.5,1,1,4.84,1,1,1,0.0,0.0,0.0,0.0,0.0,6.05,42.0
BOSQUESW_BSQSU_1,2452,Gas-CC,G,Gas,56.61,188.7,4,4,3.774,4,4,4,0.0,0.0,0.0,0.0,0.0,56.61,28.0
BOSQUESW_BSQSU_2,2452,Gas-CC,G,Gas,56.61,188.7,4,4,3.774,4,4,4,0.0,0.0,0.0,0.0,0.0,56.61,28.0
BOSQUESW_BSQSU_3,2452,Gas-CC,G,Gas,56.61,188.7,4,4,3.774,4,4,4,0.0,0.0,0.0,0.0,0.0,56.61,28.0
BOSQUESW_BSQSU_4,2452,Gas-CC,G,Gas,28.5,95.0,4,4,1.9,4,4,4,0.0,0.0,0.0,0.0,0.0,28.5,28.0
BOSQUESW_BSQSU_5,2452,Gas-CC,G,Gas,76.26,254.2,4,4,5.084,4,4,4,0.0,0.0,0.0,0.0,0.0,76.26,28.0
BVE_UNIT1,2629,Gas-CC,G,Gas,59.67,198.9,4,4,3.978,4,4,4,0.0,0.0,0.0,0.0,0.0,59.67,28.0
BVE_UNIT2,2629,Gas-CC,G,Gas,59.67,198.9,4,4,3.978,4,4,4,0.0,0.0,0.0,0.0,0.0,59.67,28.0
BVE_UNIT3,2629,Gas-CC,G,Gas,82.68,275.6,4,4,5.512,4,4,4,0.0,0.0,0.0,0.0,0.0,82.68,28.0
BTM_UNIT1,1933,Gas-GT,G,Gas,6.05,60.5,1,1,4.84,1,1,1,0.0,0.0,0.0,0.0,0.0,6.05,42.0
BTM_UNIT2,1933,Gas-GT,G,Gas,6.05,60.5,1,1,4.84,1,1,1,0.0,0.0,0.0,0.0,0.0,6.05,42.0
BTM_UNIT3,1933,Gas-GT,G,Gas,6.05,60.5,1,1,4.84,1,1,1,0.0,0.0,0.0,0.0,0.0,6.05,42.0
BTM_UNIT4,1933,Gas-GT,G,Gas,6.05,60.5,1,1,4.84,1,1,1,0.0,0.0,0.0,0.0,0.0,6.05,42.0
BTM_UNIT5,1933,Gas-GT,G,Gas,6.05,60.5,1,1,4.84,1,1,1,0.0,0.0,0.0,0.0,0.0,6.05,42.0
BTM_UNIT6,1933,Gas-GT,G,Gas,6.05,60.5,1,1,4.84,1,1,1,0.0,0.0,0.0,0.0,0.0,6.05,42.0
BTM_UNIT7,1933,Gas-GT,G,Gas,6.05,60.5,1,1,4.84,1,1,1,0.0,0.0,0.0,0.0,0.0,6.05,42.0
BTM_UNIT8,1933,Gas-GT,G,Gas,6.05,60.5,1,1,4.84,1,1,1,0.0,0.0,0.0,0.0,0.0,6.05,42.0
FLCNS_UNIT1,1429,Gas-GT,G,Gas,7.5,75.0,1,1,6.0,1,1,1,0.0,0.0,0.0,0.0,0.0,7.5,42.0
FLCNS_UNIT2,1429,Gas-GT,G,Gas,7.5,75.0,1,1,6.0,1,1,1,0.0,0.0,0.0,0.0,0.0,7.5,42.0
CALHOUN_UNIT1,2038,Gas-GT,G,Gas,6.05,60.5,1,1,4.84,1,1,1,0.0,0.0,0.0,0.0,0.0,6.05,42.0
CALHOUN_UNIT2,2038,Gas-GT,G,Gas,6.05,60.5,1,1,4.84,1,1,1,0.0,0.0,0.0,0.0,0.0,6.05,42.0
CHAMON_CTG_0101,2918,Gas-GT,G,Gas,6.05,60.5,1,1,4.84,1,1,1,0.0,0.0,0.0,0.0,0.0,6.05,42.0
CHAMON_CTG_0301,2918,Gas-GT,G,Gas,6.05,60.5,1,1,4.84,1,1,1,0.0,0.0,0.0,0.0,0.0,6.05,42.0
CBY4_CT41,2785,Gas-CC,G,Gas,61.5,205.0,4,4,4.1,4,4,4,0.0,0.0,0.0,0.0,0.0,61.5,28.0
CBY4_CT42,2785,Gas-CC,G,Gas,61.5,205.0,4,4,4.1,4,4,4,0.0,0.0,0.0,0.0,0.0,61.5,28.0
CBY4_ST04,2785,Gas-CC,G,Gas,61.5,205.0,4,4,4.1,4,4,4,0.0,0.0,0.0,0.0,0.0,61.5,28.0
CBY_CBY_G1,2785,Gas-ST,G,Gas,229.5,765.0,4,4,15.3,4,4,4,0.0,0.0,0.0,0.0,0.0,229.5,35.0
CBY_CBY_G2,2785,Gas-ST,G,Gas,229.5,765.0,4,4,15.3,4,4,4,0.0,0.0,0.0,0.0,0.0,229.5,35.0
CBEC_GT1,265,Gas-CC,G,Gas,25.95,86.5,4,4,1.73,4,4,4,0.0,0.0,0.0,0.0,0.0,25.95,28.0
CBEC_GT2,265,Gas-CC,G,Gas,25.95,86.5,4,4,1.73,4,4,4,0.0,0.0,0.0,0.0,0.0,25.95,28.0
CBEC_GT3,265,Gas-CC,G,Gas,25.95,86.5,4,4,1.73,4,4,4,0.0,0.0,0.0,0.0,0.0,25.95,28.0
CBEC_GT4,265,Gas-CC,G,Gas,25.95,86.5,4,4,1.73,4,4,4,0.0,0.0,0.0,0.0,0.0,25.95,28.0
CBEC_STG1,265,Gas-CC,G,Gas,31.5,105.0,4,4,2.1,4,4,4,0.0,0.0,0.0,0.0,0.0,31.5,28.0
CBEC_STG2,265,Gas-CC,G,Gas,32.64,108.8,4,4,2.176,4,4,4,0.0,0.0,0.0,0.0,0.0,32.64,28.0
CBECII_CT7,264,Gas-CC,G,Gas,108.27,360.9,4,4,7.218,4,4,4,0.0,0.0,0.0,0.0,0.0,108.27,28.0
CBECII_CT8,264,Gas-CC,G,Gas,108.27,360.9,4,4,7.218,4,4,4,0.0,0.0,0.0,0.0,0.0,108.27,28.0
CBECII_STG9,264,Gas-CC,G,Gas,152.55,508.5,4,4,10.17,4,4,4,0.0,0.0,0.0,0.0,0.0,152.55,28.0
CBEC_GT11,265,Gas-GT,G,Gas,4.17,41.7,1,1,3.336,1,1,1,0.0,0.0,0.0,0.0,0.0,4.17,42.0
CBEC_GT12,265,Gas-GT,G,Gas,4.17,41.7,1,1,3.336,1,1,1,0.0,0.0,0.0,0.0,0.0,4.17,42.0
CVC_CVC_G1,152,Gas-CC,G,Gas,57.63,192.1,4,4,3.842,4,4,4,0.0,0.0,0.0,0.0,0.0,57.63,28.0
CVC_CVC_G2,152,Gas-CC,G,Gas,57.63,192.1,4,4,3.842,4,4,4,0.0,0.0,0.0,0.0,0.0,57.63,28.0
CVC_CVC_G3,152,Gas-CC,G,Gas,57.63,192.1,4,4,3.842,4,4,4,0.0,0.0,0.0,0.0,0.0,57.63,28.0
CVC_CVC_G5,152,Gas-CC,G,Gas,45.0,150.0,4,4,3.0,4,4,4,0.0,0.0,0.0,0.0,0.0,45.0,28.0
DANSBY_DANSBYG2,2710,Gas-GT,G,Gas,4.8,48.0,1,1,3.84,1,1,1,0.0,0.0,0.0,0.0,0.0,4.8,42.0
DANSBY_DANSBYG3,2710,Gas-GT,G,Gas,5.0,50.0,1,1,4.0,1,1,1,0.0,0.0,0.0,0.0,0.0,5.0,42.0
DANSBY_DANSBYG1,2710,Gas-ST,G,Gas,36.0,120.0,4,4,2.4,4,4,4,0.0,0.0,0.0,0.0,0.0,36.0,35.0
DECKER_DPGT_1,2219,Gas-GT,G,Gas,5.67,56.7,1,1,4.536,1,1,1,0.0,0.0,0.0,0.0,0.0,5.67,42.0
DECKER_DPGT_2,2219,Gas-GT,G,Gas,5.67,56.7,1,1,4.536,1,1,1,0.0,0.0,0.0,0.0,0.0,5.67,42.0
DECKER_DPGT_3,2219,Gas-GT,G,Gas,5.67,56.7,1,1,4.536,1,1,1,0.0,0.0,0.0,0.0,0.0,5.67,42.0
DECKER_DPGT_4,2219,Gas-GT,G,Gas,5.67,56.7,1,1,4.536,1,1,1,0.0,0.0,0.0,0.0,0.0,5.67,42.0
DCSES_CT10,2790,Gas-GT,G,Gas,8.95,89.5,1,1,7.16,1,1,1,0.0,0.0,0.0,0.0,0.0,8.95,42.0
DCSES_CT20,2790,Gas-GT,G,Gas,8.95,89.5,1,1,7.16,1,1,1,0.0,0.0,0.0,0.0,0.0,8.95,42.0
DCSES_CT30,2790,Gas-GT,G,Gas,8.95,89.5,1,1,7.16,1,1,1,0.0,0.0,0.0,0.0,0.0,8.95,42.0
DCSES_CT40,2790,Gas-GT,G,Gas,8.95,89.5,1,1,7.16,1,1,1,0.0,0.0,0.0,0.0,0.0,8.95,42.0
DDPEC_GT1,3158,Gas-CC,G,Gas,60.9,203.0,4,4,4.06,4,4,4,0.0,0.0,0.0,0.0,0.0,60.9,28.0
DDPEC_GT2,3158,Gas-CC,G,Gas,64.5,215.0,4,4,4.3,4,4,4,0.0,0.0,0.0,0.0,0.0,64.5,28.0
DDPEC_GT3,3158,Gas-CC,G,Gas,60.9,203.0,4,4,4.06,4,4,4,0.0,0.0,0.0,0.0,0.0,60.9,28.0
DDPEC_GT4,3158,Gas-CC,G,Gas,64.5,215.0,4,4,4.3,4,4,4,0.0,0.0,0.0,0.0,0.0,64.5,28.0
DDPEC_GT6,3158,Gas-CC,G,Gas,59.7,199.0,4,4,3.98,4,4,4,0.0,0.0,0.0,0.0,0.0,59.7,28.0
DDPEC_ST1,3158,Gas-CC,G,Gas,87.0,290.0,4,4,5.8,4,4,4,0.0,0.0,0.0,0.0,0.0,87.0,28.0
DEC_AGR_A,3230,Gas-IC,G,Gas,5.65,56.5,1,1,4.52,1,1,1,0.0,0.0,0.0,0.0,0.0,5.65,45.0
DEC_AGR_B,3230,Gas-IC,G,Gas,5.65,56.5,1,1,4.52,1,1,1,0.0,0.0,0.0,0.0,0.0,5.65,45.0
DEC_AGR_C,3230,Gas-IC,G,Gas,5.65,56.5,1,1,4.52,1,1,1,0.0,0.0,0.0,0.0,0.0,5.65,45.0
DEC_AGR_D,3230,Gas-IC,G,Gas,5.65,56.5,1,1,4.52,1,1,1,0.0,0.0,0.0,0.0,0.0,5.65,45.0
ECEC_G1,1429,Gas-GT,G,Gas,18.1,181.0,1,1,14.48,1,1,1,0.0,0.0,0.0,0.0,0.0,18.1,42.0
ECEC_G2,1429,Gas-GT,G,Gas,18.1,181.0,1,1,14.48,1,1,1,0.0,0.0,0.0,0.0,0.0,18.1,42.0
ETCCS_CT1,3244,Gas-CC,G,Gas,78.0,260.0,4,4,5.2,4,4,4,0.0,0.0,0.0,0.0,0.0,78.0,28.0
ETCCS_UNIT1,3244,Gas-CC,G,Gas,42.0,140.0,4,4,2.8,4,4,4,0.0,0.0,0.0,0.0,0.0,42.0,28.0
AZ_AZ_G1,2767,Gas-GT,G,Gas,4.0,40.0,1,1,3.2,1,1,1,0.0,0.0,0.0,0.0,0.0,4.0,42.0
AZ_AZ_G2,2767,Gas-GT,G,Gas,4.0,40.0,1,1,3.2,1,1,1,0.0,0.0,0.0,0.0,0.0,4.0,42.0
AZ_AZ_G3,2767,Gas-GT,G,Gas,4.0,40.0,1,1,3.2,1,1,1,0.0,0.0,0.0,0.0,0.0,4.0,42.0
AZ_AZ_G4,2767,Gas-GT,G,Gas,4.0,40.0,1,1,3.2,1,1,1,0.0,0.0,0.0,0.0,0.0,4.0,42.0
FERGCC_FERGGT1,2326,Gas-CC,G,Gas,55.59,185.3,4,4,3.706,4,4,4,0.0,0.0,0.0,0.0,0.0,55.59,28.0
FERGCC_FERGGT2,2326,Gas-CC,G,Gas,55.59,185.3,4,4,3.706,4,4,4,0.0,0.0,0.0,0.0,0.0,55.59,28.0
FERGCC_FERGST1,2326,Gas-CC,G,Gas,61.2,204.0,4,4,4.08,4,4,4,0.0,0.0,0.0,0.0,0.0,61.2,28.0
FRNYPP_GT11,2787,Gas-CC,G,Gas,59.01,196.7,4,4,3.934,4,4,4,0.0,0.0,0.0,0.0,0.0,59.01,28.0
FRNYPP_GT12,2787,Gas-CC,G,Gas,59.01,196.7,4,4,3.934,4,4,4,0.0,0.0,0.0,0.0,0.0,59.01,28.0
FRNYPP_GT13,2787,Gas-CC,G,Gas,59.01,196.7,4,4,3.934,4,4,4,0.0,0.0,0.0,0.0,0.0,59.01,28.0
FRNYPP_GT21,2787,Gas-CC,G,Gas,59.01,196.7,4,4,3.934,4,4,4,0.0,0.0,0.0,0.0,0.0,59.01,28.0
FRNYPP_GT22,2787,Gas-CC,G,Gas,59.01,196.7,4,4,3.934,4,4,4,0.0,0.0,0.0,0.0,0.0,59.01,28.0
FRNYPP_GT23,2787,Gas-CC,G,Gas,59.01,196.7,4,4,3.934,4,4,4,0.0,0.0,0.0,0.0,0.0,59.01,28.0
FRNYPP_ST10,2787,Gas-CC,G,Gas,126.6,422.0,4,4,8.44,4,4,4,0.0,0.0,0.0,0.0,0.0,126.6,28.0
FRNYPP_ST20,2787,Gas-CC,G,Gas,126.6,422.0,4,4,8.44,4,4,4,0.0,0.0,0.0,0.0,0.0,126.6,28.0
FREC_GT1,2457,Gas-CC,G,Gas,53.82,179.4,4,4,3.588,4,4,4,0.0,0.0,0.0,0.0,0.0,53.82,28.0
FREC_GT2,2457,Gas-CC,G,Gas,53.82,179.4,4,4,3.588,4,4,4,0.0,0.0,0.0,0.0,0.0,53.82,28.0
FREC_GT4,2457,Gas-CC,G,Gas,53.82,179.4,4,4,3.588,4,4,4,0.0,0.0,0.0,0.0,0.0,53.82,28.0
FREC_GT5,2457,Gas-CC,G,Gas,53.82,179.4,4,4,3.588,4,4,4,0.0,0.0,0.0,0.0,0.0,53.82,28.0
FREC_ST3,2457,Gas-CC,G,Gas,57.21,190.7,4,4,3.814,4,4,4,0.0,0.0,0.0,0.0,0.0,57.21,28.0
FREC_ST6,2457,Gas-CC,G,Gas,57.21,190.7,4,4,3.814,4,4,4,0.0,0.0,0.0,0.0,0.0,57.21,28.0
FEGC_UNIT1,2948,Gas-GT,G,Gas,12.9,129.0,1,1,10.32,1,1,1,0.0,0.0,0.0,0.0,0.0,12.9,42.0
FRONT_EC_CT1,1644,Gas-CC,G,Gas,53.1,177.0,4,4,3.54,4,4,4,0.0,0.0,0.0,0.0,0.0,53.1,28.0
FRONT_EC_CT2,1644,Gas-CC,G,Gas,53.1,177.0,4,4,3.54,4,4,4,0.0,0.0,0.0,0.0,0.0,53.1,28.0
FRONT_EC_ST,1644,Gas-CC,G,Gas,55.35,184.5,4,4,3.69,4,4,4,0.0,0.0,0.0,0.0,0.0,55.35,28.0
GRSES_UNIT1,2536,Gas-ST,G,Gas,71.7,239.0,4,4,4.78,4,4,4,0.0,0.0,0.0,0.0,0.0,71.7,35.0
GRSES_UNIT2,2536,Gas-ST,G,Gas,117.0,390.0,4,4,7.8,4,4,4,0.0,0.0,0.0,0.0,0.0,117.0,35.0
GBY_GBYGT73,2070,Gas-GT,G,Gas,7.2,72.0,1,1,5.76,1,1,1,0.0,0.0,0.0,0.0,0.0,7.2,42.0
GBY_GBYGT74,2070,Gas-GT,G,Gas,7.2,72.0,1,1,5.76,1,1,1,0.0,0.0,0.0,0.0,0.0,7.2,42.0
GBY_GBYGT81,2070,Gas-GT,G,Gas,7.2,72.0,1,1,5.76,1,1,1,0.0,0.0,0.0,0.0,0.0,7.2,42.0
GBY_GBYGT82,2070,Gas-GT,G,Gas,7.2,72.0,1,1,5.76,1,1,1,0.0,0.0,0.0,0.0,0.0,7.2,42.0
GBY_GBYGT83,2070,Gas-GT,G,Gas,7.2,72.0,1,1,5.76,1,1,1,0.0,0.0,0.0,0.0,0.0,7.2,42.0
GBY_GBYGT84,2070,Gas-GT,G,Gas,7.2,72.0,1,1,5.76,1,1,1,0.0,0.0,0.0,0.0,0.0,7.2,42.0
STEAM_ENGINE_1,2916,Gas-IC,G,Gas,0.84,8.4,1,1,1.0,1,1,1,0.0,0.0,0.0,0.0,0.0,0.84,45.0
STEAM_ENGINE_2,2916,Gas-IC,G,Gas,0.84,8.4,1,1,1.0,1,1,1,0.0,0.0,0.0,0.0,0.0,0.84,45.0
STEAM_ENGINE_3,2916,Gas-IC,G,Gas,0.84,8.4,1,1,1.0,1,1,1,0.0,0.0,0.0,0.0,0.0,0.84,45.0
LGE_LGE_GT1,1643,Gas-CC,G,Gas,55.5,185.0,4,4,3.7,4,4,4,0.0,0.0,0.0,0.0,0.0,55.5,28.0
LGE_LGE_GT2,1643,Gas-CC,G,Gas,55.5,185.0,4,4,3.7,4,4,4,0.0,0.0,0.0,0.0,0.0,55.5,28.0
LGE_LGE_STG,1643,Gas-CC,G,Gas,30.0,100.0,4,4,2.0,4,4,4,0.0,0.0,0.0,0.0,0.0,30.0,28.0
GUADG_GAS1,2418,Gas-CC,G,Gas,54.3,181.0,4,4,3.62,4,4,4,0.0,0.0,0.0,0.0,0.0,54.3,28.0
GUADG_GAS2,2418,Gas-CC,G,Gas,54.3,181.0,4,4,3.62,4,4,4,0.0,0.0,0.0,0.0,0.0,54.3,28.0
GUADG_GAS3,2418,Gas-CC,G,Gas,54.3,181.0,4,4,3.62,4,4,4,0.0,0.0,0.0,0.0,0.0,54.3,28.0
GUADG_GAS4,2418,Gas-CC,G,Gas,54.3,181.0,4,4,3.62,4,4,4,0.0,0.0,0.0,0.0,0.0,54.3,28.0
GUADG_STM5,2418,Gas-CC,G,Gas,61.2,204.0,4,4,4.08,4,4,4,0.0,0.0,0.0,0.0,0.0,61.2,28.0
GUADG_STM6,2418,Gas-CC,G,Gas,61.2,204.0,4,4,4.08,4,4,4,0.0,0.0,0.0,0.0,0.0,61.2,28.0
HLSES_UNIT3,3138,Gas-ST,G,Gas,118.5,395.0,4,4,7.9,4,4,4,0.0,0.0,0.0,0.0,0.0,118.5,35.0
HLSES_UNIT4,3138,Gas-ST,G,Gas,130.5,435.0,4,4,8.7,4,4,4,0.0,0.0,0.0,0.0,0.0,130.5,35.0
HLSES_UNIT5,3138,Gas-ST,G,Gas,130.5,435.0,4,4,8.7,4,4,4,0.0,0.0,0.0,0.0,0.0,130.5,35.0
HAYSEN_HAYSENG1,2659,Gas-CC,G,Gas,72.6,242.0,4,4,4.84,4,4,4,0.0,0.0,0.0,0.0,0.0,72.6,28.0
HAYSEN_HAYSENG2,2659,Gas-CC,G,Gas,72.6,242.0,4,4,4.84,4,4,4,0.0,0.0,0.0,0.0,0.0,72.6,28.0
HAYSEN_HAYSENG3,2659,Gas-CC,G,Gas,75.6,252.0,4,4,5.04,4,4,4,0.0,0.0,0.0,0.0,0.0,75.6,28.0
HAYSEN_HAYSENG4,2659,Gas-CC,G,Gas,75.6,252.0,4,4,5.04,4,4,4,0.0,0.0,0.0,0.0,0.0,75.6,28.0
DUKE_DUKE_GT1,1644,Gas-CC,G,Gas,52.98,176.6,4,4,3.532,4,4,4,0.0,0.0,0.0,0.0,0.0,52.98,28.0
DUKE_DUKE_GT2,1644,Gas-CC,G,Gas,52.98,176.6,4,4,3.532,4,4,4,0.0,0.0,0.0,0.0,0.0,52.98,28.0
DUKE_DUKE_ST1,1644,Gas-CC,G,Gas,59.43,198.1,4,4,3.962,4,4,4,0.0,0.0,0.0,0.0,0.0,59.43,28.0
JACKCNTY_CT1,2534,Gas-CC,G,Gas,59.67,198.9,4,4,3.978,4,4,4,0.0,0.0,0.0,0.0,0.0,59.67,28.0
JACKCNTY_CT2,2534,Gas-CC,G,Gas,59.67,198.9,4,4,3.978,4,4,4,0.0,0.0,0.0,0.0,0.0,59.67,28.0
JCKCNTY2_CT3,2534,Gas-CC,G,Gas,59.67,198.9,4,4,3.978,4,4,4,0.0,0.0,0.0,0.0,0.0,59.67,28.0
JCKCNTY2_CT4,2534,Gas-CC,G,Gas,59.67,198.9,4,4,3.978,4,4,4,0.0,0.0,0.0,0.0,0.0,59.67,28.0
JACKCNTY_STG,2534,Gas-CC,G,Gas,96.18,320.6,4,4,6.412,4,4,4,0.0,0.0,0.0,0.0,0.0,96.18,28.0
JCKCNTY2_ST2,2534,Gas-CC,G,Gas,96.18,320.6,4,4,6.412,4,4,4,0.0,0.0,0.0,0.0,0.0,96.18,28.0
TEN_CT1,2466,Gas-CC,G,Gas,55.5,185.0,4,4,3.7,4,4,4,0.0,0.0,0.0,0.0,0.0,55.5,28.0
TEN_STG,2466,Gas-CC,G,Gas,32.1,107.0,4,4,2.14,4,4,4,0.0,0.0,0.0,0.0,0.0,32.1,28.0
LHSES_UNIT1,2809,Gas-ST,G,Gas,119.1,397.0,4,4,7.94,4,4,4,0.0,0.0,0.0,0.0,0.0,119.1,35.0
LHSES_UNIT2A,2809,Gas-ST,G,Gas,159.3,531.0,4,4,10.62,4,4,4,0.0,0.0,0.0,0.0,0.0,159.3,35.0
LPCCS_CT11,3604,Gas-CC,G,Gas,55.8,186.0,4,4,3.72,4,4,4,0.0,0.0,0.0,0.0,0.0,55.8,28.0
LPCCS_CT12,3604,Gas-CC,G,Gas,55.8,186.0,4,4,3.72,4,4,4,0.0,0.0,0.0,0.0,0.0,55.8,28.0
LPCCS_CT21,3604,Gas-CC,G,Gas,55.8,186.0,4,4,3.72,4,4,4,0.0,0.0,0.0,0.0,0.0,55.8,28.0
LPCCS_CT22,3604,Gas-CC,G,Gas,55.8,186.0,4,4,3.72,4,4,4,0.0,0.0,0.0,0.0,0.0,55.8,28.0
LPCCS_UNIT1,3604,Gas-CC,G,Gas,64.8,216.0,4,4,4.32,4,4,4,0.0,0.0,0.0,0.0,0.0,64.8,28.0
LPCCS_UNIT2,3604,Gas-CC,G,Gas,64.8,216.0,4,4,4.32,4,4,4,0.0,0.0,0.0,0.0,0.0,64.8,28.0
LARDVFTN_G4,1589,Gas-GT,G,Gas,9.85,98.5,1,1,7.88,1,1,1,0.0,0.0,0.0,0.0,0.0,9.85,42.0
LARDVFTN_G5,1589,Gas-GT,G,Gas,9.85,98.5,1,1,7.88,1,1,1,0.0,0.0,0.0,0.0,0.0,9.85,42.0
LEON_CRK_LCPCT1,2161,Gas-GT,G,Gas,4.8,48.0,1,1,3.84,1,1,1,0.0,0.0,0.0,0.0,0.0,4.8,42.0
LEON_CRK_LCPCT2,2161,Gas-GT,G,Gas,4.8,48.0,1,1,3.84,1,1,1,0.0,0.0,0.0,0.0,0.0,4.8,42.0
LEON_CRK_LCPCT3,2161,Gas-GT,G,Gas,4.8,48.0,1,1,3.84,1,1,1,0.0,0.0,0.0,0.0,0.0,4.8,42.0
LEON_CRK_LCPCT4,2161,Gas-GT,G,Gas,4.8,48.0,1,1,3.84,1,1,1,0.0,0.0,0.0,0.0,0.0,4.8,42.0
LIG_UNIT1,2767,Gas-GT,G,Gas,6.05,60.5,1,1,4.84,1,1,1,0.0,0.0,0.0,0.0,0.0,6.05,42.0
LIG_UNIT2,2767,Gas-GT,G,Gas,6.05,60.5,1,1,4.84,1,1,1,0.0,0.0,0.0,0.0,0.0,6.05,42.0
LOSTPI_LOSTPGT1,2441,Gas-CC,G,Gas,60.75,202.5,4,4,4.05,4,4,4,0.0,0.0,0.0,0.0,0.0,60.75,28.0
LOSTPI_LOSTPGT2,2441,Gas-CC,G,Gas,60.75,202.5,4,4,4.05,4,4,4,0.0,0.0,0.0,0.0,0.0,60.75,28.0
LOSTPI_LOSTPST1,2441,Gas-CC,G,Gas,61.2,204.0,4,4,4.08,4,4,4,0.0,0.0,0.0,0.0,0.0,61.2,28.0
NEDIN_NEDIN_G1,2384,Gas-CC,G,Gas,80.07,266.9,4,4,5.338,4,4,4,0.0,0.0,0.0,0.0,0.0,80.07,28.0
NEDIN_NEDIN_G2,2384,Gas-CC,G,Gas,80.07,266.9,4,4,5.338,4,4,4,0.0,0.0,0.0,0.0,0.0,80.07,28.0
NEDIN_NEDIN_G3,2384,Gas-CC,G,Gas,77.52,258.4,4,4,5.168,4,4,4,0.0,0.0,0.0,0.0,0.0,77.52,28.0
MDANP_CT1,2913,Gas-CC,G,Gas,77.4,258.0,4,4,5.16,4,4,4,0.0,0.0,0.0,0.0,0.0,77.4,28.0
MDANP_CT2,2913,Gas-CC,G,Gas,76.8,256.0,4,4,5.12,4,4,4,0.0,0.0,0.0,0.0,0.0,76.8,28.0
MDANP_CT3,2913,Gas-CC,G,Gas,76.5,255.0,4,4,5.1,4,4,4,0.0,0.0,0.0,0.0,0.0,76.5,28.0
MDANP_CT4,2913,Gas-CC,G,Gas,77.4,258.0,4,4,5.16,4,4,4,0.0,0.0,0.0,0.0,0.0,77.4,28.0
MDANP_CT5,2913,Gas-CC,G,Gas,82.8,276.0,4,4,5.52,4,4,4,0.0,0.0,0.0,0.0,0.0,82.8,28.0
MDANP_CT6,2913,Gas-CC,G,Gas,83.4,278.0,4,4,5.56,4,4,4,0.0,0.0,0.0,0.0,0.0,83.4,28.0
MGSES_CT1,2504,Gas-GT,G,Gas,8.94,89.4,1,1,7.152,1,1,1,0.0,0.0,0.0,0.0,0.0,8.94,42.0
MGSES_CT2,2504,Gas-GT,G,Gas,8.94,89.4,1,1,7.152,1,1,1,0.0,0.0,0.0,0.0,0.0,8.94,42.0
MGSES_CT3,2504,Gas-GT,G,Gas,8.94,89.4,1,1,7.152,1,1,1,0.0,0.0,0.0,0.0,0.0,8.94,42.0
MGSES_CT4,2504,Gas-GT,G,Gas,8.94,89.4,1,1,7.152,1,1,1,0.0,0.0,0.0,0.0,0.0,8.94,42.0
MGSES_CT5,2504,Gas-GT,G,Gas,8.94,89.4,1,1,7.152,1,1,1,0.0,0.0,0.0,0.0,0.0,8.94,42.0
MGSES_CT6,2504,Gas-GT,G,Gas,8.94,89.4,1,1,7.152,1,1,1,0.0,0.0,0.0,0.0,0.0,8.94,42.0
MCSES_UNIT6,3128,Gas-ST,G,Gas,36.6,122.0,4,4,2.44,4,4,4,0.0,0.0,0.0,0.0,0.0,36.6,35.0
MCSES_UNIT7,3128,Gas-ST,G,Gas,35.4,118.0,4,4,2.36,4,4,4,0.0,0.0,0.0,0.0,0.0,35.4,35.0
MCSES_UNIT8,3128,Gas-ST,G,Gas,170.4,568.0,4,4,11.36,4,4,4,0.0,0.0,0.0,0.0,0.0,170.4,35.0
NUECES_B_NUECESG8,1643,Gas-CC,G,Gas,56.88,189.6,4,4,3.792,4,4,4,0.0,0.0,0.0,0.0,0.0,56.88,28.0
NUECES_B_NUECESG9,1643,Gas-CC,G,Gas,56.88,189.6,4,4,3.792,4,4,4,0.0,0.0,0.0,0.0,0.0,56.88,28.0
NUECES_B_NUECESG7,1643,Gas-CC,G,Gas,105.3,351.0,4,4,7.02,4,4,4,0.0,0.0,0.0,0.0,0.0,105.3,28.0
CALAVERS_OWS1,649,Gas-ST,G,Gas,133.5,445.0,4,4,8.9,4,4,4,0.0,0.0,0.0,0.0,0.0,133.5,35.0
CALAVERS_OWS2,649,Gas-ST,G,Gas,130.5,435.0,4,4,8.7,4,4,4,0.0,0.0,0.0,0.0,0.0,130.5,35.0
OECCS_CT11,1446,Gas-CC,G,Gas,58.56,195.2,4,4,3.904,4,4,4,0.0,0.0,0.0,0.0,0.0,58.56,28.0
OECCS_CT12,1446,Gas-CC,G,Gas,56.73,189.1,4,4,3.782,4,4,4,0.0,0.0,0.0,0.0,0.0,56.73,28.0
OECCS_CT21,1446,Gas-CC,G,Gas,58.56,195.2,4,4,3.904,4,4,4,0.0,0.0,0.0,0.0,0.0,58.56,28.0
OECCS_CT22,1446,Gas-CC,G,Gas,56.73,189.1,4,4,3.782,4,4,4,0.0,0.0,0.0,0.0,0.0,56.73,28.0
OECCS_UNIT1,1446,Gas-CC,G,Gas,67.2,224.0,4,4,4.48,4,4,4,0.0,0.0,0.0,0.0,0.0,67.2,28.0
OECCS_UNIT2,1446,Gas-CC,G,Gas,67.2,224.0,4,4,4.48,4,4,4,0.0,0.0,0.0,0.0,0.0,67.2,28.0
VICTPRT2_UNIT1,441,Gas-GT,G,Gas,6.05,60.5,1,1,4.84,1,1,1,0.0,0.0,0.0,0.0,0.0,6.05,42.0
VICTPRT2_UNIT2,441,Gas-GT,G,Gas,6.05,60.5,1,1,4.84,1,1,1,0.0,0.0,0.0,0.0,0.0,6.05,42.0
PANDA_S_SHER1CT1,3503,Gas-CC,G,Gas,69.6,232.0,4,4,4.64,4,4,4,0.0,0.0,0.0,0.0,0.0,69.6,28.0
PANDA_S_SHER1CT2,3503,Gas-CC,G,Gas,69.6,232.0,4,4,4.64,4,4,4,0.0,0.0,0.0,0.0,0.0,69.6,28.0
PANDA_S_SHER1ST1,3503,Gas-CC,G,Gas,105.93,353.1,4,4,7.062,4,4,4,0.0,0.0,0.0,0.0,0.0,105.93,28.0
PANDA_T1_TMPL1CT1,1285,Gas-CC,G,Gas,69.6,232.0,4,4,4.64,4,4,4,0.0,0.0,0.0,0.0,0.0,69.6,28.0
PANDA_T1_TMPL1CT2,1285,Gas-CC,G,Gas,69.6,232.0,4,4,4.64,4,4,4,0.0,0.0,0.0,0.0,0.0,69.6,28.0
PANDA_T1_TMPL1ST1,1285,Gas-CC,G,Gas,105.93,353.1,4,4,7.062,4,4,4,0.0,0.0,0.0,0.0,0.0,105.93,28.0
PANDA_T2_TMPL2CT1,1285,Gas-CC,G,Gas,69.6,232.0,4,4,4.64,4,4,4,0.0,0.0,0.0,0.0,0.0,69.6,28.0
PANDA_T2_TMPL2CT2,1285,Gas-CC,G,Gas,69.6,232.0,4,4,4.64,4,4,4,0.0,0.0,0.0,0.0,0.0,69.6,28.0
PANDA_T2_TMPL2ST1,1285,Gas-CC,G,Gas,105.93,353.1,4,4,7.062,4,4,4,0.0,0.0,0.0,0.0,0.0,105.93,28.0
TNSKA_GT1,3604,Gas-CC,G,Gas,27.27,90.9,4,4,1.818,4,4,4,0.0,0.0,0.0,0.0,0.0,27.27,28.0
TNSKA_GT2,3604,Gas-CC,G,Gas,27.27,90.9,4,4,1.818,4,4,4,0.0,0.0,0.0,0.0,0.0,27.27,28.0
TNSKA_STG,3604,Gas-CC,G,Gas,27.0,90.0,4,4,1.8,4,4,4,0.0,0.0,0.0,0.0,0.0,27.0,28.0
PSG_PSG_GT2,2056,Gas-CC,G,Gas,64.53,215.1,4,4,4.302,4,4,4,0.0,0.0,0.0,0.0,0.0,64.53,28.0
PSG_PSG_GT3,2056,Gas-CC,G,Gas,64.53,215.1,4,4,4.302,4,4,4,0.0,0.0,0.0,0.0,0.0,64.53,28.0
PSG_PSG_ST2,2056,Gas-CC,G,Gas,58.65,195.5,4,4,3.91,4,4,4,0.0,0.0,0.0,0.0,0.0,58.65,28.0
PEARSAL2_AGR_A,2656,Gas-IC,G,Gas,5.06,50.6,1,1,4.048,1,1,1,0.0,0.0,0.0,0.0,0.0,5.06,45.0
PEARSAL2_AGR_B,2656,Gas-IC,G,Gas,5.06,50.6,1,1,4.048,1,1,1,0.0,0.0,0.0,0.0,0.0,5.06,45.0
PEARSAL2_AGR_C,2656,Gas-IC,G,Gas,5.06,50.6,1,1,4.048,1,1,1,0.0,0.0,0.0,0.0,0.0,5.06,45.0
PEARSAL2_AGR_D,2656,Gas-IC,G,Gas,5.06,50.6,1,1,4.048,1,1,1,0.0,0.0,0.0,0.0,0.0,5.06,45.0
PB2SES_CT1,1356,Gas-GT,G,Gas,8.94,89.4,1,1,7.152,1,1,1,0.0,0.0,0.0,0.0,0.0,8.94,42.0
PB2SES_CT2,1356,Gas-GT,G,Gas,8.94,89.4,1,1,7.152,1,1,1,0.0,0.0,0.0,0.0,0.0,8.94,42.0
PB2SES_CT3,1356,Gas-GT,G,Gas,8.94,89.4,1,1,7.152,1,1,1,0.0,0.0,0.0,0.0,0.0,8.94,42.0
PB2SES_CT4,1356,Gas-GT,G,Gas,8.94,89.4,1,1,7.152,1,1,1,0.0,0.0,0.0,0.0,0.0,8.94,42.0
PB2SES_CT5,1356,Gas-GT,G,Gas,8.94,89.4,1,1,7.152,1,1,1,0.0,0.0,0.0,0.0,0.0,8.94,42.0
PRO_UNIT1,2767,Gas-GT,G,Gas,6.05,60.5,1,1,4.84,1,1,1,0.0,0.0,0.0,0.0,0.0,6.05,42.0
PRO_UNIT2,2767,Gas-GT,G,Gas,6.05,60.5,1,1,4.84,1,1,1,0.0,0.0,0.0,0.0,0.0,6.05,42.0
PRO_UNIT3,2767,Gas-GT,G,Gas,6.05,60.5,1,1,4.84,1,1,1,0.0,0.0,0.0,0.0,0.0,6.05,42.0
PRO_UNIT4,2767,Gas-GT,G,Gas,6.05,60.5,1,1,4.84,1,1,1,0.0,0.0,0.0,0.0,0.0,6.05,42.0
PRO_UNIT5,2767,Gas-GT,G,Gas,6.05,60.5,1,1,4.84,1,1,1,0.0,0.0,0.0,0.0,0.0,6.05,42.0
PRO_UNIT6,2767,Gas-GT,G,Gas,6.05,60.5,1,1,4.84,1,1,1,0.0,0.0,0.0,0.0,0.0,6.05,42.0
PRO_UNIT7,2767,Gas-GT,G,Gas,6.05,60.5,1,1,4.84,1,1,1,0.0,0.0,0.0,0.0,0.0,6.05,42.0
PRO_UNIT8,2767,Gas-GT,G,Gas,6.05,60.5,1,1,4.84,1,1,1,0.0,0.0,0.0,0.0,0.0,6.05,42.0
BAC_CTG1,1980,Gas-GT,G,Gas,6.5,65.0,1,1,5.2,1,1,1,0.0,0.0,0.0,0.0,0.0,6.5,42.0
BAC_CTG2,1980,Gas-GT,G,Gas,6.5,65.0,1,1,5.2,1,1,1,0.0,0.0,0.0,0.0,0.0,6.5,42.0
BAC_CTG3,1980,Gas-GT,G,Gas,6.5,65.0,1,1,5.2,1,1,1,0.0,0.0,0.0,0.0,0.0,6.5,42.0
BAC_CTG4,1980,Gas-GT,G,Gas,6.5,65.0,1,1,5.2,1,1,1,0.0,0.0,0.0,0.0,0.0,6.5,42.0
BAC_CTG5,1980,Gas-GT,G,Gas,6.5,65.0,1,1,5.2,1,1,1,0.0,0.0,0.0,0.0,0.0,6.5,42.0
BAC_CTG6,1980,Gas-GT,G,Gas,6.5,65.0,1,1,5.2,1,1,1,0.0,0.0,0.0,0.0,0.0,6.5,42.0
STEAM1A_STEAM_1,3110,Gas-ST,G,Gas,5.64,18.8,4,4,1.0,4,4,4,0.0,0.0,0.0,0.0,0.0,5.64,35.0
STEAM_STEAM_2,2916,Gas-ST,G,Gas,7.5,25.0,4,4,1.0,4,4,4,0.0,0.0,0.0,0.0,0.0,7.5,35.0
STEAM_STEAM_3,2916,Gas-ST,G,Gas,12.96,43.2,4,4,1.0,4,4,4,0.0,0.0,0.0,0.0,0.0,12.96,35.0
QALSW_GT1,2479,Gas-CC,G,Gas,27.18,90.6,4,4,1.812,4,4,4,0.0,0.0,0.0,0.0,0.0,27.18,28.0
QALSW_GT2,2479,Gas-CC,G,Gas,27.18,90.6,4,4,1.812,4,4,4,0.0,0.0,0.0,0.0,0.0,27.18,28.0
QALSW_GT3,2479,Gas-CC,G,Gas,27.18,90.6,4,4,1.812,4,4,4,0.0,0.0,0.0,0.0,0.0,27.18,28.0
QALSW_GT4,2479,Gas-CC,G,Gas,27.18,90.6,4,4,1.812,4,4,4,0.0,0.0,0.0,0.0,0.0,27.18,28.0
QALSW_STG1,2479,Gas-CC,G,Gas,29.43,98.1,4,4,1.962,4,4,4,0.0,0.0,0.0,0.0,0.0,29.43,28.0
QALSW_STG2,2479,Gas-CC,G,Gas,29.43,98.1,4,4,1.962,4,4,4,0.0,0.0,0.0,0.0,0.0,29.43,28.0
MIL_MILLERG4,3586,Gas-GT,G,Gas,11.6,116.0,1,1,9.28,1,1,1,0.0,0.0,0.0,0.0,0.0,11.6,42.0
MIL_MILLERG5,3586,Gas-GT,G,Gas,11.6,116.0,1,1,9.28,1,1,1,0.0,0.0,0.0,0.0,0.0,11.6,42.0
MIL_MILLERG1,3586,Gas-ST,G,Gas,22.5,75.0,4,4,1.5,4,4,4,0.0,0.0,0.0,0.0,0.0,22.5,35.0
MIL_MILLERG2,3586,Gas-ST,G,Gas,36.0,120.0,4,4,2.4,4,4,4,0.0,0.0,0.0,0.0,0.0,36.0,35.0
MIL_MILLERG3,3586,Gas-ST,G,Gas,64.8,216.0,4,4,4.32,4,4,4,0.0,0.0,0.0,0.0,0.0,64.8,35.0
OLINGR_OLING_4,3110,Gas-GT,G,Gas,9.5,95.0,1,1,7.6,1,1,1,0.0,0.0,0.0,0.0,0.0,9.5,42.0
OLINGR_OLING_2,3110,Gas-ST,G,Gas,34.08,113.6,4,4,2.272,4,4,4,0.0,0.0,0.0,0.0,0.0,34.08,35.0
OLINGR_OLING_3,3110,Gas-ST,G,Gas,46.98,156.6,4,4,3.132,4,4,4,0.0,0.0,0.0,0.0,0.0,46.98,35.0
RAB_UNIT1,2836,Gas-GT,G,Gas,6.05,60.5,1,1,4.84,1,1,1,0.0,0.0,0.0,0.0,0.0,6.05,42.0
RAB_UNIT2,2836,Gas-GT,G,Gas,6.05,60.5,1,1,4.84,1,1,1,0.0,0.0,0.0,0.0,0.0,6.05,42.0
RAB_UNIT3,2836,Gas-GT,G,Gas,6.05,60.5,1,1,4.84,1,1,1,0.0,0.0,0.0,0.0,0.0,6.05,42.0
RAB_UNIT4,2836,Gas-GT,G,Gas,6.05,60.5,1,1,4.84,1,1,1,0.0,0.0,0.0,0.0,0.0,6.05,42.0
RAB_UNIT5,2836,Gas-GT,G,Gas,6.05,60.5,1,1,4.84,1,1,1,0.0,0.0,0.0,0.0,0.0,6.05,42.0
RAB_UNIT6,2836,Gas-GT,G,Gas,6.05,60.5,1,1,4.84,1,1,1,0.0,0.0,0.0,0.0,0.0,6.05,42.0
RAB_UNIT7,2836,Gas-GT,G,Gas,6.05,60.5,1,1,4.84,1,1,1,0.0,0.0,0.0,0.0,0.0,6.05,42.0
RAB_UNIT8,2836,Gas-GT,G,Gas,6.05,60.5,1,1,4.84,1,1,1,0.0,0.0,0.0,0.0,0.0,6.05,42.0
REDGATE_AGR_A,592,Gas-IC,G,Gas,5.63,56.3,1,1,4.504,1,1,1,0.0,0.0,0.0,0.0,0.0,5.63,45.0
REDGATE_AGR_B,592,Gas-IC,G,Gas,5.63,56.3,1,1,4.504,1,1,1,0.0,0.0,0.0,0.0,0.0,5.63,45.0
REDGATE_AGR_C,592,Gas-IC,G,Gas,5.63,56.3,1,1,4.504,1,1,1,0.0,0.0,0.0,0.0,0.0,5.63,45.0
REDGATE_AGR_D,592,Gas-IC,G,Gas,5.63,56.3,1,1,4.504,1,1,1,0.0,0.0,0.0,0.0,0.0,5.63,45.0
JAD_UNIT1,2767,Gas-GT,G,Gas,6.05,60.5,1,1,4.84,1,1,1,0.0,0.0,0.0,0.0,0.0,6.05,42.0
JAD_UNIT2,2767,Gas-GT,G,Gas,6.05,60.5,1,1,4.84,1,1,1,0.0,0.0,0.0,0.0,0.0,6.05,42.0
JAD_UNIT3,2767,Gas-GT,G,Gas,6.05,60.5,1,1,4.84,1,1,1,0.0,0.0,0.0,0.0,0.0,6.05,42.0
JAD_UNIT4,2767,Gas-GT,G,Gas,6.05,60.5,1,1,4.84,1,1,1,0.0,0.0,0.0,0.0,0.0,6.05,42.0
JAD_UNIT5,2767,Gas-GT,G,Gas,6.05,60.5,1,1,4.84,1,1,1,0.0,0.0,0.0,0.0,0.0,6.05,42.0
JAD_UNIT6,2767,Gas-GT,G,Gas,6.05,60.5,1,1,4.84,1,1,1,0.0,0.0,0.0,0.0,0.0,6.05,42.0
JAD_UNIT7,2767,Gas-GT,G,Gas,6.05,60.5,1,1,4.84,1,1,1,0.0,0.0,0.0,0.0,0.0,6.05,42.0
JAD_UNIT8,2767,Gas-GT,G,Gas,6.05,60.5,1,1,4.84,1,1,1,0.0,0.0,0.0,0.0,0.0,6.05,42.0
RIONOG_CT1,2421,Gas-CC,G,Gas,60.9,203.0,4,4,4.06,4,4,4,0.0,0.0,0.0,0.0,0.0,60.9,28.0
RIONOG_CT2,2421,Gas-CC,G,Gas,60.9,203.0,4,4,4.06,4,4,4,0.0,0.0,0.0,0.0,0.0,60.9,28.0
RIONOG_CT3,2421,Gas-CC,G,Gas,60.9,203.0,4,4,4.06,4,4,4,0.0,0.0,0.0,0.0,0.0,60.9,28.0
RIONOG_ST1,2421,Gas-CC,G,Gas,111.96,373.2,4,4,7.464,4,4,4,0.0,0.0,0.0,0.0,0.0,111.96,28.0
RAYBURN_RAYBURG7,3503,Gas-CC,G,Gas,18.15,60.5,4,4,1.21,4,4,4,0.0,0.0,0.0,0.0,0.0,18.15,28.0
RAYBURN_RAYBURG8,3503,Gas-CC,G,Gas,18.15,60.5,4,4,1.21,4,4,4,0.0,0.0,0.0,0.0,0.0,18.15,28.0
RAYBURN_RAYBURG9,3503,Gas-CC,G,Gas,18.15,60.5,4,4,1.21,4,4,4,0.0,0.0,0.0,0.0,0.0,18.15,28.0
RAYBURN_RAYBURG10,3503,Gas-CC,G,Gas,12.6,42.0,4,4,1.0,4,4,4,0.0,0.0,0.0,0.0,0.0,12.6,28.0
SJS_SJS_G1,157,Gas-GT,G,Gas,8.82,88.2,1,1,7.056,1,1,1,0.0,0.0,0.0,0.0,0.0,8.82,42.0
SJS_SJS_G2,157,Gas-GT,G,Gas,8.82,88.2,1,1,7.056,1,1,1,0.0,0.0,0.0,0.0,0.0,8.82,42.0
SANDHSYD_SH1,683,Gas-GT,G,Gas,6.05,60.5,1,1,4.84,1,1,1,0.0,0.0,0.0,0.0,0.0,6.05,42.0
SANDHSYD_SH2,683,Gas-GT,G,Gas,6.05,60.5,1,1,4.84,1,1,1,0.0,0.0,0.0,0.0,0.0,6.05,42.0
SANDHSYD_SH3,683,Gas-GT,G,Gas,6.05,60.5,1,1,4.84,1,1,1,0.0,0.0,0.0,0.0,0.0,6.05,42.0
SANDHSYD_SH4,683,Gas-GT,G,Gas,6.05,60.5,1,1,4.84,1,1,1,0.0,0.0,0.0,0.0,0.0,6.05,42.0
SANDHSYD_SH_5A,684,Gas-CC,G,Gas,59.67,198.9,4,4,3.978,4,4,4,0.0,0.0,0.0,0.0,0.0,59.67,28.0
SANDHSYD_SH6,683,Gas-GT,G,Gas,6.05,60.5,1,1,4.84,1,1,1,0.0,0.0,0.0,0.0,0.0,6.05,42.0
SANDHSYD_SH7,683,Gas-GT,G,Gas,6.05,60.5,1,1,4.84,1,1,1,0.0,0.0,0.0,0.0,0.0,6.05,42.0
SANDHSYD_SH_5C,684,Gas-CC,G,Gas,57.3,191.0,4,4,3.82,4,4,4,0.0,0.0,0.0,0.0,0.0,57.3,28.0
SILASRAY_SILAS_10,506,Gas-GT,G,Gas,6.05,60.5,1,1,4.84,1,1,1,0.0,0.0,0.0,0.0,0.0,6.05,42.0
SILASRAY_SILAS_9,506,Gas-CC,G,Gas,15.0,50.0,4,4,1.0,4,4,4,0.0,0.0,0.0,0.0,0.0,15.0,28.0
SILASRAY_SILAS_6,506,Gas-CC,G,Gas,7.5,25.0,4,4,1.0,4,4,4,0.0,0.0,0.0,0.0,0.0,7.5,28.0
GIDEON_GIDEONG1,2639,Gas-ST,G,Gas,40.8,136.0,4,4,2.72,4,4,4,0.0,0.0,0.0,0.0,0.0,40.8,35.0
GIDEON_GIDEONG2,2639,Gas-ST,G,Gas,40.8,136.0,4,4,2.72,4,4,4,0.0,0.0,0.0,0.0,0.0,40.8,35.0
GIDEON_GIDEONG3,2639,Gas-ST,G,Gas,105.3,351.0,4,4,7.02,4,4,4,0.0,0.0,0.0,0.0,0.0,105.3,35.0
SKY1_SKY1A,289,Gas-IC,G,Gas,2.67,26.7,1,1,2.136,1,1,1,0.0,0.0,0.0,0.0,0.0,2.67,45.0
SKY1_SKY1B,289,Gas-IC,G,Gas,2.67,26.7,1,1,2.136,1,1,1,0.0,0.0,0.0,0.0,0.0,2.67,45.0
SPNCER_SPNCE_4,3777,Gas-ST,G,Gas,18.3,61.0,4,4,1.22,4,4,4,0.0,0.0,0.0,0.0,0.0,18.3,35.0
SPNCER_SPNCE_5,3777,Gas-ST,G,Gas,19.5,65.0,4,4,1.3,4,4,4,0.0,0.0,0.0,0.0,0.0,19.5,35.0
SCSES_UNIT1A,3408,Gas-ST,G,Gas,53.1,177.0,4,4,3.54,4,4,4,0.0,0.0,0.0,0.0,0.0,53.1,35.0
SCSES_UNIT2,3408,Gas-ST,G,Gas,150.6,502.0,4,4,10.04,4,4,4,0.0,0.0,0.0,0.0,0.0,150.6,35.0
THW_THWGT_1,152,Gas-GT,G,Gas,1.63,16.3,1,1,1.304,1,1,1,0.0,0.0,0.0,0.0,0.0,1.63,42.0
THW_THWGT31,152,Gas-CC,G,Gas,15.39,51.3,4,4,1.026,4,4,4,0.0,0.0,0.0,0.0,0.0,15.39,28.0
THW_THWGT32,152,Gas-CC,G,Gas,15.39,51.3,4,4,1.026,4,4,4,0.0,0.0,0.0,0.0,0.0,15.39,28.0
THW_THWGT33,152,Gas-CC,G,Gas,15.39,51.3,4,4,1.026,4,4,4,0.0,0.0,0.0,0.0,0.0,15.39,28.0
THW_THWGT34,152,Gas-CC,G,Gas,15.39,51.3,4,4,1.026,4,4,4,0.0,0.0,0.0,0.0,0.0,15.39,28.0
THW_THWGT41,152,Gas-CC,G,Gas,15.39,51.3,4,4,1.026,4,4,4,0.0,0.0,0.0,0.0,0.0,15.39,28.0
THW_THWGT42,152,Gas-CC,G,Gas,15.39,51.3,4,4,1.026,4,4,4,0.0,0.0,0.0,0.0,0.0,15.39,28.0
THW_THWGT43,152,Gas-CC,G,Gas,18.6,62.0,4,4,1.24,4,4,4,0.0,0.0,0.0,0.0,0.0,18.6,28.0
THW_THWGT44,152,Gas-CC,G,Gas,18.6,62.0,4,4,1.24,4,4,4,0.0,0.0,0.0,0.0,0.0,18.6,28.0
THW_THWGT51,152,Gas-GT,G,Gas,8.5,85.0,1,1,6.8,1,1,1,0.0,0.0,0.0,0.0,0.0,8.5,42.0
THW_THWGT52,152,Gas-GT,G,Gas,8.5,85.0,1,1,6.8,1,1,1,0.0,0.0,0.0,0.0,0.0,8.5,42.0
THW_THWGT53,152,Gas-GT,G,Gas,8.5,85.0,1,1,6.8,1,1,1,0.0,0.0,0.0,0.0,0.0,8.5,42.0
THW_THWGT54,152,Gas-GT,G,Gas,8.5,85.0,1,1,6.8,1,1,1,0.0,0.0,0.0,0.0,0.0,8.5,42.0
THW_THWGT55,152,Gas-GT,G,Gas,8.5,85.0,1,1,6.8,1,1,1,0.0,0.0,0.0,0.0,0.0,8.5,42.0
THW_THWGT56,152,Gas-GT,G,Gas,8.5,85.0,1,1,6.8,1,1,1,0.0,0.0,0.0,0.0,0.0,8.5,42.0
THW_THWST_3,152,Gas-CC,G,Gas,33.93,113.1,4,4,2.262,4,4,4,0.0,0.0,0.0,0.0,0.0,33.93,28.0
THW_THWST_4,152,Gas-CC,G,Gas,33.93,113.1,4,4,2.262,4,4,4,0.0,0.0,0.0,0.0,0.0,33.93,28.0
TXCTY_CTA,1988,Gas-CC,G,Gas,38.73,129.1,4,4,2.582,4,4,4,0.0,0.0,0.0,0.0,0.0,38.73,28.0
TXCTY_CTB,1988,Gas-CC,G,Gas,38.73,129.1,4,4,2.582,4,4,4,0.0,0.0,0.0,0.0,0.0,38.73,28.0
TXCTY_CTC,1988,Gas-CC,G,Gas,38.73,129.1,4,4,2.582,4,4,4,0.0,0.0,0.0,0.0,0.0,38.73,28.0
TXCTY_ST,1988,Gas-CC,G,Gas,43.11,143.7,4,4,2.874,4,4,4,0.0,0.0,0.0,0.0,0.0,43.11,28.0
TGS_GT01,267,Gas-GT,G,Gas,9.4,94.0,1,1,7.52,1,1,1,0.0,0.0,0.0,0.0,0.0,9.4,42.0
TIMPP_AGR1,1688,Gas-IC,G,Gas,3.77,37.7,1,1,3.016,1,1,1,0.0,0.0,0.0,0.0,0.0,3.77,45.0
TIMPP_AGR2,1688,Gas-IC,G,Gas,5.65,56.5,1,1,4.52,1,1,1,0.0,0.0,0.0,0.0,0.0,5.65,45.0
TIMPP_AGR3,1688,Gas-IC,G,Gas,3.77,37.7,1,1,3.016,1,1,1,0.0,0.0,0.0,0.0,0.0,3.77,45.0
TIMPP_AGR4,1688,Gas-IC,G,Gas,5.65,56.5,1,1,4.52,1,1,1,0.0,0.0,0.0,0.0,0.0,5.65,45.0
TRSES_UNIT6,3408,Gas-ST,G,Gas,71.7,239.0,4,4,4.78,4,4,4,0.0,0.0,0.0,0.0,0.0,71.7,35.0
TOPAZ_UNIT1,1980,Gas-GT,G,Gas,6.05,60.5,1,1,4.84,1,1,1,0.0,0.0,0.0,0.0,0.0,6.05,42.0
TOPAZ_UNIT2,1980,Gas-GT,G,Gas,6.05,60.5,1,1,4.84,1,1,1,0.0,0.0,0.0,0.0,0.0,6.05,42.0
TOPAZ_UNIT3,1980,Gas-GT,G,Gas,6.05,60.5,1,1,4.84,1,1,1,0.0,0.0,0.0,0.0,0.0,6.05,42.0
TOPAZ_UNIT4,1980,Gas-GT,G,Gas,6.05,60.5,1,1,4.84,1,1,1,0.0,0.0,0.0,0.0,0.0,6.05,42.0
TOPAZ_UNIT5,1980,Gas-GT,G,Gas,6.05,60.5,1,1,4.84,1,1,1,0.0,0.0,0.0,0.0,0.0,6.05,42.0
TOPAZ_UNIT6,1980,Gas-GT,G,Gas,6.05,60.5,1,1,4.84,1,1,1,0.0,0.0,0.0,0.0,0.0,6.05,42.0
TOPAZ_UNIT7,1980,Gas-GT,G,Gas,6.05,60.5,1,1,4.84,1,1,1,0.0,0.0,0.0,0.0,0.0,6.05,42.0
TOPAZ_UNIT8,1980,Gas-GT,G,Gas,6.05,60.5,1,1,4.84,1,1,1,0.0,0.0,0.0,0.0,0.0,6.05,42.0
TOPAZ_UNIT9,1980,Gas-GT,G,Gas,6.05,60.5,1,1,4.84,1,1,1,0.0,0.0,0.0,0.0,0.0,6.05,42.0
TOPAZ_UNIT10,1980,Gas-GT,G,Gas,6.05,60.5,1,1,4.84,1,1,1,0.0,0.0,0.0,0.0,0.0,6.05,42.0
BRAUNIG_VHB6CT5,2161,Gas-GT,G,Gas,6.45,64.5,1,1,5.16,1,1,1,0.0,0.0,0.0,0.0,0.0,6.45,42.0
BRAUNIG_VHB6CT6,2161,Gas-GT,G,Gas,6.45,64.5,1,1,5.16,1,1,1,0.0,0.0,0.0,0.0,0.0,6.45,42.0
BRAUNIG_VHB6CT7,2161,Gas-GT,G,Gas,6.45,64.5,1,1,5.16,1,1,1,0.0,0.0,0.0,0.0,0.0,6.45,42.0
BRAUNIG_VHB6CT8,2161,Gas-GT,G,Gas,6.45,64.5,1,1,5.16,1,1,1,0.0,0.0,0.0,0.0,0.0,6.45,42.0
CITYVICT_CTG01,441,Gas-GT,G,Gas,6.05,60.5,1,1,4.84,1,1,1,0.0,0.0,0.0,0.0,0.0,6.05,42.0
CITYVICT_CTG02,441,Gas-GT,G,Gas,6.05,60.5,1,1,4.84,1,1,1,0.0,0.0,0.0,0.0,0.0,6.05,42.0
VICTPORT_CTG01,441,Gas-GT,G,Gas,6.05,60.5,1,1,4.84,1,1,1,0.0,0.0,0.0,0.0,0.0,6.05,42.0
VICTPORT_CTG02,441,Gas-GT,G,Gas,6.05,60.5,1,1,4.84,1,1,1,0.0,0.0,0.0,0.0,0.0,6.05,42.0
VICTORIA_VICTORG6,441,Gas-CC,G,Gas,59.07,196.9,4,4,3.938,4,4,4,0.0,0.0,0.0,0.0,0.0,59.07,28.0
VICTORIA_VICTORG5,441,Gas-CC,G,Gas,54.06,180.2,4,4,3.604,4,4,4,0.0,0.0,0.0,0.0,0.0,54.06,28.0
WAP_WAPGT_1,2792,Gas-GT,G,Gas,1.63,16.3,1,1,1.304,1,1,1,0.0,0.0,0.0,0.0,0.0,1.63,42.0
WAP_WAP_G1,2792,Gas-ST,G,Gas,56.37,187.9,4,4,3.758,4,4,4,0.0,0.0,0.0,0.0,0.0,56.37,35.0
WAP_WAP_G2,2792,Gas-ST,G,Gas,56.37,187.9,4,4,3.758,4,4,4,0.0,0.0,0.0,0.0,0.0,56.37,35.0
WAP_WAP_G3,2792,Gas-ST,G,Gas,89.76,299.2,4,4,5.984,4,4,4,0.0,0.0,0.0,0.0,0.0,89.76,35.0
WAP_WAP_G4,2792,Gas-ST,G,Gas,174.15,580.5,4,4,11.61,4,4,4,0.0,0.0,0.0,0.0,0.0,174.15,35.0
WFCOGEN_UNIT1,3646,Gas-CC,G,Gas,6.0,20.0,4,4,1.0,4,4,4,0.0,0.0,0.0,0.0,0.0,6.0,28.0
WFCOGEN_UNIT2,3646,Gas-CC,G,Gas,6.0,20.0,4,4,1.0,4,4,4,0.0,0.0,0.0,0.0,0.0,6.0,28.0
WFCOGEN_UNIT3,3646,Gas-CC,G,Gas,6.0,20.0,4,4,1.0,4,4,4,0.0,0.0,0.0,0.0,0.0,6.0,28.0
WIPOPA_WPP_G1,633,Gas-GT,G,Gas,6.05,60.5,1,1,4.84,1,1,1,0.0,0.0,0.0,0.0,0.0,6.05,42.0
WIPOPA_WPP_G2,633,Gas-GT,G,Gas,6.05,60.5,1,1,4.84,1,1,1,0.0,0.0,0.0,0.0,0.0,6.05,42.0
WIPOPA_WPP_G3,633,Gas-GT,G,Gas,6.05,60.5,1,1,4.84,1,1,1,0.0,0.0,0.0,0.0,0.0,6.05,42.0
WIPOPA_WPP_G4,633,Gas-GT,G,Gas,6.05,60.5,1,1,4.84,1,1,1,0.0,0.0,0.0,0.0,0.0,6.05,42.0
WCPP_CT1,2532,Gas-CC,G,Gas,82.5,275.0,4,4,5.5,4,4,4,0.0,0.0,0.0,0.0,0.0,82.5,28.0
WCPP_CT2,2532,Gas-CC,G,Gas,82.5,275.0,4,4,5.5,4,4,4,0.0,0.0,0.0,0.0,0.0,82.5,28.0
WCPP_ST1,2532,Gas-CC,G,Gas,89.4,298.0,4,4,5.96,4,4,4,0.0,0.0,0.0,0.0,0.0,89.4,28.0
WHCCS_CT1,75,Gas-CC,G,Gas,79.35,264.5,4,4,5.29,4,4,4,0.0,0.0,0.0,0.0,0.0,79.35,28.0
WHCCS_CT2,75,Gas-CC,G,Gas,79.35,264.5,4,4,5.29,4,4,4,0.0,0.0,0.0,0.0,0.0,79.35,28.0
WHCCS_STG,75,Gas-CC,G,Gas,90.0,300.0,4,4,6.0,4,4,4,0.0,0.0,0.0,0.0,0.0,90.0,28.0
WHCCS2_CT4,75,Gas-CC,G,Gas,108.0,360.0,4,4,7.2,4,4,4,0.0,0.0,0.0,0.0,0.0,108.0,28.0
WHCCS2_CT5,75,Gas-CC,G,Gas,108.0,360.0,4,4,7.2,4,4,4,0.0,0.0,0.0,0.0,0.0,108.0,28.0
WHCCS2_STG6,75,Gas-CC,G,Gas,153.36,511.2,4,4,10.224,4,4,4,0.0,0.0,0.0,0.0,0.0,153.36,28.0
NACPW_UNIT1,1654,Biomass,G,Gas,23.3,116.5,4,4,2.33,4,4,4,0.0,0.0,0.0,0.0,0.0,23.3,40.0
HBR_2UNITS,2516,Biomass,G,Gas,0.64,3.2,4,4,1.0,4,4,4,0.0,0.0,0.0,0.0,0.0,0.64,40.0
TRIRA_1UNIT,3118,Biomass,G,Gas,0.8,4.0,4,4,1.0,4,4,4,0.0,0.0,0.0,0.0,0.0,0.8,40.0
78252_4UNITS,2160,Biomass,G,Gas,0.84,4.2,4,4,1.0,4,4,4,0.0,0.0,0.0,0.0,0.0,0.84,40.0
SPRIN_4UNITS,678,Biomass,G,Gas,1.28,6.4,4,4,1.0,4,4,4,0.0,0.0,0.0,0.0,0.0,1.28,40.0
FREIH_2UNITS,2669,Biomass,G,Gas,0.64,3.2,4,4,1.0,4,4,4,0.0,0.0,0.0,0.0,0.0,0.64,40.0
WSTHL_3UNITS,2972,Biomass,G,Gas,0.96,4.8,4,4,1.0,4,4,4,0.0,0.0,0.0,0.0,0.0,0.96,40.0
FEGC_CTG2,2948,Gas-GT,G,Gas,4.79,47.9,1,1,3.832,1,1,1,0.0,0.0,0.0,0.0,0.0,4.79,42.0
FEGC_CTG3,2948,Gas-GT,G,Gas,4.79,47.9,1,1,3.832,1,1,1,0.0,0.0,0.0,0.0,0.0,4.79,42.0
FEGC_CTG4,2948,Gas-GT,G,Gas,4.79,47.9,1,1,3.832,1,1,1,0.0,0.0,0.0,0.0,0.0,4.79,42.0
OLNEYTN_AGR1,2882,Diesel,G,Gas,1.0,10.0,1,1,1.0,1,1,1,0.0,0.0,0.0,0.0,0.0,1.0,60.0
AMISTAD_AMISTAG1,1755,Hydro,G,Gas,3.79,37.9,1,1,1.895,1,1,1,0.0,0.0,0.0,0.0,0.0,3.79,1.0
AMISTAD_AMISTAG2,1755,Hydro,G,Gas,3.79,37.9,1,1,1.895,1,1,1,0.0,0.0,0.0,0.0,0.0,3.79,1.0
AUSTPL_AUSTING1,2258,Hydro,G,Gas,0.9,9.0,1,1,1.0,1,1,1,0.0,0.0,0.0,0.0,0.0,0.9,1.0
AUSTPL_AUSTING2,2258,Hydro,G,Gas,0.9,9.0,1,1,1.0,1,1,1,0.0,0.0,0.0,0.0,0.0,0.9,1.0
BUCHAN_BUCHANG1,769,Hydro,G,Gas,1.83,18.3,1,1,1.0,1,1,1,0.0,0.0,0.0,0.0,0.0,1.83,1.0
BUCHAN_BUCHANG2,769,Hydro,G,Gas,1.83,18.3,1,1,1.0,1,1,1,0.0,0.0,0.0,0.0,0.0,1.83,1.0
BUCHAN_BUCHANG3,769,Hydro,G,Gas,1.83,18.3,1,1,1.0,1,1,1,0.0,0.0,0.0,0.0,0.0,1.83,1.0
DNDAM_DENISOG1,93,Hydro,G,Gas,5.08,50.8,1,1,2.54,1,1,1,0.0,0.0,0.0,0.0,0.0,5.08,1.0
DNDAM_DENISOG2,93,Hydro,G,Gas,5.08,50.8,1,1,2.54,1,1,1,0.0,0.0,0.0,0.0,0.0,5.08,1.0
EAGLE_HY_EAGLE_HY1,2829,Hydro,G,Gas,0.96,9.6,1,1,1.0,1,1,1,0.0,0.0,0.0,0.0,0.0,0.96,1.0
FALCON_FALCONG1,1544,Hydro,G,Gas,1.2,12.0,1,1,1.0,1,1,1,0.0,0.0,0.0,0.0,0.0,1.2,1.0
FALCON_FALCONG2,1544,Hydro,G,Gas,1.2,12.0,1,1,1.0,1,1,1,0.0,0.0,0.0,0.0,0.0,1.2,1.0
FALCON_FALCONG3,1544,Hydro,G,Gas,1.2,12.0,1,1,1.0,1,1,1,0.0,0.0,0.0,0.0,0.0,1.2,1.0
WIRTZ_WIRTZ_G1,2325,Hydro,G,Gas,2.9,29.0,1,1,1.45,1,1,1,0.0,0.0,0.0,0.0,0.0,2.9,1.0
WIRTZ_WIRTZ_G2,2325,Hydro,G,Gas,2.9,29.0,1,1,1.45,1,1,1,0.0,0.0,0.0,0.0,0.0,2.9,1.0
CANYHY_CANYHYG1,2581,Hydro,G,Gas,0.6,6.0,1,1,1.0,1,1,1,0.0,0.0,0.0,0.0,0.0,0.6,1.0
INKSDA_INKS_G1,757,Hydro,G,Gas,1.5,15.0,1,1,1.0,1,1,1,0.0,0.0,0.0,0.0,0.0,1.5,1.0
MARBFA_MARBFAG1,762,Hydro,G,Gas,2.1,21.0,1,1,1.05,1,1,1,0.0,0.0,0.0,0.0,0.0,2.1,1.0
MARBFA_MARBFAG2,762,Hydro,G,Gas,2.0,20.0,1,1,1.0,1,1,1,0.0,0.0,0.0,0.0,0.0,2.0,1.0
MARSFO_MARSFOG1,1579,Hydro,G,Gas,3.6,36.0,1,1,1.8,1,1,1,0.0,0.0,0.0,0.0,0.0,3.6,1.0
MARSFO_MARSFOG2,1579,Hydro,G,Gas,3.6,36.0,1,1,1.8,1,1,1,0.0,0.0,0.0,0.0,0.0,3.6,1.0
MARSFO_MARSFOG3,1579,Hydro,G,Gas,3.6,36.0,1,1,1.8,1,1,1,0.0,0.0,0.0,0.0,0.0,3.6,1.0
WND_WHITNEY1,1868,Hydro,G,Gas,2.2,22.0,1,1,1.1,1,1,1,0.0,0.0,0.0,0.0,0.0,2.2,1.0
WND_WHITNEY2,1868,Hydro,G,Gas,2.2,22.0,1,1,1.1,1,1,1,0.0,0.0,0.0,0.0,0.0,2.2,1.0
AEEC_ANTLP_1,1083,Gas-IC,G,Gas,5.6,56.0,1,1,4.48,1,1,1,0.0,0.0,0.0,0.0,0.0,5.6,45.0
AEEC_ANTLP_2,1083,Gas-IC,G,Gas,5.6,56.0,1,1,4.48,1,1,1,0.0,0.0,0.0,0.0,0.0,5.6,45.0
AEEC_ANTLP_3,1083,Gas-IC,G,Gas,5.6,56.0,1,1,4.48,1,1,1,0.0,0.0,0.0,0.0,0.0,5.6,45.0
AEEC_ELK_1,1083,Gas-GT,G,Gas,20.2,202.0,1,1,16.16,1,1,1,0.0,0.0,0.0,0.0,0.0,20.2,42.0
AEEC_ELK_2,1083,Gas-GT,G,Gas,20.2,202.0,1,1,16.16,1,1,1,0.0,0.0,0.0,0.0,0.0,20.2,42.0
AEEC_ELK_3,1083,Gas-GT,G,Gas,20.2,202.0,1,1,16.16,1,1,1,0.0,0.0,0.0,0.0,0.0,20.2,42.0
FTR_FTR_G1,2455,Gas-CC,G,Gas,55.5,185.0,4,4,3.7,4,4,4,0.0,0.0,0.0,0.0,0.0,55.5,28.0
FTR_FTR_G2,2455,Gas-CC,G,Gas,55.5,185.0,4,4,3.7,4,4,4,0.0,0.0,0.0,0.0,0.0,55.5,28.0
FTR_FTR_G3,2455,Gas-CC,G,Gas,55.5,185.0,4,4,3.7,4,4,4,0.0,0.0,0.0,0.0,0.0,55.5,28.0
FTR_FTR_G4,2455,Gas-CC,G,Gas,120.0,400.0,4,4,8.0,4,4,4,0.0,0.0,0.0,0.0,0.0,120.0,28.0
TGCCS_CT1,2465,Gas-CC,G,Gas,53.7,179.0,4,4,3.58,4,4,4,0.0,0.0,0.0,0.0,0.0,53.7,28.0
TGCCS_CT2,2465,Gas-CC,G,Gas,53.7,179.0,4,4,3.58,4,4,4,0.0,0.0,0.0,0.0,0.0,53.7,28.0
TGCCS_CT3,2465,Gas-CC,G,Gas,53.7,179.0,4,4,3.58,4,4,4,0.0,0.0,0.0,0.0,0.0,53.7,28.0
TGCCS_UNIT4,2465,Gas-CC,G,Gas,120.0,400.0,4,4,8.0,4,4,4,0.0,0.0,0.0,0.0,0.0,120.0,28.0
KMCHI_1CT101,3503,Gas-CC,G,Gas,55.5,185.0,4,4,3.7,4,4,4,0.0,0.0,0.0,0.0,0.0,55.5,28.0
KMCHI_1CT201,3503,Gas-CC,G,Gas,55.5,185.0,4,4,3.7,4,4,4,0.0,0.0,0.0,0.0,0.0,55.5,28.0
KMCHI_1ST,3503,Gas-CC,G,Gas,99.0,330.0,4,4,6.6,4,4,4,0.0,0.0,0.0,0.0,0.0,99.0,28.0
KMCHI_2CT101,3503,Gas-CC,G,Gas,55.5,185.0,4,4,3.7,4,4,4,0.0,0.0,0.0,0.0,0.0,55.5,28.0
KMCHI_2CT201,3503,Gas-CC,G,Gas,55.5,185.0,4,4,3.7,4,4,4,0.0,0.0,0.0,0.0,0.0,55.5,28.0
KMCHI_2ST,3503,Gas-CC,G,Gas,99.0,330.0,4,4,6.6,4,4,4,0.0,0.0,0.0,0.0,0.0,99.0,28.0
AGUAYO_UNIT1,3451,Wind,W,Wind,0.0,193.5,0,0,193.5,0,0,0,0.0,0.0,0.0,0.0,0.0,0.0,0.01
AMADEUS1_UNIT1,311,Wind,W,Wind,0.0,36.7,0,0,36.7,0,0,0,0.0,0.0,0.0,0.0,0.0,0.0,0.01
AMADEUS1_UNIT2,311,Wind,W,Wind,0.0,35.8,0,0,35.8,0,0,0,0.0,0.0,0.0,0.0,0.0,0.0,0.01
AMADEUS2_UNIT3,311,Wind,W,Wind,0.0,177.7,0,0,177.7,0,0,0,0.0,0.0,0.0,0.0,0.0,0.0,0.01
ANACACHO_ANA,1787,Wind,W,Wind,0.0,99.8,0,0,99.8,0,0,0,0.0,0.0,0.0,0.0,0.0,0.0,0.01
ANCHOR_WIND2,17,Wind,W,Wind,0.0,98.9,0,0,98.9,0,0,0,0.0,0.0,0.0,0.0,0.0,0.0,0.01
ANCHOR_WIND3,17,Wind,W,Wind,0.0,90.0,0,0,90.0,0,0,0,0.0,0.0,0.0,0.0,0.0,0.0,0.01
ANCHOR_WIND4,17,Wind,W,Wind,0.0,38.7,0,0,38.7,0,0,0,0.0,0.0,0.0,0.0,0.0,0.0,0.01
ANCHOR_WIND5,17,Wind,W,Wind,0.0,19.3,0,0,19.3,0,0,0,0.0,0.0,0.0,0.0,0.0,0.0,0.01
APOGEE_UNIT1,3525,Wind,W,Wind,0.0,25.0,0,0,25.0,0,0,0,0.0,0.0,0.0,0.0,0.0,0.0,0.01
APOGEE_UNIT2,3525,Wind,W,Wind,0.0,14.0,0,0,14.0,0,0,0,0.0,0.0,0.0,0.0,0.0,0.0,0.01
APOGEE_UNIT3,3525,Wind,W,Wind,0.0,30.2,0,0,30.2,0,0,0,0.0,0.0,0.0,0.0,0.0,0.0,0.01
APOGEE_UNIT4,3525,Wind,W,Wind,0.0,115.0,0,0,115.0,0,0,0,0.0,0.0,0.0,0.0,0.0,0.0,0.01
APOGEE_UNIT5,3525,Wind,W,Wind,0.0,110.0,0,0,110.0,0,0,0,0.0,0.0,0.0,0.0,0.0,0.0,0.01
APOGEE_UNIT6,3525,Wind,W,Wind,0.0,24.0,0,0,24.0,0,0,0,0.0,0.0,0.0,0.0,0.0,0.0,0.01
APOGEE_UNIT7,3525,Wind,W,Wind,0.0,75.0,0,0,75.0,0,0,0,0.0,0.0,0.0,0.0,0.0,0.0,0.01
APPALOSA_UNIT1,3342,Wind,W,Wind,0.0,157.9,0,0,157.9,0,0,0,0.0,0.0,0.0,0.0,0.0,0.0,0.01
APPALOSA_UNIT2,3342,Wind,W,Wind,0.0,13.9,0,0,13.9,0,0,0,0.0,0.0,0.0,0.0,0.0,0.0,0.01
AQUILLA_U1_23,3101,Wind,W,Wind,0.0,13.9,0,0,13.9,0,0,0,0.0,0.0,0.0,0.0,0.0,0.0,0.01
AQUILLA_U1_28,3101,Wind,W,Wind,0.0,135.4,0,0,135.4,0,0,0,0.0,0.0,0.0,0.0,0.0,0.0,0.01
AQUILLA_U2_23,3101,Wind,W,Wind,0.0,7.0,0,0,7.0,0,0,0,0.0,0.0,0.0,0.0,0.0,0.0,0.01
AQUILLA_U2_28,3101,Wind,W,Wind,0.0,143.8,0,0,143.8,0,0,0,0.0,0.0,0.0,0.0,0.0,0.0,0.01
AVIATOR_UNIT1,3656,Wind,W,Wind,0.0,180.1,0,0,180.1,0,0,0,0.0,0.0,0.0,0.0,0.0,0.0,0.01
AVIATOR_UNIT2,3656,Wind,W,Wind,0.0,145.6,0,0,145.6,0,0,0,0.0,0.0,0.0,0.0,0.0,0.0,0.01
DEWOLF_UNIT1,3656,Wind,W,Wind,0.0,199.3,0,0,199.3,0,0,0,0.0,0.0,0.0,0.0,0.0,0.0,0.01
BLACKJAK_UNIT1,3597,Wind,W,Wind,0.0,120.0,0,0,120.0,0,0,0,0.0,0.0,0.0,0.0,0.0,0.0,0.01
BLACKJAK_UNIT2,3597,Wind,W,Wind,0.0,120.0,0,0,120.0,0,0,0,0.0,0.0,0.0,0.0,0.0,0.0,0.01
BAFFIN_UNIT1,607,Wind,W,Wind,0.0,100.0,0,0,100.0,0,0,0,0.0,0.0,0.0,0.0,0.0,0.0,0.01
BAFFIN_UNIT2,607,Wind,W,Wind,0.0,102.0,0,0,102.0,0,0,0,0.0,0.0,0.0,0.0,0.0,0.0,0.01
BARROW_UNIT1,3576,Wind,W,Wind,0.0,90.2,0,0,90.2,0,0,0,0.0,0.0,0.0,0.0,0.0,0.0,0.01
BARROW_UNIT2,3576,Wind,W,Wind,0.0,70.5,0,0,70.5,0,0,0,0.0,0.0,0.0,0.0,0.0,0.0,0.01
BRTSW_BCW1,3516,Wind,W,Wind,0.0,120.0,0,0,120.0,0,0,0,0.0,0.0,0.0,0.0,0.0,0.0,0.01
BLSUMMIT_BLSMT1_5,1503,Wind,W,Wind,0.0,132.8,0,0,132.8,0,0,0,0.0,0.0,0.0,0.0,0.0,0.0,0.01
BLSUMMIT_BLSMT1_6,1503,Wind,W,Wind,0.0,7.0,0,0,7.0,0,0,0,0.0,0.0,0.0,0.0,0.0,0.0,0.01
BLSUMMIT_UNIT2_25,1503,Wind,W,Wind,0.0,92.5,0,0,92.5,0,0,0,0.0,0.0,0.0,0.0,0.0,0.0,0.01
BLSUMMIT_UNIT2_17,1503,Wind,W,Wind,0.0,6.9,0,0,6.9,0,0,0,0.0,0.0,0.0,0.0,0.0,0.0,0.01
BLSUMIT3_UNIT_17,1503,Wind,W,Wind,0.0,13.7,0,0,13.7,0,0,0,0.0,0.0,0.0,0.0,0.0,0.0,0.01
BLSUMIT3_UNIT_25,1503,Wind,W,Wind,0.0,186.5,0,0,186.5,0,0,0,0.0,0.0,0.0,0.0,0.0,0.0,0.01
BCATWIND_WIND_1,3661,Wind,W,Wind,0.0,162.0,0,0,162.0,0,0,0,0.0,0.0,0.0,0.0,0.0,0.0,0.01
BRISCOE_WIND,3647,Wind,W,Wind,0.0,149.9,0,0,149.9,0,0,0,0.0,0.0,0.0,0.0,0.0,0.0,0.01
BBREEZE_UNIT1,200,Wind,W,Wind,0.0,120.0,0,0,120.0,0,0,0,0.0,0.0,0.0,0.0,0.0,0.0,0.01
BBREEZE_UNIT2,200,Wind,W,Wind,0.0,108.0,0,0,108.0,0,0,0,0.0,0.0,0.0,0.0,0.0,0.0,0.01
BUCKTHRN_UNIT1,3801,Wind,W,Wind,0.0,44.9,0,0,44.9,0,0,0,0.0,0.0,0.0,0.0,0.0,0.0,0.01
BUCKTHRN_UNIT2,3801,Wind,W,Wind,0.0,55.7,0,0,55.7,0,0,0,0.0,0.0,0.0,0.0,0.0,0.0,0.01
BUFF_GAP_UNIT1,2241,Wind,W,Wind,0.0,120.6,0,0,120.6,0,0,0,0.0,0.0,0.0,0.0,0.0,0.0,0.01
BUFF_GAP_UNIT2_1,2241,Wind,W,Wind,0.0,115.5,0,0,115.5,0,0,0,0.0,0.0,0.0,0.0,0.0,0.0,0.01
BUFF_GAP_UNIT2_2,2241,Wind,W,Wind,0.0,117.0,0,0,117.0,0,0,0,0.0,0.0,0.0,0.0,0.0,0.0,0.01
BUFF_GAP_UNIT3,2241,Wind,W,Wind,0.0,170.2,0,0,170.2,0,0,0,0.0,0.0,0.0,0.0,0.0,0.0,0.01
BULLCRK_WND1,1181,Wind,W,Wind,0.0,89.0,0,0,89.0,0,0,0,0.0,0.0,0.0,0.0,0.0,0.0,0.01
BULLCRK_WND2,1181,Wind,W,Wind,0.0,91.0,0,0,91.0,0,0,0,0.0,0.0,0.0,0.0,0.0,0.0,0.01
CABEZON_WIND1,3702,Wind,W,Wind,0.0,115.2,0,0,115.2,0,0,0,0.0,0.0,0.0,0.0,0.0,0.0,0.01
CABEZON_WIND2,3702,Wind,W,Wind,0.0,122.4,0,0,122.4,0,0,0,0.0,0.0,0.0,0.0,0.0,0.0,0.01
CFLATS_U1,3574,Wind,W,Wind,0.0,148.4,0,0,148.4,0,0,0,0.0,0.0,0.0,0.0,0.0,0.0,0.01
CALLAHAN_WND1,2501,Wind,W,Wind,0.0,123.1,0,0,123.1,0,0,0,0.0,0.0,0.0,0.0,0.0,0.0,0.01
CAMWIND_UNIT1,595,Wind,W,Wind,0.0,165.0,0,0,165.0,0,0,0,0.0,0.0,0.0,0.0,0.0,0.0,0.01
CSEC_CSECG1,1208,Wind,W,Wind,0.0,134.4,0,0,134.4,0,0,0,0.0,0.0,0.0,0.0,0.0,0.0,0.01
CSEC_CSECG2,1208,Wind,W,Wind,0.0,123.6,0,0,123.6,0,0,0,0.0,0.0,0.0,0.0,0.0,0.0,0.01
CN_BRKS_UNIT_1,1339,Wind,W,Wind,0.0,210.1,0,0,210.1,0,0,0,0.0,0.0,0.0,0.0,0.0,0.0,0.01
CAPRIDGE_CR1,1480,Wind,W,Wind,0.0,231.7,0,0,231.7,0,0,0,0.0,0.0,0.0,0.0,0.0,0.0,0.01
CAPRIDGE_CR2,1480,Wind,W,Wind,0.0,149.5,0,0,149.5,0,0,0,0.0,0.0,0.0,0.0,0.0,0.0,0.01
CAPRIDGE_CR3,1480,Wind,W,Wind,0.0,200.9,0,0,200.9,0,0,0,0.0,0.0,0.0,0.0,0.0,0.0,0.01
CAPRIDG4_CR4,2482,Wind,W,Wind,0.0,121.5,0,0,121.5,0,0,0,0.0,0.0,0.0,0.0,0.0,0.0,0.01
CEDROHIL_CHW1,1576,Wind,W,Wind,0.0,79.4,0,0,79.4,0,0,0,0.0,0.0,0.0,0.0,0.0,0.0,0.01
CEDROHIL_CHW2,1576,Wind,W,Wind,0.0,78.0,0,0,78.0,0,0,0,0.0,0.0,0.0,0.0,0.0,0.0,0.01
CHALUPA_UNIT1,595,Wind,W,Wind,0.0,173.3,0,0,173.3,0,0,0,0.0,0.0,0.0,0.0,0.0,0.0,0.01
CHAMPION_UNIT1,2509,Wind,W,Wind,0.0,97.5,0,0,97.5,0,0,0,0.0,0.0,0.0,0.0,0.0,0.0,0.01
CHAMPION_UNIT2,2509,Wind,W,Wind,0.0,18.1,0,0,18.1,0,0,0,0.0,0.0,0.0,0.0,0.0,0.0,0.01
CHAMPION_UNIT3,2509,Wind,W,Wind,0.0,9.0,0,0,9.0,0,0,0,0.0,0.0,0.0,0.0,0.0,0.0,0.01
SANTACRU_UNIT1,201,Wind,W,Wind,0.0,150.6,0,0,150.6,0,0,0,0.0,0.0,0.0,0.0,0.0,0.0,0.01
SANTACRU_UNIT2,201,Wind,W,Wind,0.0,98.4,0,0,98.4,0,0,0,0.0,0.0,0.0,0.0,0.0,0.0,0.01
COTPLNS_COTTONPL,1080,Wind,W,Wind,0.0,50.4,0,0,50.4,0,0,0,0.0,0.0,0.0,0.0,0.0,0.0,0.01
CRANELL_UNIT1,3596,Wind,W,Wind,0.0,220.0,0,0,220.0,0,0,0,0.0,0.0,0.0,0.0,0.0,0.0,0.01
CRAWFISH_UNIT1,3196,Wind,W,Wind,0.0,163.2,0,0,163.2,0,0,0,0.0,0.0,0.0,0.0,0.0,0.0,0.01
DERMOTT_UNIT1,1186,Wind,W,Wind,0.0,126.5,0,0,126.5,0,0,0,0.0,0.0,0.0,0.0,0.0,0.0,0.01
DERMOTT_UNIT2,1186,Wind,W,Wind,0.0,126.5,0,0,126.5,0,0,0,0.0,0.0,0.0,0.0,0.0,0.0,0.01
DSKYWND1_UNIT_1A,969,Wind,W,Wind,0.0,65.8,0,0,65.8,0,0,0,0.0,0.0,0.0,0.0,0.0,0.0,0.01
DSKYWND2_UNIT_2A,969,Wind,W,Wind,0.0,65.8,0,0,65.8,0,0,0,0.0,0.0,0.0,0.0,0.0,0.0,0.01
DSKYWND1_UNIT_1B,969,Wind,W,Wind,0.0,23.9,0,0,23.9,0,0,0,0.0,0.0,0.0,0.0,0.0,0.0,0.01
DSKYWND2_UNIT_2B,969,Wind,W,Wind,0.0,14.7,0,0,14.7,0,0,0,0.0,0.0,0.0,0.0,0.0,0.0,0.01
GRANDVW1_COLA,1509,Wind,W,Wind,0.0,100.2,0,0,100.2,0,0,0,0.0,0.0,0.0,0.0,0.0,0.0,0.01
GRANDVW1_COLB,1509,Wind,W,Wind,0.0,100.2,0,0,100.2,0,0,0,0.0,0.0,0.0,0.0,0.0,0.0,0.01
EL_RAYO_UNIT1,3608,Wind,W,Wind,0.0,101.2,0,0,101.2,0,0,0,0.0,0.0,0.0,0.0,0.0,0.0,0.01
EL_RAYO_UNIT2,3608,Wind,W,Wind,0.0,99.0,0,0,99.0,0,0,0,0.0,0.0,0.0,0.0,0.0,0.0,0.01
ELB_ELBCREEK,1177,Wind,W,Wind,0.0,121.9,0,0,121.9,0,0,0,0.0,0.0,0.0,0.0,0.0,0.0,0.01
DIGBY_UNIT1,913,Wind,W,Wind,0.0,101.3,0,0,101.3,0,0,0,0.0,0.0,0.0,0.0,0.0,0.0,0.01
DIGBY_UNIT2,913,Wind,W,Wind,0.0,134.3,0,0,134.3,0,0,0,0.0,0.0,0.0,0.0,0.0,0.0,0.01
ALGODON_UNIT1,3608,Wind,W,Wind,0.0,171.6,0,0,171.6,0,0,0,0.0,0.0,0.0,0.0,0.0,0.0,0.01
ALGODON_UNIT2,3608,Wind,W,Wind,0.0,28.6,0,0,28.6,0,0,0,0.0,0.0,0.0,0.0,0.0,0.0,0.01
CHALUPA_UNIT2,595,Wind,W,Wind,0.0,25.2,0,0,25.2,0,0,0,0.0,0.0,0.0,0.0,0.0,0.0,0.01
ASTRA_UNIT1,3575,Wind,W,Wind,0.0,163.2,0,0,163.2,0,0,0,0.0,0.0,0.0,0.0,0.0,0.0,0.01
FTWIND_UNIT_1,95,Wind,W,Wind,0.0,200.0,0,0,200.0,0,0,0,0.0,0.0,0.0,0.0,0.0,0.0,0.01
FLUVANNA_UNIT1,1184,Wind,W,Wind,0.0,79.8,0,0,79.8,0,0,0,0.0,0.0,0.0,0.0,0.0,0.0,0.01
FLUVANNA_UNIT2,1184,Wind,W,Wind,0.0,75.6,0,0,75.6,0,0,0,0.0,0.0,0.0,0.0,0.0,0.0,0.01
FOARDCTY_UNIT1,3558,Wind,W,Wind,0.0,186.5,0,0,186.5,0,0,0,0.0,0.0,0.0,0.0,0.0,0.0,0.01
FOARDCTY_UNIT2,3558,Wind,W,Wind,0.0,163.8,0,0,163.8,0,0,0,0.0,0.0,0.0,0.0,0.0,0.0,0.01
MCDLD_FCW1,1536,Wind,W,Wind,0.0,125.2,0,0,125.2,0,0,0,0.0,0.0,0.0,0.0,0.0,0.0,0.01
GOAT_GOATWIND,2480,Wind,W,Wind,0.0,80.0,0,0,80.0,0,0,0,0.0,0.0,0.0,0.0,0.0,0.0,0.01
GOAT_GOATWIN2,2480,Wind,W,Wind,0.0,69.6,0,0,69.6,0,0,0,0.0,0.0,0.0,0.0,0.0,0.0,0.01
GWEC_GWEC_G1,739,Wind,W,Wind,0.0,148.6,0,0,148.6,0,0,0,0.0,0.0,0.0,0.0,0.0,0.0,0.01
GOODNIT1_UNIT1,1510,Wind,W,Wind,0.0,121.0,0,0,121.0,0,0,0,0.0,0.0,0.0,0.0,0.0,0.0,0.01
GOODNIT1_UNIT2,1510,Wind,W,Wind,0.0,137.1,0,0,137.1,0,0,0,0.0,0.0,0.0,0.0,0.0,0.0,0.01
GOPHER_UNIT1,3565,Wind,W,Wind,0.0,82.0,0,0,82.0,0,0,0,0.0,0.0,0.0,0.0,0.0,0.0,0.01
GOPHER_UNIT2,3565,Wind,W,Wind,0.0,76.0,0,0,76.0,0,0,0,0.0,0.0,0.0,0.0,0.0,0.0,0.01
GRANDVW1_GV1A,1509,Wind,W,Wind,0.0,107.4,0,0,107.4,0,0,0,0.0,0.0,0.0,0.0,0.0,0.0,0.01
GRANDVW1_GV1B,1509,Wind,W,Wind,0.0,103.8,0,0,103.8,0,0,0,0.0,0.0,0.0,0.0,0.0,0.0,0.01
BRAZ_WND_BRAZ_WND1,1208,Wind,W,Wind,0.0,120.0,0,0,120.0,0,0,0,0.0,0.0,0.0,0.0,0.0,0.0,0.01
BRAZ_WND_BRAZ_WND2,1208,Wind,W,Wind,0.0,62.4,0,0,62.4,0,0,0,0.0,0.0,0.0,0.0,0.0,0.0,0.01
GPASTURE_WIND_I,199,Wind,W,Wind,0.0,150.0,0,0,150.0,0,0,0,0.0,0.0,0.0,0.0,0.0,0.0,0.01
GRIF_TRL_UNIT1,3517,Wind,W,Wind,0.0,98.7,0,0,98.7,0,0,0,0.0,0.0,0.0,0.0,0.0,0.0,0.01
GRIF_TRL_UNIT2,3517,Wind,W,Wind,0.0,126.9,0,0,126.9,0,0,0,0.0,0.0,0.0,0.0,0.0,0.0,0.01
TGW_T1,2387,Wind,W,Wind,0.0,141.6,0,0,141.6,0,0,0,0.0,0.0,0.0,0.0,0.0,0.0,0.01
TGW_T2,2387,Wind,W,Wind,0.0,141.6,0,0,141.6,0,0,0,0.0,0.0,0.0,0.0,0.0,0.0,0.01
GUNMTN_G1,1417,Wind,W,Wind,0.0,119.9,0,0,119.9,0,0,0,0.0,0.0,0.0,0.0,0.0,0.0,0.01
HWF_HWFG1,2513,Wind,W,Wind,0.0,165.6,0,0,165.6,0,0,0,0.0,0.0,0.0,0.0,0.0,0.0,0.01
HART_WND_UNIT1,3448,Wind,W,Wind,0.0,163.4,0,0,163.4,0,0,0,0.0,0.0,0.0,0.0,0.0,0.0,0.01
HRFDWIND_WIND_G,1524,Wind,W,Wind,0.0,99.9,0,0,99.9,0,0,0,0.0,0.0,0.0,0.0,0.0,0.0,0.01
HRFDWIND_WIND_V,1524,Wind,W,Wind,0.0,100.0,0,0,100.0,0,0,0,0.0,0.0,0.0,0.0,0.0,0.0,0.01
HICKMAN_G1,3467,Wind,W,Wind,0.0,152.5,0,0,152.5,0,0,0,0.0,0.0,0.0,0.0,0.0,0.0,0.01
HICKMAN_G2,3467,Wind,W,Wind,0.0,147.5,0,0,147.5,0,0,0,0.0,0.0,0.0,0.0,0.0,0.0,0.01
MIRASOLE_MIR11,591,Wind,W,Wind,0.0,52.0,0,0,52.0,0,0,0,0.0,0.0,0.0,0.0,0.0,0.0,0.01
MIRASOLE_MIR12,591,Wind,W,Wind,0.0,98.0,0,0,98.0,0,0,0,0.0,0.0,0.0,0.0,0.0,0.0,0.01
MIRASOLE_MIR21,591,Wind,W,Wind,0.0,100.0,0,0,100.0,0,0,0,0.0,0.0,0.0,0.0,0.0,0.0,0.01
MIRASOLE_MIR13,591,Wind,W,Wind,0.0,50.4,0,0,50.4,0,0,0,0.0,0.0,0.0,0.0,0.0,0.0,0.01
HI_LONE_WGR1A,1750,Wind,W,Wind,0.0,46.0,0,0,46.0,0,0,0,0.0,0.0,0.0,0.0,0.0,0.0,0.01
HI_LONE_WGR1B,1750,Wind,W,Wind,0.0,52.0,0,0,52.0,0,0,0,0.0,0.0,0.0,0.0,0.0,0.0,0.01
HI_LONE_WGR1C,1750,Wind,W,Wind,0.0,25.3,0,0,25.3,0,0,0,0.0,0.0,0.0,0.0,0.0,0.0,0.01
HI_LONE_WGR2,1750,Wind,W,Wind,0.0,122.5,0,0,122.5,0,0,0,0.0,0.0,0.0,0.0,0.0,0.0,0.01
HI_LONE_WGR2A,1750,Wind,W,Wind,0.0,25.3,0,0,25.3,0,0,0,0.0,0.0,0.0,0.0,0.0,0.0,0.01
HI_LONE_WGR3,1750,Wind,W,Wind,0.0,127.6,0,0,127.6,0,0,0,0.0,0.0,0.0,0.0,0.0,0.0,0.01
HI_LONE_WGR4,1750,Wind,W,Wind,0.0,101.6,0,0,101.6,0,0,0,0.0,0.0,0.0,0.0,0.0,0.0,0.01
HORSECRK_UNIT1,327,Wind,W,Wind,0.0,134.8,0,0,134.8,0,0,0,0.0,0.0,0.0,0.0,0.0,0.0,0.01
HORSECRK_UNIT2,327,Wind,W,Wind,0.0,101.7,0,0,101.7,0,0,0,0.0,0.0,0.0,0.0,0.0,0.0,0.01
HHGT_HHOLLOW1,2590,Wind,W,Wind,0.0,213.0,0,0,213.0,0,0,0,0.0,0.0,0.0,0.0,0.0,0.0,0.01
HHGT_HHOLLOW2,2590,Wind,W,Wind,0.0,184.0,0,0,184.0,0,0,0,0.0,0.0,0.0,0.0,0.0,0.0,0.01
HHGT_HHOLLOW3,2590,Wind,W,Wind,0.0,223.5,0,0,223.5,0,0,0,0.0,0.0,0.0,0.0,0.0,0.0,0.01
HHGT_HHOLLOW4,2590,Wind,W,Wind,0.0,115.0,0,0,115.0,0,0,0,0.0,0.0,0.0,0.0,0.0,0.0,0.01
INDL_INADALE1,2507,Wind,W,Wind,0.0,95.0,0,0,95.0,0,0,0,0.0,0.0,0.0,0.0,0.0,0.0,0.01
INDL_INADALE2,2507,Wind,W,Wind,0.0,102.0,0,0,102.0,0,0,0,0.0,0.0,0.0,0.0,0.0,0.0,0.01
INDNNWP_INDNNWP2,968,Wind,W,Wind,0.0,90.4,0,0,90.4,0,0,0,0.0,0.0,0.0,0.0,0.0,0.0,0.01
INRT_W_UNIT1,3381,Wind,W,Wind,0.0,67.7,0,0,67.7,0,0,0,0.0,0.0,0.0,0.0,0.0,0.0,0.01
INRT_W_UNIT2,3381,Wind,W,Wind,0.0,27.8,0,0,27.8,0,0,0,0.0,0.0,0.0,0.0,0.0,0.0,0.01
INRT_W_UNIT3,3381,Wind,W,Wind,0.0,205.9,0,0,205.9,0,0,0,0.0,0.0,0.0,0.0,0.0,0.0,0.01
BORDAS_JAVEL18,1584,Wind,W,Wind,0.0,19.7,0,0,19.7,0,0,0,0.0,0.0,0.0,0.0,0.0,0.0,0.01
BORDAS_JAVEL20,1584,Wind,W,Wind,0.0,230.0,0,0,230.0,0,0,0,0.0,0.0,0.0,0.0,0.0,0.0,0.01
BORDAS2_JAVEL2_A,1584,Wind,W,Wind,0.0,96.0,0,0,96.0,0,0,0,0.0,0.0,0.0,0.0,0.0,0.0,0.01
BORDAS2_JAVEL2_B,1584,Wind,W,Wind,0.0,74.0,0,0,74.0,0,0,0,0.0,0.0,0.0,0.0,0.0,0.0,0.01
BORDAS2_JAVEL2_C,1584,Wind,W,Wind,0.0,30.0,0,0,30.0,0,0,0,0.0,0.0,0.0,0.0,0.0,0.0,0.01
HRFDWIND_JRDWIND1,1524,Wind,W,Wind,0.0,146.2,0,0,146.2,0,0,0,0.0,0.0,0.0,0.0,0.0,0.0,0.01
HRFDWIND_JRDWIND2,1524,Wind,W,Wind,0.0,153.6,0,0,153.6,0,0,0,0.0,0.0,0.0,0.0,0.0,0.0,0.01
KARAKAW1_UNIT1,1128,Wind,W,Wind,0.0,103.3,0,0,103.3,0,0,0,0.0,0.0,0.0,0.0,0.0,0.0,0.01
KARAKAW1_UNIT2,1128,Wind,W,Wind,0.0,103.3,0,0,103.3,0,0,0,0.0,0.0,0.0,0.0,0.0,0.0,0.01
KARAKAW2_UNIT3,1128,Wind,W,Wind,0.0,100.4,0,0,100.4,0,0,0,0.0,0.0,0.0,0.0,0.0,0.0,0.01
KEECHI_U1,3516,Wind,W,Wind,0.0,110.0,0,0,110.0,0,0,0,0.0,0.0,0.0,0.0,0.0,0.0,0.01
KING_NE_KINGNE,883,Wind,W,Wind,0.0,79.7,0,0,79.7,0,0,0,0.0,0.0,0.0,0.0,0.0,0.0,0.01
KING_NW_KINGNW,884,Wind,W,Wind,0.0,79.7,0,0,79.7,0,0,0,0.0,0.0,0.0,0.0,0.0,0.0,0.01
KING_SE_KINGSE,882,Wind,W,Wind,0.0,40.5,0,0,40.5,0,0,0,0.0,0.0,0.0,0.0,0.0,0.0,0.01
KING_SW_KINGSW,885,Wind,W,Wind,0.0,79.7,0,0,79.7,0,0,0,0.0,0.0,0.0,0.0,0.0,0.0,0.01
LGD_LANGFORD,1734,Wind,W,Wind,0.0,160.0,0,0,160.0,0,0,0,0.0,0.0,0.0,0.0,0.0,0.0,0.01
LACY_CRK_UNIT1,3390,Wind,W,Wind,0.0,135.4,0,0,135.4,0,0,0,0.0,0.0,0.0,0.0,0.0,0.0,0.01
LACY_CRK_UNIT2,3390,Wind,W,Wind,0.0,15.1,0,0,15.1,0,0,0,0.0,0.0,0.0,0.0,0.0,0.0,0.01
LACY_CRK_UNIT3,3390,Wind,W,Wind,0.0,138.2,0,0,138.2,0,0,0,0.0,0.0,0.0,0.0,0.0,0.0,0.01
LACY_CRK_UNIT4,3390,Wind,W,Wind,0.0,12.6,0,0,12.6,0,0,0,0.0,0.0,0.0,0.0,0.0,0.0,0.01
LMAJADAS_UNIT1,3607,Wind,W,Wind,0.0,110.0,0,0,110.0,0,0,0,0.0,0.0,0.0,0.0,0.0,0.0,0.01
LMAJADAS_UNIT2,3607,Wind,W,Wind,0.0,24.0,0,0,24.0,0,0,0,0.0,0.0,0.0,0.0,0.0,0.0,0.01
LMAJADAS_UNIT3,3607,Wind,W,Wind,0.0,138.6,0,0,138.6,0,0,0,0.0,0.0,0.0,0.0,0.0,0.0,0.01
LOCKETT_UNIT1,26,Wind,W,Wind,0.0,183.7,0,0,183.7,0,0,0,0.0,0.0,0.0,0.0,0.0,0.0,0.01
LGW_UNIT1,731,Wind,W,Wind,0.0,106.3,0,0,106.3,0,0,0,0.0,0.0,0.0,0.0,0.0,0.0,0.01
LGW_UNIT2,731,Wind,W,Wind,0.0,103.9,0,0,103.9,0,0,0,0.0,0.0,0.0,0.0,0.0,0.0,0.01
LNCRK_G83,2513,Wind,W,Wind,0.0,194.0,0,0,194.0,0,0,0,0.0,0.0,0.0,0.0,0.0,0.0,0.01
LNCRK2_G871,2513,Wind,W,Wind,0.0,98.0,0,0,98.0,0,0,0,0.0,0.0,0.0,0.0,0.0,0.0,0.01
LNCRK2_G872,2513,Wind,W,Wind,0.0,100.0,0,0,100.0,0,0,0,0.0,0.0,0.0,0.0,0.0,0.0,0.01
LHORN_N_UNIT1,1521,Wind,W,Wind,0.0,100.0,0,0,100.0,0,0,0,0.0,0.0,0.0,0.0,0.0,0.0,0.01
LHORN_N_UNIT2,1521,Wind,W,Wind,0.0,100.0,0,0,100.0,0,0,0,0.0,0.0,0.0,0.0,0.0,0.0,0.01
LONEWOLF_G1,2492,Wind,W,Wind,0.0,48.0,0,0,48.0,0,0,0,0.0,0.0,0.0,0.0,0.0,0.0,0.01
LONEWOLF_G2,2492,Wind,W,Wind,0.0,51.0,0,0,51.0,0,0,0,0.0,0.0,0.0,0.0,0.0,0.0,0.01
LONEWOLF_G3,2492,Wind,W,Wind,0.0,25.5,0,0,25.5,0,0,0,0.0,0.0,0.0,0.0,0.0,0.0,0.01
LONEWOLF_G4,2492,Wind,W,Wind,0.0,24.0,0,0,24.0,0,0,0,0.0,0.0,0.0,0.0,0.0,0.0,0.01
LV3_UNIT_1,582,Wind,W,Wind,0.0,200.0,0,0,200.0,0,0,0,0.0,0.0,0.0,0.0,0.0,0.0,0.01
LV4_UNIT_1,1548,Wind,W,Wind,0.0,200.0,0,0,200.0,0,0,0,0.0,0.0,0.0,0.0,0.0,0.0,0.01
LV5_UNIT_1,1548,Wind,W,Wind,0.0,110.0,0,0,110.0,0,0,0,0.0,0.0,0.0,0.0,0.0,0.0,0.01
LV1_LV1A,3608,Wind,W,Wind,0.0,200.1,0,0,200.1,0,0,0,0.0,0.0,0.0,0.0,0.0,0.0,0.01
LV2_LV2,3608,Wind,W,Wind,0.0,201.6,0,0,201.6,0,0,0,0.0,0.0,0.0,0.0,0.0,0.0,0.01
REDFISH_MV1A,3608,Wind,W,Wind,0.0,99.8,0,0,99.8,0,0,0,0.0,0.0,0.0,0.0,0.0,0.0,0.01
REDFISH_MV1B,3608,Wind,W,Wind,0.0,103.5,0,0,103.5,0,0,0,0.0,0.0,0.0,0.0,0.0,0.0,0.01
MARIAH_NORTE1,945,Wind,W,Wind,0.0,115.2,0,0,115.2,0,0,0,0.0,0.0,0.0,0.0,0.0,0.0,0.01
MARIAH_NORTE2,945,Wind,W,Wind,0.0,115.2,0,0,115.2,0,0,0,0.0,0.0,0.0,0.0,0.0,0.0,0.01
MAVCRK_W_UNIT1,3653,Wind,W,Wind,0.0,201.6,0,0,201.6,0,0,0,0.0,0.0,0.0,0.0,0.0,0.0,0.01
MAVCRK_W_UNIT2,3653,Wind,W,Wind,0.0,11.1,0,0,11.1,0,0,0,0.0,0.0,0.0,0.0,0.0,0.0,0.01
MAVCRK_W_UNIT3,3653,Wind,W,Wind,0.0,33.6,0,0,33.6,0,0,0,0.0,0.0,0.0,0.0,0.0,0.0,0.01
MAVCRK_W_UNIT4,3653,Wind,W,Wind,0.0,22.2,0,0,22.2,0,0,0,0.0,0.0,0.0,0.0,0.0,0.0,0.01
MAVCRK_E_UNIT5,3653,Wind,W,Wind,0.0,71.4,0,0,71.4,0,0,0,0.0,0.0,0.0,0.0,0.0,0.0,0.01
MAVCRK_E_UNIT6,3653,Wind,W,Wind,0.0,33.3,0,0,33.3,0,0,0,0.0,0.0,0.0,0.0,0.0,0.0,0.01
MAVCRK_E_UNIT7,3653,Wind,W,Wind,0.0,22.0,0,0,22.0,0,0,0,0.0,0.0,0.0,0.0,0.0,0.0,0.01
MAVCRK_E_UNIT8,3653,Wind,W,Wind,0.0,20.0,0,0,20.0,0,0,0,0.0,0.0,0.0,0.0,0.0,0.0,0.01
MAVCRK_E_UNIT9,3653,Wind,W,Wind,0.0,76.8,0,0,76.8,0,0,0,0.0,0.0,0.0,0.0,0.0,0.0,0.01
MWEC_G1,1170,Wind,W,Wind,0.0,150.0,0,0,150.0,0,0,0,0.0,0.0,0.0,0.0,0.0,0.0,0.01
MESQCRK_WND1,1530,Wind,W,Wind,0.0,105.6,0,0,105.6,0,0,0,0.0,0.0,0.0,0.0,0.0,0.0,0.01
MESQCRK_WND2,1530,Wind,W,Wind,0.0,105.6,0,0,105.6,0,0,0,0.0,0.0,0.0,0.0,0.0,0.0,0.01
MIAM1_G1,1515,Wind,W,Wind,0.0,144.3,0,0,144.3,0,0,0,0.0,0.0,0.0,0.0,0.0,0.0,0.01
MIAM1_G2,1515,Wind,W,Wind,0.0,144.3,0,0,144.3,0,0,0,0.0,0.0,0.0,0.0,0.0,0.0,0.01
MIDWIND_UNIT1,45,Wind,W,Wind,0.0,162.8,0,0,162.8,0,0,0,0.0,0.0,0.0,0.0,0.0,0.0,0.01
MONT_WND_UNIT1,640,Wind,W,Wind,0.0,106.1,0,0,106.1,0,0,0,0.0,0.0,0.0,0.0,0.0,0.0,0.01
MONT_WND_UNIT2,640,Wind,W,Wind,0.0,92.9,0,0,92.9,0,0,0,0.0,0.0,0.0,0.0,0.0,0.0,0.01
NBOHR_UNIT1,949,Wind,W,Wind,0.0,196.6,0,0,196.6,0,0,0,0.0,0.0,0.0,0.0,0.0,0.0,0.01
NWF_NWF1,2558,Wind,W,Wind,0.0,92.6,0,0,92.6,0,0,0,0.0,0.0,0.0,0.0,0.0,0.0,0.01
NWF_NWF2,2558,Wind,W,Wind,0.0,60.0,0,0,60.0,0,0,0,0.0,0.0,0.0,0.0,0.0,0.0,0.01
OWF_OWF,2478,Wind,W,Wind,0.0,54.6,0,0,54.6,0,0,0,0.0,0.0,0.0,0.0,0.0,0.0,0.01
COTPLNS_OLDSETLR,1080,Wind,W,Wind,0.0,151.2,0,0,151.2,0,0,0,0.0,0.0,0.0,0.0,0.0,0.0,0.01
OVEJA_G1,3417,Wind,W,Wind,0.0,151.2,0,0,151.2,0,0,0,0.0,0.0,0.0,0.0,0.0,0.0,0.01
OVEJA_G2,3417,Wind,W,Wind,0.0,151.2,0,0,151.2,0,0,0,0.0,0.0,0.0,0.0,0.0,0.0,0.01
PALMWIND_UNIT1,595,Wind,W,Wind,0.0,144.9,0,0,144.9,0,0,0,0.0,0.0,0.0,0.0,0.0,0.0,0.01
PH1_UNIT1,1511,Wind,W,Wind,0.0,109.2,0,0,109.2,0,0,0,0.0,0.0,0.0,0.0,0.0,0.0,0.01
PH1_UNIT2,1511,Wind,W,Wind,0.0,109.2,0,0,109.2,0,0,0,0.0,0.0,0.0,0.0,0.0,0.0,0.01
PH2_UNIT1,1511,Wind,W,Wind,0.0,94.2,0,0,94.2,0,0,0,0.0,0.0,0.0,0.0,0.0,0.0,0.01
PH2_UNIT2,1511,Wind,W,Wind,0.0,96.6,0,0,96.6,0,0,0,0.0,0.0,0.0,0.0,0.0,0.0,0.01
PC_NORTH_PANTHER1,1417,Wind,W,Wind,0.0,149.2,0,0,149.2,0,0,0,0.0,0.0,0.0,0.0,0.0,0.0,0.01
PC_SOUTH_PANTHER2,2557,Wind,W,Wind,0.0,123.3,0,0,123.3,0,0,0,0.0,0.0,0.0,0.0,0.0,0.0,0.01
PC_SOUTH_PANTH31,2557,Wind,W,Wind,0.0,106.9,0,0,106.9,0,0,0,0.0,0.0,0.0,0.0,0.0,0.0,0.01
PC_SOUTH_PANTH32,2557,Wind,W,Wind,0.0,108.5,0,0,108.5,0,0,0,0.0,0.0,0.0,0.0,0.0,0.0,0.01
PAP1_PAP1,1095,Wind,W,Wind,0.0,179.9,0,0,179.9,0,0,0,0.0,0.0,0.0,0.0,0.0,0.0,0.01
COTTON_PAP2,1080,Wind,W,Wind,0.0,200.1,0,0,200.1,0,0,0,0.0,0.0,0.0,0.0,0.0,0.0,0.01
WOODWRD1_WOODWRD1,830,Wind,W,Wind,0.0,91.7,0,0,91.7,0,0,0,0.0,0.0,0.0,0.0,0.0,0.0,0.01
WOODWRD2_WOODWRD2,830,Wind,W,Wind,0.0,85.4,0,0,85.4,0,0,0,0.0,0.0,0.0,0.0,0.0,0.0,0.01
PENA_UNIT1,2387,Wind,W,Wind,0.0,160.8,0,0,160.8,0,0,0,0.0,0.0,0.0,0.0,0.0,0.0,0.01
PENA_UNIT2,2387,Wind,W,Wind,0.0,141.6,0,0,141.6,0,0,0,0.0,0.0,0.0,0.0,0.0,0.0,0.01
PENA3_UNIT3,2387,Wind,W,Wind,0.0,100.8,0,0,100.8,0,0,0,0.0,0.0,0.0,0.0,0.0,0.0,0.01
PEY_UNIT1,3196,Wind,W,Wind,0.0,151.2,0,0,151.2,0,0,0,0.0,0.0,0.0,0.0,0.0,0.0,0.01
PIONR_DJ_UNIT1,1416,Wind,W,Wind,0.0,124.2,0,0,124.2,0,0,0,0.0,0.0,0.0,0.0,0.0,0.0,0.01
PIONR_DJ_UNIT2,1416,Wind,W,Wind,0.0,16.4,0,0,16.4,0,0,0,0.0,0.0,0.0,0.0,0.0,0.0,0.01
PYR_PYRON1,2511,Wind,W,Wind,0.0,128.5,0,0,128.5,0,0,0,0.0,0.0,0.0,0.0,0.0,0.0,0.01
PYR_PYRON2,2508,Wind,W,Wind,0.0,134.9,0,0,134.9,0,0,0,0.0,0.0,0.0,0.0,0.0,0.0,0.01
RANCHERO_UNIT1,1750,Wind,W,Wind,0.0,150.0,0,0,150.0,0,0,0,0.0,0.0,0.0,0.0,0.0,0.0,0.01
RANCHERO_UNIT2,1750,Wind,W,Wind,0.0,150.0,0,0,150.0,0,0,0,0.0,0.0,0.0,0.0,0.0,0.0,0.01
RSNAKE_G1,949,Wind,W,Wind,0.0,109.2,0,0,109.2,0,0,0,0.0,0.0,0.0,0.0,0.0,0.0,0.01
RSNAKE_G2,949,Wind,W,Wind,0.0,109.2,0,0,109.2,0,0,0,0.0,0.0,0.0,0.0,0.0,0.0,0.01
RDCANYON_RDCNY1,1185,Wind,W,Wind,0.0,89.6,0,0,89.6,0,0,0,0.0,0.0,0.0,0.0,0.0,0.0,0.01
RELOJ_UNIT1,1543,Wind,W,Wind,0.0,55.4,0,0,55.4,0,0,0,0.0,0.0,0.0,0.0,0.0,0.0,0.01
RELOJ_UNIT2,1543,Wind,W,Wind,0.0,48.0,0,0,48.0,0,0,0,0.0,0.0,0.0,0.0,0.0,0.0,0.01
RELOJ_UNIT3,1543,Wind,W,Wind,0.0,83.1,0,0,83.1,0,0,0,0.0,0.0,0.0,0.0,0.0,0.0,0.01
RELOJ_UNIT4,1543,Wind,W,Wind,0.0,22.8,0,0,22.8,0,0,0,0.0,0.0,0.0,0.0,0.0,0.0,0.01
RRC_WIND_UNIT1,239,Wind,W,Wind,0.0,94.1,0,0,94.1,0,0,0,0.0,0.0,0.0,0.0,0.0,0.0,0.01
RRC_WIND_UNIT2,239,Wind,W,Wind,0.0,28.7,0,0,28.7,0,0,0,0.0,0.0,0.0,0.0,0.0,0.0,0.01
RRC_WIND_UNIT3,239,Wind,W,Wind,0.0,125.9,0,0,125.9,0,0,0,0.0,0.0,0.0,0.0,0.0,0.0,0.01
FERMI_WIND1,118,Wind,W,Wind,0.0,121.9,0,0,121.9,0,0,0,0.0,0.0,0.0,0.0,0.0,0.0,0.01
FERMI_WIND2,118,Wind,W,Wind,0.0,27.4,0,0,27.4,0,0,0,0.0,0.0,0.0,0.0,0.0,0.0,0.01
TKWSW1_ROSCOE,2506,Wind,W,Wind,0.0,114.0,0,0,114.0,0,0,0,0.0,0.0,0.0,0.0,0.0,0.0,0.01
TKWSW1_ROSCOE2A,2506,Wind,W,Wind,0.0,95.0,0,0,95.0,0,0,0,0.0,0.0,0.0,0.0,0.0,0.0,0.01
ROUTE_66_WIND1,1510,Wind,W,Wind,0.0,150.0,0,0,150.0,0,0,0,0.0,0.0,0.0,0.0,0.0,0.0,0.01
RTS2_U1,3707,Wind,W,Wind,0.0,89.9,0,0,89.9,0,0,0,0.0,0.0,0.0,0.0,0.0,0.0,0.01
RTS2_U2,3707,Wind,W,Wind,0.0,89.9,0,0,89.9,0,0,0,0.0,0.0,0.0,0.0,0.0,0.0,0.01
RTS_U1,3707,Wind,W,Wind,0.0,160.0,0,0,160.0,0,0,0,0.0,0.0,0.0,0.0,0.0,0.0,0.01
SAGEDRAW_UNIT1,3689,Wind,W,Wind,0.0,169.2,0,0,169.2,0,0,0,0.0,0.0,0.0,0.0,0.0,0.0,0.01
SAGEDRAW_UNIT2,3689,Wind,W,Wind,0.0,169.2,0,0,169.2,0,0,0,0.0,0.0,0.0,0.0,0.0,0.0,0.01
SALTFORK_UNIT1,940,Wind,W,Wind,0.0,64.0,0,0,64.0,0,0,0,0.0,0.0,0.0,0.0,0.0,0.0,0.01
SALTFORK_UNIT2,940,Wind,W,Wind,0.0,110.0,0,0,110.0,0,0,0,0.0,0.0,0.0,0.0,0.0,0.0,0.01
SANROMAN_WIND_1,597,Wind,W,Wind,0.0,95.3,0,0,95.3,0,0,0,0.0,0.0,0.0,0.0,0.0,0.0,0.01
MCDLD_SB1_2,1536,Wind,W,Wind,0.0,71.4,0,0,71.4,0,0,0,0.0,0.0,0.0,0.0,0.0,0.0,0.01
MCDLD_SB3_282,1536,Wind,W,Wind,0.0,14.1,0,0,14.1,0,0,0,0.0,0.0,0.0,0.0,0.0,0.0,0.01
MCDLD_SB4_G87,1536,Wind,W,Wind,0.0,4.0,0,0,4.0,0,0,0,0.0,0.0,0.0,0.0,0.0,0.0,0.01
SENATEWD_UNIT1,3539,Wind,W,Wind,0.0,150.0,0,0,150.0,0,0,0,0.0,0.0,0.0,0.0,0.0,0.0,0.01
EXGNSND_WIND_1,1545,Wind,W,Wind,0.0,78.0,0,0,78.0,0,0,0,0.0,0.0,0.0,0.0,0.0,0.0,0.01
S_HILLS_UNIT1,3580,Wind,W,Wind,0.0,30.2,0,0,30.2,0,0,0,0.0,0.0,0.0,0.0,0.0,0.0,0.01
SHAFFER_UNIT1,3667,Wind,W,Wind,0.0,226.1,0,0,226.1,0,0,0,0.0,0.0,0.0,0.0,0.0,0.0,0.01
SHAMROCK_UNIT1,3103,Wind,W,Wind,0.0,203.1,0,0,203.1,0,0,0,0.0,0.0,0.0,0.0,0.0,0.0,0.01
SHAMROCK_UNIT2,3103,Wind,W,Wind,0.0,20.9,0,0,20.9,0,0,0,0.0,0.0,0.0,0.0,0.0,0.0,0.01
SHANNONW_UNIT_1,3615,Wind,W,Wind,0.0,204.1,0,0,204.1,0,0,0,0.0,0.0,0.0,0.0,0.0,0.0,0.01
SHEEPCRK_UNIT1,239,Wind,W,Wind,0.0,150.0,0,0,150.0,0,0,0,0.0,0.0,0.0,0.0,0.0,0.0,0.01
KEO_SHRBINO2,825,Wind,W,Wind,0.0,132.0,0,0,132.0,0,0,0,0.0,0.0,0.0,0.0,0.0,0.0,0.01
FLTCK_SSI,239,Wind,W,Wind,0.0,52.8,0,0,52.8,0,0,0,0.0,0.0,0.0,0.0,0.0,0.0,0.01
SPLAIN1_WIND1,1082,Wind,W,Wind,0.0,102.0,0,0,102.0,0,0,0,0.0,0.0,0.0,0.0,0.0,0.0,0.01
SPLAIN1_WIND2,1082,Wind,W,Wind,0.0,98.0,0,0,98.0,0,0,0,0.0,0.0,0.0,0.0,0.0,0.0,0.01
SPLAIN2_WIND21,1082,Wind,W,Wind,0.0,148.5,0,0,148.5,0,0,0,0.0,0.0,0.0,0.0,0.0,0.0,0.01
SPLAIN2_WIND22,1082,Wind,W,Wind,0.0,151.8,0,0,151.8,0,0,0,0.0,0.0,0.0,0.0,0.0,0.0,0.01
STWF_T1,1049,Wind,W,Wind,0.0,101.2,0,0,101.2,0,0,0,0.0,0.0,0.0,0.0,0.0,0.0,0.01
SSPURTWO_WIND_1,1339,Wind,W,Wind,0.0,161.0,0,0,161.0,0,0,0,0.0,0.0,0.0,0.0,0.0,0.0,0.01
SSPURTWO_SS3WIND2,1339,Wind,W,Wind,0.0,98.0,0,0,98.0,0,0,0,0.0,0.0,0.0,0.0,0.0,0.0,0.01
SSPURTWO_SS3WIND1,1339,Wind,W,Wind,0.0,96.0,0,0,96.0,0,0,0,0.0,0.0,0.0,0.0,0.0,0.0,0.01
SWEC_G1,1416,Wind,W,Wind,0.0,123.6,0,0,123.6,0,0,0,0.0,0.0,0.0,0.0,0.0,0.0,0.01
STELLA_UNIT1,3666,Wind,W,Wind,0.0,201.0,0,0,201.0,0,0,0,0.0,0.0,0.0,0.0,0.0,0.0,0.01
SRWE1_UNIT1,1785,Wind,W,Wind,0.0,213.8,0,0,213.8,0,0,0,0.0,0.0,0.0,0.0,0.0,0.0,0.01
SRWE1_SRWE2,1529,Wind,W,Wind,0.0,166.5,0,0,166.5,0,0,0,0.0,0.0,0.0,0.0,0.0,0.0,0.01
SWEETWND_WND1,2491,Wind,W,Wind,0.0,42.5,0,0,42.5,0,0,0,0.0,0.0,0.0,0.0,0.0,0.0,0.01
SWEETWN2_WND24,2491,Wind,W,Wind,0.0,16.8,0,0,16.8,0,0,0,0.0,0.0,0.0,0.0,0.0,0.0,0.01
SWEETWN2_WND2,2491,Wind,W,Wind,0.0,110.8,0,0,110.8,0,0,0,0.0,0.0,0.0,0.0,0.0,0.0,0.01
SWEETWN3_WND3A,2491,Wind,W,Wind,0.0,33.6,0,0,33.6,0,0,0,0.0,0.0,0.0,0.0,0.0,0.0,0.01
SWEETWN3_WND3B,2491,Wind,W,Wind,0.0,118.6,0,0,118.6,0,0,0,0.0,0.0,0.0,0.0,0.0,0.0,0.01
SWEETWN4_WND4A,2491,Wind,W,Wind,0.0,125.0,0,0,125.0,0,0,0,0.0,0.0,0.0,0.0,0.0,0.0,0.01
SWEETWN4_WND4B,2491,Wind,W,Wind,0.0,112.0,0,0,112.0,0,0,0,0.0,0.0,0.0,0.0,0.0,0.0,0.01
SWEETWN5_WND5,2491,Wind,W,Wind,0.0,85.0,0,0,85.0,0,0,0,0.0,0.0,0.0,0.0,0.0,0.0,0.01
TAHOKA_UNIT_1,3690,Wind,W,Wind,0.0,150.0,0,0,150.0,0,0,0,0.0,0.0,0.0,0.0,0.0,0.0,0.01
TAHOKA_UNIT_2,3690,Wind,W,Wind,0.0,150.0,0,0,150.0,0,0,0,0.0,0.0,0.0,0.0,0.0,0.0,0.01
SGMTN_SIGNALMT,1417,Wind,W,Wind,0.0,27.7,0,0,27.7,0,0,0,0.0,0.0,0.0,0.0,0.0,0.0,0.01
TRUSGILL_UNIT1,3559,Wind,W,Wind,0.0,42.0,0,0,42.0,0,0,0,0.0,0.0,0.0,0.0,0.0,0.0,0.01
TRUSGILL_UNIT2,3559,Wind,W,Wind,0.0,44.8,0,0,44.8,0,0,0,0.0,0.0,0.0,0.0,0.0,0.0,0.01
TRUSGILL_UNIT3,3559,Wind,W,Wind,0.0,42.0,0,0,42.0,0,0,0,0.0,0.0,0.0,0.0,0.0,0.0,0.01
TRUSGILL_UNIT4,3559,Wind,W,Wind,0.0,207.2,0,0,207.2,0,0,0,0.0,0.0,0.0,0.0,0.0,0.0,0.01
TORR_UNIT1_25,51,Wind,W,Wind,0.0,149.0,0,0,149.0,0,0,0,0.0,0.0,0.0,0.0,0.0,0.0,0.01
TORR_UNIT2_23,51,Wind,W,Wind,0.0,23.0,0,0,23.0,0,0,0,0.0,0.0,0.0,0.0,0.0,0.0,0.01
TORR_UNIT2_25,51,Wind,W,Wind,0.0,128.0,0,0,128.0,0,0,0,0.0,0.0,0.0,0.0,0.0,0.0,0.01
TRENT_TRENT,1034,Wind,W,Wind,0.0,38.3,0,0,38.3,0,0,0,0.0,0.0,0.0,0.0,0.0,0.0,0.01
TRENT_UNIT_1B,1034,Wind,W,Wind,0.0,15.6,0,0,15.6,0,0,0,0.0,0.0,0.0,0.0,0.0,0.0,0.01
TRENT_UNIT_2,1034,Wind,W,Wind,0.0,50.5,0,0,50.5,0,0,0,0.0,0.0,0.0,0.0,0.0,0.0,0.01
TRENT_UNIT_3A,1034,Wind,W,Wind,0.0,38.3,0,0,38.3,0,0,0,0.0,0.0,0.0,0.0,0.0,0.0,0.01
TRENT_UNIT_3B,1034,Wind,W,Wind,0.0,13.8,0,0,13.8,0,0,0,0.0,0.0,0.0,0.0,0.0,0.0,0.01
TRINITY_TH1_BUS1,2882,Wind,W,Wind,0.0,103.4,0,0,103.4,0,0,0,0.0,0.0,0.0,0.0,0.0,0.0,0.01
TRINITY_TH1_BUS2,2882,Wind,W,Wind,0.0,94.6,0,0,94.6,0,0,0,0.0,0.0,0.0,0.0,0.0,0.0,0.01
ROSC2_1UNIT,2494,Wind,W,Wind,0.0,2.0,0,0,2.0,0,0,0,0.0,0.0,0.0,0.0,0.0,0.0,0.01
TTWEC_G1,1040,Wind,W,Wind,0.0,174.6,0,0,174.6,0,0,0,0.0,0.0,0.0,0.0,0.0,0.0,0.01
TYLRWIND_UNIT1,3443,Wind,W,Wind,0.0,125.6,0,0,125.6,0,0,0,0.0,0.0,0.0,0.0,0.0,0.0,0.01
VENADO_UNIT1,1543,Wind,W,Wind,0.0,105.0,0,0,105.0,0,0,0,0.0,0.0,0.0,0.0,0.0,0.0,0.01
VENADO_UNIT2,1543,Wind,W,Wind,0.0,96.6,0,0,96.6,0,0,0,0.0,0.0,0.0,0.0,0.0,0.0,0.01
VERAWIND_UNIT1,3517,Wind,W,Wind,0.0,12.0,0,0,12.0,0,0,0,0.0,0.0,0.0,0.0,0.0,0.0,0.01
VERAWIND_UNIT2,3517,Wind,W,Wind,0.0,7.2,0,0,7.2,0,0,0,0.0,0.0,0.0,0.0,0.0,0.0,0.01
VERAWIND_UNIT3,3517,Wind,W,Wind,0.0,100.8,0,0,100.8,0,0,0,0.0,0.0,0.0,0.0,0.0,0.0,0.01
VERAWIND_UNIT4,3517,Wind,W,Wind,0.0,22.0,0,0,22.0,0,0,0,0.0,0.0,0.0,0.0,0.0,0.0,0.01
VERAWIND_UNIT5,3517,Wind,W,Wind,0.0,100.8,0,0,100.8,0,0,0,0.0,0.0,0.0,0.0,0.0,0.0,0.01
VERTIGO_WIND_I,3580,Wind,W,Wind,0.0,150.0,0,0,150.0,0,0,0,0.0,0.0,0.0,0.0,0.0,0.0,0.01
VORTEX_WIND1,3525,Wind,W,Wind,0.0,153.6,0,0,153.6,0,0,0,0.0,0.0,0.0,0.0,0.0,0.0,0.01
VORTEX_WIND2,3525,Wind,W,Wind,0.0,24.2,0,0,24.2,0,0,0,0.0,0.0,0.0,0.0,0.0,0.0,0.01
VORTEX_WIND3,3525,Wind,W,Wind,0.0,158.4,0,0,158.4,0,0,0,0.0,0.0,0.0,0.0,0.0,0.0,0.01
VORTEX_WIND4,3525,Wind,W,Wind,0.0,14.0,0,0,14.0,0,0,0,0.0,0.0,0.0,0.0,0.0,0.0,0.01
WAKEWE_G1,947,Wind,W,Wind,0.0,114.9,0,0,114.9,0,0,0,0.0,0.0,0.0,0.0,0.0,0.0,0.01
WAKEWE_G2,947,Wind,W,Wind,0.0,142.4,0,0,142.4,0,0,0,0.0,0.0,0.0,0.0,0.0,0.0,0.01
TRUENO_UNIT1,3608,Wind,W,Wind,0.0,116.6,0,0,116.6,0,0,0,0.0,0.0,0.0,0.0,0.0,0.0,0.01
TRUENO_UNIT2,3608,Wind,W,Wind,0.0,123.2,0,0,123.2,0,0,0,0.0,0.0,0.0,0.0,0.0,0.0,0.01
AJAXWIND_UNIT1,40,Wind,W,Wind,0.0,225.6,0,0,225.6,0,0,0,0.0,0.0,0.0,0.0,0.0,0.0,0.01
AJAXWIND_UNIT2,40,Wind,W,Wind,0.0,141.0,0,0,141.0,0,0,0,0.0,0.0,0.0,0.0,0.0,0.0,0.01
WEC_WECG1,1161,Wind,W,Wind,0.0,59.8,0,0,59.8,0,0,0,0.0,0.0,0.0,0.0,0.0,0.0,0.01
EXGNWTL_WIND_1,1577,Wind,W,Wind,0.0,92.3,0,0,92.3,0,0,0,0.0,0.0,0.0,0.0,0.0,0.0,0.01
WHMESA_UNIT1,3391,Wind,W,Wind,0.0,152.3,0,0,152.3,0,0,0,0.0,0.0,0.0,0.0,0.0,0.0,0.01
WHMESA_UNIT2_23,3391,Wind,W,Wind,0.0,13.9,0,0,13.9,0,0,0,0.0,0.0,0.0,0.0,0.0,0.0,0.01
WHMESA_UNIT2_28,3391,Wind,W,Wind,0.0,183.3,0,0,183.3,0,0,0,0.0,0.0,0.0,0.0,0.0,0.0,0.01
WHMESA_UNIT3_23,3391,Wind,W,Wind,0.0,18.6,0,0,18.6,0,0,0,0.0,0.0,0.0,0.0,0.0,0.0,0.01
WHMESA_UNIT3_28,3391,Wind,W,Wind,0.0,132.5,0,0,132.5,0,0,0,0.0,0.0,0.0,0.0,0.0,0.0,0.01
SALVTION_UNIT1,3659,Wind,W,Wind,0.0,125.0,0,0,125.0,0,0,0,0.0,0.0,0.0,0.0,0.0,0.0,0.01
SALVTION_UNIT2,3659,Wind,W,Wind,0.0,125.0,0,0,125.0,0,0,0,0.0,0.0,0.0,0.0,0.0,0.0,0.01
WL_RANCH_UNIT1,3651,Wind,W,Wind,0.0,199.5,0,0,199.5,0,0,0,0.0,0.0,0.0,0.0,0.0,0.0,0.01
WNDTHST2_UNIT1,3548,Wind,W,Wind,0.0,67.6,0,0,67.6,0,0,0,0.0,0.0,0.0,0.0,0.0,0.0,0.01
MOZART_WIND_1,311,Wind,W,Wind,0.0,30.0,0,0,30.0,0,0,0,0.0,0.0,0.0,0.0,0.0,0.0,0.01
WHTTAIL_WR1,2821,Wind,W,Wind,0.0,121.5,0,0,121.5,0,0,0,0.0,0.0,0.0,0.0,0.0,0.0,0.01
YNG_WND_UNIT1,3349,Wind,W,Wind,0.0,193.0,0,0,193.0,0,0,0,0.0,0.0,0.0,0.0,0.0,0.0,0.01
YNG_WND_UNIT2,3349,Wind,W,Wind,0.0,148.9,0,0,148.9,0,0,0,0.0,0.0,0.0,0.0,0.0,0.0,0.01
YNG_WND_UNIT3,3349,Wind,W,Wind,0.0,146.1,0,0,146.1,0,0,0,0.0,0.0,0.0,0.0,0.0,0.0,0.01
ANCHOR_WIND1,17,Wind,W,Wind,0.0,16.0,0,0,16.0,0,0,0,0.0,0.0,0.0,0.0,0.0,0.0,0.01
BAIRDWND_UNIT1,48,Wind,W,Wind,0.0,195.0,0,0,195.0,0,0,0,0.0,0.0,0.0,0.0,0.0,0.0,0.01
BAIRDWND_UNIT2,48,Wind,W,Wind,0.0,145.0,0,0,145.0,0,0,0,0.0,0.0,0.0,0.0,0.0,0.0,0.01
BIGSAMWD_UNIT1,1750,Wind,W,Wind,0.0,132.9,0,0,132.9,0,0,0,0.0,0.0,0.0,0.0,0.0,0.0,0.01
BIGSAMWD_UNIT2,1750,Wind,W,Wind,0.0,132.5,0,0,132.5,0,0,0,0.0,0.0,0.0,0.0,0.0,0.0,0.01
BOARDCRK_UNIT1,38,Wind,W,Wind,0.0,108.8,0,0,108.8,0,0,0,0.0,0.0,0.0,0.0,0.0,0.0,0.01
BOARDCRK_UNIT2,38,Wind,W,Wind,0.0,190.4,0,0,190.4,0,0,0,0.0,0.0,0.0,0.0,0.0,0.0,0.01
CANYONWD_UNIT1,1208,Wind,W,Wind,0.0,146.6,0,0,146.6,0,0,0,0.0,0.0,0.0,0.0,0.0,0.0,0.01
CANYONWD_UNIT2,1208,Wind,W,Wind,0.0,2.5,0,0,2.5,0,0,0,0.0,0.0,0.0,0.0,0.0,0.0,0.01
CANYONWD_UNIT3,1208,Wind,W,Wind,0.0,59.2,0,0,59.2,0,0,0,0.0,0.0,0.0,0.0,0.0,0.0,0.01
CANYONWD_UNIT4,1208,Wind,W,Wind,0.0,20.2,0,0,20.2,0,0,0,0.0,0.0,0.0,0.0,0.0,0.0,0.01
CANYONWD_UNIT5,1208,Wind,W,Wind,0.0,67.7,0,0,67.7,0,0,0,0.0,0.0,0.0,0.0,0.0,0.0,0.01
CANYONWD_UNIT6,1208,Wind,W,Wind,0.0,12.6,0,0,12.6,0,0,0,0.0,0.0,0.0,0.0,0.0,0.0,0.01
COYOTE_W_UNIT1,3673,Wind,W,Wind,0.0,90.0,0,0,90.0,0,0,0,0.0,0.0,0.0,0.0,0.0,0.0,0.01
COYOTE_W_UNIT2,3673,Wind,W,Wind,0.0,26.6,0,0,26.6,0,0,0,0.0,0.0,0.0,0.0,0.0,0.0,0.01
COYOTE_W_UNIT3,3673,Wind,W,Wind,0.0,126.0,0,0,126.0,0,0,0,0.0,0.0,0.0,0.0,0.0,0.0,0.01
ELSAUZ_UNIT1,550,Wind,W,Wind,0.0,153.0,0,0,153.0,0,0,0,0.0,0.0,0.0,0.0,0.0,0.0,0.01
ELSAUZ_UNIT2,550,Wind,W,Wind,0.0,148.5,0,0,148.5,0,0,0,0.0,0.0,0.0,0.0,0.0,0.0,0.01
FOXTROT_UNIT1,1128,Wind,W,Wind,0.0,130.2,0,0,130.2,0,0,0,0.0,0.0,0.0,0.0,0.0,0.0,0.01
FOXTROT_UNIT2,1128,Wind,W,Wind,0.0,84.0,0,0,84.0,0,0,0,0.0,0.0,0.0,0.0,0.0,0.0,0.01
FOXTROT_UNIT3,1128,Wind,W,Wind,0.0,54.0,0,0,54.0,0,0,0,0.0,0.0,0.0,0.0,0.0,0.0,0.01
HARALD_UNIT1,1537,Wind,W,Wind,0.0,162.1,0,0,162.1,0,0,0,0.0,0.0,0.0,0.0,0.0,0.0,0.01
LACASAWD_UNIT1,3349,Wind,W,Wind,0.0,12.4,0,0,12.4,0,0,0,0.0,0.0,0.0,0.0,0.0,0.0,0.01
LACASAWD_UNIT2,3349,Wind,W,Wind,0.0,133.3,0,0,133.3,0,0,0,0.0,0.0,0.0,0.0,0.0,0.0,0.01
LACASAWD_UNIT3,3349,Wind,W,Wind,0.0,2.7,0,0,2.7,0,0,0,0.0,0.0,0.0,0.0,0.0,0.0,0.01
MAG_UNIT1,263,Wind,W,Wind,0.0,97.5,0,0,97.5,0,0,0,0.0,0.0,0.0,0.0,0.0,0.0,0.01
MAG_UNIT2,263,Wind,W,Wind,0.0,102.0,0,0,102.0,0,0,0,0.0,0.0,0.0,0.0,0.0,0.0,0.01
MARYNEAL_UNIT1,2491,Wind,W,Wind,0.0,182.4,0,0,182.4,0,0,0,0.0,0.0,0.0,0.0,0.0,0.0,0.01
MONTECR1_WIND1,550,Wind,W,Wind,0.0,234.5,0,0,234.5,0,0,0,0.0,0.0,0.0,0.0,0.0,0.0,0.01
PCT_UNIT1,3196,Wind,W,Wind,0.0,236.0,0,0,236.0,0,0,0,0.0,0.0,0.0,0.0,0.0,0.0,0.01
PHILLWND_UNIT1,3587,Wind,W,Wind,0.0,153.0,0,0,153.0,0,0,0,0.0,0.0,0.0,0.0,0.0,0.0,0.01
PHILLWND_UNIT2,3587,Wind,W,Wind,0.0,147.0,0,0,147.0,0,0,0,0.0,0.0,0.0,0.0,0.0,0.0,0.01
PRIDDY_UNIT1,3451,Wind,W,Wind,0.0,187.2,0,0,187.2,0,0,0,0.0,0.0,0.0,0.0,0.0,0.0,0.01
PRIDDY_UNIT2,3451,Wind,W,Wind,0.0,115.2,0,0,115.2,0,0,0,0.0,0.0,0.0,0.0,0.0,0.0,0.01
WH_WIND_UNIT1,311,Wind,W,Wind,0.0,209.4,0,0,209.4,0,0,0,0.0,0.0,0.0,0.0,0.0,0.0,0.01
WH_WIND_UNIT2,311,Wind,W,Wind,0.0,209.5,0,0,209.5,0,0,0,0.0,0.0,0.0,0.0,0.0,0.0,0.01
WILDWIND_UNIT1,3578,Wind,W,Wind,0.0,18.4,0,0,18.4,0,0,0,0.0,0.0,0.0,0.0,0.0,0.0,0.01
WILDWIND_UNIT2,3578,Wind,W,Wind,0.0,48.0,0,0,48.0,0,0,0,0.0,0.0,0.0,0.0,0.0,0.0,0.01
WILDWIND_UNIT3,3578,Wind,W,Wind,0.0,6.3,0,0,6.3,0,0,0,0.0,0.0,0.0,0.0,0.0,0.0,0.01
WILDWIND_UNIT4,3578,Wind,W,Wind,0.0,54.6,0,0,54.6,0,0,0,0.0,0.0,0.0,0.0,0.0,0.0,0.01
WILDWIND_UNIT5,3578,Wind,W,Wind,0.0,52.8,0,0,52.8,0,0,0,0.0,0.0,0.0,0.0,0.0,0.0,0.01
7RNCHSLR_UNIT1,1273,Solar,S,Solar,0.0,139.5,0,0,139.5,0,0,0,0.0,0.0,0.0,0.0,0.0,0.0,0.01
7RNCHSLR_UNIT2,1273,Solar,S,Solar,0.0,95.5,0,0,95.5,0,0,0,0.0,0.0,0.0,0.0,0.0,0.0,0.01
7RNCHSLR_UNIT3,1273,Solar,S,Solar,0.0,5.6,0,0,5.6,0,0,0,0.0,0.0,0.0,0.0,0.0,0.0,0.01
ACACIA_UNIT_1,805,Solar,S,Solar,0.0,10.0,0,0,10.0,0,0,0,0.0,0.0,0.0,0.0,0.0,0.0,0.01
AIRPRTRD_LONEWOLFE,832,Solar,S,Solar,0.0,1.0,0,0,1.0,0,0,0,0.0,0.0,0.0,0.0,0.0,0.0,0.01
ALEXIS_ALEXIS,587,Solar,S,Solar,0.0,10.0,0,0,10.0,0,0,0,0.0,0.0,0.0,0.0,0.0,0.0,0.01
ANDMDSLR_UNIT1,2933,Solar,S,Solar,0.0,158.8,0,0,158.8,0,0,0,0.0,0.0,0.0,0.0,0.0,0.0,0.01
ANDMDSLR_UNIT2,2933,Solar,S,Solar,0.0,162.4,0,0,162.4,0,0,0,0.0,0.0,0.0,0.0,0.0,0.0,0.01
ANG_SLR_UNIT1,3706,Solar,S,Solar,0.0,195.4,0,0,195.4,0,0,0,0.0,0.0,0.0,0.0,0.0,0.0,0.01
ANSON1_UNIT1,373,Solar,S,Solar,0.0,100.8,0,0,100.8,0,0,0,0.0,0.0,0.0,0.0,0.0,0.0,0.01
ANSON1_UNIT2,373,Solar,S,Solar,0.0,100.8,0,0,100.8,0,0,0,0.0,0.0,0.0,0.0,0.0,0.0,0.01
ARAGORN_UNIT1,3385,Solar,S,Solar,0.0,188.2,0,0,188.2,0,0,0,0.0,0.0,0.0,0.0,0.0,0.0,0.01
ASCK_SLR_SOLAR1,3392,Solar,S,Solar,0.0,206.8,0,0,206.8,0,0,0,0.0,0.0,0.0,0.0,0.0,0.0,0.01
ASCK_SLR_SOLAR2,3392,Solar,S,Solar,0.0,210.9,0,0,210.9,0,0,0,0.0,0.0,0.0,0.0,0.0,0.0,0.01
AURO_SLR_UNIT1,1492,Solar,S,Solar,0.0,201.7,0,0,201.7,0,0,0,0.0,0.0,0.0,0.0,0.0,0.0,0.01
AZURE_SOLAR1,983,Solar,S,Solar,0.0,74.9,0,0,74.9,0,0,0,0.0,0.0,0.0,0.0,0.0,0.0,0.01
AZURE_SOLAR2,983,Solar,S,Solar,0.0,153.5,0,0,153.5,0,0,0,0.0,0.0,0.0,0.0,0.0,0.0,0.01
CECSOLAR_BECK1,2218,Solar,S,Solar,0.0,1.0,0,0,1.0,0,0,0,0.0,0.0,0.0,0.0,0.0,0.0,0.01
SIRIUS_UNIT2,965,Solar,S,Solar,0.0,50.0,0,0,50.0,0,0,0,0.0,0.0,0.0,0.0,0.0,0.0,0.01
BELM_SLR_UNIT1,1492,Solar,S,Solar,0.0,201.0,0,0,201.0,0,0,0,0.0,0.0,0.0,0.0,0.0,0.0,0.01
BKVSOLAR_BKVSOLAR1,3550,Solar,S,Solar,0.0,2.5,0,0,2.5,0,0,0,0.0,0.0,0.0,0.0,0.0,0.0,0.01
BROOK_1UNIT,2218,Solar,S,Solar,0.0,7.6,0,0,7.6,0,0,0,0.0,0.0,0.0,0.0,0.0,0.0,0.01
ELMEN_1UNIT,2218,Solar,S,Solar,0.0,7.3,0,0,7.3,0,0,0,0.0,0.0,0.0,0.0,0.0,0.0,0.01
CAPRIDG4_BB_PV,1480,Solar,S,Solar,0.0,30.0,0,0,30.0,0,0,0,0.0,0.0,0.0,0.0,0.0,0.0,0.01
CAPRIDG4_BB2_PV1,1480,Solar,S,Solar,0.0,100.0,0,0,100.0,0,0,0,0.0,0.0,0.0,0.0,0.0,0.0,0.01
CAPRIDG4_BB2_PV2,1480,Solar,S,Solar,0.0,15.0,0,0,15.0,0,0,0,0.0,0.0,0.0,0.0,0.0,0.0,0.01
LMESASLR_UNIT1,208,Solar,S,Solar,0.0,101.6,0,0,101.6,0,0,0,0.0,0.0,0.0,0.0,0.0,0.0,0.01
LMESASLR_IVORY,208,Solar,S,Solar,0.0,50.0,0,0,50.0,0,0,0,0.0,0.0,0.0,0.0,0.0,0.0,0.01
BOVINE_BOVINE,2741,Solar,S,Solar,0.0,5.0,0,0,5.0,0,0,0,0.0,0.0,0.0,0.0,0.0,0.0,0.01
BOVINE2_BOVINE2,2741,Solar,S,Solar,0.0,5.0,0,0,5.0,0,0,0,0.0,0.0,0.0,0.0,0.0,0.0,0.01
FILESSLR_PV1,2939,Solar,S,Solar,0.0,146.1,0,0,146.1,0,0,0,0.0,0.0,0.0,0.0,0.0,0.0,0.01
BRIGHTSD_UNIT1,1111,Solar,S,Solar,0.0,53.4,0,0,53.4,0,0,0,0.0,0.0,0.0,0.0,0.0,0.0,0.01
BR_ARROW_UNIT1,3426,Solar,S,Solar,0.0,127.3,0,0,127.3,0,0,0,0.0,0.0,0.0,0.0,0.0,0.0,0.01
BR_ARROW_UNIT2,3426,Solar,S,Solar,0.0,173.9,0,0,173.9,0,0,0,0.0,0.0,0.0,0.0,0.0,0.0,0.01
BRNSN_BRNSN,3014,Solar,S,Solar,0.0,5.0,0,0,5.0,0,0,0,0.0,0.0,0.0,0.0,0.0,0.0,0.01
BRNSN2_BRNSN2,3014,Solar,S,Solar,0.0,5.0,0,0,5.0,0,0,0,0.0,0.0,0.0,0.0,0.0,0.0,0.01
CASCADE,2739,Solar,S,Solar,0.0,5.0,0,0,5.0,0,0,0,0.0,0.0,0.0,0.0,0.0,0.0,0.01
CASCADE2,2739,Solar,S,Solar,0.0,5.0,0,0,5.0,0,0,0,0.0,0.0,0.0,0.0,0.0,0.0,0.01
CASL_GAP_UNIT1,739,Solar,S,Solar,0.0,180.0,0,0,180.0,0,0,0,0.0,0.0,0.0,0.0,0.0,0.0,0.01
CS10_CATAN,2833,Solar,S,Solar,0.0,10.0,0,0,10.0,0,0,0,0.0,0.0,0.0,0.0,0.0,0.0,0.01
CHISUM_CHISUM,3603,Solar,S,Solar,0.0,10.0,0,0,10.0,0,0,0,0.0,0.0,0.0,0.0,0.0,0.0,0.01
X443PV1_SWRI_PV1,2218,Solar,S,Solar,0.0,5.0,0,0,5.0,0,0,0,0.0,0.0,0.0,0.0,0.0,0.0,0.01
CONIGLIO_UNIT1,3644,Solar,S,Solar,0.0,125.7,0,0,125.7,0,0,0,0.0,0.0,0.0,0.0,0.0,0.0,0.01
CORALSLR_SOLAR1,615,Solar,S,Solar,0.0,97.7,0,0,97.7,0,0,0,0.0,0.0,0.0,0.0,0.0,0.0,0.01
CORALSLR_SOLAR2,615,Solar,S,Solar,0.0,56.3,0,0,56.3,0,0,0,0.0,0.0,0.0,0.0,0.0,0.0,0.01
CORAZON_UNIT1,3157,Solar,S,Solar,0.0,202.6,0,0,202.6,0,0,0,0.0,0.0,0.0,0.0,0.0,0.0,0.01
CRWN_SLR_UNIT1,615,Solar,S,Solar,0.0,101.3,0,0,101.3,0,0,0,0.0,0.0,0.0,0.0,0.0,0.0,0.01
DAG_UNIT1,3421,Solar,S,Solar,0.0,101.4,0,0,101.4,0,0,0,0.0,0.0,0.0,0.0,0.0,0.0,0.01
DAG_UNIT2,3421,Solar,S,Solar,0.0,101.4,0,0,101.4,0,0,0,0.0,0.0,0.0,0.0,0.0,0.0,0.01
DILEOSLR_UNIT1,702,Solar,S,Solar,0.0,71.4,0,0,71.4,0,0,0,0.0,0.0,0.0,0.0,0.0,0.0,0.01
E_BLACK_UNIT_1,2713,Solar,S,Solar,0.0,144.0,0,0,144.0,0,0,0,0.0,0.0,0.0,0.0,0.0,0.0,0.01
EDDYII_EDDYII,2655,Solar,S,Solar,0.0,10.0,0,0,10.0,0,0,0,0.0,0.0,0.0,0.0,0.0,0.0,0.01
EIFSLR_UNIT1,3603,Solar,S,Solar,0.0,241.0,0,0,241.0,0,0,0,0.0,0.0,0.0,0.0,0.0,0.0,0.01
ELARA_SL_UNIT1,3436,Solar,S,Solar,0.0,132.4,0,0,132.4,0,0,0,0.0,0.0,0.0,0.0,0.0,0.0,0.01
ELLISSLR_UNIT1,3313,Solar,S,Solar,0.0,81.3,0,0,81.3,0,0,0,0.0,0.0,0.0,0.0,0.0,0.0,0.01
EGROVESL_UNIT1,3628,Solar,S,Solar,0.0,109.5,0,0,109.5,0,0,0,0.0,0.0,0.0,0.0,0.0,0.0,0.01
ESTONIAN_SOLAR1,3603,Solar,S,Solar,0.0,88.4,0,0,88.4,0,0,0,0.0,0.0,0.0,0.0,0.0,0.0,0.01
ESTONIAN_SOLAR2,3603,Solar,S,Solar,0.0,114.4,0,0,114.4,0,0,0,0.0,0.0,0.0,0.0,0.0,0.0,0.01
EUNICE_PV1,3676,Solar,S,Solar,0.0,189.6,0,0,189.6,0,0,0,0.0,0.0,0.0,0.0,0.0,0.0,0.01
EUNICE_PV2,3676,Solar,S,Solar,0.0,237.1,0,0,237.1,0,0,0,0.0,0.0,0.0,0.0,0.0,0.0,0.01
FENCESLR_SOLAR1,3627,Solar,S,Solar,0.0,138.9,0,0,138.9,0,0,0,0.0,0.0,0.0,0.0,0.0,0.0,0.01
FENCESLR_SOLAR2,3627,Solar,S,Solar,0.0,98.0,0,0,98.0,0,0,0,0.0,0.0,0.0,0.0,0.0,0.0,0.01
FIFTHGS1_FGSOLAR1,2256,Solar,S,Solar,0.0,6.8,0,0,6.8,0,0,0,0.0,0.0,0.0,0.0,0.0,0.0,0.01
FIVEWSLR_UNIT1,1492,Solar,S,Solar,0.0,194.4,0,0,194.4,0,0,0,0.0,0.0,0.0,0.0,0.0,0.0,0.01
FIVEWSLR_UNIT2,1492,Solar,S,Solar,0.0,127.0,0,0,127.0,0,0,0,0.0,0.0,0.0,0.0,0.0,0.0,0.01
FWLR_SLR_UNIT1,3628,Solar,S,Solar,0.0,152.5,0,0,152.5,0,0,0,0.0,0.0,0.0,0.0,0.0,0.0,0.01
FRFWS_FAIRFIELD,3419,Solar,S,Solar,0.0,4.0,0,0,4.0,0,0,0,0.0,0.0,0.0,0.0,0.0,0.0,0.01
FRYE_SLR_UNIT1,1238,Solar,S,Solar,0.0,250.9,0,0,250.9,0,0,0,0.0,0.0,0.0,0.0,0.0,0.0,0.01
FRYE_SLR_UNIT2,1238,Solar,S,Solar,0.0,251.1,0,0,251.1,0,0,0,0.0,0.0,0.0,0.0,0.0,0.0,0.01
HOVEY_UNIT1,874,Solar,S,Solar,0.0,22.0,0,0,22.0,0,0,0,0.0,0.0,0.0,0.0,0.0,0.0,0.01
BOOTLEG_UNIT1,964,Solar,S,Solar,0.0,126.0,0,0,126.0,0,0,0,0.0,0.0,0.0,0.0,0.0,0.0,0.01
GALLOWAY_SOLAR1,3654,Solar,S,Solar,0.0,250.0,0,0,250.0,0,0,0,0.0,0.0,0.0,0.0,0.0,0.0,0.01
GALLOWAY_SOLAR2,3654,Solar,S,Solar,0.0,111.1,0,0,111.1,0,0,0,0.0,0.0,0.0,0.0,0.0,0.0,0.01
19599_1_GOLD_SPIKE,3137,Solar,S,Solar,0.0,1.3,0,0,1.3,0,0,0,0.0,0.0,0.0,0.0,0.0,0.0,0.01
19599_2_GOLD_SPIKE,3137,Solar,S,Solar,0.0,0.8,0,0,1.0,0,0,0,0.0,0.0,0.0,0.0,0.0,0.0,0.01
19599_GOLD_SPIKE,3137,Solar,S,Solar,0.0,1.9,0,0,1.9,0,0,0,0.0,0.0,0.0,0.0,0.0,0.0,0.01
GOLINDA_UNIT1,615,Solar,S,Solar,0.0,101.1,0,0,101.1,0,0,0,0.0,0.0,0.0,0.0,0.0,0.0,0.01
GRAN_SLR_UNIT1,1492,Solar,S,Solar,0.0,50.2,0,0,50.2,0,0,0,0.0,0.0,0.0,0.0,0.0,0.0,0.01
GREASWOD_UNIT1,3765,Solar,S,Solar,0.0,126.3,0,0,126.3,0,0,0,0.0,0.0,0.0,0.0,0.0,0.0,0.01
GREASWOD_UNIT2,3765,Solar,S,Solar,0.0,132.2,0,0,132.2,0,0,0,0.0,0.0,0.0,0.0,0.0,0.0,0.01
GRIFFIN_GRIFFIN,2655,Solar,S,Solar,0.0,5.0,0,0,5.0,0,0,0,0.0,0.0,0.0,0.0,0.0,0.0,0.01
GRIZZLY_SOLAR1,3189,Solar,S,Solar,0.0,101.7,0,0,101.7,0,0,0,0.0,0.0,0.0,0.0,0.0,0.0,0.01
HALO_SLR_UNIT1,1492,Solar,S,Solar,0.0,251.2,0,0,251.2,0,0,0,0.0,0.0,0.0,0.0,0.0,0.0,0.01
HWY56_HWY56,3281,Solar,S,Solar,0.0,5.3,0,0,5.3,0,0,0,0.0,0.0,0.0,0.0,0.0,0.0,0.01
SEALY_1UNIT,2741,Solar,S,Solar,0.0,1.6,0,0,1.6,0,0,0,0.0,0.0,0.0,0.0,0.0,0.0,0.01
HOL_UNIT1,2739,Solar,S,Solar,0.0,178.9,0,0,178.9,0,0,0,0.0,0.0,0.0,0.0,0.0,0.0,0.01
HOL_UNIT2,2739,Solar,S,Solar,0.0,186.1,0,0,186.1,0,0,0,0.0,0.0,0.0,0.0,0.0,0.0,0.01
HOLSTEIN_SOLAR1,3679,Solar,S,Solar,0.0,102.2,0,0,102.2,0,0,0,0.0,0.0,0.0,0.0,0.0,0.0,0.01
HOLSTEIN_SOLAR2,3679,Solar,S,Solar,0.0,102.3,0,0,102.3,0,0,0,0.0,0.0,0.0,0.0,0.0,0.0,0.01
HOPKNSLR_UNIT1,3426,Solar,S,Solar,0.0,175.4,0,0,175.4,0,0,0,0.0,0.0,0.0,0.0,0.0,0.0,0.01
HOPKNSLR_UNIT2,3426,Solar,S,Solar,0.0,76.2,0,0,76.2,0,0,0,0.0,0.0,0.0,0.0,0.0,0.0,0.01
HRZN_SLR_UNIT1,3436,Solar,S,Solar,0.0,203.5,0,0,203.5,0,0,0,0.0,0.0,0.0,0.0,0.0,0.0,0.01
HRNT_SLR_UNIT1,1238,Solar,S,Solar,0.0,200.7,0,0,200.7,0,0,0,0.0,0.0,0.0,0.0,0.0,0.0,0.01
HRNT_SLR_UNIT2,1238,Solar,S,Solar,0.0,200.5,0,0,200.5,0,0,0,0.0,0.0,0.0,0.0,0.0,0.0,0.01
HRNT_SLR_UNIT3,1238,Solar,S,Solar,0.0,201.2,0,0,201.2,0,0,0,0.0,0.0,0.0,0.0,0.0,0.0,0.01
IMPACT_UNIT1,3678,Solar,S,Solar,0.0,198.5,0,0,198.5,0,0,0,0.0,0.0,0.0,0.0,0.0,0.0,0.01
JADE_SLR_UNIT1,2933,Solar,S,Solar,0.0,158.8,0,0,158.8,0,0,0,0.0,0.0,0.0,0.0,0.0,0.0,0.01
JADE_SLR_UNIT2,2933,Solar,S,Solar,0.0,162.4,0,0,162.4,0,0,0,0.0,0.0,0.0,0.0,0.0,0.0,0.01
JUNG_SLR_UNIT1,1492,Solar,S,Solar,0.0,40.2,0,0,40.2,0,0,0,0.0,0.0,0.0,0.0,0.0,0.0,0.01
JUNO_UNIT1,3677,Solar,S,Solar,0.0,162.1,0,0,162.1,0,0,0,0.0,0.0,0.0,0.0,0.0,0.0,0.01
JUNO_UNIT2,3677,Solar,S,Solar,0.0,143.5,0,0,143.5,0,0,0,0.0,0.0,0.0,0.0,0.0,0.0,0.01
KELAM_SL_UNIT1,3265,Solar,S,Solar,0.0,59.8,0,0,59.8,0,0,0,0.0,0.0,0.0,0.0,0.0,0.0,0.01
LAMPWICK_LAMPWICK,2331,Solar,S,Solar,0.0,7.5,0,0,7.5,0,0,0,0.0,0.0,0.0,0.0,0.0,0.0,0.01
LAMPASAS_HIGHWAY183,1302,Solar,S,Solar,0.0,7.5,0,0,7.5,0,0,0,0.0,0.0,0.0,0.0,0.0,0.0,0.01
LAPETUS_UNIT_1,3676,Solar,S,Solar,0.0,100.7,0,0,100.7,0,0,0,0.0,0.0,0.0,0.0,0.0,0.0,0.01
LEON_LEON,2914,Solar,S,Solar,0.0,10.0,0,0,10.0,0,0,0,0.0,0.0,0.0,0.0,0.0,0.0,0.01
LILY_SOLAR1,3626,Solar,S,Solar,0.0,147.6,0,0,147.6,0,0,0,0.0,0.0,0.0,0.0,0.0,0.0,0.01
LGDRAW_S_UNIT1_1,3677,Solar,S,Solar,0.0,98.5,0,0,98.5,0,0,0,0.0,0.0,0.0,0.0,0.0,0.0,0.01
LGDRAW_S_UNIT1_2,3677,Solar,S,Solar,0.0,128.3,0,0,128.3,0,0,0,0.0,0.0,0.0,0.0,0.0,0.0,0.01
LON_SOLAR1,3421,Solar,S,Solar,0.0,78.2,0,0,78.2,0,0,0,0.0,0.0,0.0,0.0,0.0,0.0,0.01
MALAKOFF,3265,Solar,S,Solar,0.0,5.0,0,0,5.0,0,0,0,0.0,0.0,0.0,0.0,0.0,0.0,0.01
MAND_SLR_UNIT1,1492,Solar,S,Solar,0.0,251.5,0,0,251.5,0,0,0,0.0,0.0,0.0,0.0,0.0,0.0,0.01
MRKM_SLR_PV1,2655,Solar,S,Solar,0.0,161.5,0,0,161.5,0,0,0,0.0,0.0,0.0,0.0,0.0,0.0,0.01
MARLIN_MARLIN,615,Solar,S,Solar,0.0,5.3,0,0,5.3,0,0,0,0.0,0.0,0.0,0.0,0.0,0.0,0.01
MARS_MARS,3157,Solar,S,Solar,0.0,10.0,0,0,10.0,0,0,0,0.0,0.0,0.0,0.0,0.0,0.0,0.01
MCLNSLR_UNIT1,1574,Solar,S,Solar,0.0,207.4,0,0,207.4,0,0,0,0.0,0.0,0.0,0.0,0.0,0.0,0.01
MERCURY_PV1,3392,Solar,S,Solar,0.0,203.5,0,0,203.5,0,0,0,0.0,0.0,0.0,0.0,0.0,0.0,0.01
MERCURY_PV2,3392,Solar,S,Solar,0.0,203.5,0,0,203.5,0,0,0,0.0,0.0,0.0,0.0,0.0,0.0,0.01
MEXIA_MEXIA,1324,Solar,S,Solar,0.0,4.0,0,0,4.0,0,0,0,0.0,0.0,0.0,0.0,0.0,0.0,0.01
MEXIA1_MEXIA1,615,Solar,S,Solar,0.0,4.0,0,0,4.0,0,0,0,0.0,0.0,0.0,0.0,0.0,0.0,0.01
MEXIA2_MEXIA2,615,Solar,S,Solar,0.0,4.0,0,0,4.0,0,0,0,0.0,0.0,0.0,0.0,0.0,0.0,0.01
MISAE_UNIT1,3440,Solar,S,Solar,0.0,121.4,0,0,121.4,0,0,0,0.0,0.0,0.0,0.0,0.0,0.0,0.01
MISAE_UNIT2,3440,Solar,S,Solar,0.0,118.6,0,0,118.6,0,0,0,0.0,0.0,0.0,0.0,0.0,0.0,0.01
MLKF1_MALAKOFF1,3265,Solar,S,Solar,0.0,5.0,0,0,5.0,0,0,0,0.0,0.0,0.0,0.0,0.0,0.0,0.01
MLKF2_MALAKOFF2,3265,Solar,S,Solar,0.0,5.0,0,0,5.0,0,0,0,0.0,0.0,0.0,0.0,0.0,0.0,0.01
MROW_SLR_SOLAR1,3436,Solar,S,Solar,0.0,202.2,0,0,202.2,0,0,0,0.0,0.0,0.0,0.0,0.0,0.0,0.01
MUSTNGCK_SOLAR1,3,Solar,S,Solar,0.0,61.0,0,0,61.0,0,0,0,0.0,0.0,0.0,0.0,0.0,0.0,0.01
MUSTNGCK_SOLAR2,3,Solar,S,Solar,0.0,91.3,0,0,91.3,0,0,0,0.0,0.0,0.0,0.0,0.0,0.0,0.01
NEBULA_UNIT1,539,Solar,S,Solar,0.0,137.5,0,0,137.5,0,0,0,0.0,0.0,0.0,0.0,0.0,0.0,0.01
NOBLESLR_SOLAR1,3550,Solar,S,Solar,0.0,148.8,0,0,148.8,0,0,0,0.0,0.0,0.0,0.0,0.0,0.0,0.01
NOBLESLR_SOLAR2,3550,Solar,S,Solar,0.0,130.2,0,0,130.2,0,0,0,0.0,0.0,0.0,0.0,0.0,0.0,0.01
NGNSVL_NGAINESV,3564,Solar,S,Solar,0.0,5.2,0,0,5.2,0,0,0,0.0,0.0,0.0,0.0,0.0,0.0,0.01
OBERON_UNIT_1,3680,Solar,S,Solar,0.0,180.0,0,0,180.0,0,0,0,0.0,0.0,0.0,0.0,0.0,0.0,0.01
OCI_ALM1_UNIT1,2159,Solar,S,Solar,0.0,39.2,0,0,39.2,0,0,0,0.0,0.0,0.0,0.0,0.0,0.0,0.01
STHWG_UNIT1,2218,Solar,S,Solar,0.0,4.4,0,0,4.4,0,0,0,0.0,0.0,0.0,0.0,0.0,0.0,0.01
WALZM_UNIT1,2218,Solar,S,Solar,0.0,5.5,0,0,5.5,0,0,0,0.0,0.0,0.0,0.0,0.0,0.0,0.01
ECLIPSE_UNIT1,1788,Solar,S,Solar,0.0,37.6,0,0,37.6,0,0,0,0.0,0.0,0.0,0.0,0.0,0.0,0.01
HELIOS_UNIT1,1367,Solar,S,Solar,0.0,100.0,0,0,100.0,0,0,0,0.0,0.0,0.0,0.0,0.0,0.0,0.01
SIRIUS_UNIT1,965,Solar,S,Solar,0.0,110.2,0,0,110.2,0,0,0,0.0,0.0,0.0,0.0,0.0,0.0,0.01
SOLARA_UNIT1,983,Solar,S,Solar,0.0,112.0,0,0,112.0,0,0,0,0.0,0.0,0.0,0.0,0.0,0.0,0.01
OGS_SLR_UNIT1,1111,Solar,S,Solar,0.0,130.6,0,0,130.6,0,0,0,0.0,0.0,0.0,0.0,0.0,0.0,0.01
OUTP_SLR_UNIT1,3157,Solar,S,Solar,0.0,258.0,0,0,258.0,0,0,0,0.0,0.0,0.0,0.0,0.0,0.0,0.01
OUTP_SLR_UNIT2,3157,Solar,S,Solar,0.0,259.1,0,0,259.1,0,0,0,0.0,0.0,0.0,0.0,0.0,0.0,0.01
PAR_UNIT1,2741,Solar,S,Solar,0.0,243.2,0,0,243.2,0,0,0,0.0,0.0,0.0,0.0,0.0,0.0,0.01
PAR_UNIT2,2741,Solar,S,Solar,0.0,240.2,0,0,240.2,0,0,0,0.0,0.0,0.0,0.0,0.0,0.0,0.01
PEGASUS_PEGASUS,205,Solar,S,Solar,0.0,10.0,0,0,10.0,0,0,0,0.0,0.0,0.0,0.0,0.0,0.0,0.01
PERE_SLR_UNIT1,2833,Solar,S,Solar,0.0,152.8,0,0,152.8,0,0,0,0.0,0.0,0.0,0.0,0.0,0.0,0.01
PERE_SLR_UNIT2,2833,Solar,S,Solar,0.0,148.3,0,0,148.3,0,0,0,0.0,0.0,0.0,0.0,0.0,0.0,0.01
PHOEBE_UNIT1,3709,Solar,S,Solar,0.0,125.1,0,0,125.1,0,0,0,0.0,0.0,0.0,0.0,0.0,0.0,0.01
PHOEBE_UNIT2,3709,Solar,S,Solar,0.0,128.1,0,0,128.1,0,0,0,0.0,0.0,0.0,0.0,0.0,0.0,0.01
PHOENIX_UNIT1,3645,Solar,S,Solar,0.0,83.9,0,0,83.9,0,0,0,0.0,0.0,0.0,0.0,0.0,0.0,0.01
PISGAH_SOLAR1,3419,Solar,S,Solar,0.0,189.4,0,0,189.4,0,0,0,0.0,0.0,0.0,0.0,0.0,0.0,0.01
PISGAH_SOLAR2,3419,Solar,S,Solar,0.0,64.4,0,0,64.4,0,0,0,0.0,0.0,0.0,0.0,0.0,0.0,0.01
PITTSDDK_UNIT1,2930,Solar,S,Solar,0.0,49.6,0,0,49.6,0,0,0,0.0,0.0,0.0,0.0,0.0,0.0,0.01
PLN_UNIT1,2739,Solar,S,Solar,0.0,270.0,0,0,270.0,0,0,0,0.0,0.0,0.0,0.0,0.0,0.0,0.01
PLN_UNIT2,2739,Solar,S,Solar,0.0,270.0,0,0,270.0,0,0,0,0.0,0.0,0.0,0.0,0.0,0.0,0.01
PORT_SLR_UNIT1,3550,Solar,S,Solar,0.0,245.8,0,0,245.8,0,0,0,0.0,0.0,0.0,0.0,0.0,0.0,0.01
PFK_PFKPV,2256,Solar,S,Solar,0.0,2.6,0,0,2.6,0,0,0,0.0,0.0,0.0,0.0,0.0,0.0,0.01
PROSPERO_UNIT1,3681,Solar,S,Solar,0.0,153.6,0,0,153.6,0,0,0,0.0,0.0,0.0,0.0,0.0,0.0,0.01
PROSPERO_UNIT2,3681,Solar,S,Solar,0.0,150.0,0,0,150.0,0,0,0,0.0,0.0,0.0,0.0,0.0,0.0,0.01
PRSPERO2_UNIT1,3681,Solar,S,Solar,0.0,126.5,0,0,126.5,0,0,0,0.0,0.0,0.0,0.0,0.0,0.0,0.01
PRSPERO2_UNIT2,3681,Solar,S,Solar,0.0,126.4,0,0,126.4,0,0,0,0.0,0.0,0.0,0.0,0.0,0.0,0.01
QUEEN_SL_SOLAR1,205,Solar,S,Solar,0.0,102.5,0,0,102.5,0,0,0,0.0,0.0,0.0,0.0,0.0,0.0,0.01
QUEEN_SL_SOLAR2,205,Solar,S,Solar,0.0,102.5,0,0,102.5,0,0,0,0.0,0.0,0.0,0.0,0.0,0.0,0.01
QUEEN_SL_SOLAR3,205,Solar,S,Solar,0.0,97.5,0,0,97.5,0,0,0,0.0,0.0,0.0,0.0,0.0,0.0,0.01
QUEEN_SL_SOLAR4,205,Solar,S,Solar,0.0,107.5,0,0,107.5,0,0,0,0.0,0.0,0.0,0.0,0.0,0.0,0.01
RADN_SLR_UNIT1,1862,Solar,S,Solar,0.0,161.4,0,0,161.4,0,0,0,0.0,0.0,0.0,0.0,0.0,0.0,0.01
RADN_SLR_UNIT2,1862,Solar,S,Solar,0.0,166.0,0,0,166.0,0,0,0,0.0,0.0,0.0,0.0,0.0,0.0,0.01
RAMBLER_UNIT1,3706,Solar,S,Solar,0.0,211.2,0,0,211.2,0,0,0,0.0,0.0,0.0,0.0,0.0,0.0,0.01
RATLIFF_SOLAR1,3706,Solar,S,Solar,0.0,162.4,0,0,162.4,0,0,0,0.0,0.0,0.0,0.0,0.0,0.0,0.01
REROCK_UNIT1,876,Solar,S,Solar,0.0,78.8,0,0,78.8,0,0,0,0.0,0.0,0.0,0.0,0.0,0.0,0.01
REROCK_UNIT2,876,Solar,S,Solar,0.0,78.8,0,0,78.8,0,0,0,0.0,0.0,0.0,0.0,0.0,0.0,0.01
REDBARN_UNIT_1,823,Solar,S,Solar,0.0,222.0,0,0,222.0,0,0,0,0.0,0.0,0.0,0.0,0.0,0.0,0.01
REDBARN_UNIT_2,823,Solar,S,Solar,0.0,28.0,0,0,28.0,0,0,0,0.0,0.0,0.0,0.0,0.0,0.0,0.01
COSERVSS_CSS1,3550,Solar,S,Solar,0.0,2.0,0,0,2.0,0,0,0,0.0,0.0,0.0,0.0,0.0,0.0,0.01
DP24X001_RETAMADG,1574,Solar,S,Solar,0.0,1.8,0,0,1.8,0,0,0,0.0,0.0,0.0,0.0,0.0,0.0,0.01
RIGGINS_UNIT1,207,Solar,S,Solar,0.0,155.4,0,0,155.4,0,0,0,0.0,0.0,0.0,0.0,0.0,0.0,0.01
RIPPEY_UNIT1,3564,Solar,S,Solar,0.0,59.8,0,0,59.8,0,0,0,0.0,0.0,0.0,0.0,0.0,0.0,0.01
ROW_UNIT1,3014,Solar,S,Solar,0.0,101.7,0,0,101.7,0,0,0,0.0,0.0,0.0,0.0,0.0,0.0,0.01
ROW_UNIT2,3014,Solar,S,Solar,0.0,200.7,0,0,200.7,0,0,0,0.0,0.0,0.0,0.0,0.0,0.0,0.01
SIG_SLR_UNIT1,2914,Solar,S,Solar,0.0,51.6,0,0,51.6,0,0,0,0.0,0.0,0.0,0.0,0.0,0.0,0.01
LASSO_UNIT1,815,Solar,S,Solar,0.0,50.0,0,0,50.0,0,0,0,0.0,0.0,0.0,0.0,0.0,0.0,0.01
SPARTA_UNIT1,1111,Solar,S,Solar,0.0,147.5,0,0,147.5,0,0,0,0.0,0.0,0.0,0.0,0.0,0.0,0.01
SPARTA_UNIT2,1111,Solar,S,Solar,0.0,104.9,0,0,104.9,0,0,0,0.0,0.0,0.0,0.0,0.0,0.0,0.01
SPTX12B_UNIT1,205,Solar,S,Solar,0.0,157.5,0,0,157.5,0,0,0,0.0,0.0,0.0,0.0,0.0,0.0,0.01
STAM_SLR_SOLAR1,3426,Solar,S,Solar,0.0,77.8,0,0,77.8,0,0,0,0.0,0.0,0.0,0.0,0.0,0.0,0.01
STAM_SLR_SOLAR2,3426,Solar,S,Solar,0.0,178.6,0,0,178.6,0,0,0,0.0,0.0,0.0,0.0,0.0,0.0,0.01
STRLING_STRLING,2914,Solar,S,Solar,0.0,10.0,0,0,10.0,0,0,0,0.0,0.0,0.0,0.0,0.0,0.0,0.01
STLHS_SL_PV1,1492,Solar,S,Solar,0.0,210.8,0,0,210.8,0,0,0,0.0,0.0,0.0,0.0,0.0,0.0,0.01
STRATEGC_UNIT1,3244,Solar,S,Solar,0.0,135.0,0,0,135.0,0,0,0,0.0,0.0,0.0,0.0,0.0,0.0,0.01
SUNVASLR_UNIT1,2540,Solar,S,Solar,0.0,165.8,0,0,165.8,0,0,0,0.0,0.0,0.0,0.0,0.0,0.0,0.01
SUNVASLR_UNIT2,2540,Solar,S,Solar,0.0,86.2,0,0,86.2,0,0,0,0.0,0.0,0.0,0.0,0.0,0.0,0.01
SOME1_1UNIT,2218,Solar,S,Solar,0.0,5.6,0,0,5.6,0,0,0,0.0,0.0,0.0,0.0,0.0,0.0,0.01
VALL1_1UNIT,2218,Solar,S,Solar,0.0,9.9,0,0,9.9,0,0,0,0.0,0.0,0.0,0.0,0.0,0.0,0.01
SOME2_1UNIT,2218,Solar,S,Solar,0.0,5.0,0,0,5.0,0,0,0,0.0,0.0,0.0,0.0,0.0,0.0,0.01
VALL2_1UNIT,2218,Solar,S,Solar,0.0,9.9,0,0,9.9,0,0,0,0.0,0.0,0.0,0.0,0.0,0.0,0.01
SUN_SLR_UNIT_1,1795,Solar,S,Solar,0.0,203.5,0,0,203.5,0,0,0,0.0,0.0,0.0,0.0,0.0,0.0,0.01
TALCOWST_TALCO,3426,Solar,S,Solar,0.0,7.5,0,0,7.5,0,0,0,0.0,0.0,0.0,0.0,0.0,0.0,0.01
TAYGETE_UNIT1,3634,Solar,S,Solar,0.0,125.9,0,0,125.9,0,0,0,0.0,0.0,0.0,0.0,0.0,0.0,0.01
TAYGETE_UNIT2,3634,Solar,S,Solar,0.0,128.9,0,0,128.9,0,0,0,0.0,0.0,0.0,0.0,0.0,0.0,0.01
TAYGETE2_UNIT1,823,Solar,S,Solar,0.0,101.9,0,0,101.9,0,0,0,0.0,0.0,0.0,0.0,0.0,0.0,0.01
TAYGETE2_UNIT2,823,Solar,S,Solar,0.0,101.9,0,0,101.9,0,0,0,0.0,0.0,0.0,0.0,0.0,0.0,0.01
NOVA1SLR_UNIT1,2933,Solar,S,Solar,0.0,126.8,0,0,126.8,0,0,0,0.0,0.0,0.0,0.0,0.0,0.0,0.01
NOVA1SLR_UNIT2,2933,Solar,S,Solar,0.0,126.7,0,0,126.7,0,0,0,0.0,0.0,0.0,0.0,0.0,0.0,0.01
NOVA2SLR_UNIT1,2933,Solar,S,Solar,0.0,202.4,0,0,202.4,0,0,0,0.0,0.0,0.0,0.0,0.0,0.0,0.01
TRBT_SLR_PV1,823,Solar,S,Solar,0.0,150.0,0,0,150.0,0,0,0,0.0,0.0,0.0,0.0,0.0,0.0,0.01
TRBT_SLR_PV2,823,Solar,S,Solar,0.0,156.9,0,0,156.9,0,0,0,0.0,0.0,0.0,0.0,0.0,0.0,0.01
TI_SOLAR_UNIT1,3402,Solar,S,Solar,0.0,136.8,0,0,136.8,0,0,0,0.0,0.0,0.0,0.0,0.0,0.0,0.01
TI_SOLAR_UNIT2,3402,Solar,S,Solar,0.0,131.1,0,0,131.1,0,0,0,0.0,0.0,0.0,0.0,0.0,0.0,0.01
ERATH_ERATH21,704,Solar,S,Solar,0.0,10.0,0,0,10.0,0,0,0,0.0,0.0,0.0,0.0,0.0,0.0,0.01
TRN_TRINITYBAY,2897,Solar,S,Solar,0.0,1.5,0,0,1.5,0,0,0,0.0,0.0,0.0,0.0,0.0,0.0,0.01
TNS_SLR_UNIT1,615,Solar,S,Solar,0.0,119.4,0,0,119.4,0,0,0,0.0,0.0,0.0,0.0,0.0,0.0,0.01
TNS_SLR_UNIT2,615,Solar,S,Solar,0.0,119.5,0,0,119.5,0,0,0,0.0,0.0,0.0,0.0,0.0,0.0,0.01
TYSN_SLR_UNIT1,3603,Solar,S,Solar,0.0,90.5,0,0,90.5,0,0,0,0.0,0.0,0.0,0.0,0.0,0.0,0.01
VANCOURT_UNIT1,539,Solar,S,Solar,0.0,45.7,0,0,45.7,0,0,0,0.0,0.0,0.0,0.0,0.0,0.0,0.01
VISION_UNIT1,3627,Solar,S,Solar,0.0,129.2,0,0,129.2,0,0,0,0.0,0.0,0.0,0.0,0.0,0.0,0.01
WGU_UNIT1,3675,Solar,S,Solar,0.0,120.0,0,0,120.0,0,0,0,0.0,0.0,0.0,0.0,0.0,0.0,0.01
WLNTSPRG_1UNIT,702,Solar,S,Solar,0.0,10.0,0,0,10.0,0,0,0,0.0,0.0,0.0,0.0,0.0,0.0,0.01
WAYMARK_UNIT1,205,Solar,S,Solar,0.0,182.0,0,0,182.0,0,0,0,0.0,0.0,0.0,0.0,0.0,0.0,0.01
WEBBER_S_WSP1,1273,Solar,S,Solar,0.0,26.7,0,0,26.7,0,0,0,0.0,0.0,0.0,0.0,0.0,0.0,0.01
WMOOREII_WMOOREII,3281,Solar,S,Solar,0.0,5.0,0,0,5.0,0,0,0,0.0,0.0,0.0,0.0,0.0,0.0,0.01
W_PECOS_UNIT1,3723,Solar,S,Solar,0.0,100.0,0,0,100.0,0,0,0,0.0,0.0,0.0,0.0,0.0,0.0,0.01
WES_UNIT1,3421,Solar,S,Solar,0.0,101.6,0,0,101.6,0,0,0,0.0,0.0,0.0,0.0,0.0,0.0,0.01
WES_UNIT2,3421,Solar,S,Solar,0.0,101.6,0,0,101.6,0,0,0,0.0,0.0,0.0,0.0,0.0,0.0,0.01
WBORO_WHTSBORO,3281,Solar,S,Solar,0.0,5.0,0,0,5.0,0,0,0,0.0,0.0,0.0,0.0,0.0,0.0,0.01
WBOROII_WHBOROII,3281,Solar,S,Solar,0.0,5.0,0,0,5.0,0,0,0,0.0,0.0,0.0,0.0,0.0,0.0,0.01
WHTRT_WHTRGHT,3645,Solar,S,Solar,0.0,10.0,0,0,10.0,0,0,0,0.0,0.0,0.0,0.0,0.0,0.0,0.01
ADL_SOLAR1,3014,Solar,S,Solar,0.0,60.1,0,0,60.1,0,0,0,0.0,0.0,0.0,0.0,0.0,0.0,0.01
YLWJACKET_YLWJACKET,702,Solar,S,Solar,0.0,5.0,0,0,5.0,0,0,0,0.0,0.0,0.0,0.0,0.0,0.0,0.01
ZIER_SLR_PV1,50,Solar,S,Solar,0.0,161.3,0,0,161.3,0,0,0,0.0,0.0,0.0,0.0,0.0,0.0,0.01
ANSON2_UNIT1,373,Solar,S,Solar,0.0,200.9,0,0,200.9,0,0,0,0.0,0.0,0.0,0.0,0.0,0.0,0.01
AZSP_SLR_SOLAR1,116,Solar,S,Solar,0.0,181.0,0,0,181.0,0,0,0,0.0,0.0,0.0,0.0,0.0,0.0,0.01
BAKE_SLR_UNIT1,3603,Solar,S,Solar,0.0,234.8,0,0,234.8,0,0,0,0.0,0.0,0.0,0.0,0.0,0.0,0.01
BAKE_SLR_UNIT2,3603,Solar,S,Solar,0.0,234.6,0,0,234.6,0,0,0,0.0,0.0,0.0,0.0,0.0,0.0,0.01
BART_SLR_SOLAR1,3265,Solar,S,Solar,0.0,125.8,0,0,125.8,0,0,0,0.0,0.0,0.0,0.0,0.0,0.0,0.01
BIG_STAR_UNIT1,1273,Solar,S,Solar,0.0,132.3,0,0,132.3,0,0,0,0.0,0.0,0.0,0.0,0.0,0.0,0.01
BIG_STAR_UNIT2,1273,Solar,S,Solar,0.0,70.8,0,0,70.8,0,0,0,0.0,0.0,0.0,0.0,0.0,0.0,0.01
BLVN_SLR_SOLAR2,615,Solar,S,Solar,0.0,132.0,0,0,132.0,0,0,0,0.0,0.0,0.0,0.0,0.0,0.0,0.01
BLVN_SLR_SOLAR3,615,Solar,S,Solar,0.0,139.7,0,0,139.7,0,0,0,0.0,0.0,0.0,0.0,0.0,0.0,0.01
BLUEJAY_UNIT1,3418,Solar,S,Solar,0.0,69.0,0,0,69.0,0,0,0,0.0,0.0,0.0,0.0,0.0,0.0,0.01
BLUEJAY_UNIT2,3418,Solar,S,Solar,0.0,141.0,0,0,141.0,0,0,0,0.0,0.0,0.0,0.0,0.0,0.0,0.01
BCK_UNIT1,3014,Solar,S,Solar,0.0,217.5,0,0,217.5,0,0,0,0.0,0.0,0.0,0.0,0.0,0.0,0.01
BCK_UNIT2,3014,Solar,S,Solar,0.0,221.3,0,0,221.3,0,0,0,0.0,0.0,0.0,0.0,0.0,0.0,0.01
BUZI_SLR_UNIT1,3440,Solar,S,Solar,0.0,6.3,0,0,6.3,0,0,0,0.0,0.0,0.0,0.0,0.0,0.0,0.01
BUZI_SLR_UNIT2,3440,Solar,S,Solar,0.0,119.6,0,0,119.6,0,0,0,0.0,0.0,0.0,0.0,0.0,0.0,0.01
BUZI_SLR_UNIT3,3440,Solar,S,Solar,0.0,107.2,0,0,107.2,0,0,0,0.0,0.0,0.0,0.0,0.0,0.0,0.01
BUZI_SLR_UNIT4,3440,Solar,S,Solar,0.0,18.6,0,0,18.6,0,0,0,0.0,0.0,0.0,0.0,0.0,0.0,0.01
CHIL_SLR_SOLAR1,2426,Solar,S,Solar,0.0,174.3,0,0,174.3,0,0,0,0.0,0.0,0.0,0.0,0.0,0.0,0.01
CHIL_SLR_SOLAR2,2426,Solar,S,Solar,0.0,178.1,0,0,178.1,0,0,0,0.0,0.0,0.0,0.0,0.0,0.0,0.01
CMPD_SLR_SOLAR1,3392,Solar,S,Solar,0.0,195.2,0,0,195.2,0,0,0,0.0,0.0,0.0,0.0,0.0,0.0,0.01
CMPD_SLR_SOLAR2,3392,Solar,S,Solar,0.0,211.4,0,0,211.4,0,0,0,0.0,0.0,0.0,0.0,0.0,0.0,0.01
CTW_SOLAR1,3421,Solar,S,Solar,0.0,175.7,0,0,175.7,0,0,0,0.0,0.0,0.0,0.0,0.0,0.0,0.01
CTW_SOLAR2,3421,Solar,S,Solar,0.0,175.7,0,0,175.7,0,0,0,0.0,0.0,0.0,0.0,0.0,0.0,0.01
DMA_SOLAR1,3421,Solar,S,Solar,0.0,100.2,0,0,100.2,0,0,0,0.0,0.0,0.0,0.0,0.0,0.0,0.01
DAN_UNIT1,2739,Solar,S,Solar,0.0,301.3,0,0,301.3,0,0,0,0.0,0.0,0.0,0.0,0.0,0.0,0.01
DAN_UNIT2,2739,Solar,S,Solar,0.0,151.0,0,0,151.0,0,0,0,0.0,0.0,0.0,0.0,0.0,0.0,0.01
DAN_UNIT3,2739,Solar,S,Solar,0.0,150.5,0,0,150.5,0,0,0,0.0,0.0,0.0,0.0,0.0,0.0,0.01
DELILA_1_G1,3603,Solar,S,Solar,0.0,153.5,0,0,153.5,0,0,0,0.0,0.0,0.0,0.0,0.0,0.0,0.01
DELILA_1_G2,3603,Solar,S,Solar,0.0,153.5,0,0,153.5,0,0,0,0.0,0.0,0.0,0.0,0.0,0.0,0.01
DELILA_2_G1,3602,Solar,S,Solar,0.0,107.1,0,0,107.1,0,0,0,0.0,0.0,0.0,0.0,0.0,0.0,0.01
DELILA_2_G2,3602,Solar,S,Solar,0.0,103.4,0,0,103.4,0,0,0,0.0,0.0,0.0,0.0,0.0,0.0,0.01
DELILA_2_G3,3602,Solar,S,Solar,0.0,107.1,0,0,107.1,0,0,0,0.0,0.0,0.0,0.0,0.0,0.0,0.01
DIVR_SLR_SOLAR1,615,Solar,S,Solar,0.0,71.0,0,0,71.0,0,0,0,0.0,0.0,0.0,0.0,0.0,0.0,0.01
DIVR_SLR_SOLAR2,615,Solar,S,Solar,0.0,155.2,0,0,155.2,0,0,0,0.0,0.0,0.0,0.0,0.0,0.0,0.01
DORA_SLR_SOLAR1,3621,Solar,S,Solar,0.0,198.7,0,0,198.7,0,0,0,0.0,0.0,0.0,0.0,0.0,0.0,0.01
DORA_SLR_SOLAR2,3621,Solar,S,Solar,0.0,202.7,0,0,202.7,0,0,0,0.0,0.0,0.0,0.0,0.0,0.0,0.01
DRCK_SLR_SOLAR1,3265,Solar,S,Solar,0.0,200.1,0,0,200.1,0,0,0,0.0,0.0,0.0,0.0,0.0,0.0,0.01
EBELLSLR_UNIT1,1492,Solar,S,Solar,0.0,244.9,0,0,244.9,0,0,0,0.0,0.0,0.0,0.0,0.0,0.0,0.01
EBELLSL2_UNIT1,1492,Solar,S,Solar,0.0,150.6,0,0,150.6,0,0,0,0.0,0.0,0.0,0.0,0.0,0.0,0.01
ELZA_SLR_SOLAR1,3626,Solar,S,Solar,0.0,151.7,0,0,151.7,0,0,0,0.0,0.0,0.0,0.0,0.0,0.0,0.01
FAGUSSLR_UNIT2,3440,Solar,S,Solar,0.0,166.4,0,0,166.4,0,0,0,0.0,0.0,0.0,0.0,0.0,0.0,0.01
FAGUSSLR_UNIT3,3440,Solar,S,Solar,0.0,166.6,0,0,166.6,0,0,0,0.0,0.0,0.0,0.0,0.0,0.0,0.01
JAY_UNIT1,3531,Solar,S,Solar,0.0,119.6,0,0,119.6,0,0,0,0.0,0.0,0.0,0.0,0.0,0.0,0.01
JAY_UNIT2,3531,Solar,S,Solar,0.0,160.5,0,0,160.5,0,0,0,0.0,0.0,0.0,0.0,0.0,0.0,0.01
GRYH_SLR_SOLAR5,1362,Solar,S,Solar,0.0,28.1,0,0,28.1,0,0,0,0.0,0.0,0.0,0.0,0.0,0.0,0.01
GRYH_SLR_SOLAR6,1362,Solar,S,Solar,0.0,28.1,0,0,28.1,0,0,0,0.0,0.0,0.0,0.0,0.0,0.0,0.01
GRYH_SLR_SOLAR7,1362,Solar,S,Solar,0.0,94.6,0,0,94.6,0,0,0,0.0,0.0,0.0,0.0,0.0,0.0,0.01
GRYH_SLR_SOLAR8,1362,Solar,S,Solar,0.0,101.6,0,0,101.6,0,0,0,0.0,0.0,0.0,0.0,0.0,0.0,0.01
GRIM_SLR_UNIT1,2741,Solar,S,Solar,0.0,104.5,0,0,104.5,0,0,0,0.0,0.0,0.0,0.0,0.0,0.0,0.01
GRIM_SLR_UNIT2,2741,Solar,S,Solar,0.0,79.9,0,0,79.9,0,0,0,0.0,0.0,0.0,0.0,0.0,0.0,0.01
GRIM_SLR_UNIT3,2741,Solar,S,Solar,0.0,26.9,0,0,26.9,0,0,0,0.0,0.0,0.0,0.0,0.0,0.0,0.01
HKSN_SLR_UNIT1,702,Solar,S,Solar,0.0,149.7,0,0,149.7,0,0,0,0.0,0.0,0.0,0.0,0.0,0.0,0.01
HKSN_SLR_UNIT2,702,Solar,S,Solar,0.0,3.9,0,0,3.9,0,0,0,0.0,0.0,0.0,0.0,0.0,0.0,0.01
HKSN_SLR_UNIT3,702,Solar,S,Solar,0.0,157.5,0,0,157.5,0,0,0,0.0,0.0,0.0,0.0,0.0,0.0,0.01
LMWD_SLR_SOLAR1,1492,Solar,S,Solar,0.0,204.6,0,0,204.6,0,0,0,0.0,0.0,0.0,0.0,0.0,0.0,0.01
LNP_SOLAR1,3421,Solar,S,Solar,0.0,120.7,0,0,120.7,0,0,0,0.0,0.0,0.0,0.0,0.0,0.0,0.01
MIDP_SLR_SOLAR1,3392,Solar,S,Solar,0.0,98.3,0,0,98.3,0,0,0,0.0,0.0,0.0,0.0,0.0,0.0,0.01
MLB_SLR_SOLAR1,368,Solar,S,Solar,0.0,201.5,0,0,201.5,0,0,0,0.0,0.0,0.0,0.0,0.0,0.0,0.01
MYR_UNIT1,3421,Solar,S,Solar,0.0,171.6,0,0,171.6,0,0,0,0.0,0.0,0.0,0.0,0.0,0.0,0.01
MYR_UNIT2,3421,Solar,S,Solar,0.0,149.6,0,0,149.6,0,0,0,0.0,0.0,0.0,0.0,0.0,0.0,0.01
NRTN_SLR_SOLAR1,3679,Solar,S,Solar,0.0,125.5,0,0,125.5,0,0,0,0.0,0.0,0.0,0.0,0.0,0.0,0.01
ORIANA_UNIT1,3,Solar,S,Solar,0.0,180.7,0,0,180.7,0,0,0,0.0,0.0,0.0,0.0,0.0,0.0,0.01
PHO_SOLAR1,2739,Solar,S,Solar,0.0,129.6,0,0,129.6,0,0,0,0.0,0.0,0.0,0.0,0.0,0.0,0.01
PHO_SOLAR2,2739,Solar,S,Solar,0.0,106.1,0,0,106.1,0,0,0,0.0,0.0,0.0,0.0,0.0,0.0,0.01
PHO_SOLAR3,2739,Solar,S,Solar,0.0,110.0,0,0,110.0,0,0,0,0.0,0.0,0.0,0.0,0.0,0.0,0.01
PHO_SOLAR4,2739,Solar,S,Solar,0.0,106.0,0,0,106.0,0,0,0,0.0,0.0,0.0,0.0,0.0,0.0,0.01
PINEFRST_UNIT1,3426,Solar,S,Solar,0.0,242.7,0,0,242.7,0,0,0,0.0,0.0,0.0,0.0,0.0,0.0,0.01
PINEFRST_UNIT2,3426,Solar,S,Solar,0.0,58.9,0,0,58.9,0,0,0,0.0,0.0,0.0,0.0,0.0,0.0,0.01
PINN_SLR_UNIT1,3550,Solar,S,Solar,0.0,215.3,0,0,215.3,0,0,0,0.0,0.0,0.0,0.0,0.0,0.0,0.01
PINN_SLR_UNIT2,3550,Solar,S,Solar,0.0,219.2,0,0,219.2,0,0,0,0.0,0.0,0.0,0.0,0.0,0.0,0.01
PINN_SLR_UNIT3,3550,Solar,S,Solar,0.0,219.2,0,0,219.2,0,0,0,0.0,0.0,0.0,0.0,0.0,0.0,0.01
ROSELAND_SOLAR1,2928,Solar,S,Solar,0.0,254.0,0,0,254.0,0,0,0,0.0,0.0,0.0,0.0,0.0,0.0,0.01
ROSELAND_SOLAR2,2928,Solar,S,Solar,0.0,137.8,0,0,137.8,0,0,0,0.0,0.0,0.0,0.0,0.0,0.0,0.01
ROSELAND_SOLAR3,2928,Solar,S,Solar,0.0,116.2,0,0,116.2,0,0,0,0.0,0.0,0.0,0.0,0.0,0.0,0.01
SAMSON_1_G1,3426,Solar,S,Solar,0.0,128.4,0,0,128.4,0,0,0,0.0,0.0,0.0,0.0,0.0,0.0,0.01
SAMSON_1_G2,3426,Solar,S,Solar,0.0,128.4,0,0,128.4,0,0,0,0.0,0.0,0.0,0.0,0.0,0.0,0.01
SAMSON_1_G3,3426,Solar,S,Solar,0.0,101.5,0,0,101.5,0,0,0,0.0,0.0,0.0,0.0,0.0,0.0,0.01
SAMSON_1_G4,3426,Solar,S,Solar,0.0,101.5,0,0,101.5,0,0,0,0.0,0.0,0.0,0.0,0.0,0.0,0.01
SAMSON_3_G1,3426,Solar,S,Solar,0.0,128.4,0,0,128.4,0,0,0,0.0,0.0,0.0,0.0,0.0,0.0,0.01
SAMSON_3_G2,3426,Solar,S,Solar,0.0,128.4,0,0,128.4,0,0,0,0.0,0.0,0.0,0.0,0.0,0.0,0.01
SBE_UNIT1,2739,Solar,S,Solar,0.0,233.5,0,0,233.5,0,0,0,0.0,0.0,0.0,0.0,0.0,0.0,0.01
STAR_SLR_UNIT1,587,Solar,S,Solar,0.0,70.5,0,0,70.5,0,0,0,0.0,0.0,0.0,0.0,0.0,0.0,0.01
STAR_SLR_UNIT2,587,Solar,S,Solar,0.0,66.3,0,0,66.3,0,0,0,0.0,0.0,0.0,0.0,0.0,0.0,0.01
STRG_SLR_UNIT1,1492,Solar,S,Solar,0.0,184.1,0,0,184.1,0,0,0,0.0,0.0,0.0,0.0,0.0,0.0,0.01
STRG_SLR_UNIT2,1492,Solar,S,Solar,0.0,17.5,0,0,17.5,0,0,0,0.0,0.0,0.0,0.0,0.0,0.0,0.01
SYBR_SLR_UNIT1,1492,Solar,S,Solar,0.0,132.5,0,0,132.5,0,0,0,0.0,0.0,0.0,0.0,0.0,0.0,0.01
SYBR_SLR_UNIT2,1492,Solar,S,Solar,0.0,128.6,0,0,128.6,0,0,0,0.0,0.0,0.0,0.0,0.0,0.0,0.01
TNG_SOLAR1,3421,Solar,S,Solar,0.0,125.1,0,0,125.1,0,0,0,0.0,0.0,0.0,0.0,0.0,0.0,0.01
TNG_SOLAR2,3421,Solar,S,Solar,0.0,125.1,0,0,125.1,0,0,0,0.0,0.0,0.0,0.0,0.0,0.0,0.01
TREB_SLR_SOLAR1,3,Solar,S,Solar,0.0,196.3,0,0,196.3,0,0,0,0.0,0.0,0.0,0.0,0.0,0.0,0.01
TUL_SLR_UNIT1,2833,Solar,S,Solar,0.0,128.1,0,0,128.1,0,0,0,0.0,0.0,0.0,0.0,0.0,0.0,0.01
TUL_SLR_UNIT2,2833,Solar,S,Solar,0.0,128.1,0,0,128.1,0,0,0,0.0,0.0,0.0,0.0,0.0,0.0,0.01
A4_DGR1,2603,Diesel,G,Gas,3.5,35.0,1,1,2.8,1,1,1,0.0,0.0,0.0,0.0,0.0,3.5,60.0
A4_DGR2,2603,Diesel,G,Gas,3.5,35.0,1,1,2.8,1,1,1,0.0,0.0,0.0,0.0,0.0,3.5,60.0
K2_DGR1,2603,Diesel,G,Gas,2.94,29.4,1,1,2.352,1,1,1,0.0,0.0,0.0,0.0,0.0,2.94,60.0
K2_DGR2,2603,Diesel,G,Gas,2.94,29.4,1,1,2.352,1,1,1,0.0,0.0,0.0,0.0,0.0,2.94,60.0
P2_DGR1,2603,Diesel,G,Gas,4.09,40.9,1,1,3.272,1,1,1,0.0,0.0,0.0,0.0,0.0,4.09,60.0
P2_DGR2,2603,Diesel,G,Gas,4.09,40.9,1,1,3.272,1,1,1,0.0,0.0,0.0,0.0,0.0,4.09,60.0
Q1_DGR1,2603,Diesel,G,Gas,2.94,29.4,1,1,2.352,1,1,1,0.0,0.0,0.0,0.0,0.0,2.94,60.0
BRAUNIG_VHB3,2405,Gas-ST,G,Gas,126.0,420.0,4,4,8.4,4,4,4,0.0,0.0,0.0,0.0,0.0,126.0,35.0
V2_DGR1,2603,Diesel,G,Gas,3.2,32.0,1,1,2.56,1,1,1,0.0,0.0,0.0,0.0,0.0,3.2,60.0
V2_DGR2,2603,Diesel,G,Gas,3.2,32.0,1,1,2.56,1,1,1,0.0,0.0,0.0,0.0,0.0,3.2,60.0
V2_DGR3,2603,Diesel,G,Gas,3.2,32.0,1,1,2.56,1,1,1,0.0,0.0,0.0,0.0,0.0,3.2,60.0
V4_DGR1,2603,Diesel,G,Gas,4.09,40.9,1,1,3.272,1,1,1,0.0,0.0,0.0,0.0,0.0,4.09,60.0
X1_DGR1,2603,Diesel,G,Gas,2.94,29.4,1,1,2.352,1,1,1,0.0,0.0,0.0,0.0,0.0,2.94,60.0
Z0_DGR1,2603,Diesel,G,Gas,2.94,29.4,1,1,2.352,1,1,1,0.0,0.0,0.0,0.0,0.0,2.94,60.0
Z0_DGR2,2603,Diesel,G,Gas,2.94,29.4,1,1,2.352,1,1,1,0.0,0.0,0.0,0.0,0.0,2.94,60.0
Z5_DGR1,2603,Diesel,G,Gas,2.94,29.4,1,1,2.352,1,1,1,0.0,0.0,0.0,0.0,0.0,2.94,60.0
DC_E,3645,Other,G,Gas,60.0,600.0,2,2,12.0,2,2,2,0.0,0.0,0.0,0.0,0.0,60.0,35.0
DC_N,26,Other,G,Gas,22.0,220.0,2,2,4.4,2,2,2,0.0,0.0,0.0,0.0,0.0,22.0,35.0
DC_L,1585,Other,G,Gas,10.0,100.0,2,2,2.0,2,2,2,0.0,0.0,0.0,0.0,0.0,10.0,35.0
DC_R,592,Other,G,Gas,30.0,300.0,2,2,6.0,2,2,2,0.0,0.0,0.0,0.0,0.0,30.0,35.0
CEDARVALE_GAS,832,Gas-IC,G,Gas,0.99,9.9,1,1,1.0,1,1,1,0.0,0.0,0.0,0.0,0.0,0.99,45.0
ENCHANTED_ROCK_NEWPP,2622,Gas-IC,G,Gas,3.0,30.0,1,1,2.4,1,1,1,0.0,0.0,0.0,0.0,0.0,3.0,45.0
BYNUM_SOLAR_PROJECT,1302,Solar,S,Solar,0.0,56.0,0,0,56.0,0,0,0,0.0,0.0,0.0,0.0,0.0,0.0,0.01
GREYHOUND_SOLAR,1362,Solar,S,Solar,0.0,335.5,0,0,335.5,0,0,0,0.0,0.0,0.0,0.0,0.0,0.0,0.01
HERMES_SOLAR,1492,Solar,S,Solar,0.0,100.4,0,0,100.4,0,0,0,0.0,0.0,0.0,0.0,0.0,0.0,0.01
MRG_GOODY_SOLAR,3603,Solar,S,Solar,0.0,170.8,0,0,170.8,0,0,0,0.0,0.0,0.0,0.0,0.0,0.0,0.01
PITTS_DUDIK_II,3392,Solar,S,Solar,0.0,30.2,0,0,30.2,0,0,0,0.0,0.0,0.0,0.0,0.0,0.0,0.01
SHAULA_I_SOLAR,2833,Solar,S,Solar,0.0,205.2,0,0,205.2,0,0,0,0.0,0.0,0.0,0.0,0.0,0.0,0.01
