Date,Hour,Generator,Dispatch,Headroom,Unit State,Unit Cost
2025-11-05,0,CPSES_UNIT1,1269.0,0.0,True,10152.0
2025-11-05,0,CPSES_UNIT2,1269.0,0.0,True,10152.0
2025-11-05,0,STP_STP_G1,1365.0,0.0,True,10920.0
2025-11-05,0,STP_STP_G2,1365.0,0.0,True,10920.0
2025-11-05,0,COLETO_COLETOG1,655.0,0.0,True,16375.0
2025-11-05,0,FPPYD1_FPP_G1,615.0,0.0,True,15375.0
2025-11-05,0,FPPYD1_FPP_G2,615.0,0.0,True,15375.0
2025-11-05,0,FPPYD2_FPP_G3,460.0,0.0,True,11500.0
2025-11-05,0,CALAVERS_JKS1,310.2636610463371,249.73633895366288,True,7756.5915
2025-11-05,0,CALAVERS_JKS2,368.8,553.2,True,9220.0
2025-11-05,0,LEG_LEG_G1,0.0,0.0,False,0.0
2025-11-05,0,LEG_LEG_G2,0.0,0.0,False,0.0
2025-11-05,0,MLSES_UNIT1,0.0,0.0,False,0.0
2025-11-05,0,MLSES_UNIT2,0.0,0.0,False,0.0
2025-11-05,0,MLSES_UNIT3,0.0,0.0,False,0.0
2025-11-05,0,OGSES_UNIT1A,0.0,0.0,False,0.0
2025-11-05,0,OGSES_UNIT2,0.0,0.0,False,0.0
2025-11-05,0,SANMIGL_G1,430.0,0.0,True,10750.0
2025-11-05,0,SCES_UNIT1,0.0,0.0,False,0.0
2025-11-05,0,TNP_ONE_TNP_O_1,0.0,0.0,False,0.0
2025-11-05,0,TNP_ONE_TNP_O_2,0.0,0.0,False,0.0
2025-11-05,0,WAP_WAP_G5,0.0,0.0,False,0.0
2025-11-05,0,WAP_WAP_G6,293.64,440.46,True,7341.0
2025-11-05,0,WAP_WAP_G7,245.84,368.76,True,6146.0
2025-11-05,0,WAP_WAP_G8,261.6,392.4,True,6540.0
2025-11-05,0,BRAUNIG_AVR1_CT1,0.0,0.0,False,0.0
2025-11-05,0,BRAUNIG_AVR1_CT2,0.0,0.0,False,0.0
2025-11-05,0,BRAUNIG_AVR1_ST,0.0,0.0,False,0.0
2025-11-05,0,ATKINS_ATKINSG7,0.0,0.0,False,0.0
2025-11-05,0,B_DAVIS_B_DAVIG3,0.0,0.0,False,0.0
2025-11-05,0,B_DAVIS_B_DAVIG4,189.6,0.0,True,5308.8
2025-11-05,0,B_DAVIS_B_DAVIG1,0.0,0.0,False,0.0
2025-11-05,0,B_DAVIS_B_DAVIG2,0.0,0.0,False,0.0
2025-11-05,0,BASTEN_GTG1100,0.0,0.0,False,0.0
2025-11-05,0,BASTEN_GTG2100,0.0,0.0,False,0.0
2025-11-05,0,BASTEN_ST0100,0.0,0.0,False,0.0
2025-11-05,0,BCH_UNIT1,60.5,0.0,True,2541.0
2025-11-05,0,BCH_UNIT2,60.5,0.0,True,2541.0
2025-11-05,0,BCH_UNIT3,60.5,0.0,True,2541.0
2025-11-05,0,BCH_UNIT4,60.5,0.0,True,2541.0
2025-11-05,0,BCH_UNIT5,60.5,0.0,True,2541.0
2025-11-05,0,BCH_UNIT6,60.5,0.0,True,2541.0
2025-11-05,0,BCH_UNIT7,60.5,0.0,True,2541.0
2025-11-05,0,BCH_UNIT8,60.5,0.0,True,2541.0
2025-11-05,0,BOSQUESW_BSQSU_1,0.0,0.0,False,0.0
2025-11-05,0,BOSQUESW_BSQSU_2,0.0,0.0,False,0.0
2025-11-05,0,BOSQUESW_BSQSU_3,0.0,0.0,False,0.0
2025-11-05,0,BOSQUESW_BSQSU_4,0.0,0.0,False,0.0
2025-11-05,0,BOSQUESW_BSQSU_5,0.0,0.0,False,0.0
2025-11-05,0,BVE_UNIT1,198.90000000000003,-2.842170943040401e-14,True,5569.2
2025-11-05,0,BVE_UNIT2,198.90000000000003,-2.842170943040401e-14,True,5569.2
2025-11-05,0,BVE_UNIT3,275.6,0.0,True,7716.8
2025-11-05,0,BTM_UNIT1,60.5,0.0,True,2541.0
2025-11-05,0,BTM_UNIT2,60.5,0.0,True,2541.0
2025-11-05,0,BTM_UNIT3,60.5,0.0,True,2541.0
2025-11-05,0,BTM_UNIT4,60.5,0.0,True,2541.0
2025-11-05,0,BTM_UNIT5,60.5,0.0,True,2541.0
2025-11-05,0,BTM_UNIT6,60.5,0.0,True,2541.0
2025-11-05,0,BTM_UNIT7,60.5,0.0,True,2541.0
2025-11-05,0,BTM_UNIT8,60.5,0.0,True,2541.0
2025-11-05,0,FLCNS_UNIT1,0.0,0.0,False,0.0
2025-11-05,0,FLCNS_UNIT2,0.0,0.0,False,0.0
2025-11-05,0,CALHOUN_UNIT1,0.0,0.0,False,0.0
2025-11-05,0,CALHOUN_UNIT2,0.0,0.0,False,0.0
2025-11-05,0,CHAMON_CTG_0101,60.5,0.0,True,2541.0
2025-11-05,0,CHAMON_CTG_0301,60.5,0.0,True,2541.0
2025-11-05,0,CBY4_CT41,205.0,0.0,True,5740.0
2025-11-05,0,CBY4_CT42,205.0,0.0,True,5740.0
2025-11-05,0,CBY4_ST04,205.0,0.0,True,5740.0
2025-11-05,0,CBY_CBY_G1,765.0,0.0,True,26775.0
2025-11-05,0,CBY_CBY_G2,765.0,0.0,True,26775.0
2025-11-05,0,CBEC_GT1,86.5,0.0,True,2422.0
2025-11-05,0,CBEC_GT2,86.5,0.0,True,2422.0
2025-11-05,0,CBEC_GT3,86.5,0.0,True,2422.0
2025-11-05,0,CBEC_GT4,86.5,0.0,True,2422.0
2025-11-05,0,CBEC_STG1,105.0,0.0,True,2940.0
2025-11-05,0,CBEC_STG2,108.8,0.0,True,3046.4
2025-11-05,0,CBECII_CT7,108.27,252.63,True,3031.56
2025-11-05,0,CBECII_CT8,360.9,0.0,True,10105.2
2025-11-05,0,CBECII_STG9,392.2446418930676,116.25535810693242,True,10982.85
2025-11-05,0,CBEC_GT11,41.395474153751834,0.30452584624816836,True,1738.6099
2025-11-05,0,CBEC_GT12,41.7,0.0,True,1751.4
2025-11-05,0,CVC_CVC_G1,192.1,0.0,True,5378.8
2025-11-05,0,CVC_CVC_G2,192.1,0.0,True,5378.8
2025-11-05,0,CVC_CVC_G3,192.1,0.0,True,5378.8
2025-11-05,0,CVC_CVC_G5,150.0,0.0,True,4200.0
2025-11-05,0,DANSBY_DANSBYG2,0.0,0.0,False,0.0
2025-11-05,0,DANSBY_DANSBYG3,0.0,0.0,False,0.0
2025-11-05,0,DANSBY_DANSBYG1,0.0,0.0,False,0.0
2025-11-05,0,DECKER_DPGT_1,0.0,0.0,False,0.0
2025-11-05,0,DECKER_DPGT_2,0.0,0.0,False,0.0
2025-11-05,0,DECKER_DPGT_3,0.0,0.0,False,0.0
2025-11-05,0,DECKER_DPGT_4,0.0,0.0,False,0.0
2025-11-05,0,DCSES_CT10,0.0,0.0,False,0.0
2025-11-05,0,DCSES_CT20,0.0,0.0,False,0.0
2025-11-05,0,DCSES_CT30,0.0,0.0,False,0.0
2025-11-05,0,DCSES_CT40,0.0,0.0,False,0.0
2025-11-05,0,DDPEC_GT1,60.9,142.1,True,1705.2
2025-11-05,0,DDPEC_GT2,64.5,150.5,True,1806.0
2025-11-05,0,DDPEC_GT3,60.9,142.1,True,1705.2
2025-11-05,0,DDPEC_GT4,0.0,0.0,False,0.0
2025-11-05,0,DDPEC_GT6,59.7,139.3,True,1671.6
2025-11-05,0,DDPEC_ST1,87.0,203.0,True,2436.0
2025-11-05,0,DEC_AGR_A,56.5,0.0,True,2542.5
2025-11-05,0,DEC_AGR_B,56.5,0.0,True,2542.5
2025-11-05,0,DEC_AGR_C,56.5,0.0,True,2542.5
2025-11-05,0,DEC_AGR_D,56.5,0.0,True,2542.5
2025-11-05,0,ECEC_G1,0.0,0.0,False,0.0
2025-11-05,0,ECEC_G2,0.0,0.0,False,0.0
2025-11-05,0,ETCCS_CT1,260.0,0.0,True,7280.0
2025-11-05,0,ETCCS_UNIT1,140.0,0.0,True,3920.0
2025-11-05,0,AZ_AZ_G1,0.0,0.0,False,0.0
2025-11-05,0,AZ_AZ_G2,0.0,0.0,False,0.0
2025-11-05,0,AZ_AZ_G3,0.0,0.0,False,0.0
2025-11-05,0,AZ_AZ_G4,0.0,0.0,False,0.0
2025-11-05,0,FERGCC_FERGGT1,0.0,0.0,False,0.0
2025-11-05,0,FERGCC_FERGGT2,0.0,0.0,False,0.0
2025-11-05,0,FERGCC_FERGST1,114.08922863973802,89.91077136026198,True,3194.4984
2025-11-05,0,FRNYPP_GT11,0.0,0.0,False,0.0
2025-11-05,0,FRNYPP_GT12,0.0,0.0,False,0.0
2025-11-05,0,FRNYPP_GT13,0.0,0.0,False,0.0
2025-11-05,0,FRNYPP_GT21,0.0,0.0,False,0.0
2025-11-05,0,FRNYPP_GT22,0.0,0.0,False,0.0
2025-11-05,0,FRNYPP_GT23,0.0,0.0,False,0.0
2025-11-05,0,FRNYPP_ST10,0.0,0.0,False,0.0
2025-11-05,0,FRNYPP_ST20,0.0,0.0,False,0.0
2025-11-05,0,FREC_GT1,53.82,125.58000000000001,True,1506.96
2025-11-05,0,FREC_GT2,179.4,0.0,True,5023.2
2025-11-05,0,FREC_GT4,137.89268505499143,41.507314945008574,True,3860.9952
2025-11-05,0,FREC_GT5,179.4,0.0,True,5023.2
2025-11-05,0,FREC_ST3,57.21,133.48999999999998,True,1601.88
2025-11-05,0,FREC_ST6,57.21,133.48999999999998,True,1601.88
2025-11-05,0,FEGC_UNIT1,0.0,0.0,False,0.0
2025-11-05,0,FRONT_EC_CT1,110.04658231777594,66.95341768222406,True,3081.3043
2025-11-05,0,FRONT_EC_CT2,177.0,0.0,True,4956.0
2025-11-05,0,FRONT_EC_ST,184.5,0.0,True,5166.0
2025-11-05,0,GRSES_UNIT1,239.0,0.0,True,8365.0
2025-11-05,0,GRSES_UNIT2,390.0,0.0,True,13650.0
2025-11-05,0,GBY_GBYGT73,72.0,0.0,True,3024.0
2025-11-05,0,GBY_GBYGT74,72.0,0.0,True,3024.0
2025-11-05,0,GBY_GBYGT81,72.0,0.0,True,3024.0
2025-11-05,0,GBY_GBYGT82,72.0,0.0,True,3024.0
2025-11-05,0,GBY_GBYGT83,72.0,0.0,True,3024.0
2025-11-05,0,GBY_GBYGT84,72.0,0.0,True,3024.0
2025-11-05,0,STEAM_ENGINE_1,0.0,0.0,False,0.0
2025-11-05,0,STEAM_ENGINE_2,0.0,0.0,False,0.0
2025-11-05,0,STEAM_ENGINE_3,0.0,0.0,False,0.0
2025-11-05,0,LGE_LGE_GT1,55.5,129.5,True,1554.0
2025-11-05,0,LGE_LGE_GT2,122.12474137907799,62.87525862092201,True,3419.4928
2025-11-05,0,LGE_LGE_STG,30.0,70.0,True,840.0
2025-11-05,0,GUADG_GAS1,0.0,0.0,False,0.0
2025-11-05,0,GUADG_GAS2,0.0,0.0,False,0.0
2025-11-05,0,GUADG_GAS3,0.0,0.0,False,0.0
2025-11-05,0,GUADG_GAS4,0.0,0.0,False,0.0
2025-11-05,0,GUADG_STM5,0.0,0.0,False,0.0
2025-11-05,0,GUADG_STM6,0.0,0.0,False,0.0
2025-11-05,0,HLSES_UNIT3,395.0,0.0,True,13825.0
2025-11-05,0,HLSES_UNIT4,435.0,0.0,True,15225.0
2025-11-05,0,HLSES_UNIT5,435.0,0.0,True,15225.0
2025-11-05,0,HAYSEN_HAYSENG1,0.0,0.0,False,0.0
2025-11-05,0,HAYSEN_HAYSENG2,0.0,0.0,False,0.0
2025-11-05,0,HAYSEN_HAYSENG3,0.0,0.0,False,0.0
2025-11-05,0,HAYSEN_HAYSENG4,0.0,0.0,False,0.0
2025-11-05,0,DUKE_DUKE_GT1,176.6,0.0,True,4944.8
2025-11-05,0,DUKE_DUKE_GT2,176.6,0.0,True,4944.8
2025-11-05,0,DUKE_DUKE_ST1,59.43,138.67,True,1664.04
2025-11-05,0,JACKCNTY_CT1,59.67,139.23,True,1670.76
2025-11-05,0,JACKCNTY_CT2,59.67,139.23,True,1670.76
2025-11-05,0,JCKCNTY2_CT3,59.67,139.23,True,1670.76
2025-11-05,0,JCKCNTY2_CT4,59.67,139.23,True,1670.76
2025-11-05,0,JACKCNTY_STG,0.0,0.0,False,0.0
2025-11-05,0,JCKCNTY2_ST2,0.0,0.0,False,0.0
2025-11-05,0,TEN_CT1,0.0,0.0,False,0.0
2025-11-05,0,TEN_STG,0.0,0.0,False,0.0
2025-11-05,0,LHSES_UNIT1,0.0,0.0,False,0.0
2025-11-05,0,LHSES_UNIT2A,0.0,0.0,False,0.0
2025-11-05,0,LPCCS_CT11,0.0,0.0,False,0.0
2025-11-05,0,LPCCS_CT12,186.0,0.0,True,5208.0
2025-11-05,0,LPCCS_CT21,0.0,0.0,False,0.0
2025-11-05,0,LPCCS_CT22,82.6015177047566,103.39848229524338,True,2312.8425
2025-11-05,0,LPCCS_UNIT1,0.0,0.0,False,0.0
2025-11-05,0,LPCCS_UNIT2,0.0,0.0,False,0.0
2025-11-05,0,LARDVFTN_G4,0.0,0.0,False,0.0
2025-11-05,0,LARDVFTN_G5,0.0,0.0,False,0.0
2025-11-05,0,LEON_CRK_LCPCT1,0.0,0.0,False,0.0
2025-11-05,0,LEON_CRK_LCPCT2,0.0,0.0,False,0.0
2025-11-05,0,LEON_CRK_LCPCT3,0.0,0.0,False,0.0
2025-11-05,0,LEON_CRK_LCPCT4,0.0,0.0,False,0.0
2025-11-05,0,LIG_UNIT1,0.0,0.0,False,0.0
2025-11-05,0,LIG_UNIT2,0.0,0.0,False,0.0
2025-11-05,0,LOSTPI_LOSTPGT1,202.5,0.0,True,5670.0
2025-11-05,0,LOSTPI_LOSTPGT2,202.5,0.0,True,5670.0
2025-11-05,0,LOSTPI_LOSTPST1,204.0,0.0,True,5712.0
2025-11-05,0,NEDIN_NEDIN_G1,0.0,0.0,False,0.0
2025-11-05,0,NEDIN_NEDIN_G2,0.0,0.0,False,0.0
2025-11-05,0,NEDIN_NEDIN_G3,0.0,0.0,False,0.0
2025-11-05,0,MDANP_CT1,0.0,0.0,False,0.0
2025-11-05,0,MDANP_CT2,0.0,0.0,False,0.0
2025-11-05,0,MDANP_CT3,0.0,0.0,False,0.0
2025-11-05,0,MDANP_CT4,0.0,0.0,False,0.0
2025-11-05,0,MDANP_CT5,0.0,0.0,False,0.0
2025-11-05,0,MDANP_CT6,0.0,0.0,False,0.0
2025-11-05,0,MGSES_CT1,0.0,0.0,False,0.0
2025-11-05,0,MGSES_CT2,0.0,0.0,False,0.0
2025-11-05,0,MGSES_CT3,0.0,0.0,False,0.0
2025-11-05,0,MGSES_CT4,0.0,0.0,False,0.0
2025-11-05,0,MGSES_CT5,0.0,0.0,False,0.0
2025-11-05,0,MGSES_CT6,0.0,0.0,False,0.0
2025-11-05,0,MCSES_UNIT6,122.0,0.0,True,4270.0
2025-11-05,0,MCSES_UNIT7,118.0,0.0,True,4130.0
2025-11-05,0,MCSES_UNIT8,568.0,0.0,True,19880.0
2025-11-05,0,NUECES_B_NUECESG8,189.6,0.0,True,5308.8
2025-11-05,0,NUECES_B_NUECESG9,189.6,0.0,True,5308.8
2025-11-05,0,NUECES_B_NUECESG7,0.0,0.0,False,0.0
2025-11-05,0,CALAVERS_OWS1,0.0,0.0,False,0.0
2025-11-05,0,CALAVERS_OWS2,0.0,0.0,False,0.0
2025-11-05,0,OECCS_CT11,58.56,136.64,True,1639.68
2025-11-05,0,OECCS_CT12,0.0,0.0,False,0.0
2025-11-05,0,OECCS_CT21,58.56,136.64,True,1639.68
2025-11-05,0,OECCS_CT22,0.0,0.0,False,0.0
2025-11-05,0,OECCS_UNIT1,123.38802041563714,100.61197958436287,True,3454.8646
2025-11-05,0,OECCS_UNIT2,67.2,156.8,True,1881.6
2025-11-05,0,VICTPRT2_UNIT1,0.0,0.0,False,0.0
2025-11-05,0,VICTPRT2_UNIT2,0.0,0.0,False,0.0
2025-11-05,0,PANDA_S_SHER1CT1,232.0,0.0,True,6496.0
2025-11-05,0,PANDA_S_SHER1CT2,158.77109883276583,73.22890116723417,True,4445.5908
2025-11-05,0,PANDA_S_SHER1ST1,353.1,0.0,True,9886.8
2025-11-05,0,PANDA_T1_TMPL1CT1,0.0,0.0,False,0.0
2025-11-05,0,PANDA_T1_TMPL1CT2,0.0,0.0,False,0.0
2025-11-05,0,PANDA_T1_TMPL1ST1,0.0,0.0,False,0.0
2025-11-05,0,PANDA_T2_TMPL2CT1,0.0,0.0,False,0.0
2025-11-05,0,PANDA_T2_TMPL2CT2,0.0,0.0,False,0.0
2025-11-05,0,PANDA_T2_TMPL2ST1,0.0,0.0,False,0.0
2025-11-05,0,TNSKA_GT1,0.0,0.0,False,0.0
2025-11-05,0,TNSKA_GT2,0.0,0.0,False,0.0
2025-11-05,0,TNSKA_STG,0.0,0.0,False,0.0
2025-11-05,0,PSG_PSG_GT2,0.0,0.0,False,0.0
2025-11-05,0,PSG_PSG_GT3,64.53,150.57,True,1806.84
2025-11-05,0,PSG_PSG_ST2,80.3612400808046,115.1387599191954,True,2250.1147
2025-11-05,0,PEARSAL2_AGR_A,0.0,0.0,False,0.0
2025-11-05,0,PEARSAL2_AGR_B,0.0,0.0,False,0.0
2025-11-05,0,PEARSAL2_AGR_C,0.0,0.0,False,0.0
2025-11-05,0,PEARSAL2_AGR_D,0.0,0.0,False,0.0
2025-11-05,0,PB2SES_CT1,0.0,0.0,False,0.0
2025-11-05,0,PB2SES_CT2,0.0,0.0,False,0.0
2025-11-05,0,PB2SES_CT3,0.0,0.0,False,0.0
2025-11-05,0,PB2SES_CT4,0.0,0.0,False,0.0
2025-11-05,0,PB2SES_CT5,0.0,0.0,False,0.0
2025-11-05,0,PRO_UNIT1,0.0,0.0,False,0.0
2025-11-05,0,PRO_UNIT2,0.0,0.0,False,0.0
2025-11-05,0,PRO_UNIT3,0.0,0.0,False,0.0
2025-11-05,0,PRO_UNIT4,0.0,0.0,False,0.0
2025-11-05,0,PRO_UNIT5,0.0,0.0,False,0.0
2025-11-05,0,PRO_UNIT6,0.0,0.0,False,0.0
2025-11-05,0,PRO_UNIT7,0.0,0.0,False,0.0
2025-11-05,0,PRO_UNIT8,0.0,0.0,False,0.0
2025-11-05,0,BAC_CTG1,65.0,0.0,True,2730.0
2025-11-05,0,BAC_CTG2,65.0,0.0,True,2730.0
2025-11-05,0,BAC_CTG3,65.0,0.0,True,2730.0
2025-11-05,0,BAC_CTG4,65.0,0.0,True,2730.0
2025-11-05,0,BAC_CTG5,65.0,0.0,True,2730.0
2025-11-05,0,BAC_CTG6,65.0,0.0,True,2730.0
2025-11-05,0,STEAM1A_STEAM_1,0.0,0.0,False,0.0
2025-11-05,0,STEAM_STEAM_2,0.0,0.0,False,0.0
2025-11-05,0,STEAM_STEAM_3,0.0,0.0,False,0.0
2025-11-05,0,QALSW_GT1,90.6,0.0,True,2536.8
2025-11-05,0,QALSW_GT2,90.6,0.0,True,2536.8
2025-11-05,0,QALSW_GT3,90.6,0.0,True,2536.8
2025-11-05,0,QALSW_GT4,90.6,0.0,True,2536.8
2025-11-05,0,QALSW_STG1,98.1,0.0,True,2746.8
2025-11-05,0,QALSW_STG2,98.10000000000036,-3.694822225952521e-13,True,2746.8
2025-11-05,0,MIL_MILLERG4,116.0,0.0,True,4872.0
2025-11-05,0,MIL_MILLERG5,116.0,0.0,True,4872.0
2025-11-05,0,MIL_MILLERG1,75.0,0.0,True,2625.0
2025-11-05,0,MIL_MILLERG2,120.0,0.0,True,4200.0
2025-11-05,0,MIL_MILLERG3,216.0,0.0,True,7560.0
2025-11-05,0,OLINGR_OLING_4,0.0,0.0,False,0.0
2025-11-05,0,OLINGR_OLING_2,0.0,0.0,False,0.0
2025-11-05,0,OLINGR_OLING_3,0.0,0.0,False,0.0
2025-11-05,0,RAB_UNIT1,0.0,0.0,False,0.0
2025-11-05,0,RAB_UNIT2,0.0,0.0,False,0.0
2025-11-05,0,RAB_UNIT3,0.0,0.0,False,0.0
2025-11-05,0,RAB_UNIT4,0.0,0.0,False,0.0
2025-11-05,0,RAB_UNIT5,0.0,0.0,False,0.0
2025-11-05,0,RAB_UNIT6,0.0,0.0,False,0.0
2025-11-05,0,RAB_UNIT7,0.0,0.0,False,0.0
2025-11-05,0,RAB_UNIT8,0.0,0.0,False,0.0
2025-11-05,0,REDGATE_AGR_A,0.0,0.0,False,0.0
2025-11-05,0,REDGATE_AGR_B,0.0,0.0,False,0.0
2025-11-05,0,REDGATE_AGR_C,0.0,0.0,False,0.0
2025-11-05,0,REDGATE_AGR_D,0.0,0.0,False,0.0
2025-11-05,0,JAD_UNIT1,0.0,0.0,False,0.0
2025-11-05,0,JAD_UNIT2,0.0,0.0,False,0.0
2025-11-05,0,JAD_UNIT3,0.0,0.0,False,0.0
2025-11-05,0,JAD_UNIT4,0.0,0.0,False,0.0
2025-11-05,0,JAD_UNIT5,0.0,0.0,False,0.0
2025-11-05,0,JAD_UNIT6,0.0,0.0,False,0.0
2025-11-05,0,JAD_UNIT7,0.0,0.0,False,0.0
2025-11-05,0,JAD_UNIT8,0.0,0.0,False,0.0
2025-11-05,0,RIONOG_CT1,0.0,0.0,False,0.0
2025-11-05,0,RIONOG_CT2,0.0,0.0,False,0.0
2025-11-05,0,RIONOG_CT3,0.0,0.0,False,0.0
2025-11-05,0,RIONOG_ST1,0.0,0.0,False,0.0
2025-11-05,0,RAYBURN_RAYBURG7,18.15,42.35,True,508.2
2025-11-05,0,RAYBURN_RAYBURG8,18.15,42.35,True,508.2
2025-11-05,0,RAYBURN_RAYBURG9,18.15,42.35,True,508.2
2025-11-05,0,RAYBURN_RAYBURG10,0.0,0.0,False,0.0
2025-11-05,0,SJS_SJS_G1,88.19999999999999,1.4210854715202004e-14,True,3704.4
2025-11-05,0,SJS_SJS_G2,88.19999999999999,1.4210854715202004e-14,True,3704.4
2025-11-05,0,SANDHSYD_SH1,0.0,0.0,False,0.0
2025-11-05,0,SANDHSYD_SH2,0.0,0.0,False,0.0
2025-11-05,0,SANDHSYD_SH3,0.0,0.0,False,0.0
2025-11-05,0,SANDHSYD_SH4,0.0,0.0,False,0.0
2025-11-05,0,SANDHSYD_SH_5A,188.5533083728751,10.346691627124898,True,5279.4926
2025-11-05,0,SANDHSYD_SH6,0.0,0.0,False,0.0
2025-11-05,0,SANDHSYD_SH7,0.0,0.0,False,0.0
2025-11-05,0,SANDHSYD_SH_5C,191.0,0.0,True,5348.0
2025-11-05,0,SILASRAY_SILAS_10,0.0,0.0,False,0.0
2025-11-05,0,SILASRAY_SILAS_9,50.0,0.0,True,1400.0
2025-11-05,0,SILASRAY_SILAS_6,25.0,0.0,True,700.0
2025-11-05,0,GIDEON_GIDEONG1,0.0,0.0,False,0.0
2025-11-05,0,GIDEON_GIDEONG2,0.0,0.0,False,0.0
2025-11-05,0,GIDEON_GIDEONG3,0.0,0.0,False,0.0
2025-11-05,0,SKY1_SKY1A,0.0,0.0,False,0.0
2025-11-05,0,SKY1_SKY1B,0.0,0.0,False,0.0
2025-11-05,0,SPNCER_SPNCE_4,61.0,0.0,True,2135.0
2025-11-05,0,SPNCER_SPNCE_5,65.0,0.0,True,2275.0
2025-11-05,0,SCSES_UNIT1A,154.30714947669586,22.692850523304145,True,5400.7502
2025-11-05,0,SCSES_UNIT2,502.0,0.0,True,17570.0
2025-11-05,0,THW_THWGT_1,16.3,0.0,True,684.6
2025-11-05,0,THW_THWGT31,51.3,0.0,True,1436.4
2025-11-05,0,THW_THWGT32,51.3,0.0,True,1436.4
2025-11-05,0,THW_THWGT33,51.3,0.0,True,1436.4
2025-11-05,0,THW_THWGT34,51.3,0.0,True,1436.4
2025-11-05,0,THW_THWGT41,51.3,0.0,True,1436.4
2025-11-05,0,THW_THWGT42,51.3,0.0,True,1436.4
2025-11-05,0,THW_THWGT43,62.0,0.0,True,1736.0
2025-11-05,0,THW_THWGT44,62.0,0.0,True,1736.0
2025-11-05,0,THW_THWGT51,85.0,0.0,True,3570.0
2025-11-05,0,THW_THWGT52,85.0,0.0,True,3570.0
2025-11-05,0,THW_THWGT53,85.0,0.0,True,3570.0
2025-11-05,0,THW_THWGT54,85.0,0.0,True,3570.0
2025-11-05,0,THW_THWGT55,85.0,0.0,True,3570.0
2025-11-05,0,THW_THWGT56,85.0,0.0,True,3570.0
2025-11-05,0,THW_THWST_3,113.1,0.0,True,3166.8
2025-11-05,0,THW_THWST_4,113.1,0.0,True,3166.8
2025-11-05,0,TXCTY_CTA,129.1,0.0,True,3614.8
2025-11-05,0,TXCTY_CTB,129.1,0.0,True,3614.8
2025-11-05,0,TXCTY_CTC,129.1,0.0,True,3614.8
2025-11-05,0,TXCTY_ST,143.7,0.0,True,4023.6
2025-11-05,0,TGS_GT01,0.0,0.0,False,0.0
2025-11-05,0,TIMPP_AGR1,0.0,0.0,False,0.0
2025-11-05,0,TIMPP_AGR2,0.0,0.0,False,0.0
2025-11-05,0,TIMPP_AGR3,0.0,0.0,False,0.0
2025-11-05,0,TIMPP_AGR4,0.0,0.0,False,0.0
2025-11-05,0,TRSES_UNIT6,239.0,0.0,True,8365.0
2025-11-05,0,TOPAZ_UNIT1,60.5,0.0,True,2541.0
2025-11-05,0,TOPAZ_UNIT2,60.5,0.0,True,2541.0
2025-11-05,0,TOPAZ_UNIT3,60.5,0.0,True,2541.0
2025-11-05,0,TOPAZ_UNIT4,60.5,0.0,True,2541.0
2025-11-05,0,TOPAZ_UNIT5,60.5,0.0,True,2541.0
2025-11-05,0,TOPAZ_UNIT6,60.5,0.0,True,2541.0
2025-11-05,0,TOPAZ_UNIT7,60.5,0.0,True,2541.0
2025-11-05,0,TOPAZ_UNIT8,60.5,0.0,True,2541.0
2025-11-05,0,TOPAZ_UNIT9,60.5,0.0,True,2541.0
2025-11-05,0,TOPAZ_UNIT10,60.5,0.0,True,2541.0
2025-11-05,0,BRAUNIG_VHB6CT5,0.0,0.0,False,0.0
2025-11-05,0,BRAUNIG_VHB6CT6,0.0,0.0,False,0.0
2025-11-05,0,BRAUNIG_VHB6CT7,0.0,0.0,False,0.0
2025-11-05,0,BRAUNIG_VHB6CT8,0.0,0.0,False,0.0
2025-11-05,0,CITYVICT_CTG01,0.0,0.0,False,0.0
2025-11-05,0,CITYVICT_CTG02,0.0,0.0,False,0.0
2025-11-05,0,VICTPORT_CTG01,0.0,0.0,False,0.0
2025-11-05,0,VICTPORT_CTG02,0.0,0.0,False,0.0
2025-11-05,0,VICTORIA_VICTORG6,196.90000000000003,-2.842170943040401e-14,True,5513.2
2025-11-05,0,VICTORIA_VICTORG5,180.2,0.0,True,5045.6
2025-11-05,0,WAP_WAPGT_1,0.0,0.0,False,0.0
2025-11-05,0,WAP_WAP_G1,0.0,0.0,False,0.0
2025-11-05,0,WAP_WAP_G2,0.0,0.0,False,0.0
2025-11-05,0,WAP_WAP_G3,0.0,0.0,False,0.0
2025-11-05,0,WAP_WAP_G4,0.0,0.0,False,0.0
2025-11-05,0,WFCOGEN_UNIT1,20.0,0.0,True,560.0
2025-11-05,0,WFCOGEN_UNIT2,20.0,0.0,True,560.0
2025-11-05,0,WFCOGEN_UNIT3,20.0,0.0,True,560.0
2025-11-05,0,WIPOPA_WPP_G1,6.05,54.45,True,254.1
2025-11-05,0,WIPOPA_WPP_G2,60.5,0.0,True,2541.0
2025-11-05,0,WIPOPA_WPP_G3,52.30197385273152,8.198026147268479,True,2196.6829
2025-11-05,0,WIPOPA_WPP_G4,6.05,54.45,True,254.1
2025-11-05,0,WCPP_CT1,0.0,0.0,False,0.0
2025-11-05,0,WCPP_CT2,0.0,0.0,False,0.0
2025-11-05,0,WCPP_ST1,0.0,0.0,False,0.0
2025-11-05,0,WHCCS_CT1,0.0,0.0,False,0.0
2025-11-05,0,WHCCS_CT2,0.0,0.0,False,0.0
2025-11-05,0,WHCCS_STG,0.0,0.0,False,0.0
2025-11-05,0,WHCCS2_CT4,0.0,0.0,False,0.0
2025-11-05,0,WHCCS2_CT5,0.0,0.0,False,0.0
2025-11-05,0,WHCCS2_STG6,0.0,0.0,False,0.0
2025-11-05,0,NACPW_UNIT1,0.0,0.0,False,0.0
2025-11-05,0,HBR_2UNITS,3.2,0.0,True,128.0
2025-11-05,0,TRIRA_1UNIT,4.0,0.0,True,160.0
2025-11-05,0,78252_4UNITS,0.0,0.0,False,0.0
2025-11-05,0,SPRIN_4UNITS,0.0,0.0,False,0.0
2025-11-05,0,FREIH_2UNITS,0.0,0.0,False,0.0
2025-11-05,0,WSTHL_3UNITS,4.8,0.0,True,192.0
2025-11-05,0,FEGC_CTG2,0.0,0.0,False,0.0
2025-11-05,0,FEGC_CTG3,0.0,0.0,False,0.0
2025-11-05,0,FEGC_CTG4,0.0,0.0,False,0.0
2025-11-05,0,OLNEYTN_AGR1,10.0,0.0,True,600.0
2025-11-05,0,AMISTAD_AMISTAG1,0.0,0.0,False,0.0
2025-11-05,0,AMISTAD_AMISTAG2,0.0,0.0,False,0.0
2025-11-05,0,AUSTPL_AUSTING1,9.0,0.0,True,9.0
2025-11-05,0,AUSTPL_AUSTING2,9.0,0.0,True,9.0
2025-11-05,0,BUCHAN_BUCHANG1,18.299999999999997,3.552713678800501e-15,True,18.3
2025-11-05,0,BUCHAN_BUCHANG2,18.299999999999997,3.552713678800501e-15,True,18.3
2025-11-05,0,BUCHAN_BUCHANG3,18.299999999999997,3.552713678800501e-15,True,18.3
2025-11-05,0,DNDAM_DENISOG1,50.8,0.0,True,50.8
2025-11-05,0,DNDAM_DENISOG2,50.8,0.0,True,50.8
2025-11-05,0,FALCON_FALCONG1,12.0,0.0,True,12.0
2025-11-05,0,FALCON_FALCONG2,12.0,0.0,True,12.0
2025-11-05,0,FALCON_FALCONG3,12.0,0.0,True,12.0
2025-11-05,0,WIRTZ_WIRTZ_G1,29.0,0.0,True,29.0
2025-11-05,0,WIRTZ_WIRTZ_G2,29.0,0.0,True,29.0
2025-11-05,0,CANYHY_CANYHYG1,6.0,0.0,True,6.0
2025-11-05,0,INKSDA_INKS_G1,15.0,0.0,True,15.0
2025-11-05,0,MARBFA_MARBFAG1,21.0,0.0,True,21.0
2025-11-05,0,MARBFA_MARBFAG2,20.0,0.0,True,20.0
2025-11-05,0,MARSFO_MARSFOG1,36.0,0.0,True,36.0
2025-11-05,0,MARSFO_MARSFOG2,36.0,0.0,True,36.0
2025-11-05,0,MARSFO_MARSFOG3,36.0,0.0,True,36.0
2025-11-05,0,WND_WHITNEY1,0.0,0.0,False,0.0
2025-11-05,0,WND_WHITNEY2,0.0,0.0,False,0.0
2025-11-05,0,AEEC_ANTLP_1,0.0,0.0,False,0.0
2025-11-05,0,AEEC_ANTLP_2,0.0,0.0,False,0.0
2025-11-05,0,AEEC_ANTLP_3,0.0,0.0,False,0.0
2025-11-05,0,AEEC_ELK_1,0.0,0.0,False,0.0
2025-11-05,0,AEEC_ELK_2,0.0,0.0,False,0.0
2025-11-05,0,AEEC_ELK_3,0.0,0.0,False,0.0
2025-11-05,0,FTR_FTR_G1,0.0,0.0,False,0.0
2025-11-05,0,FTR_FTR_G2,0.0,0.0,False,0.0
2025-11-05,0,FTR_FTR_G3,0.0,0.0,False,0.0
2025-11-05,0,FTR_FTR_G4,0.0,0.0,False,0.0
2025-11-05,0,TGCCS_CT1,0.0,0.0,False,0.0
2025-11-05,0,TGCCS_CT2,0.0,0.0,False,0.0
2025-11-05,0,TGCCS_CT3,53.7,125.3,True,1503.6
2025-11-05,0,TGCCS_UNIT4,0.0,0.0,False,0.0
2025-11-05,0,KMCHI_1CT101,55.5,129.5,True,1554.0
2025-11-05,0,KMCHI_1CT201,55.5,129.5,True,1554.0
2025-11-05,0,KMCHI_1ST,99.0,231.0,True,2772.0
2025-11-05,0,KMCHI_2CT101,55.5,129.5,True,1554.0
2025-11-05,0,KMCHI_2CT201,55.5,129.5,True,1554.0
2025-11-05,0,KMCHI_2ST,330.0,0.0,True,9240.0
2025-11-05,0,A4_DGR1,0.0,0.0,False,0.0
2025-11-05,0,A4_DGR2,0.0,0.0,False,0.0
2025-11-05,0,K2_DGR1,0.0,0.0,False,0.0
2025-11-05,0,K2_DGR2,0.0,0.0,False,0.0
2025-11-05,0,P2_DGR1,0.0,0.0,False,0.0
2025-11-05,0,P2_DGR2,0.0,0.0,False,0.0
2025-11-05,0,Q1_DGR1,0.0,0.0,False,0.0
2025-11-05,0,BRAUNIG_VHB3,0.0,0.0,False,0.0
2025-11-05,0,V2_DGR1,0.0,0.0,False,0.0
2025-11-05,0,V2_DGR2,0.0,0.0,False,0.0
2025-11-05,0,V2_DGR3,0.0,0.0,False,0.0
2025-11-05,0,V4_DGR1,0.0,0.0,False,0.0
2025-11-05,0,X1_DGR1,0.0,0.0,False,0.0
2025-11-05,0,Z0_DGR1,0.0,0.0,False,0.0
2025-11-05,0,Z0_DGR2,0.0,0.0,False,0.0
2025-11-05,0,Z5_DGR1,0.0,0.0,False,0.0
2025-11-05,0,DC_E,437.64745193907845,162.35254806092155,True,15317.6608
2025-11-05,0,DC_N,204.8270780603309,15.172921939669095,True,7168.9477
2025-11-05,0,DC_L,0.0,0.0,False,0.0
2025-11-05,0,DC_R,0.0,0.0,False,0.0
2025-11-05,0,CEDARVALE_GAS,0.0,0.0,False,0.0
2025-11-05,0,ENCHANTED_ROCK_NEWPP,30.0,0.0,True,1350.0
2025-11-05,1,CPSES_UNIT1,1269.0,0.0,True,10152.0
2025-11-05,1,CPSES_UNIT2,1269.0,0.0,True,10152.0
2025-11-05,1,STP_STP_G1,1365.0,0.0,True,10920.0
2025-11-05,1,STP_STP_G2,1365.0,0.0,True,10920.0
2025-11-05,1,COLETO_COLETOG1,655.0,0.0,True,16375.0
2025-11-05,1,FPPYD1_FPP_G1,615.0,0.0,True,15375.0
2025-11-05,1,FPPYD1_FPP_G2,615.0,0.0,True,15375.0
2025-11-05,1,FPPYD2_FPP_G3,460.0,0.0,True,11500.0
2025-11-05,1,CALAVERS_JKS1,224.0,336.0,True,5600.0
2025-11-05,1,CALAVERS_JKS2,436.75932738332546,485.2406726166746,True,10918.9832
2025-11-05,1,LEG_LEG_G1,0.0,0.0,False,0.0
2025-11-05,1,LEG_LEG_G2,0.0,0.0,False,0.0
2025-11-05,1,MLSES_UNIT1,0.0,0.0,False,0.0
2025-11-05,1,MLSES_UNIT2,0.0,0.0,False,0.0
2025-11-05,1,MLSES_UNIT3,0.0,0.0,False,0.0
2025-11-05,1,OGSES_UNIT1A,0.0,0.0,False,0.0
2025-11-05,1,OGSES_UNIT2,0.0,0.0,False,0.0
2025-11-05,1,SANMIGL_G1,430.0,0.0,True,10750.0
2025-11-05,1,SCES_UNIT1,0.0,0.0,False,0.0
2025-11-05,1,TNP_ONE_TNP_O_1,0.0,0.0,False,0.0
2025-11-05,1,TNP_ONE_TNP_O_2,0.0,0.0,False,0.0
2025-11-05,1,WAP_WAP_G5,0.0,0.0,False,0.0
2025-11-05,1,WAP_WAP_G6,293.64,440.46,True,7341.0
2025-11-05,1,WAP_WAP_G7,408.8381103410509,205.76188965894914,True,10220.9528
2025-11-05,1,WAP_WAP_G8,0.0,0.0,False,0.0
2025-11-05,1,BRAUNIG_AVR1_CT1,0.0,0.0,False,0.0
2025-11-05,1,BRAUNIG_AVR1_CT2,0.0,0.0,False,0.0
2025-11-05,1,BRAUNIG_AVR1_ST,0.0,0.0,False,0.0
2025-11-05,1,ATKINS_ATKINSG7,0.0,0.0,False,0.0
2025-11-05,1,B_DAVIS_B_DAVIG3,0.0,0.0,False,0.0
2025-11-05,1,B_DAVIS_B_DAVIG4,0.0,0.0,False,0.0
2025-11-05,1,B_DAVIS_B_DAVIG1,0.0,0.0,False,0.0
2025-11-05,1,B_DAVIS_B_DAVIG2,0.0,0.0,False,0.0
2025-11-05,1,BASTEN_GTG1100,0.0,0.0,False,0.0
2025-11-05,1,BASTEN_GTG2100,0.0,0.0,False,0.0
2025-11-05,1,BASTEN_ST0100,0.0,0.0,False,0.0
2025-11-05,1,BCH_UNIT1,60.5,0.0,True,2541.0
2025-11-05,1,BCH_UNIT2,60.5,0.0,True,2541.0
2025-11-05,1,BCH_UNIT3,60.5,0.0,True,2541.0
2025-11-05,1,BCH_UNIT4,60.5,0.0,True,2541.0
2025-11-05,1,BCH_UNIT5,60.5,0.0,True,2541.0
2025-11-05,1,BCH_UNIT6,60.5,0.0,True,2541.0
2025-11-05,1,BCH_UNIT7,60.5,0.0,True,2541.0
2025-11-05,1,BCH_UNIT8,60.5,0.0,True,2541.0
2025-11-05,1,BOSQUESW_BSQSU_1,0.0,0.0,False,0.0
2025-11-05,1,BOSQUESW_BSQSU_2,0.0,0.0,False,0.0
2025-11-05,1,BOSQUESW_BSQSU_3,0.0,0.0,False,0.0
2025-11-05,1,BOSQUESW_BSQSU_4,0.0,0.0,False,0.0
2025-11-05,1,BOSQUESW_BSQSU_5,0.0,0.0,False,0.0
2025-11-05,1,BVE_UNIT1,198.90000000000003,-2.842170943040401e-14,True,5569.2
2025-11-05,1,BVE_UNIT2,198.90000000000003,-2.842170943040401e-14,True,5569.2
2025-11-05,1,BVE_UNIT3,275.6,0.0,True,7716.8
2025-11-05,1,BTM_UNIT1,60.5,0.0,True,2541.0
2025-11-05,1,BTM_UNIT2,60.5,0.0,True,2541.0
2025-11-05,1,BTM_UNIT3,60.5,0.0,True,2541.0
2025-11-05,1,BTM_UNIT4,60.5,0.0,True,2541.0
2025-11-05,1,BTM_UNIT5,60.5,0.0,True,2541.0
2025-11-05,1,BTM_UNIT6,60.5,0.0,True,2541.0
2025-11-05,1,BTM_UNIT7,60.5,0.0,True,2541.0
2025-11-05,1,BTM_UNIT8,60.5,0.0,True,2541.0
2025-11-05,1,FLCNS_UNIT1,0.0,0.0,False,0.0
2025-11-05,1,FLCNS_UNIT2,0.0,0.0,False,0.0
2025-11-05,1,CALHOUN_UNIT1,0.0,0.0,False,0.0
2025-11-05,1,CALHOUN_UNIT2,0.0,0.0,False,0.0
2025-11-05,1,CHAMON_CTG_0101,60.5,0.0,True,2541.0
2025-11-05,1,CHAMON_CTG_0301,60.5,0.0,True,2541.0
2025-11-05,1,CBY4_CT41,205.0,0.0,True,5740.0
2025-11-05,1,CBY4_CT42,205.0,0.0,True,5740.0
2025-11-05,1,CBY4_ST04,205.0,0.0,True,5740.0
2025-11-05,1,CBY_CBY_G1,765.0,0.0,True,26775.0
2025-11-05,1,CBY_CBY_G2,765.0,0.0,True,26775.0
2025-11-05,1,CBEC_GT1,86.5,0.0,True,2422.0
2025-11-05,1,CBEC_GT2,86.5,0.0,True,2422.0
2025-11-05,1,CBEC_GT3,86.5,0.0,True,2422.0
2025-11-05,1,CBEC_GT4,86.5,0.0,True,2422.0
2025-11-05,1,CBEC_STG1,105.0,0.0,True,2940.0
2025-11-05,1,CBEC_STG2,108.79999999999997,2.842170943040401e-14,True,3046.4
2025-11-05,1,CBECII_CT7,360.9,0.0,True,10105.2
2025-11-05,1,CBECII_CT8,360.9,0.0,True,10105.2
2025-11-05,1,CBECII_STG9,326.6462459400836,181.8537540599164,True,9146.0949
2025-11-05,1,CBEC_GT11,41.7,0.0,True,1751.4
2025-11-05,1,CBEC_GT12,8.088455782732252,33.61154421726775,True,339.7151
2025-11-05,1,CVC_CVC_G1,192.1,0.0,True,5378.8
2025-11-05,1,CVC_CVC_G2,192.1,0.0,True,5378.8
2025-11-05,1,CVC_CVC_G3,192.1,0.0,True,5378.8
2025-11-05,1,CVC_CVC_G5,150.0,0.0,True,4200.0
2025-11-05,1,DANSBY_DANSBYG2,0.0,0.0,False,0.0
2025-11-05,1,DANSBY_DANSBYG3,0.0,0.0,False,0.0
2025-11-05,1,DANSBY_DANSBYG1,0.0,0.0,False,0.0
2025-11-05,1,DECKER_DPGT_1,0.0,0.0,False,0.0
2025-11-05,1,DECKER_DPGT_2,0.0,0.0,False,0.0
2025-11-05,1,DECKER_DPGT_3,0.0,0.0,False,0.0
2025-11-05,1,DECKER_DPGT_4,0.0,0.0,False,0.0
2025-11-05,1,DCSES_CT10,0.0,0.0,False,0.0
2025-11-05,1,DCSES_CT20,0.0,0.0,False,0.0
2025-11-05,1,DCSES_CT30,0.0,0.0,False,0.0
2025-11-05,1,DCSES_CT40,0.0,0.0,False,0.0
2025-11-05,1,DDPEC_GT1,60.9,142.1,True,1705.2
2025-11-05,1,DDPEC_GT2,64.5,150.5,True,1806.0
2025-11-05,1,DDPEC_GT3,60.9,142.1,True,1705.2
2025-11-05,1,DDPEC_GT4,0.0,0.0,False,0.0
2025-11-05,1,DDPEC_GT6,0.0,0.0,False,0.0
2025-11-05,1,DDPEC_ST1,190.8514000000012,99.1485999999988,True,5343.8392
2025-11-05,1,DEC_AGR_A,56.5,0.0,True,2542.5
2025-11-05,1,DEC_AGR_B,56.5,0.0,True,2542.5
2025-11-05,1,DEC_AGR_C,56.5,0.0,True,2542.5
2025-11-05,1,DEC_AGR_D,56.5,0.0,True,2542.5
2025-11-05,1,ECEC_G1,0.0,0.0,False,0.0
2025-11-05,1,ECEC_G2,0.0,0.0,False,0.0
2025-11-05,1,ETCCS_CT1,260.0,0.0,True,7280.0
2025-11-05,1,ETCCS_UNIT1,140.0,0.0,True,3920.0
2025-11-05,1,AZ_AZ_G1,0.0,0.0,False,0.0
2025-11-05,1,AZ_AZ_G2,0.0,0.0,False,0.0
2025-11-05,1,AZ_AZ_G3,0.0,0.0,False,0.0
2025-11-05,1,AZ_AZ_G4,0.0,0.0,False,0.0
2025-11-05,1,FERGCC_FERGGT1,0.0,0.0,False,0.0
2025-11-05,1,FERGCC_FERGGT2,0.0,0.0,False,0.0
2025-11-05,1,FERGCC_FERGST1,83.4669199357574,120.5330800642426,True,2337.0738
2025-11-05,1,FRNYPP_GT11,0.0,0.0,False,0.0
2025-11-05,1,FRNYPP_GT12,0.0,0.0,False,0.0
2025-11-05,1,FRNYPP_GT13,0.0,0.0,False,0.0
2025-11-05,1,FRNYPP_GT21,0.0,0.0,False,0.0
2025-11-05,1,FRNYPP_GT22,0.0,0.0,False,0.0
2025-11-05,1,FRNYPP_GT23,0.0,0.0,False,0.0
2025-11-05,1,FRNYPP_ST10,0.0,0.0,False,0.0
2025-11-05,1,FRNYPP_ST20,0.0,0.0,False,0.0
2025-11-05,1,FREC_GT1,179.4,0.0,True,5023.2
2025-11-05,1,FREC_GT2,179.4,0.0,True,5023.2
2025-11-05,1,FREC_GT4,53.82,125.58000000000001,True,1506.96
2025-11-05,1,FREC_GT5,134.294738470774,45.105261529226,True,3760.2527
2025-11-05,1,FREC_ST3,57.21,133.48999999999998,True,1601.88
2025-11-05,1,FREC_ST6,57.21,133.48999999999998,True,1601.88
2025-11-05,1,FEGC_UNIT1,0.0,0.0,False,0.0
2025-11-05,1,FRONT_EC_CT1,177.0,0.0,True,4956.0
2025-11-05,1,FRONT_EC_CT2,177.0,0.0,True,4956.0
2025-11-05,1,FRONT_EC_ST,167.81112014438455,16.688879855615454,True,4698.7114
2025-11-05,1,GRSES_UNIT1,239.0,0.0,True,8365.0
2025-11-05,1,GRSES_UNIT2,390.0,0.0,True,13650.0
2025-11-05,1,GBY_GBYGT73,72.0,0.0,True,3024.0
2025-11-05,1,GBY_GBYGT74,72.0,0.0,True,3024.0
2025-11-05,1,GBY_GBYGT81,72.0,0.0,True,3024.0
2025-11-05,1,GBY_GBYGT82,72.0,0.0,True,3024.0
2025-11-05,1,GBY_GBYGT83,72.0,0.0,True,3024.0
2025-11-05,1,GBY_GBYGT84,72.0,0.0,True,3024.0
2025-11-05,1,STEAM_ENGINE_1,0.0,0.0,False,0.0
2025-11-05,1,STEAM_ENGINE_2,0.0,0.0,False,0.0
2025-11-05,1,STEAM_ENGINE_3,0.0,0.0,False,0.0
2025-11-05,1,LGE_LGE_GT1,185.0,0.0,True,5180.0
2025-11-05,1,LGE_LGE_GT2,185.0,0.0,True,5180.0
2025-11-05,1,LGE_LGE_STG,30.0,70.0,True,840.0
2025-11-05,1,GUADG_GAS1,0.0,0.0,False,0.0
2025-11-05,1,GUADG_GAS2,0.0,0.0,False,0.0
2025-11-05,1,GUADG_GAS3,0.0,0.0,False,0.0
2025-11-05,1,GUADG_GAS4,0.0,0.0,False,0.0
2025-11-05,1,GUADG_STM5,0.0,0.0,False,0.0
2025-11-05,1,GUADG_STM6,0.0,0.0,False,0.0
2025-11-05,1,HLSES_UNIT3,395.0,0.0,True,13825.0
2025-11-05,1,HLSES_UNIT4,435.0,0.0,True,15225.0
2025-11-05,1,HLSES_UNIT5,435.0,0.0,True,15225.0
2025-11-05,1,HAYSEN_HAYSENG1,0.0,0.0,False,0.0
2025-11-05,1,HAYSEN_HAYSENG2,0.0,0.0,False,0.0
2025-11-05,1,HAYSEN_HAYSENG3,0.0,0.0,False,0.0
2025-11-05,1,HAYSEN_HAYSENG4,0.0,0.0,False,0.0
2025-11-05,1,DUKE_DUKE_GT1,176.6,0.0,True,4944.8
2025-11-05,1,DUKE_DUKE_GT2,176.6,0.0,True,4944.8
2025-11-05,1,DUKE_DUKE_ST1,59.43,138.67,True,1664.04
2025-11-05,1,JACKCNTY_CT1,59.67,139.23,True,1670.76
2025-11-05,1,JACKCNTY_CT2,59.67,139.23,True,1670.76
2025-11-05,1,JCKCNTY2_CT3,59.67,139.23,True,1670.76
2025-11-05,1,JCKCNTY2_CT4,59.67,139.23,True,1670.76
2025-11-05,1,JACKCNTY_STG,0.0,0.0,False,0.0
2025-11-05,1,JCKCNTY2_ST2,0.0,0.0,False,0.0
2025-11-05,1,TEN_CT1,0.0,0.0,False,0.0
2025-11-05,1,TEN_STG,0.0,0.0,False,0.0
2025-11-05,1,LHSES_UNIT1,0.0,0.0,False,0.0
2025-11-05,1,LHSES_UNIT2A,0.0,0.0,False,0.0
2025-11-05,1,LPCCS_CT11,0.0,0.0,False,0.0
2025-11-05,1,LPCCS_CT12,186.0,0.0,True,5208.0
2025-11-05,1,LPCCS_CT21,0.0,0.0,False,0.0
2025-11-05,1,LPCCS_CT22,81.78801008446597,104.21198991553402,True,2290.0643
2025-11-05,1,LPCCS_UNIT1,0.0,0.0,False,0.0
2025-11-05,1,LPCCS_UNIT2,0.0,0.0,False,0.0
2025-11-05,1,LARDVFTN_G4,0.0,0.0,False,0.0
2025-11-05,1,LARDVFTN_G5,0.0,0.0,False,0.0
2025-11-05,1,LEON_CRK_LCPCT1,0.0,0.0,False,0.0
2025-11-05,1,LEON_CRK_LCPCT2,0.0,0.0,False,0.0
2025-11-05,1,LEON_CRK_LCPCT3,0.0,0.0,False,0.0
2025-11-05,1,LEON_CRK_LCPCT4,0.0,0.0,False,0.0
2025-11-05,1,LIG_UNIT1,0.0,0.0,False,0.0
2025-11-05,1,LIG_UNIT2,0.0,0.0,False,0.0
2025-11-05,1,LOSTPI_LOSTPGT1,202.5,0.0,True,5670.0
2025-11-05,1,LOSTPI_LOSTPGT2,202.5,0.0,True,5670.0
2025-11-05,1,LOSTPI_LOSTPST1,204.0,0.0,True,5712.0
2025-11-05,1,NEDIN_NEDIN_G1,0.0,0.0,False,0.0
2025-11-05,1,NEDIN_NEDIN_G2,0.0,0.0,False,0.0
2025-11-05,1,NEDIN_NEDIN_G3,0.0,0.0,False,0.0
2025-11-05,1,MDANP_CT1,0.0,0.0,False,0.0
2025-11-05,1,MDANP_CT2,0.0,0.0,False,0.0
2025-11-05,1,MDANP_CT3,0.0,0.0,False,0.0
2025-11-05,1,MDANP_CT4,0.0,0.0,False,0.0
2025-11-05,1,MDANP_CT5,0.0,0.0,False,0.0
2025-11-05,1,MDANP_CT6,0.0,0.0,False,0.0
2025-11-05,1,MGSES_CT1,0.0,0.0,False,0.0
2025-11-05,1,MGSES_CT2,0.0,0.0,False,0.0
2025-11-05,1,MGSES_CT3,0.0,0.0,False,0.0
2025-11-05,1,MGSES_CT4,0.0,0.0,False,0.0
2025-11-05,1,MGSES_CT5,0.0,0.0,False,0.0
2025-11-05,1,MGSES_CT6,0.0,0.0,False,0.0
2025-11-05,1,MCSES_UNIT6,122.0,0.0,True,4270.0
2025-11-05,1,MCSES_UNIT7,118.0,0.0,True,4130.0
2025-11-05,1,MCSES_UNIT8,568.0,0.0,True,19880.0
2025-11-05,1,NUECES_B_NUECESG8,186.69848104368396,2.901518956316039,True,5227.5575
2025-11-05,1,NUECES_B_NUECESG9,189.6,0.0,True,5308.8
2025-11-05,1,NUECES_B_NUECESG7,0.0,0.0,False,0.0
2025-11-05,1,CALAVERS_OWS1,0.0,0.0,False,0.0
2025-11-05,1,CALAVERS_OWS2,0.0,0.0,False,0.0
2025-11-05,1,OECCS_CT11,58.56,136.64,True,1639.68
2025-11-05,1,OECCS_CT12,0.0,0.0,False,0.0
2025-11-05,1,OECCS_CT21,58.56,136.64,True,1639.68
2025-11-05,1,OECCS_CT22,0.0,0.0,False,0.0
2025-11-05,1,OECCS_UNIT1,131.06456530472684,92.93543469527316,True,3669.8078
2025-11-05,1,OECCS_UNIT2,67.2,156.8,True,1881.6
2025-11-05,1,VICTPRT2_UNIT1,0.0,0.0,False,0.0
2025-11-05,1,VICTPRT2_UNIT2,0.0,0.0,False,0.0
2025-11-05,1,PANDA_S_SHER1CT1,232.0,0.0,True,6496.0
2025-11-05,1,PANDA_S_SHER1CT2,232.0,0.0,True,6496.0
2025-11-05,1,PANDA_S_SHER1ST1,353.1,0.0,True,9886.8
2025-11-05,1,PANDA_T1_TMPL1CT1,0.0,0.0,False,0.0
2025-11-05,1,PANDA_T1_TMPL1CT2,0.0,0.0,False,0.0
2025-11-05,1,PANDA_T1_TMPL1ST1,0.0,0.0,False,0.0
2025-11-05,1,PANDA_T2_TMPL2CT1,0.0,0.0,False,0.0
2025-11-05,1,PANDA_T2_TMPL2CT2,0.0,0.0,False,0.0
2025-11-05,1,PANDA_T2_TMPL2ST1,0.0,0.0,False,0.0
2025-11-05,1,TNSKA_GT1,0.0,0.0,False,0.0
2025-11-05,1,TNSKA_GT2,0.0,0.0,False,0.0
2025-11-05,1,TNSKA_STG,0.0,0.0,False,0.0
2025-11-05,1,PSG_PSG_GT2,0.0,0.0,False,0.0
2025-11-05,1,PSG_PSG_GT3,99.86952800756671,115.23047199243328,True,2796.3468
2025-11-05,1,PSG_PSG_ST2,0.0,0.0,False,0.0
2025-11-05,1,PEARSAL2_AGR_A,0.0,0.0,False,0.0
2025-11-05,1,PEARSAL2_AGR_B,0.0,0.0,False,0.0
2025-11-05,1,PEARSAL2_AGR_C,0.0,0.0,False,0.0
2025-11-05,1,PEARSAL2_AGR_D,0.0,0.0,False,0.0
2025-11-05,1,PB2SES_CT1,0.0,0.0,False,0.0
2025-11-05,1,PB2SES_CT2,0.0,0.0,False,0.0
2025-11-05,1,PB2SES_CT3,0.0,0.0,False,0.0
2025-11-05,1,PB2SES_CT4,0.0,0.0,False,0.0
2025-11-05,1,PB2SES_CT5,0.0,0.0,False,0.0
2025-11-05,1,PRO_UNIT1,0.0,0.0,False,0.0
2025-11-05,1,PRO_UNIT2,0.0,0.0,False,0.0
2025-11-05,1,PRO_UNIT3,0.0,0.0,False,0.0
2025-11-05,1,PRO_UNIT4,0.0,0.0,False,0.0
2025-11-05,1,PRO_UNIT5,0.0,0.0,False,0.0
2025-11-05,1,PRO_UNIT6,0.0,0.0,False,0.0
2025-11-05,1,PRO_UNIT7,0.0,0.0,False,0.0
2025-11-05,1,PRO_UNIT8,0.0,0.0,False,0.0
2025-11-05,1,BAC_CTG1,65.0,0.0,True,2730.0
2025-11-05,1,BAC_CTG2,65.0,0.0,True,2730.0
2025-11-05,1,BAC_CTG3,65.0,0.0,True,2730.0
2025-11-05,1,BAC_CTG4,65.0,0.0,True,2730.0
2025-11-05,1,BAC_CTG5,65.0,0.0,True,2730.0
2025-11-05,1,BAC_CTG6,65.0,0.0,True,2730.0
2025-11-05,1,STEAM1A_STEAM_1,0.0,0.0,False,0.0
2025-11-05,1,STEAM_STEAM_2,0.0,0.0,False,0.0
2025-11-05,1,STEAM_STEAM_3,0.0,0.0,False,0.0
2025-11-05,1,QALSW_GT1,90.6,0.0,True,2536.8
2025-11-05,1,QALSW_GT2,90.6,0.0,True,2536.8
2025-11-05,1,QALSW_GT3,90.6,0.0,True,2536.8
2025-11-05,1,QALSW_GT4,90.6,0.0,True,2536.8
2025-11-05,1,QALSW_STG1,98.1,0.0,True,2746.8
2025-11-05,1,QALSW_STG2,98.1,0.0,True,2746.8
2025-11-05,1,MIL_MILLERG4,116.0,0.0,True,4872.0
2025-11-05,1,MIL_MILLERG5,116.0,0.0,True,4872.0
2025-11-05,1,MIL_MILLERG1,75.0,0.0,True,2625.0
2025-11-05,1,MIL_MILLERG2,120.0,0.0,True,4200.0
2025-11-05,1,MIL_MILLERG3,216.0,0.0,True,7560.0
2025-11-05,1,OLINGR_OLING_4,0.0,0.0,False,0.0
2025-11-05,1,OLINGR_OLING_2,0.0,0.0,False,0.0
2025-11-05,1,OLINGR_OLING_3,0.0,0.0,False,0.0
2025-11-05,1,RAB_UNIT1,0.0,0.0,False,0.0
2025-11-05,1,RAB_UNIT2,0.0,0.0,False,0.0
2025-11-05,1,RAB_UNIT3,0.0,0.0,False,0.0
2025-11-05,1,RAB_UNIT4,0.0,0.0,False,0.0
2025-11-05,1,RAB_UNIT5,0.0,0.0,False,0.0
2025-11-05,1,RAB_UNIT6,0.0,0.0,False,0.0
2025-11-05,1,RAB_UNIT7,0.0,0.0,False,0.0
2025-11-05,1,RAB_UNIT8,0.0,0.0,False,0.0
2025-11-05,1,REDGATE_AGR_A,0.0,0.0,False,0.0
2025-11-05,1,REDGATE_AGR_B,0.0,0.0,False,0.0
2025-11-05,1,REDGATE_AGR_C,0.0,0.0,False,0.0
2025-11-05,1,REDGATE_AGR_D,0.0,0.0,False,0.0
2025-11-05,1,JAD_UNIT1,0.0,0.0,False,0.0
2025-11-05,1,JAD_UNIT2,0.0,0.0,False,0.0
2025-11-05,1,JAD_UNIT3,0.0,0.0,False,0.0
2025-11-05,1,JAD_UNIT4,0.0,0.0,False,0.0
2025-11-05,1,JAD_UNIT5,0.0,0.0,False,0.0
2025-11-05,1,JAD_UNIT6,0.0,0.0,False,0.0
2025-11-05,1,JAD_UNIT7,0.0,0.0,False,0.0
2025-11-05,1,JAD_UNIT8,0.0,0.0,False,0.0
2025-11-05,1,RIONOG_CT1,0.0,0.0,False,0.0
2025-11-05,1,RIONOG_CT2,0.0,0.0,False,0.0
2025-11-05,1,RIONOG_CT3,0.0,0.0,False,0.0
2025-11-05,1,RIONOG_ST1,0.0,0.0,False,0.0
2025-11-05,1,RAYBURN_RAYBURG7,18.15,42.35,True,508.2
2025-11-05,1,RAYBURN_RAYBURG8,18.15,42.35,True,508.2
2025-11-05,1,RAYBURN_RAYBURG9,46.55143508019582,13.948564919804177,True,1303.4402
2025-11-05,1,RAYBURN_RAYBURG10,0.0,0.0,False,0.0
2025-11-05,1,SJS_SJS_G1,88.19999999999999,1.4210854715202004e-14,True,3704.4
2025-11-05,1,SJS_SJS_G2,88.19999999999999,1.4210854715202004e-14,True,3704.4
2025-11-05,1,SANDHSYD_SH1,0.0,0.0,False,0.0
2025-11-05,1,SANDHSYD_SH2,0.0,0.0,False,0.0
2025-11-05,1,SANDHSYD_SH3,0.0,0.0,False,0.0
2025-11-05,1,SANDHSYD_SH4,0.0,0.0,False,0.0
2025-11-05,1,SANDHSYD_SH_5A,198.90000000000003,-2.842170943040401e-14,True,5569.2
2025-11-05,1,SANDHSYD_SH6,0.0,0.0,False,0.0
2025-11-05,1,SANDHSYD_SH7,0.0,0.0,False,0.0
2025-11-05,1,SANDHSYD_SH_5C,188.24925243775596,2.750747562244044,True,5270.9791
2025-11-05,1,SILASRAY_SILAS_10,0.0,0.0,False,0.0
2025-11-05,1,SILASRAY_SILAS_9,50.0,0.0,True,1400.0
2025-11-05,1,SILASRAY_SILAS_6,25.0,0.0,True,700.0
2025-11-05,1,GIDEON_GIDEONG1,0.0,0.0,False,0.0
2025-11-05,1,GIDEON_GIDEONG2,0.0,0.0,False,0.0
2025-11-05,1,GIDEON_GIDEONG3,0.0,0.0,False,0.0
2025-11-05,1,SKY1_SKY1A,0.0,0.0,False,0.0
2025-11-05,1,SKY1_SKY1B,0.0,0.0,False,0.0
2025-11-05,1,SPNCER_SPNCE_4,61.0,0.0,True,2135.0
2025-11-05,1,SPNCER_SPNCE_5,65.0,0.0,True,2275.0
2025-11-05,1,SCSES_UNIT1A,155.30336348077643,21.696636519223574,True,5435.6177
2025-11-05,1,SCSES_UNIT2,502.0,0.0,True,17570.0
2025-11-05,1,THW_THWGT_1,16.3,0.0,True,684.6
2025-11-05,1,THW_THWGT31,51.3,0.0,True,1436.4
2025-11-05,1,THW_THWGT32,51.3,0.0,True,1436.4
2025-11-05,1,THW_THWGT33,51.3,0.0,True,1436.4
2025-11-05,1,THW_THWGT34,51.3,0.0,True,1436.4
2025-11-05,1,THW_THWGT41,51.3,0.0,True,1436.4
2025-11-05,1,THW_THWGT42,51.3,0.0,True,1436.4
2025-11-05,1,THW_THWGT43,62.0,0.0,True,1736.0
2025-11-05,1,THW_THWGT44,62.0,0.0,True,1736.0
2025-11-05,1,THW_THWGT51,85.0,0.0,True,3570.0
2025-11-05,1,THW_THWGT52,85.0,0.0,True,3570.0
2025-11-05,1,THW_THWGT53,85.0,0.0,True,3570.0
2025-11-05,1,THW_THWGT54,85.0,0.0,True,3570.0
2025-11-05,1,THW_THWGT55,85.0,0.0,True,3570.0
2025-11-05,1,THW_THWGT56,85.0,0.0,True,3570.0
2025-11-05,1,THW_THWST_3,113.1,0.0,True,3166.8
2025-11-05,1,THW_THWST_4,113.1,0.0,True,3166.8
2025-11-05,1,TXCTY_CTA,129.1,0.0,True,3614.8
2025-11-05,1,TXCTY_CTB,129.1,0.0,True,3614.8
2025-11-05,1,TXCTY_CTC,129.1,0.0,True,3614.8
2025-11-05,1,TXCTY_ST,143.7,0.0,True,4023.6
2025-11-05,1,TGS_GT01,0.0,0.0,False,0.0
2025-11-05,1,TIMPP_AGR1,0.0,0.0,False,0.0
2025-11-05,1,TIMPP_AGR2,0.0,0.0,False,0.0
2025-11-05,1,TIMPP_AGR3,0.0,0.0,False,0.0
2025-11-05,1,TIMPP_AGR4,0.0,0.0,False,0.0
2025-11-05,1,TRSES_UNIT6,239.0,0.0,True,8365.0
2025-11-05,1,TOPAZ_UNIT1,60.5,0.0,True,2541.0
2025-11-05,1,TOPAZ_UNIT2,60.5,0.0,True,2541.0
2025-11-05,1,TOPAZ_UNIT3,60.5,0.0,True,2541.0
2025-11-05,1,TOPAZ_UNIT4,60.5,0.0,True,2541.0
2025-11-05,1,TOPAZ_UNIT5,60.5,0.0,True,2541.0
2025-11-05,1,TOPAZ_UNIT6,60.5,0.0,True,2541.0
2025-11-05,1,TOPAZ_UNIT7,60.5,0.0,True,2541.0
2025-11-05,1,TOPAZ_UNIT8,60.5,0.0,True,2541.0
2025-11-05,1,TOPAZ_UNIT9,60.5,0.0,True,2541.0
2025-11-05,1,TOPAZ_UNIT10,60.5,0.0,True,2541.0
2025-11-05,1,BRAUNIG_VHB6CT5,0.0,0.0,False,0.0
2025-11-05,1,BRAUNIG_VHB6CT6,0.0,0.0,False,0.0
2025-11-05,1,BRAUNIG_VHB6CT7,0.0,0.0,False,0.0
2025-11-05,1,BRAUNIG_VHB6CT8,0.0,0.0,False,0.0
2025-11-05,1,CITYVICT_CTG01,0.0,0.0,False,0.0
2025-11-05,1,CITYVICT_CTG02,0.0,0.0,False,0.0
2025-11-05,1,VICTPORT_CTG01,0.0,0.0,False,0.0
2025-11-05,1,VICTPORT_CTG02,0.0,0.0,False,0.0
2025-11-05,1,VICTORIA_VICTORG6,155.95011941816944,40.94988058183057,True,4366.6033
2025-11-05,1,VICTORIA_VICTORG5,180.2,0.0,True,5045.6
2025-11-05,1,WAP_WAPGT_1,0.0,0.0,False,0.0
2025-11-05,1,WAP_WAP_G1,0.0,0.0,False,0.0
2025-11-05,1,WAP_WAP_G2,0.0,0.0,False,0.0
2025-11-05,1,WAP_WAP_G3,0.0,0.0,False,0.0
2025-11-05,1,WAP_WAP_G4,0.0,0.0,False,0.0
2025-11-05,1,WFCOGEN_UNIT1,20.0,0.0,True,560.0
2025-11-05,1,WFCOGEN_UNIT2,20.0,0.0,True,560.0
2025-11-05,1,WFCOGEN_UNIT3,20.0,0.0,True,560.0
2025-11-05,1,WIPOPA_WPP_G1,6.05,54.45,True,254.1
2025-11-05,1,WIPOPA_WPP_G2,60.5,0.0,True,2541.0
2025-11-05,1,WIPOPA_WPP_G3,33.24707613164344,27.25292386835656,True,1396.3772
2025-11-05,1,WIPOPA_WPP_G4,6.05,54.45,True,254.1
2025-11-05,1,WCPP_CT1,0.0,0.0,False,0.0
2025-11-05,1,WCPP_CT2,0.0,0.0,False,0.0
2025-11-05,1,WCPP_ST1,0.0,0.0,False,0.0
2025-11-05,1,WHCCS_CT1,0.0,0.0,False,0.0
2025-11-05,1,WHCCS_CT2,0.0,0.0,False,0.0
2025-11-05,1,WHCCS_STG,0.0,0.0,False,0.0
2025-11-05,1,WHCCS2_CT4,0.0,0.0,False,0.0
2025-11-05,1,WHCCS2_CT5,0.0,0.0,False,0.0
2025-11-05,1,WHCCS2_STG6,0.0,0.0,False,0.0
2025-11-05,1,NACPW_UNIT1,0.0,0.0,False,0.0
2025-11-05,1,HBR_2UNITS,3.2,0.0,True,128.0
2025-11-05,1,TRIRA_1UNIT,4.0,0.0,True,160.0
2025-11-05,1,78252_4UNITS,0.0,0.0,False,0.0
2025-11-05,1,SPRIN_4UNITS,0.0,0.0,False,0.0
2025-11-05,1,FREIH_2UNITS,0.0,0.0,False,0.0
2025-11-05,1,WSTHL_3UNITS,4.8,0.0,True,192.0
2025-11-05,1,FEGC_CTG2,0.0,0.0,False,0.0
2025-11-05,1,FEGC_CTG3,0.0,0.0,False,0.0
2025-11-05,1,FEGC_CTG4,0.0,0.0,False,0.0
2025-11-05,1,OLNEYTN_AGR1,10.0,0.0,True,600.0
2025-11-05,1,AMISTAD_AMISTAG1,0.0,0.0,False,0.0
2025-11-05,1,AMISTAD_AMISTAG2,0.0,0.0,False,0.0
2025-11-05,1,AUSTPL_AUSTING1,9.0,0.0,True,9.0
2025-11-05,1,AUSTPL_AUSTING2,9.0,0.0,True,9.0
2025-11-05,1,BUCHAN_BUCHANG1,18.299999999999997,3.552713678800501e-15,True,18.3
2025-11-05,1,BUCHAN_BUCHANG2,18.299999999999997,3.552713678800501e-15,True,18.3
2025-11-05,1,BUCHAN_BUCHANG3,18.299999999999997,3.552713678800501e-15,True,18.3
2025-11-05,1,DNDAM_DENISOG1,50.8,0.0,True,50.8
2025-11-05,1,DNDAM_DENISOG2,50.8,0.0,True,50.8
2025-11-05,1,FALCON_FALCONG1,12.0,0.0,True,12.0
2025-11-05,1,FALCON_FALCONG2,12.0,0.0,True,12.0
2025-11-05,1,FALCON_FALCONG3,12.0,0.0,True,12.0
2025-11-05,1,WIRTZ_WIRTZ_G1,29.0,0.0,True,29.0
2025-11-05,1,WIRTZ_WIRTZ_G2,29.0,0.0,True,29.0
2025-11-05,1,CANYHY_CANYHYG1,6.0,0.0,True,6.0
2025-11-05,1,INKSDA_INKS_G1,15.0,0.0,True,15.0
2025-11-05,1,MARBFA_MARBFAG1,21.0,0.0,True,21.0
2025-11-05,1,MARBFA_MARBFAG2,20.0,0.0,True,20.0
2025-11-05,1,MARSFO_MARSFOG1,36.0,0.0,True,36.0
2025-11-05,1,MARSFO_MARSFOG2,36.0,0.0,True,36.0
2025-11-05,1,MARSFO_MARSFOG3,36.0,0.0,True,36.0
2025-11-05,1,WND_WHITNEY1,0.0,0.0,False,0.0
2025-11-05,1,WND_WHITNEY2,0.0,0.0,False,0.0
2025-11-05,1,AEEC_ANTLP_1,0.0,0.0,False,0.0
2025-11-05,1,AEEC_ANTLP_2,0.0,0.0,False,0.0
2025-11-05,1,AEEC_ANTLP_3,0.0,0.0,False,0.0
2025-11-05,1,AEEC_ELK_1,0.0,0.0,False,0.0
2025-11-05,1,AEEC_ELK_2,0.0,0.0,False,0.0
2025-11-05,1,AEEC_ELK_3,0.0,0.0,False,0.0
2025-11-05,1,FTR_FTR_G1,0.0,0.0,False,0.0
2025-11-05,1,FTR_FTR_G2,0.0,0.0,False,0.0
2025-11-05,1,FTR_FTR_G3,0.0,0.0,False,0.0
2025-11-05,1,FTR_FTR_G4,0.0,0.0,False,0.0
2025-11-05,1,TGCCS_CT1,0.0,0.0,False,0.0
2025-11-05,1,TGCCS_CT2,0.0,0.0,False,0.0
2025-11-05,1,TGCCS_CT3,53.7,125.3,True,1503.6
2025-11-05,1,TGCCS_UNIT4,0.0,0.0,False,0.0
2025-11-05,1,KMCHI_1CT101,55.5,129.5,True,1554.0
2025-11-05,1,KMCHI_1CT201,55.5,129.5,True,1554.0
2025-11-05,1,KMCHI_1ST,99.0,231.0,True,2772.0
2025-11-05,1,KMCHI_2CT101,185.0,0.0,True,5180.0
2025-11-05,1,KMCHI_2CT201,55.5,129.5,True,1554.0
2025-11-05,1,KMCHI_2ST,99.0,231.0,True,2772.0
2025-11-05,1,A4_DGR1,0.0,0.0,False,0.0
2025-11-05,1,A4_DGR2,0.0,0.0,False,0.0
2025-11-05,1,K2_DGR1,0.0,0.0,False,0.0
2025-11-05,1,K2_DGR2,0.0,0.0,False,0.0
2025-11-05,1,P2_DGR1,0.0,0.0,False,0.0
2025-11-05,1,P2_DGR2,0.0,0.0,False,0.0
2025-11-05,1,Q1_DGR1,0.0,0.0,False,0.0
2025-11-05,1,BRAUNIG_VHB3,0.0,0.0,False,0.0
2025-11-05,1,V2_DGR1,0.0,0.0,False,0.0
2025-11-05,1,V2_DGR2,0.0,0.0,False,0.0
2025-11-05,1,V2_DGR3,0.0,0.0,False,0.0
2025-11-05,1,V4_DGR1,0.0,0.0,False,0.0
2025-11-05,1,X1_DGR1,0.0,0.0,False,0.0
2025-11-05,1,Z0_DGR1,0.0,0.0,False,0.0
2025-11-05,1,Z0_DGR2,0.0,0.0,False,0.0
2025-11-05,1,Z5_DGR1,0.0,0.0,False,0.0
2025-11-05,1,DC_E,437.6804925140686,162.3195074859314,True,15318.8172
2025-11-05,1,DC_N,204.99803223089663,15.001967769103373,True,7174.9311
2025-11-05,1,DC_L,0.0,0.0,False,0.0
2025-11-05,1,DC_R,0.0,0.0,False,0.0
2025-11-05,1,CEDARVALE_GAS,0.0,0.0,False,0.0
2025-11-05,1,ENCHANTED_ROCK_NEWPP,30.0,0.0,True,1350.0
2025-11-05,2,CPSES_UNIT1,1243.5841691500555,25.41583084994454,True,9948.6734
2025-11-05,2,CPSES_UNIT2,1269.0,0.0,True,10152.0
2025-11-05,2,STP_STP_G1,1365.0,0.0,True,10920.0
2025-11-05,2,STP_STP_G2,1365.0,0.0,True,10920.0
2025-11-05,2,COLETO_COLETOG1,655.0,0.0,True,16375.0
2025-11-05,2,FPPYD1_FPP_G1,615.0,0.0,True,15375.0
2025-11-05,2,FPPYD1_FPP_G2,615.0,0.0,True,15375.0
2025-11-05,2,FPPYD2_FPP_G3,460.0,0.0,True,11500.0
2025-11-05,2,CALAVERS_JKS1,320.538494816655,239.46150518334503,True,8013.4624
2025-11-05,2,CALAVERS_JKS2,368.8,553.2,True,9220.0
2025-11-05,2,LEG_LEG_G1,0.0,0.0,False,0.0
2025-11-05,2,LEG_LEG_G2,0.0,0.0,False,0.0
2025-11-05,2,MLSES_UNIT1,0.0,0.0,False,0.0
2025-11-05,2,MLSES_UNIT2,0.0,0.0,False,0.0
2025-11-05,2,MLSES_UNIT3,0.0,0.0,False,0.0
2025-11-05,2,OGSES_UNIT1A,0.0,0.0,False,0.0
2025-11-05,2,OGSES_UNIT2,0.0,0.0,False,0.0
2025-11-05,2,SANMIGL_G1,430.0,0.0,True,10750.0
2025-11-05,2,SCES_UNIT1,0.0,0.0,False,0.0
2025-11-05,2,TNP_ONE_TNP_O_1,0.0,0.0,False,0.0
2025-11-05,2,TNP_ONE_TNP_O_2,0.0,0.0,False,0.0
2025-11-05,2,WAP_WAP_G5,0.0,0.0,False,0.0
2025-11-05,2,WAP_WAP_G6,0.0,0.0,False,0.0
2025-11-05,2,WAP_WAP_G7,614.6,0.0,True,15365.0
2025-11-05,2,WAP_WAP_G8,0.0,0.0,False,0.0
2025-11-05,2,BRAUNIG_AVR1_CT1,0.0,0.0,False,0.0
2025-11-05,2,BRAUNIG_AVR1_CT2,0.0,0.0,False,0.0
2025-11-05,2,BRAUNIG_AVR1_ST,0.0,0.0,False,0.0
2025-11-05,2,ATKINS_ATKINSG7,0.0,0.0,False,0.0
2025-11-05,2,B_DAVIS_B_DAVIG3,0.0,0.0,False,0.0
2025-11-05,2,B_DAVIS_B_DAVIG4,0.0,0.0,False,0.0
2025-11-05,2,B_DAVIS_B_DAVIG1,0.0,0.0,False,0.0
2025-11-05,2,B_DAVIS_B_DAVIG2,0.0,0.0,False,0.0
2025-11-05,2,BASTEN_GTG1100,0.0,0.0,False,0.0
2025-11-05,2,BASTEN_GTG2100,0.0,0.0,False,0.0
2025-11-05,2,BASTEN_ST0100,0.0,0.0,False,0.0
2025-11-05,2,BCH_UNIT1,60.5,0.0,True,2541.0
2025-11-05,2,BCH_UNIT2,60.5,0.0,True,2541.0
2025-11-05,2,BCH_UNIT3,60.5,0.0,True,2541.0
2025-11-05,2,BCH_UNIT4,60.5,0.0,True,2541.0
2025-11-05,2,BCH_UNIT5,60.5,0.0,True,2541.0
2025-11-05,2,BCH_UNIT6,60.5,0.0,True,2541.0
2025-11-05,2,BCH_UNIT7,60.5,0.0,True,2541.0
2025-11-05,2,BCH_UNIT8,60.5,0.0,True,2541.0
2025-11-05,2,BOSQUESW_BSQSU_1,0.0,0.0,False,0.0
2025-11-05,2,BOSQUESW_BSQSU_2,0.0,0.0,False,0.0
2025-11-05,2,BOSQUESW_BSQSU_3,0.0,0.0,False,0.0
2025-11-05,2,BOSQUESW_BSQSU_4,0.0,0.0,False,0.0
2025-11-05,2,BOSQUESW_BSQSU_5,0.0,0.0,False,0.0
2025-11-05,2,BVE_UNIT1,198.90000000000003,-2.842170943040401e-14,True,5569.2
2025-11-05,2,BVE_UNIT2,198.90000000000003,-2.842170943040401e-14,True,5569.2
2025-11-05,2,BVE_UNIT3,275.6,0.0,True,7716.8
2025-11-05,2,BTM_UNIT1,60.5,0.0,True,2541.0
2025-11-05,2,BTM_UNIT2,60.5,0.0,True,2541.0
2025-11-05,2,BTM_UNIT3,60.5,0.0,True,2541.0
2025-11-05,2,BTM_UNIT4,60.5,0.0,True,2541.0
2025-11-05,2,BTM_UNIT5,60.5,0.0,True,2541.0
2025-11-05,2,BTM_UNIT6,60.5,0.0,True,2541.0
2025-11-05,2,BTM_UNIT7,60.5,0.0,True,2541.0
2025-11-05,2,BTM_UNIT8,60.5,0.0,True,2541.0
2025-11-05,2,FLCNS_UNIT1,0.0,0.0,False,0.0
2025-11-05,2,FLCNS_UNIT2,0.0,0.0,False,0.0
2025-11-05,2,CALHOUN_UNIT1,0.0,0.0,False,0.0
2025-11-05,2,CALHOUN_UNIT2,0.0,0.0,False,0.0
2025-11-05,2,CHAMON_CTG_0101,60.5,0.0,True,2541.0
2025-11-05,2,CHAMON_CTG_0301,60.5,0.0,True,2541.0
2025-11-05,2,CBY4_CT41,205.0,0.0,True,5740.0
2025-11-05,2,CBY4_CT42,205.0,0.0,True,5740.0
2025-11-05,2,CBY4_ST04,205.0,0.0,True,5740.0
2025-11-05,2,CBY_CBY_G1,765.0,0.0,True,26775.0
2025-11-05,2,CBY_CBY_G2,765.0,0.0,True,26775.0
2025-11-05,2,CBEC_GT1,86.5,0.0,True,2422.0
2025-11-05,2,CBEC_GT2,86.5,0.0,True,2422.0
2025-11-05,2,CBEC_GT3,86.5,0.0,True,2422.0
2025-11-05,2,CBEC_GT4,86.5,0.0,True,2422.0
2025-11-05,2,CBEC_STG1,105.0,0.0,True,2940.0
2025-11-05,2,CBEC_STG2,108.79999999999997,2.842170943040401e-14,True,3046.4
2025-11-05,2,CBECII_CT7,360.9,0.0,True,10105.2
2025-11-05,2,CBECII_CT8,360.9,0.0,True,10105.2
2025-11-05,2,CBECII_STG9,275.62193627501694,232.87806372498306,True,7717.4142
2025-11-05,2,CBEC_GT11,4.17,37.53,True,175.14
2025-11-05,2,CBEC_GT12,15.372109985211564,26.327890014788437,True,645.6286
2025-11-05,2,CVC_CVC_G1,192.1,0.0,True,5378.8
2025-11-05,2,CVC_CVC_G2,192.1,0.0,True,5378.8
2025-11-05,2,CVC_CVC_G3,192.1,0.0,True,5378.8
2025-11-05,2,CVC_CVC_G5,150.0,0.0,True,4200.0
2025-11-05,2,DANSBY_DANSBYG2,0.0,0.0,False,0.0
2025-11-05,2,DANSBY_DANSBYG3,0.0,0.0,False,0.0
2025-11-05,2,DANSBY_DANSBYG1,0.0,0.0,False,0.0
2025-11-05,2,DECKER_DPGT_1,0.0,0.0,False,0.0
2025-11-05,2,DECKER_DPGT_2,0.0,0.0,False,0.0
2025-11-05,2,DECKER_DPGT_3,0.0,0.0,False,0.0
2025-11-05,2,DECKER_DPGT_4,0.0,0.0,False,0.0
2025-11-05,2,DCSES_CT10,0.0,0.0,False,0.0
2025-11-05,2,DCSES_CT20,0.0,0.0,False,0.0
2025-11-05,2,DCSES_CT30,0.0,0.0,False,0.0
2025-11-05,2,DCSES_CT40,0.0,0.0,False,0.0
2025-11-05,2,DDPEC_GT1,60.9,142.1,True,1705.2
2025-11-05,2,DDPEC_GT2,64.5,150.5,True,1806.0
2025-11-05,2,DDPEC_GT3,60.9,142.1,True,1705.2
2025-11-05,2,DDPEC_GT4,0.0,0.0,False,0.0
2025-11-05,2,DDPEC_GT6,0.0,0.0,False,0.0
2025-11-05,2,DDPEC_ST1,87.0,203.0,True,2436.0
2025-11-05,2,DEC_AGR_A,56.5,0.0,True,2542.5
2025-11-05,2,DEC_AGR_B,56.5,0.0,True,2542.5
2025-11-05,2,DEC_AGR_C,56.5,0.0,True,2542.5
2025-11-05,2,DEC_AGR_D,56.5,0.0,True,2542.5
2025-11-05,2,ECEC_G1,0.0,0.0,False,0.0
2025-11-05,2,ECEC_G2,0.0,0.0,False,0.0
2025-11-05,2,ETCCS_CT1,260.0,0.0,True,7280.0
2025-11-05,2,ETCCS_UNIT1,140.0,0.0,True,3920.0
2025-11-05,2,AZ_AZ_G1,0.0,0.0,False,0.0
2025-11-05,2,AZ_AZ_G2,0.0,0.0,False,0.0
2025-11-05,2,AZ_AZ_G3,0.0,0.0,False,0.0
2025-11-05,2,AZ_AZ_G4,0.0,0.0,False,0.0
2025-11-05,2,FERGCC_FERGGT1,0.0,0.0,False,0.0
2025-11-05,2,FERGCC_FERGGT2,0.0,0.0,False,0.0
2025-11-05,2,FERGCC_FERGST1,204.0,0.0,True,5712.0
2025-11-05,2,FRNYPP_GT11,0.0,0.0,False,0.0
2025-11-05,2,FRNYPP_GT12,0.0,0.0,False,0.0
2025-11-05,2,FRNYPP_GT13,0.0,0.0,False,0.0
2025-11-05,2,FRNYPP_GT21,0.0,0.0,False,0.0
2025-11-05,2,FRNYPP_GT22,0.0,0.0,False,0.0
2025-11-05,2,FRNYPP_GT23,0.0,0.0,False,0.0
2025-11-05,2,FRNYPP_ST10,0.0,0.0,False,0.0
2025-11-05,2,FRNYPP_ST20,0.0,0.0,False,0.0
2025-11-05,2,FREC_GT1,179.4,0.0,True,5023.2
2025-11-05,2,FREC_GT2,53.82,125.58000000000001,True,1506.96
2025-11-05,2,FREC_GT4,179.4,0.0,True,5023.2
2025-11-05,2,FREC_GT5,142.62009421377883,36.77990578622118,True,3993.3626
2025-11-05,2,FREC_ST3,57.21,133.48999999999998,True,1601.88
2025-11-05,2,FREC_ST6,57.21,133.48999999999998,True,1601.88
2025-11-05,2,FEGC_UNIT1,0.0,0.0,False,0.0
2025-11-05,2,FRONT_EC_CT1,177.0,0.0,True,4956.0
2025-11-05,2,FRONT_EC_CT2,177.0,0.0,True,4956.0
2025-11-05,2,FRONT_EC_ST,170.61058053157004,13.889419468429963,True,4777.0963
2025-11-05,2,GRSES_UNIT1,239.0,0.0,True,8365.0
2025-11-05,2,GRSES_UNIT2,390.0,0.0,True,13650.0
2025-11-05,2,GBY_GBYGT73,72.0,0.0,True,3024.0
2025-11-05,2,GBY_GBYGT74,72.0,0.0,True,3024.0
2025-11-05,2,GBY_GBYGT81,72.0,0.0,True,3024.0
2025-11-05,2,GBY_GBYGT82,72.0,0.0,True,3024.0
2025-11-05,2,GBY_GBYGT83,72.0,0.0,True,3024.0
2025-11-05,2,GBY_GBYGT84,72.0,0.0,True,3024.0
2025-11-05,2,STEAM_ENGINE_1,0.0,0.0,False,0.0
2025-11-05,2,STEAM_ENGINE_2,0.0,0.0,False,0.0
2025-11-05,2,STEAM_ENGINE_3,0.0,0.0,False,0.0
2025-11-05,2,LGE_LGE_GT1,185.0,0.0,True,5180.0
2025-11-05,2,LGE_LGE_GT2,185.0,0.0,True,5180.0
2025-11-05,2,LGE_LGE_STG,30.0,70.0,True,840.0
2025-11-05,2,GUADG_GAS1,0.0,0.0,False,0.0
2025-11-05,2,GUADG_GAS2,0.0,0.0,False,0.0
2025-11-05,2,GUADG_GAS3,0.0,0.0,False,0.0
2025-11-05,2,GUADG_GAS4,0.0,0.0,False,0.0
2025-11-05,2,GUADG_STM5,0.0,0.0,False,0.0
2025-11-05,2,GUADG_STM6,0.0,0.0,False,0.0
2025-11-05,2,HLSES_UNIT3,395.0,0.0,True,13825.0
2025-11-05,2,HLSES_UNIT4,435.0,0.0,True,15225.0
2025-11-05,2,HLSES_UNIT5,435.0,0.0,True,15225.0
2025-11-05,2,HAYSEN_HAYSENG1,0.0,0.0,False,0.0
2025-11-05,2,HAYSEN_HAYSENG2,0.0,0.0,False,0.0
2025-11-05,2,HAYSEN_HAYSENG3,0.0,0.0,False,0.0
2025-11-05,2,HAYSEN_HAYSENG4,0.0,0.0,False,0.0
2025-11-05,2,DUKE_DUKE_GT1,176.6,0.0,True,4944.8
2025-11-05,2,DUKE_DUKE_GT2,176.6,0.0,True,4944.8
2025-11-05,2,DUKE_DUKE_ST1,59.43,138.67,True,1664.04
2025-11-05,2,JACKCNTY_CT1,59.67,139.23,True,1670.76
2025-11-05,2,JACKCNTY_CT2,59.67,139.23,True,1670.76
2025-11-05,2,JCKCNTY2_CT3,59.67,139.23,True,1670.76
2025-11-05,2,JCKCNTY2_CT4,59.67,139.23,True,1670.76
2025-11-05,2,JACKCNTY_STG,0.0,0.0,False,0.0
2025-11-05,2,JCKCNTY2_ST2,0.0,0.0,False,0.0
2025-11-05,2,TEN_CT1,0.0,0.0,False,0.0
2025-11-05,2,TEN_STG,0.0,0.0,False,0.0
2025-11-05,2,LHSES_UNIT1,0.0,0.0,False,0.0
2025-11-05,2,LHSES_UNIT2A,0.0,0.0,False,0.0
2025-11-05,2,LPCCS_CT11,0.0,0.0,False,0.0
2025-11-05,2,LPCCS_CT12,186.0,0.0,True,5208.0
2025-11-05,2,LPCCS_CT21,0.0,0.0,False,0.0
2025-11-05,2,LPCCS_CT22,85.95998753197013,100.04001246802986,True,2406.8797
2025-11-05,2,LPCCS_UNIT1,0.0,0.0,False,0.0
2025-11-05,2,LPCCS_UNIT2,0.0,0.0,False,0.0
2025-11-05,2,LARDVFTN_G4,0.0,0.0,False,0.0
2025-11-05,2,LARDVFTN_G5,0.0,0.0,False,0.0
2025-11-05,2,LEON_CRK_LCPCT1,0.0,0.0,False,0.0
2025-11-05,2,LEON_CRK_LCPCT2,0.0,0.0,False,0.0
2025-11-05,2,LEON_CRK_LCPCT3,0.0,0.0,False,0.0
2025-11-05,2,LEON_CRK_LCPCT4,0.0,0.0,False,0.0
2025-11-05,2,LIG_UNIT1,0.0,0.0,False,0.0
2025-11-05,2,LIG_UNIT2,0.0,0.0,False,0.0
2025-11-05,2,LOSTPI_LOSTPGT1,202.5,0.0,True,5670.0
2025-11-05,2,LOSTPI_LOSTPGT2,202.5,0.0,True,5670.0
2025-11-05,2,LOSTPI_LOSTPST1,204.0,0.0,True,5712.0
2025-11-05,2,NEDIN_NEDIN_G1,0.0,0.0,False,0.0
2025-11-05,2,NEDIN_NEDIN_G2,0.0,0.0,False,0.0
2025-11-05,2,NEDIN_NEDIN_G3,0.0,0.0,False,0.0
2025-11-05,2,MDANP_CT1,0.0,0.0,False,0.0
2025-11-05,2,MDANP_CT2,0.0,0.0,False,0.0
2025-11-05,2,MDANP_CT3,0.0,0.0,False,0.0
2025-11-05,2,MDANP_CT4,0.0,0.0,False,0.0
2025-11-05,2,MDANP_CT5,0.0,0.0,False,0.0
2025-11-05,2,MDANP_CT6,0.0,0.0,False,0.0
2025-11-05,2,MGSES_CT1,0.0,0.0,False,0.0
2025-11-05,2,MGSES_CT2,0.0,0.0,False,0.0
2025-11-05,2,MGSES_CT3,0.0,0.0,False,0.0
2025-11-05,2,MGSES_CT4,0.0,0.0,False,0.0
2025-11-05,2,MGSES_CT5,0.0,0.0,False,0.0
2025-11-05,2,MGSES_CT6,0.0,0.0,False,0.0
2025-11-05,2,MCSES_UNIT6,122.0,0.0,True,4270.0
2025-11-05,2,MCSES_UNIT7,118.0,0.0,True,4130.0
2025-11-05,2,MCSES_UNIT8,568.0,0.0,True,19880.0
2025-11-05,2,NUECES_B_NUECESG8,186.68921543862928,2.9107845613707184,True,5227.298
2025-11-05,2,NUECES_B_NUECESG9,189.6,0.0,True,5308.8
2025-11-05,2,NUECES_B_NUECESG7,0.0,0.0,False,0.0
2025-11-05,2,CALAVERS_OWS1,0.0,0.0,False,0.0
2025-11-05,2,CALAVERS_OWS2,0.0,0.0,False,0.0
2025-11-05,2,OECCS_CT11,58.56,136.64,True,1639.68
2025-11-05,2,OECCS_CT12,0.0,0.0,False,0.0
2025-11-05,2,OECCS_CT21,0.0,0.0,False,0.0
2025-11-05,2,OECCS_CT22,0.0,0.0,False,0.0
2025-11-05,2,OECCS_UNIT1,67.2,156.8,True,1881.6
2025-11-05,2,OECCS_UNIT2,179.77441076978954,44.22558923021046,True,5033.6835
2025-11-05,2,VICTPRT2_UNIT1,0.0,0.0,False,0.0
2025-11-05,2,VICTPRT2_UNIT2,0.0,0.0,False,0.0
2025-11-05,2,PANDA_S_SHER1CT1,217.3608193631182,14.639180636881804,True,6086.1029
2025-11-05,2,PANDA_S_SHER1CT2,232.0,0.0,True,6496.0
2025-11-05,2,PANDA_S_SHER1ST1,353.1,0.0,True,9886.8
2025-11-05,2,PANDA_T1_TMPL1CT1,0.0,0.0,False,0.0
2025-11-05,2,PANDA_T1_TMPL1CT2,0.0,0.0,False,0.0
2025-11-05,2,PANDA_T1_TMPL1ST1,0.0,0.0,False,0.0
2025-11-05,2,PANDA_T2_TMPL2CT1,0.0,0.0,False,0.0
2025-11-05,2,PANDA_T2_TMPL2CT2,0.0,0.0,False,0.0
2025-11-05,2,PANDA_T2_TMPL2ST1,0.0,0.0,False,0.0
2025-11-05,2,TNSKA_GT1,0.0,0.0,False,0.0
2025-11-05,2,TNSKA_GT2,0.0,0.0,False,0.0
2025-11-05,2,TNSKA_STG,0.0,0.0,False,0.0
2025-11-05,2,PSG_PSG_GT2,0.0,0.0,False,0.0
2025-11-05,2,PSG_PSG_GT3,203.9124580884692,11.187541911530786,True,5709.5488
2025-11-05,2,PSG_PSG_ST2,0.0,0.0,False,0.0
2025-11-05,2,PEARSAL2_AGR_A,0.0,0.0,False,0.0
2025-11-05,2,PEARSAL2_AGR_B,0.0,0.0,False,0.0
2025-11-05,2,PEARSAL2_AGR_C,0.0,0.0,False,0.0
2025-11-05,2,PEARSAL2_AGR_D,0.0,0.0,False,0.0
2025-11-05,2,PB2SES_CT1,0.0,0.0,False,0.0
2025-11-05,2,PB2SES_CT2,0.0,0.0,False,0.0
2025-11-05,2,PB2SES_CT3,0.0,0.0,False,0.0
2025-11-05,2,PB2SES_CT4,0.0,0.0,False,0.0
2025-11-05,2,PB2SES_CT5,0.0,0.0,False,0.0
2025-11-05,2,PRO_UNIT1,0.0,0.0,False,0.0
2025-11-05,2,PRO_UNIT2,0.0,0.0,False,0.0
2025-11-05,2,PRO_UNIT3,0.0,0.0,False,0.0
2025-11-05,2,PRO_UNIT4,0.0,0.0,False,0.0
2025-11-05,2,PRO_UNIT5,0.0,0.0,False,0.0
2025-11-05,2,PRO_UNIT6,0.0,0.0,False,0.0
2025-11-05,2,PRO_UNIT7,0.0,0.0,False,0.0
2025-11-05,2,PRO_UNIT8,0.0,0.0,False,0.0
2025-11-05,2,BAC_CTG1,65.0,0.0,True,2730.0
2025-11-05,2,BAC_CTG2,65.0,0.0,True,2730.0
2025-11-05,2,BAC_CTG3,65.0,0.0,True,2730.0
2025-11-05,2,BAC_CTG4,65.0,0.0,True,2730.0
2025-11-05,2,BAC_CTG5,65.0,0.0,True,2730.0
2025-11-05,2,BAC_CTG6,65.0,0.0,True,2730.0
2025-11-05,2,STEAM1A_STEAM_1,0.0,0.0,False,0.0
2025-11-05,2,STEAM_STEAM_2,0.0,0.0,False,0.0
2025-11-05,2,STEAM_STEAM_3,0.0,0.0,False,0.0
2025-11-05,2,QALSW_GT1,90.6,0.0,True,2536.8
2025-11-05,2,QALSW_GT2,90.60000000000001,-1.4210854715202004e-14,True,2536.8
2025-11-05,2,QALSW_GT3,90.60000000000002,-2.842170943040401e-14,True,2536.8
2025-11-05,2,QALSW_GT4,90.6,0.0,True,2536.8
2025-11-05,2,QALSW_STG1,98.1000000000003,-3.126388037344441e-13,True,2746.8
2025-11-05,2,QALSW_STG2,98.1,0.0,True,2746.8
2025-11-05,2,MIL_MILLERG4,116.0,0.0,True,4872.0
2025-11-05,2,MIL_MILLERG5,116.0,0.0,True,4872.0
2025-11-05,2,MIL_MILLERG1,75.0,0.0,True,2625.0
2025-11-05,2,MIL_MILLERG2,120.0,0.0,True,4200.0
2025-11-05,2,MIL_MILLERG3,216.0,0.0,True,7560.0
2025-11-05,2,OLINGR_OLING_4,0.0,0.0,False,0.0
2025-11-05,2,OLINGR_OLING_2,0.0,0.0,False,0.0
2025-11-05,2,OLINGR_OLING_3,0.0,0.0,False,0.0
2025-11-05,2,RAB_UNIT1,0.0,0.0,False,0.0
2025-11-05,2,RAB_UNIT2,0.0,0.0,False,0.0
2025-11-05,2,RAB_UNIT3,0.0,0.0,False,0.0
2025-11-05,2,RAB_UNIT4,0.0,0.0,False,0.0
2025-11-05,2,RAB_UNIT5,0.0,0.0,False,0.0
2025-11-05,2,RAB_UNIT6,0.0,0.0,False,0.0
2025-11-05,2,RAB_UNIT7,0.0,0.0,False,0.0
2025-11-05,2,RAB_UNIT8,0.0,0.0,False,0.0
2025-11-05,2,REDGATE_AGR_A,0.0,0.0,False,0.0
2025-11-05,2,REDGATE_AGR_B,0.0,0.0,False,0.0
2025-11-05,2,REDGATE_AGR_C,0.0,0.0,False,0.0
2025-11-05,2,REDGATE_AGR_D,0.0,0.0,False,0.0
2025-11-05,2,JAD_UNIT1,0.0,0.0,False,0.0
2025-11-05,2,JAD_UNIT2,0.0,0.0,False,0.0
2025-11-05,2,JAD_UNIT3,0.0,0.0,False,0.0
2025-11-05,2,JAD_UNIT4,0.0,0.0,False,0.0
2025-11-05,2,JAD_UNIT5,0.0,0.0,False,0.0
2025-11-05,2,JAD_UNIT6,0.0,0.0,False,0.0
2025-11-05,2,JAD_UNIT7,0.0,0.0,False,0.0
2025-11-05,2,JAD_UNIT8,0.0,0.0,False,0.0
2025-11-05,2,RIONOG_CT1,0.0,0.0,False,0.0
2025-11-05,2,RIONOG_CT2,0.0,0.0,False,0.0
2025-11-05,2,RIONOG_CT3,0.0,0.0,False,0.0
2025-11-05,2,RIONOG_ST1,0.0,0.0,False,0.0
2025-11-05,2,RAYBURN_RAYBURG7,18.15,42.35,True,508.2
2025-11-05,2,RAYBURN_RAYBURG8,18.15,42.35,True,508.2
2025-11-05,2,RAYBURN_RAYBURG9,60.5,0.0,True,1694.0
2025-11-05,2,RAYBURN_RAYBURG10,0.0,0.0,False,0.0
2025-11-05,2,SJS_SJS_G1,88.19999999999999,1.4210854715202004e-14,True,3704.4
2025-11-05,2,SJS_SJS_G2,88.19999999999999,1.4210854715202004e-14,True,3704.4
2025-11-05,2,SANDHSYD_SH1,0.0,0.0,False,0.0
2025-11-05,2,SANDHSYD_SH2,0.0,0.0,False,0.0
2025-11-05,2,SANDHSYD_SH3,0.0,0.0,False,0.0
2025-11-05,2,SANDHSYD_SH4,0.0,0.0,False,0.0
2025-11-05,2,SANDHSYD_SH_5A,198.90000000000003,-2.842170943040401e-14,True,5569.2
2025-11-05,2,SANDHSYD_SH6,0.0,0.0,False,0.0
2025-11-05,2,SANDHSYD_SH7,0.0,0.0,False,0.0
2025-11-05,2,SANDHSYD_SH_5C,191.0,0.0,True,5348.0
2025-11-05,2,SILASRAY_SILAS_10,0.0,0.0,False,0.0
2025-11-05,2,SILASRAY_SILAS_9,50.0,0.0,True,1400.0
2025-11-05,2,SILASRAY_SILAS_6,25.0,0.0,True,700.0
2025-11-05,2,GIDEON_GIDEONG1,0.0,0.0,False,0.0
2025-11-05,2,GIDEON_GIDEONG2,0.0,0.0,False,0.0
2025-11-05,2,GIDEON_GIDEONG3,0.0,0.0,False,0.0
2025-11-05,2,SKY1_SKY1A,0.0,0.0,False,0.0
2025-11-05,2,SKY1_SKY1B,0.0,0.0,False,0.0
2025-11-05,2,SPNCER_SPNCE_4,61.0,0.0,True,2135.0
2025-11-05,2,SPNCER_SPNCE_5,65.0,0.0,True,2275.0
2025-11-05,2,SCSES_UNIT1A,151.05358152059515,25.946418479404855,True,5286.8754
2025-11-05,2,SCSES_UNIT2,502.0,0.0,True,17570.0
2025-11-05,2,THW_THWGT_1,16.3,0.0,True,684.6
2025-11-05,2,THW_THWGT31,51.3,0.0,True,1436.4
2025-11-05,2,THW_THWGT32,51.3,0.0,True,1436.4
2025-11-05,2,THW_THWGT33,51.3,0.0,True,1436.4
2025-11-05,2,THW_THWGT34,51.3,0.0,True,1436.4
2025-11-05,2,THW_THWGT41,51.3,0.0,True,1436.4
2025-11-05,2,THW_THWGT42,51.3,0.0,True,1436.4
2025-11-05,2,THW_THWGT43,62.0,0.0,True,1736.0
2025-11-05,2,THW_THWGT44,62.0,0.0,True,1736.0
2025-11-05,2,THW_THWGT51,85.0,0.0,True,3570.0
2025-11-05,2,THW_THWGT52,85.0,0.0,True,3570.0
2025-11-05,2,THW_THWGT53,85.0,0.0,True,3570.0
2025-11-05,2,THW_THWGT54,85.0,0.0,True,3570.0
2025-11-05,2,THW_THWGT55,85.0,0.0,True,3570.0
2025-11-05,2,THW_THWGT56,85.0,0.0,True,3570.0
2025-11-05,2,THW_THWST_3,113.1,0.0,True,3166.8
2025-11-05,2,THW_THWST_4,113.1,0.0,True,3166.8
2025-11-05,2,TXCTY_CTA,129.1,0.0,True,3614.8
2025-11-05,2,TXCTY_CTB,129.1,0.0,True,3614.8
2025-11-05,2,TXCTY_CTC,129.1,0.0,True,3614.8
2025-11-05,2,TXCTY_ST,143.7,0.0,True,4023.6
2025-11-05,2,TGS_GT01,0.0,0.0,False,0.0
2025-11-05,2,TIMPP_AGR1,0.0,0.0,False,0.0
2025-11-05,2,TIMPP_AGR2,0.0,0.0,False,0.0
2025-11-05,2,TIMPP_AGR3,0.0,0.0,False,0.0
2025-11-05,2,TIMPP_AGR4,0.0,0.0,False,0.0
2025-11-05,2,TRSES_UNIT6,239.0,0.0,True,8365.0
2025-11-05,2,TOPAZ_UNIT1,60.5,0.0,True,2541.0
2025-11-05,2,TOPAZ_UNIT2,60.5,0.0,True,2541.0
2025-11-05,2,TOPAZ_UNIT3,60.5,0.0,True,2541.0
2025-11-05,2,TOPAZ_UNIT4,60.5,0.0,True,2541.0
2025-11-05,2,TOPAZ_UNIT5,60.5,0.0,True,2541.0
2025-11-05,2,TOPAZ_UNIT6,60.5,0.0,True,2541.0
2025-11-05,2,TOPAZ_UNIT7,60.5,0.0,True,2541.0
2025-11-05,2,TOPAZ_UNIT8,60.5,0.0,True,2541.0
2025-11-05,2,TOPAZ_UNIT9,60.5,0.0,True,2541.0
2025-11-05,2,TOPAZ_UNIT10,60.5,0.0,True,2541.0
2025-11-05,2,BRAUNIG_VHB6CT5,0.0,0.0,False,0.0
2025-11-05,2,BRAUNIG_VHB6CT6,0.0,0.0,False,0.0
2025-11-05,2,BRAUNIG_VHB6CT7,0.0,0.0,False,0.0
2025-11-05,2,BRAUNIG_VHB6CT8,0.0,0.0,False,0.0
2025-11-05,2,CITYVICT_CTG01,0.0,0.0,False,0.0
2025-11-05,2,CITYVICT_CTG02,0.0,0.0,False,0.0
2025-11-05,2,VICTPORT_CTG01,0.0,0.0,False,0.0
2025-11-05,2,VICTPORT_CTG02,0.0,0.0,False,0.0
2025-11-05,2,VICTORIA_VICTORG6,196.9,0.0,True,5513.2
2025-11-05,2,VICTORIA_VICTORG5,162.32691933742692,17.873080662573074,True,4545.1537
2025-11-05,2,WAP_WAPGT_1,0.0,0.0,False,0.0
2025-11-05,2,WAP_WAP_G1,0.0,0.0,False,0.0
2025-11-05,2,WAP_WAP_G2,0.0,0.0,False,0.0
2025-11-05,2,WAP_WAP_G3,0.0,0.0,False,0.0
2025-11-05,2,WAP_WAP_G4,0.0,0.0,False,0.0
2025-11-05,2,WFCOGEN_UNIT1,20.0,0.0,True,560.0
2025-11-05,2,WFCOGEN_UNIT2,20.0,0.0,True,560.0
2025-11-05,2,WFCOGEN_UNIT3,20.0,0.0,True,560.0
2025-11-05,2,WIPOPA_WPP_G1,6.05,54.45,True,254.1
2025-11-05,2,WIPOPA_WPP_G2,60.5,0.0,True,2541.0
2025-11-05,2,WIPOPA_WPP_G3,6.606790962741004,53.893209037259,True,277.4852
2025-11-05,2,WIPOPA_WPP_G4,60.5,0.0,True,2541.0
2025-11-05,2,WCPP_CT1,0.0,0.0,False,0.0
2025-11-05,2,WCPP_CT2,0.0,0.0,False,0.0
2025-11-05,2,WCPP_ST1,0.0,0.0,False,0.0
2025-11-05,2,WHCCS_CT1,0.0,0.0,False,0.0
2025-11-05,2,WHCCS_CT2,0.0,0.0,False,0.0
2025-11-05,2,WHCCS_STG,0.0,0.0,False,0.0
2025-11-05,2,WHCCS2_CT4,0.0,0.0,False,0.0
2025-11-05,2,WHCCS2_CT5,0.0,0.0,False,0.0
2025-11-05,2,WHCCS2_STG6,0.0,0.0,False,0.0
2025-11-05,2,NACPW_UNIT1,0.0,0.0,False,0.0
2025-11-05,2,HBR_2UNITS,3.2,0.0,True,128.0
2025-11-05,2,TRIRA_1UNIT,4.0,0.0,True,160.0
2025-11-05,2,78252_4UNITS,0.0,0.0,False,0.0
2025-11-05,2,SPRIN_4UNITS,0.0,0.0,False,0.0
2025-11-05,2,FREIH_2UNITS,0.0,0.0,False,0.0
2025-11-05,2,WSTHL_3UNITS,4.8,0.0,True,192.0
2025-11-05,2,FEGC_CTG2,0.0,0.0,False,0.0
2025-11-05,2,FEGC_CTG3,0.0,0.0,False,0.0
2025-11-05,2,FEGC_CTG4,0.0,0.0,False,0.0
2025-11-05,2,OLNEYTN_AGR1,10.0,0.0,True,600.0
2025-11-05,2,AMISTAD_AMISTAG1,0.0,0.0,False,0.0
2025-11-05,2,AMISTAD_AMISTAG2,0.0,0.0,False,0.0
2025-11-05,2,AUSTPL_AUSTING1,9.0,0.0,True,9.0
2025-11-05,2,AUSTPL_AUSTING2,9.0,0.0,True,9.0
2025-11-05,2,BUCHAN_BUCHANG1,18.299999999999997,3.552713678800501e-15,True,18.3
2025-11-05,2,BUCHAN_BUCHANG2,18.299999999999997,3.552713678800501e-15,True,18.3
2025-11-05,2,BUCHAN_BUCHANG3,18.299999999999997,3.552713678800501e-15,True,18.3
2025-11-05,2,DNDAM_DENISOG1,50.8,0.0,True,50.8
2025-11-05,2,DNDAM_DENISOG2,50.8,0.0,True,50.8
2025-11-05,2,FALCON_FALCONG1,12.0,0.0,True,12.0
2025-11-05,2,FALCON_FALCONG2,12.0,0.0,True,12.0
2025-11-05,2,FALCON_FALCONG3,12.0,0.0,True,12.0
2025-11-05,2,WIRTZ_WIRTZ_G1,29.0,0.0,True,29.0
2025-11-05,2,WIRTZ_WIRTZ_G2,29.0,0.0,True,29.0
2025-11-05,2,CANYHY_CANYHYG1,6.0,0.0,True,6.0
2025-11-05,2,INKSDA_INKS_G1,15.0,0.0,True,15.0
2025-11-05,2,MARBFA_MARBFAG1,21.0,0.0,True,21.0
2025-11-05,2,MARBFA_MARBFAG2,20.0,0.0,True,20.0
2025-11-05,2,MARSFO_MARSFOG1,36.0,0.0,True,36.0
2025-11-05,2,MARSFO_MARSFOG2,36.0,0.0,True,36.0
2025-11-05,2,MARSFO_MARSFOG3,36.0,0.0,True,36.0
2025-11-05,2,WND_WHITNEY1,0.0,0.0,False,0.0
2025-11-05,2,WND_WHITNEY2,0.0,0.0,False,0.0
2025-11-05,2,AEEC_ANTLP_1,0.0,0.0,False,0.0
2025-11-05,2,AEEC_ANTLP_2,0.0,0.0,False,0.0
2025-11-05,2,AEEC_ANTLP_3,0.0,0.0,False,0.0
2025-11-05,2,AEEC_ELK_1,0.0,0.0,False,0.0
2025-11-05,2,AEEC_ELK_2,0.0,0.0,False,0.0
2025-11-05,2,AEEC_ELK_3,0.0,0.0,False,0.0
2025-11-05,2,FTR_FTR_G1,0.0,0.0,False,0.0
2025-11-05,2,FTR_FTR_G2,0.0,0.0,False,0.0
2025-11-05,2,FTR_FTR_G3,0.0,0.0,False,0.0
2025-11-05,2,FTR_FTR_G4,0.0,0.0,False,0.0
2025-11-05,2,TGCCS_CT1,0.0,0.0,False,0.0
2025-11-05,2,TGCCS_CT2,0.0,0.0,False,0.0
2025-11-05,2,TGCCS_CT3,53.7,125.3,True,1503.6
2025-11-05,2,TGCCS_UNIT4,0.0,0.0,False,0.0
2025-11-05,2,KMCHI_1CT101,55.5,129.5,True,1554.0
2025-11-05,2,KMCHI_1CT201,55.5,129.5,True,1554.0
2025-11-05,2,KMCHI_1ST,99.0,231.0,True,2772.0
2025-11-05,2,KMCHI_2CT101,55.5,129.5,True,1554.0
2025-11-05,2,KMCHI_2CT201,185.0,0.0,True,5180.0
2025-11-05,2,KMCHI_2ST,99.0,231.0,True,2772.0
2025-11-05,2,A4_DGR1,0.0,0.0,False,0.0
2025-11-05,2,A4_DGR2,0.0,0.0,False,0.0
2025-11-05,2,K2_DGR1,0.0,0.0,False,0.0
2025-11-05,2,K2_DGR2,0.0,0.0,False,0.0
2025-11-05,2,P2_DGR1,0.0,0.0,False,0.0
2025-11-05,2,P2_DGR2,0.0,0.0,False,0.0
2025-11-05,2,Q1_DGR1,0.0,0.0,False,0.0
2025-11-05,2,BRAUNIG_VHB3,0.0,0.0,False,0.0
2025-11-05,2,V2_DGR1,0.0,0.0,False,0.0
2025-11-05,2,V2_DGR2,0.0,0.0,False,0.0
2025-11-05,2,V2_DGR3,0.0,0.0,False,0.0
2025-11-05,2,V4_DGR1,0.0,0.0,False,0.0
2025-11-05,2,X1_DGR1,0.0,0.0,False,0.0
2025-11-05,2,Z0_DGR1,0.0,0.0,False,0.0
2025-11-05,2,Z0_DGR2,0.0,0.0,False,0.0
2025-11-05,2,Z5_DGR1,0.0,0.0,False,0.0
2025-11-05,2,DC_E,437.5134330550839,162.4865669449161,True,15312.9702
2025-11-05,2,DC_N,184.55380293984746,35.44619706015254,True,6459.3831
2025-11-05,2,DC_L,0.0,0.0,False,0.0
2025-11-05,2,DC_R,0.0,0.0,False,0.0
2025-11-05,2,CEDARVALE_GAS,0.0,0.0,False,0.0
2025-11-05,2,ENCHANTED_ROCK_NEWPP,30.0,0.0,True,1350.0
2025-11-05,3,CPSES_UNIT1,1243.5841691500832,25.4158308499168,True,9948.6734
2025-11-05,3,CPSES_UNIT2,1269.0,0.0,True,10152.0
2025-11-05,3,STP_STP_G1,1365.0,0.0,True,10920.0
2025-11-05,3,STP_STP_G2,1365.0,0.0,True,10920.0
2025-11-05,3,COLETO_COLETOG1,655.0,0.0,True,16375.0
2025-11-05,3,FPPYD1_FPP_G1,615.0,0.0,True,15375.0
2025-11-05,3,FPPYD1_FPP_G2,615.0,0.0,True,15375.0
2025-11-05,3,FPPYD2_FPP_G3,460.0,0.0,True,11500.0
2025-11-05,3,CALAVERS_JKS1,224.0,336.0,True,5600.0
2025-11-05,3,CALAVERS_JKS2,465.3384948166518,456.66150518334825,True,11633.4624
2025-11-05,3,LEG_LEG_G1,0.0,0.0,False,0.0
2025-11-05,3,LEG_LEG_G2,0.0,0.0,False,0.0
2025-11-05,3,MLSES_UNIT1,0.0,0.0,False,0.0
2025-11-05,3,MLSES_UNIT2,0.0,0.0,False,0.0
2025-11-05,3,MLSES_UNIT3,0.0,0.0,False,0.0
2025-11-05,3,OGSES_UNIT1A,0.0,0.0,False,0.0
2025-11-05,3,OGSES_UNIT2,0.0,0.0,False,0.0
2025-11-05,3,SANMIGL_G1,430.0,0.0,True,10750.0
2025-11-05,3,SCES_UNIT1,0.0,0.0,False,0.0
2025-11-05,3,TNP_ONE_TNP_O_1,0.0,0.0,False,0.0
2025-11-05,3,TNP_ONE_TNP_O_2,0.0,0.0,False,0.0
2025-11-05,3,WAP_WAP_G5,0.0,0.0,False,0.0
2025-11-05,3,WAP_WAP_G6,0.0,0.0,False,0.0
2025-11-05,3,WAP_WAP_G7,614.6,0.0,True,15365.0
2025-11-05,3,WAP_WAP_G8,0.0,0.0,False,0.0
2025-11-05,3,BRAUNIG_AVR1_CT1,0.0,0.0,False,0.0
2025-11-05,3,BRAUNIG_AVR1_CT2,0.0,0.0,False,0.0
2025-11-05,3,BRAUNIG_AVR1_ST,0.0,0.0,False,0.0
2025-11-05,3,ATKINS_ATKINSG7,0.0,0.0,False,0.0
2025-11-05,3,B_DAVIS_B_DAVIG3,0.0,0.0,False,0.0
2025-11-05,3,B_DAVIS_B_DAVIG4,0.0,0.0,False,0.0
2025-11-05,3,B_DAVIS_B_DAVIG1,0.0,0.0,False,0.0
2025-11-05,3,B_DAVIS_B_DAVIG2,0.0,0.0,False,0.0
2025-11-05,3,BASTEN_GTG1100,0.0,0.0,False,0.0
2025-11-05,3,BASTEN_GTG2100,0.0,0.0,False,0.0
2025-11-05,3,BASTEN_ST0100,0.0,0.0,False,0.0
2025-11-05,3,BCH_UNIT1,60.5,0.0,True,2541.0
2025-11-05,3,BCH_UNIT2,60.5,0.0,True,2541.0
2025-11-05,3,BCH_UNIT3,60.5,0.0,True,2541.0
2025-11-05,3,BCH_UNIT4,60.5,0.0,True,2541.0
2025-11-05,3,BCH_UNIT5,60.5,0.0,True,2541.0
2025-11-05,3,BCH_UNIT6,60.5,0.0,True,2541.0
2025-11-05,3,BCH_UNIT7,60.5,0.0,True,2541.0
2025-11-05,3,BCH_UNIT8,60.5,0.0,True,2541.0
2025-11-05,3,BOSQUESW_BSQSU_1,0.0,0.0,False,0.0
2025-11-05,3,BOSQUESW_BSQSU_2,0.0,0.0,False,0.0
2025-11-05,3,BOSQUESW_BSQSU_3,0.0,0.0,False,0.0
2025-11-05,3,BOSQUESW_BSQSU_4,0.0,0.0,False,0.0
2025-11-05,3,BOSQUESW_BSQSU_5,0.0,0.0,False,0.0
2025-11-05,3,BVE_UNIT1,198.90000000000003,-2.842170943040401e-14,True,5569.2
2025-11-05,3,BVE_UNIT2,198.90000000000003,-2.842170943040401e-14,True,5569.2
2025-11-05,3,BVE_UNIT3,275.6,0.0,True,7716.8
2025-11-05,3,BTM_UNIT1,60.5,0.0,True,2541.0
2025-11-05,3,BTM_UNIT2,60.5,0.0,True,2541.0
2025-11-05,3,BTM_UNIT3,60.5,0.0,True,2541.0
2025-11-05,3,BTM_UNIT4,60.5,0.0,True,2541.0
2025-11-05,3,BTM_UNIT5,60.5,0.0,True,2541.0
2025-11-05,3,BTM_UNIT6,60.5,0.0,True,2541.0
2025-11-05,3,BTM_UNIT7,60.5,0.0,True,2541.0
2025-11-05,3,BTM_UNIT8,60.5,0.0,True,2541.0
2025-11-05,3,FLCNS_UNIT1,0.0,0.0,False,0.0
2025-11-05,3,FLCNS_UNIT2,0.0,0.0,False,0.0
2025-11-05,3,CALHOUN_UNIT1,0.0,0.0,False,0.0
2025-11-05,3,CALHOUN_UNIT2,0.0,0.0,False,0.0
2025-11-05,3,CHAMON_CTG_0101,60.5,0.0,True,2541.0
2025-11-05,3,CHAMON_CTG_0301,60.5,0.0,True,2541.0
2025-11-05,3,CBY4_CT41,205.0,0.0,True,5740.0
2025-11-05,3,CBY4_CT42,205.0,0.0,True,5740.0
2025-11-05,3,CBY4_ST04,205.0,0.0,True,5740.0
2025-11-05,3,CBY_CBY_G1,765.0,0.0,True,26775.0
2025-11-05,3,CBY_CBY_G2,765.0,0.0,True,26775.0
2025-11-05,3,CBEC_GT1,86.5,0.0,True,2422.0
2025-11-05,3,CBEC_GT2,86.5,0.0,True,2422.0
2025-11-05,3,CBEC_GT3,86.5,0.0,True,2422.0
2025-11-05,3,CBEC_GT4,86.5,0.0,True,2422.0
2025-11-05,3,CBEC_STG1,105.0,0.0,True,2940.0
2025-11-05,3,CBEC_STG2,108.79999999999997,2.842170943040401e-14,True,3046.4
2025-11-05,3,CBECII_CT7,360.9,0.0,True,10105.2
2025-11-05,3,CBECII_CT8,360.9,0.0,True,10105.2
2025-11-05,3,CBECII_STG9,275.62193627502523,232.87806372497477,True,7717.4142
2025-11-05,3,CBEC_GT11,15.372109985216111,26.32789001478389,True,645.6286
2025-11-05,3,CBEC_GT12,4.17,37.53,True,175.14
2025-11-05,3,CVC_CVC_G1,192.1,0.0,True,5378.8
2025-11-05,3,CVC_CVC_G2,192.1,0.0,True,5378.8
2025-11-05,3,CVC_CVC_G3,192.1,0.0,True,5378.8
2025-11-05,3,CVC_CVC_G5,150.0,0.0,True,4200.0
2025-11-05,3,DANSBY_DANSBYG2,0.0,0.0,False,0.0
2025-11-05,3,DANSBY_DANSBYG3,0.0,0.0,False,0.0
2025-11-05,3,DANSBY_DANSBYG1,0.0,0.0,False,0.0
2025-11-05,3,DECKER_DPGT_1,0.0,0.0,False,0.0
2025-11-05,3,DECKER_DPGT_2,0.0,0.0,False,0.0
2025-11-05,3,DECKER_DPGT_3,0.0,0.0,False,0.0
2025-11-05,3,DECKER_DPGT_4,0.0,0.0,False,0.0
2025-11-05,3,DCSES_CT10,0.0,0.0,False,0.0
2025-11-05,3,DCSES_CT20,0.0,0.0,False,0.0
2025-11-05,3,DCSES_CT30,0.0,0.0,False,0.0
2025-11-05,3,DCSES_CT40,0.0,0.0,False,0.0
2025-11-05,3,DDPEC_GT1,60.9,142.1,True,1705.2
2025-11-05,3,DDPEC_GT2,64.5,150.5,True,1806.0
2025-11-05,3,DDPEC_GT3,60.9,142.1,True,1705.2
2025-11-05,3,DDPEC_GT4,0.0,0.0,False,0.0
2025-11-05,3,DDPEC_GT6,0.0,0.0,False,0.0
2025-11-05,3,DDPEC_ST1,190.8514000000012,99.1485999999988,True,5343.8392
2025-11-05,3,DEC_AGR_A,56.5,0.0,True,2542.5
2025-11-05,3,DEC_AGR_B,56.5,0.0,True,2542.5
2025-11-05,3,DEC_AGR_C,56.5,0.0,True,2542.5
2025-11-05,3,DEC_AGR_D,56.5,0.0,True,2542.5
2025-11-05,3,ECEC_G1,0.0,0.0,False,0.0
2025-11-05,3,ECEC_G2,0.0,0.0,False,0.0
2025-11-05,3,ETCCS_CT1,260.0,0.0,True,7280.0
2025-11-05,3,ETCCS_UNIT1,140.0,0.0,True,3920.0
2025-11-05,3,AZ_AZ_G1,0.0,0.0,False,0.0
2025-11-05,3,AZ_AZ_G2,0.0,0.0,False,0.0
2025-11-05,3,AZ_AZ_G3,0.0,0.0,False,0.0
2025-11-05,3,AZ_AZ_G4,0.0,0.0,False,0.0
2025-11-05,3,FERGCC_FERGGT1,0.0,0.0,False,0.0
2025-11-05,3,FERGCC_FERGGT2,0.0,0.0,False,0.0
2025-11-05,3,FERGCC_FERGST1,204.0,0.0,True,5712.0
2025-11-05,3,FRNYPP_GT11,0.0,0.0,False,0.0
2025-11-05,3,FRNYPP_GT12,0.0,0.0,False,0.0
2025-11-05,3,FRNYPP_GT13,0.0,0.0,False,0.0
2025-11-05,3,FRNYPP_GT21,0.0,0.0,False,0.0
2025-11-05,3,FRNYPP_GT22,0.0,0.0,False,0.0
2025-11-05,3,FRNYPP_GT23,0.0,0.0,False,0.0
2025-11-05,3,FRNYPP_ST10,0.0,0.0,False,0.0
2025-11-05,3,FRNYPP_ST20,0.0,0.0,False,0.0
2025-11-05,3,FREC_GT1,131.4600942137729,47.939905786227115,True,3680.8826
2025-11-05,3,FREC_GT2,179.4,0.0,True,5023.2
2025-11-05,3,FREC_GT4,179.4,0.0,True,5023.2
2025-11-05,3,FREC_GT5,179.4,0.0,True,5023.2
2025-11-05,3,FREC_ST3,0.0,0.0,False,0.0
2025-11-05,3,FREC_ST6,0.0,0.0,False,0.0
2025-11-05,3,FEGC_UNIT1,0.0,0.0,False,0.0
2025-11-05,3,FRONT_EC_CT1,163.1105805315698,13.88941946843019,True,4567.0963
2025-11-05,3,FRONT_EC_CT2,177.0,0.0,True,4956.0
2025-11-05,3,FRONT_EC_ST,184.5,0.0,True,5166.0
2025-11-05,3,GRSES_UNIT1,239.0,0.0,True,8365.0
2025-11-05,3,GRSES_UNIT2,390.0,0.0,True,13650.0
2025-11-05,3,GBY_GBYGT73,72.0,0.0,True,3024.0
2025-11-05,3,GBY_GBYGT74,72.0,0.0,True,3024.0
2025-11-05,3,GBY_GBYGT81,72.0,0.0,True,3024.0
2025-11-05,3,GBY_GBYGT82,72.0,0.0,True,3024.0
2025-11-05,3,GBY_GBYGT83,72.0,0.0,True,3024.0
2025-11-05,3,GBY_GBYGT84,72.0,0.0,True,3024.0
2025-11-05,3,STEAM_ENGINE_1,0.0,0.0,False,0.0
2025-11-05,3,STEAM_ENGINE_2,0.0,0.0,False,0.0
2025-11-05,3,STEAM_ENGINE_3,0.0,0.0,False,0.0
2025-11-05,3,LGE_LGE_GT1,185.0,0.0,True,5180.0
2025-11-05,3,LGE_LGE_GT2,185.0,0.0,True,5180.0
2025-11-05,3,LGE_LGE_STG,30.0,70.0,True,840.0
2025-11-05,3,GUADG_GAS1,0.0,0.0,False,0.0
2025-11-05,3,GUADG_GAS2,0.0,0.0,False,0.0
2025-11-05,3,GUADG_GAS3,0.0,0.0,False,0.0
2025-11-05,3,GUADG_GAS4,0.0,0.0,False,0.0
2025-11-05,3,GUADG_STM5,0.0,0.0,False,0.0
2025-11-05,3,GUADG_STM6,0.0,0.0,False,0.0
2025-11-05,3,HLSES_UNIT3,395.0,0.0,True,13825.0
2025-11-05,3,HLSES_UNIT4,435.0,0.0,True,15225.0
2025-11-05,3,HLSES_UNIT5,435.0,0.0,True,15225.0
2025-11-05,3,HAYSEN_HAYSENG1,0.0,0.0,False,0.0
2025-11-05,3,HAYSEN_HAYSENG2,0.0,0.0,False,0.0
2025-11-05,3,HAYSEN_HAYSENG3,0.0,0.0,False,0.0
2025-11-05,3,HAYSEN_HAYSENG4,0.0,0.0,False,0.0
2025-11-05,3,DUKE_DUKE_GT1,176.6,0.0,True,4944.8
2025-11-05,3,DUKE_DUKE_GT2,176.6,0.0,True,4944.8
2025-11-05,3,DUKE_DUKE_ST1,59.43,138.67,True,1664.04
2025-11-05,3,JACKCNTY_CT1,59.67,139.23,True,1670.76
2025-11-05,3,JACKCNTY_CT2,59.67,139.23,True,1670.76
2025-11-05,3,JCKCNTY2_CT3,59.67,139.23,True,1670.76
2025-11-05,3,JCKCNTY2_CT4,59.67,139.23,True,1670.76
2025-11-05,3,JACKCNTY_STG,0.0,0.0,False,0.0
2025-11-05,3,JCKCNTY2_ST2,0.0,0.0,False,0.0
2025-11-05,3,TEN_CT1,0.0,0.0,False,0.0
2025-11-05,3,TEN_STG,0.0,0.0,False,0.0
2025-11-05,3,LHSES_UNIT1,0.0,0.0,False,0.0
2025-11-05,3,LHSES_UNIT2A,0.0,0.0,False,0.0
2025-11-05,3,LPCCS_CT11,0.0,0.0,False,0.0
2025-11-05,3,LPCCS_CT12,186.0,0.0,True,5208.0
2025-11-05,3,LPCCS_CT21,0.0,0.0,False,0.0
2025-11-05,3,LPCCS_CT22,85.95998753196632,100.04001246803367,True,2406.8797
2025-11-05,3,LPCCS_UNIT1,0.0,0.0,False,0.0
2025-11-05,3,LPCCS_UNIT2,0.0,0.0,False,0.0
2025-11-05,3,LARDVFTN_G4,0.0,0.0,False,0.0
2025-11-05,3,LARDVFTN_G5,0.0,0.0,False,0.0
2025-11-05,3,LEON_CRK_LCPCT1,0.0,0.0,False,0.0
2025-11-05,3,LEON_CRK_LCPCT2,0.0,0.0,False,0.0
2025-11-05,3,LEON_CRK_LCPCT3,0.0,0.0,False,0.0
2025-11-05,3,LEON_CRK_LCPCT4,0.0,0.0,False,0.0
2025-11-05,3,LIG_UNIT1,0.0,0.0,False,0.0
2025-11-05,3,LIG_UNIT2,0.0,0.0,False,0.0
2025-11-05,3,LOSTPI_LOSTPGT1,202.5,0.0,True,5670.0
2025-11-05,3,LOSTPI_LOSTPGT2,202.5,0.0,True,5670.0
2025-11-05,3,LOSTPI_LOSTPST1,204.0,0.0,True,5712.0
2025-11-05,3,NEDIN_NEDIN_G1,0.0,0.0,False,0.0
2025-11-05,3,NEDIN_NEDIN_G2,0.0,0.0,False,0.0
2025-11-05,3,NEDIN_NEDIN_G3,0.0,0.0,False,0.0
2025-11-05,3,MDANP_CT1,0.0,0.0,False,0.0
2025-11-05,3,MDANP_CT2,0.0,0.0,False,0.0
2025-11-05,3,MDANP_CT3,0.0,0.0,False,0.0
2025-11-05,3,MDANP_CT4,0.0,0.0,False,0.0
2025-11-05,3,MDANP_CT5,0.0,0.0,False,0.0
2025-11-05,3,MDANP_CT6,0.0,0.0,False,0.0
2025-11-05,3,MGSES_CT1,0.0,0.0,False,0.0
2025-11-05,3,MGSES_CT2,0.0,0.0,False,0.0
2025-11-05,3,MGSES_CT3,0.0,0.0,False,0.0
2025-11-05,3,MGSES_CT4,0.0,0.0,False,0.0
2025-11-05,3,MGSES_CT5,0.0,0.0,False,0.0
2025-11-05,3,MGSES_CT6,0.0,0.0,False,0.0
2025-11-05,3,MCSES_UNIT6,122.0,0.0,True,4270.0
2025-11-05,3,MCSES_UNIT7,118.0,0.0,True,4130.0
2025-11-05,3,MCSES_UNIT8,568.0,0.0,True,19880.0
2025-11-05,3,NUECES_B_NUECESG8,186.68921543862928,2.9107845613707184,True,5227.298
2025-11-05,3,NUECES_B_NUECESG9,189.6,0.0,True,5308.8
2025-11-05,3,NUECES_B_NUECESG7,0.0,0.0,False,0.0
2025-11-05,3,CALAVERS_OWS1,0.0,0.0,False,0.0
2025-11-05,3,CALAVERS_OWS2,0.0,0.0,False,0.0
2025-11-05,3,OECCS_CT11,58.56,136.64,True,1639.68
2025-11-05,3,OECCS_CT12,0.0,0.0,False,0.0
2025-11-05,3,OECCS_CT21,0.0,0.0,False,0.0
2025-11-05,3,OECCS_CT22,0.0,0.0,False,0.0
2025-11-05,3,OECCS_UNIT1,67.2,156.8,True,1881.6
2025-11-05,3,OECCS_UNIT2,179.77441076979113,44.22558923020887,True,5033.6835
2025-11-05,3,VICTPRT2_UNIT1,0.0,0.0,False,0.0
2025-11-05,3,VICTPRT2_UNIT2,0.0,0.0,False,0.0
2025-11-05,3,PANDA_S_SHER1CT1,232.0,0.0,True,6496.0
2025-11-05,3,PANDA_S_SHER1CT2,232.0,0.0,True,6496.0
2025-11-05,3,PANDA_S_SHER1ST1,338.4608193631192,14.639180636880866,True,9476.9029
2025-11-05,3,PANDA_T1_TMPL1CT1,0.0,0.0,False,0.0
2025-11-05,3,PANDA_T1_TMPL1CT2,0.0,0.0,False,0.0
2025-11-05,3,PANDA_T1_TMPL1ST1,0.0,0.0,False,0.0
2025-11-05,3,PANDA_T2_TMPL2CT1,0.0,0.0,False,0.0
2025-11-05,3,PANDA_T2_TMPL2CT2,0.0,0.0,False,0.0
2025-11-05,3,PANDA_T2_TMPL2ST1,0.0,0.0,False,0.0
2025-11-05,3,TNSKA_GT1,0.0,0.0,False,0.0
2025-11-05,3,TNSKA_GT2,0.0,0.0,False,0.0
2025-11-05,3,TNSKA_STG,0.0,0.0,False,0.0
2025-11-05,3,PSG_PSG_GT2,0.0,0.0,False,0.0
2025-11-05,3,PSG_PSG_GT3,100.06105808846706,115.03894191153293,True,2801.7096
2025-11-05,3,PSG_PSG_ST2,0.0,0.0,False,0.0
2025-11-05,3,PEARSAL2_AGR_A,0.0,0.0,False,0.0
2025-11-05,3,PEARSAL2_AGR_B,0.0,0.0,False,0.0
2025-11-05,3,PEARSAL2_AGR_C,0.0,0.0,False,0.0
2025-11-05,3,PEARSAL2_AGR_D,0.0,0.0,False,0.0
2025-11-05,3,PB2SES_CT1,0.0,0.0,False,0.0
2025-11-05,3,PB2SES_CT2,0.0,0.0,False,0.0
2025-11-05,3,PB2SES_CT3,0.0,0.0,False,0.0
2025-11-05,3,PB2SES_CT4,0.0,0.0,False,0.0
2025-11-05,3,PB2SES_CT5,0.0,0.0,False,0.0
2025-11-05,3,PRO_UNIT1,0.0,0.0,False,0.0
2025-11-05,3,PRO_UNIT2,0.0,0.0,False,0.0
2025-11-05,3,PRO_UNIT3,0.0,0.0,False,0.0
2025-11-05,3,PRO_UNIT4,0.0,0.0,False,0.0
2025-11-05,3,PRO_UNIT5,0.0,0.0,False,0.0
2025-11-05,3,PRO_UNIT6,0.0,0.0,False,0.0
2025-11-05,3,PRO_UNIT7,0.0,0.0,False,0.0
2025-11-05,3,PRO_UNIT8,0.0,0.0,False,0.0
2025-11-05,3,BAC_CTG1,65.0,0.0,True,2730.0
2025-11-05,3,BAC_CTG2,65.0,0.0,True,2730.0
2025-11-05,3,BAC_CTG3,65.0,0.0,True,2730.0
2025-11-05,3,BAC_CTG4,65.0,0.0,True,2730.0
2025-11-05,3,BAC_CTG5,65.0,0.0,True,2730.0
2025-11-05,3,BAC_CTG6,65.0,0.0,True,2730.0
2025-11-05,3,STEAM1A_STEAM_1,0.0,0.0,False,0.0
2025-11-05,3,STEAM_STEAM_2,0.0,0.0,False,0.0
2025-11-05,3,STEAM_STEAM_3,0.0,0.0,False,0.0
2025-11-05,3,QALSW_GT1,90.6,0.0,True,2536.8
2025-11-05,3,QALSW_GT2,90.6,0.0,True,2536.8
2025-11-05,3,QALSW_GT3,90.6,0.0,True,2536.8
2025-11-05,3,QALSW_GT4,90.6000000000003,-3.126388037344441e-13,True,2536.8
2025-11-05,3,QALSW_STG1,98.1,0.0,True,2746.8
2025-11-05,3,QALSW_STG2,98.1,0.0,True,2746.8
2025-11-05,3,MIL_MILLERG4,116.0,0.0,True,4872.0
2025-11-05,3,MIL_MILLERG5,116.0,0.0,True,4872.0
2025-11-05,3,MIL_MILLERG1,75.0,0.0,True,2625.0
2025-11-05,3,MIL_MILLERG2,120.0,0.0,True,4200.0
2025-11-05,3,MIL_MILLERG3,216.0,0.0,True,7560.0
2025-11-05,3,OLINGR_OLING_4,0.0,0.0,False,0.0
2025-11-05,3,OLINGR_OLING_2,0.0,0.0,False,0.0
2025-11-05,3,OLINGR_OLING_3,0.0,0.0,False,0.0
2025-11-05,3,RAB_UNIT1,0.0,0.0,False,0.0
2025-11-05,3,RAB_UNIT2,0.0,0.0,False,0.0
2025-11-05,3,RAB_UNIT3,0.0,0.0,False,0.0
2025-11-05,3,RAB_UNIT4,0.0,0.0,False,0.0
2025-11-05,3,RAB_UNIT5,0.0,0.0,False,0.0
2025-11-05,3,RAB_UNIT6,0.0,0.0,False,0.0
2025-11-05,3,RAB_UNIT7,0.0,0.0,False,0.0
2025-11-05,3,RAB_UNIT8,0.0,0.0,False,0.0
2025-11-05,3,REDGATE_AGR_A,0.0,0.0,False,0.0
2025-11-05,3,REDGATE_AGR_B,0.0,0.0,False,0.0
2025-11-05,3,REDGATE_AGR_C,0.0,0.0,False,0.0
2025-11-05,3,REDGATE_AGR_D,0.0,0.0,False,0.0
2025-11-05,3,JAD_UNIT1,0.0,0.0,False,0.0
2025-11-05,3,JAD_UNIT2,0.0,0.0,False,0.0
2025-11-05,3,JAD_UNIT3,0.0,0.0,False,0.0
2025-11-05,3,JAD_UNIT4,0.0,0.0,False,0.0
2025-11-05,3,JAD_UNIT5,0.0,0.0,False,0.0
2025-11-05,3,JAD_UNIT6,0.0,0.0,False,0.0
2025-11-05,3,JAD_UNIT7,0.0,0.0,False,0.0
2025-11-05,3,JAD_UNIT8,0.0,0.0,False,0.0
2025-11-05,3,RIONOG_CT1,0.0,0.0,False,0.0
2025-11-05,3,RIONOG_CT2,0.0,0.0,False,0.0
2025-11-05,3,RIONOG_CT3,0.0,0.0,False,0.0
2025-11-05,3,RIONOG_ST1,0.0,0.0,False,0.0
2025-11-05,3,RAYBURN_RAYBURG7,18.15,42.35,True,508.2
2025-11-05,3,RAYBURN_RAYBURG8,18.15,42.35,True,508.2
2025-11-05,3,RAYBURN_RAYBURG9,60.5,0.0,True,1694.0
2025-11-05,3,RAYBURN_RAYBURG10,0.0,0.0,False,0.0
2025-11-05,3,SJS_SJS_G1,88.19999999999999,1.4210854715202004e-14,True,3704.4
2025-11-05,3,SJS_SJS_G2,88.19999999999999,1.4210854715202004e-14,True,3704.4
2025-11-05,3,SANDHSYD_SH1,0.0,0.0,False,0.0
2025-11-05,3,SANDHSYD_SH2,0.0,0.0,False,0.0
2025-11-05,3,SANDHSYD_SH3,0.0,0.0,False,0.0
2025-11-05,3,SANDHSYD_SH4,0.0,0.0,False,0.0
2025-11-05,3,SANDHSYD_SH_5A,198.90000000000003,-2.842170943040401e-14,True,5569.2
2025-11-05,3,SANDHSYD_SH6,0.0,0.0,False,0.0
2025-11-05,3,SANDHSYD_SH7,0.0,0.0,False,0.0
2025-11-05,3,SANDHSYD_SH_5C,191.0,0.0,True,5348.0
2025-11-05,3,SILASRAY_SILAS_10,0.0,0.0,False,0.0
2025-11-05,3,SILASRAY_SILAS_9,50.0,0.0,True,1400.0
2025-11-05,3,SILASRAY_SILAS_6,25.0,0.0,True,700.0
2025-11-05,3,GIDEON_GIDEONG1,0.0,0.0,False,0.0
2025-11-05,3,GIDEON_GIDEONG2,0.0,0.0,False,0.0
2025-11-05,3,GIDEON_GIDEONG3,0.0,0.0,False,0.0
2025-11-05,3,SKY1_SKY1A,0.0,0.0,False,0.0
2025-11-05,3,SKY1_SKY1B,0.0,0.0,False,0.0
2025-11-05,3,SPNCER_SPNCE_4,61.0,0.0,True,2135.0
2025-11-05,3,SPNCER_SPNCE_5,65.0,0.0,True,2275.0
2025-11-05,3,SCSES_UNIT1A,177.0,0.0,True,6195.0
2025-11-05,3,SCSES_UNIT2,476.0535815205957,25.946418479404315,True,16661.8754
2025-11-05,3,THW_THWGT_1,16.3,0.0,True,684.6
2025-11-05,3,THW_THWGT31,51.3,0.0,True,1436.4
2025-11-05,3,THW_THWGT32,51.3,0.0,True,1436.4
2025-11-05,3,THW_THWGT33,51.3,0.0,True,1436.4
2025-11-05,3,THW_THWGT34,51.3,0.0,True,1436.4
2025-11-05,3,THW_THWGT41,51.3,0.0,True,1436.4
2025-11-05,3,THW_THWGT42,51.3,0.0,True,1436.4
2025-11-05,3,THW_THWGT43,62.0,0.0,True,1736.0
2025-11-05,3,THW_THWGT44,62.0,0.0,True,1736.0
2025-11-05,3,THW_THWGT51,85.0,0.0,True,3570.0
2025-11-05,3,THW_THWGT52,85.0,0.0,True,3570.0
2025-11-05,3,THW_THWGT53,85.0,0.0,True,3570.0
2025-11-05,3,THW_THWGT54,85.0,0.0,True,3570.0
2025-11-05,3,THW_THWGT55,85.0,0.0,True,3570.0
2025-11-05,3,THW_THWGT56,85.0,0.0,True,3570.0
2025-11-05,3,THW_THWST_3,113.1,0.0,True,3166.8
2025-11-05,3,THW_THWST_4,113.1,0.0,True,3166.8
2025-11-05,3,TXCTY_CTA,129.1,0.0,True,3614.8
2025-11-05,3,TXCTY_CTB,129.1,0.0,True,3614.8
2025-11-05,3,TXCTY_CTC,129.1,0.0,True,3614.8
2025-11-05,3,TXCTY_ST,143.7,0.0,True,4023.6
2025-11-05,3,TGS_GT01,0.0,0.0,False,0.0
2025-11-05,3,TIMPP_AGR1,0.0,0.0,False,0.0
2025-11-05,3,TIMPP_AGR2,0.0,0.0,False,0.0
2025-11-05,3,TIMPP_AGR3,0.0,0.0,False,0.0
2025-11-05,3,TIMPP_AGR4,0.0,0.0,False,0.0
2025-11-05,3,TRSES_UNIT6,239.0,0.0,True,8365.0
2025-11-05,3,TOPAZ_UNIT1,60.5,0.0,True,2541.0
2025-11-05,3,TOPAZ_UNIT2,60.5,0.0,True,2541.0
2025-11-05,3,TOPAZ_UNIT3,60.5,0.0,True,2541.0
2025-11-05,3,TOPAZ_UNIT4,60.5,0.0,True,2541.0
2025-11-05,3,TOPAZ_UNIT5,60.5,0.0,True,2541.0
2025-11-05,3,TOPAZ_UNIT6,60.5,0.0,True,2541.0
2025-11-05,3,TOPAZ_UNIT7,60.5,0.0,True,2541.0
2025-11-05,3,TOPAZ_UNIT8,60.5,0.0,True,2541.0
2025-11-05,3,TOPAZ_UNIT9,60.5,0.0,True,2541.0
2025-11-05,3,TOPAZ_UNIT10,60.5,0.0,True,2541.0
2025-11-05,3,BRAUNIG_VHB6CT5,0.0,0.0,False,0.0
2025-11-05,3,BRAUNIG_VHB6CT6,0.0,0.0,False,0.0
2025-11-05,3,BRAUNIG_VHB6CT7,0.0,0.0,False,0.0
2025-11-05,3,BRAUNIG_VHB6CT8,0.0,0.0,False,0.0
2025-11-05,3,CITYVICT_CTG01,0.0,0.0,False,0.0
2025-11-05,3,CITYVICT_CTG02,0.0,0.0,False,0.0
2025-11-05,3,VICTPORT_CTG01,0.0,0.0,False,0.0
2025-11-05,3,VICTPORT_CTG02,0.0,0.0,False,0.0
2025-11-05,3,VICTORIA_VICTORG6,179.02691933742386,17.873080662576143,True,5012.7537
2025-11-05,3,VICTORIA_VICTORG5,180.2,0.0,True,5045.6
2025-11-05,3,WAP_WAPGT_1,0.0,0.0,False,0.0
2025-11-05,3,WAP_WAP_G1,0.0,0.0,False,0.0
2025-11-05,3,WAP_WAP_G2,0.0,0.0,False,0.0
2025-11-05,3,WAP_WAP_G3,0.0,0.0,False,0.0
2025-11-05,3,WAP_WAP_G4,0.0,0.0,False,0.0
2025-11-05,3,WFCOGEN_UNIT1,20.0,0.0,True,560.0
2025-11-05,3,WFCOGEN_UNIT2,20.0,0.0,True,560.0
2025-11-05,3,WFCOGEN_UNIT3,20.0,0.0,True,560.0
2025-11-05,3,WIPOPA_WPP_G1,60.5,0.0,True,2541.0
2025-11-05,3,WIPOPA_WPP_G2,60.5,0.0,True,2541.0
2025-11-05,3,WIPOPA_WPP_G3,6.05,54.45,True,254.1
2025-11-05,3,WIPOPA_WPP_G4,6.606790962734894,53.89320903726511,True,277.4852
2025-11-05,3,WCPP_CT1,0.0,0.0,False,0.0
2025-11-05,3,WCPP_CT2,0.0,0.0,False,0.0
2025-11-05,3,WCPP_ST1,0.0,0.0,False,0.0
2025-11-05,3,WHCCS_CT1,0.0,0.0,False,0.0
2025-11-05,3,WHCCS_CT2,0.0,0.0,False,0.0
2025-11-05,3,WHCCS_STG,0.0,0.0,False,0.0
2025-11-05,3,WHCCS2_CT4,0.0,0.0,False,0.0
2025-11-05,3,WHCCS2_CT5,0.0,0.0,False,0.0
2025-11-05,3,WHCCS2_STG6,0.0,0.0,False,0.0
2025-11-05,3,NACPW_UNIT1,0.0,0.0,False,0.0
2025-11-05,3,HBR_2UNITS,3.2,0.0,True,128.0
2025-11-05,3,TRIRA_1UNIT,4.0,0.0,True,160.0
2025-11-05,3,78252_4UNITS,0.0,0.0,False,0.0
2025-11-05,3,SPRIN_4UNITS,0.0,0.0,False,0.0
2025-11-05,3,FREIH_2UNITS,0.0,0.0,False,0.0
2025-11-05,3,WSTHL_3UNITS,4.8,0.0,True,192.0
2025-11-05,3,FEGC_CTG2,0.0,0.0,False,0.0
2025-11-05,3,FEGC_CTG3,0.0,0.0,False,0.0
2025-11-05,3,FEGC_CTG4,0.0,0.0,False,0.0
2025-11-05,3,OLNEYTN_AGR1,10.0,0.0,True,600.0
2025-11-05,3,AMISTAD_AMISTAG1,0.0,0.0,False,0.0
2025-11-05,3,AMISTAD_AMISTAG2,0.0,0.0,False,0.0
2025-11-05,3,AUSTPL_AUSTING1,9.0,0.0,True,9.0
2025-11-05,3,AUSTPL_AUSTING2,9.0,0.0,True,9.0
2025-11-05,3,BUCHAN_BUCHANG1,18.299999999999997,3.552713678800501e-15,True,18.3
2025-11-05,3,BUCHAN_BUCHANG2,18.299999999999997,3.552713678800501e-15,True,18.3
2025-11-05,3,BUCHAN_BUCHANG3,18.299999999999997,3.552713678800501e-15,True,18.3
2025-11-05,3,DNDAM_DENISOG1,50.8,0.0,True,50.8
2025-11-05,3,DNDAM_DENISOG2,50.8,0.0,True,50.8
2025-11-05,3,FALCON_FALCONG1,12.0,0.0,True,12.0
2025-11-05,3,FALCON_FALCONG2,12.0,0.0,True,12.0
2025-11-05,3,FALCON_FALCONG3,12.0,0.0,True,12.0
2025-11-05,3,WIRTZ_WIRTZ_G1,29.0,0.0,True,29.0
2025-11-05,3,WIRTZ_WIRTZ_G2,29.0,0.0,True,29.0
2025-11-05,3,CANYHY_CANYHYG1,6.0,0.0,True,6.0
2025-11-05,3,INKSDA_INKS_G1,15.0,0.0,True,15.0
2025-11-05,3,MARBFA_MARBFAG1,21.0,0.0,True,21.0
2025-11-05,3,MARBFA_MARBFAG2,20.0,0.0,True,20.0
2025-11-05,3,MARSFO_MARSFOG1,36.0,0.0,True,36.0
2025-11-05,3,MARSFO_MARSFOG2,36.0,0.0,True,36.0
2025-11-05,3,MARSFO_MARSFOG3,36.0,0.0,True,36.0
2025-11-05,3,WND_WHITNEY1,0.0,0.0,False,0.0
2025-11-05,3,WND_WHITNEY2,0.0,0.0,False,0.0
2025-11-05,3,AEEC_ANTLP_1,0.0,0.0,False,0.0
2025-11-05,3,AEEC_ANTLP_2,0.0,0.0,False,0.0
2025-11-05,3,AEEC_ANTLP_3,0.0,0.0,False,0.0
2025-11-05,3,AEEC_ELK_1,0.0,0.0,False,0.0
2025-11-05,3,AEEC_ELK_2,0.0,0.0,False,0.0
2025-11-05,3,AEEC_ELK_3,0.0,0.0,False,0.0
2025-11-05,3,FTR_FTR_G1,0.0,0.0,False,0.0
2025-11-05,3,FTR_FTR_G2,0.0,0.0,False,0.0
2025-11-05,3,FTR_FTR_G3,0.0,0.0,False,0.0
2025-11-05,3,FTR_FTR_G4,0.0,0.0,False,0.0
2025-11-05,3,TGCCS_CT1,0.0,0.0,False,0.0
2025-11-05,3,TGCCS_CT2,0.0,0.0,False,0.0
2025-11-05,3,TGCCS_CT3,53.7,125.3,True,1503.6
2025-11-05,3,TGCCS_UNIT4,0.0,0.0,False,0.0
2025-11-05,3,KMCHI_1CT101,55.5,129.5,True,1554.0
2025-11-05,3,KMCHI_1CT201,185.0,0.0,True,5180.0
2025-11-05,3,KMCHI_1ST,99.0,231.0,True,2772.0
2025-11-05,3,KMCHI_2CT101,55.5,129.5,True,1554.0
2025-11-05,3,KMCHI_2CT201,55.5,129.5,True,1554.0
2025-11-05,3,KMCHI_2ST,99.0,231.0,True,2772.0
2025-11-05,3,A4_DGR1,0.0,0.0,False,0.0
2025-11-05,3,A4_DGR2,0.0,0.0,False,0.0
2025-11-05,3,K2_DGR1,0.0,0.0,False,0.0
2025-11-05,3,K2_DGR2,0.0,0.0,False,0.0
2025-11-05,3,P2_DGR1,0.0,0.0,False,0.0
2025-11-05,3,P2_DGR2,0.0,0.0,False,0.0
2025-11-05,3,Q1_DGR1,0.0,0.0,False,0.0
2025-11-05,3,BRAUNIG_VHB3,0.0,0.0,False,0.0
2025-11-05,3,V2_DGR1,0.0,0.0,False,0.0
2025-11-05,3,V2_DGR2,0.0,0.0,False,0.0
2025-11-05,3,V2_DGR3,0.0,0.0,False,0.0
2025-11-05,3,V4_DGR1,0.0,0.0,False,0.0
2025-11-05,3,X1_DGR1,0.0,0.0,False,0.0
2025-11-05,3,Z0_DGR1,0.0,0.0,False,0.0
2025-11-05,3,Z0_DGR2,0.0,0.0,False,0.0
2025-11-05,3,Z5_DGR1,0.0,0.0,False,0.0
2025-11-05,3,DC_E,437.5134330550845,162.48656694491552,True,15312.9702
2025-11-05,3,DC_N,184.5538029398399,35.4461970601601,True,6459.3831
2025-11-05,3,DC_L,0.0,0.0,False,0.0
2025-11-05,3,DC_R,0.0,0.0,False,0.0
2025-11-05,3,CEDARVALE_GAS,0.0,0.0,False,0.0
2025-11-05,3,ENCHANTED_ROCK_NEWPP,30.0,0.0,True,1350.0
2025-11-05,4,CPSES_UNIT1,1243.5841691500773,25.415830849922713,True,9948.6734
2025-11-05,4,CPSES_UNIT2,1269.0,0.0,True,10152.0
2025-11-05,4,STP_STP_G1,1365.0,0.0,True,10920.0
2025-11-05,4,STP_STP_G2,1365.0,0.0,True,10920.0
2025-11-05,4,COLETO_COLETOG1,655.0,0.0,True,16375.0
2025-11-05,4,FPPYD1_FPP_G1,615.0,0.0,True,15375.0
2025-11-05,4,FPPYD1_FPP_G2,615.0,0.0,True,15375.0
2025-11-05,4,FPPYD2_FPP_G3,460.0,0.0,True,11500.0
2025-11-05,4,CALAVERS_JKS1,224.0,336.0,True,5600.0
2025-11-05,4,CALAVERS_JKS2,465.33849481665055,456.6615051833495,True,11633.4624
2025-11-05,4,LEG_LEG_G1,0.0,0.0,False,0.0
2025-11-05,4,LEG_LEG_G2,0.0,0.0,False,0.0
2025-11-05,4,MLSES_UNIT1,0.0,0.0,False,0.0
2025-11-05,4,MLSES_UNIT2,0.0,0.0,False,0.0
2025-11-05,4,MLSES_UNIT3,0.0,0.0,False,0.0
2025-11-05,4,OGSES_UNIT1A,0.0,0.0,False,0.0
2025-11-05,4,OGSES_UNIT2,0.0,0.0,False,0.0
2025-11-05,4,SANMIGL_G1,430.0,0.0,True,10750.0
2025-11-05,4,SCES_UNIT1,0.0,0.0,False,0.0
2025-11-05,4,TNP_ONE_TNP_O_1,0.0,0.0,False,0.0
2025-11-05,4,TNP_ONE_TNP_O_2,0.0,0.0,False,0.0
2025-11-05,4,WAP_WAP_G5,0.0,0.0,False,0.0
2025-11-05,4,WAP_WAP_G6,0.0,0.0,False,0.0
2025-11-05,4,WAP_WAP_G7,614.6,0.0,True,15365.0
2025-11-05,4,WAP_WAP_G8,0.0,0.0,False,0.0
2025-11-05,4,BRAUNIG_AVR1_CT1,0.0,0.0,False,0.0
2025-11-05,4,BRAUNIG_AVR1_CT2,0.0,0.0,False,0.0
2025-11-05,4,BRAUNIG_AVR1_ST,0.0,0.0,False,0.0
2025-11-05,4,ATKINS_ATKINSG7,0.0,0.0,False,0.0
2025-11-05,4,B_DAVIS_B_DAVIG3,0.0,0.0,False,0.0
2025-11-05,4,B_DAVIS_B_DAVIG4,0.0,0.0,False,0.0
2025-11-05,4,B_DAVIS_B_DAVIG1,0.0,0.0,False,0.0
2025-11-05,4,B_DAVIS_B_DAVIG2,105.3,0.0,True,2948.4
2025-11-05,4,BASTEN_GTG1100,0.0,0.0,False,0.0
2025-11-05,4,BASTEN_GTG2100,0.0,0.0,False,0.0
2025-11-05,4,BASTEN_ST0100,0.0,0.0,False,0.0
2025-11-05,4,BCH_UNIT1,60.5,0.0,True,2541.0
2025-11-05,4,BCH_UNIT2,60.5,0.0,True,2541.0
2025-11-05,4,BCH_UNIT3,60.5,0.0,True,2541.0
2025-11-05,4,BCH_UNIT4,60.5,0.0,True,2541.0
2025-11-05,4,BCH_UNIT5,60.5,0.0,True,2541.0
2025-11-05,4,BCH_UNIT6,60.5,0.0,True,2541.0
2025-11-05,4,BCH_UNIT7,60.5,0.0,True,2541.0
2025-11-05,4,BCH_UNIT8,60.5,0.0,True,2541.0
2025-11-05,4,BOSQUESW_BSQSU_1,0.0,0.0,False,0.0
2025-11-05,4,BOSQUESW_BSQSU_2,0.0,0.0,False,0.0
2025-11-05,4,BOSQUESW_BSQSU_3,0.0,0.0,False,0.0
2025-11-05,4,BOSQUESW_BSQSU_4,0.0,0.0,False,0.0
2025-11-05,4,BOSQUESW_BSQSU_5,0.0,0.0,False,0.0
2025-11-05,4,BVE_UNIT1,198.90000000000003,-2.842170943040401e-14,True,5569.2
2025-11-05,4,BVE_UNIT2,198.90000000000003,-2.842170943040401e-14,True,5569.2
2025-11-05,4,BVE_UNIT3,275.6,0.0,True,7716.8
2025-11-05,4,BTM_UNIT1,60.5,0.0,True,2541.0
2025-11-05,4,BTM_UNIT2,60.5,0.0,True,2541.0
2025-11-05,4,BTM_UNIT3,60.5,0.0,True,2541.0
2025-11-05,4,BTM_UNIT4,60.5,0.0,True,2541.0
2025-11-05,4,BTM_UNIT5,60.5,0.0,True,2541.0
2025-11-05,4,BTM_UNIT6,60.5,0.0,True,2541.0
2025-11-05,4,BTM_UNIT7,60.5,0.0,True,2541.0
2025-11-05,4,BTM_UNIT8,60.5,0.0,True,2541.0
2025-11-05,4,FLCNS_UNIT1,0.0,0.0,False,0.0
2025-11-05,4,FLCNS_UNIT2,0.0,0.0,False,0.0
2025-11-05,4,CALHOUN_UNIT1,0.0,0.0,False,0.0
2025-11-05,4,CALHOUN_UNIT2,0.0,0.0,False,0.0
2025-11-05,4,CHAMON_CTG_0101,60.5,0.0,True,2541.0
2025-11-05,4,CHAMON_CTG_0301,60.5,0.0,True,2541.0
2025-11-05,4,CBY4_CT41,205.0,0.0,True,5740.0
2025-11-05,4,CBY4_CT42,205.0,0.0,True,5740.0
2025-11-05,4,CBY4_ST04,205.0,0.0,True,5740.0
2025-11-05,4,CBY_CBY_G1,765.0,0.0,True,26775.0
2025-11-05,4,CBY_CBY_G2,765.0,0.0,True,26775.0
2025-11-05,4,CBEC_GT1,86.5,0.0,True,2422.0
2025-11-05,4,CBEC_GT2,86.5,0.0,True,2422.0
2025-11-05,4,CBEC_GT3,86.5,0.0,True,2422.0
2025-11-05,4,CBEC_GT4,86.5,0.0,True,2422.0
2025-11-05,4,CBEC_STG1,105.0,0.0,True,2940.0
2025-11-05,4,CBEC_STG2,108.79999999999997,2.842170943040401e-14,True,3046.4
2025-11-05,4,CBECII_CT7,360.9,0.0,True,10105.2
2025-11-05,4,CBECII_CT8,360.9,0.0,True,10105.2
2025-11-05,4,CBECII_STG9,275.6219362750109,232.8780637249891,True,7717.4142
2025-11-05,4,CBEC_GT11,15.372109985212246,26.327890014787755,True,645.6286
2025-11-05,4,CBEC_GT12,4.17,37.53,True,175.14
2025-11-05,4,CVC_CVC_G1,192.1,0.0,True,5378.8
2025-11-05,4,CVC_CVC_G2,192.1,0.0,True,5378.8
2025-11-05,4,CVC_CVC_G3,192.1,0.0,True,5378.8
2025-11-05,4,CVC_CVC_G5,150.0,0.0,True,4200.0
2025-11-05,4,DANSBY_DANSBYG2,0.0,0.0,False,0.0
2025-11-05,4,DANSBY_DANSBYG3,0.0,0.0,False,0.0
2025-11-05,4,DANSBY_DANSBYG1,0.0,0.0,False,0.0
2025-11-05,4,DECKER_DPGT_1,0.0,0.0,False,0.0
2025-11-05,4,DECKER_DPGT_2,0.0,0.0,False,0.0
2025-11-05,4,DECKER_DPGT_3,0.0,0.0,False,0.0
2025-11-05,4,DECKER_DPGT_4,0.0,0.0,False,0.0
2025-11-05,4,DCSES_CT10,0.0,0.0,False,0.0
2025-11-05,4,DCSES_CT20,0.0,0.0,False,0.0
2025-11-05,4,DCSES_CT30,0.0,0.0,False,0.0
2025-11-05,4,DCSES_CT40,0.0,0.0,False,0.0
2025-11-05,4,DDPEC_GT1,60.9,142.1,True,1705.2
2025-11-05,4,DDPEC_GT2,64.5,150.5,True,1806.0
2025-11-05,4,DDPEC_GT3,60.9,142.1,True,1705.2
2025-11-05,4,DDPEC_GT4,0.0,0.0,False,0.0
2025-11-05,4,DDPEC_GT6,0.0,0.0,False,0.0
2025-11-05,4,DDPEC_ST1,87.0,203.0,True,2436.0
2025-11-05,4,DEC_AGR_A,56.5,0.0,True,2542.5
2025-11-05,4,DEC_AGR_B,56.5,0.0,True,2542.5
2025-11-05,4,DEC_AGR_C,56.5,0.0,True,2542.5
2025-11-05,4,DEC_AGR_D,56.5,0.0,True,2542.5
2025-11-05,4,ECEC_G1,0.0,0.0,False,0.0
2025-11-05,4,ECEC_G2,0.0,0.0,False,0.0
2025-11-05,4,ETCCS_CT1,260.0,0.0,True,7280.0
2025-11-05,4,ETCCS_UNIT1,140.0,0.0,True,3920.0
2025-11-05,4,AZ_AZ_G1,0.0,0.0,False,0.0
2025-11-05,4,AZ_AZ_G2,0.0,0.0,False,0.0
2025-11-05,4,AZ_AZ_G3,0.0,0.0,False,0.0
2025-11-05,4,AZ_AZ_G4,0.0,0.0,False,0.0
2025-11-05,4,FERGCC_FERGGT1,0.0,0.0,False,0.0
2025-11-05,4,FERGCC_FERGGT2,0.0,0.0,False,0.0
2025-11-05,4,FERGCC_FERGST1,204.0,0.0,True,5712.0
2025-11-05,4,FRNYPP_GT11,0.0,0.0,False,0.0
2025-11-05,4,FRNYPP_GT12,0.0,0.0,False,0.0
2025-11-05,4,FRNYPP_GT13,0.0,0.0,False,0.0
2025-11-05,4,FRNYPP_GT21,0.0,0.0,False,0.0
2025-11-05,4,FRNYPP_GT22,0.0,0.0,False,0.0
2025-11-05,4,FRNYPP_GT23,0.0,0.0,False,0.0
2025-11-05,4,FRNYPP_ST10,0.0,0.0,False,0.0
2025-11-05,4,FRNYPP_ST20,0.0,0.0,False,0.0
2025-11-05,4,FREC_GT1,131.46009421377642,47.93990578622359,True,3680.8826
2025-11-05,4,FREC_GT2,179.4,0.0,True,5023.2
2025-11-05,4,FREC_GT4,179.4,0.0,True,5023.2
2025-11-05,4,FREC_GT5,179.4,0.0,True,5023.2
2025-11-05,4,FREC_ST3,0.0,0.0,False,0.0
2025-11-05,4,FREC_ST6,0.0,0.0,False,0.0
2025-11-05,4,FEGC_UNIT1,0.0,0.0,False,0.0
2025-11-05,4,FRONT_EC_CT1,163.11058053157004,13.889419468429963,True,4567.0963
2025-11-05,4,FRONT_EC_CT2,177.0,0.0,True,4956.0
2025-11-05,4,FRONT_EC_ST,184.5,0.0,True,5166.0
2025-11-05,4,GRSES_UNIT1,239.0,0.0,True,8365.0
2025-11-05,4,GRSES_UNIT2,390.0,0.0,True,13650.0
2025-11-05,4,GBY_GBYGT73,72.0,0.0,True,3024.0
2025-11-05,4,GBY_GBYGT74,72.0,0.0,True,3024.0
2025-11-05,4,GBY_GBYGT81,72.0,0.0,True,3024.0
2025-11-05,4,GBY_GBYGT82,72.0,0.0,True,3024.0
2025-11-05,4,GBY_GBYGT83,72.0,0.0,True,3024.0
2025-11-05,4,GBY_GBYGT84,72.0,0.0,True,3024.0
2025-11-05,4,STEAM_ENGINE_1,0.0,0.0,False,0.0
2025-11-05,4,STEAM_ENGINE_2,0.0,0.0,False,0.0
2025-11-05,4,STEAM_ENGINE_3,0.0,0.0,False,0.0
2025-11-05,4,LGE_LGE_GT1,55.5,129.5,True,1554.0
2025-11-05,4,LGE_LGE_GT2,185.0,0.0,True,5180.0
2025-11-05,4,LGE_LGE_STG,30.0,70.0,True,840.0
2025-11-05,4,GUADG_GAS1,0.0,0.0,False,0.0
2025-11-05,4,GUADG_GAS2,0.0,0.0,False,0.0
2025-11-05,4,GUADG_GAS3,0.0,0.0,False,0.0
2025-11-05,4,GUADG_GAS4,0.0,0.0,False,0.0
2025-11-05,4,GUADG_STM5,0.0,0.0,False,0.0
2025-11-05,4,GUADG_STM6,0.0,0.0,False,0.0
2025-11-05,4,HLSES_UNIT3,395.0,0.0,True,13825.0
2025-11-05,4,HLSES_UNIT4,435.0,0.0,True,15225.0
2025-11-05,4,HLSES_UNIT5,435.0,0.0,True,15225.0
2025-11-05,4,HAYSEN_HAYSENG1,0.0,0.0,False,0.0
2025-11-05,4,HAYSEN_HAYSENG2,0.0,0.0,False,0.0
2025-11-05,4,HAYSEN_HAYSENG3,0.0,0.0,False,0.0
2025-11-05,4,HAYSEN_HAYSENG4,0.0,0.0,False,0.0
2025-11-05,4,DUKE_DUKE_GT1,176.6,0.0,True,4944.8
2025-11-05,4,DUKE_DUKE_GT2,176.6,0.0,True,4944.8
2025-11-05,4,DUKE_DUKE_ST1,59.43,138.67,True,1664.04
2025-11-05,4,JACKCNTY_CT1,59.67,139.23,True,1670.76
2025-11-05,4,JACKCNTY_CT2,59.67,139.23,True,1670.76
2025-11-05,4,JCKCNTY2_CT3,59.67,139.23,True,1670.76
2025-11-05,4,JCKCNTY2_CT4,59.67,139.23,True,1670.76
2025-11-05,4,JACKCNTY_STG,0.0,0.0,False,0.0
2025-11-05,4,JCKCNTY2_ST2,0.0,0.0,False,0.0
2025-11-05,4,TEN_CT1,0.0,0.0,False,0.0
2025-11-05,4,TEN_STG,0.0,0.0,False,0.0
2025-11-05,4,LHSES_UNIT1,0.0,0.0,False,0.0
2025-11-05,4,LHSES_UNIT2A,0.0,0.0,False,0.0
2025-11-05,4,LPCCS_CT11,0.0,0.0,False,0.0
2025-11-05,4,LPCCS_CT12,186.0,0.0,True,5208.0
2025-11-05,4,LPCCS_CT21,0.0,0.0,False,0.0
2025-11-05,4,LPCCS_CT22,85.95998753196473,100.04001246803526,True,2406.8797
2025-11-05,4,LPCCS_UNIT1,0.0,0.0,False,0.0
2025-11-05,4,LPCCS_UNIT2,0.0,0.0,False,0.0
2025-11-05,4,LARDVFTN_G4,0.0,0.0,False,0.0
2025-11-05,4,LARDVFTN_G5,0.0,0.0,False,0.0
2025-11-05,4,LEON_CRK_LCPCT1,0.0,0.0,False,0.0
2025-11-05,4,LEON_CRK_LCPCT2,0.0,0.0,False,0.0
2025-11-05,4,LEON_CRK_LCPCT3,0.0,0.0,False,0.0
2025-11-05,4,LEON_CRK_LCPCT4,0.0,0.0,False,0.0
2025-11-05,4,LIG_UNIT1,0.0,0.0,False,0.0
2025-11-05,4,LIG_UNIT2,0.0,0.0,False,0.0
2025-11-05,4,LOSTPI_LOSTPGT1,202.5,0.0,True,5670.0
2025-11-05,4,LOSTPI_LOSTPGT2,202.5,0.0,True,5670.0
2025-11-05,4,LOSTPI_LOSTPST1,204.0,0.0,True,5712.0
2025-11-05,4,NEDIN_NEDIN_G1,0.0,0.0,False,0.0
2025-11-05,4,NEDIN_NEDIN_G2,0.0,0.0,False,0.0
2025-11-05,4,NEDIN_NEDIN_G3,0.0,0.0,False,0.0
2025-11-05,4,MDANP_CT1,0.0,0.0,False,0.0
2025-11-05,4,MDANP_CT2,0.0,0.0,False,0.0
2025-11-05,4,MDANP_CT3,0.0,0.0,False,0.0
2025-11-05,4,MDANP_CT4,0.0,0.0,False,0.0
2025-11-05,4,MDANP_CT5,0.0,0.0,False,0.0
2025-11-05,4,MDANP_CT6,0.0,0.0,False,0.0
2025-11-05,4,MGSES_CT1,0.0,0.0,False,0.0
2025-11-05,4,MGSES_CT2,0.0,0.0,False,0.0
2025-11-05,4,MGSES_CT3,0.0,0.0,False,0.0
2025-11-05,4,MGSES_CT4,0.0,0.0,False,0.0
2025-11-05,4,MGSES_CT5,0.0,0.0,False,0.0
2025-11-05,4,MGSES_CT6,0.0,0.0,False,0.0
2025-11-05,4,MCSES_UNIT6,122.0,0.0,True,4270.0
2025-11-05,4,MCSES_UNIT7,118.0,0.0,True,4130.0
2025-11-05,4,MCSES_UNIT8,568.0,0.0,True,19880.0
2025-11-05,4,NUECES_B_NUECESG8,105.58921543862922,84.01078456137077,True,2956.498
2025-11-05,4,NUECES_B_NUECESG9,189.6,0.0,True,5308.8
2025-11-05,4,NUECES_B_NUECESG7,105.3,0.0,True,2948.4
2025-11-05,4,CALAVERS_OWS1,0.0,0.0,False,0.0
2025-11-05,4,CALAVERS_OWS2,0.0,0.0,False,0.0
2025-11-05,4,OECCS_CT11,58.56,136.64,True,1639.68
2025-11-05,4,OECCS_CT12,0.0,0.0,False,0.0
2025-11-05,4,OECCS_CT21,0.0,0.0,False,0.0
2025-11-05,4,OECCS_CT22,0.0,0.0,False,0.0
2025-11-05,4,OECCS_UNIT1,67.2,156.8,True,1881.6
2025-11-05,4,OECCS_UNIT2,179.77441076978926,44.225589230210744,True,5033.6835
2025-11-05,4,VICTPRT2_UNIT1,0.0,0.0,False,0.0
2025-11-05,4,VICTPRT2_UNIT2,0.0,0.0,False,0.0
2025-11-05,4,PANDA_S_SHER1CT1,232.0,0.0,True,6496.0
2025-11-05,4,PANDA_S_SHER1CT2,232.0,0.0,True,6496.0
2025-11-05,4,PANDA_S_SHER1ST1,338.46081936311987,14.639180636880184,True,9476.9029
2025-11-05,4,PANDA_T1_TMPL1CT1,0.0,0.0,False,0.0
2025-11-05,4,PANDA_T1_TMPL1CT2,0.0,0.0,False,0.0
2025-11-05,4,PANDA_T1_TMPL1ST1,0.0,0.0,False,0.0
2025-11-05,4,PANDA_T2_TMPL2CT1,0.0,0.0,False,0.0
2025-11-05,4,PANDA_T2_TMPL2CT2,0.0,0.0,False,0.0
2025-11-05,4,PANDA_T2_TMPL2ST1,0.0,0.0,False,0.0
2025-11-05,4,TNSKA_GT1,0.0,0.0,False,0.0
2025-11-05,4,TNSKA_GT2,0.0,0.0,False,0.0
2025-11-05,4,TNSKA_STG,0.0,0.0,False,0.0
2025-11-05,4,PSG_PSG_GT2,64.53,0.0,True,1806.84
2025-11-05,4,PSG_PSG_GT3,139.38245808846915,75.71754191153084,True,3902.7088
2025-11-05,4,PSG_PSG_ST2,0.0,0.0,False,0.0
2025-11-05,4,PEARSAL2_AGR_A,0.0,0.0,False,0.0
2025-11-05,4,PEARSAL2_AGR_B,0.0,0.0,False,0.0
2025-11-05,4,PEARSAL2_AGR_C,0.0,0.0,False,0.0
2025-11-05,4,PEARSAL2_AGR_D,0.0,0.0,False,0.0
2025-11-05,4,PB2SES_CT1,0.0,0.0,False,0.0
2025-11-05,4,PB2SES_CT2,0.0,0.0,False,0.0
2025-11-05,4,PB2SES_CT3,0.0,0.0,False,0.0
2025-11-05,4,PB2SES_CT4,0.0,0.0,False,0.0
2025-11-05,4,PB2SES_CT5,0.0,0.0,False,0.0
2025-11-05,4,PRO_UNIT1,0.0,0.0,False,0.0
2025-11-05,4,PRO_UNIT2,0.0,0.0,False,0.0
2025-11-05,4,PRO_UNIT3,0.0,0.0,False,0.0
2025-11-05,4,PRO_UNIT4,0.0,0.0,False,0.0
2025-11-05,4,PRO_UNIT5,0.0,0.0,False,0.0
2025-11-05,4,PRO_UNIT6,0.0,0.0,False,0.0
2025-11-05,4,PRO_UNIT7,0.0,0.0,False,0.0
2025-11-05,4,PRO_UNIT8,0.0,0.0,False,0.0
2025-11-05,4,BAC_CTG1,65.0,0.0,True,2730.0
2025-11-05,4,BAC_CTG2,65.0,0.0,True,2730.0
2025-11-05,4,BAC_CTG3,65.0,0.0,True,2730.0
2025-11-05,4,BAC_CTG4,65.0,0.0,True,2730.0
2025-11-05,4,BAC_CTG5,65.0,0.0,True,2730.0
2025-11-05,4,BAC_CTG6,65.0,0.0,True,2730.0
2025-11-05,4,STEAM1A_STEAM_1,0.0,0.0,False,0.0
2025-11-05,4,STEAM_STEAM_2,0.0,0.0,False,0.0
2025-11-05,4,STEAM_STEAM_3,0.0,0.0,False,0.0
2025-11-05,4,QALSW_GT1,90.6,0.0,True,2536.8
2025-11-05,4,QALSW_GT2,90.6,0.0,True,2536.8
2025-11-05,4,QALSW_GT3,90.6,0.0,True,2536.8
2025-11-05,4,QALSW_GT4,90.6,0.0,True,2536.8
2025-11-05,4,QALSW_STG1,98.1,0.0,True,2746.8
2025-11-05,4,QALSW_STG2,98.1,0.0,True,2746.8
2025-11-05,4,MIL_MILLERG4,116.0,0.0,True,4872.0
2025-11-05,4,MIL_MILLERG5,116.0,0.0,True,4872.0
2025-11-05,4,MIL_MILLERG1,75.0,0.0,True,2625.0
2025-11-05,4,MIL_MILLERG2,120.0,0.0,True,4200.0
2025-11-05,4,MIL_MILLERG3,216.0,0.0,True,7560.0
2025-11-05,4,OLINGR_OLING_4,0.0,0.0,False,0.0
2025-11-05,4,OLINGR_OLING_2,0.0,0.0,False,0.0
2025-11-05,4,OLINGR_OLING_3,0.0,0.0,False,0.0
2025-11-05,4,RAB_UNIT1,0.0,0.0,False,0.0
2025-11-05,4,RAB_UNIT2,0.0,0.0,False,0.0
2025-11-05,4,RAB_UNIT3,0.0,0.0,False,0.0
2025-11-05,4,RAB_UNIT4,0.0,0.0,False,0.0
2025-11-05,4,RAB_UNIT5,0.0,0.0,False,0.0
2025-11-05,4,RAB_UNIT6,0.0,0.0,False,0.0
2025-11-05,4,RAB_UNIT7,0.0,0.0,False,0.0
2025-11-05,4,RAB_UNIT8,0.0,0.0,False,0.0
2025-11-05,4,REDGATE_AGR_A,0.0,0.0,False,0.0
2025-11-05,4,REDGATE_AGR_B,0.0,0.0,False,0.0
2025-11-05,4,REDGATE_AGR_C,0.0,0.0,False,0.0
2025-11-05,4,REDGATE_AGR_D,0.0,0.0,False,0.0
2025-11-05,4,JAD_UNIT1,0.0,0.0,False,0.0
2025-11-05,4,JAD_UNIT2,0.0,0.0,False,0.0
2025-11-05,4,JAD_UNIT3,0.0,0.0,False,0.0
2025-11-05,4,JAD_UNIT4,0.0,0.0,False,0.0
2025-11-05,4,JAD_UNIT5,0.0,0.0,False,0.0
2025-11-05,4,JAD_UNIT6,0.0,0.0,False,0.0
2025-11-05,4,JAD_UNIT7,0.0,0.0,False,0.0
2025-11-05,4,JAD_UNIT8,0.0,0.0,False,0.0
2025-11-05,4,RIONOG_CT1,0.0,0.0,False,0.0
2025-11-05,4,RIONOG_CT2,0.0,0.0,False,0.0
2025-11-05,4,RIONOG_CT3,0.0,0.0,False,0.0
2025-11-05,4,RIONOG_ST1,0.0,0.0,False,0.0
2025-11-05,4,RAYBURN_RAYBURG7,18.15,42.35,True,508.2
2025-11-05,4,RAYBURN_RAYBURG8,18.15,42.35,True,508.2
2025-11-05,4,RAYBURN_RAYBURG9,60.5,0.0,True,1694.0
2025-11-05,4,RAYBURN_RAYBURG10,0.0,0.0,False,0.0
2025-11-05,4,SJS_SJS_G1,88.19999999999999,1.4210854715202004e-14,True,3704.4
2025-11-05,4,SJS_SJS_G2,88.19999999999999,1.4210854715202004e-14,True,3704.4
2025-11-05,4,SANDHSYD_SH1,0.0,0.0,False,0.0
2025-11-05,4,SANDHSYD_SH2,0.0,0.0,False,0.0
2025-11-05,4,SANDHSYD_SH3,0.0,0.0,False,0.0
2025-11-05,4,SANDHSYD_SH4,0.0,0.0,False,0.0
2025-11-05,4,SANDHSYD_SH_5A,198.90000000000003,-2.842170943040401e-14,True,5569.2
2025-11-05,4,SANDHSYD_SH6,0.0,0.0,False,0.0
2025-11-05,4,SANDHSYD_SH7,0.0,0.0,False,0.0
2025-11-05,4,SANDHSYD_SH_5C,191.0,0.0,True,5348.0
2025-11-05,4,SILASRAY_SILAS_10,0.0,0.0,False,0.0
2025-11-05,4,SILASRAY_SILAS_9,50.0,0.0,True,1400.0
2025-11-05,4,SILASRAY_SILAS_6,25.0,0.0,True,700.0
2025-11-05,4,GIDEON_GIDEONG1,0.0,0.0,False,0.0
2025-11-05,4,GIDEON_GIDEONG2,0.0,0.0,False,0.0
2025-11-05,4,GIDEON_GIDEONG3,0.0,0.0,False,0.0
2025-11-05,4,SKY1_SKY1A,0.0,0.0,False,0.0
2025-11-05,4,SKY1_SKY1B,0.0,0.0,False,0.0
2025-11-05,4,SPNCER_SPNCE_4,61.0,0.0,True,2135.0
2025-11-05,4,SPNCER_SPNCE_5,65.0,0.0,True,2275.0
2025-11-05,4,SCSES_UNIT1A,177.0,0.0,True,6195.0
2025-11-05,4,SCSES_UNIT2,476.05358152059637,25.946418479403633,True,16661.8754
2025-11-05,4,THW_THWGT_1,16.3,0.0,True,684.6
2025-11-05,4,THW_THWGT31,51.3,0.0,True,1436.4
2025-11-05,4,THW_THWGT32,51.3,0.0,True,1436.4
2025-11-05,4,THW_THWGT33,51.3,0.0,True,1436.4
2025-11-05,4,THW_THWGT34,51.3,0.0,True,1436.4
2025-11-05,4,THW_THWGT41,51.3,0.0,True,1436.4
2025-11-05,4,THW_THWGT42,51.3,0.0,True,1436.4
2025-11-05,4,THW_THWGT43,62.0,0.0,True,1736.0
2025-11-05,4,THW_THWGT44,62.0,0.0,True,1736.0
2025-11-05,4,THW_THWGT51,85.0,0.0,True,3570.0
2025-11-05,4,THW_THWGT52,85.0,0.0,True,3570.0
2025-11-05,4,THW_THWGT53,85.0,0.0,True,3570.0
2025-11-05,4,THW_THWGT54,85.0,0.0,True,3570.0
2025-11-05,4,THW_THWGT55,85.0,0.0,True,3570.0
2025-11-05,4,THW_THWGT56,85.0,0.0,True,3570.0
2025-11-05,4,THW_THWST_3,113.1,0.0,True,3166.8
2025-11-05,4,THW_THWST_4,113.1,0.0,True,3166.8
2025-11-05,4,TXCTY_CTA,129.1,0.0,True,3614.8
2025-11-05,4,TXCTY_CTB,129.1,0.0,True,3614.8
2025-11-05,4,TXCTY_CTC,129.1,0.0,True,3614.8
2025-11-05,4,TXCTY_ST,143.7,0.0,True,4023.6
2025-11-05,4,TGS_GT01,0.0,0.0,False,0.0
2025-11-05,4,TIMPP_AGR1,0.0,0.0,False,0.0
2025-11-05,4,TIMPP_AGR2,0.0,0.0,False,0.0
2025-11-05,4,TIMPP_AGR3,0.0,0.0,False,0.0
2025-11-05,4,TIMPP_AGR4,0.0,0.0,False,0.0
2025-11-05,4,TRSES_UNIT6,239.0,0.0,True,8365.0
2025-11-05,4,TOPAZ_UNIT1,60.5,0.0,True,2541.0
2025-11-05,4,TOPAZ_UNIT2,60.5,0.0,True,2541.0
2025-11-05,4,TOPAZ_UNIT3,60.5,0.0,True,2541.0
2025-11-05,4,TOPAZ_UNIT4,60.5,0.0,True,2541.0
2025-11-05,4,TOPAZ_UNIT5,60.5,0.0,True,2541.0
2025-11-05,4,TOPAZ_UNIT6,60.5,0.0,True,2541.0
2025-11-05,4,TOPAZ_UNIT7,60.5,0.0,True,2541.0
2025-11-05,4,TOPAZ_UNIT8,60.5,0.0,True,2541.0
2025-11-05,4,TOPAZ_UNIT9,60.5,0.0,True,2541.0
2025-11-05,4,TOPAZ_UNIT10,60.5,0.0,True,2541.0
2025-11-05,4,BRAUNIG_VHB6CT5,0.0,0.0,False,0.0
2025-11-05,4,BRAUNIG_VHB6CT6,0.0,0.0,False,0.0
2025-11-05,4,BRAUNIG_VHB6CT7,0.0,0.0,False,0.0
2025-11-05,4,BRAUNIG_VHB6CT8,0.0,0.0,False,0.0
2025-11-05,4,CITYVICT_CTG01,0.0,0.0,False,0.0
2025-11-05,4,CITYVICT_CTG02,0.0,0.0,False,0.0
2025-11-05,4,VICTPORT_CTG01,0.0,0.0,False,0.0
2025-11-05,4,VICTPORT_CTG02,0.0,0.0,False,0.0
2025-11-05,4,VICTORIA_VICTORG6,179.0269193374304,17.873080662569606,True,5012.7537
2025-11-05,4,VICTORIA_VICTORG5,180.2,0.0,True,5045.6
2025-11-05,4,WAP_WAPGT_1,0.0,0.0,False,0.0
2025-11-05,4,WAP_WAP_G1,0.0,0.0,False,0.0
2025-11-05,4,WAP_WAP_G2,0.0,0.0,False,0.0
2025-11-05,4,WAP_WAP_G3,0.0,0.0,False,0.0
2025-11-05,4,WAP_WAP_G4,0.0,0.0,False,0.0
2025-11-05,4,WFCOGEN_UNIT1,20.0,0.0,True,560.0
2025-11-05,4,WFCOGEN_UNIT2,20.0,0.0,True,560.0
2025-11-05,4,WFCOGEN_UNIT3,20.0,0.0,True,560.0
2025-11-05,4,WIPOPA_WPP_G1,60.5,0.0,True,2541.0
2025-11-05,4,WIPOPA_WPP_G2,60.5,0.0,True,2541.0
2025-11-05,4,WIPOPA_WPP_G3,6.05,54.45,True,254.1
2025-11-05,4,WIPOPA_WPP_G4,6.606790962752998,53.893209037247004,True,277.4852
2025-11-05,4,WCPP_CT1,0.0,0.0,False,0.0
2025-11-05,4,WCPP_CT2,0.0,0.0,False,0.0
2025-11-05,4,WCPP_ST1,0.0,0.0,False,0.0
2025-11-05,4,WHCCS_CT1,0.0,0.0,False,0.0
2025-11-05,4,WHCCS_CT2,0.0,0.0,False,0.0
2025-11-05,4,WHCCS_STG,0.0,0.0,False,0.0
2025-11-05,4,WHCCS2_CT4,0.0,0.0,False,0.0
2025-11-05,4,WHCCS2_CT5,0.0,0.0,False,0.0
2025-11-05,4,WHCCS2_STG6,0.0,0.0,False,0.0
2025-11-05,4,NACPW_UNIT1,0.0,0.0,False,0.0
2025-11-05,4,HBR_2UNITS,3.2,0.0,True,128.0
2025-11-05,4,TRIRA_1UNIT,4.0,0.0,True,160.0
2025-11-05,4,78252_4UNITS,0.0,0.0,False,0.0
2025-11-05,4,SPRIN_4UNITS,0.0,0.0,False,0.0
2025-11-05,4,FREIH_2UNITS,0.0,0.0,False,0.0
2025-11-05,4,WSTHL_3UNITS,4.8,0.0,True,192.0
2025-11-05,4,FEGC_CTG2,0.0,0.0,False,0.0
2025-11-05,4,FEGC_CTG3,0.0,0.0,False,0.0
2025-11-05,4,FEGC_CTG4,0.0,0.0,False,0.0
2025-11-05,4,OLNEYTN_AGR1,10.0,0.0,True,600.0
2025-11-05,4,AMISTAD_AMISTAG1,0.0,0.0,False,0.0
2025-11-05,4,AMISTAD_AMISTAG2,0.0,0.0,False,0.0
2025-11-05,4,AUSTPL_AUSTING1,9.0,0.0,True,9.0
2025-11-05,4,AUSTPL_AUSTING2,9.0,0.0,True,9.0
2025-11-05,4,BUCHAN_BUCHANG1,18.299999999999997,3.552713678800501e-15,True,18.3
2025-11-05,4,BUCHAN_BUCHANG2,18.299999999999997,3.552713678800501e-15,True,18.3
2025-11-05,4,BUCHAN_BUCHANG3,18.299999999999997,3.552713678800501e-15,True,18.3
2025-11-05,4,DNDAM_DENISOG1,50.8,0.0,True,50.8
2025-11-05,4,DNDAM_DENISOG2,50.8,0.0,True,50.8
2025-11-05,4,FALCON_FALCONG1,12.0,0.0,True,12.0
2025-11-05,4,FALCON_FALCONG2,12.0,0.0,True,12.0
2025-11-05,4,FALCON_FALCONG3,12.0,0.0,True,12.0
2025-11-05,4,WIRTZ_WIRTZ_G1,29.0,0.0,True,29.0
2025-11-05,4,WIRTZ_WIRTZ_G2,29.0,0.0,True,29.0
2025-11-05,4,CANYHY_CANYHYG1,6.0,0.0,True,6.0
2025-11-05,4,INKSDA_INKS_G1,15.0,0.0,True,15.0
2025-11-05,4,MARBFA_MARBFAG1,21.0,0.0,True,21.0
2025-11-05,4,MARBFA_MARBFAG2,20.0,0.0,True,20.0
2025-11-05,4,MARSFO_MARSFOG1,36.0,0.0,True,36.0
2025-11-05,4,MARSFO_MARSFOG2,36.0,0.0,True,36.0
2025-11-05,4,MARSFO_MARSFOG3,36.0,0.0,True,36.0
2025-11-05,4,WND_WHITNEY1,0.0,0.0,False,0.0
2025-11-05,4,WND_WHITNEY2,0.0,0.0,False,0.0
2025-11-05,4,AEEC_ANTLP_1,0.0,0.0,False,0.0
2025-11-05,4,AEEC_ANTLP_2,0.0,0.0,False,0.0
2025-11-05,4,AEEC_ANTLP_3,0.0,0.0,False,0.0
2025-11-05,4,AEEC_ELK_1,0.0,0.0,False,0.0
2025-11-05,4,AEEC_ELK_2,0.0,0.0,False,0.0
2025-11-05,4,AEEC_ELK_3,0.0,0.0,False,0.0
2025-11-05,4,FTR_FTR_G1,0.0,0.0,False,0.0
2025-11-05,4,FTR_FTR_G2,0.0,0.0,False,0.0
2025-11-05,4,FTR_FTR_G3,0.0,0.0,False,0.0
2025-11-05,4,FTR_FTR_G4,0.0,0.0,False,0.0
2025-11-05,4,TGCCS_CT1,0.0,0.0,False,0.0
2025-11-05,4,TGCCS_CT2,0.0,0.0,False,0.0
2025-11-05,4,TGCCS_CT3,53.7,125.3,True,1503.6
2025-11-05,4,TGCCS_UNIT4,0.0,0.0,False,0.0
2025-11-05,4,KMCHI_1CT101,55.5,129.5,True,1554.0
2025-11-05,4,KMCHI_1CT201,185.0,0.0,True,5180.0
2025-11-05,4,KMCHI_1ST,99.0,231.0,True,2772.0
2025-11-05,4,KMCHI_2CT101,55.5,129.5,True,1554.0
2025-11-05,4,KMCHI_2CT201,55.5,129.5,True,1554.0
2025-11-05,4,KMCHI_2ST,99.0,231.0,True,2772.0
2025-11-05,4,A4_DGR1,0.0,0.0,False,0.0
2025-11-05,4,A4_DGR2,0.0,0.0,False,0.0
2025-11-05,4,K2_DGR1,0.0,0.0,False,0.0
2025-11-05,4,K2_DGR2,0.0,0.0,False,0.0
2025-11-05,4,P2_DGR1,0.0,0.0,False,0.0
2025-11-05,4,P2_DGR2,0.0,0.0,False,0.0
2025-11-05,4,Q1_DGR1,0.0,0.0,False,0.0
2025-11-05,4,BRAUNIG_VHB3,0.0,0.0,False,0.0
2025-11-05,4,V2_DGR1,0.0,0.0,False,0.0
2025-11-05,4,V2_DGR2,0.0,0.0,False,0.0
2025-11-05,4,V2_DGR3,0.0,0.0,False,0.0
2025-11-05,4,V4_DGR1,0.0,0.0,False,0.0
2025-11-05,4,X1_DGR1,0.0,0.0,False,0.0
2025-11-05,4,Z0_DGR1,0.0,0.0,False,0.0
2025-11-05,4,Z0_DGR2,0.0,0.0,False,0.0
2025-11-05,4,Z5_DGR1,0.0,0.0,False,0.0
2025-11-05,4,DC_E,437.5134330550842,162.4865669449158,True,15312.9702
2025-11-05,4,DC_N,184.55380293984842,35.446197060151576,True,6459.3831
2025-11-05,4,DC_L,0.0,0.0,False,0.0
2025-11-05,4,DC_R,0.0,0.0,False,0.0
2025-11-05,4,CEDARVALE_GAS,0.0,0.0,False,0.0
2025-11-05,4,ENCHANTED_ROCK_NEWPP,30.0,0.0,True,1350.0
2025-11-05,5,CPSES_UNIT1,1269.0,0.0,True,10152.0
2025-11-05,5,CPSES_UNIT2,1243.627209021381,25.372790978618923,True,9949.0177
2025-11-05,5,STP_STP_G1,1365.0,0.0,True,10920.0
2025-11-05,5,STP_STP_G2,1365.0,0.0,True,10920.0
2025-11-05,5,COLETO_COLETOG1,655.0,0.0,True,16375.0
2025-11-05,5,FPPYD1_FPP_G1,615.0,0.0,True,15375.0
2025-11-05,5,FPPYD1_FPP_G2,615.0,0.0,True,15375.0
2025-11-05,5,FPPYD2_FPP_G3,460.0,0.0,True,11500.0
2025-11-05,5,CALAVERS_JKS1,320.4519260911877,239.54807390881228,True,8011.2982
2025-11-05,5,CALAVERS_JKS2,368.8,553.2,True,9220.0
2025-11-05,5,LEG_LEG_G1,0.0,0.0,False,0.0
2025-11-05,5,LEG_LEG_G2,0.0,0.0,False,0.0
2025-11-05,5,MLSES_UNIT1,0.0,0.0,False,0.0
2025-11-05,5,MLSES_UNIT2,0.0,0.0,False,0.0
2025-11-05,5,MLSES_UNIT3,0.0,0.0,False,0.0
2025-11-05,5,OGSES_UNIT1A,0.0,0.0,False,0.0
2025-11-05,5,OGSES_UNIT2,0.0,0.0,False,0.0
2025-11-05,5,SANMIGL_G1,430.0,0.0,True,10750.0
2025-11-05,5,SCES_UNIT1,0.0,0.0,False,0.0
2025-11-05,5,TNP_ONE_TNP_O_1,0.0,0.0,False,0.0
2025-11-05,5,TNP_ONE_TNP_O_2,0.0,0.0,False,0.0
2025-11-05,5,WAP_WAP_G5,0.0,0.0,False,0.0
2025-11-05,5,WAP_WAP_G6,0.0,0.0,False,0.0
2025-11-05,5,WAP_WAP_G7,614.6,0.0,True,15365.0
2025-11-05,5,WAP_WAP_G8,0.0,0.0,False,0.0
2025-11-05,5,BRAUNIG_AVR1_CT1,0.0,0.0,False,0.0
2025-11-05,5,BRAUNIG_AVR1_CT2,0.0,0.0,False,0.0
2025-11-05,5,BRAUNIG_AVR1_ST,0.0,0.0,False,0.0
2025-11-05,5,ATKINS_ATKINSG7,0.0,0.0,False,0.0
2025-11-05,5,B_DAVIS_B_DAVIG3,56.88,0.0,True,1592.64
2025-11-05,5,B_DAVIS_B_DAVIG4,56.88,0.0,True,1592.64
2025-11-05,5,B_DAVIS_B_DAVIG1,0.0,0.0,False,0.0
2025-11-05,5,B_DAVIS_B_DAVIG2,105.3,245.7,True,2948.4
2025-11-05,5,BASTEN_GTG1100,0.0,0.0,False,0.0
2025-11-05,5,BASTEN_GTG2100,0.0,0.0,False,0.0
2025-11-05,5,BASTEN_ST0100,0.0,0.0,False,0.0
2025-11-05,5,BCH_UNIT1,60.5,0.0,True,2541.0
2025-11-05,5,BCH_UNIT2,60.5,0.0,True,2541.0
2025-11-05,5,BCH_UNIT3,60.5,0.0,True,2541.0
2025-11-05,5,BCH_UNIT4,60.5,0.0,True,2541.0
2025-11-05,5,BCH_UNIT5,60.5,0.0,True,2541.0
2025-11-05,5,BCH_UNIT6,60.5,0.0,True,2541.0
2025-11-05,5,BCH_UNIT7,60.5,0.0,True,2541.0
2025-11-05,5,BCH_UNIT8,60.5,0.0,True,2541.0
2025-11-05,5,BOSQUESW_BSQSU_1,0.0,0.0,False,0.0
2025-11-05,5,BOSQUESW_BSQSU_2,0.0,0.0,False,0.0
2025-11-05,5,BOSQUESW_BSQSU_3,0.0,0.0,False,0.0
2025-11-05,5,BOSQUESW_BSQSU_4,0.0,0.0,False,0.0
2025-11-05,5,BOSQUESW_BSQSU_5,0.0,0.0,False,0.0
2025-11-05,5,BVE_UNIT1,198.90000000000003,-2.842170943040401e-14,True,5569.2
2025-11-05,5,BVE_UNIT2,198.90000000000003,-2.842170943040401e-14,True,5569.2
2025-11-05,5,BVE_UNIT3,275.6,0.0,True,7716.8
2025-11-05,5,BTM_UNIT1,60.5,0.0,True,2541.0
2025-11-05,5,BTM_UNIT2,60.5,0.0,True,2541.0
2025-11-05,5,BTM_UNIT3,60.5,0.0,True,2541.0
2025-11-05,5,BTM_UNIT4,60.5,0.0,True,2541.0
2025-11-05,5,BTM_UNIT5,60.5,0.0,True,2541.0
2025-11-05,5,BTM_UNIT6,60.5,0.0,True,2541.0
2025-11-05,5,BTM_UNIT7,60.5,0.0,True,2541.0
2025-11-05,5,BTM_UNIT8,60.5,0.0,True,2541.0
2025-11-05,5,FLCNS_UNIT1,0.0,0.0,False,0.0
2025-11-05,5,FLCNS_UNIT2,0.0,0.0,False,0.0
2025-11-05,5,CALHOUN_UNIT1,0.0,0.0,False,0.0
2025-11-05,5,CALHOUN_UNIT2,0.0,0.0,False,0.0
2025-11-05,5,CHAMON_CTG_0101,60.5,0.0,True,2541.0
2025-11-05,5,CHAMON_CTG_0301,60.5,0.0,True,2541.0
2025-11-05,5,CBY4_CT41,205.0,0.0,True,5740.0
2025-11-05,5,CBY4_CT42,205.0,0.0,True,5740.0
2025-11-05,5,CBY4_ST04,205.0,0.0,True,5740.0
2025-11-05,5,CBY_CBY_G1,765.0,0.0,True,26775.0
2025-11-05,5,CBY_CBY_G2,765.0,0.0,True,26775.0
2025-11-05,5,CBEC_GT1,86.5,0.0,True,2422.0
2025-11-05,5,CBEC_GT2,86.5,0.0,True,2422.0
2025-11-05,5,CBEC_GT3,86.5,0.0,True,2422.0
2025-11-05,5,CBEC_GT4,86.5,0.0,True,2422.0
2025-11-05,5,CBEC_STG1,105.0,0.0,True,2940.0
2025-11-05,5,CBEC_STG2,108.79999999999997,2.842170943040401e-14,True,3046.4
2025-11-05,5,CBECII_CT7,360.9,0.0,True,10105.2
2025-11-05,5,CBECII_CT8,360.9,0.0,True,10105.2
2025-11-05,5,CBECII_STG9,275.7624555132912,232.73754448670883,True,7721.3488
2025-11-05,5,CBEC_GT11,4.17,37.53,True,175.14
2025-11-05,5,CBEC_GT12,15.436412914635566,26.263587085364435,True,648.3293
2025-11-05,5,CVC_CVC_G1,192.1,0.0,True,5378.8
2025-11-05,5,CVC_CVC_G2,192.1,0.0,True,5378.8
2025-11-05,5,CVC_CVC_G3,192.1,0.0,True,5378.8
2025-11-05,5,CVC_CVC_G5,150.0,0.0,True,4200.0
2025-11-05,5,DANSBY_DANSBYG2,0.0,0.0,False,0.0
2025-11-05,5,DANSBY_DANSBYG3,0.0,0.0,False,0.0
2025-11-05,5,DANSBY_DANSBYG1,0.0,0.0,False,0.0
2025-11-05,5,DECKER_DPGT_1,0.0,0.0,False,0.0
2025-11-05,5,DECKER_DPGT_2,0.0,0.0,False,0.0
2025-11-05,5,DECKER_DPGT_3,0.0,0.0,False,0.0
2025-11-05,5,DECKER_DPGT_4,0.0,0.0,False,0.0
2025-11-05,5,DCSES_CT10,0.0,0.0,False,0.0
2025-11-05,5,DCSES_CT20,0.0,0.0,False,0.0
2025-11-05,5,DCSES_CT30,0.0,0.0,False,0.0
2025-11-05,5,DCSES_CT40,0.0,0.0,False,0.0
2025-11-05,5,DDPEC_GT1,60.9,142.1,True,1705.2
2025-11-05,5,DDPEC_GT2,64.5,150.5,True,1806.0
2025-11-05,5,DDPEC_GT3,60.9,142.1,True,1705.2
2025-11-05,5,DDPEC_GT4,0.0,0.0,False,0.0
2025-11-05,5,DDPEC_GT6,59.7,0.0,True,1671.6
2025-11-05,5,DDPEC_ST1,87.0,203.0,True,2436.0
2025-11-05,5,DEC_AGR_A,56.5,0.0,True,2542.5
2025-11-05,5,DEC_AGR_B,56.5,0.0,True,2542.5
2025-11-05,5,DEC_AGR_C,56.5,0.0,True,2542.5
2025-11-05,5,DEC_AGR_D,56.5,0.0,True,2542.5
2025-11-05,5,ECEC_G1,0.0,0.0,False,0.0
2025-11-05,5,ECEC_G2,0.0,0.0,False,0.0
2025-11-05,5,ETCCS_CT1,260.0,0.0,True,7280.0
2025-11-05,5,ETCCS_UNIT1,140.0,0.0,True,3920.0
2025-11-05,5,AZ_AZ_G1,0.0,0.0,False,0.0
2025-11-05,5,AZ_AZ_G2,0.0,0.0,False,0.0
2025-11-05,5,AZ_AZ_G3,0.0,0.0,False,0.0
2025-11-05,5,AZ_AZ_G4,0.0,0.0,False,0.0
2025-11-05,5,FERGCC_FERGGT1,0.0,0.0,False,0.0
2025-11-05,5,FERGCC_FERGGT2,0.0,0.0,False,0.0
2025-11-05,5,FERGCC_FERGST1,204.0,0.0,True,5712.0
2025-11-05,5,FRNYPP_GT11,0.0,0.0,False,0.0
2025-11-05,5,FRNYPP_GT12,0.0,0.0,False,0.0
2025-11-05,5,FRNYPP_GT13,0.0,0.0,False,0.0
2025-11-05,5,FRNYPP_GT21,0.0,0.0,False,0.0
2025-11-05,5,FRNYPP_GT22,0.0,0.0,False,0.0
2025-11-05,5,FRNYPP_GT23,0.0,0.0,False,0.0
2025-11-05,5,FRNYPP_ST10,0.0,0.0,False,0.0
2025-11-05,5,FRNYPP_ST20,0.0,0.0,False,0.0
2025-11-05,5,FREC_GT1,179.4,0.0,True,5023.2
2025-11-05,5,FREC_GT2,179.4,0.0,True,5023.2
2025-11-05,5,FREC_GT4,129.27540391207344,50.12459608792656,True,3619.7113
2025-11-05,5,FREC_GT5,179.4,0.0,True,5023.2
2025-11-05,5,FREC_ST3,0.0,0.0,False,0.0
2025-11-05,5,FREC_ST6,0.0,0.0,False,0.0
2025-11-05,5,FEGC_UNIT1,0.0,0.0,False,0.0
2025-11-05,5,FRONT_EC_CT1,177.0,0.0,True,4956.0
2025-11-05,5,FRONT_EC_CT2,163.10234291863733,13.897657081362667,True,4566.8656
2025-11-05,5,FRONT_EC_ST,184.5,0.0,True,5166.0
2025-11-05,5,GRSES_UNIT1,239.0,0.0,True,8365.0
2025-11-05,5,GRSES_UNIT2,390.0,0.0,True,13650.0
2025-11-05,5,GBY_GBYGT73,72.0,0.0,True,3024.0
2025-11-05,5,GBY_GBYGT74,72.0,0.0,True,3024.0
2025-11-05,5,GBY_GBYGT81,72.0,0.0,True,3024.0
2025-11-05,5,GBY_GBYGT82,72.0,0.0,True,3024.0
2025-11-05,5,GBY_GBYGT83,72.0,0.0,True,3024.0
2025-11-05,5,GBY_GBYGT84,72.0,0.0,True,3024.0
2025-11-05,5,STEAM_ENGINE_1,0.0,0.0,False,0.0
2025-11-05,5,STEAM_ENGINE_2,0.0,0.0,False,0.0
2025-11-05,5,STEAM_ENGINE_3,0.0,0.0,False,0.0
2025-11-05,5,LGE_LGE_GT1,182.66924792567397,2.3307520743260284,True,5114.7389
2025-11-05,5,LGE_LGE_GT2,55.5,129.5,True,1554.0
2025-11-05,5,LGE_LGE_STG,100.0,0.0,True,2800.0
2025-11-05,5,GUADG_GAS1,0.0,0.0,False,0.0
2025-11-05,5,GUADG_GAS2,0.0,0.0,False,0.0
2025-11-05,5,GUADG_GAS3,0.0,0.0,False,0.0
2025-11-05,5,GUADG_GAS4,0.0,0.0,False,0.0
2025-11-05,5,GUADG_STM5,0.0,0.0,False,0.0
2025-11-05,5,GUADG_STM6,0.0,0.0,False,0.0
2025-11-05,5,HLSES_UNIT3,395.0,0.0,True,13825.0
2025-11-05,5,HLSES_UNIT4,435.0,0.0,True,15225.0
2025-11-05,5,HLSES_UNIT5,435.0,0.0,True,15225.0
2025-11-05,5,HAYSEN_HAYSENG1,0.0,0.0,False,0.0
2025-11-05,5,HAYSEN_HAYSENG2,0.0,0.0,False,0.0
2025-11-05,5,HAYSEN_HAYSENG3,0.0,0.0,False,0.0
2025-11-05,5,HAYSEN_HAYSENG4,0.0,0.0,False,0.0
2025-11-05,5,DUKE_DUKE_GT1,176.6,0.0,True,4944.8
2025-11-05,5,DUKE_DUKE_GT2,176.6,0.0,True,4944.8
2025-11-05,5,DUKE_DUKE_ST1,59.43,138.67,True,1664.04
2025-11-05,5,JACKCNTY_CT1,59.67,139.23,True,1670.76
2025-11-05,5,JACKCNTY_CT2,59.67,139.23,True,1670.76
2025-11-05,5,JCKCNTY2_CT3,59.67,139.23,True,1670.76
2025-11-05,5,JCKCNTY2_CT4,59.67,139.23,True,1670.76
2025-11-05,5,JACKCNTY_STG,0.0,0.0,False,0.0
2025-11-05,5,JCKCNTY2_ST2,0.0,0.0,False,0.0
2025-11-05,5,TEN_CT1,0.0,0.0,False,0.0
2025-11-05,5,TEN_STG,0.0,0.0,False,0.0
2025-11-05,5,LHSES_UNIT1,0.0,0.0,False,0.0
2025-11-05,5,LHSES_UNIT2A,0.0,0.0,False,0.0
2025-11-05,5,LPCCS_CT11,0.0,0.0,False,0.0
2025-11-05,5,LPCCS_CT12,186.0,0.0,True,5208.0
2025-11-05,5,LPCCS_CT21,0.0,0.0,False,0.0
2025-11-05,5,LPCCS_CT22,76.56050028255875,109.43949971744124,True,2143.694
2025-11-05,5,LPCCS_UNIT1,0.0,0.0,False,0.0
2025-11-05,5,LPCCS_UNIT2,0.0,0.0,False,0.0
2025-11-05,5,LARDVFTN_G4,0.0,0.0,False,0.0
2025-11-05,5,LARDVFTN_G5,0.0,0.0,False,0.0
2025-11-05,5,LEON_CRK_LCPCT1,0.0,0.0,False,0.0
2025-11-05,5,LEON_CRK_LCPCT2,0.0,0.0,False,0.0
2025-11-05,5,LEON_CRK_LCPCT3,0.0,0.0,False,0.0
2025-11-05,5,LEON_CRK_LCPCT4,0.0,0.0,False,0.0
2025-11-05,5,LIG_UNIT1,0.0,0.0,False,0.0
2025-11-05,5,LIG_UNIT2,0.0,0.0,False,0.0
2025-11-05,5,LOSTPI_LOSTPGT1,202.5,0.0,True,5670.0
2025-11-05,5,LOSTPI_LOSTPGT2,202.5,0.0,True,5670.0
2025-11-05,5,LOSTPI_LOSTPST1,204.0,0.0,True,5712.0
2025-11-05,5,NEDIN_NEDIN_G1,0.0,0.0,False,0.0
2025-11-05,5,NEDIN_NEDIN_G2,0.0,0.0,False,0.0
2025-11-05,5,NEDIN_NEDIN_G3,0.0,0.0,False,0.0
2025-11-05,5,MDANP_CT1,0.0,0.0,False,0.0
2025-11-05,5,MDANP_CT2,0.0,0.0,False,0.0
2025-11-05,5,MDANP_CT3,0.0,0.0,False,0.0
2025-11-05,5,MDANP_CT4,0.0,0.0,False,0.0
2025-11-05,5,MDANP_CT5,0.0,0.0,False,0.0
2025-11-05,5,MDANP_CT6,0.0,0.0,False,0.0
2025-11-05,5,MGSES_CT1,0.0,0.0,False,0.0
2025-11-05,5,MGSES_CT2,0.0,0.0,False,0.0
2025-11-05,5,MGSES_CT3,0.0,0.0,False,0.0
2025-11-05,5,MGSES_CT4,0.0,0.0,False,0.0
2025-11-05,5,MGSES_CT5,0.0,0.0,False,0.0
2025-11-05,5,MGSES_CT6,0.0,0.0,False,0.0
2025-11-05,5,MCSES_UNIT6,122.0,0.0,True,4270.0
2025-11-05,5,MCSES_UNIT7,118.0,0.0,True,4130.0
2025-11-05,5,MCSES_UNIT8,568.0,0.0,True,19880.0
2025-11-05,5,NUECES_B_NUECESG8,56.88,132.72,True,1592.64
2025-11-05,5,NUECES_B_NUECESG9,56.88,132.72,True,1592.64
2025-11-05,5,NUECES_B_NUECESG7,105.3,245.7,True,2948.4
2025-11-05,5,CALAVERS_OWS1,0.0,0.0,False,0.0
2025-11-05,5,CALAVERS_OWS2,0.0,0.0,False,0.0
2025-11-05,5,OECCS_CT11,58.56,136.64,True,1639.68
2025-11-05,5,OECCS_CT12,0.0,0.0,False,0.0
2025-11-05,5,OECCS_CT21,0.0,0.0,False,0.0
2025-11-05,5,OECCS_CT22,56.73,0.0,True,1588.44
2025-11-05,5,OECCS_UNIT1,67.2,156.8,True,1881.6
2025-11-05,5,OECCS_UNIT2,123.03857417833531,100.9614258216647,True,3445.0801
2025-11-05,5,VICTPRT2_UNIT1,0.0,0.0,False,0.0
2025-11-05,5,VICTPRT2_UNIT2,0.0,0.0,False,0.0
2025-11-05,5,PANDA_S_SHER1CT1,232.0,0.0,True,6496.0
2025-11-05,5,PANDA_S_SHER1CT2,232.0,0.0,True,6496.0
2025-11-05,5,PANDA_S_SHER1ST1,280.8371771649439,72.26282283505608,True,7863.441
2025-11-05,5,PANDA_T1_TMPL1CT1,0.0,0.0,False,0.0
2025-11-05,5,PANDA_T1_TMPL1CT2,0.0,0.0,False,0.0
2025-11-05,5,PANDA_T1_TMPL1ST1,0.0,0.0,False,0.0
2025-11-05,5,PANDA_T2_TMPL2CT1,0.0,0.0,False,0.0
2025-11-05,5,PANDA_T2_TMPL2CT2,0.0,0.0,False,0.0
2025-11-05,5,PANDA_T2_TMPL2ST1,0.0,0.0,False,0.0
2025-11-05,5,TNSKA_GT1,0.0,0.0,False,0.0
2025-11-05,5,TNSKA_GT2,0.0,0.0,False,0.0
2025-11-05,5,TNSKA_STG,0.0,0.0,False,0.0
2025-11-05,5,PSG_PSG_GT2,79.68414085627172,135.41585914372828,True,2231.1559
2025-11-05,5,PSG_PSG_GT3,64.53,150.57,True,1806.84
2025-11-05,5,PSG_PSG_ST2,0.0,0.0,False,0.0
2025-11-05,5,PEARSAL2_AGR_A,0.0,0.0,False,0.0
2025-11-05,5,PEARSAL2_AGR_B,0.0,0.0,False,0.0
2025-11-05,5,PEARSAL2_AGR_C,0.0,0.0,False,0.0
2025-11-05,5,PEARSAL2_AGR_D,0.0,0.0,False,0.0
2025-11-05,5,PB2SES_CT1,0.0,0.0,False,0.0
2025-11-05,5,PB2SES_CT2,0.0,0.0,False,0.0
2025-11-05,5,PB2SES_CT3,0.0,0.0,False,0.0
2025-11-05,5,PB2SES_CT4,0.0,0.0,False,0.0
2025-11-05,5,PB2SES_CT5,0.0,0.0,False,0.0
2025-11-05,5,PRO_UNIT1,0.0,0.0,False,0.0
2025-11-05,5,PRO_UNIT2,0.0,0.0,False,0.0
2025-11-05,5,PRO_UNIT3,0.0,0.0,False,0.0
2025-11-05,5,PRO_UNIT4,0.0,0.0,False,0.0
2025-11-05,5,PRO_UNIT5,0.0,0.0,False,0.0
2025-11-05,5,PRO_UNIT6,0.0,0.0,False,0.0
2025-11-05,5,PRO_UNIT7,0.0,0.0,False,0.0
2025-11-05,5,PRO_UNIT8,0.0,0.0,False,0.0
2025-11-05,5,BAC_CTG1,65.0,0.0,True,2730.0
2025-11-05,5,BAC_CTG2,65.0,0.0,True,2730.0
2025-11-05,5,BAC_CTG3,65.0,0.0,True,2730.0
2025-11-05,5,BAC_CTG4,65.0,0.0,True,2730.0
2025-11-05,5,BAC_CTG5,65.0,0.0,True,2730.0
2025-11-05,5,BAC_CTG6,65.0,0.0,True,2730.0
2025-11-05,5,STEAM1A_STEAM_1,0.0,0.0,False,0.0
2025-11-05,5,STEAM_STEAM_2,0.0,0.0,False,0.0
2025-11-05,5,STEAM_STEAM_3,0.0,0.0,False,0.0
2025-11-05,5,QALSW_GT1,90.6,0.0,True,2536.8
2025-11-05,5,QALSW_GT2,90.6,0.0,True,2536.8
2025-11-05,5,QALSW_GT3,90.60000000000008,-8.526512829121202e-14,True,2536.8
2025-11-05,5,QALSW_GT4,90.6,0.0,True,2536.8
2025-11-05,5,QALSW_STG1,98.1,0.0,True,2746.8
2025-11-05,5,QALSW_STG2,98.1,0.0,True,2746.8
2025-11-05,5,MIL_MILLERG4,116.0,0.0,True,4872.0
2025-11-05,5,MIL_MILLERG5,116.0,0.0,True,4872.0
2025-11-05,5,MIL_MILLERG1,75.0,0.0,True,2625.0
2025-11-05,5,MIL_MILLERG2,120.0,0.0,True,4200.0
2025-11-05,5,MIL_MILLERG3,216.0,0.0,True,7560.0
2025-11-05,5,OLINGR_OLING_4,0.0,0.0,False,0.0
2025-11-05,5,OLINGR_OLING_2,0.0,0.0,False,0.0
2025-11-05,5,OLINGR_OLING_3,0.0,0.0,False,0.0
2025-11-05,5,RAB_UNIT1,0.0,0.0,False,0.0
2025-11-05,5,RAB_UNIT2,0.0,0.0,False,0.0
2025-11-05,5,RAB_UNIT3,0.0,0.0,False,0.0
2025-11-05,5,RAB_UNIT4,0.0,0.0,False,0.0
2025-11-05,5,RAB_UNIT5,0.0,0.0,False,0.0
2025-11-05,5,RAB_UNIT6,0.0,0.0,False,0.0
2025-11-05,5,RAB_UNIT7,0.0,0.0,False,0.0
2025-11-05,5,RAB_UNIT8,0.0,0.0,False,0.0
2025-11-05,5,REDGATE_AGR_A,0.0,0.0,False,0.0
2025-11-05,5,REDGATE_AGR_B,0.0,0.0,False,0.0
2025-11-05,5,REDGATE_AGR_C,0.0,0.0,False,0.0
2025-11-05,5,REDGATE_AGR_D,0.0,0.0,False,0.0
2025-11-05,5,JAD_UNIT1,0.0,0.0,False,0.0
2025-11-05,5,JAD_UNIT2,0.0,0.0,False,0.0
2025-11-05,5,JAD_UNIT3,0.0,0.0,False,0.0
2025-11-05,5,JAD_UNIT4,0.0,0.0,False,0.0
2025-11-05,5,JAD_UNIT5,0.0,0.0,False,0.0
2025-11-05,5,JAD_UNIT6,0.0,0.0,False,0.0
2025-11-05,5,JAD_UNIT7,0.0,0.0,False,0.0
2025-11-05,5,JAD_UNIT8,0.0,0.0,False,0.0
2025-11-05,5,RIONOG_CT1,0.0,0.0,False,0.0
2025-11-05,5,RIONOG_CT2,0.0,0.0,False,0.0
2025-11-05,5,RIONOG_CT3,0.0,0.0,False,0.0
2025-11-05,5,RIONOG_ST1,0.0,0.0,False,0.0
2025-11-05,5,RAYBURN_RAYBURG7,18.15,42.35,True,508.2
2025-11-05,5,RAYBURN_RAYBURG8,18.15,42.35,True,508.2
2025-11-05,5,RAYBURN_RAYBURG9,18.15,42.35,True,508.2
2025-11-05,5,RAYBURN_RAYBURG10,0.0,0.0,False,0.0
2025-11-05,5,SJS_SJS_G1,88.19999999999999,1.4210854715202004e-14,True,3704.4
2025-11-05,5,SJS_SJS_G2,88.19999999999999,1.4210854715202004e-14,True,3704.4
2025-11-05,5,SANDHSYD_SH1,0.0,0.0,False,0.0
2025-11-05,5,SANDHSYD_SH2,0.0,0.0,False,0.0
2025-11-05,5,SANDHSYD_SH3,0.0,0.0,False,0.0
2025-11-05,5,SANDHSYD_SH4,0.0,0.0,False,0.0
2025-11-05,5,SANDHSYD_SH_5A,198.90000000000003,-2.842170943040401e-14,True,5569.2
2025-11-05,5,SANDHSYD_SH6,0.0,0.0,False,0.0
2025-11-05,5,SANDHSYD_SH7,0.0,0.0,False,0.0
2025-11-05,5,SANDHSYD_SH_5C,191.0,0.0,True,5348.0
2025-11-05,5,SILASRAY_SILAS_10,0.0,0.0,False,0.0
2025-11-05,5,SILASRAY_SILAS_9,50.0,0.0,True,1400.0
2025-11-05,5,SILASRAY_SILAS_6,25.0,0.0,True,700.0
2025-11-05,5,GIDEON_GIDEONG1,0.0,0.0,False,0.0
2025-11-05,5,GIDEON_GIDEONG2,0.0,0.0,False,0.0
2025-11-05,5,GIDEON_GIDEONG3,0.0,0.0,False,0.0
2025-11-05,5,SKY1_SKY1A,0.0,0.0,False,0.0
2025-11-05,5,SKY1_SKY1B,0.0,0.0,False,0.0
2025-11-05,5,SPNCER_SPNCE_4,61.0,0.0,True,2135.0
2025-11-05,5,SPNCER_SPNCE_5,65.0,0.0,True,2275.0
2025-11-05,5,SCSES_UNIT1A,53.1,123.9,True,1858.5
2025-11-05,5,SCSES_UNIT2,490.3354070940517,11.664592905948325,True,17161.7392
2025-11-05,5,THW_THWGT_1,16.3,0.0,True,684.6
2025-11-05,5,THW_THWGT31,51.3,0.0,True,1436.4
2025-11-05,5,THW_THWGT32,51.3,0.0,True,1436.4
2025-11-05,5,THW_THWGT33,51.3,0.0,True,1436.4
2025-11-05,5,THW_THWGT34,51.3,0.0,True,1436.4
2025-11-05,5,THW_THWGT41,51.3,0.0,True,1436.4
2025-11-05,5,THW_THWGT42,51.3,0.0,True,1436.4
2025-11-05,5,THW_THWGT43,62.0,0.0,True,1736.0
2025-11-05,5,THW_THWGT44,62.0,0.0,True,1736.0
2025-11-05,5,THW_THWGT51,85.0,0.0,True,3570.0
2025-11-05,5,THW_THWGT52,85.0,0.0,True,3570.0
2025-11-05,5,THW_THWGT53,85.0,0.0,True,3570.0
2025-11-05,5,THW_THWGT54,85.0,0.0,True,3570.0
2025-11-05,5,THW_THWGT55,85.0,0.0,True,3570.0
2025-11-05,5,THW_THWGT56,85.0,0.0,True,3570.0
2025-11-05,5,THW_THWST_3,113.1,0.0,True,3166.8
2025-11-05,5,THW_THWST_4,113.1,0.0,True,3166.8
2025-11-05,5,TXCTY_CTA,129.1,0.0,True,3614.8
2025-11-05,5,TXCTY_CTB,129.1,0.0,True,3614.8
2025-11-05,5,TXCTY_CTC,129.1,0.0,True,3614.8
2025-11-05,5,TXCTY_ST,143.7,0.0,True,4023.6
2025-11-05,5,TGS_GT01,0.0,0.0,False,0.0
2025-11-05,5,TIMPP_AGR1,0.0,0.0,False,0.0
2025-11-05,5,TIMPP_AGR2,0.0,0.0,False,0.0
2025-11-05,5,TIMPP_AGR3,0.0,0.0,False,0.0
2025-11-05,5,TIMPP_AGR4,0.0,0.0,False,0.0
2025-11-05,5,TRSES_UNIT6,239.0,0.0,True,8365.0
2025-11-05,5,TOPAZ_UNIT1,60.5,0.0,True,2541.0
2025-11-05,5,TOPAZ_UNIT2,60.5,0.0,True,2541.0
2025-11-05,5,TOPAZ_UNIT3,60.5,0.0,True,2541.0
2025-11-05,5,TOPAZ_UNIT4,60.5,0.0,True,2541.0
2025-11-05,5,TOPAZ_UNIT5,60.5,0.0,True,2541.0
2025-11-05,5,TOPAZ_UNIT6,60.5,0.0,True,2541.0
2025-11-05,5,TOPAZ_UNIT7,60.5,0.0,True,2541.0
2025-11-05,5,TOPAZ_UNIT8,60.5,0.0,True,2541.0
2025-11-05,5,TOPAZ_UNIT9,60.5,0.0,True,2541.0
2025-11-05,5,TOPAZ_UNIT10,60.5,0.0,True,2541.0
2025-11-05,5,BRAUNIG_VHB6CT5,0.0,0.0,False,0.0
2025-11-05,5,BRAUNIG_VHB6CT6,0.0,0.0,False,0.0
2025-11-05,5,BRAUNIG_VHB6CT7,0.0,0.0,False,0.0
2025-11-05,5,BRAUNIG_VHB6CT8,0.0,0.0,False,0.0
2025-11-05,5,CITYVICT_CTG01,0.0,0.0,False,0.0
2025-11-05,5,CITYVICT_CTG02,0.0,0.0,False,0.0
2025-11-05,5,VICTPORT_CTG01,0.0,0.0,False,0.0
2025-11-05,5,VICTPORT_CTG02,0.0,0.0,False,0.0
2025-11-05,5,VICTORIA_VICTORG6,178.98598269229456,17.91401730770545,True,5011.6075
2025-11-05,5,VICTORIA_VICTORG5,180.2,0.0,True,5045.6
2025-11-05,5,WAP_WAPGT_1,0.0,0.0,False,0.0
2025-11-05,5,WAP_WAP_G1,0.0,0.0,False,0.0
2025-11-05,5,WAP_WAP_G2,0.0,0.0,False,0.0
2025-11-05,5,WAP_WAP_G3,0.0,0.0,False,0.0
2025-11-05,5,WAP_WAP_G4,0.0,0.0,False,0.0
2025-11-05,5,WFCOGEN_UNIT1,20.0,0.0,True,560.0
2025-11-05,5,WFCOGEN_UNIT2,20.0,0.0,True,560.0
2025-11-05,5,WFCOGEN_UNIT3,20.0,0.0,True,560.0
2025-11-05,5,WIPOPA_WPP_G1,60.5,0.0,True,2541.0
2025-11-05,5,WIPOPA_WPP_G2,60.5,0.0,True,2541.0
2025-11-05,5,WIPOPA_WPP_G3,6.05,54.45,True,254.1
2025-11-05,5,WIPOPA_WPP_G4,6.537736545545246,53.96226345445476,True,274.5849
2025-11-05,5,WCPP_CT1,0.0,0.0,False,0.0
2025-11-05,5,WCPP_CT2,0.0,0.0,False,0.0
2025-11-05,5,WCPP_ST1,0.0,0.0,False,0.0
2025-11-05,5,WHCCS_CT1,0.0,0.0,False,0.0
2025-11-05,5,WHCCS_CT2,0.0,0.0,False,0.0
2025-11-05,5,WHCCS_STG,0.0,0.0,False,0.0
2025-11-05,5,WHCCS2_CT4,0.0,0.0,False,0.0
2025-11-05,5,WHCCS2_CT5,0.0,0.0,False,0.0
2025-11-05,5,WHCCS2_STG6,0.0,0.0,False,0.0
2025-11-05,5,NACPW_UNIT1,0.0,0.0,False,0.0
2025-11-05,5,HBR_2UNITS,3.2,0.0,True,128.0
2025-11-05,5,TRIRA_1UNIT,4.0,0.0,True,160.0
2025-11-05,5,78252_4UNITS,0.0,0.0,False,0.0
2025-11-05,5,SPRIN_4UNITS,0.0,0.0,False,0.0
2025-11-05,5,FREIH_2UNITS,0.0,0.0,False,0.0
2025-11-05,5,WSTHL_3UNITS,4.8,0.0,True,192.0
2025-11-05,5,FEGC_CTG2,0.0,0.0,False,0.0
2025-11-05,5,FEGC_CTG3,0.0,0.0,False,0.0
2025-11-05,5,FEGC_CTG4,0.0,0.0,False,0.0
2025-11-05,5,OLNEYTN_AGR1,10.0,0.0,True,600.0
2025-11-05,5,AMISTAD_AMISTAG1,0.0,0.0,False,0.0
2025-11-05,5,AMISTAD_AMISTAG2,0.0,0.0,False,0.0
2025-11-05,5,AUSTPL_AUSTING1,9.0,0.0,True,9.0
2025-11-05,5,AUSTPL_AUSTING2,9.0,0.0,True,9.0
2025-11-05,5,BUCHAN_BUCHANG1,18.299999999999997,3.552713678800501e-15,True,18.3
2025-11-05,5,BUCHAN_BUCHANG2,18.299999999999997,3.552713678800501e-15,True,18.3
2025-11-05,5,BUCHAN_BUCHANG3,18.299999999999997,3.552713678800501e-15,True,18.3
2025-11-05,5,DNDAM_DENISOG1,50.8,0.0,True,50.8
2025-11-05,5,DNDAM_DENISOG2,50.8,0.0,True,50.8
2025-11-05,5,FALCON_FALCONG1,12.0,0.0,True,12.0
2025-11-05,5,FALCON_FALCONG2,12.0,0.0,True,12.0
2025-11-05,5,FALCON_FALCONG3,12.0,0.0,True,12.0
2025-11-05,5,WIRTZ_WIRTZ_G1,29.0,0.0,True,29.0
2025-11-05,5,WIRTZ_WIRTZ_G2,29.0,0.0,True,29.0
2025-11-05,5,CANYHY_CANYHYG1,6.0,0.0,True,6.0
2025-11-05,5,INKSDA_INKS_G1,15.0,0.0,True,15.0
2025-11-05,5,MARBFA_MARBFAG1,21.0,0.0,True,21.0
2025-11-05,5,MARBFA_MARBFAG2,20.0,0.0,True,20.0
2025-11-05,5,MARSFO_MARSFOG1,36.0,0.0,True,36.0
2025-11-05,5,MARSFO_MARSFOG2,36.0,0.0,True,36.0
2025-11-05,5,MARSFO_MARSFOG3,36.0,0.0,True,36.0
2025-11-05,5,WND_WHITNEY1,0.0,0.0,False,0.0
2025-11-05,5,WND_WHITNEY2,0.0,0.0,False,0.0
2025-11-05,5,AEEC_ANTLP_1,0.0,0.0,False,0.0
2025-11-05,5,AEEC_ANTLP_2,0.0,0.0,False,0.0
2025-11-05,5,AEEC_ANTLP_3,0.0,0.0,False,0.0
2025-11-05,5,AEEC_ELK_1,0.0,0.0,False,0.0
2025-11-05,5,AEEC_ELK_2,0.0,0.0,False,0.0
2025-11-05,5,AEEC_ELK_3,0.0,0.0,False,0.0
2025-11-05,5,FTR_FTR_G1,0.0,0.0,False,0.0
2025-11-05,5,FTR_FTR_G2,0.0,0.0,False,0.0
2025-11-05,5,FTR_FTR_G3,0.0,0.0,False,0.0
2025-11-05,5,FTR_FTR_G4,0.0,0.0,False,0.0
2025-11-05,5,TGCCS_CT1,0.0,0.0,False,0.0
2025-11-05,5,TGCCS_CT2,0.0,0.0,False,0.0
2025-11-05,5,TGCCS_CT3,53.7,125.3,True,1503.6
2025-11-05,5,TGCCS_UNIT4,120.0,0.0,True,3360.0
2025-11-05,5,KMCHI_1CT101,55.5,129.5,True,1554.0
2025-11-05,5,KMCHI_1CT201,55.5,129.5,True,1554.0
2025-11-05,5,KMCHI_1ST,99.0,231.0,True,2772.0
2025-11-05,5,KMCHI_2CT101,55.5,129.5,True,1554.0
2025-11-05,5,KMCHI_2CT201,55.5,129.5,True,1554.0
2025-11-05,5,KMCHI_2ST,330.0,0.0,True,9240.0
2025-11-05,5,A4_DGR1,0.0,0.0,False,0.0
2025-11-05,5,A4_DGR2,0.0,0.0,False,0.0
2025-11-05,5,K2_DGR1,0.0,0.0,False,0.0
2025-11-05,5,K2_DGR2,0.0,0.0,False,0.0
2025-11-05,5,P2_DGR1,0.0,0.0,False,0.0
2025-11-05,5,P2_DGR2,0.0,0.0,False,0.0
2025-11-05,5,Q1_DGR1,0.0,0.0,False,0.0
2025-11-05,5,BRAUNIG_VHB3,0.0,0.0,False,0.0
2025-11-05,5,V2_DGR1,0.0,0.0,False,0.0
2025-11-05,5,V2_DGR2,0.0,0.0,False,0.0
2025-11-05,5,V2_DGR3,0.0,0.0,False,0.0
2025-11-05,5,V4_DGR1,0.0,0.0,False,0.0
2025-11-05,5,X1_DGR1,0.0,0.0,False,0.0
2025-11-05,5,Z0_DGR1,0.0,0.0,False,0.0
2025-11-05,5,Z0_DGR2,0.0,0.0,False,0.0
2025-11-05,5,Z5_DGR1,0.0,0.0,False,0.0
2025-11-05,5,DC_E,437.9207228643418,162.07927713565817,True,15327.2253
2025-11-05,5,DC_N,184.31779539154275,35.682204608457255,True,6451.1228
2025-11-05,5,DC_L,0.0,0.0,False,0.0
2025-11-05,5,DC_R,0.0,0.0,False,0.0
2025-11-05,5,CEDARVALE_GAS,0.0,0.0,False,0.0
2025-11-05,5,ENCHANTED_ROCK_NEWPP,30.0,0.0,True,1350.0
2025-11-05,6,CPSES_UNIT1,1243.627783508011,25.372216491989093,True,9949.0223
2025-11-05,6,CPSES_UNIT2,1269.0,0.0,True,10152.0
2025-11-05,6,STP_STP_G1,1365.0,0.0,True,10920.0
2025-11-05,6,STP_STP_G2,1365.0,0.0,True,10920.0
2025-11-05,6,COLETO_COLETOG1,655.0,0.0,True,16375.0
2025-11-05,6,FPPYD1_FPP_G1,615.0,0.0,True,15375.0
2025-11-05,6,FPPYD1_FPP_G2,615.0,0.0,True,15375.0
2025-11-05,6,FPPYD2_FPP_G3,460.0,0.0,True,11500.0
2025-11-05,6,CALAVERS_JKS1,224.0,336.0,True,5600.0
2025-11-05,6,CALAVERS_JKS2,465.25211417785755,456.7478858221425,True,11631.3029
2025-11-05,6,LEG_LEG_G1,0.0,0.0,False,0.0
2025-11-05,6,LEG_LEG_G2,0.0,0.0,False,0.0
2025-11-05,6,MLSES_UNIT1,0.0,0.0,False,0.0
2025-11-05,6,MLSES_UNIT2,0.0,0.0,False,0.0
2025-11-05,6,MLSES_UNIT3,0.0,0.0,False,0.0
2025-11-05,6,OGSES_UNIT1A,0.0,0.0,False,0.0
2025-11-05,6,OGSES_UNIT2,0.0,0.0,False,0.0
2025-11-05,6,SANMIGL_G1,430.0,0.0,True,10750.0
2025-11-05,6,SCES_UNIT1,0.0,0.0,False,0.0
2025-11-05,6,TNP_ONE_TNP_O_1,0.0,0.0,False,0.0
2025-11-05,6,TNP_ONE_TNP_O_2,0.0,0.0,False,0.0
2025-11-05,6,WAP_WAP_G5,0.0,0.0,False,0.0
2025-11-05,6,WAP_WAP_G6,0.0,0.0,False,0.0
2025-11-05,6,WAP_WAP_G7,614.6,0.0,True,15365.0
2025-11-05,6,WAP_WAP_G8,0.0,0.0,False,0.0
2025-11-05,6,BRAUNIG_AVR1_CT1,0.0,0.0,False,0.0
2025-11-05,6,BRAUNIG_AVR1_CT2,0.0,0.0,False,0.0
2025-11-05,6,BRAUNIG_AVR1_ST,0.0,0.0,False,0.0
2025-11-05,6,ATKINS_ATKINSG7,0.0,0.0,False,0.0
2025-11-05,6,B_DAVIS_B_DAVIG3,56.88,132.72,True,1592.64
2025-11-05,6,B_DAVIS_B_DAVIG4,121.32924788090386,68.27075211909613,True,3397.2189
2025-11-05,6,B_DAVIS_B_DAVIG1,0.0,0.0,False,0.0
2025-11-05,6,B_DAVIS_B_DAVIG2,105.3,245.7,True,2948.4
2025-11-05,6,BASTEN_GTG1100,0.0,0.0,False,0.0
2025-11-05,6,BASTEN_GTG2100,0.0,0.0,False,0.0
2025-11-05,6,BASTEN_ST0100,0.0,0.0,False,0.0
2025-11-05,6,BCH_UNIT1,60.5,0.0,True,2541.0
2025-11-05,6,BCH_UNIT2,60.5,0.0,True,2541.0
2025-11-05,6,BCH_UNIT3,60.5,0.0,True,2541.0
2025-11-05,6,BCH_UNIT4,60.5,0.0,True,2541.0
2025-11-05,6,BCH_UNIT5,60.5,0.0,True,2541.0
2025-11-05,6,BCH_UNIT6,60.5,0.0,True,2541.0
2025-11-05,6,BCH_UNIT7,60.5,0.0,True,2541.0
2025-11-05,6,BCH_UNIT8,60.5,0.0,True,2541.0
2025-11-05,6,BOSQUESW_BSQSU_1,0.0,0.0,False,0.0
2025-11-05,6,BOSQUESW_BSQSU_2,0.0,0.0,False,0.0
2025-11-05,6,BOSQUESW_BSQSU_3,0.0,0.0,False,0.0
2025-11-05,6,BOSQUESW_BSQSU_4,0.0,0.0,False,0.0
2025-11-05,6,BOSQUESW_BSQSU_5,0.0,0.0,False,0.0
2025-11-05,6,BVE_UNIT1,198.90000000000003,-2.842170943040401e-14,True,5569.2
2025-11-05,6,BVE_UNIT2,198.90000000000003,-2.842170943040401e-14,True,5569.2
2025-11-05,6,BVE_UNIT3,275.6,0.0,True,7716.8
2025-11-05,6,BTM_UNIT1,60.5,0.0,True,2541.0
2025-11-05,6,BTM_UNIT2,60.5,0.0,True,2541.0
2025-11-05,6,BTM_UNIT3,60.5,0.0,True,2541.0
2025-11-05,6,BTM_UNIT4,60.5,0.0,True,2541.0
2025-11-05,6,BTM_UNIT5,60.5,0.0,True,2541.0
2025-11-05,6,BTM_UNIT6,60.5,0.0,True,2541.0
2025-11-05,6,BTM_UNIT7,60.5,0.0,True,2541.0
2025-11-05,6,BTM_UNIT8,60.5,0.0,True,2541.0
2025-11-05,6,FLCNS_UNIT1,0.0,0.0,False,0.0
2025-11-05,6,FLCNS_UNIT2,0.0,0.0,False,0.0
2025-11-05,6,CALHOUN_UNIT1,0.0,0.0,False,0.0
2025-11-05,6,CALHOUN_UNIT2,0.0,0.0,False,0.0
2025-11-05,6,CHAMON_CTG_0101,60.5,0.0,True,2541.0
2025-11-05,6,CHAMON_CTG_0301,60.5,0.0,True,2541.0
2025-11-05,6,CBY4_CT41,205.0,0.0,True,5740.0
2025-11-05,6,CBY4_CT42,205.0,0.0,True,5740.0
2025-11-05,6,CBY4_ST04,205.0,0.0,True,5740.0
2025-11-05,6,CBY_CBY_G1,765.0,0.0,True,26775.0
2025-11-05,6,CBY_CBY_G2,765.0,0.0,True,26775.0
2025-11-05,6,CBEC_GT1,86.5,0.0,True,2422.0
2025-11-05,6,CBEC_GT2,86.5,0.0,True,2422.0
2025-11-05,6,CBEC_GT3,86.5,0.0,True,2422.0
2025-11-05,6,CBEC_GT4,86.5,0.0,True,2422.0
2025-11-05,6,CBEC_STG1,105.0,0.0,True,2940.0
2025-11-05,6,CBEC_STG2,108.79999999999997,2.842170943040401e-14,True,3046.4
2025-11-05,6,CBECII_CT7,360.9,0.0,True,10105.2
2025-11-05,6,CBECII_CT8,360.9,0.0,True,10105.2
2025-11-05,6,CBECII_STG9,275.762396551112,232.73760344888802,True,7721.3471
2025-11-05,6,CBEC_GT11,4.17,37.53,True,175.14
2025-11-05,6,CBEC_GT12,15.436401899528319,26.263598100471683,True,648.3289
2025-11-05,6,CVC_CVC_G1,192.1,0.0,True,5378.8
2025-11-05,6,CVC_CVC_G2,192.1,0.0,True,5378.8
2025-11-05,6,CVC_CVC_G3,192.1,0.0,True,5378.8
2025-11-05,6,CVC_CVC_G5,150.0,0.0,True,4200.0
2025-11-05,6,DANSBY_DANSBYG2,0.0,0.0,False,0.0
2025-11-05,6,DANSBY_DANSBYG3,0.0,0.0,False,0.0
2025-11-05,6,DANSBY_DANSBYG1,0.0,0.0,False,0.0
2025-11-05,6,DECKER_DPGT_1,0.0,0.0,False,0.0
2025-11-05,6,DECKER_DPGT_2,0.0,0.0,False,0.0
2025-11-05,6,DECKER_DPGT_3,0.0,0.0,False,0.0
2025-11-05,6,DECKER_DPGT_4,0.0,0.0,False,0.0
2025-11-05,6,DCSES_CT10,0.0,0.0,False,0.0
2025-11-05,6,DCSES_CT20,0.0,0.0,False,0.0
2025-11-05,6,DCSES_CT30,0.0,0.0,False,0.0
2025-11-05,6,DCSES_CT40,0.0,0.0,False,0.0
2025-11-05,6,DDPEC_GT1,60.9,142.1,True,1705.2
2025-11-05,6,DDPEC_GT2,64.5,150.5,True,1806.0
2025-11-05,6,DDPEC_GT3,60.9,142.1,True,1705.2
2025-11-05,6,DDPEC_GT4,0.0,0.0,False,0.0
2025-11-05,6,DDPEC_GT6,59.7,139.3,True,1671.6
2025-11-05,6,DDPEC_ST1,87.0,203.0,True,2436.0
2025-11-05,6,DEC_AGR_A,56.5,0.0,True,2542.5
2025-11-05,6,DEC_AGR_B,56.5,0.0,True,2542.5
2025-11-05,6,DEC_AGR_C,56.5,0.0,True,2542.5
2025-11-05,6,DEC_AGR_D,56.5,0.0,True,2542.5
2025-11-05,6,ECEC_G1,0.0,0.0,False,0.0
2025-11-05,6,ECEC_G2,0.0,0.0,False,0.0
2025-11-05,6,ETCCS_CT1,260.0,0.0,True,7280.0
2025-11-05,6,ETCCS_UNIT1,140.0,0.0,True,3920.0
2025-11-05,6,AZ_AZ_G1,0.0,0.0,False,0.0
2025-11-05,6,AZ_AZ_G2,0.0,0.0,False,0.0
2025-11-05,6,AZ_AZ_G3,0.0,0.0,False,0.0
2025-11-05,6,AZ_AZ_G4,0.0,0.0,False,0.0
2025-11-05,6,FERGCC_FERGGT1,0.0,0.0,False,0.0
2025-11-05,6,FERGCC_FERGGT2,0.0,0.0,False,0.0
2025-11-05,6,FERGCC_FERGST1,204.0,0.0,True,5712.0
2025-11-05,6,FRNYPP_GT11,0.0,0.0,False,0.0
2025-11-05,6,FRNYPP_GT12,0.0,0.0,False,0.0
2025-11-05,6,FRNYPP_GT13,0.0,0.0,False,0.0
2025-11-05,6,FRNYPP_GT21,0.0,0.0,False,0.0
2025-11-05,6,FRNYPP_GT22,0.0,0.0,False,0.0
2025-11-05,6,FRNYPP_GT23,0.0,0.0,False,0.0
2025-11-05,6,FRNYPP_ST10,0.0,0.0,False,0.0
2025-11-05,6,FRNYPP_ST20,0.0,0.0,False,0.0
2025-11-05,6,FREC_GT1,179.4,0.0,True,5023.2
2025-11-05,6,FREC_GT2,179.4,0.0,True,5023.2
2025-11-05,6,FREC_GT4,129.27547746406708,50.124522535932925,True,3619.7134
2025-11-05,6,FREC_GT5,179.4,0.0,True,5023.2
2025-11-05,6,FREC_ST3,0.0,0.0,False,0.0
2025-11-05,6,FREC_ST6,0.0,0.0,False,0.0
2025-11-05,6,FEGC_UNIT1,0.0,0.0,False,0.0
2025-11-05,6,FRONT_EC_CT1,177.0,0.0,True,4956.0
2025-11-05,6,FRONT_EC_CT2,177.0,0.0,True,4956.0
2025-11-05,6,FRONT_EC_ST,170.60235640769443,13.89764359230557,True,4776.866
2025-11-05,6,GRSES_UNIT1,239.0,0.0,True,8365.0
2025-11-05,6,GRSES_UNIT2,390.0,0.0,True,13650.0
2025-11-05,6,GBY_GBYGT73,72.0,0.0,True,3024.0
2025-11-05,6,GBY_GBYGT74,72.0,0.0,True,3024.0
2025-11-05,6,GBY_GBYGT81,72.0,0.0,True,3024.0
2025-11-05,6,GBY_GBYGT82,72.0,0.0,True,3024.0
2025-11-05,6,GBY_GBYGT83,72.0,0.0,True,3024.0
2025-11-05,6,GBY_GBYGT84,72.0,0.0,True,3024.0
2025-11-05,6,STEAM_ENGINE_1,0.0,0.0,False,0.0
2025-11-05,6,STEAM_ENGINE_2,0.0,0.0,False,0.0
2025-11-05,6,STEAM_ENGINE_3,0.0,0.0,False,0.0
2025-11-05,6,LGE_LGE_GT1,55.5,129.5,True,1554.0
2025-11-05,6,LGE_LGE_GT2,55.5,129.5,True,1554.0
2025-11-05,6,LGE_LGE_STG,30.0,70.0,True,840.0
2025-11-05,6,GUADG_GAS1,0.0,0.0,False,0.0
2025-11-05,6,GUADG_GAS2,0.0,0.0,False,0.0
2025-11-05,6,GUADG_GAS3,0.0,0.0,False,0.0
2025-11-05,6,GUADG_GAS4,0.0,0.0,False,0.0
2025-11-05,6,GUADG_STM5,0.0,0.0,False,0.0
2025-11-05,6,GUADG_STM6,0.0,0.0,False,0.0
2025-11-05,6,HLSES_UNIT3,395.0,0.0,True,13825.0
2025-11-05,6,HLSES_UNIT4,435.0,0.0,True,15225.0
2025-11-05,6,HLSES_UNIT5,435.0,0.0,True,15225.0
2025-11-05,6,HAYSEN_HAYSENG1,0.0,0.0,False,0.0
2025-11-05,6,HAYSEN_HAYSENG2,0.0,0.0,False,0.0
2025-11-05,6,HAYSEN_HAYSENG3,0.0,0.0,False,0.0
2025-11-05,6,HAYSEN_HAYSENG4,0.0,0.0,False,0.0
2025-11-05,6,DUKE_DUKE_GT1,176.6,0.0,True,4944.8
2025-11-05,6,DUKE_DUKE_GT2,176.6,0.0,True,4944.8
2025-11-05,6,DUKE_DUKE_ST1,59.43,138.67,True,1664.04
2025-11-05,6,JACKCNTY_CT1,59.67,139.23,True,1670.76
2025-11-05,6,JACKCNTY_CT2,59.67,139.23,True,1670.76
2025-11-05,6,JCKCNTY2_CT3,59.67,139.23,True,1670.76
2025-11-05,6,JCKCNTY2_CT4,59.67,139.23,True,1670.76
2025-11-05,6,JACKCNTY_STG,0.0,0.0,False,0.0
2025-11-05,6,JCKCNTY2_ST2,0.0,0.0,False,0.0
2025-11-05,6,TEN_CT1,0.0,0.0,False,0.0
2025-11-05,6,TEN_STG,0.0,0.0,False,0.0
2025-11-05,6,LHSES_UNIT1,0.0,0.0,False,0.0
2025-11-05,6,LHSES_UNIT2A,0.0,0.0,False,0.0
2025-11-05,6,LPCCS_CT11,0.0,0.0,False,0.0
2025-11-05,6,LPCCS_CT12,186.0,0.0,True,5208.0
2025-11-05,6,LPCCS_CT21,0.0,0.0,False,0.0
2025-11-05,6,LPCCS_CT22,76.5605334229674,109.43946657703259,True,2143.6949
2025-11-05,6,LPCCS_UNIT1,0.0,0.0,False,0.0
2025-11-05,6,LPCCS_UNIT2,0.0,0.0,False,0.0
2025-11-05,6,LARDVFTN_G4,0.0,0.0,False,0.0
2025-11-05,6,LARDVFTN_G5,0.0,0.0,False,0.0
2025-11-05,6,LEON_CRK_LCPCT1,0.0,0.0,False,0.0
2025-11-05,6,LEON_CRK_LCPCT2,0.0,0.0,False,0.0
2025-11-05,6,LEON_CRK_LCPCT3,0.0,0.0,False,0.0
2025-11-05,6,LEON_CRK_LCPCT4,0.0,0.0,False,0.0
2025-11-05,6,LIG_UNIT1,0.0,0.0,False,0.0
2025-11-05,6,LIG_UNIT2,0.0,0.0,False,0.0
2025-11-05,6,LOSTPI_LOSTPGT1,202.5,0.0,True,5670.0
2025-11-05,6,LOSTPI_LOSTPGT2,202.5,0.0,True,5670.0
2025-11-05,6,LOSTPI_LOSTPST1,204.0,0.0,True,5712.0
2025-11-05,6,NEDIN_NEDIN_G1,0.0,0.0,False,0.0
2025-11-05,6,NEDIN_NEDIN_G2,0.0,0.0,False,0.0
2025-11-05,6,NEDIN_NEDIN_G3,0.0,0.0,False,0.0
2025-11-05,6,MDANP_CT1,0.0,0.0,False,0.0
2025-11-05,6,MDANP_CT2,0.0,0.0,False,0.0
2025-11-05,6,MDANP_CT3,0.0,0.0,False,0.0
2025-11-05,6,MDANP_CT4,0.0,0.0,False,0.0
2025-11-05,6,MDANP_CT5,0.0,0.0,False,0.0
2025-11-05,6,MDANP_CT6,0.0,0.0,False,0.0
2025-11-05,6,MGSES_CT1,0.0,0.0,False,0.0
2025-11-05,6,MGSES_CT2,0.0,0.0,False,0.0
2025-11-05,6,MGSES_CT3,0.0,0.0,False,0.0
2025-11-05,6,MGSES_CT4,0.0,0.0,False,0.0
2025-11-05,6,MGSES_CT5,0.0,0.0,False,0.0
2025-11-05,6,MGSES_CT6,0.0,0.0,False,0.0
2025-11-05,6,MCSES_UNIT6,122.0,0.0,True,4270.0
2025-11-05,6,MCSES_UNIT7,118.0,0.0,True,4130.0
2025-11-05,6,MCSES_UNIT8,568.0,0.0,True,19880.0
2025-11-05,6,NUECES_B_NUECESG8,189.6,0.0,True,5308.8
2025-11-05,6,NUECES_B_NUECESG9,56.88,132.72,True,1592.64
2025-11-05,6,NUECES_B_NUECESG7,105.3,245.7,True,2948.4
2025-11-05,6,CALAVERS_OWS1,0.0,0.0,False,0.0
2025-11-05,6,CALAVERS_OWS2,0.0,0.0,False,0.0
2025-11-05,6,OECCS_CT11,58.56,136.64,True,1639.68
2025-11-05,6,OECCS_CT12,0.0,0.0,False,0.0
2025-11-05,6,OECCS_CT21,58.56,0.0,True,1639.68
2025-11-05,6,OECCS_CT22,56.73,132.37,True,1588.44
2025-11-05,6,OECCS_UNIT1,67.2,156.8,True,1881.6
2025-11-05,6,OECCS_UNIT2,67.2,156.8,True,1881.6
2025-11-05,6,VICTPRT2_UNIT1,0.0,0.0,False,0.0
2025-11-05,6,VICTPRT2_UNIT2,0.0,0.0,False,0.0
2025-11-05,6,PANDA_S_SHER1CT1,232.0,0.0,True,6496.0
2025-11-05,6,PANDA_S_SHER1CT2,232.0,0.0,True,6496.0
2025-11-05,6,PANDA_S_SHER1ST1,353.1,0.0,True,9886.8
2025-11-05,6,PANDA_T1_TMPL1CT1,0.0,0.0,False,0.0
2025-11-05,6,PANDA_T1_TMPL1CT2,0.0,0.0,False,0.0
2025-11-05,6,PANDA_T1_TMPL1ST1,0.0,0.0,False,0.0
2025-11-05,6,PANDA_T2_TMPL2CT1,0.0,0.0,False,0.0
2025-11-05,6,PANDA_T2_TMPL2CT2,0.0,0.0,False,0.0
2025-11-05,6,PANDA_T2_TMPL2ST1,0.0,0.0,False,0.0
2025-11-05,6,TNSKA_GT1,0.0,0.0,False,0.0
2025-11-05,6,TNSKA_GT2,0.0,0.0,False,0.0
2025-11-05,6,TNSKA_STG,0.0,0.0,False,0.0
2025-11-05,6,PSG_PSG_GT2,64.53,150.57,True,1806.84
2025-11-05,6,PSG_PSG_GT3,79.68414021300673,135.41585978699325,True,2231.1559
2025-11-05,6,PSG_PSG_ST2,0.0,0.0,False,0.0
2025-11-05,6,PEARSAL2_AGR_A,0.0,0.0,False,0.0
2025-11-05,6,PEARSAL2_AGR_B,0.0,0.0,False,0.0
2025-11-05,6,PEARSAL2_AGR_C,0.0,0.0,False,0.0
2025-11-05,6,PEARSAL2_AGR_D,0.0,0.0,False,0.0
2025-11-05,6,PB2SES_CT1,0.0,0.0,False,0.0
2025-11-05,6,PB2SES_CT2,0.0,0.0,False,0.0
2025-11-05,6,PB2SES_CT3,0.0,0.0,False,0.0
2025-11-05,6,PB2SES_CT4,0.0,0.0,False,0.0
2025-11-05,6,PB2SES_CT5,0.0,0.0,False,0.0
2025-11-05,6,PRO_UNIT1,0.0,0.0,False,0.0
2025-11-05,6,PRO_UNIT2,0.0,0.0,False,0.0
2025-11-05,6,PRO_UNIT3,0.0,0.0,False,0.0
2025-11-05,6,PRO_UNIT4,0.0,0.0,False,0.0
2025-11-05,6,PRO_UNIT5,0.0,0.0,False,0.0
2025-11-05,6,PRO_UNIT6,0.0,0.0,False,0.0
2025-11-05,6,PRO_UNIT7,0.0,0.0,False,0.0
2025-11-05,6,PRO_UNIT8,0.0,0.0,False,0.0
2025-11-05,6,BAC_CTG1,65.0,0.0,True,2730.0
2025-11-05,6,BAC_CTG2,65.0,0.0,True,2730.0
2025-11-05,6,BAC_CTG3,65.0,0.0,True,2730.0
2025-11-05,6,BAC_CTG4,65.0,0.0,True,2730.0
2025-11-05,6,BAC_CTG5,65.0,0.0,True,2730.0
2025-11-05,6,BAC_CTG6,65.0,0.0,True,2730.0
2025-11-05,6,STEAM1A_STEAM_1,0.0,0.0,False,0.0
2025-11-05,6,STEAM_STEAM_2,0.0,0.0,False,0.0
2025-11-05,6,STEAM_STEAM_3,0.0,0.0,False,0.0
2025-11-05,6,QALSW_GT1,90.6,0.0,True,2536.8
2025-11-05,6,QALSW_GT2,90.6,0.0,True,2536.8
2025-11-05,6,QALSW_GT3,90.6,0.0,True,2536.8
2025-11-05,6,QALSW_GT4,87.87676569112531,2.7232343088746873,True,2460.5494
2025-11-05,6,QALSW_STG1,98.1,0.0,True,2746.8
2025-11-05,6,QALSW_STG2,98.1,0.0,True,2746.8
2025-11-05,6,MIL_MILLERG4,116.0,0.0,True,4872.0
2025-11-05,6,MIL_MILLERG5,116.0,0.0,True,4872.0
2025-11-05,6,MIL_MILLERG1,75.0,0.0,True,2625.0
2025-11-05,6,MIL_MILLERG2,120.0,0.0,True,4200.0
2025-11-05,6,MIL_MILLERG3,216.0,0.0,True,7560.0
2025-11-05,6,OLINGR_OLING_4,0.0,0.0,False,0.0
2025-11-05,6,OLINGR_OLING_2,0.0,0.0,False,0.0
2025-11-05,6,OLINGR_OLING_3,0.0,0.0,False,0.0
2025-11-05,6,RAB_UNIT1,0.0,0.0,False,0.0
2025-11-05,6,RAB_UNIT2,0.0,0.0,False,0.0
2025-11-05,6,RAB_UNIT3,0.0,0.0,False,0.0
2025-11-05,6,RAB_UNIT4,0.0,0.0,False,0.0
2025-11-05,6,RAB_UNIT5,0.0,0.0,False,0.0
2025-11-05,6,RAB_UNIT6,0.0,0.0,False,0.0
2025-11-05,6,RAB_UNIT7,0.0,0.0,False,0.0
2025-11-05,6,RAB_UNIT8,0.0,0.0,False,0.0
2025-11-05,6,REDGATE_AGR_A,0.0,0.0,False,0.0
2025-11-05,6,REDGATE_AGR_B,0.0,0.0,False,0.0
2025-11-05,6,REDGATE_AGR_C,0.0,0.0,False,0.0
2025-11-05,6,REDGATE_AGR_D,0.0,0.0,False,0.0
2025-11-05,6,JAD_UNIT1,0.0,0.0,False,0.0
2025-11-05,6,JAD_UNIT2,0.0,0.0,False,0.0
2025-11-05,6,JAD_UNIT3,0.0,0.0,False,0.0
2025-11-05,6,JAD_UNIT4,0.0,0.0,False,0.0
2025-11-05,6,JAD_UNIT5,0.0,0.0,False,0.0
2025-11-05,6,JAD_UNIT6,0.0,0.0,False,0.0
2025-11-05,6,JAD_UNIT7,0.0,0.0,False,0.0
2025-11-05,6,JAD_UNIT8,0.0,0.0,False,0.0
2025-11-05,6,RIONOG_CT1,0.0,0.0,False,0.0
2025-11-05,6,RIONOG_CT2,0.0,0.0,False,0.0
2025-11-05,6,RIONOG_CT3,0.0,0.0,False,0.0
2025-11-05,6,RIONOG_ST1,0.0,0.0,False,0.0
2025-11-05,6,RAYBURN_RAYBURG7,18.15,42.35,True,508.2
2025-11-05,6,RAYBURN_RAYBURG8,18.15,42.35,True,508.2
2025-11-05,6,RAYBURN_RAYBURG9,47.38717145537148,13.11282854462852,True,1326.8408
2025-11-05,6,RAYBURN_RAYBURG10,0.0,0.0,False,0.0
2025-11-05,6,SJS_SJS_G1,88.19999999999999,1.4210854715202004e-14,True,3704.4
2025-11-05,6,SJS_SJS_G2,88.19999999999999,1.4210854715202004e-14,True,3704.4
2025-11-05,6,SANDHSYD_SH1,0.0,0.0,False,0.0
2025-11-05,6,SANDHSYD_SH2,0.0,0.0,False,0.0
2025-11-05,6,SANDHSYD_SH3,0.0,0.0,False,0.0
2025-11-05,6,SANDHSYD_SH4,0.0,0.0,False,0.0
2025-11-05,6,SANDHSYD_SH_5A,198.90000000000003,-2.842170943040401e-14,True,5569.2
2025-11-05,6,SANDHSYD_SH6,0.0,0.0,False,0.0
2025-11-05,6,SANDHSYD_SH7,0.0,0.0,False,0.0
2025-11-05,6,SANDHSYD_SH_5C,191.0,0.0,True,5348.0
2025-11-05,6,SILASRAY_SILAS_10,0.0,0.0,False,0.0
2025-11-05,6,SILASRAY_SILAS_9,50.0,0.0,True,1400.0
2025-11-05,6,SILASRAY_SILAS_6,25.0,0.0,True,700.0
2025-11-05,6,GIDEON_GIDEONG1,0.0,0.0,False,0.0
2025-11-05,6,GIDEON_GIDEONG2,0.0,0.0,False,0.0
2025-11-05,6,GIDEON_GIDEONG3,0.0,0.0,False,0.0
2025-11-05,6,SKY1_SKY1A,0.0,0.0,False,0.0
2025-11-05,6,SKY1_SKY1B,0.0,0.0,False,0.0
2025-11-05,6,SPNCER_SPNCE_4,61.0,0.0,True,2135.0
2025-11-05,6,SPNCER_SPNCE_5,65.0,0.0,True,2275.0
2025-11-05,6,SCSES_UNIT1A,53.1,123.9,True,1858.5
2025-11-05,6,SCSES_UNIT2,490.33541225962017,11.66458774037983,True,17161.7394
2025-11-05,6,THW_THWGT_1,16.3,0.0,True,684.6
2025-11-05,6,THW_THWGT31,51.3,0.0,True,1436.4
2025-11-05,6,THW_THWGT32,51.3,0.0,True,1436.4
2025-11-05,6,THW_THWGT33,51.3,0.0,True,1436.4
2025-11-05,6,THW_THWGT34,51.3,0.0,True,1436.4
2025-11-05,6,THW_THWGT41,51.3,0.0,True,1436.4
2025-11-05,6,THW_THWGT42,51.3,0.0,True,1436.4
2025-11-05,6,THW_THWGT43,62.0,0.0,True,1736.0
2025-11-05,6,THW_THWGT44,62.0,0.0,True,1736.0
2025-11-05,6,THW_THWGT51,85.0,0.0,True,3570.0
2025-11-05,6,THW_THWGT52,85.0,0.0,True,3570.0
2025-11-05,6,THW_THWGT53,85.0,0.0,True,3570.0
2025-11-05,6,THW_THWGT54,85.0,0.0,True,3570.0
2025-11-05,6,THW_THWGT55,85.0,0.0,True,3570.0
2025-11-05,6,THW_THWGT56,85.0,0.0,True,3570.0
2025-11-05,6,THW_THWST_3,113.1,0.0,True,3166.8
2025-11-05,6,THW_THWST_4,113.1,0.0,True,3166.8
2025-11-05,6,TXCTY_CTA,129.1,0.0,True,3614.8
2025-11-05,6,TXCTY_CTB,129.1,0.0,True,3614.8
2025-11-05,6,TXCTY_CTC,129.1,0.0,True,3614.8
2025-11-05,6,TXCTY_ST,143.7,0.0,True,4023.6
2025-11-05,6,TGS_GT01,0.0,0.0,False,0.0
2025-11-05,6,TIMPP_AGR1,0.0,0.0,False,0.0
2025-11-05,6,TIMPP_AGR2,0.0,0.0,False,0.0
2025-11-05,6,TIMPP_AGR3,0.0,0.0,False,0.0
2025-11-05,6,TIMPP_AGR4,0.0,0.0,False,0.0
2025-11-05,6,TRSES_UNIT6,239.0,0.0,True,8365.0
2025-11-05,6,TOPAZ_UNIT1,60.5,0.0,True,2541.0
2025-11-05,6,TOPAZ_UNIT2,60.5,0.0,True,2541.0
2025-11-05,6,TOPAZ_UNIT3,60.5,0.0,True,2541.0
2025-11-05,6,TOPAZ_UNIT4,60.5,0.0,True,2541.0
2025-11-05,6,TOPAZ_UNIT5,60.5,0.0,True,2541.0
2025-11-05,6,TOPAZ_UNIT6,60.5,0.0,True,2541.0
2025-11-05,6,TOPAZ_UNIT7,60.5,0.0,True,2541.0
2025-11-05,6,TOPAZ_UNIT8,60.5,0.0,True,2541.0
2025-11-05,6,TOPAZ_UNIT9,60.5,0.0,True,2541.0
2025-11-05,6,TOPAZ_UNIT10,60.5,0.0,True,2541.0
2025-11-05,6,BRAUNIG_VHB6CT5,0.0,0.0,False,0.0
2025-11-05,6,BRAUNIG_VHB6CT6,0.0,0.0,False,0.0
2025-11-05,6,BRAUNIG_VHB6CT7,0.0,0.0,False,0.0
2025-11-05,6,BRAUNIG_VHB6CT8,0.0,0.0,False,0.0
2025-11-05,6,CITYVICT_CTG01,0.0,0.0,False,0.0
2025-11-05,6,CITYVICT_CTG02,0.0,0.0,False,0.0
2025-11-05,6,VICTPORT_CTG01,0.0,0.0,False,0.0
2025-11-05,6,VICTPORT_CTG02,0.0,0.0,False,0.0
2025-11-05,6,VICTORIA_VICTORG6,178.9859045487422,17.914095451257793,True,5011.6053
2025-11-05,6,VICTORIA_VICTORG5,180.2,0.0,True,5045.6
2025-11-05,6,WAP_WAPGT_1,0.0,0.0,False,0.0
2025-11-05,6,WAP_WAP_G1,0.0,0.0,False,0.0
2025-11-05,6,WAP_WAP_G2,0.0,0.0,False,0.0
2025-11-05,6,WAP_WAP_G3,0.0,0.0,False,0.0
2025-11-05,6,WAP_WAP_G4,0.0,0.0,False,0.0
2025-11-05,6,WFCOGEN_UNIT1,20.0,0.0,True,560.0
2025-11-05,6,WFCOGEN_UNIT2,20.0,0.0,True,560.0
2025-11-05,6,WFCOGEN_UNIT3,20.0,0.0,True,560.0
2025-11-05,6,WIPOPA_WPP_G1,60.5,0.0,True,2541.0
2025-11-05,6,WIPOPA_WPP_G2,60.5,0.0,True,2541.0
2025-11-05,6,WIPOPA_WPP_G3,6.537637704703118,53.962362295296884,True,274.5808
2025-11-05,6,WIPOPA_WPP_G4,6.05,54.45,True,254.1
2025-11-05,6,WCPP_CT1,0.0,0.0,False,0.0
2025-11-05,6,WCPP_CT2,0.0,0.0,False,0.0
2025-11-05,6,WCPP_ST1,0.0,0.0,False,0.0
2025-11-05,6,WHCCS_CT1,0.0,0.0,False,0.0
2025-11-05,6,WHCCS_CT2,0.0,0.0,False,0.0
2025-11-05,6,WHCCS_STG,0.0,0.0,False,0.0
2025-11-05,6,WHCCS2_CT4,0.0,0.0,False,0.0
2025-11-05,6,WHCCS2_CT5,0.0,0.0,False,0.0
2025-11-05,6,WHCCS2_STG6,0.0,0.0,False,0.0
2025-11-05,6,NACPW_UNIT1,0.0,0.0,False,0.0
2025-11-05,6,HBR_2UNITS,3.2,0.0,True,128.0
2025-11-05,6,TRIRA_1UNIT,4.0,0.0,True,160.0
2025-11-05,6,78252_4UNITS,0.0,0.0,False,0.0
2025-11-05,6,SPRIN_4UNITS,0.0,0.0,False,0.0
2025-11-05,6,FREIH_2UNITS,0.0,0.0,False,0.0
2025-11-05,6,WSTHL_3UNITS,4.8,0.0,True,192.0
2025-11-05,6,FEGC_CTG2,0.0,0.0,False,0.0
2025-11-05,6,FEGC_CTG3,0.0,0.0,False,0.0
2025-11-05,6,FEGC_CTG4,0.0,0.0,False,0.0
2025-11-05,6,OLNEYTN_AGR1,10.0,0.0,True,600.0
2025-11-05,6,AMISTAD_AMISTAG1,0.0,0.0,False,0.0
2025-11-05,6,AMISTAD_AMISTAG2,0.0,0.0,False,0.0
2025-11-05,6,AUSTPL_AUSTING1,9.0,0.0,True,9.0
2025-11-05,6,AUSTPL_AUSTING2,9.0,0.0,True,9.0
2025-11-05,6,BUCHAN_BUCHANG1,18.299999999999997,3.552713678800501e-15,True,18.3
2025-11-05,6,BUCHAN_BUCHANG2,18.299999999999997,3.552713678800501e-15,True,18.3
2025-11-05,6,BUCHAN_BUCHANG3,18.299999999999997,3.552713678800501e-15,True,18.3
2025-11-05,6,DNDAM_DENISOG1,50.8,0.0,True,50.8
2025-11-05,6,DNDAM_DENISOG2,50.8,0.0,True,50.8
2025-11-05,6,FALCON_FALCONG1,12.0,0.0,True,12.0
2025-11-05,6,FALCON_FALCONG2,12.0,0.0,True,12.0
2025-11-05,6,FALCON_FALCONG3,12.0,0.0,True,12.0
2025-11-05,6,WIRTZ_WIRTZ_G1,29.0,0.0,True,29.0
2025-11-05,6,WIRTZ_WIRTZ_G2,29.0,0.0,True,29.0
2025-11-05,6,CANYHY_CANYHYG1,6.0,0.0,True,6.0
2025-11-05,6,INKSDA_INKS_G1,15.0,0.0,True,15.0
2025-11-05,6,MARBFA_MARBFAG1,21.0,0.0,True,21.0
2025-11-05,6,MARBFA_MARBFAG2,20.0,0.0,True,20.0
2025-11-05,6,MARSFO_MARSFOG1,36.0,0.0,True,36.0
2025-11-05,6,MARSFO_MARSFOG2,36.0,0.0,True,36.0
2025-11-05,6,MARSFO_MARSFOG3,36.0,0.0,True,36.0
2025-11-05,6,WND_WHITNEY1,0.0,0.0,False,0.0
2025-11-05,6,WND_WHITNEY2,0.0,0.0,False,0.0
2025-11-05,6,AEEC_ANTLP_1,0.0,0.0,False,0.0
2025-11-05,6,AEEC_ANTLP_2,0.0,0.0,False,0.0
2025-11-05,6,AEEC_ANTLP_3,0.0,0.0,False,0.0
2025-11-05,6,AEEC_ELK_1,0.0,0.0,False,0.0
2025-11-05,6,AEEC_ELK_2,0.0,0.0,False,0.0
2025-11-05,6,AEEC_ELK_3,0.0,0.0,False,0.0
2025-11-05,6,FTR_FTR_G1,0.0,0.0,False,0.0
2025-11-05,6,FTR_FTR_G2,0.0,0.0,False,0.0
2025-11-05,6,FTR_FTR_G3,0.0,0.0,False,0.0
2025-11-05,6,FTR_FTR_G4,0.0,0.0,False,0.0
2025-11-05,6,TGCCS_CT1,0.0,0.0,False,0.0
2025-11-05,6,TGCCS_CT2,0.0,0.0,False,0.0
2025-11-05,6,TGCCS_CT3,53.7,125.3,True,1503.6
2025-11-05,6,TGCCS_UNIT4,120.0,280.0,True,3360.0
2025-11-05,6,KMCHI_1CT101,185.0,0.0,True,5180.0
2025-11-05,6,KMCHI_1CT201,55.5,129.5,True,1554.0
2025-11-05,6,KMCHI_1ST,99.0,231.0,True,2772.0
2025-11-05,6,KMCHI_2CT101,55.5,129.5,True,1554.0
2025-11-05,6,KMCHI_2CT201,55.5,129.5,True,1554.0
2025-11-05,6,KMCHI_2ST,99.0,231.0,True,2772.0
2025-11-05,6,A4_DGR1,0.0,0.0,False,0.0
2025-11-05,6,A4_DGR2,0.0,0.0,False,0.0
2025-11-05,6,K2_DGR1,0.0,0.0,False,0.0
2025-11-05,6,K2_DGR2,0.0,0.0,False,0.0
2025-11-05,6,P2_DGR1,0.0,0.0,False,0.0
2025-11-05,6,P2_DGR2,0.0,0.0,False,0.0
2025-11-05,6,Q1_DGR1,0.0,0.0,False,0.0
2025-11-05,6,BRAUNIG_VHB3,0.0,0.0,False,0.0
2025-11-05,6,V2_DGR1,0.0,0.0,False,0.0
2025-11-05,6,V2_DGR2,0.0,0.0,False,0.0
2025-11-05,6,V2_DGR3,0.0,0.0,False,0.0
2025-11-05,6,V4_DGR1,0.0,0.0,False,0.0
2025-11-05,6,X1_DGR1,0.0,0.0,False,0.0
2025-11-05,6,Z0_DGR1,0.0,0.0,False,0.0
2025-11-05,6,Z0_DGR2,0.0,0.0,False,0.0
2025-11-05,6,Z5_DGR1,0.0,0.0,False,0.0
2025-11-05,6,DC_E,437.92071934162476,162.07928065837524,True,15327.2252
2025-11-05,6,DC_N,184.32057302960686,35.67942697039314,True,6451.2201
2025-11-05,6,DC_L,0.0,0.0,False,0.0
2025-11-05,6,DC_R,0.0,0.0,False,0.0
2025-11-05,6,CEDARVALE_GAS,0.0,0.0,False,0.0
2025-11-05,6,ENCHANTED_ROCK_NEWPP,30.0,0.0,True,1350.0
2025-11-05,7,CPSES_UNIT1,1243.6277835080055,25.37221649199455,True,9949.0223
2025-11-05,7,CPSES_UNIT2,1269.0,0.0,True,10152.0
2025-11-05,7,STP_STP_G1,1365.0,0.0,True,10920.0
2025-11-05,7,STP_STP_G2,1365.0,0.0,True,10920.0
2025-11-05,7,COLETO_COLETOG1,655.0,0.0,True,16375.0
2025-11-05,7,FPPYD1_FPP_G1,615.0,0.0,True,15375.0
2025-11-05,7,FPPYD1_FPP_G2,615.0,0.0,True,15375.0
2025-11-05,7,FPPYD2_FPP_G3,460.0,0.0,True,11500.0
2025-11-05,7,CALAVERS_JKS1,224.0,336.0,True,5600.0
2025-11-05,7,CALAVERS_JKS2,465.2521141778586,456.7478858221415,True,11631.3029
2025-11-05,7,LEG_LEG_G1,0.0,0.0,False,0.0
2025-11-05,7,LEG_LEG_G2,0.0,0.0,False,0.0
2025-11-05,7,MLSES_UNIT1,0.0,0.0,False,0.0
2025-11-05,7,MLSES_UNIT2,0.0,0.0,False,0.0
2025-11-05,7,MLSES_UNIT3,0.0,0.0,False,0.0
2025-11-05,7,OGSES_UNIT1A,0.0,0.0,False,0.0
2025-11-05,7,OGSES_UNIT2,0.0,0.0,False,0.0
2025-11-05,7,SANMIGL_G1,430.0,0.0,True,10750.0
2025-11-05,7,SCES_UNIT1,0.0,0.0,False,0.0
2025-11-05,7,TNP_ONE_TNP_O_1,0.0,0.0,False,0.0
2025-11-05,7,TNP_ONE_TNP_O_2,0.0,0.0,False,0.0
2025-11-05,7,WAP_WAP_G5,0.0,0.0,False,0.0
2025-11-05,7,WAP_WAP_G6,0.0,0.0,False,0.0
2025-11-05,7,WAP_WAP_G7,614.6,0.0,True,15365.0
2025-11-05,7,WAP_WAP_G8,0.0,0.0,False,0.0
2025-11-05,7,BRAUNIG_AVR1_CT1,0.0,0.0,False,0.0
2025-11-05,7,BRAUNIG_AVR1_CT2,0.0,0.0,False,0.0
2025-11-05,7,BRAUNIG_AVR1_ST,0.0,0.0,False,0.0
2025-11-05,7,ATKINS_ATKINSG7,0.0,0.0,False,0.0
2025-11-05,7,B_DAVIS_B_DAVIG3,56.88,132.72,True,1592.64
2025-11-05,7,B_DAVIS_B_DAVIG4,121.32924788090398,68.27075211909602,True,3397.2189
2025-11-05,7,B_DAVIS_B_DAVIG1,0.0,0.0,False,0.0
2025-11-05,7,B_DAVIS_B_DAVIG2,105.3,245.7,True,2948.4
2025-11-05,7,BASTEN_GTG1100,0.0,0.0,False,0.0
2025-11-05,7,BASTEN_GTG2100,0.0,0.0,False,0.0
2025-11-05,7,BASTEN_ST0100,0.0,0.0,False,0.0
2025-11-05,7,BCH_UNIT1,60.5,0.0,True,2541.0
2025-11-05,7,BCH_UNIT2,60.5,0.0,True,2541.0
2025-11-05,7,BCH_UNIT3,60.5,0.0,True,2541.0
2025-11-05,7,BCH_UNIT4,60.5,0.0,True,2541.0
2025-11-05,7,BCH_UNIT5,60.5,0.0,True,2541.0
2025-11-05,7,BCH_UNIT6,60.5,0.0,True,2541.0
2025-11-05,7,BCH_UNIT7,60.5,0.0,True,2541.0
2025-11-05,7,BCH_UNIT8,60.5,0.0,True,2541.0
2025-11-05,7,BOSQUESW_BSQSU_1,0.0,0.0,False,0.0
2025-11-05,7,BOSQUESW_BSQSU_2,0.0,0.0,False,0.0
2025-11-05,7,BOSQUESW_BSQSU_3,0.0,0.0,False,0.0
2025-11-05,7,BOSQUESW_BSQSU_4,0.0,0.0,False,0.0
2025-11-05,7,BOSQUESW_BSQSU_5,0.0,0.0,False,0.0
2025-11-05,7,BVE_UNIT1,198.90000000000003,-2.842170943040401e-14,True,5569.2
2025-11-05,7,BVE_UNIT2,198.90000000000003,-2.842170943040401e-14,True,5569.2
2025-11-05,7,BVE_UNIT3,275.6,0.0,True,7716.8
2025-11-05,7,BTM_UNIT1,60.5,0.0,True,2541.0
2025-11-05,7,BTM_UNIT2,60.5,0.0,True,2541.0
2025-11-05,7,BTM_UNIT3,60.5,0.0,True,2541.0
2025-11-05,7,BTM_UNIT4,60.5,0.0,True,2541.0
2025-11-05,7,BTM_UNIT5,60.5,0.0,True,2541.0
2025-11-05,7,BTM_UNIT6,60.5,0.0,True,2541.0
2025-11-05,7,BTM_UNIT7,60.5,0.0,True,2541.0
2025-11-05,7,BTM_UNIT8,60.5,0.0,True,2541.0
2025-11-05,7,FLCNS_UNIT1,0.0,0.0,False,0.0
2025-11-05,7,FLCNS_UNIT2,0.0,0.0,False,0.0
2025-11-05,7,CALHOUN_UNIT1,0.0,0.0,False,0.0
2025-11-05,7,CALHOUN_UNIT2,0.0,0.0,False,0.0
2025-11-05,7,CHAMON_CTG_0101,60.5,0.0,True,2541.0
2025-11-05,7,CHAMON_CTG_0301,60.5,0.0,True,2541.0
2025-11-05,7,CBY4_CT41,205.0,0.0,True,5740.0
2025-11-05,7,CBY4_CT42,205.0,0.0,True,5740.0
2025-11-05,7,CBY4_ST04,205.0,0.0,True,5740.0
2025-11-05,7,CBY_CBY_G1,765.0,0.0,True,26775.0
2025-11-05,7,CBY_CBY_G2,765.0,0.0,True,26775.0
2025-11-05,7,CBEC_GT1,86.5,0.0,True,2422.0
2025-11-05,7,CBEC_GT2,86.5,0.0,True,2422.0
2025-11-05,7,CBEC_GT3,86.5,0.0,True,2422.0
2025-11-05,7,CBEC_GT4,86.5,0.0,True,2422.0
2025-11-05,7,CBEC_STG1,105.0,0.0,True,2940.0
2025-11-05,7,CBEC_STG2,108.79999999999997,2.842170943040401e-14,True,3046.4
2025-11-05,7,CBECII_CT7,360.9,0.0,True,10105.2
2025-11-05,7,CBECII_CT8,360.9,0.0,True,10105.2
2025-11-05,7,CBECII_STG9,275.76239655112323,232.73760344887677,True,7721.3471
2025-11-05,7,CBEC_GT11,4.17,37.53,True,175.14
2025-11-05,7,CBEC_GT12,15.436401899533093,26.263598100466908,True,648.3289
2025-11-05,7,CVC_CVC_G1,192.1,0.0,True,5378.8
2025-11-05,7,CVC_CVC_G2,192.1,0.0,True,5378.8
2025-11-05,7,CVC_CVC_G3,192.1,0.0,True,5378.8
2025-11-05,7,CVC_CVC_G5,150.0,0.0,True,4200.0
2025-11-05,7,DANSBY_DANSBYG2,0.0,0.0,False,0.0
2025-11-05,7,DANSBY_DANSBYG3,0.0,0.0,False,0.0
2025-11-05,7,DANSBY_DANSBYG1,0.0,0.0,False,0.0
2025-11-05,7,DECKER_DPGT_1,0.0,0.0,False,0.0
2025-11-05,7,DECKER_DPGT_2,0.0,0.0,False,0.0
2025-11-05,7,DECKER_DPGT_3,0.0,0.0,False,0.0
2025-11-05,7,DECKER_DPGT_4,0.0,0.0,False,0.0
2025-11-05,7,DCSES_CT10,0.0,0.0,False,0.0
2025-11-05,7,DCSES_CT20,0.0,0.0,False,0.0
2025-11-05,7,DCSES_CT30,0.0,0.0,False,0.0
2025-11-05,7,DCSES_CT40,0.0,0.0,False,0.0
2025-11-05,7,DDPEC_GT1,60.9,142.1,True,1705.2
2025-11-05,7,DDPEC_GT2,64.5,150.5,True,1806.0
2025-11-05,7,DDPEC_GT3,60.9,142.1,True,1705.2
2025-11-05,7,DDPEC_GT4,0.0,0.0,False,0.0
2025-11-05,7,DDPEC_GT6,59.7,139.3,True,1671.6
2025-11-05,7,DDPEC_ST1,87.0,203.0,True,2436.0
2025-11-05,7,DEC_AGR_A,56.5,0.0,True,2542.5
2025-11-05,7,DEC_AGR_B,56.5,0.0,True,2542.5
2025-11-05,7,DEC_AGR_C,56.5,0.0,True,2542.5
2025-11-05,7,DEC_AGR_D,56.5,0.0,True,2542.5
2025-11-05,7,ECEC_G1,0.0,0.0,False,0.0
2025-11-05,7,ECEC_G2,0.0,0.0,False,0.0
2025-11-05,7,ETCCS_CT1,260.0,0.0,True,7280.0
2025-11-05,7,ETCCS_UNIT1,140.0,0.0,True,3920.0
2025-11-05,7,AZ_AZ_G1,0.0,0.0,False,0.0
2025-11-05,7,AZ_AZ_G2,0.0,0.0,False,0.0
2025-11-05,7,AZ_AZ_G3,0.0,0.0,False,0.0
2025-11-05,7,AZ_AZ_G4,0.0,0.0,False,0.0
2025-11-05,7,FERGCC_FERGGT1,0.0,0.0,False,0.0
2025-11-05,7,FERGCC_FERGGT2,0.0,0.0,False,0.0
2025-11-05,7,FERGCC_FERGST1,204.0,0.0,True,5712.0
2025-11-05,7,FRNYPP_GT11,0.0,0.0,False,0.0
2025-11-05,7,FRNYPP_GT12,0.0,0.0,False,0.0
2025-11-05,7,FRNYPP_GT13,0.0,0.0,False,0.0
2025-11-05,7,FRNYPP_GT21,0.0,0.0,False,0.0
2025-11-05,7,FRNYPP_GT22,0.0,0.0,False,0.0
2025-11-05,7,FRNYPP_GT23,0.0,0.0,False,0.0
2025-11-05,7,FRNYPP_ST10,0.0,0.0,False,0.0
2025-11-05,7,FRNYPP_ST20,0.0,0.0,False,0.0
2025-11-05,7,FREC_GT1,179.4,0.0,True,5023.2
2025-11-05,7,FREC_GT2,179.4,0.0,True,5023.2
2025-11-05,7,FREC_GT4,179.4,0.0,True,5023.2
2025-11-05,7,FREC_GT5,129.27547746405764,50.12452253594236,True,3619.7134
2025-11-05,7,FREC_ST3,0.0,0.0,False,0.0
2025-11-05,7,FREC_ST6,0.0,0.0,False,0.0
2025-11-05,7,FEGC_UNIT1,0.0,0.0,False,0.0
2025-11-05,7,FRONT_EC_CT1,177.0,0.0,True,4956.0
2025-11-05,7,FRONT_EC_CT2,177.0,0.0,True,4956.0
2025-11-05,7,FRONT_EC_ST,170.60235640769477,13.89764359230523,True,4776.866
2025-11-05,7,GRSES_UNIT1,239.0,0.0,True,8365.0
2025-11-05,7,GRSES_UNIT2,390.0,0.0,True,13650.0
2025-11-05,7,GBY_GBYGT73,72.0,0.0,True,3024.0
2025-11-05,7,GBY_GBYGT74,72.0,0.0,True,3024.0
2025-11-05,7,GBY_GBYGT81,72.0,0.0,True,3024.0
2025-11-05,7,GBY_GBYGT82,72.0,0.0,True,3024.0
2025-11-05,7,GBY_GBYGT83,72.0,0.0,True,3024.0
2025-11-05,7,GBY_GBYGT84,72.0,0.0,True,3024.0
2025-11-05,7,STEAM_ENGINE_1,0.0,0.0,False,0.0
2025-11-05,7,STEAM_ENGINE_2,0.0,0.0,False,0.0
2025-11-05,7,STEAM_ENGINE_3,0.0,0.0,False,0.0
2025-11-05,7,LGE_LGE_GT1,55.5,129.5,True,1554.0
2025-11-05,7,LGE_LGE_GT2,55.5,129.5,True,1554.0
2025-11-05,7,LGE_LGE_STG,30.0,70.0,True,840.0
2025-11-05,7,GUADG_GAS1,0.0,0.0,False,0.0
2025-11-05,7,GUADG_GAS2,0.0,0.0,False,0.0
2025-11-05,7,GUADG_GAS3,0.0,0.0,False,0.0
2025-11-05,7,GUADG_GAS4,0.0,0.0,False,0.0
2025-11-05,7,GUADG_STM5,0.0,0.0,False,0.0
2025-11-05,7,GUADG_STM6,0.0,0.0,False,0.0
2025-11-05,7,HLSES_UNIT3,395.0,0.0,True,13825.0
2025-11-05,7,HLSES_UNIT4,435.0,0.0,True,15225.0
2025-11-05,7,HLSES_UNIT5,435.0,0.0,True,15225.0
2025-11-05,7,HAYSEN_HAYSENG1,0.0,0.0,False,0.0
2025-11-05,7,HAYSEN_HAYSENG2,0.0,0.0,False,0.0
2025-11-05,7,HAYSEN_HAYSENG3,0.0,0.0,False,0.0
2025-11-05,7,HAYSEN_HAYSENG4,0.0,0.0,False,0.0
2025-11-05,7,DUKE_DUKE_GT1,176.6,0.0,True,4944.8
2025-11-05,7,DUKE_DUKE_GT2,176.6,0.0,True,4944.8
2025-11-05,7,DUKE_DUKE_ST1,59.43,138.67,True,1664.04
2025-11-05,7,JACKCNTY_CT1,59.67,139.23,True,1670.76
2025-11-05,7,JACKCNTY_CT2,59.67,139.23,True,1670.76
2025-11-05,7,JCKCNTY2_CT3,59.67,139.23,True,1670.76
2025-11-05,7,JCKCNTY2_CT4,59.67,139.23,True,1670.76
2025-11-05,7,JACKCNTY_STG,0.0,0.0,False,0.0
2025-11-05,7,JCKCNTY2_ST2,0.0,0.0,False,0.0
2025-11-05,7,TEN_CT1,0.0,0.0,False,0.0
2025-11-05,7,TEN_STG,0.0,0.0,False,0.0
2025-11-05,7,LHSES_UNIT1,0.0,0.0,False,0.0
2025-11-05,7,LHSES_UNIT2A,0.0,0.0,False,0.0
2025-11-05,7,LPCCS_CT11,0.0,0.0,False,0.0
2025-11-05,7,LPCCS_CT12,76.56053342296609,109.4394665770339,True,2143.6949
2025-11-05,7,LPCCS_CT21,0.0,0.0,False,0.0
2025-11-05,7,LPCCS_CT22,186.0,0.0,True,5208.0
2025-11-05,7,LPCCS_UNIT1,0.0,0.0,False,0.0
2025-11-05,7,LPCCS_UNIT2,0.0,0.0,False,0.0
2025-11-05,7,LARDVFTN_G4,0.0,0.0,False,0.0
2025-11-05,7,LARDVFTN_G5,0.0,0.0,False,0.0
2025-11-05,7,LEON_CRK_LCPCT1,0.0,0.0,False,0.0
2025-11-05,7,LEON_CRK_LCPCT2,0.0,0.0,False,0.0
2025-11-05,7,LEON_CRK_LCPCT3,0.0,0.0,False,0.0
2025-11-05,7,LEON_CRK_LCPCT4,0.0,0.0,False,0.0
2025-11-05,7,LIG_UNIT1,0.0,0.0,False,0.0
2025-11-05,7,LIG_UNIT2,0.0,0.0,False,0.0
2025-11-05,7,LOSTPI_LOSTPGT1,202.5,0.0,True,5670.0
2025-11-05,7,LOSTPI_LOSTPGT2,202.5,0.0,True,5670.0
2025-11-05,7,LOSTPI_LOSTPST1,204.0,0.0,True,5712.0
2025-11-05,7,NEDIN_NEDIN_G1,0.0,0.0,False,0.0
2025-11-05,7,NEDIN_NEDIN_G2,0.0,0.0,False,0.0
2025-11-05,7,NEDIN_NEDIN_G3,0.0,0.0,False,0.0
2025-11-05,7,MDANP_CT1,0.0,0.0,False,0.0
2025-11-05,7,MDANP_CT2,0.0,0.0,False,0.0
2025-11-05,7,MDANP_CT3,0.0,0.0,False,0.0
2025-11-05,7,MDANP_CT4,0.0,0.0,False,0.0
2025-11-05,7,MDANP_CT5,0.0,0.0,False,0.0
2025-11-05,7,MDANP_CT6,0.0,0.0,False,0.0
2025-11-05,7,MGSES_CT1,0.0,0.0,False,0.0
2025-11-05,7,MGSES_CT2,0.0,0.0,False,0.0
2025-11-05,7,MGSES_CT3,0.0,0.0,False,0.0
2025-11-05,7,MGSES_CT4,0.0,0.0,False,0.0
2025-11-05,7,MGSES_CT5,0.0,0.0,False,0.0
2025-11-05,7,MGSES_CT6,0.0,0.0,False,0.0
2025-11-05,7,MCSES_UNIT6,122.0,0.0,True,4270.0
2025-11-05,7,MCSES_UNIT7,118.0,0.0,True,4130.0
2025-11-05,7,MCSES_UNIT8,568.0,0.0,True,19880.0
2025-11-05,7,NUECES_B_NUECESG8,189.6,0.0,True,5308.8
2025-11-05,7,NUECES_B_NUECESG9,56.88,132.72,True,1592.64
2025-11-05,7,NUECES_B_NUECESG7,105.3,245.7,True,2948.4
2025-11-05,7,CALAVERS_OWS1,0.0,0.0,False,0.0
2025-11-05,7,CALAVERS_OWS2,0.0,0.0,False,0.0
2025-11-05,7,OECCS_CT11,58.56,136.64,True,1639.68
2025-11-05,7,OECCS_CT12,0.0,0.0,False,0.0
2025-11-05,7,OECCS_CT21,58.56,136.64,True,1639.68
2025-11-05,7,OECCS_CT22,56.73,132.37,True,1588.44
2025-11-05,7,OECCS_UNIT1,67.2,156.8,True,1881.6
2025-11-05,7,OECCS_UNIT2,67.2,156.8,True,1881.6
2025-11-05,7,VICTPRT2_UNIT1,0.0,0.0,False,0.0
2025-11-05,7,VICTPRT2_UNIT2,0.0,0.0,False,0.0
2025-11-05,7,PANDA_S_SHER1CT1,232.0,0.0,True,6496.0
2025-11-05,7,PANDA_S_SHER1CT2,232.0,0.0,True,6496.0
2025-11-05,7,PANDA_S_SHER1ST1,353.1,0.0,True,9886.8
2025-11-05,7,PANDA_T1_TMPL1CT1,0.0,0.0,False,0.0
2025-11-05,7,PANDA_T1_TMPL1CT2,0.0,0.0,False,0.0
2025-11-05,7,PANDA_T1_TMPL1ST1,0.0,0.0,False,0.0
2025-11-05,7,PANDA_T2_TMPL2CT1,0.0,0.0,False,0.0
2025-11-05,7,PANDA_T2_TMPL2CT2,0.0,0.0,False,0.0
2025-11-05,7,PANDA_T2_TMPL2ST1,0.0,0.0,False,0.0
2025-11-05,7,TNSKA_GT1,0.0,0.0,False,0.0
2025-11-05,7,TNSKA_GT2,0.0,0.0,False,0.0
2025-11-05,7,TNSKA_STG,0.0,0.0,False,0.0
2025-11-05,7,PSG_PSG_GT2,64.53,150.57,True,1806.84
2025-11-05,7,PSG_PSG_GT3,79.68414021300586,135.41585978699413,True,2231.1559
2025-11-05,7,PSG_PSG_ST2,0.0,0.0,False,0.0
2025-11-05,7,PEARSAL2_AGR_A,0.0,0.0,False,0.0
2025-11-05,7,PEARSAL2_AGR_B,0.0,0.0,False,0.0
2025-11-05,7,PEARSAL2_AGR_C,0.0,0.0,False,0.0
2025-11-05,7,PEARSAL2_AGR_D,0.0,0.0,False,0.0
2025-11-05,7,PB2SES_CT1,0.0,0.0,False,0.0
2025-11-05,7,PB2SES_CT2,0.0,0.0,False,0.0
2025-11-05,7,PB2SES_CT3,0.0,0.0,False,0.0
2025-11-05,7,PB2SES_CT4,0.0,0.0,False,0.0
2025-11-05,7,PB2SES_CT5,0.0,0.0,False,0.0
2025-11-05,7,PRO_UNIT1,0.0,0.0,False,0.0
2025-11-05,7,PRO_UNIT2,0.0,0.0,False,0.0
2025-11-05,7,PRO_UNIT3,0.0,0.0,False,0.0
2025-11-05,7,PRO_UNIT4,0.0,0.0,False,0.0
2025-11-05,7,PRO_UNIT5,0.0,0.0,False,0.0
2025-11-05,7,PRO_UNIT6,0.0,0.0,False,0.0
2025-11-05,7,PRO_UNIT7,0.0,0.0,False,0.0
2025-11-05,7,PRO_UNIT8,0.0,0.0,False,0.0
2025-11-05,7,BAC_CTG1,65.0,0.0,True,2730.0
2025-11-05,7,BAC_CTG2,65.0,0.0,True,2730.0
2025-11-05,7,BAC_CTG3,65.0,0.0,True,2730.0
2025-11-05,7,BAC_CTG4,65.0,0.0,True,2730.0
2025-11-05,7,BAC_CTG5,65.0,0.0,True,2730.0
2025-11-05,7,BAC_CTG6,65.0,0.0,True,2730.0
2025-11-05,7,STEAM1A_STEAM_1,0.0,0.0,False,0.0
2025-11-05,7,STEAM_STEAM_2,0.0,0.0,False,0.0
2025-11-05,7,STEAM_STEAM_3,0.0,0.0,False,0.0
2025-11-05,7,QALSW_GT1,90.6,0.0,True,2536.8
2025-11-05,7,QALSW_GT2,87.87676569112644,2.7232343088735576,True,2460.5494
2025-11-05,7,QALSW_GT3,90.6,0.0,True,2536.8
2025-11-05,7,QALSW_GT4,90.6,0.0,True,2536.8
2025-11-05,7,QALSW_STG1,98.1,0.0,True,2746.8
2025-11-05,7,QALSW_STG2,98.1,0.0,True,2746.8
2025-11-05,7,MIL_MILLERG4,116.0,0.0,True,4872.0
2025-11-05,7,MIL_MILLERG5,116.0,0.0,True,4872.0
2025-11-05,7,MIL_MILLERG1,75.0,0.0,True,2625.0
2025-11-05,7,MIL_MILLERG2,120.0,0.0,True,4200.0
2025-11-05,7,MIL_MILLERG3,216.0,0.0,True,7560.0
2025-11-05,7,OLINGR_OLING_4,0.0,0.0,False,0.0
2025-11-05,7,OLINGR_OLING_2,0.0,0.0,False,0.0
2025-11-05,7,OLINGR_OLING_3,0.0,0.0,False,0.0
2025-11-05,7,RAB_UNIT1,0.0,0.0,False,0.0
2025-11-05,7,RAB_UNIT2,0.0,0.0,False,0.0
2025-11-05,7,RAB_UNIT3,0.0,0.0,False,0.0
2025-11-05,7,RAB_UNIT4,0.0,0.0,False,0.0
2025-11-05,7,RAB_UNIT5,0.0,0.0,False,0.0
2025-11-05,7,RAB_UNIT6,0.0,0.0,False,0.0
2025-11-05,7,RAB_UNIT7,0.0,0.0,False,0.0
2025-11-05,7,RAB_UNIT8,0.0,0.0,False,0.0
2025-11-05,7,REDGATE_AGR_A,0.0,0.0,False,0.0
2025-11-05,7,REDGATE_AGR_B,0.0,0.0,False,0.0
2025-11-05,7,REDGATE_AGR_C,0.0,0.0,False,0.0
2025-11-05,7,REDGATE_AGR_D,0.0,0.0,False,0.0
2025-11-05,7,JAD_UNIT1,0.0,0.0,False,0.0
2025-11-05,7,JAD_UNIT2,0.0,0.0,False,0.0
2025-11-05,7,JAD_UNIT3,0.0,0.0,False,0.0
2025-11-05,7,JAD_UNIT4,0.0,0.0,False,0.0
2025-11-05,7,JAD_UNIT5,0.0,0.0,False,0.0
2025-11-05,7,JAD_UNIT6,0.0,0.0,False,0.0
2025-11-05,7,JAD_UNIT7,0.0,0.0,False,0.0
2025-11-05,7,JAD_UNIT8,0.0,0.0,False,0.0
2025-11-05,7,RIONOG_CT1,0.0,0.0,False,0.0
2025-11-05,7,RIONOG_CT2,0.0,0.0,False,0.0
2025-11-05,7,RIONOG_CT3,0.0,0.0,False,0.0
2025-11-05,7,RIONOG_ST1,0.0,0.0,False,0.0
2025-11-05,7,RAYBURN_RAYBURG7,47.38717145537063,13.112828544629373,True,1326.8408
2025-11-05,7,RAYBURN_RAYBURG8,18.15,42.35,True,508.2
2025-11-05,7,RAYBURN_RAYBURG9,18.15,42.35,True,508.2
2025-11-05,7,RAYBURN_RAYBURG10,0.0,0.0,False,0.0
2025-11-05,7,SJS_SJS_G1,88.19999999999999,1.4210854715202004e-14,True,3704.4
2025-11-05,7,SJS_SJS_G2,88.19999999999999,1.4210854715202004e-14,True,3704.4
2025-11-05,7,SANDHSYD_SH1,0.0,0.0,False,0.0
2025-11-05,7,SANDHSYD_SH2,0.0,0.0,False,0.0
2025-11-05,7,SANDHSYD_SH3,0.0,0.0,False,0.0
2025-11-05,7,SANDHSYD_SH4,0.0,0.0,False,0.0
2025-11-05,7,SANDHSYD_SH_5A,198.90000000000003,-2.842170943040401e-14,True,5569.2
2025-11-05,7,SANDHSYD_SH6,0.0,0.0,False,0.0
2025-11-05,7,SANDHSYD_SH7,0.0,0.0,False,0.0
2025-11-05,7,SANDHSYD_SH_5C,191.0,0.0,True,5348.0
2025-11-05,7,SILASRAY_SILAS_10,0.0,0.0,False,0.0
2025-11-05,7,SILASRAY_SILAS_9,50.0,0.0,True,1400.0
2025-11-05,7,SILASRAY_SILAS_6,25.0,0.0,True,700.0
2025-11-05,7,GIDEON_GIDEONG1,0.0,0.0,False,0.0
2025-11-05,7,GIDEON_GIDEONG2,0.0,0.0,False,0.0
2025-11-05,7,GIDEON_GIDEONG3,0.0,0.0,False,0.0
2025-11-05,7,SKY1_SKY1A,0.0,0.0,False,0.0
2025-11-05,7,SKY1_SKY1B,0.0,0.0,False,0.0
2025-11-05,7,SPNCER_SPNCE_4,61.0,0.0,True,2135.0
2025-11-05,7,SPNCER_SPNCE_5,65.0,0.0,True,2275.0
2025-11-05,7,SCSES_UNIT1A,53.1,123.9,True,1858.5
2025-11-05,7,SCSES_UNIT2,490.3354122596189,11.66458774038108,True,17161.7394
2025-11-05,7,THW_THWGT_1,16.3,0.0,True,684.6
2025-11-05,7,THW_THWGT31,51.3,0.0,True,1436.4
2025-11-05,7,THW_THWGT32,51.3,0.0,True,1436.4
2025-11-05,7,THW_THWGT33,51.3,0.0,True,1436.4
2025-11-05,7,THW_THWGT34,51.3,0.0,True,1436.4
2025-11-05,7,THW_THWGT41,51.3,0.0,True,1436.4
2025-11-05,7,THW_THWGT42,51.3,0.0,True,1436.4
2025-11-05,7,THW_THWGT43,62.0,0.0,True,1736.0
2025-11-05,7,THW_THWGT44,62.0,0.0,True,1736.0
2025-11-05,7,THW_THWGT51,85.0,0.0,True,3570.0
2025-11-05,7,THW_THWGT52,85.0,0.0,True,3570.0
2025-11-05,7,THW_THWGT53,85.0,0.0,True,3570.0
2025-11-05,7,THW_THWGT54,85.0,0.0,True,3570.0
2025-11-05,7,THW_THWGT55,85.0,0.0,True,3570.0
2025-11-05,7,THW_THWGT56,85.0,0.0,True,3570.0
2025-11-05,7,THW_THWST_3,113.1,0.0,True,3166.8
2025-11-05,7,THW_THWST_4,113.1,0.0,True,3166.8
2025-11-05,7,TXCTY_CTA,129.1,0.0,True,3614.8
2025-11-05,7,TXCTY_CTB,129.1,0.0,True,3614.8
2025-11-05,7,TXCTY_CTC,129.1,0.0,True,3614.8
2025-11-05,7,TXCTY_ST,143.7,0.0,True,4023.6
2025-11-05,7,TGS_GT01,0.0,0.0,False,0.0
2025-11-05,7,TIMPP_AGR1,0.0,0.0,False,0.0
2025-11-05,7,TIMPP_AGR2,0.0,0.0,False,0.0
2025-11-05,7,TIMPP_AGR3,0.0,0.0,False,0.0
2025-11-05,7,TIMPP_AGR4,0.0,0.0,False,0.0
2025-11-05,7,TRSES_UNIT6,239.0,0.0,True,8365.0
2025-11-05,7,TOPAZ_UNIT1,60.5,0.0,True,2541.0
2025-11-05,7,TOPAZ_UNIT2,60.5,0.0,True,2541.0
2025-11-05,7,TOPAZ_UNIT3,60.5,0.0,True,2541.0
2025-11-05,7,TOPAZ_UNIT4,60.5,0.0,True,2541.0
2025-11-05,7,TOPAZ_UNIT5,60.5,0.0,True,2541.0
2025-11-05,7,TOPAZ_UNIT6,60.5,0.0,True,2541.0
2025-11-05,7,TOPAZ_UNIT7,60.5,0.0,True,2541.0
2025-11-05,7,TOPAZ_UNIT8,60.5,0.0,True,2541.0
2025-11-05,7,TOPAZ_UNIT9,60.5,0.0,True,2541.0
2025-11-05,7,TOPAZ_UNIT10,60.5,0.0,True,2541.0
2025-11-05,7,BRAUNIG_VHB6CT5,0.0,0.0,False,0.0
2025-11-05,7,BRAUNIG_VHB6CT6,0.0,0.0,False,0.0
2025-11-05,7,BRAUNIG_VHB6CT7,0.0,0.0,False,0.0
2025-11-05,7,BRAUNIG_VHB6CT8,0.0,0.0,False,0.0
2025-11-05,7,CITYVICT_CTG01,0.0,0.0,False,0.0
2025-11-05,7,CITYVICT_CTG02,0.0,0.0,False,0.0
2025-11-05,7,VICTPORT_CTG01,0.0,0.0,False,0.0
2025-11-05,7,VICTPORT_CTG02,0.0,0.0,False,0.0
2025-11-05,7,VICTORIA_VICTORG6,178.98590454873772,17.914095451262284,True,5011.6053
2025-11-05,7,VICTORIA_VICTORG5,180.2,0.0,True,5045.6
2025-11-05,7,WAP_WAPGT_1,0.0,0.0,False,0.0
2025-11-05,7,WAP_WAP_G1,0.0,0.0,False,0.0
2025-11-05,7,WAP_WAP_G2,0.0,0.0,False,0.0
2025-11-05,7,WAP_WAP_G3,0.0,0.0,False,0.0
2025-11-05,7,WAP_WAP_G4,0.0,0.0,False,0.0
2025-11-05,7,WFCOGEN_UNIT1,20.0,0.0,True,560.0
2025-11-05,7,WFCOGEN_UNIT2,20.0,0.0,True,560.0
2025-11-05,7,WFCOGEN_UNIT3,20.0,0.0,True,560.0
2025-11-05,7,WIPOPA_WPP_G1,60.5,0.0,True,2541.0
2025-11-05,7,WIPOPA_WPP_G2,60.5,0.0,True,2541.0
2025-11-05,7,WIPOPA_WPP_G3,6.537637704697064,53.96236229530294,True,274.5808
2025-11-05,7,WIPOPA_WPP_G4,6.05,54.45,True,254.1
2025-11-05,7,WCPP_CT1,0.0,0.0,False,0.0
2025-11-05,7,WCPP_CT2,0.0,0.0,False,0.0
2025-11-05,7,WCPP_ST1,0.0,0.0,False,0.0
2025-11-05,7,WHCCS_CT1,0.0,0.0,False,0.0
2025-11-05,7,WHCCS_CT2,0.0,0.0,False,0.0
2025-11-05,7,WHCCS_STG,0.0,0.0,False,0.0
2025-11-05,7,WHCCS2_CT4,0.0,0.0,False,0.0
2025-11-05,7,WHCCS2_CT5,0.0,0.0,False,0.0
2025-11-05,7,WHCCS2_STG6,0.0,0.0,False,0.0
2025-11-05,7,NACPW_UNIT1,0.0,0.0,False,0.0
2025-11-05,7,HBR_2UNITS,3.2,0.0,True,128.0
2025-11-05,7,TRIRA_1UNIT,4.0,0.0,True,160.0
2025-11-05,7,78252_4UNITS,0.0,0.0,False,0.0
2025-11-05,7,SPRIN_4UNITS,0.0,0.0,False,0.0
2025-11-05,7,FREIH_2UNITS,0.0,0.0,False,0.0
2025-11-05,7,WSTHL_3UNITS,4.8,0.0,True,192.0
2025-11-05,7,FEGC_CTG2,0.0,0.0,False,0.0
2025-11-05,7,FEGC_CTG3,0.0,0.0,False,0.0
2025-11-05,7,FEGC_CTG4,0.0,0.0,False,0.0
2025-11-05,7,OLNEYTN_AGR1,10.0,0.0,True,600.0
2025-11-05,7,AMISTAD_AMISTAG1,0.0,0.0,False,0.0
2025-11-05,7,AMISTAD_AMISTAG2,0.0,0.0,False,0.0
2025-11-05,7,AUSTPL_AUSTING1,9.0,0.0,True,9.0
2025-11-05,7,AUSTPL_AUSTING2,9.0,0.0,True,9.0
2025-11-05,7,BUCHAN_BUCHANG1,18.299999999999997,3.552713678800501e-15,True,18.3
2025-11-05,7,BUCHAN_BUCHANG2,18.299999999999997,3.552713678800501e-15,True,18.3
2025-11-05,7,BUCHAN_BUCHANG3,18.299999999999997,3.552713678800501e-15,True,18.3
2025-11-05,7,DNDAM_DENISOG1,50.8,0.0,True,50.8
2025-11-05,7,DNDAM_DENISOG2,50.8,0.0,True,50.8
2025-11-05,7,FALCON_FALCONG1,12.0,0.0,True,12.0
2025-11-05,7,FALCON_FALCONG2,12.0,0.0,True,12.0
2025-11-05,7,FALCON_FALCONG3,12.0,0.0,True,12.0
2025-11-05,7,WIRTZ_WIRTZ_G1,29.0,0.0,True,29.0
2025-11-05,7,WIRTZ_WIRTZ_G2,29.0,0.0,True,29.0
2025-11-05,7,CANYHY_CANYHYG1,6.0,0.0,True,6.0
2025-11-05,7,INKSDA_INKS_G1,15.0,0.0,True,15.0
2025-11-05,7,MARBFA_MARBFAG1,21.0,0.0,True,21.0
2025-11-05,7,MARBFA_MARBFAG2,20.0,0.0,True,20.0
2025-11-05,7,MARSFO_MARSFOG1,36.0,0.0,True,36.0
2025-11-05,7,MARSFO_MARSFOG2,36.0,0.0,True,36.0
2025-11-05,7,MARSFO_MARSFOG3,36.0,0.0,True,36.0
2025-11-05,7,WND_WHITNEY1,0.0,0.0,False,0.0
2025-11-05,7,WND_WHITNEY2,0.0,0.0,False,0.0
2025-11-05,7,AEEC_ANTLP_1,0.0,0.0,False,0.0
2025-11-05,7,AEEC_ANTLP_2,0.0,0.0,False,0.0
2025-11-05,7,AEEC_ANTLP_3,0.0,0.0,False,0.0
2025-11-05,7,AEEC_ELK_1,0.0,0.0,False,0.0
2025-11-05,7,AEEC_ELK_2,0.0,0.0,False,0.0
2025-11-05,7,AEEC_ELK_3,0.0,0.0,False,0.0
2025-11-05,7,FTR_FTR_G1,0.0,0.0,False,0.0
2025-11-05,7,FTR_FTR_G2,0.0,0.0,False,0.0
2025-11-05,7,FTR_FTR_G3,0.0,0.0,False,0.0
2025-11-05,7,FTR_FTR_G4,0.0,0.0,False,0.0
2025-11-05,7,TGCCS_CT1,0.0,0.0,False,0.0
2025-11-05,7,TGCCS_CT2,0.0,0.0,False,0.0
2025-11-05,7,TGCCS_CT3,53.7,125.3,True,1503.6
2025-11-05,7,TGCCS_UNIT4,120.0,280.0,True,3360.0
2025-11-05,7,KMCHI_1CT101,185.0,0.0,True,5180.0
2025-11-05,7,KMCHI_1CT201,55.5,129.5,True,1554.0
2025-11-05,7,KMCHI_1ST,99.0,231.0,True,2772.0
2025-11-05,7,KMCHI_2CT101,55.5,129.5,True,1554.0
2025-11-05,7,KMCHI_2CT201,55.5,129.5,True,1554.0
2025-11-05,7,KMCHI_2ST,99.0,231.0,True,2772.0
2025-11-05,7,A4_DGR1,0.0,0.0,False,0.0
2025-11-05,7,A4_DGR2,0.0,0.0,False,0.0
2025-11-05,7,K2_DGR1,0.0,0.0,False,0.0
2025-11-05,7,K2_DGR2,0.0,0.0,False,0.0
2025-11-05,7,P2_DGR1,0.0,0.0,False,0.0
2025-11-05,7,P2_DGR2,0.0,0.0,False,0.0
2025-11-05,7,Q1_DGR1,0.0,0.0,False,0.0
2025-11-05,7,BRAUNIG_VHB3,0.0,0.0,False,0.0
2025-11-05,7,V2_DGR1,0.0,0.0,False,0.0
2025-11-05,7,V2_DGR2,0.0,0.0,False,0.0
2025-11-05,7,V2_DGR3,0.0,0.0,False,0.0
2025-11-05,7,V4_DGR1,0.0,0.0,False,0.0
2025-11-05,7,X1_DGR1,0.0,0.0,False,0.0
2025-11-05,7,Z0_DGR1,0.0,0.0,False,0.0
2025-11-05,7,Z0_DGR2,0.0,0.0,False,0.0
2025-11-05,7,Z5_DGR1,0.0,0.0,False,0.0
2025-11-05,7,DC_E,437.9207193416255,162.0792806583745,True,15327.2252
2025-11-05,7,DC_N,184.3205730296084,35.6794269703916,True,6451.2201
2025-11-05,7,DC_L,0.0,0.0,False,0.0
2025-11-05,7,DC_R,0.0,0.0,False,0.0
2025-11-05,7,CEDARVALE_GAS,0.0,0.0,False,0.0
2025-11-05,7,ENCHANTED_ROCK_NEWPP,30.0,0.0,True,1350.0
2025-11-05,8,CPSES_UNIT1,1243.6085226142545,25.391477385745475,True,9948.8682
2025-11-05,8,CPSES_UNIT2,1269.0,0.0,True,10152.0
2025-11-05,8,STP_STP_G1,1365.0,0.0,True,10920.0
2025-11-05,8,STP_STP_G2,1365.0,0.0,True,10920.0
2025-11-05,8,COLETO_COLETOG1,655.0,0.0,True,16375.0
2025-11-05,8,FPPYD1_FPP_G1,615.0,0.0,True,15375.0
2025-11-05,8,FPPYD1_FPP_G2,615.0,0.0,True,15375.0
2025-11-05,8,FPPYD2_FPP_G3,460.0,0.0,True,11500.0
2025-11-05,8,CALAVERS_JKS1,224.0,336.0,True,5600.0
2025-11-05,8,CALAVERS_JKS2,465.2908535019863,456.70914649801375,True,11632.2713
2025-11-05,8,LEG_LEG_G1,0.0,0.0,False,0.0
2025-11-05,8,LEG_LEG_G2,0.0,0.0,False,0.0
2025-11-05,8,MLSES_UNIT1,0.0,0.0,False,0.0
2025-11-05,8,MLSES_UNIT2,0.0,0.0,False,0.0
2025-11-05,8,MLSES_UNIT3,0.0,0.0,False,0.0
2025-11-05,8,OGSES_UNIT1A,0.0,0.0,False,0.0
2025-11-05,8,OGSES_UNIT2,0.0,0.0,False,0.0
2025-11-05,8,SANMIGL_G1,430.0,0.0,True,10750.0
2025-11-05,8,SCES_UNIT1,0.0,0.0,False,0.0
2025-11-05,8,TNP_ONE_TNP_O_1,0.0,0.0,False,0.0
2025-11-05,8,TNP_ONE_TNP_O_2,0.0,0.0,False,0.0
2025-11-05,8,WAP_WAP_G5,0.0,0.0,False,0.0
2025-11-05,8,WAP_WAP_G6,0.0,0.0,False,0.0
2025-11-05,8,WAP_WAP_G7,614.6,0.0,True,15365.0
2025-11-05,8,WAP_WAP_G8,0.0,0.0,False,0.0
2025-11-05,8,BRAUNIG_AVR1_CT1,0.0,0.0,False,0.0
2025-11-05,8,BRAUNIG_AVR1_CT2,0.0,0.0,False,0.0
2025-11-05,8,BRAUNIG_AVR1_ST,0.0,0.0,False,0.0
2025-11-05,8,ATKINS_ATKINSG7,0.0,0.0,False,0.0
2025-11-05,8,B_DAVIS_B_DAVIG3,189.6,0.0,True,5308.8
2025-11-05,8,B_DAVIS_B_DAVIG4,56.88,132.72,True,1592.64
2025-11-05,8,B_DAVIS_B_DAVIG1,0.0,0.0,False,0.0
2025-11-05,8,B_DAVIS_B_DAVIG2,105.3,245.7,True,2948.4
2025-11-05,8,BASTEN_GTG1100,0.0,0.0,False,0.0
2025-11-05,8,BASTEN_GTG2100,0.0,0.0,False,0.0
2025-11-05,8,BASTEN_ST0100,0.0,0.0,False,0.0
2025-11-05,8,BCH_UNIT1,60.5,0.0,True,2541.0
2025-11-05,8,BCH_UNIT2,60.5,0.0,True,2541.0
2025-11-05,8,BCH_UNIT3,60.5,0.0,True,2541.0
2025-11-05,8,BCH_UNIT4,60.5,0.0,True,2541.0
2025-11-05,8,BCH_UNIT5,60.5,0.0,True,2541.0
2025-11-05,8,BCH_UNIT6,60.5,0.0,True,2541.0
2025-11-05,8,BCH_UNIT7,60.5,0.0,True,2541.0
2025-11-05,8,BCH_UNIT8,60.5,0.0,True,2541.0
2025-11-05,8,BOSQUESW_BSQSU_1,0.0,0.0,False,0.0
2025-11-05,8,BOSQUESW_BSQSU_2,0.0,0.0,False,0.0
2025-11-05,8,BOSQUESW_BSQSU_3,0.0,0.0,False,0.0
2025-11-05,8,BOSQUESW_BSQSU_4,0.0,0.0,False,0.0
2025-11-05,8,BOSQUESW_BSQSU_5,0.0,0.0,False,0.0
2025-11-05,8,BVE_UNIT1,198.90000000000003,-2.842170943040401e-14,True,5569.2
2025-11-05,8,BVE_UNIT2,198.90000000000003,-2.842170943040401e-14,True,5569.2
2025-11-05,8,BVE_UNIT3,275.6,0.0,True,7716.8
2025-11-05,8,BTM_UNIT1,60.5,0.0,True,2541.0
2025-11-05,8,BTM_UNIT2,60.5,0.0,True,2541.0
2025-11-05,8,BTM_UNIT3,60.5,0.0,True,2541.0
2025-11-05,8,BTM_UNIT4,60.5,0.0,True,2541.0
2025-11-05,8,BTM_UNIT5,60.5,0.0,True,2541.0
2025-11-05,8,BTM_UNIT6,60.5,0.0,True,2541.0
2025-11-05,8,BTM_UNIT7,60.5,0.0,True,2541.0
2025-11-05,8,BTM_UNIT8,60.5,0.0,True,2541.0
2025-11-05,8,FLCNS_UNIT1,0.0,0.0,False,0.0
2025-11-05,8,FLCNS_UNIT2,0.0,0.0,False,0.0
2025-11-05,8,CALHOUN_UNIT1,0.0,0.0,False,0.0
2025-11-05,8,CALHOUN_UNIT2,0.0,0.0,False,0.0
2025-11-05,8,CHAMON_CTG_0101,60.5,0.0,True,2541.0
2025-11-05,8,CHAMON_CTG_0301,60.5,0.0,True,2541.0
2025-11-05,8,CBY4_CT41,205.0,0.0,True,5740.0
2025-11-05,8,CBY4_CT42,205.0,0.0,True,5740.0
2025-11-05,8,CBY4_ST04,205.0,0.0,True,5740.0
2025-11-05,8,CBY_CBY_G1,765.0,0.0,True,26775.0
2025-11-05,8,CBY_CBY_G2,765.0,0.0,True,26775.0
2025-11-05,8,CBEC_GT1,86.5,0.0,True,2422.0
2025-11-05,8,CBEC_GT2,86.5,0.0,True,2422.0
2025-11-05,8,CBEC_GT3,86.5,0.0,True,2422.0
2025-11-05,8,CBEC_GT4,86.5,0.0,True,2422.0
2025-11-05,8,CBEC_STG1,105.0,0.0,True,2940.0
2025-11-05,8,CBEC_STG2,108.79999999999997,2.842170943040401e-14,True,3046.4
2025-11-05,8,CBECII_CT7,360.9,0.0,True,10105.2
2025-11-05,8,CBECII_CT8,360.9,0.0,True,10105.2
2025-11-05,8,CBECII_STG9,275.6995142485586,232.80048575144139,True,7719.5864
2025-11-05,8,CBEC_GT11,4.17,37.53,True,175.14
2025-11-05,8,CBEC_GT12,15.407626349186826,26.292373650813175,True,647.1203
2025-11-05,8,CVC_CVC_G1,192.1,0.0,True,5378.8
2025-11-05,8,CVC_CVC_G2,192.1,0.0,True,5378.8
2025-11-05,8,CVC_CVC_G3,192.1,0.0,True,5378.8
2025-11-05,8,CVC_CVC_G5,150.0,0.0,True,4200.0
2025-11-05,8,DANSBY_DANSBYG2,0.0,0.0,False,0.0
2025-11-05,8,DANSBY_DANSBYG3,0.0,0.0,False,0.0
2025-11-05,8,DANSBY_DANSBYG1,0.0,0.0,False,0.0
2025-11-05,8,DECKER_DPGT_1,0.0,0.0,False,0.0
2025-11-05,8,DECKER_DPGT_2,0.0,0.0,False,0.0
2025-11-05,8,DECKER_DPGT_3,0.0,0.0,False,0.0
2025-11-05,8,DECKER_DPGT_4,0.0,0.0,False,0.0
2025-11-05,8,DCSES_CT10,0.0,0.0,False,0.0
2025-11-05,8,DCSES_CT20,0.0,0.0,False,0.0
2025-11-05,8,DCSES_CT30,0.0,0.0,False,0.0
2025-11-05,8,DCSES_CT40,0.0,0.0,False,0.0
2025-11-05,8,DDPEC_GT1,60.9,142.1,True,1705.2
2025-11-05,8,DDPEC_GT2,108.00338717503266,106.99661282496734,True,3024.0948
2025-11-05,8,DDPEC_GT3,60.9,142.1,True,1705.2
2025-11-05,8,DDPEC_GT4,0.0,0.0,False,0.0
2025-11-05,8,DDPEC_GT6,59.7,139.3,True,1671.6
2025-11-05,8,DDPEC_ST1,0.0,0.0,False,0.0
2025-11-05,8,DEC_AGR_A,56.5,0.0,True,2542.5
2025-11-05,8,DEC_AGR_B,56.5,0.0,True,2542.5
2025-11-05,8,DEC_AGR_C,56.5,0.0,True,2542.5
2025-11-05,8,DEC_AGR_D,56.5,0.0,True,2542.5
2025-11-05,8,ECEC_G1,0.0,0.0,False,0.0
2025-11-05,8,ECEC_G2,0.0,0.0,False,0.0
2025-11-05,8,ETCCS_CT1,260.0,0.0,True,7280.0
2025-11-05,8,ETCCS_UNIT1,140.0,0.0,True,3920.0
2025-11-05,8,AZ_AZ_G1,0.0,0.0,False,0.0
2025-11-05,8,AZ_AZ_G2,0.0,0.0,False,0.0
2025-11-05,8,AZ_AZ_G3,0.0,0.0,False,0.0
2025-11-05,8,AZ_AZ_G4,0.0,0.0,False,0.0
2025-11-05,8,FERGCC_FERGGT1,0.0,0.0,False,0.0
2025-11-05,8,FERGCC_FERGGT2,0.0,0.0,False,0.0
2025-11-05,8,FERGCC_FERGST1,204.0,0.0,True,5712.0
2025-11-05,8,FRNYPP_GT11,0.0,0.0,False,0.0
2025-11-05,8,FRNYPP_GT12,0.0,0.0,False,0.0
2025-11-05,8,FRNYPP_GT13,0.0,0.0,False,0.0
2025-11-05,8,FRNYPP_GT21,0.0,0.0,False,0.0
2025-11-05,8,FRNYPP_GT22,0.0,0.0,False,0.0
2025-11-05,8,FRNYPP_GT23,0.0,0.0,False,0.0
2025-11-05,8,FRNYPP_ST10,0.0,0.0,False,0.0
2025-11-05,8,FRNYPP_ST20,0.0,0.0,False,0.0
2025-11-05,8,FREC_GT1,130.25312630348844,49.14687369651156,True,3647.0875
2025-11-05,8,FREC_GT2,179.4,0.0,True,5023.2
2025-11-05,8,FREC_GT4,179.4,0.0,True,5023.2
2025-11-05,8,FREC_GT5,179.4,0.0,True,5023.2
2025-11-05,8,FREC_ST3,0.0,0.0,False,0.0
2025-11-05,8,FREC_ST6,0.0,0.0,False,0.0
2025-11-05,8,FEGC_UNIT1,0.0,0.0,False,0.0
2025-11-05,8,FRONT_EC_CT1,177.0,0.0,True,4956.0
2025-11-05,8,FRONT_EC_CT2,177.0,0.0,True,4956.0
2025-11-05,8,FRONT_EC_ST,170.6060427265352,13.893957273464792,True,4776.9692
2025-11-05,8,GRSES_UNIT1,239.0,0.0,True,8365.0
2025-11-05,8,GRSES_UNIT2,390.0,0.0,True,13650.0
2025-11-05,8,GBY_GBYGT73,72.0,0.0,True,3024.0
2025-11-05,8,GBY_GBYGT74,72.0,0.0,True,3024.0
2025-11-05,8,GBY_GBYGT81,72.0,0.0,True,3024.0
2025-11-05,8,GBY_GBYGT82,72.0,0.0,True,3024.0
2025-11-05,8,GBY_GBYGT83,72.0,0.0,True,3024.0
2025-11-05,8,GBY_GBYGT84,72.0,0.0,True,3024.0
2025-11-05,8,STEAM_ENGINE_1,0.0,0.0,False,0.0
2025-11-05,8,STEAM_ENGINE_2,0.0,0.0,False,0.0
2025-11-05,8,STEAM_ENGINE_3,0.0,0.0,False,0.0
2025-11-05,8,LGE_LGE_GT1,119.94923334299429,65.05076665700571,True,3358.5785
2025-11-05,8,LGE_LGE_GT2,55.5,129.5,True,1554.0
2025-11-05,8,LGE_LGE_STG,30.0,70.0,True,840.0
2025-11-05,8,GUADG_GAS1,0.0,0.0,False,0.0
2025-11-05,8,GUADG_GAS2,0.0,0.0,False,0.0
2025-11-05,8,GUADG_GAS3,0.0,0.0,False,0.0
2025-11-05,8,GUADG_GAS4,0.0,0.0,False,0.0
2025-11-05,8,GUADG_STM5,0.0,0.0,False,0.0
2025-11-05,8,GUADG_STM6,0.0,0.0,False,0.0
2025-11-05,8,HLSES_UNIT3,395.0,0.0,True,13825.0
2025-11-05,8,HLSES_UNIT4,435.0,0.0,True,15225.0
2025-11-05,8,HLSES_UNIT5,435.0,0.0,True,15225.0
2025-11-05,8,HAYSEN_HAYSENG1,0.0,0.0,False,0.0
2025-11-05,8,HAYSEN_HAYSENG2,0.0,0.0,False,0.0
2025-11-05,8,HAYSEN_HAYSENG3,0.0,0.0,False,0.0
2025-11-05,8,HAYSEN_HAYSENG4,0.0,0.0,False,0.0
2025-11-05,8,DUKE_DUKE_GT1,176.6,0.0,True,4944.8
2025-11-05,8,DUKE_DUKE_GT2,176.6,0.0,True,4944.8
2025-11-05,8,DUKE_DUKE_ST1,59.43,138.67,True,1664.04
2025-11-05,8,JACKCNTY_CT1,59.67,139.23,True,1670.76
2025-11-05,8,JACKCNTY_CT2,59.67,139.23,True,1670.76
2025-11-05,8,JCKCNTY2_CT3,59.67,139.23,True,1670.76
2025-11-05,8,JCKCNTY2_CT4,59.67,139.23,True,1670.76
2025-11-05,8,JACKCNTY_STG,0.0,0.0,False,0.0
2025-11-05,8,JCKCNTY2_ST2,0.0,0.0,False,0.0
2025-11-05,8,TEN_CT1,0.0,0.0,False,0.0
2025-11-05,8,TEN_STG,0.0,0.0,False,0.0
2025-11-05,8,LHSES_UNIT1,0.0,0.0,False,0.0
2025-11-05,8,LHSES_UNIT2A,0.0,0.0,False,0.0
2025-11-05,8,LPCCS_CT11,0.0,0.0,False,0.0
2025-11-05,8,LPCCS_CT12,186.0,0.0,True,5208.0
2025-11-05,8,LPCCS_CT21,0.0,0.0,False,0.0
2025-11-05,8,LPCCS_CT22,80.76680393527216,105.23319606472782,True,2261.4705
2025-11-05,8,LPCCS_UNIT1,0.0,0.0,False,0.0
2025-11-05,8,LPCCS_UNIT2,0.0,0.0,False,0.0
2025-11-05,8,LARDVFTN_G4,0.0,0.0,False,0.0
2025-11-05,8,LARDVFTN_G5,0.0,0.0,False,0.0
2025-11-05,8,LEON_CRK_LCPCT1,0.0,0.0,False,0.0
2025-11-05,8,LEON_CRK_LCPCT2,0.0,0.0,False,0.0
2025-11-05,8,LEON_CRK_LCPCT3,0.0,0.0,False,0.0
2025-11-05,8,LEON_CRK_LCPCT4,0.0,0.0,False,0.0
2025-11-05,8,LIG_UNIT1,0.0,0.0,False,0.0
2025-11-05,8,LIG_UNIT2,0.0,0.0,False,0.0
2025-11-05,8,LOSTPI_LOSTPGT1,202.5,0.0,True,5670.0
2025-11-05,8,LOSTPI_LOSTPGT2,202.5,0.0,True,5670.0
2025-11-05,8,LOSTPI_LOSTPST1,204.0,0.0,True,5712.0
2025-11-05,8,NEDIN_NEDIN_G1,0.0,0.0,False,0.0
2025-11-05,8,NEDIN_NEDIN_G2,0.0,0.0,False,0.0
2025-11-05,8,NEDIN_NEDIN_G3,0.0,0.0,False,0.0
2025-11-05,8,MDANP_CT1,0.0,0.0,False,0.0
2025-11-05,8,MDANP_CT2,0.0,0.0,False,0.0
2025-11-05,8,MDANP_CT3,0.0,0.0,False,0.0
2025-11-05,8,MDANP_CT4,0.0,0.0,False,0.0
2025-11-05,8,MDANP_CT5,0.0,0.0,False,0.0
2025-11-05,8,MDANP_CT6,0.0,0.0,False,0.0
2025-11-05,8,MGSES_CT1,0.0,0.0,False,0.0
2025-11-05,8,MGSES_CT2,0.0,0.0,False,0.0
2025-11-05,8,MGSES_CT3,0.0,0.0,False,0.0
2025-11-05,8,MGSES_CT4,0.0,0.0,False,0.0
2025-11-05,8,MGSES_CT5,0.0,0.0,False,0.0
2025-11-05,8,MGSES_CT6,0.0,0.0,False,0.0
2025-11-05,8,MCSES_UNIT6,122.0,0.0,True,4270.0
2025-11-05,8,MCSES_UNIT7,118.0,0.0,True,4130.0
2025-11-05,8,MCSES_UNIT8,568.0,0.0,True,19880.0
2025-11-05,8,NUECES_B_NUECESG8,56.88,132.72,True,1592.64
2025-11-05,8,NUECES_B_NUECESG9,56.88,132.72,True,1592.64
2025-11-05,8,NUECES_B_NUECESG7,105.3,245.7,True,2948.4
2025-11-05,8,CALAVERS_OWS1,0.0,0.0,False,0.0
2025-11-05,8,CALAVERS_OWS2,0.0,0.0,False,0.0
2025-11-05,8,OECCS_CT11,58.56,136.64,True,1639.68
2025-11-05,8,OECCS_CT12,0.0,0.0,False,0.0
2025-11-05,8,OECCS_CT21,58.56,136.64,True,1639.68
2025-11-05,8,OECCS_CT22,56.73,132.37,True,1588.44
2025-11-05,8,OECCS_UNIT1,67.2,156.8,True,1881.6
2025-11-05,8,OECCS_UNIT2,67.2,156.8,True,1881.6
2025-11-05,8,VICTPRT2_UNIT1,0.0,0.0,False,0.0
2025-11-05,8,VICTPRT2_UNIT2,0.0,0.0,False,0.0
2025-11-05,8,PANDA_S_SHER1CT1,232.0,0.0,True,6496.0
2025-11-05,8,PANDA_S_SHER1CT2,232.0,0.0,True,6496.0
2025-11-05,8,PANDA_S_SHER1ST1,353.1,0.0,True,9886.8
2025-11-05,8,PANDA_T1_TMPL1CT1,0.0,0.0,False,0.0
2025-11-05,8,PANDA_T1_TMPL1CT2,0.0,0.0,False,0.0
2025-11-05,8,PANDA_T1_TMPL1ST1,0.0,0.0,False,0.0
2025-11-05,8,PANDA_T2_TMPL2CT1,0.0,0.0,False,0.0
2025-11-05,8,PANDA_T2_TMPL2CT2,0.0,0.0,False,0.0
2025-11-05,8,PANDA_T2_TMPL2ST1,0.0,0.0,False,0.0
2025-11-05,8,TNSKA_GT1,0.0,0.0,False,0.0
2025-11-05,8,TNSKA_GT2,0.0,0.0,False,0.0
2025-11-05,8,TNSKA_STG,0.0,0.0,False,0.0
2025-11-05,8,PSG_PSG_GT2,64.53,150.57,True,1806.84
2025-11-05,8,PSG_PSG_GT3,64.53,150.57,True,1806.84
2025-11-05,8,PSG_PSG_ST2,58.65,0.0,True,1642.2
2025-11-05,8,PEARSAL2_AGR_A,0.0,0.0,False,0.0
2025-11-05,8,PEARSAL2_AGR_B,0.0,0.0,False,0.0
2025-11-05,8,PEARSAL2_AGR_C,0.0,0.0,False,0.0
2025-11-05,8,PEARSAL2_AGR_D,0.0,0.0,False,0.0
2025-11-05,8,PB2SES_CT1,0.0,0.0,False,0.0
2025-11-05,8,PB2SES_CT2,0.0,0.0,False,0.0
2025-11-05,8,PB2SES_CT3,0.0,0.0,False,0.0
2025-11-05,8,PB2SES_CT4,0.0,0.0,False,0.0
2025-11-05,8,PB2SES_CT5,0.0,0.0,False,0.0
2025-11-05,8,PRO_UNIT1,0.0,0.0,False,0.0
2025-11-05,8,PRO_UNIT2,0.0,0.0,False,0.0
2025-11-05,8,PRO_UNIT3,0.0,0.0,False,0.0
2025-11-05,8,PRO_UNIT4,0.0,0.0,False,0.0
2025-11-05,8,PRO_UNIT5,0.0,0.0,False,0.0
2025-11-05,8,PRO_UNIT6,0.0,0.0,False,0.0
2025-11-05,8,PRO_UNIT7,0.0,0.0,False,0.0
2025-11-05,8,PRO_UNIT8,0.0,0.0,False,0.0
2025-11-05,8,BAC_CTG1,65.0,0.0,True,2730.0
2025-11-05,8,BAC_CTG2,65.0,0.0,True,2730.0
2025-11-05,8,BAC_CTG3,65.0,0.0,True,2730.0
2025-11-05,8,BAC_CTG4,65.0,0.0,True,2730.0
2025-11-05,8,BAC_CTG5,65.0,0.0,True,2730.0
2025-11-05,8,BAC_CTG6,65.0,0.0,True,2730.0
2025-11-05,8,STEAM1A_STEAM_1,0.0,0.0,False,0.0
2025-11-05,8,STEAM_STEAM_2,0.0,0.0,False,0.0
2025-11-05,8,STEAM_STEAM_3,0.0,0.0,False,0.0
2025-11-05,8,QALSW_GT1,87.879379301485,2.720620698514992,True,2460.6226
2025-11-05,8,QALSW_GT2,90.6,0.0,True,2536.8
2025-11-05,8,QALSW_GT3,90.6,0.0,True,2536.8
2025-11-05,8,QALSW_GT4,90.6,0.0,True,2536.8
2025-11-05,8,QALSW_STG1,98.1,0.0,True,2746.8
2025-11-05,8,QALSW_STG2,98.1,0.0,True,2746.8
2025-11-05,8,MIL_MILLERG4,116.0,0.0,True,4872.0
2025-11-05,8,MIL_MILLERG5,116.0,0.0,True,4872.0
2025-11-05,8,MIL_MILLERG1,75.0,0.0,True,2625.0
2025-11-05,8,MIL_MILLERG2,120.0,0.0,True,4200.0
2025-11-05,8,MIL_MILLERG3,216.0,0.0,True,7560.0
2025-11-05,8,OLINGR_OLING_4,0.0,0.0,False,0.0
2025-11-05,8,OLINGR_OLING_2,0.0,0.0,False,0.0
2025-11-05,8,OLINGR_OLING_3,0.0,0.0,False,0.0
2025-11-05,8,RAB_UNIT1,0.0,0.0,False,0.0
2025-11-05,8,RAB_UNIT2,0.0,0.0,False,0.0
2025-11-05,8,RAB_UNIT3,0.0,0.0,False,0.0
2025-11-05,8,RAB_UNIT4,0.0,0.0,False,0.0
2025-11-05,8,RAB_UNIT5,0.0,0.0,False,0.0
2025-11-05,8,RAB_UNIT6,0.0,0.0,False,0.0
2025-11-05,8,RAB_UNIT7,0.0,0.0,False,0.0
2025-11-05,8,RAB_UNIT8,0.0,0.0,False,0.0
2025-11-05,8,REDGATE_AGR_A,0.0,0.0,False,0.0
2025-11-05,8,REDGATE_AGR_B,0.0,0.0,False,0.0
2025-11-05,8,REDGATE_AGR_C,0.0,0.0,False,0.0
2025-11-05,8,REDGATE_AGR_D,0.0,0.0,False,0.0
2025-11-05,8,JAD_UNIT1,0.0,0.0,False,0.0
2025-11-05,8,JAD_UNIT2,0.0,0.0,False,0.0
2025-11-05,8,JAD_UNIT3,0.0,0.0,False,0.0
2025-11-05,8,JAD_UNIT4,0.0,0.0,False,0.0
2025-11-05,8,JAD_UNIT5,0.0,0.0,False,0.0
2025-11-05,8,JAD_UNIT6,0.0,0.0,False,0.0
2025-11-05,8,JAD_UNIT7,0.0,0.0,False,0.0
2025-11-05,8,JAD_UNIT8,0.0,0.0,False,0.0
2025-11-05,8,RIONOG_CT1,0.0,0.0,False,0.0
2025-11-05,8,RIONOG_CT2,0.0,0.0,False,0.0
2025-11-05,8,RIONOG_CT3,0.0,0.0,False,0.0
2025-11-05,8,RIONOG_ST1,0.0,0.0,False,0.0
2025-11-05,8,RAYBURN_RAYBURG7,18.15,42.35,True,508.2
2025-11-05,8,RAYBURN_RAYBURG8,46.70412634453256,13.795873655467439,True,1307.7155
2025-11-05,8,RAYBURN_RAYBURG9,18.15,42.35,True,508.2
2025-11-05,8,RAYBURN_RAYBURG10,0.0,0.0,False,0.0
2025-11-05,8,SJS_SJS_G1,88.19999999999999,1.4210854715202004e-14,True,3704.4
2025-11-05,8,SJS_SJS_G2,88.19999999999999,1.4210854715202004e-14,True,3704.4
2025-11-05,8,SANDHSYD_SH1,0.0,0.0,False,0.0
2025-11-05,8,SANDHSYD_SH2,0.0,0.0,False,0.0
2025-11-05,8,SANDHSYD_SH3,0.0,0.0,False,0.0
2025-11-05,8,SANDHSYD_SH4,0.0,0.0,False,0.0
2025-11-05,8,SANDHSYD_SH_5A,198.90000000000003,-2.842170943040401e-14,True,5569.2
2025-11-05,8,SANDHSYD_SH6,0.0,0.0,False,0.0
2025-11-05,8,SANDHSYD_SH7,0.0,0.0,False,0.0
2025-11-05,8,SANDHSYD_SH_5C,191.0,0.0,True,5348.0
2025-11-05,8,SILASRAY_SILAS_10,0.0,0.0,False,0.0
2025-11-05,8,SILASRAY_SILAS_9,50.0,0.0,True,1400.0
2025-11-05,8,SILASRAY_SILAS_6,25.0,0.0,True,700.0
2025-11-05,8,GIDEON_GIDEONG1,0.0,0.0,False,0.0
2025-11-05,8,GIDEON_GIDEONG2,0.0,0.0,False,0.0
2025-11-05,8,GIDEON_GIDEONG3,0.0,0.0,False,0.0
2025-11-05,8,SKY1_SKY1A,0.0,0.0,False,0.0
2025-11-05,8,SKY1_SKY1B,0.0,0.0,False,0.0
2025-11-05,8,SPNCER_SPNCE_4,61.0,0.0,True,2135.0
2025-11-05,8,SPNCER_SPNCE_5,65.0,0.0,True,2275.0
2025-11-05,8,SCSES_UNIT1A,177.0,0.0,True,6195.0
2025-11-05,8,SCSES_UNIT2,415.48954531054153,86.51045468945847,True,14542.1341
2025-11-05,8,THW_THWGT_1,16.3,0.0,True,684.6
2025-11-05,8,THW_THWGT31,51.3,0.0,True,1436.4
2025-11-05,8,THW_THWGT32,51.3,0.0,True,1436.4
2025-11-05,8,THW_THWGT33,51.3,0.0,True,1436.4
2025-11-05,8,THW_THWGT34,51.3,0.0,True,1436.4
2025-11-05,8,THW_THWGT41,51.3,0.0,True,1436.4
2025-11-05,8,THW_THWGT42,51.3,0.0,True,1436.4
2025-11-05,8,THW_THWGT43,62.0,0.0,True,1736.0
2025-11-05,8,THW_THWGT44,62.0,0.0,True,1736.0
2025-11-05,8,THW_THWGT51,85.0,0.0,True,3570.0
2025-11-05,8,THW_THWGT52,85.0,0.0,True,3570.0
2025-11-05,8,THW_THWGT53,85.0,0.0,True,3570.0
2025-11-05,8,THW_THWGT54,85.0,0.0,True,3570.0
2025-11-05,8,THW_THWGT55,85.0,0.0,True,3570.0
2025-11-05,8,THW_THWGT56,85.0,0.0,True,3570.0
2025-11-05,8,THW_THWST_3,113.1,0.0,True,3166.8
2025-11-05,8,THW_THWST_4,113.1,0.0,True,3166.8
2025-11-05,8,TXCTY_CTA,129.1,0.0,True,3614.8
2025-11-05,8,TXCTY_CTB,129.1,0.0,True,3614.8
2025-11-05,8,TXCTY_CTC,129.1,0.0,True,3614.8
2025-11-05,8,TXCTY_ST,143.7,0.0,True,4023.6
2025-11-05,8,TGS_GT01,0.0,0.0,False,0.0
2025-11-05,8,TIMPP_AGR1,0.0,0.0,False,0.0
2025-11-05,8,TIMPP_AGR2,0.0,0.0,False,0.0
2025-11-05,8,TIMPP_AGR3,0.0,0.0,False,0.0
2025-11-05,8,TIMPP_AGR4,0.0,0.0,False,0.0
2025-11-05,8,TRSES_UNIT6,239.0,0.0,True,8365.0
2025-11-05,8,TOPAZ_UNIT1,60.5,0.0,True,2541.0
2025-11-05,8,TOPAZ_UNIT2,60.5,0.0,True,2541.0
2025-11-05,8,TOPAZ_UNIT3,60.5,0.0,True,2541.0
2025-11-05,8,TOPAZ_UNIT4,60.5,0.0,True,2541.0
2025-11-05,8,TOPAZ_UNIT5,60.5,0.0,True,2541.0
2025-11-05,8,TOPAZ_UNIT6,60.5,0.0,True,2541.0
2025-11-05,8,TOPAZ_UNIT7,60.5,0.0,True,2541.0
2025-11-05,8,TOPAZ_UNIT8,60.5,0.0,True,2541.0
2025-11-05,8,TOPAZ_UNIT9,60.5,0.0,True,2541.0
2025-11-05,8,TOPAZ_UNIT10,60.5,0.0,True,2541.0
2025-11-05,8,BRAUNIG_VHB6CT5,0.0,0.0,False,0.0
2025-11-05,8,BRAUNIG_VHB6CT6,0.0,0.0,False,0.0
2025-11-05,8,BRAUNIG_VHB6CT7,0.0,0.0,False,0.0
2025-11-05,8,BRAUNIG_VHB6CT8,0.0,0.0,False,0.0
2025-11-05,8,CITYVICT_CTG01,0.0,0.0,False,0.0
2025-11-05,8,CITYVICT_CTG02,0.0,0.0,False,0.0
2025-11-05,8,VICTPORT_CTG01,0.0,0.0,False,0.0
2025-11-05,8,VICTPORT_CTG02,0.0,0.0,False,0.0
2025-11-05,8,VICTORIA_VICTORG6,179.00422377244064,17.895776227559367,True,5012.1183
2025-11-05,8,VICTORIA_VICTORG5,180.2,0.0,True,5045.6
2025-11-05,8,WAP_WAPGT_1,0.0,0.0,False,0.0
2025-11-05,8,WAP_WAP_G1,0.0,0.0,False,0.0
2025-11-05,8,WAP_WAP_G2,0.0,0.0,False,0.0
2025-11-05,8,WAP_WAP_G3,0.0,0.0,False,0.0
2025-11-05,8,WAP_WAP_G4,0.0,0.0,False,0.0
2025-11-05,8,WFCOGEN_UNIT1,20.0,0.0,True,560.0
2025-11-05,8,WFCOGEN_UNIT2,20.0,0.0,True,560.0
2025-11-05,8,WFCOGEN_UNIT3,20.0,0.0,True,560.0
2025-11-05,8,WIPOPA_WPP_G1,6.05,54.45,True,254.1
2025-11-05,8,WIPOPA_WPP_G2,6.568539651265783,53.93146034873422,True,275.8787
2025-11-05,8,WIPOPA_WPP_G3,60.5,0.0,True,2541.0
2025-11-05,8,WIPOPA_WPP_G4,60.5,0.0,True,2541.0
2025-11-05,8,WCPP_CT1,0.0,0.0,False,0.0
2025-11-05,8,WCPP_CT2,0.0,0.0,False,0.0
2025-11-05,8,WCPP_ST1,0.0,0.0,False,0.0
2025-11-05,8,WHCCS_CT1,0.0,0.0,False,0.0
2025-11-05,8,WHCCS_CT2,0.0,0.0,False,0.0
2025-11-05,8,WHCCS_STG,0.0,0.0,False,0.0
2025-11-05,8,WHCCS2_CT4,0.0,0.0,False,0.0
2025-11-05,8,WHCCS2_CT5,0.0,0.0,False,0.0
2025-11-05,8,WHCCS2_STG6,0.0,0.0,False,0.0
2025-11-05,8,NACPW_UNIT1,0.0,0.0,False,0.0
2025-11-05,8,HBR_2UNITS,3.2,0.0,True,128.0
2025-11-05,8,TRIRA_1UNIT,4.0,0.0,True,160.0
2025-11-05,8,78252_4UNITS,0.0,0.0,False,0.0
2025-11-05,8,SPRIN_4UNITS,0.0,0.0,False,0.0
2025-11-05,8,FREIH_2UNITS,0.0,0.0,False,0.0
2025-11-05,8,WSTHL_3UNITS,4.8,0.0,True,192.0
2025-11-05,8,FEGC_CTG2,0.0,0.0,False,0.0
2025-11-05,8,FEGC_CTG3,0.0,0.0,False,0.0
2025-11-05,8,FEGC_CTG4,0.0,0.0,False,0.0
2025-11-05,8,OLNEYTN_AGR1,10.0,0.0,True,600.0
2025-11-05,8,AMISTAD_AMISTAG1,0.0,0.0,False,0.0
2025-11-05,8,AMISTAD_AMISTAG2,0.0,0.0,False,0.0
2025-11-05,8,AUSTPL_AUSTING1,9.0,0.0,True,9.0
2025-11-05,8,AUSTPL_AUSTING2,9.0,0.0,True,9.0
2025-11-05,8,BUCHAN_BUCHANG1,18.299999999999997,3.552713678800501e-15,True,18.3
2025-11-05,8,BUCHAN_BUCHANG2,18.299999999999997,3.552713678800501e-15,True,18.3
2025-11-05,8,BUCHAN_BUCHANG3,18.299999999999997,3.552713678800501e-15,True,18.3
2025-11-05,8,DNDAM_DENISOG1,50.8,0.0,True,50.8
2025-11-05,8,DNDAM_DENISOG2,50.8,0.0,True,50.8
2025-11-05,8,FALCON_FALCONG1,12.0,0.0,True,12.0
2025-11-05,8,FALCON_FALCONG2,12.0,0.0,True,12.0
2025-11-05,8,FALCON_FALCONG3,12.0,0.0,True,12.0
2025-11-05,8,WIRTZ_WIRTZ_G1,29.0,0.0,True,29.0
2025-11-05,8,WIRTZ_WIRTZ_G2,29.0,0.0,True,29.0
2025-11-05,8,CANYHY_CANYHYG1,6.0,0.0,True,6.0
2025-11-05,8,INKSDA_INKS_G1,15.0,0.0,True,15.0
2025-11-05,8,MARBFA_MARBFAG1,21.0,0.0,True,21.0
2025-11-05,8,MARBFA_MARBFAG2,20.0,0.0,True,20.0
2025-11-05,8,MARSFO_MARSFOG1,36.0,0.0,True,36.0
2025-11-05,8,MARSFO_MARSFOG2,36.0,0.0,True,36.0
2025-11-05,8,MARSFO_MARSFOG3,36.0,0.0,True,36.0
2025-11-05,8,WND_WHITNEY1,0.0,0.0,False,0.0
2025-11-05,8,WND_WHITNEY2,0.0,0.0,False,0.0
2025-11-05,8,AEEC_ANTLP_1,0.0,0.0,False,0.0
2025-11-05,8,AEEC_ANTLP_2,0.0,0.0,False,0.0
2025-11-05,8,AEEC_ANTLP_3,0.0,0.0,False,0.0
2025-11-05,8,AEEC_ELK_1,0.0,0.0,False,0.0
2025-11-05,8,AEEC_ELK_2,0.0,0.0,False,0.0
2025-11-05,8,AEEC_ELK_3,0.0,0.0,False,0.0
2025-11-05,8,FTR_FTR_G1,0.0,0.0,False,0.0
2025-11-05,8,FTR_FTR_G2,0.0,0.0,False,0.0
2025-11-05,8,FTR_FTR_G3,0.0,0.0,False,0.0
2025-11-05,8,FTR_FTR_G4,0.0,0.0,False,0.0
2025-11-05,8,TGCCS_CT1,0.0,0.0,False,0.0
2025-11-05,8,TGCCS_CT2,0.0,0.0,False,0.0
2025-11-05,8,TGCCS_CT3,0.0,0.0,False,0.0
2025-11-05,8,TGCCS_UNIT4,120.0,280.0,True,3360.0
2025-11-05,8,KMCHI_1CT101,55.5,129.5,True,1554.0
2025-11-05,8,KMCHI_1CT201,55.5,129.5,True,1554.0
2025-11-05,8,KMCHI_1ST,99.0,231.0,True,2772.0
2025-11-05,8,KMCHI_2CT101,185.0,0.0,True,5180.0
2025-11-05,8,KMCHI_2CT201,55.5,129.5,True,1554.0
2025-11-05,8,KMCHI_2ST,99.0,231.0,True,2772.0
2025-11-05,8,A4_DGR1,0.0,0.0,False,0.0
2025-11-05,8,A4_DGR2,0.0,0.0,False,0.0
2025-11-05,8,K2_DGR1,0.0,0.0,False,0.0
2025-11-05,8,K2_DGR2,0.0,0.0,False,0.0
2025-11-05,8,P2_DGR1,0.0,0.0,False,0.0
2025-11-05,8,P2_DGR2,0.0,0.0,False,0.0
2025-11-05,8,Q1_DGR1,0.0,0.0,False,0.0
2025-11-05,8,BRAUNIG_VHB3,0.0,0.0,False,0.0
2025-11-05,8,V2_DGR1,0.0,0.0,False,0.0
2025-11-05,8,V2_DGR2,0.0,0.0,False,0.0
2025-11-05,8,V2_DGR3,0.0,0.0,False,0.0
2025-11-05,8,V4_DGR1,0.0,0.0,False,0.0
2025-11-05,8,X1_DGR1,0.0,0.0,False,0.0
2025-11-05,8,Z0_DGR1,0.0,0.0,False,0.0
2025-11-05,8,Z0_DGR2,0.0,0.0,False,0.0
2025-11-05,8,Z5_DGR1,0.0,0.0,False,0.0
2025-11-05,8,DC_E,437.7384571553629,162.26154284463712,True,15320.846
2025-11-05,8,DC_N,184.42618374163987,35.573816258360125,True,6454.9164
2025-11-05,8,DC_L,0.0,0.0,False,0.0
2025-11-05,8,DC_R,0.0,0.0,False,0.0
2025-11-05,8,CEDARVALE_GAS,0.0,0.0,False,0.0
2025-11-05,8,ENCHANTED_ROCK_NEWPP,30.0,0.0,True,1350.0
2025-11-05,9,CPSES_UNIT1,1269.0,0.0,True,10152.0
2025-11-05,9,CPSES_UNIT2,1243.6079486789927,25.39205132100733,True,9948.8636
2025-11-05,9,STP_STP_G1,1365.0,0.0,True,10920.0
2025-11-05,9,STP_STP_G2,1365.0,0.0,True,10920.0
2025-11-05,9,COLETO_COLETOG1,655.0,0.0,True,16375.0
2025-11-05,9,FPPYD1_FPP_G1,615.0,0.0,True,15375.0
2025-11-05,9,FPPYD1_FPP_G2,615.0,0.0,True,15375.0
2025-11-05,9,FPPYD2_FPP_G3,460.0,0.0,True,11500.0
2025-11-05,9,CALAVERS_JKS1,320.4906655958289,239.5093344041711,True,8012.2666
2025-11-05,9,CALAVERS_JKS2,368.8,553.2,True,9220.0
2025-11-05,9,LEG_LEG_G1,0.0,0.0,False,0.0
2025-11-05,9,LEG_LEG_G2,0.0,0.0,False,0.0
2025-11-05,9,MLSES_UNIT1,0.0,0.0,False,0.0
2025-11-05,9,MLSES_UNIT2,0.0,0.0,False,0.0
2025-11-05,9,MLSES_UNIT3,0.0,0.0,False,0.0
2025-11-05,9,OGSES_UNIT1A,0.0,0.0,False,0.0
2025-11-05,9,OGSES_UNIT2,0.0,0.0,False,0.0
2025-11-05,9,SANMIGL_G1,430.0,0.0,True,10750.0
2025-11-05,9,SCES_UNIT1,0.0,0.0,False,0.0
2025-11-05,9,TNP_ONE_TNP_O_1,0.0,0.0,False,0.0
2025-11-05,9,TNP_ONE_TNP_O_2,0.0,0.0,False,0.0
2025-11-05,9,WAP_WAP_G5,0.0,0.0,False,0.0
2025-11-05,9,WAP_WAP_G6,0.0,0.0,False,0.0
2025-11-05,9,WAP_WAP_G7,614.6,0.0,True,15365.0
2025-11-05,9,WAP_WAP_G8,0.0,0.0,False,0.0
2025-11-05,9,BRAUNIG_AVR1_CT1,0.0,0.0,False,0.0
2025-11-05,9,BRAUNIG_AVR1_CT2,0.0,0.0,False,0.0
2025-11-05,9,BRAUNIG_AVR1_ST,0.0,0.0,False,0.0
2025-11-05,9,ATKINS_ATKINSG7,0.0,0.0,False,0.0
2025-11-05,9,B_DAVIS_B_DAVIG3,189.6,0.0,True,5308.8
2025-11-05,9,B_DAVIS_B_DAVIG4,56.88,132.72,True,1592.64
2025-11-05,9,B_DAVIS_B_DAVIG1,0.0,0.0,False,0.0
2025-11-05,9,B_DAVIS_B_DAVIG2,105.3,245.7,True,2948.4
2025-11-05,9,BASTEN_GTG1100,0.0,0.0,False,0.0
2025-11-05,9,BASTEN_GTG2100,0.0,0.0,False,0.0
2025-11-05,9,BASTEN_ST0100,0.0,0.0,False,0.0
2025-11-05,9,BCH_UNIT1,60.5,0.0,True,2541.0
2025-11-05,9,BCH_UNIT2,60.5,0.0,True,2541.0
2025-11-05,9,BCH_UNIT3,60.5,0.0,True,2541.0
2025-11-05,9,BCH_UNIT4,60.5,0.0,True,2541.0
2025-11-05,9,BCH_UNIT5,60.5,0.0,True,2541.0
2025-11-05,9,BCH_UNIT6,60.5,0.0,True,2541.0
2025-11-05,9,BCH_UNIT7,60.5,0.0,True,2541.0
2025-11-05,9,BCH_UNIT8,60.5,0.0,True,2541.0
2025-11-05,9,BOSQUESW_BSQSU_1,0.0,0.0,False,0.0
2025-11-05,9,BOSQUESW_BSQSU_2,0.0,0.0,False,0.0
2025-11-05,9,BOSQUESW_BSQSU_3,0.0,0.0,False,0.0
2025-11-05,9,BOSQUESW_BSQSU_4,0.0,0.0,False,0.0
2025-11-05,9,BOSQUESW_BSQSU_5,0.0,0.0,False,0.0
2025-11-05,9,BVE_UNIT1,198.90000000000003,-2.842170943040401e-14,True,5569.2
2025-11-05,9,BVE_UNIT2,198.90000000000003,-2.842170943040401e-14,True,5569.2
2025-11-05,9,BVE_UNIT3,275.6,0.0,True,7716.8
2025-11-05,9,BTM_UNIT1,60.5,0.0,True,2541.0
2025-11-05,9,BTM_UNIT2,60.5,0.0,True,2541.0
2025-11-05,9,BTM_UNIT3,60.5,0.0,True,2541.0
2025-11-05,9,BTM_UNIT4,60.5,0.0,True,2541.0
2025-11-05,9,BTM_UNIT5,60.5,0.0,True,2541.0
2025-11-05,9,BTM_UNIT6,60.5,0.0,True,2541.0
2025-11-05,9,BTM_UNIT7,60.5,0.0,True,2541.0
2025-11-05,9,BTM_UNIT8,60.5,0.0,True,2541.0
2025-11-05,9,FLCNS_UNIT1,0.0,0.0,False,0.0
2025-11-05,9,FLCNS_UNIT2,0.0,0.0,False,0.0
2025-11-05,9,CALHOUN_UNIT1,0.0,0.0,False,0.0
2025-11-05,9,CALHOUN_UNIT2,0.0,0.0,False,0.0
2025-11-05,9,CHAMON_CTG_0101,60.5,0.0,True,2541.0
2025-11-05,9,CHAMON_CTG_0301,60.5,0.0,True,2541.0
2025-11-05,9,CBY4_CT41,205.0,0.0,True,5740.0
2025-11-05,9,CBY4_CT42,205.0,0.0,True,5740.0
2025-11-05,9,CBY4_ST04,205.0,0.0,True,5740.0
2025-11-05,9,CBY_CBY_G1,765.0,0.0,True,26775.0
2025-11-05,9,CBY_CBY_G2,765.0,0.0,True,26775.0
2025-11-05,9,CBEC_GT1,86.5,0.0,True,2422.0
2025-11-05,9,CBEC_GT2,86.5,0.0,True,2422.0
2025-11-05,9,CBEC_GT3,86.5,0.0,True,2422.0
2025-11-05,9,CBEC_GT4,86.5,0.0,True,2422.0
2025-11-05,9,CBEC_STG1,105.0,0.0,True,2940.0
2025-11-05,9,CBEC_STG2,108.79999999999997,2.842170943040401e-14,True,3046.4
2025-11-05,9,CBECII_CT7,360.9,0.0,True,10105.2
2025-11-05,9,CBECII_CT8,360.9,0.0,True,10105.2
2025-11-05,9,CBECII_STG9,275.6995731541619,232.8004268458381,True,7719.588
2025-11-05,9,CBEC_GT11,4.17,37.53,True,175.14
2025-11-05,9,CBEC_GT12,15.407637353715627,26.292362646284374,True,647.1208
2025-11-05,9,CVC_CVC_G1,192.1,0.0,True,5378.8
2025-11-05,9,CVC_CVC_G2,192.1,0.0,True,5378.8
2025-11-05,9,CVC_CVC_G3,192.1,0.0,True,5378.8
2025-11-05,9,CVC_CVC_G5,150.0,0.0,True,4200.0
2025-11-05,9,DANSBY_DANSBYG2,0.0,0.0,False,0.0
2025-11-05,9,DANSBY_DANSBYG3,0.0,0.0,False,0.0
2025-11-05,9,DANSBY_DANSBYG1,0.0,0.0,False,0.0
2025-11-05,9,DECKER_DPGT_1,0.0,0.0,False,0.0
2025-11-05,9,DECKER_DPGT_2,0.0,0.0,False,0.0
2025-11-05,9,DECKER_DPGT_3,0.0,0.0,False,0.0
2025-11-05,9,DECKER_DPGT_4,0.0,0.0,False,0.0
2025-11-05,9,DCSES_CT10,0.0,0.0,False,0.0
2025-11-05,9,DCSES_CT20,0.0,0.0,False,0.0
2025-11-05,9,DCSES_CT30,0.0,0.0,False,0.0
2025-11-05,9,DCSES_CT40,0.0,0.0,False,0.0
2025-11-05,9,DDPEC_GT1,60.9,142.1,True,1705.2
2025-11-05,9,DDPEC_GT2,64.5,150.5,True,1806.0
2025-11-05,9,DDPEC_GT3,60.9,142.1,True,1705.2
2025-11-05,9,DDPEC_GT4,0.0,0.0,False,0.0
2025-11-05,9,DDPEC_GT6,103.20338781768011,95.7966121823199,True,2889.6949
2025-11-05,9,DDPEC_ST1,0.0,0.0,False,0.0
2025-11-05,9,DEC_AGR_A,56.5,0.0,True,2542.5
2025-11-05,9,DEC_AGR_B,56.5,0.0,True,2542.5
2025-11-05,9,DEC_AGR_C,56.5,0.0,True,2542.5
2025-11-05,9,DEC_AGR_D,56.5,0.0,True,2542.5
2025-11-05,9,ECEC_G1,0.0,0.0,False,0.0
2025-11-05,9,ECEC_G2,0.0,0.0,False,0.0
2025-11-05,9,ETCCS_CT1,260.0,0.0,True,7280.0
2025-11-05,9,ETCCS_UNIT1,140.0,0.0,True,3920.0
2025-11-05,9,AZ_AZ_G1,0.0,0.0,False,0.0
2025-11-05,9,AZ_AZ_G2,0.0,0.0,False,0.0
2025-11-05,9,AZ_AZ_G3,0.0,0.0,False,0.0
2025-11-05,9,AZ_AZ_G4,0.0,0.0,False,0.0
2025-11-05,9,FERGCC_FERGGT1,0.0,0.0,False,0.0
2025-11-05,9,FERGCC_FERGGT2,0.0,0.0,False,0.0
2025-11-05,9,FERGCC_FERGST1,204.0,0.0,True,5712.0
2025-11-05,9,FRNYPP_GT11,0.0,0.0,False,0.0
2025-11-05,9,FRNYPP_GT12,0.0,0.0,False,0.0
2025-11-05,9,FRNYPP_GT13,0.0,0.0,False,0.0
2025-11-05,9,FRNYPP_GT21,0.0,0.0,False,0.0
2025-11-05,9,FRNYPP_GT22,0.0,0.0,False,0.0
2025-11-05,9,FRNYPP_GT23,0.0,0.0,False,0.0
2025-11-05,9,FRNYPP_ST10,0.0,0.0,False,0.0
2025-11-05,9,FRNYPP_ST20,0.0,0.0,False,0.0
2025-11-05,9,FREC_GT1,130.2530528220857,49.14694717791431,True,3647.0855
2025-11-05,9,FREC_GT2,179.4,0.0,True,5023.2
2025-11-05,9,FREC_GT4,179.4,0.0,True,5023.2
2025-11-05,9,FREC_GT5,179.4,0.0,True,5023.2
2025-11-05,9,FREC_ST3,0.0,0.0,False,0.0
2025-11-05,9,FREC_ST6,0.0,0.0,False,0.0
2025-11-05,9,FEGC_UNIT1,0.0,0.0,False,0.0
2025-11-05,9,FRONT_EC_CT1,177.0,0.0,True,4956.0
2025-11-05,9,FRONT_EC_CT2,163.10602925042397,13.893970749576027,True,4566.9688
2025-11-05,9,FRONT_EC_ST,184.5,0.0,True,5166.0
2025-11-05,9,GRSES_UNIT1,239.0,0.0,True,8365.0
2025-11-05,9,GRSES_UNIT2,390.0,0.0,True,13650.0
2025-11-05,9,GBY_GBYGT73,72.0,0.0,True,3024.0
2025-11-05,9,GBY_GBYGT74,72.0,0.0,True,3024.0
2025-11-05,9,GBY_GBYGT81,72.0,0.0,True,3024.0
2025-11-05,9,GBY_GBYGT82,72.0,0.0,True,3024.0
2025-11-05,9,GBY_GBYGT83,72.0,0.0,True,3024.0
2025-11-05,9,GBY_GBYGT84,72.0,0.0,True,3024.0
2025-11-05,9,STEAM_ENGINE_1,0.0,0.0,False,0.0
2025-11-05,9,STEAM_ENGINE_2,0.0,0.0,False,0.0
2025-11-05,9,STEAM_ENGINE_3,0.0,0.0,False,0.0
2025-11-05,9,LGE_LGE_GT1,119.94923338772153,65.05076661227847,True,3358.5785
2025-11-05,9,LGE_LGE_GT2,55.5,129.5,True,1554.0
2025-11-05,9,LGE_LGE_STG,30.0,70.0,True,840.0
2025-11-05,9,GUADG_GAS1,0.0,0.0,False,0.0
2025-11-05,9,GUADG_GAS2,0.0,0.0,False,0.0
2025-11-05,9,GUADG_GAS3,0.0,0.0,False,0.0
2025-11-05,9,GUADG_GAS4,0.0,0.0,False,0.0
2025-11-05,9,GUADG_STM5,0.0,0.0,False,0.0
2025-11-05,9,GUADG_STM6,0.0,0.0,False,0.0
2025-11-05,9,HLSES_UNIT3,395.0,0.0,True,13825.0
2025-11-05,9,HLSES_UNIT4,435.0,0.0,True,15225.0
2025-11-05,9,HLSES_UNIT5,435.0,0.0,True,15225.0
2025-11-05,9,HAYSEN_HAYSENG1,0.0,0.0,False,0.0
2025-11-05,9,HAYSEN_HAYSENG2,0.0,0.0,False,0.0
2025-11-05,9,HAYSEN_HAYSENG3,0.0,0.0,False,0.0
2025-11-05,9,HAYSEN_HAYSENG4,0.0,0.0,False,0.0
2025-11-05,9,DUKE_DUKE_GT1,176.6,0.0,True,4944.8
2025-11-05,9,DUKE_DUKE_GT2,176.6,0.0,True,4944.8
2025-11-05,9,DUKE_DUKE_ST1,59.43,138.67,True,1664.04
2025-11-05,9,JACKCNTY_CT1,59.67,139.23,True,1670.76
2025-11-05,9,JACKCNTY_CT2,59.67,139.23,True,1670.76
2025-11-05,9,JCKCNTY2_CT3,59.67,139.23,True,1670.76
2025-11-05,9,JCKCNTY2_CT4,59.67,139.23,True,1670.76
2025-11-05,9,JACKCNTY_STG,0.0,0.0,False,0.0
2025-11-05,9,JCKCNTY2_ST2,0.0,0.0,False,0.0
2025-11-05,9,TEN_CT1,0.0,0.0,False,0.0
2025-11-05,9,TEN_STG,0.0,0.0,False,0.0
2025-11-05,9,LHSES_UNIT1,0.0,0.0,False,0.0
2025-11-05,9,LHSES_UNIT2A,0.0,0.0,False,0.0
2025-11-05,9,LPCCS_CT11,0.0,0.0,False,0.0
2025-11-05,9,LPCCS_CT12,80.76677082666323,105.23322917333675,True,2261.4696
2025-11-05,9,LPCCS_CT21,0.0,0.0,False,0.0
2025-11-05,9,LPCCS_CT22,186.0,0.0,True,5208.0
2025-11-05,9,LPCCS_UNIT1,0.0,0.0,False,0.0
2025-11-05,9,LPCCS_UNIT2,0.0,0.0,False,0.0
2025-11-05,9,LARDVFTN_G4,0.0,0.0,False,0.0
2025-11-05,9,LARDVFTN_G5,0.0,0.0,False,0.0
2025-11-05,9,LEON_CRK_LCPCT1,0.0,0.0,False,0.0
2025-11-05,9,LEON_CRK_LCPCT2,0.0,0.0,False,0.0
2025-11-05,9,LEON_CRK_LCPCT3,0.0,0.0,False,0.0
2025-11-05,9,LEON_CRK_LCPCT4,0.0,0.0,False,0.0
2025-11-05,9,LIG_UNIT1,0.0,0.0,False,0.0
2025-11-05,9,LIG_UNIT2,0.0,0.0,False,0.0
2025-11-05,9,LOSTPI_LOSTPGT1,202.5,0.0,True,5670.0
2025-11-05,9,LOSTPI_LOSTPGT2,202.5,0.0,True,5670.0
2025-11-05,9,LOSTPI_LOSTPST1,204.0,0.0,True,5712.0
2025-11-05,9,NEDIN_NEDIN_G1,0.0,0.0,False,0.0
2025-11-05,9,NEDIN_NEDIN_G2,0.0,0.0,False,0.0
2025-11-05,9,NEDIN_NEDIN_G3,0.0,0.0,False,0.0
2025-11-05,9,MDANP_CT1,0.0,0.0,False,0.0
2025-11-05,9,MDANP_CT2,0.0,0.0,False,0.0
2025-11-05,9,MDANP_CT3,0.0,0.0,False,0.0
2025-11-05,9,MDANP_CT4,0.0,0.0,False,0.0
2025-11-05,9,MDANP_CT5,0.0,0.0,False,0.0
2025-11-05,9,MDANP_CT6,0.0,0.0,False,0.0
2025-11-05,9,MGSES_CT1,0.0,0.0,False,0.0
2025-11-05,9,MGSES_CT2,0.0,0.0,False,0.0
2025-11-05,9,MGSES_CT3,0.0,0.0,False,0.0
2025-11-05,9,MGSES_CT4,0.0,0.0,False,0.0
2025-11-05,9,MGSES_CT5,0.0,0.0,False,0.0
2025-11-05,9,MGSES_CT6,0.0,0.0,False,0.0
2025-11-05,9,MCSES_UNIT6,122.0,0.0,True,4270.0
2025-11-05,9,MCSES_UNIT7,118.0,0.0,True,4130.0
2025-11-05,9,MCSES_UNIT8,568.0,0.0,True,19880.0
2025-11-05,9,NUECES_B_NUECESG8,56.88,132.72,True,1592.64
2025-11-05,9,NUECES_B_NUECESG9,56.88,132.72,True,1592.64
2025-11-05,9,NUECES_B_NUECESG7,105.3,245.7,True,2948.4
2025-11-05,9,CALAVERS_OWS1,0.0,0.0,False,0.0
2025-11-05,9,CALAVERS_OWS2,0.0,0.0,False,0.0
2025-11-05,9,OECCS_CT11,58.56,136.64,True,1639.68
2025-11-05,9,OECCS_CT12,0.0,0.0,False,0.0
2025-11-05,9,OECCS_CT21,58.56,136.64,True,1639.68
2025-11-05,9,OECCS_CT22,0.0,0.0,False,0.0
2025-11-05,9,OECCS_UNIT1,67.2,156.8,True,1881.6
2025-11-05,9,OECCS_UNIT2,121.2111860530119,102.78881394698811,True,3393.9132
2025-11-05,9,VICTPRT2_UNIT1,0.0,0.0,False,0.0
2025-11-05,9,VICTPRT2_UNIT2,0.0,0.0,False,0.0
2025-11-05,9,PANDA_S_SHER1CT1,232.0,0.0,True,6496.0
2025-11-05,9,PANDA_S_SHER1CT2,232.0,0.0,True,6496.0
2025-11-05,9,PANDA_S_SHER1ST1,326.70413204862916,26.39586795137089,True,9147.7157
2025-11-05,9,PANDA_T1_TMPL1CT1,0.0,0.0,False,0.0
2025-11-05,9,PANDA_T1_TMPL1CT2,0.0,0.0,False,0.0
2025-11-05,9,PANDA_T1_TMPL1ST1,0.0,0.0,False,0.0
2025-11-05,9,PANDA_T2_TMPL2CT1,0.0,0.0,False,0.0
2025-11-05,9,PANDA_T2_TMPL2CT2,0.0,0.0,False,0.0
2025-11-05,9,PANDA_T2_TMPL2ST1,0.0,0.0,False,0.0
2025-11-05,9,TNSKA_GT1,0.0,0.0,False,0.0
2025-11-05,9,TNSKA_GT2,0.0,0.0,False,0.0
2025-11-05,9,TNSKA_STG,0.0,0.0,False,0.0
2025-11-05,9,PSG_PSG_GT2,64.53,150.57,True,1806.84
2025-11-05,9,PSG_PSG_GT3,64.53,150.57,True,1806.84
2025-11-05,9,PSG_PSG_ST2,58.65,136.85,True,1642.2
2025-11-05,9,PEARSAL2_AGR_A,0.0,0.0,False,0.0
2025-11-05,9,PEARSAL2_AGR_B,0.0,0.0,False,0.0
2025-11-05,9,PEARSAL2_AGR_C,0.0,0.0,False,0.0
2025-11-05,9,PEARSAL2_AGR_D,0.0,0.0,False,0.0
2025-11-05,9,PB2SES_CT1,0.0,0.0,False,0.0
2025-11-05,9,PB2SES_CT2,0.0,0.0,False,0.0
2025-11-05,9,PB2SES_CT3,0.0,0.0,False,0.0
2025-11-05,9,PB2SES_CT4,0.0,0.0,False,0.0
2025-11-05,9,PB2SES_CT5,0.0,0.0,False,0.0
2025-11-05,9,PRO_UNIT1,0.0,0.0,False,0.0
2025-11-05,9,PRO_UNIT2,0.0,0.0,False,0.0
2025-11-05,9,PRO_UNIT3,0.0,0.0,False,0.0
2025-11-05,9,PRO_UNIT4,0.0,0.0,False,0.0
2025-11-05,9,PRO_UNIT5,0.0,0.0,False,0.0
2025-11-05,9,PRO_UNIT6,0.0,0.0,False,0.0
2025-11-05,9,PRO_UNIT7,0.0,0.0,False,0.0
2025-11-05,9,PRO_UNIT8,0.0,0.0,False,0.0
2025-11-05,9,BAC_CTG1,65.0,0.0,True,2730.0
2025-11-05,9,BAC_CTG2,65.0,0.0,True,2730.0
2025-11-05,9,BAC_CTG3,65.0,0.0,True,2730.0
2025-11-05,9,BAC_CTG4,65.0,0.0,True,2730.0
2025-11-05,9,BAC_CTG5,65.0,0.0,True,2730.0
2025-11-05,9,BAC_CTG6,65.0,0.0,True,2730.0
2025-11-05,9,STEAM1A_STEAM_1,0.0,0.0,False,0.0
2025-11-05,9,STEAM_STEAM_2,0.0,0.0,False,0.0
2025-11-05,9,STEAM_STEAM_3,0.0,0.0,False,0.0
2025-11-05,9,QALSW_GT1,90.6,0.0,True,2536.8
2025-11-05,9,QALSW_GT2,90.6,0.0,True,2536.8
2025-11-05,9,QALSW_GT3,90.6,0.0,True,2536.8
2025-11-05,9,QALSW_GT4,90.6,0.0,True,2536.8
2025-11-05,9,QALSW_STG1,98.1,0.0,True,2746.8
2025-11-05,9,QALSW_STG2,98.1,0.0,True,2746.8
2025-11-05,9,MIL_MILLERG4,116.0,0.0,True,4872.0
2025-11-05,9,MIL_MILLERG5,116.0,0.0,True,4872.0
2025-11-05,9,MIL_MILLERG1,75.0,0.0,True,2625.0
2025-11-05,9,MIL_MILLERG2,120.0,0.0,True,4200.0
2025-11-05,9,MIL_MILLERG3,216.0,0.0,True,7560.0
2025-11-05,9,OLINGR_OLING_4,0.0,0.0,False,0.0
2025-11-05,9,OLINGR_OLING_2,0.0,0.0,False,0.0
2025-11-05,9,OLINGR_OLING_3,0.0,0.0,False,0.0
2025-11-05,9,RAB_UNIT1,0.0,0.0,False,0.0
2025-11-05,9,RAB_UNIT2,0.0,0.0,False,0.0
2025-11-05,9,RAB_UNIT3,0.0,0.0,False,0.0
2025-11-05,9,RAB_UNIT4,0.0,0.0,False,0.0
2025-11-05,9,RAB_UNIT5,0.0,0.0,False,0.0
2025-11-05,9,RAB_UNIT6,0.0,0.0,False,0.0
2025-11-05,9,RAB_UNIT7,0.0,0.0,False,0.0
2025-11-05,9,RAB_UNIT8,0.0,0.0,False,0.0
2025-11-05,9,REDGATE_AGR_A,0.0,0.0,False,0.0
2025-11-05,9,REDGATE_AGR_B,0.0,0.0,False,0.0
2025-11-05,9,REDGATE_AGR_C,0.0,0.0,False,0.0
2025-11-05,9,REDGATE_AGR_D,0.0,0.0,False,0.0
2025-11-05,9,JAD_UNIT1,0.0,0.0,False,0.0
2025-11-05,9,JAD_UNIT2,0.0,0.0,False,0.0
2025-11-05,9,JAD_UNIT3,0.0,0.0,False,0.0
2025-11-05,9,JAD_UNIT4,0.0,0.0,False,0.0
2025-11-05,9,JAD_UNIT5,0.0,0.0,False,0.0
2025-11-05,9,JAD_UNIT6,0.0,0.0,False,0.0
2025-11-05,9,JAD_UNIT7,0.0,0.0,False,0.0
2025-11-05,9,JAD_UNIT8,0.0,0.0,False,0.0
2025-11-05,9,RIONOG_CT1,0.0,0.0,False,0.0
2025-11-05,9,RIONOG_CT2,0.0,0.0,False,0.0
2025-11-05,9,RIONOG_CT3,0.0,0.0,False,0.0
2025-11-05,9,RIONOG_ST1,0.0,0.0,False,0.0
2025-11-05,9,RAYBURN_RAYBURG7,18.15,42.35,True,508.2
2025-11-05,9,RAYBURN_RAYBURG8,60.5,0.0,True,1694.0
2025-11-05,9,RAYBURN_RAYBURG9,18.15,42.35,True,508.2
2025-11-05,9,RAYBURN_RAYBURG10,12.6,0.0,True,352.8
2025-11-05,9,SJS_SJS_G1,88.19999999999999,1.4210854715202004e-14,True,3704.4
2025-11-05,9,SJS_SJS_G2,88.19999999999999,1.4210854715202004e-14,True,3704.4
2025-11-05,9,SANDHSYD_SH1,0.0,0.0,False,0.0
2025-11-05,9,SANDHSYD_SH2,0.0,0.0,False,0.0
2025-11-05,9,SANDHSYD_SH3,0.0,0.0,False,0.0
2025-11-05,9,SANDHSYD_SH4,0.0,0.0,False,0.0
2025-11-05,9,SANDHSYD_SH_5A,198.90000000000003,-2.842170943040401e-14,True,5569.2
2025-11-05,9,SANDHSYD_SH6,0.0,0.0,False,0.0
2025-11-05,9,SANDHSYD_SH7,0.0,0.0,False,0.0
2025-11-05,9,SANDHSYD_SH_5C,191.0,0.0,True,5348.0
2025-11-05,9,SILASRAY_SILAS_10,0.0,0.0,False,0.0
2025-11-05,9,SILASRAY_SILAS_9,50.0,0.0,True,1400.0
2025-11-05,9,SILASRAY_SILAS_6,25.0,0.0,True,700.0
2025-11-05,9,GIDEON_GIDEONG1,0.0,0.0,False,0.0
2025-11-05,9,GIDEON_GIDEONG2,0.0,0.0,False,0.0
2025-11-05,9,GIDEON_GIDEONG3,0.0,0.0,False,0.0
2025-11-05,9,SKY1_SKY1A,0.0,0.0,False,0.0
2025-11-05,9,SKY1_SKY1B,0.0,0.0,False,0.0
2025-11-05,9,SPNCER_SPNCE_4,61.0,0.0,True,2135.0
2025-11-05,9,SPNCER_SPNCE_5,65.0,0.0,True,2275.0
2025-11-05,9,SCSES_UNIT1A,177.0,0.0,True,6195.0
2025-11-05,9,SCSES_UNIT2,415.4895401499315,86.51045985006851,True,14542.1339
2025-11-05,9,THW_THWGT_1,16.3,0.0,True,684.6
2025-11-05,9,THW_THWGT31,51.3,0.0,True,1436.4
2025-11-05,9,THW_THWGT32,51.3,0.0,True,1436.4
2025-11-05,9,THW_THWGT33,51.3,0.0,True,1436.4
2025-11-05,9,THW_THWGT34,51.3,0.0,True,1436.4
2025-11-05,9,THW_THWGT41,51.3,0.0,True,1436.4
2025-11-05,9,THW_THWGT42,51.3,0.0,True,1436.4
2025-11-05,9,THW_THWGT43,62.0,0.0,True,1736.0
2025-11-05,9,THW_THWGT44,62.0,0.0,True,1736.0
2025-11-05,9,THW_THWGT51,85.0,0.0,True,3570.0
2025-11-05,9,THW_THWGT52,85.0,0.0,True,3570.0
2025-11-05,9,THW_THWGT53,85.0,0.0,True,3570.0
2025-11-05,9,THW_THWGT54,85.0,0.0,True,3570.0
2025-11-05,9,THW_THWGT55,85.0,0.0,True,3570.0
2025-11-05,9,THW_THWGT56,85.0,0.0,True,3570.0
2025-11-05,9,THW_THWST_3,113.1,0.0,True,3166.8
2025-11-05,9,THW_THWST_4,113.1,0.0,True,3166.8
2025-11-05,9,TXCTY_CTA,129.1,0.0,True,3614.8
2025-11-05,9,TXCTY_CTB,129.1,0.0,True,3614.8
2025-11-05,9,TXCTY_CTC,129.1,0.0,True,3614.8
2025-11-05,9,TXCTY_ST,143.7,0.0,True,4023.6
2025-11-05,9,TGS_GT01,0.0,0.0,False,0.0
2025-11-05,9,TIMPP_AGR1,0.0,0.0,False,0.0
2025-11-05,9,TIMPP_AGR2,0.0,0.0,False,0.0
2025-11-05,9,TIMPP_AGR3,0.0,0.0,False,0.0
2025-11-05,9,TIMPP_AGR4,0.0,0.0,False,0.0
2025-11-05,9,TRSES_UNIT6,239.0,0.0,True,8365.0
2025-11-05,9,TOPAZ_UNIT1,60.5,0.0,True,2541.0
2025-11-05,9,TOPAZ_UNIT2,60.5,0.0,True,2541.0
2025-11-05,9,TOPAZ_UNIT3,60.5,0.0,True,2541.0
2025-11-05,9,TOPAZ_UNIT4,60.5,0.0,True,2541.0
2025-11-05,9,TOPAZ_UNIT5,60.5,0.0,True,2541.0
2025-11-05,9,TOPAZ_UNIT6,60.5,0.0,True,2541.0
2025-11-05,9,TOPAZ_UNIT7,60.5,0.0,True,2541.0
2025-11-05,9,TOPAZ_UNIT8,60.5,0.0,True,2541.0
2025-11-05,9,TOPAZ_UNIT9,60.5,0.0,True,2541.0
2025-11-05,9,TOPAZ_UNIT10,60.5,0.0,True,2541.0
2025-11-05,9,BRAUNIG_VHB6CT5,0.0,0.0,False,0.0
2025-11-05,9,BRAUNIG_VHB6CT6,0.0,0.0,False,0.0
2025-11-05,9,BRAUNIG_VHB6CT7,0.0,0.0,False,0.0
2025-11-05,9,BRAUNIG_VHB6CT8,0.0,0.0,False,0.0
2025-11-05,9,CITYVICT_CTG01,0.0,0.0,False,0.0
2025-11-05,9,CITYVICT_CTG02,0.0,0.0,False,0.0
2025-11-05,9,VICTPORT_CTG01,0.0,0.0,False,0.0
2025-11-05,9,VICTPORT_CTG02,0.0,0.0,False,0.0
2025-11-05,9,VICTORIA_VICTORG6,179.00430184099616,17.895698159003842,True,5012.1205
2025-11-05,9,VICTORIA_VICTORG5,180.2,0.0,True,5045.6
2025-11-05,9,WAP_WAPGT_1,0.0,0.0,False,0.0
2025-11-05,9,WAP_WAP_G1,0.0,0.0,False,0.0
2025-11-05,9,WAP_WAP_G2,0.0,0.0,False,0.0
2025-11-05,9,WAP_WAP_G3,0.0,0.0,False,0.0
2025-11-05,9,WAP_WAP_G4,0.0,0.0,False,0.0
2025-11-05,9,WFCOGEN_UNIT1,20.0,0.0,True,560.0
2025-11-05,9,WFCOGEN_UNIT2,20.0,0.0,True,560.0
2025-11-05,9,WFCOGEN_UNIT3,20.0,0.0,True,560.0
2025-11-05,9,WIPOPA_WPP_G1,6.05,54.45,True,254.1
2025-11-05,9,WIPOPA_WPP_G2,6.568638397252417,53.931361602747586,True,275.8828
2025-11-05,9,WIPOPA_WPP_G3,60.5,0.0,True,2541.0
2025-11-05,9,WIPOPA_WPP_G4,60.5,0.0,True,2541.0
2025-11-05,9,WCPP_CT1,0.0,0.0,False,0.0
2025-11-05,9,WCPP_CT2,0.0,0.0,False,0.0
2025-11-05,9,WCPP_ST1,0.0,0.0,False,0.0
2025-11-05,9,WHCCS_CT1,0.0,0.0,False,0.0
2025-11-05,9,WHCCS_CT2,0.0,0.0,False,0.0
2025-11-05,9,WHCCS_STG,0.0,0.0,False,0.0
2025-11-05,9,WHCCS2_CT4,0.0,0.0,False,0.0
2025-11-05,9,WHCCS2_CT5,0.0,0.0,False,0.0
2025-11-05,9,WHCCS2_STG6,0.0,0.0,False,0.0
2025-11-05,9,NACPW_UNIT1,0.0,0.0,False,0.0
2025-11-05,9,HBR_2UNITS,3.2,0.0,True,128.0
2025-11-05,9,TRIRA_1UNIT,4.0,0.0,True,160.0
2025-11-05,9,78252_4UNITS,0.0,0.0,False,0.0
2025-11-05,9,SPRIN_4UNITS,0.0,0.0,False,0.0
2025-11-05,9,FREIH_2UNITS,0.0,0.0,False,0.0
2025-11-05,9,WSTHL_3UNITS,4.8,0.0,True,192.0
2025-11-05,9,FEGC_CTG2,0.0,0.0,False,0.0
2025-11-05,9,FEGC_CTG3,0.0,0.0,False,0.0
2025-11-05,9,FEGC_CTG4,0.0,0.0,False,0.0
2025-11-05,9,OLNEYTN_AGR1,10.0,0.0,True,600.0
2025-11-05,9,AMISTAD_AMISTAG1,0.0,0.0,False,0.0
2025-11-05,9,AMISTAD_AMISTAG2,0.0,0.0,False,0.0
2025-11-05,9,AUSTPL_AUSTING1,9.0,0.0,True,9.0
2025-11-05,9,AUSTPL_AUSTING2,9.0,0.0,True,9.0
2025-11-05,9,BUCHAN_BUCHANG1,18.299999999999997,3.552713678800501e-15,True,18.3
2025-11-05,9,BUCHAN_BUCHANG2,18.299999999999997,3.552713678800501e-15,True,18.3
2025-11-05,9,BUCHAN_BUCHANG3,18.299999999999997,3.552713678800501e-15,True,18.3
2025-11-05,9,DNDAM_DENISOG1,50.8,0.0,True,50.8
2025-11-05,9,DNDAM_DENISOG2,50.8,0.0,True,50.8
2025-11-05,9,FALCON_FALCONG1,12.0,0.0,True,12.0
2025-11-05,9,FALCON_FALCONG2,12.0,0.0,True,12.0
2025-11-05,9,FALCON_FALCONG3,12.0,0.0,True,12.0
2025-11-05,9,WIRTZ_WIRTZ_G1,29.0,0.0,True,29.0
2025-11-05,9,WIRTZ_WIRTZ_G2,29.0,0.0,True,29.0
2025-11-05,9,CANYHY_CANYHYG1,6.0,0.0,True,6.0
2025-11-05,9,INKSDA_INKS_G1,15.0,0.0,True,15.0
2025-11-05,9,MARBFA_MARBFAG1,21.0,0.0,True,21.0
2025-11-05,9,MARBFA_MARBFAG2,20.0,0.0,True,20.0
2025-11-05,9,MARSFO_MARSFOG1,36.0,0.0,True,36.0
2025-11-05,9,MARSFO_MARSFOG2,36.0,0.0,True,36.0
2025-11-05,9,MARSFO_MARSFOG3,36.0,0.0,True,36.0
2025-11-05,9,WND_WHITNEY1,0.0,0.0,False,0.0
2025-11-05,9,WND_WHITNEY2,0.0,0.0,False,0.0
2025-11-05,9,AEEC_ANTLP_1,0.0,0.0,False,0.0
2025-11-05,9,AEEC_ANTLP_2,0.0,0.0,False,0.0
2025-11-05,9,AEEC_ANTLP_3,0.0,0.0,False,0.0
2025-11-05,9,AEEC_ELK_1,0.0,0.0,False,0.0
2025-11-05,9,AEEC_ELK_2,0.0,0.0,False,0.0
2025-11-05,9,AEEC_ELK_3,0.0,0.0,False,0.0
2025-11-05,9,FTR_FTR_G1,0.0,0.0,False,0.0
2025-11-05,9,FTR_FTR_G2,0.0,0.0,False,0.0
2025-11-05,9,FTR_FTR_G3,0.0,0.0,False,0.0
2025-11-05,9,FTR_FTR_G4,0.0,0.0,False,0.0
2025-11-05,9,TGCCS_CT1,0.0,0.0,False,0.0
2025-11-05,9,TGCCS_CT2,0.0,0.0,False,0.0
2025-11-05,9,TGCCS_CT3,0.0,0.0,False,0.0
2025-11-05,9,TGCCS_UNIT4,120.0,280.0,True,3360.0
2025-11-05,9,KMCHI_1CT101,185.0,0.0,True,5180.0
2025-11-05,9,KMCHI_1CT201,55.5,129.5,True,1554.0
2025-11-05,9,KMCHI_1ST,99.0,231.0,True,2772.0
2025-11-05,9,KMCHI_2CT101,55.5,129.5,True,1554.0
2025-11-05,9,KMCHI_2CT201,55.5,129.5,True,1554.0
2025-11-05,9,KMCHI_2ST,99.0,231.0,True,2772.0
2025-11-05,9,A4_DGR1,0.0,0.0,False,0.0
2025-11-05,9,A4_DGR2,0.0,0.0,False,0.0
2025-11-05,9,K2_DGR1,0.0,0.0,False,0.0
2025-11-05,9,K2_DGR2,0.0,0.0,False,0.0
2025-11-05,9,P2_DGR1,0.0,0.0,False,0.0
2025-11-05,9,P2_DGR2,0.0,0.0,False,0.0
2025-11-05,9,Q1_DGR1,0.0,0.0,False,0.0
2025-11-05,9,BRAUNIG_VHB3,0.0,0.0,False,0.0
2025-11-05,9,V2_DGR1,0.0,0.0,False,0.0
2025-11-05,9,V2_DGR2,0.0,0.0,False,0.0
2025-11-05,9,V2_DGR3,0.0,0.0,False,0.0
2025-11-05,9,V4_DGR1,0.0,0.0,False,0.0
2025-11-05,9,X1_DGR1,0.0,0.0,False,0.0
2025-11-05,9,Z0_DGR1,0.0,0.0,False,0.0
2025-11-05,9,Z0_DGR2,0.0,0.0,False,0.0
2025-11-05,9,Z5_DGR1,0.0,0.0,False,0.0
2025-11-05,9,DC_E,437.7384606746996,162.26153932530042,True,15320.8461
2025-11-05,9,DC_N,184.4234087694071,35.576591230592896,True,6454.8193
2025-11-05,9,DC_L,0.0,0.0,False,0.0
2025-11-05,9,DC_R,0.0,0.0,False,0.0
2025-11-05,9,CEDARVALE_GAS,0.0,0.0,False,0.0
2025-11-05,9,ENCHANTED_ROCK_NEWPP,30.0,0.0,True,1350.0
2025-11-05,10,CPSES_UNIT1,1269.0,0.0,True,10152.0
2025-11-05,10,CPSES_UNIT2,1269.0,0.0,True,10152.0
2025-11-05,10,STP_STP_G1,1365.0,0.0,True,10920.0
2025-11-05,10,STP_STP_G2,1365.0,0.0,True,10920.0
2025-11-05,10,COLETO_COLETOG1,655.0,0.0,True,16375.0
2025-11-05,10,FPPYD1_FPP_G1,615.0,0.0,True,15375.0
2025-11-05,10,FPPYD1_FPP_G2,615.0,0.0,True,15375.0
2025-11-05,10,FPPYD2_FPP_G3,460.0,0.0,True,11500.0
2025-11-05,10,CALAVERS_JKS1,291.90174359816854,268.09825640183146,True,7297.5436
2025-11-05,10,CALAVERS_JKS2,368.8,553.2,True,9220.0
2025-11-05,10,LEG_LEG_G1,0.0,0.0,False,0.0
2025-11-05,10,LEG_LEG_G2,0.0,0.0,False,0.0
2025-11-05,10,MLSES_UNIT1,0.0,0.0,False,0.0
2025-11-05,10,MLSES_UNIT2,0.0,0.0,False,0.0
2025-11-05,10,MLSES_UNIT3,0.0,0.0,False,0.0
2025-11-05,10,OGSES_UNIT1A,0.0,0.0,False,0.0
2025-11-05,10,OGSES_UNIT2,0.0,0.0,False,0.0
2025-11-05,10,SANMIGL_G1,430.0,0.0,True,10750.0
2025-11-05,10,SCES_UNIT1,0.0,0.0,False,0.0
2025-11-05,10,TNP_ONE_TNP_O_1,0.0,0.0,False,0.0
2025-11-05,10,TNP_ONE_TNP_O_2,0.0,0.0,False,0.0
2025-11-05,10,WAP_WAP_G5,0.0,0.0,False,0.0
2025-11-05,10,WAP_WAP_G6,0.0,0.0,False,0.0
2025-11-05,10,WAP_WAP_G7,440.91762009844047,173.6823799015596,True,11022.9405
2025-11-05,10,WAP_WAP_G8,261.6,0.0,True,6540.0
2025-11-05,10,BRAUNIG_AVR1_CT1,0.0,0.0,False,0.0
2025-11-05,10,BRAUNIG_AVR1_CT2,0.0,0.0,False,0.0
2025-11-05,10,BRAUNIG_AVR1_ST,0.0,0.0,False,0.0
2025-11-05,10,ATKINS_ATKINSG7,0.0,0.0,False,0.0
2025-11-05,10,B_DAVIS_B_DAVIG3,56.88,132.72,True,1592.64
2025-11-05,10,B_DAVIS_B_DAVIG4,56.88,132.72,True,1592.64
2025-11-05,10,B_DAVIS_B_DAVIG1,0.0,0.0,False,0.0
2025-11-05,10,B_DAVIS_B_DAVIG2,105.3,245.7,True,2948.4
2025-11-05,10,BASTEN_GTG1100,0.0,0.0,False,0.0
2025-11-05,10,BASTEN_GTG2100,0.0,0.0,False,0.0
2025-11-05,10,BASTEN_ST0100,0.0,0.0,False,0.0
2025-11-05,10,BCH_UNIT1,60.5,0.0,True,2541.0
2025-11-05,10,BCH_UNIT2,60.5,0.0,True,2541.0
2025-11-05,10,BCH_UNIT3,60.5,0.0,True,2541.0
2025-11-05,10,BCH_UNIT4,60.5,0.0,True,2541.0
2025-11-05,10,BCH_UNIT5,60.5,0.0,True,2541.0
2025-11-05,10,BCH_UNIT6,60.5,0.0,True,2541.0
2025-11-05,10,BCH_UNIT7,60.5,0.0,True,2541.0
2025-11-05,10,BCH_UNIT8,60.5,0.0,True,2541.0
2025-11-05,10,BOSQUESW_BSQSU_1,0.0,0.0,False,0.0
2025-11-05,10,BOSQUESW_BSQSU_2,0.0,0.0,False,0.0
2025-11-05,10,BOSQUESW_BSQSU_3,0.0,0.0,False,0.0
2025-11-05,10,BOSQUESW_BSQSU_4,0.0,0.0,False,0.0
2025-11-05,10,BOSQUESW_BSQSU_5,0.0,0.0,False,0.0
2025-11-05,10,BVE_UNIT1,198.90000000000003,-2.842170943040401e-14,True,5569.2
2025-11-05,10,BVE_UNIT2,198.90000000000003,-2.842170943040401e-14,True,5569.2
2025-11-05,10,BVE_UNIT3,275.6,0.0,True,7716.8
2025-11-05,10,BTM_UNIT1,60.5,0.0,True,2541.0
2025-11-05,10,BTM_UNIT2,60.5,0.0,True,2541.0
2025-11-05,10,BTM_UNIT3,60.5,0.0,True,2541.0
2025-11-05,10,BTM_UNIT4,60.5,0.0,True,2541.0
2025-11-05,10,BTM_UNIT5,60.5,0.0,True,2541.0
2025-11-05,10,BTM_UNIT6,60.5,0.0,True,2541.0
2025-11-05,10,BTM_UNIT7,60.5,0.0,True,2541.0
2025-11-05,10,BTM_UNIT8,60.5,0.0,True,2541.0
2025-11-05,10,FLCNS_UNIT1,0.0,0.0,False,0.0
2025-11-05,10,FLCNS_UNIT2,0.0,0.0,False,0.0
2025-11-05,10,CALHOUN_UNIT1,0.0,0.0,False,0.0
2025-11-05,10,CALHOUN_UNIT2,0.0,0.0,False,0.0
2025-11-05,10,CHAMON_CTG_0101,60.5,0.0,True,2541.0
2025-11-05,10,CHAMON_CTG_0301,60.5,0.0,True,2541.0
2025-11-05,10,CBY4_CT41,205.0,0.0,True,5740.0
2025-11-05,10,CBY4_CT42,205.0,0.0,True,5740.0
2025-11-05,10,CBY4_ST04,205.0,0.0,True,5740.0
2025-11-05,10,CBY_CBY_G1,765.0,0.0,True,26775.0
2025-11-05,10,CBY_CBY_G2,765.0,0.0,True,26775.0
2025-11-05,10,CBEC_GT1,86.5,0.0,True,2422.0
2025-11-05,10,CBEC_GT2,86.5,0.0,True,2422.0
2025-11-05,10,CBEC_GT3,86.5,0.0,True,2422.0
2025-11-05,10,CBEC_GT4,86.5,0.0,True,2422.0
2025-11-05,10,CBEC_STG1,105.0,0.0,True,2940.0
2025-11-05,10,CBEC_STG2,108.79999999999997,2.842170943040401e-14,True,3046.4
2025-11-05,10,CBECII_CT7,360.9,0.0,True,10105.2
2025-11-05,10,CBECII_CT8,360.9,0.0,True,10105.2
2025-11-05,10,CBECII_STG9,326.7407772058918,181.7592227941082,True,9148.7418
2025-11-05,10,CBEC_GT11,8.134855534365341,33.56514446563466,True,341.6639
2025-11-05,10,CBEC_GT12,41.7,0.0,True,1751.4
2025-11-05,10,CVC_CVC_G1,192.1,0.0,True,5378.8
2025-11-05,10,CVC_CVC_G2,192.1,0.0,True,5378.8
2025-11-05,10,CVC_CVC_G3,192.1,0.0,True,5378.8
2025-11-05,10,CVC_CVC_G5,150.0,0.0,True,4200.0
2025-11-05,10,DANSBY_DANSBYG2,0.0,0.0,False,0.0
2025-11-05,10,DANSBY_DANSBYG3,0.0,0.0,False,0.0
2025-11-05,10,DANSBY_DANSBYG1,0.0,0.0,False,0.0
2025-11-05,10,DECKER_DPGT_1,0.0,0.0,False,0.0
2025-11-05,10,DECKER_DPGT_2,0.0,0.0,False,0.0
2025-11-05,10,DECKER_DPGT_3,0.0,0.0,False,0.0
2025-11-05,10,DECKER_DPGT_4,0.0,0.0,False,0.0
2025-11-05,10,DCSES_CT10,0.0,0.0,False,0.0
2025-11-05,10,DCSES_CT20,0.0,0.0,False,0.0
2025-11-05,10,DCSES_CT30,0.0,0.0,False,0.0
2025-11-05,10,DCSES_CT40,0.0,0.0,False,0.0
2025-11-05,10,DDPEC_GT1,60.9,142.1,True,1705.2
2025-11-05,10,DDPEC_GT2,107.81169993659722,107.18830006340278,True,3018.7276
2025-11-05,10,DDPEC_GT3,60.9,142.1,True,1705.2
2025-11-05,10,DDPEC_GT4,0.0,0.0,False,0.0
2025-11-05,10,DDPEC_GT6,59.7,139.3,True,1671.6
2025-11-05,10,DDPEC_ST1,0.0,0.0,False,0.0
2025-11-05,10,DEC_AGR_A,56.5,0.0,True,2542.5
2025-11-05,10,DEC_AGR_B,56.5,0.0,True,2542.5
2025-11-05,10,DEC_AGR_C,56.5,0.0,True,2542.5
2025-11-05,10,DEC_AGR_D,56.5,0.0,True,2542.5
2025-11-05,10,ECEC_G1,0.0,0.0,False,0.0
2025-11-05,10,ECEC_G2,0.0,0.0,False,0.0
2025-11-05,10,ETCCS_CT1,260.0,0.0,True,7280.0
2025-11-05,10,ETCCS_UNIT1,140.0,0.0,True,3920.0
2025-11-05,10,AZ_AZ_G1,0.0,0.0,False,0.0
2025-11-05,10,AZ_AZ_G2,0.0,0.0,False,0.0
2025-11-05,10,AZ_AZ_G3,0.0,0.0,False,0.0
2025-11-05,10,AZ_AZ_G4,0.0,0.0,False,0.0
2025-11-05,10,FERGCC_FERGGT1,0.0,0.0,False,0.0
2025-11-05,10,FERGCC_FERGGT2,0.0,0.0,False,0.0
2025-11-05,10,FERGCC_FERGST1,83.43444619347062,120.56555380652938,True,2336.1645
2025-11-05,10,FRNYPP_GT11,0.0,0.0,False,0.0
2025-11-05,10,FRNYPP_GT12,0.0,0.0,False,0.0
2025-11-05,10,FRNYPP_GT13,0.0,0.0,False,0.0
2025-11-05,10,FRNYPP_GT21,0.0,0.0,False,0.0
2025-11-05,10,FRNYPP_GT22,0.0,0.0,False,0.0
2025-11-05,10,FRNYPP_GT23,0.0,0.0,False,0.0
2025-11-05,10,FRNYPP_ST10,0.0,0.0,False,0.0
2025-11-05,10,FRNYPP_ST20,0.0,0.0,False,0.0
2025-11-05,10,FREC_GT1,179.4,0.0,True,5023.2
2025-11-05,10,FREC_GT2,179.4,0.0,True,5023.2
2025-11-05,10,FREC_GT4,121.9069993808306,57.49300061916941,True,3413.396
2025-11-05,10,FREC_GT5,179.4,0.0,True,5023.2
2025-11-05,10,FREC_ST3,0.0,0.0,False,0.0
2025-11-05,10,FREC_ST6,0.0,0.0,False,0.0
2025-11-05,10,FEGC_UNIT1,0.0,0.0,False,0.0
2025-11-05,10,FRONT_EC_CT1,177.0,0.0,True,4956.0
2025-11-05,10,FRONT_EC_CT2,177.0,0.0,True,4956.0
2025-11-05,10,FRONT_EC_ST,167.80561036149268,16.694389638507317,True,4698.5571
2025-11-05,10,GRSES_UNIT1,239.0,0.0,True,8365.0
2025-11-05,10,GRSES_UNIT2,390.0,0.0,True,13650.0
2025-11-05,10,GBY_GBYGT73,72.0,0.0,True,3024.0
2025-11-05,10,GBY_GBYGT74,72.0,0.0,True,3024.0
2025-11-05,10,GBY_GBYGT81,72.0,0.0,True,3024.0
2025-11-05,10,GBY_GBYGT82,72.0,0.0,True,3024.0
2025-11-05,10,GBY_GBYGT83,72.0,0.0,True,3024.0
2025-11-05,10,GBY_GBYGT84,72.0,0.0,True,3024.0
2025-11-05,10,STEAM_ENGINE_1,0.0,0.0,False,0.0
2025-11-05,10,STEAM_ENGINE_2,0.0,0.0,False,0.0
2025-11-05,10,STEAM_ENGINE_3,0.0,0.0,False,0.0
2025-11-05,10,LGE_LGE_GT1,185.0,0.0,True,5180.0
2025-11-05,10,LGE_LGE_GT2,123.17850214956525,61.82149785043475,True,3448.9981
2025-11-05,10,LGE_LGE_STG,30.0,70.0,True,840.0
2025-11-05,10,GUADG_GAS1,0.0,0.0,False,0.0
2025-11-05,10,GUADG_GAS2,0.0,0.0,False,0.0
2025-11-05,10,GUADG_GAS3,0.0,0.0,False,0.0
2025-11-05,10,GUADG_GAS4,0.0,0.0,False,0.0
2025-11-05,10,GUADG_STM5,0.0,0.0,False,0.0
2025-11-05,10,GUADG_STM6,0.0,0.0,False,0.0
2025-11-05,10,HLSES_UNIT3,395.0,0.0,True,13825.0
2025-11-05,10,HLSES_UNIT4,435.0,0.0,True,15225.0
2025-11-05,10,HLSES_UNIT5,435.0,0.0,True,15225.0
2025-11-05,10,HAYSEN_HAYSENG1,0.0,0.0,False,0.0
2025-11-05,10,HAYSEN_HAYSENG2,0.0,0.0,False,0.0
2025-11-05,10,HAYSEN_HAYSENG3,0.0,0.0,False,0.0
2025-11-05,10,HAYSEN_HAYSENG4,0.0,0.0,False,0.0
2025-11-05,10,DUKE_DUKE_GT1,176.6,0.0,True,4944.8
2025-11-05,10,DUKE_DUKE_GT2,176.6,0.0,True,4944.8
2025-11-05,10,DUKE_DUKE_ST1,59.43,138.67,True,1664.04
2025-11-05,10,JACKCNTY_CT1,59.67,139.23,True,1670.76
2025-11-05,10,JACKCNTY_CT2,59.67,139.23,True,1670.76
2025-11-05,10,JCKCNTY2_CT3,59.67,139.23,True,1670.76
2025-11-05,10,JCKCNTY2_CT4,59.67,139.23,True,1670.76
2025-11-05,10,JACKCNTY_STG,0.0,0.0,False,0.0
2025-11-05,10,JCKCNTY2_ST2,0.0,0.0,False,0.0
2025-11-05,10,TEN_CT1,0.0,0.0,False,0.0
2025-11-05,10,TEN_STG,0.0,0.0,False,0.0
2025-11-05,10,LHSES_UNIT1,0.0,0.0,False,0.0
2025-11-05,10,LHSES_UNIT2A,0.0,0.0,False,0.0
2025-11-05,10,LPCCS_CT11,0.0,0.0,False,0.0
2025-11-05,10,LPCCS_CT12,76.58952289848368,109.4104771015163,True,2144.5066
2025-11-05,10,LPCCS_CT21,0.0,0.0,False,0.0
2025-11-05,10,LPCCS_CT22,186.0,0.0,True,5208.0
2025-11-05,10,LPCCS_UNIT1,0.0,0.0,False,0.0
2025-11-05,10,LPCCS_UNIT2,0.0,0.0,False,0.0
2025-11-05,10,LARDVFTN_G4,0.0,0.0,False,0.0
2025-11-05,10,LARDVFTN_G5,0.0,0.0,False,0.0
2025-11-05,10,LEON_CRK_LCPCT1,0.0,0.0,False,0.0
2025-11-05,10,LEON_CRK_LCPCT2,0.0,0.0,False,0.0
2025-11-05,10,LEON_CRK_LCPCT3,0.0,0.0,False,0.0
2025-11-05,10,LEON_CRK_LCPCT4,0.0,0.0,False,0.0
2025-11-05,10,LIG_UNIT1,0.0,0.0,False,0.0
2025-11-05,10,LIG_UNIT2,0.0,0.0,False,0.0
2025-11-05,10,LOSTPI_LOSTPGT1,202.5,0.0,True,5670.0
2025-11-05,10,LOSTPI_LOSTPGT2,202.5,0.0,True,5670.0
2025-11-05,10,LOSTPI_LOSTPST1,204.0,0.0,True,5712.0
2025-11-05,10,NEDIN_NEDIN_G1,0.0,0.0,False,0.0
2025-11-05,10,NEDIN_NEDIN_G2,0.0,0.0,False,0.0
2025-11-05,10,NEDIN_NEDIN_G3,0.0,0.0,False,0.0
2025-11-05,10,MDANP_CT1,0.0,0.0,False,0.0
2025-11-05,10,MDANP_CT2,0.0,0.0,False,0.0
2025-11-05,10,MDANP_CT3,0.0,0.0,False,0.0
2025-11-05,10,MDANP_CT4,0.0,0.0,False,0.0
2025-11-05,10,MDANP_CT5,0.0,0.0,False,0.0
2025-11-05,10,MDANP_CT6,0.0,0.0,False,0.0
2025-11-05,10,MGSES_CT1,0.0,0.0,False,0.0
2025-11-05,10,MGSES_CT2,0.0,0.0,False,0.0
2025-11-05,10,MGSES_CT3,0.0,0.0,False,0.0
2025-11-05,10,MGSES_CT4,0.0,0.0,False,0.0
2025-11-05,10,MGSES_CT5,0.0,0.0,False,0.0
2025-11-05,10,MGSES_CT6,0.0,0.0,False,0.0
2025-11-05,10,MCSES_UNIT6,122.0,0.0,True,4270.0
2025-11-05,10,MCSES_UNIT7,118.0,0.0,True,4130.0
2025-11-05,10,MCSES_UNIT8,568.0,0.0,True,19880.0
2025-11-05,10,NUECES_B_NUECESG8,56.88,132.72,True,1592.64
2025-11-05,10,NUECES_B_NUECESG9,56.88,132.72,True,1592.64
2025-11-05,10,NUECES_B_NUECESG7,105.3,245.7,True,2948.4
2025-11-05,10,CALAVERS_OWS1,0.0,0.0,False,0.0
2025-11-05,10,CALAVERS_OWS2,0.0,0.0,False,0.0
2025-11-05,10,OECCS_CT11,58.56,136.64,True,1639.68
2025-11-05,10,OECCS_CT12,0.0,0.0,False,0.0
2025-11-05,10,OECCS_CT21,58.56,136.64,True,1639.68
2025-11-05,10,OECCS_CT22,0.0,0.0,False,0.0
2025-11-05,10,OECCS_UNIT1,131.30894433575924,92.69105566424076,True,3676.6504
2025-11-05,10,OECCS_UNIT2,67.2,156.8,True,1881.6
2025-11-05,10,VICTPRT2_UNIT1,0.0,0.0,False,0.0
2025-11-05,10,VICTPRT2_UNIT2,0.0,0.0,False,0.0
2025-11-05,10,PANDA_S_SHER1CT1,232.0,0.0,True,6496.0
2025-11-05,10,PANDA_S_SHER1CT2,219.44560605466984,12.554393945330162,True,6144.477
2025-11-05,10,PANDA_S_SHER1ST1,353.1,0.0,True,9886.8
2025-11-05,10,PANDA_T1_TMPL1CT1,0.0,0.0,False,0.0
2025-11-05,10,PANDA_T1_TMPL1CT2,0.0,0.0,False,0.0
2025-11-05,10,PANDA_T1_TMPL1ST1,0.0,0.0,False,0.0
2025-11-05,10,PANDA_T2_TMPL2CT1,0.0,0.0,False,0.0
2025-11-05,10,PANDA_T2_TMPL2CT2,0.0,0.0,False,0.0
2025-11-05,10,PANDA_T2_TMPL2ST1,0.0,0.0,False,0.0
2025-11-05,10,TNSKA_GT1,0.0,0.0,False,0.0
2025-11-05,10,TNSKA_GT2,0.0,0.0,False,0.0
2025-11-05,10,TNSKA_STG,0.0,0.0,False,0.0
2025-11-05,10,PSG_PSG_GT2,64.53,150.57,True,1806.84
2025-11-05,10,PSG_PSG_GT3,64.53,150.57,True,1806.84
2025-11-05,10,PSG_PSG_ST2,58.65,136.85,True,1642.2
2025-11-05,10,PEARSAL2_AGR_A,0.0,0.0,False,0.0
2025-11-05,10,PEARSAL2_AGR_B,0.0,0.0,False,0.0
2025-11-05,10,PEARSAL2_AGR_C,0.0,0.0,False,0.0
2025-11-05,10,PEARSAL2_AGR_D,0.0,0.0,False,0.0
2025-11-05,10,PB2SES_CT1,0.0,0.0,False,0.0
2025-11-05,10,PB2SES_CT2,0.0,0.0,False,0.0
2025-11-05,10,PB2SES_CT3,0.0,0.0,False,0.0
2025-11-05,10,PB2SES_CT4,0.0,0.0,False,0.0
2025-11-05,10,PB2SES_CT5,0.0,0.0,False,0.0
2025-11-05,10,PRO_UNIT1,0.0,0.0,False,0.0
2025-11-05,10,PRO_UNIT2,0.0,0.0,False,0.0
2025-11-05,10,PRO_UNIT3,0.0,0.0,False,0.0
2025-11-05,10,PRO_UNIT4,0.0,0.0,False,0.0
2025-11-05,10,PRO_UNIT5,0.0,0.0,False,0.0
2025-11-05,10,PRO_UNIT6,0.0,0.0,False,0.0
2025-11-05,10,PRO_UNIT7,0.0,0.0,False,0.0
2025-11-05,10,PRO_UNIT8,0.0,0.0,False,0.0
2025-11-05,10,BAC_CTG1,65.0,0.0,True,2730.0
2025-11-05,10,BAC_CTG2,65.0,0.0,True,2730.0
2025-11-05,10,BAC_CTG3,65.0,0.0,True,2730.0
2025-11-05,10,BAC_CTG4,65.0,0.0,True,2730.0
2025-11-05,10,BAC_CTG5,65.0,0.0,True,2730.0
2025-11-05,10,BAC_CTG6,65.0,0.0,True,2730.0
2025-11-05,10,STEAM1A_STEAM_1,0.0,0.0,False,0.0
2025-11-05,10,STEAM_STEAM_2,0.0,0.0,False,0.0
2025-11-05,10,STEAM_STEAM_3,0.0,0.0,False,0.0
2025-11-05,10,QALSW_GT1,90.6,0.0,True,2536.8
2025-11-05,10,QALSW_GT2,90.6,0.0,True,2536.8
2025-11-05,10,QALSW_GT3,90.6,0.0,True,2536.8
2025-11-05,10,QALSW_GT4,90.6,0.0,True,2536.8
2025-11-05,10,QALSW_STG1,98.1,0.0,True,2746.8
2025-11-05,10,QALSW_STG2,98.1,0.0,True,2746.8
2025-11-05,10,MIL_MILLERG4,116.0,0.0,True,4872.0
2025-11-05,10,MIL_MILLERG5,116.0,0.0,True,4872.0
2025-11-05,10,MIL_MILLERG1,75.0,0.0,True,2625.0
2025-11-05,10,MIL_MILLERG2,120.0,0.0,True,4200.0
2025-11-05,10,MIL_MILLERG3,216.0,0.0,True,7560.0
2025-11-05,10,OLINGR_OLING_4,0.0,0.0,False,0.0
2025-11-05,10,OLINGR_OLING_2,0.0,0.0,False,0.0
2025-11-05,10,OLINGR_OLING_3,0.0,0.0,False,0.0
2025-11-05,10,RAB_UNIT1,0.0,0.0,False,0.0
2025-11-05,10,RAB_UNIT2,0.0,0.0,False,0.0
2025-11-05,10,RAB_UNIT3,0.0,0.0,False,0.0
2025-11-05,10,RAB_UNIT4,0.0,0.0,False,0.0
2025-11-05,10,RAB_UNIT5,0.0,0.0,False,0.0
2025-11-05,10,RAB_UNIT6,0.0,0.0,False,0.0
2025-11-05,10,RAB_UNIT7,0.0,0.0,False,0.0
2025-11-05,10,RAB_UNIT8,0.0,0.0,False,0.0
2025-11-05,10,REDGATE_AGR_A,0.0,0.0,False,0.0
2025-11-05,10,REDGATE_AGR_B,0.0,0.0,False,0.0
2025-11-05,10,REDGATE_AGR_C,0.0,0.0,False,0.0
2025-11-05,10,REDGATE_AGR_D,0.0,0.0,False,0.0
2025-11-05,10,JAD_UNIT1,0.0,0.0,False,0.0
2025-11-05,10,JAD_UNIT2,0.0,0.0,False,0.0
2025-11-05,10,JAD_UNIT3,0.0,0.0,False,0.0
2025-11-05,10,JAD_UNIT4,0.0,0.0,False,0.0
2025-11-05,10,JAD_UNIT5,0.0,0.0,False,0.0
2025-11-05,10,JAD_UNIT6,0.0,0.0,False,0.0
2025-11-05,10,JAD_UNIT7,0.0,0.0,False,0.0
2025-11-05,10,JAD_UNIT8,0.0,0.0,False,0.0
2025-11-05,10,RIONOG_CT1,0.0,0.0,False,0.0
2025-11-05,10,RIONOG_CT2,0.0,0.0,False,0.0
2025-11-05,10,RIONOG_CT3,0.0,0.0,False,0.0
2025-11-05,10,RIONOG_ST1,0.0,0.0,False,0.0
2025-11-05,10,RAYBURN_RAYBURG7,60.5,0.0,True,1694.0
2025-11-05,10,RAYBURN_RAYBURG8,60.5,0.0,True,1694.0
2025-11-05,10,RAYBURN_RAYBURG9,18.15,42.35,True,508.2
2025-11-05,10,RAYBURN_RAYBURG10,12.6,29.4,True,352.8
2025-11-05,10,SJS_SJS_G1,88.19999999999999,1.4210854715202004e-14,True,3704.4
2025-11-05,10,SJS_SJS_G2,88.19999999999999,1.4210854715202004e-14,True,3704.4
2025-11-05,10,SANDHSYD_SH1,0.0,0.0,False,0.0
2025-11-05,10,SANDHSYD_SH2,0.0,0.0,False,0.0
2025-11-05,10,SANDHSYD_SH3,0.0,0.0,False,0.0
2025-11-05,10,SANDHSYD_SH4,0.0,0.0,False,0.0
2025-11-05,10,SANDHSYD_SH_5A,198.90000000000003,-2.842170943040401e-14,True,5569.2
2025-11-05,10,SANDHSYD_SH6,0.0,0.0,False,0.0
2025-11-05,10,SANDHSYD_SH7,0.0,0.0,False,0.0
2025-11-05,10,SANDHSYD_SH_5C,188.2625468711958,2.737453128804191,True,5271.3513
2025-11-05,10,SILASRAY_SILAS_10,0.0,0.0,False,0.0
2025-11-05,10,SILASRAY_SILAS_9,50.0,0.0,True,1400.0
2025-11-05,10,SILASRAY_SILAS_6,25.0,0.0,True,700.0
2025-11-05,10,GIDEON_GIDEONG1,0.0,0.0,False,0.0
2025-11-05,10,GIDEON_GIDEONG2,0.0,0.0,False,0.0
2025-11-05,10,GIDEON_GIDEONG3,0.0,0.0,False,0.0
2025-11-05,10,SKY1_SKY1A,0.0,0.0,False,0.0
2025-11-05,10,SKY1_SKY1B,0.0,0.0,False,0.0
2025-11-05,10,SPNCER_SPNCE_4,61.0,0.0,True,2135.0
2025-11-05,10,SPNCER_SPNCE_5,65.0,0.0,True,2275.0
2025-11-05,10,SCSES_UNIT1A,94.74428431703106,82.25571568296894,True,3316.05
2025-11-05,10,SCSES_UNIT2,502.0,0.0,True,17570.0
2025-11-05,10,THW_THWGT_1,16.3,0.0,True,684.6
2025-11-05,10,THW_THWGT31,51.3,0.0,True,1436.4
2025-11-05,10,THW_THWGT32,51.3,0.0,True,1436.4
2025-11-05,10,THW_THWGT33,51.3,0.0,True,1436.4
2025-11-05,10,THW_THWGT34,51.3,0.0,True,1436.4
2025-11-05,10,THW_THWGT41,51.3,0.0,True,1436.4
2025-11-05,10,THW_THWGT42,51.3,0.0,True,1436.4
2025-11-05,10,THW_THWGT43,62.0,0.0,True,1736.0
2025-11-05,10,THW_THWGT44,62.0,0.0,True,1736.0
2025-11-05,10,THW_THWGT51,85.0,0.0,True,3570.0
2025-11-05,10,THW_THWGT52,85.0,0.0,True,3570.0
2025-11-05,10,THW_THWGT53,85.0,0.0,True,3570.0
2025-11-05,10,THW_THWGT54,85.0,0.0,True,3570.0
2025-11-05,10,THW_THWGT55,85.0,0.0,True,3570.0
2025-11-05,10,THW_THWGT56,85.0,0.0,True,3570.0
2025-11-05,10,THW_THWST_3,113.1,0.0,True,3166.8
2025-11-05,10,THW_THWST_4,113.1,0.0,True,3166.8
2025-11-05,10,TXCTY_CTA,129.1,0.0,True,3614.8
2025-11-05,10,TXCTY_CTB,129.1,0.0,True,3614.8
2025-11-05,10,TXCTY_CTC,129.1,0.0,True,3614.8
2025-11-05,10,TXCTY_ST,143.7,0.0,True,4023.6
2025-11-05,10,TGS_GT01,0.0,0.0,False,0.0
2025-11-05,10,TIMPP_AGR1,0.0,0.0,False,0.0
2025-11-05,10,TIMPP_AGR2,0.0,0.0,False,0.0
2025-11-05,10,TIMPP_AGR3,0.0,0.0,False,0.0
2025-11-05,10,TIMPP_AGR4,0.0,0.0,False,0.0
2025-11-05,10,TRSES_UNIT6,239.0,0.0,True,8365.0
2025-11-05,10,TOPAZ_UNIT1,60.5,0.0,True,2541.0
2025-11-05,10,TOPAZ_UNIT2,60.5,0.0,True,2541.0
2025-11-05,10,TOPAZ_UNIT3,60.5,0.0,True,2541.0
2025-11-05,10,TOPAZ_UNIT4,60.5,0.0,True,2541.0
2025-11-05,10,TOPAZ_UNIT5,60.5,0.0,True,2541.0
2025-11-05,10,TOPAZ_UNIT6,60.5,0.0,True,2541.0
2025-11-05,10,TOPAZ_UNIT7,60.5,0.0,True,2541.0
2025-11-05,10,TOPAZ_UNIT8,60.5,0.0,True,2541.0
2025-11-05,10,TOPAZ_UNIT9,60.5,0.0,True,2541.0
2025-11-05,10,TOPAZ_UNIT10,60.5,0.0,True,2541.0
2025-11-05,10,BRAUNIG_VHB6CT5,0.0,0.0,False,0.0
2025-11-05,10,BRAUNIG_VHB6CT6,0.0,0.0,False,0.0
2025-11-05,10,BRAUNIG_VHB6CT7,0.0,0.0,False,0.0
2025-11-05,10,BRAUNIG_VHB6CT8,0.0,0.0,False,0.0
2025-11-05,10,CITYVICT_CTG01,0.0,0.0,False,0.0
2025-11-05,10,CITYVICT_CTG02,0.0,0.0,False,0.0
2025-11-05,10,VICTPORT_CTG01,0.0,0.0,False,0.0
2025-11-05,10,VICTPORT_CTG02,0.0,0.0,False,0.0
2025-11-05,10,VICTORIA_VICTORG6,196.9,0.0,True,5513.2
2025-11-05,10,VICTORIA_VICTORG5,139.21938272907752,40.980617270922465,True,3898.1427
2025-11-05,10,WAP_WAPGT_1,0.0,0.0,False,0.0
2025-11-05,10,WAP_WAP_G1,0.0,0.0,False,0.0
2025-11-05,10,WAP_WAP_G2,0.0,0.0,False,0.0
2025-11-05,10,WAP_WAP_G3,0.0,0.0,False,0.0
2025-11-05,10,WAP_WAP_G4,0.0,0.0,False,0.0
2025-11-05,10,WFCOGEN_UNIT1,20.0,0.0,True,560.0
2025-11-05,10,WFCOGEN_UNIT2,20.0,0.0,True,560.0
2025-11-05,10,WFCOGEN_UNIT3,20.0,0.0,True,560.0
2025-11-05,10,WIPOPA_WPP_G1,6.05,54.45,True,254.1
2025-11-05,10,WIPOPA_WPP_G2,33.19542729029679,27.30457270970321,True,1394.2079
2025-11-05,10,WIPOPA_WPP_G3,6.05,54.45,True,254.1
2025-11-05,10,WIPOPA_WPP_G4,60.5,0.0,True,2541.0
2025-11-05,10,WCPP_CT1,0.0,0.0,False,0.0
2025-11-05,10,WCPP_CT2,0.0,0.0,False,0.0
2025-11-05,10,WCPP_ST1,0.0,0.0,False,0.0
2025-11-05,10,WHCCS_CT1,0.0,0.0,False,0.0
2025-11-05,10,WHCCS_CT2,0.0,0.0,False,0.0
2025-11-05,10,WHCCS_STG,0.0,0.0,False,0.0
2025-11-05,10,WHCCS2_CT4,0.0,0.0,False,0.0
2025-11-05,10,WHCCS2_CT5,0.0,0.0,False,0.0
2025-11-05,10,WHCCS2_STG6,0.0,0.0,False,0.0
2025-11-05,10,NACPW_UNIT1,0.0,0.0,False,0.0
2025-11-05,10,HBR_2UNITS,3.2,0.0,True,128.0
2025-11-05,10,TRIRA_1UNIT,4.0,0.0,True,160.0
2025-11-05,10,78252_4UNITS,0.0,0.0,False,0.0
2025-11-05,10,SPRIN_4UNITS,0.0,0.0,False,0.0
2025-11-05,10,FREIH_2UNITS,0.0,0.0,False,0.0
2025-11-05,10,WSTHL_3UNITS,4.8,0.0,True,192.0
2025-11-05,10,FEGC_CTG2,0.0,0.0,False,0.0
2025-11-05,10,FEGC_CTG3,0.0,0.0,False,0.0
2025-11-05,10,FEGC_CTG4,0.0,0.0,False,0.0
2025-11-05,10,OLNEYTN_AGR1,10.0,0.0,True,600.0
2025-11-05,10,AMISTAD_AMISTAG1,0.0,0.0,False,0.0
2025-11-05,10,AMISTAD_AMISTAG2,0.0,0.0,False,0.0
2025-11-05,10,AUSTPL_AUSTING1,9.0,0.0,True,9.0
2025-11-05,10,AUSTPL_AUSTING2,9.0,0.0,True,9.0
2025-11-05,10,BUCHAN_BUCHANG1,18.299999999999997,3.552713678800501e-15,True,18.3
2025-11-05,10,BUCHAN_BUCHANG2,18.299999999999997,3.552713678800501e-15,True,18.3
2025-11-05,10,BUCHAN_BUCHANG3,18.299999999999997,3.552713678800501e-15,True,18.3
2025-11-05,10,DNDAM_DENISOG1,50.8,0.0,True,50.8
2025-11-05,10,DNDAM_DENISOG2,50.8,0.0,True,50.8
2025-11-05,10,FALCON_FALCONG1,12.0,0.0,True,12.0
2025-11-05,10,FALCON_FALCONG2,12.0,0.0,True,12.0
2025-11-05,10,FALCON_FALCONG3,12.0,0.0,True,12.0
2025-11-05,10,WIRTZ_WIRTZ_G1,29.0,0.0,True,29.0
2025-11-05,10,WIRTZ_WIRTZ_G2,29.0,0.0,True,29.0
2025-11-05,10,CANYHY_CANYHYG1,6.0,0.0,True,6.0
2025-11-05,10,INKSDA_INKS_G1,15.0,0.0,True,15.0
2025-11-05,10,MARBFA_MARBFAG1,21.0,0.0,True,21.0
2025-11-05,10,MARBFA_MARBFAG2,20.0,0.0,True,20.0
2025-11-05,10,MARSFO_MARSFOG1,36.0,0.0,True,36.0
2025-11-05,10,MARSFO_MARSFOG2,36.0,0.0,True,36.0
2025-11-05,10,MARSFO_MARSFOG3,36.0,0.0,True,36.0
2025-11-05,10,WND_WHITNEY1,0.0,0.0,False,0.0
2025-11-05,10,WND_WHITNEY2,0.0,0.0,False,0.0
2025-11-05,10,AEEC_ANTLP_1,0.0,0.0,False,0.0
2025-11-05,10,AEEC_ANTLP_2,0.0,0.0,False,0.0
2025-11-05,10,AEEC_ANTLP_3,0.0,0.0,False,0.0
2025-11-05,10,AEEC_ELK_1,0.0,0.0,False,0.0
2025-11-05,10,AEEC_ELK_2,0.0,0.0,False,0.0
2025-11-05,10,AEEC_ELK_3,0.0,0.0,False,0.0
2025-11-05,10,FTR_FTR_G1,0.0,0.0,False,0.0
2025-11-05,10,FTR_FTR_G2,0.0,0.0,False,0.0
2025-11-05,10,FTR_FTR_G3,0.0,0.0,False,0.0
2025-11-05,10,FTR_FTR_G4,0.0,0.0,False,0.0
2025-11-05,10,TGCCS_CT1,0.0,0.0,False,0.0
2025-11-05,10,TGCCS_CT2,0.0,0.0,False,0.0
2025-11-05,10,TGCCS_CT3,0.0,0.0,False,0.0
2025-11-05,10,TGCCS_UNIT4,120.0,280.0,True,3360.0
2025-11-05,10,KMCHI_1CT101,55.5,129.5,True,1554.0
2025-11-05,10,KMCHI_1CT201,55.5,129.5,True,1554.0
2025-11-05,10,KMCHI_1ST,99.0,231.0,True,2772.0
2025-11-05,10,KMCHI_2CT101,0.0,0.0,False,0.0
2025-11-05,10,KMCHI_2CT201,185.0,0.0,True,5180.0
2025-11-05,10,KMCHI_2ST,99.0,231.0,True,2772.0
2025-11-05,10,A4_DGR1,0.0,0.0,False,0.0
2025-11-05,10,A4_DGR2,0.0,0.0,False,0.0
2025-11-05,10,K2_DGR1,0.0,0.0,False,0.0
2025-11-05,10,K2_DGR2,0.0,0.0,False,0.0
2025-11-05,10,P2_DGR1,0.0,0.0,False,0.0
2025-11-05,10,P2_DGR2,0.0,0.0,False,0.0
2025-11-05,10,Q1_DGR1,0.0,0.0,False,0.0
2025-11-05,10,BRAUNIG_VHB3,0.0,0.0,False,0.0
2025-11-05,10,V2_DGR1,0.0,0.0,False,0.0
2025-11-05,10,V2_DGR2,0.0,0.0,False,0.0
2025-11-05,10,V2_DGR3,0.0,0.0,False,0.0
2025-11-05,10,V4_DGR1,0.0,0.0,False,0.0
2025-11-05,10,X1_DGR1,0.0,0.0,False,0.0
2025-11-05,10,Z0_DGR1,0.0,0.0,False,0.0
2025-11-05,10,Z0_DGR2,0.0,0.0,False,0.0
2025-11-05,10,Z5_DGR1,0.0,0.0,False,0.0
2025-11-05,10,DC_E,437.90580396835486,162.09419603164514,True,15326.7031
2025-11-05,10,DC_N,204.77519177985948,15.224808220140517,True,7167.1317
2025-11-05,10,DC_L,0.0,0.0,False,0.0
2025-11-05,10,DC_R,0.0,0.0,False,0.0
2025-11-05,10,CEDARVALE_GAS,0.0,0.0,False,0.0
2025-11-05,10,ENCHANTED_ROCK_NEWPP,30.0,0.0,True,1350.0
2025-11-05,11,CPSES_UNIT1,1269.0,0.0,True,10152.0
2025-11-05,11,CPSES_UNIT2,1269.0,0.0,True,10152.0
2025-11-05,11,STP_STP_G1,1365.0,0.0,True,10920.0
2025-11-05,11,STP_STP_G2,1365.0,0.0,True,10920.0
2025-11-05,11,COLETO_COLETOG1,655.0,0.0,True,16375.0
2025-11-05,11,FPPYD1_FPP_G1,615.0,0.0,True,15375.0
2025-11-05,11,FPPYD1_FPP_G2,615.0,0.0,True,15375.0
2025-11-05,11,FPPYD2_FPP_G3,460.0,0.0,True,11500.0
2025-11-05,11,CALAVERS_JKS1,291.90174359815717,268.09825640184283,True,7297.5436
2025-11-05,11,CALAVERS_JKS2,368.8,553.2,True,9220.0
2025-11-05,11,LEG_LEG_G1,0.0,0.0,False,0.0
2025-11-05,11,LEG_LEG_G2,0.0,0.0,False,0.0
2025-11-05,11,MLSES_UNIT1,0.0,0.0,False,0.0
2025-11-05,11,MLSES_UNIT2,0.0,0.0,False,0.0
2025-11-05,11,MLSES_UNIT3,0.0,0.0,False,0.0
2025-11-05,11,OGSES_UNIT1A,0.0,0.0,False,0.0
2025-11-05,11,OGSES_UNIT2,0.0,0.0,False,0.0
2025-11-05,11,SANMIGL_G1,430.0,0.0,True,10750.0
2025-11-05,11,SCES_UNIT1,0.0,0.0,False,0.0
2025-11-05,11,TNP_ONE_TNP_O_1,0.0,0.0,False,0.0
2025-11-05,11,TNP_ONE_TNP_O_2,0.0,0.0,False,0.0
2025-11-05,11,WAP_WAP_G5,0.0,0.0,False,0.0
2025-11-05,11,WAP_WAP_G6,0.0,0.0,False,0.0
2025-11-05,11,WAP_WAP_G7,245.84,368.76,True,6146.0
2025-11-05,11,WAP_WAP_G8,456.67762009846746,197.32237990153254,True,11416.9405
2025-11-05,11,BRAUNIG_AVR1_CT1,0.0,0.0,False,0.0
2025-11-05,11,BRAUNIG_AVR1_CT2,0.0,0.0,False,0.0
2025-11-05,11,BRAUNIG_AVR1_ST,0.0,0.0,False,0.0
2025-11-05,11,ATKINS_ATKINSG7,0.0,0.0,False,0.0
2025-11-05,11,B_DAVIS_B_DAVIG3,56.88,132.72,True,1592.64
2025-11-05,11,B_DAVIS_B_DAVIG4,56.88,132.72,True,1592.64
2025-11-05,11,B_DAVIS_B_DAVIG1,0.0,0.0,False,0.0
2025-11-05,11,B_DAVIS_B_DAVIG2,105.3,245.7,True,2948.4
2025-11-05,11,BASTEN_GTG1100,0.0,0.0,False,0.0
2025-11-05,11,BASTEN_GTG2100,0.0,0.0,False,0.0
2025-11-05,11,BASTEN_ST0100,0.0,0.0,False,0.0
2025-11-05,11,BCH_UNIT1,60.5,0.0,True,2541.0
2025-11-05,11,BCH_UNIT2,60.5,0.0,True,2541.0
2025-11-05,11,BCH_UNIT3,60.5,0.0,True,2541.0
2025-11-05,11,BCH_UNIT4,60.5,0.0,True,2541.0
2025-11-05,11,BCH_UNIT5,60.5,0.0,True,2541.0
2025-11-05,11,BCH_UNIT6,60.5,0.0,True,2541.0
2025-11-05,11,BCH_UNIT7,60.5,0.0,True,2541.0
2025-11-05,11,BCH_UNIT8,60.5,0.0,True,2541.0
2025-11-05,11,BOSQUESW_BSQSU_1,0.0,0.0,False,0.0
2025-11-05,11,BOSQUESW_BSQSU_2,0.0,0.0,False,0.0
2025-11-05,11,BOSQUESW_BSQSU_3,0.0,0.0,False,0.0
2025-11-05,11,BOSQUESW_BSQSU_4,0.0,0.0,False,0.0
2025-11-05,11,BOSQUESW_BSQSU_5,0.0,0.0,False,0.0
2025-11-05,11,BVE_UNIT1,198.90000000000003,-2.842170943040401e-14,True,5569.2
2025-11-05,11,BVE_UNIT2,198.90000000000003,-2.842170943040401e-14,True,5569.2
2025-11-05,11,BVE_UNIT3,275.6,0.0,True,7716.8
2025-11-05,11,BTM_UNIT1,60.5,0.0,True,2541.0
2025-11-05,11,BTM_UNIT2,60.5,0.0,True,2541.0
2025-11-05,11,BTM_UNIT3,60.5,0.0,True,2541.0
2025-11-05,11,BTM_UNIT4,60.5,0.0,True,2541.0
2025-11-05,11,BTM_UNIT5,60.5,0.0,True,2541.0
2025-11-05,11,BTM_UNIT6,60.5,0.0,True,2541.0
2025-11-05,11,BTM_UNIT7,60.5,0.0,True,2541.0
2025-11-05,11,BTM_UNIT8,60.5,0.0,True,2541.0
2025-11-05,11,FLCNS_UNIT1,0.0,0.0,False,0.0
2025-11-05,11,FLCNS_UNIT2,0.0,0.0,False,0.0
2025-11-05,11,CALHOUN_UNIT1,0.0,0.0,False,0.0
2025-11-05,11,CALHOUN_UNIT2,0.0,0.0,False,0.0
2025-11-05,11,CHAMON_CTG_0101,60.5,0.0,True,2541.0
2025-11-05,11,CHAMON_CTG_0301,60.5,0.0,True,2541.0
2025-11-05,11,CBY4_CT41,205.0,0.0,True,5740.0
2025-11-05,11,CBY4_CT42,205.0,0.0,True,5740.0
2025-11-05,11,CBY4_ST04,205.0,0.0,True,5740.0
2025-11-05,11,CBY_CBY_G1,765.0,0.0,True,26775.0
2025-11-05,11,CBY_CBY_G2,765.0,0.0,True,26775.0
2025-11-05,11,CBEC_GT1,86.5,0.0,True,2422.0
2025-11-05,11,CBEC_GT2,86.5,0.0,True,2422.0
2025-11-05,11,CBEC_GT3,86.5,0.0,True,2422.0
2025-11-05,11,CBEC_GT4,86.5,0.0,True,2422.0
2025-11-05,11,CBEC_STG1,105.0,0.0,True,2940.0
2025-11-05,11,CBEC_STG2,108.79999999999997,2.842170943040401e-14,True,3046.4
2025-11-05,11,CBECII_CT7,360.9,0.0,True,10105.2
2025-11-05,11,CBECII_CT8,360.9,0.0,True,10105.2
2025-11-05,11,CBECII_STG9,326.740777205917,181.75922279408297,True,9148.7418
2025-11-05,11,CBEC_GT11,8.134855534380803,33.5651444656192,True,341.6639
2025-11-05,11,CBEC_GT12,41.7,0.0,True,1751.4
2025-11-05,11,CVC_CVC_G1,192.1,0.0,True,5378.8
2025-11-05,11,CVC_CVC_G2,192.1,0.0,True,5378.8
2025-11-05,11,CVC_CVC_G3,192.1,0.0,True,5378.8
2025-11-05,11,CVC_CVC_G5,150.0,0.0,True,4200.0
2025-11-05,11,DANSBY_DANSBYG2,0.0,0.0,False,0.0
2025-11-05,11,DANSBY_DANSBYG3,0.0,0.0,False,0.0
2025-11-05,11,DANSBY_DANSBYG1,0.0,0.0,False,0.0
2025-11-05,11,DECKER_DPGT_1,0.0,0.0,False,0.0
2025-11-05,11,DECKER_DPGT_2,0.0,0.0,False,0.0
2025-11-05,11,DECKER_DPGT_3,0.0,0.0,False,0.0
2025-11-05,11,DECKER_DPGT_4,0.0,0.0,False,0.0
2025-11-05,11,DCSES_CT10,0.0,0.0,False,0.0
2025-11-05,11,DCSES_CT20,0.0,0.0,False,0.0
2025-11-05,11,DCSES_CT30,0.0,0.0,False,0.0
2025-11-05,11,DCSES_CT40,0.0,0.0,False,0.0
2025-11-05,11,DDPEC_GT1,0.0,0.0,False,0.0
2025-11-05,11,DDPEC_GT2,168.7116999365984,46.28830006340159,True,4723.9276
2025-11-05,11,DDPEC_GT3,60.9,142.1,True,1705.2
2025-11-05,11,DDPEC_GT4,0.0,0.0,False,0.0
2025-11-05,11,DDPEC_GT6,59.7,139.3,True,1671.6
2025-11-05,11,DDPEC_ST1,0.0,0.0,False,0.0
2025-11-05,11,DEC_AGR_A,56.5,0.0,True,2542.5
2025-11-05,11,DEC_AGR_B,56.5,0.0,True,2542.5
2025-11-05,11,DEC_AGR_C,56.5,0.0,True,2542.5
2025-11-05,11,DEC_AGR_D,56.5,0.0,True,2542.5
2025-11-05,11,ECEC_G1,0.0,0.0,False,0.0
2025-11-05,11,ECEC_G2,0.0,0.0,False,0.0
2025-11-05,11,ETCCS_CT1,260.0,0.0,True,7280.0
2025-11-05,11,ETCCS_UNIT1,140.0,0.0,True,3920.0
2025-11-05,11,AZ_AZ_G1,0.0,0.0,False,0.0
2025-11-05,11,AZ_AZ_G2,0.0,0.0,False,0.0
2025-11-05,11,AZ_AZ_G3,0.0,0.0,False,0.0
2025-11-05,11,AZ_AZ_G4,0.0,0.0,False,0.0
2025-11-05,11,FERGCC_FERGGT1,0.0,0.0,False,0.0
2025-11-05,11,FERGCC_FERGGT2,0.0,0.0,False,0.0
2025-11-05,11,FERGCC_FERGST1,83.4344461933562,120.5655538066438,True,2336.1645
2025-11-05,11,FRNYPP_GT11,0.0,0.0,False,0.0
2025-11-05,11,FRNYPP_GT12,0.0,0.0,False,0.0
2025-11-05,11,FRNYPP_GT13,0.0,0.0,False,0.0
2025-11-05,11,FRNYPP_GT21,0.0,0.0,False,0.0
2025-11-05,11,FRNYPP_GT22,0.0,0.0,False,0.0
2025-11-05,11,FRNYPP_GT23,0.0,0.0,False,0.0
2025-11-05,11,FRNYPP_ST10,0.0,0.0,False,0.0
2025-11-05,11,FRNYPP_ST20,0.0,0.0,False,0.0
2025-11-05,11,FREC_GT1,179.4,0.0,True,5023.2
2025-11-05,11,FREC_GT2,179.4,0.0,True,5023.2
2025-11-05,11,FREC_GT4,121.9069993808589,57.4930006191411,True,3413.396
2025-11-05,11,FREC_GT5,179.4,0.0,True,5023.2
2025-11-05,11,FREC_ST3,0.0,0.0,False,0.0
2025-11-05,11,FREC_ST6,0.0,0.0,False,0.0
2025-11-05,11,FEGC_UNIT1,0.0,0.0,False,0.0
2025-11-05,11,FRONT_EC_CT1,177.0,0.0,True,4956.0
2025-11-05,11,FRONT_EC_CT2,177.0,0.0,True,4956.0
2025-11-05,11,FRONT_EC_ST,167.80561036149257,16.69438963850743,True,4698.5571
2025-11-05,11,GRSES_UNIT1,239.0,0.0,True,8365.0
2025-11-05,11,GRSES_UNIT2,390.0,0.0,True,13650.0
2025-11-05,11,GBY_GBYGT73,72.0,0.0,True,3024.0
2025-11-05,11,GBY_GBYGT74,72.0,0.0,True,3024.0
2025-11-05,11,GBY_GBYGT81,72.0,0.0,True,3024.0
2025-11-05,11,GBY_GBYGT82,72.0,0.0,True,3024.0
2025-11-05,11,GBY_GBYGT83,72.0,0.0,True,3024.0
2025-11-05,11,GBY_GBYGT84,72.0,0.0,True,3024.0
2025-11-05,11,STEAM_ENGINE_1,0.0,0.0,False,0.0
2025-11-05,11,STEAM_ENGINE_2,0.0,0.0,False,0.0
2025-11-05,11,STEAM_ENGINE_3,0.0,0.0,False,0.0
2025-11-05,11,LGE_LGE_GT1,185.0,0.0,True,5180.0
2025-11-05,11,LGE_LGE_GT2,123.17850214956547,61.821497850434525,True,3448.9981
2025-11-05,11,LGE_LGE_STG,30.0,70.0,True,840.0
2025-11-05,11,GUADG_GAS1,0.0,0.0,False,0.0
2025-11-05,11,GUADG_GAS2,0.0,0.0,False,0.0
2025-11-05,11,GUADG_GAS3,0.0,0.0,False,0.0
2025-11-05,11,GUADG_GAS4,0.0,0.0,False,0.0
2025-11-05,11,GUADG_STM5,0.0,0.0,False,0.0
2025-11-05,11,GUADG_STM6,0.0,0.0,False,0.0
2025-11-05,11,HLSES_UNIT3,395.0,0.0,True,13825.0
2025-11-05,11,HLSES_UNIT4,435.0,0.0,True,15225.0
2025-11-05,11,HLSES_UNIT5,435.0,0.0,True,15225.0
2025-11-05,11,HAYSEN_HAYSENG1,0.0,0.0,False,0.0
2025-11-05,11,HAYSEN_HAYSENG2,0.0,0.0,False,0.0
2025-11-05,11,HAYSEN_HAYSENG3,0.0,0.0,False,0.0
2025-11-05,11,HAYSEN_HAYSENG4,0.0,0.0,False,0.0
2025-11-05,11,DUKE_DUKE_GT1,176.6,0.0,True,4944.8
2025-11-05,11,DUKE_DUKE_GT2,176.6,0.0,True,4944.8
2025-11-05,11,DUKE_DUKE_ST1,59.43,138.67,True,1664.04
2025-11-05,11,JACKCNTY_CT1,59.67,139.23,True,1670.76
2025-11-05,11,JACKCNTY_CT2,59.67,139.23,True,1670.76
2025-11-05,11,JCKCNTY2_CT3,59.67,139.23,True,1670.76
2025-11-05,11,JCKCNTY2_CT4,59.67,139.23,True,1670.76
2025-11-05,11,JACKCNTY_STG,0.0,0.0,False,0.0
2025-11-05,11,JCKCNTY2_ST2,0.0,0.0,False,0.0
2025-11-05,11,TEN_CT1,0.0,0.0,False,0.0
2025-11-05,11,TEN_STG,0.0,0.0,False,0.0
2025-11-05,11,LHSES_UNIT1,0.0,0.0,False,0.0
2025-11-05,11,LHSES_UNIT2A,0.0,0.0,False,0.0
2025-11-05,11,LPCCS_CT11,0.0,0.0,False,0.0
2025-11-05,11,LPCCS_CT12,76.58952289848342,109.41047710151656,True,2144.5066
2025-11-05,11,LPCCS_CT21,0.0,0.0,False,0.0
2025-11-05,11,LPCCS_CT22,186.0,0.0,True,5208.0
2025-11-05,11,LPCCS_UNIT1,0.0,0.0,False,0.0
2025-11-05,11,LPCCS_UNIT2,0.0,0.0,False,0.0
2025-11-05,11,LARDVFTN_G4,0.0,0.0,False,0.0
2025-11-05,11,LARDVFTN_G5,0.0,0.0,False,0.0
2025-11-05,11,LEON_CRK_LCPCT1,0.0,0.0,False,0.0
2025-11-05,11,LEON_CRK_LCPCT2,0.0,0.0,False,0.0
2025-11-05,11,LEON_CRK_LCPCT3,0.0,0.0,False,0.0
2025-11-05,11,LEON_CRK_LCPCT4,0.0,0.0,False,0.0
2025-11-05,11,LIG_UNIT1,0.0,0.0,False,0.0
2025-11-05,11,LIG_UNIT2,0.0,0.0,False,0.0
2025-11-05,11,LOSTPI_LOSTPGT1,202.5,0.0,True,5670.0
2025-11-05,11,LOSTPI_LOSTPGT2,202.5,0.0,True,5670.0
2025-11-05,11,LOSTPI_LOSTPST1,204.0,0.0,True,5712.0
2025-11-05,11,NEDIN_NEDIN_G1,0.0,0.0,False,0.0
2025-11-05,11,NEDIN_NEDIN_G2,0.0,0.0,False,0.0
2025-11-05,11,NEDIN_NEDIN_G3,0.0,0.0,False,0.0
2025-11-05,11,MDANP_CT1,0.0,0.0,False,0.0
2025-11-05,11,MDANP_CT2,0.0,0.0,False,0.0
2025-11-05,11,MDANP_CT3,0.0,0.0,False,0.0
2025-11-05,11,MDANP_CT4,0.0,0.0,False,0.0
2025-11-05,11,MDANP_CT5,0.0,0.0,False,0.0
2025-11-05,11,MDANP_CT6,0.0,0.0,False,0.0
2025-11-05,11,MGSES_CT1,0.0,0.0,False,0.0
2025-11-05,11,MGSES_CT2,0.0,0.0,False,0.0
2025-11-05,11,MGSES_CT3,0.0,0.0,False,0.0
2025-11-05,11,MGSES_CT4,0.0,0.0,False,0.0
2025-11-05,11,MGSES_CT5,0.0,0.0,False,0.0
2025-11-05,11,MGSES_CT6,0.0,0.0,False,0.0
2025-11-05,11,MCSES_UNIT6,122.0,0.0,True,4270.0
2025-11-05,11,MCSES_UNIT7,118.0,0.0,True,4130.0
2025-11-05,11,MCSES_UNIT8,568.0,0.0,True,19880.0
2025-11-05,11,NUECES_B_NUECESG8,56.88,132.72,True,1592.64
2025-11-05,11,NUECES_B_NUECESG9,56.88,132.72,True,1592.64
2025-11-05,11,NUECES_B_NUECESG7,105.3,245.7,True,2948.4
2025-11-05,11,CALAVERS_OWS1,0.0,0.0,False,0.0
2025-11-05,11,CALAVERS_OWS2,0.0,0.0,False,0.0
2025-11-05,11,OECCS_CT11,0.0,0.0,False,0.0
2025-11-05,11,OECCS_CT12,0.0,0.0,False,0.0
2025-11-05,11,OECCS_CT21,58.56,136.64,True,1639.68
2025-11-05,11,OECCS_CT22,0.0,0.0,False,0.0
2025-11-05,11,OECCS_UNIT1,67.2,156.8,True,1881.6
2025-11-05,11,OECCS_UNIT2,189.86894433584882,34.13105566415118,True,5316.3304
2025-11-05,11,VICTPRT2_UNIT1,0.0,0.0,False,0.0
2025-11-05,11,VICTPRT2_UNIT2,0.0,0.0,False,0.0
2025-11-05,11,PANDA_S_SHER1CT1,232.0,0.0,True,6496.0
2025-11-05,11,PANDA_S_SHER1CT2,232.0,0.0,True,6496.0
2025-11-05,11,PANDA_S_SHER1ST1,323.74560605466945,29.354393945330543,True,9064.877
2025-11-05,11,PANDA_T1_TMPL1CT1,0.0,0.0,False,0.0
2025-11-05,11,PANDA_T1_TMPL1CT2,0.0,0.0,False,0.0
2025-11-05,11,PANDA_T1_TMPL1ST1,0.0,0.0,False,0.0
2025-11-05,11,PANDA_T2_TMPL2CT1,0.0,0.0,False,0.0
2025-11-05,11,PANDA_T2_TMPL2CT2,0.0,0.0,False,0.0
2025-11-05,11,PANDA_T2_TMPL2ST1,0.0,0.0,False,0.0
2025-11-05,11,TNSKA_GT1,0.0,0.0,False,0.0
2025-11-05,11,TNSKA_GT2,0.0,0.0,False,0.0
2025-11-05,11,TNSKA_STG,0.0,0.0,False,0.0
2025-11-05,11,PSG_PSG_GT2,64.53,150.57,True,1806.84
2025-11-05,11,PSG_PSG_GT3,64.53,150.57,True,1806.84
2025-11-05,11,PSG_PSG_ST2,58.65,136.85,True,1642.2
2025-11-05,11,PEARSAL2_AGR_A,0.0,0.0,False,0.0
2025-11-05,11,PEARSAL2_AGR_B,0.0,0.0,False,0.0
2025-11-05,11,PEARSAL2_AGR_C,0.0,0.0,False,0.0
2025-11-05,11,PEARSAL2_AGR_D,0.0,0.0,False,0.0
2025-11-05,11,PB2SES_CT1,0.0,0.0,False,0.0
2025-11-05,11,PB2SES_CT2,0.0,0.0,False,0.0
2025-11-05,11,PB2SES_CT3,0.0,0.0,False,0.0
2025-11-05,11,PB2SES_CT4,0.0,0.0,False,0.0
2025-11-05,11,PB2SES_CT5,0.0,0.0,False,0.0
2025-11-05,11,PRO_UNIT1,0.0,0.0,False,0.0
2025-11-05,11,PRO_UNIT2,0.0,0.0,False,0.0
2025-11-05,11,PRO_UNIT3,0.0,0.0,False,0.0
2025-11-05,11,PRO_UNIT4,0.0,0.0,False,0.0
2025-11-05,11,PRO_UNIT5,0.0,0.0,False,0.0
2025-11-05,11,PRO_UNIT6,0.0,0.0,False,0.0
2025-11-05,11,PRO_UNIT7,0.0,0.0,False,0.0
2025-11-05,11,PRO_UNIT8,0.0,0.0,False,0.0
2025-11-05,11,BAC_CTG1,65.0,0.0,True,2730.0
2025-11-05,11,BAC_CTG2,65.0,0.0,True,2730.0
2025-11-05,11,BAC_CTG3,65.0,0.0,True,2730.0
2025-11-05,11,BAC_CTG4,65.0,0.0,True,2730.0
2025-11-05,11,BAC_CTG5,65.0,0.0,True,2730.0
2025-11-05,11,BAC_CTG6,65.0,0.0,True,2730.0
2025-11-05,11,STEAM1A_STEAM_1,0.0,0.0,False,0.0
2025-11-05,11,STEAM_STEAM_2,0.0,0.0,False,0.0
2025-11-05,11,STEAM_STEAM_3,0.0,0.0,False,0.0
2025-11-05,11,QALSW_GT1,90.59999999999998,1.4210854715202004e-14,True,2536.8
2025-11-05,11,QALSW_GT2,90.6,0.0,True,2536.8
2025-11-05,11,QALSW_GT3,90.6,0.0,True,2536.8
2025-11-05,11,QALSW_GT4,90.6,0.0,True,2536.8
2025-11-05,11,QALSW_STG1,98.1,0.0,True,2746.8
2025-11-05,11,QALSW_STG2,98.1,0.0,True,2746.8
2025-11-05,11,MIL_MILLERG4,116.0,0.0,True,4872.0
2025-11-05,11,MIL_MILLERG5,116.0,0.0,True,4872.0
2025-11-05,11,MIL_MILLERG1,75.0,0.0,True,2625.0
2025-11-05,11,MIL_MILLERG2,120.0,0.0,True,4200.0
2025-11-05,11,MIL_MILLERG3,216.0,0.0,True,7560.0
2025-11-05,11,OLINGR_OLING_4,0.0,0.0,False,0.0
2025-11-05,11,OLINGR_OLING_2,0.0,0.0,False,0.0
2025-11-05,11,OLINGR_OLING_3,0.0,0.0,False,0.0
2025-11-05,11,RAB_UNIT1,0.0,0.0,False,0.0
2025-11-05,11,RAB_UNIT2,0.0,0.0,False,0.0
2025-11-05,11,RAB_UNIT3,0.0,0.0,False,0.0
2025-11-05,11,RAB_UNIT4,0.0,0.0,False,0.0
2025-11-05,11,RAB_UNIT5,0.0,0.0,False,0.0
2025-11-05,11,RAB_UNIT6,0.0,0.0,False,0.0
2025-11-05,11,RAB_UNIT7,0.0,0.0,False,0.0
2025-11-05,11,RAB_UNIT8,0.0,0.0,False,0.0
2025-11-05,11,REDGATE_AGR_A,0.0,0.0,False,0.0
2025-11-05,11,REDGATE_AGR_B,0.0,0.0,False,0.0
2025-11-05,11,REDGATE_AGR_C,0.0,0.0,False,0.0
2025-11-05,11,REDGATE_AGR_D,0.0,0.0,False,0.0
2025-11-05,11,JAD_UNIT1,0.0,0.0,False,0.0
2025-11-05,11,JAD_UNIT2,0.0,0.0,False,0.0
2025-11-05,11,JAD_UNIT3,0.0,0.0,False,0.0
2025-11-05,11,JAD_UNIT4,0.0,0.0,False,0.0
2025-11-05,11,JAD_UNIT5,0.0,0.0,False,0.0
2025-11-05,11,JAD_UNIT6,0.0,0.0,False,0.0
2025-11-05,11,JAD_UNIT7,0.0,0.0,False,0.0
2025-11-05,11,JAD_UNIT8,0.0,0.0,False,0.0
2025-11-05,11,RIONOG_CT1,0.0,0.0,False,0.0
2025-11-05,11,RIONOG_CT2,0.0,0.0,False,0.0
2025-11-05,11,RIONOG_CT3,0.0,0.0,False,0.0
2025-11-05,11,RIONOG_ST1,0.0,0.0,False,0.0
2025-11-05,11,RAYBURN_RAYBURG7,18.15,42.35,True,508.2
2025-11-05,11,RAYBURN_RAYBURG8,18.15,42.35,True,508.2
2025-11-05,11,RAYBURN_RAYBURG9,18.15,42.35,True,508.2
2025-11-05,11,RAYBURN_RAYBURG10,12.6,29.4,True,352.8
2025-11-05,11,SJS_SJS_G1,88.19999999999999,1.4210854715202004e-14,True,3704.4
2025-11-05,11,SJS_SJS_G2,88.19999999999999,1.4210854715202004e-14,True,3704.4
2025-11-05,11,SANDHSYD_SH1,0.0,0.0,False,0.0
2025-11-05,11,SANDHSYD_SH2,0.0,0.0,False,0.0
2025-11-05,11,SANDHSYD_SH3,0.0,0.0,False,0.0
2025-11-05,11,SANDHSYD_SH4,0.0,0.0,False,0.0
2025-11-05,11,SANDHSYD_SH_5A,196.1625468712055,2.737453128794499,True,5492.5513
2025-11-05,11,SANDHSYD_SH6,0.0,0.0,False,0.0
2025-11-05,11,SANDHSYD_SH7,0.0,0.0,False,0.0
2025-11-05,11,SANDHSYD_SH_5C,191.0,0.0,True,5348.0
2025-11-05,11,SILASRAY_SILAS_10,0.0,0.0,False,0.0
2025-11-05,11,SILASRAY_SILAS_9,50.0,0.0,True,1400.0
2025-11-05,11,SILASRAY_SILAS_6,25.0,0.0,True,700.0
2025-11-05,11,GIDEON_GIDEONG1,0.0,0.0,False,0.0
2025-11-05,11,GIDEON_GIDEONG2,0.0,0.0,False,0.0
2025-11-05,11,GIDEON_GIDEONG3,0.0,0.0,False,0.0
2025-11-05,11,SKY1_SKY1A,0.0,0.0,False,0.0
2025-11-05,11,SKY1_SKY1B,0.0,0.0,False,0.0
2025-11-05,11,SPNCER_SPNCE_4,61.0,0.0,True,2135.0
2025-11-05,11,SPNCER_SPNCE_5,65.0,0.0,True,2275.0
2025-11-05,11,SCSES_UNIT1A,94.7442843170277,82.2557156829723,True,3316.05
2025-11-05,11,SCSES_UNIT2,502.0,0.0,True,17570.0
2025-11-05,11,THW_THWGT_1,16.30000000000182,-1.8189894035458565e-12,True,684.6
2025-11-05,11,THW_THWGT31,51.3,0.0,True,1436.4
2025-11-05,11,THW_THWGT32,51.3,0.0,True,1436.4
2025-11-05,11,THW_THWGT33,51.3,0.0,True,1436.4
2025-11-05,11,THW_THWGT34,51.3,0.0,True,1436.4
2025-11-05,11,THW_THWGT41,51.3,0.0,True,1436.4
2025-11-05,11,THW_THWGT42,51.3,0.0,True,1436.4
2025-11-05,11,THW_THWGT43,62.0,0.0,True,1736.0
2025-11-05,11,THW_THWGT44,62.0,0.0,True,1736.0
2025-11-05,11,THW_THWGT51,85.0,0.0,True,3570.0
2025-11-05,11,THW_THWGT52,85.0,0.0,True,3570.0
2025-11-05,11,THW_THWGT53,85.0,0.0,True,3570.0
2025-11-05,11,THW_THWGT54,85.0,0.0,True,3570.0
2025-11-05,11,THW_THWGT55,85.0,0.0,True,3570.0
2025-11-05,11,THW_THWGT56,85.0,0.0,True,3570.0
2025-11-05,11,THW_THWST_3,113.1,0.0,True,3166.8
2025-11-05,11,THW_THWST_4,113.1,0.0,True,3166.8
2025-11-05,11,TXCTY_CTA,129.1,0.0,True,3614.8
2025-11-05,11,TXCTY_CTB,129.1,0.0,True,3614.8
2025-11-05,11,TXCTY_CTC,129.1,0.0,True,3614.8
2025-11-05,11,TXCTY_ST,143.7,0.0,True,4023.6
2025-11-05,11,TGS_GT01,0.0,0.0,False,0.0
2025-11-05,11,TIMPP_AGR1,0.0,0.0,False,0.0
2025-11-05,11,TIMPP_AGR2,0.0,0.0,False,0.0
2025-11-05,11,TIMPP_AGR3,0.0,0.0,False,0.0
2025-11-05,11,TIMPP_AGR4,0.0,0.0,False,0.0
2025-11-05,11,TRSES_UNIT6,239.0,0.0,True,8365.0
2025-11-05,11,TOPAZ_UNIT1,60.5,0.0,True,2541.0
2025-11-05,11,TOPAZ_UNIT2,60.5,0.0,True,2541.0
2025-11-05,11,TOPAZ_UNIT3,60.5,0.0,True,2541.0
2025-11-05,11,TOPAZ_UNIT4,60.5,0.0,True,2541.0
2025-11-05,11,TOPAZ_UNIT5,60.5,0.0,True,2541.0
2025-11-05,11,TOPAZ_UNIT6,60.5,0.0,True,2541.0
2025-11-05,11,TOPAZ_UNIT7,60.5,0.0,True,2541.0
2025-11-05,11,TOPAZ_UNIT8,60.5,0.0,True,2541.0
2025-11-05,11,TOPAZ_UNIT9,60.5,0.0,True,2541.0
2025-11-05,11,TOPAZ_UNIT10,60.5,0.0,True,2541.0
2025-11-05,11,BRAUNIG_VHB6CT5,0.0,0.0,False,0.0
2025-11-05,11,BRAUNIG_VHB6CT6,0.0,0.0,False,0.0
2025-11-05,11,BRAUNIG_VHB6CT7,0.0,0.0,False,0.0
2025-11-05,11,BRAUNIG_VHB6CT8,0.0,0.0,False,0.0
2025-11-05,11,CITYVICT_CTG01,0.0,0.0,False,0.0
2025-11-05,11,CITYVICT_CTG02,0.0,0.0,False,0.0
2025-11-05,11,VICTPORT_CTG01,0.0,0.0,False,0.0
2025-11-05,11,VICTPORT_CTG02,0.0,0.0,False,0.0
2025-11-05,11,VICTORIA_VICTORG6,155.91938272906134,40.980617270938666,True,4365.7427
2025-11-05,11,VICTORIA_VICTORG5,180.2,0.0,True,5045.6
2025-11-05,11,WAP_WAPGT_1,0.0,0.0,False,0.0
2025-11-05,11,WAP_WAP_G1,0.0,0.0,False,0.0
2025-11-05,11,WAP_WAP_G2,0.0,0.0,False,0.0
2025-11-05,11,WAP_WAP_G3,0.0,0.0,False,0.0
2025-11-05,11,WAP_WAP_G4,0.0,0.0,False,0.0
2025-11-05,11,WFCOGEN_UNIT1,20.0,0.0,True,560.0
2025-11-05,11,WFCOGEN_UNIT2,20.0,0.0,True,560.0
2025-11-05,11,WFCOGEN_UNIT3,20.0,0.0,True,560.0
2025-11-05,11,WIPOPA_WPP_G1,6.05,54.45,True,254.1
2025-11-05,11,WIPOPA_WPP_G2,6.05,54.45,True,254.1
2025-11-05,11,WIPOPA_WPP_G3,60.5,0.0,True,2541.0
2025-11-05,11,WIPOPA_WPP_G4,33.19542729028423,27.30457270971577,True,1394.2079
2025-11-05,11,WCPP_CT1,0.0,0.0,False,0.0
2025-11-05,11,WCPP_CT2,0.0,0.0,False,0.0
2025-11-05,11,WCPP_ST1,0.0,0.0,False,0.0
2025-11-05,11,WHCCS_CT1,0.0,0.0,False,0.0
2025-11-05,11,WHCCS_CT2,0.0,0.0,False,0.0
2025-11-05,11,WHCCS_STG,0.0,0.0,False,0.0
2025-11-05,11,WHCCS2_CT4,0.0,0.0,False,0.0
2025-11-05,11,WHCCS2_CT5,0.0,0.0,False,0.0
2025-11-05,11,WHCCS2_STG6,0.0,0.0,False,0.0
2025-11-05,11,NACPW_UNIT1,0.0,0.0,False,0.0
2025-11-05,11,HBR_2UNITS,3.2,0.0,True,128.0
2025-11-05,11,TRIRA_1UNIT,4.0,0.0,True,160.0
2025-11-05,11,78252_4UNITS,0.0,0.0,False,0.0
2025-11-05,11,SPRIN_4UNITS,0.0,0.0,False,0.0
2025-11-05,11,FREIH_2UNITS,0.0,0.0,False,0.0
2025-11-05,11,WSTHL_3UNITS,4.8,0.0,True,192.0
2025-11-05,11,FEGC_CTG2,0.0,0.0,False,0.0
2025-11-05,11,FEGC_CTG3,0.0,0.0,False,0.0
2025-11-05,11,FEGC_CTG4,0.0,0.0,False,0.0
2025-11-05,11,OLNEYTN_AGR1,10.0,0.0,True,600.0
2025-11-05,11,AMISTAD_AMISTAG1,0.0,0.0,False,0.0
2025-11-05,11,AMISTAD_AMISTAG2,0.0,0.0,False,0.0
2025-11-05,11,AUSTPL_AUSTING1,9.0,0.0,True,9.0
2025-11-05,11,AUSTPL_AUSTING2,9.0,0.0,True,9.0
2025-11-05,11,BUCHAN_BUCHANG1,18.299999999999997,3.552713678800501e-15,True,18.3
2025-11-05,11,BUCHAN_BUCHANG2,18.299999999999997,3.552713678800501e-15,True,18.3
2025-11-05,11,BUCHAN_BUCHANG3,18.299999999999997,3.552713678800501e-15,True,18.3
2025-11-05,11,DNDAM_DENISOG1,50.8,0.0,True,50.8
2025-11-05,11,DNDAM_DENISOG2,50.8,0.0,True,50.8
2025-11-05,11,FALCON_FALCONG1,12.0,0.0,True,12.0
2025-11-05,11,FALCON_FALCONG2,12.0,0.0,True,12.0
2025-11-05,11,FALCON_FALCONG3,12.0,0.0,True,12.0
2025-11-05,11,WIRTZ_WIRTZ_G1,29.0,0.0,True,29.0
2025-11-05,11,WIRTZ_WIRTZ_G2,29.0,0.0,True,29.0
2025-11-05,11,CANYHY_CANYHYG1,6.0,0.0,True,6.0
2025-11-05,11,INKSDA_INKS_G1,15.0,0.0,True,15.0
2025-11-05,11,MARBFA_MARBFAG1,21.0,0.0,True,21.0
2025-11-05,11,MARBFA_MARBFAG2,20.0,0.0,True,20.0
2025-11-05,11,MARSFO_MARSFOG1,36.0,0.0,True,36.0
2025-11-05,11,MARSFO_MARSFOG2,36.0,0.0,True,36.0
2025-11-05,11,MARSFO_MARSFOG3,36.0,0.0,True,36.0
2025-11-05,11,WND_WHITNEY1,0.0,0.0,False,0.0
2025-11-05,11,WND_WHITNEY2,0.0,0.0,False,0.0
2025-11-05,11,AEEC_ANTLP_1,0.0,0.0,False,0.0
2025-11-05,11,AEEC_ANTLP_2,0.0,0.0,False,0.0
2025-11-05,11,AEEC_ANTLP_3,0.0,0.0,False,0.0
2025-11-05,11,AEEC_ELK_1,0.0,0.0,False,0.0
2025-11-05,11,AEEC_ELK_2,0.0,0.0,False,0.0
2025-11-05,11,AEEC_ELK_3,0.0,0.0,False,0.0
2025-11-05,11,FTR_FTR_G1,0.0,0.0,False,0.0
2025-11-05,11,FTR_FTR_G2,0.0,0.0,False,0.0
2025-11-05,11,FTR_FTR_G3,0.0,0.0,False,0.0
2025-11-05,11,FTR_FTR_G4,0.0,0.0,False,0.0
2025-11-05,11,TGCCS_CT1,0.0,0.0,False,0.0
2025-11-05,11,TGCCS_CT2,0.0,0.0,False,0.0
2025-11-05,11,TGCCS_CT3,0.0,0.0,False,0.0
2025-11-05,11,TGCCS_UNIT4,120.0,280.0,True,3360.0
2025-11-05,11,KMCHI_1CT101,55.5,129.5,True,1554.0
2025-11-05,11,KMCHI_1CT201,55.5,129.5,True,1554.0
2025-11-05,11,KMCHI_1ST,330.0,0.0,True,9240.0
2025-11-05,11,KMCHI_2CT101,0.0,0.0,False,0.0
2025-11-05,11,KMCHI_2CT201,55.5,129.5,True,1554.0
2025-11-05,11,KMCHI_2ST,99.0,231.0,True,2772.0
2025-11-05,11,A4_DGR1,0.0,0.0,False,0.0
2025-11-05,11,A4_DGR2,0.0,0.0,False,0.0
2025-11-05,11,K2_DGR1,0.0,0.0,False,0.0
2025-11-05,11,K2_DGR2,0.0,0.0,False,0.0
2025-11-05,11,P2_DGR1,0.0,0.0,False,0.0
2025-11-05,11,P2_DGR2,0.0,0.0,False,0.0
2025-11-05,11,Q1_DGR1,0.0,0.0,False,0.0
2025-11-05,11,BRAUNIG_VHB3,0.0,0.0,False,0.0
2025-11-05,11,V2_DGR1,0.0,0.0,False,0.0
2025-11-05,11,V2_DGR2,0.0,0.0,False,0.0
2025-11-05,11,V2_DGR3,0.0,0.0,False,0.0
2025-11-05,11,V4_DGR1,0.0,0.0,False,0.0
2025-11-05,11,X1_DGR1,0.0,0.0,False,0.0
2025-11-05,11,Z0_DGR1,0.0,0.0,False,0.0
2025-11-05,11,Z0_DGR2,0.0,0.0,False,0.0
2025-11-05,11,Z5_DGR1,0.0,0.0,False,0.0
2025-11-05,11,DC_E,437.9058039683548,162.0941960316452,True,15326.7031
2025-11-05,11,DC_N,204.77519177986073,15.224808220139266,True,7167.1317
2025-11-05,11,DC_L,0.0,0.0,False,0.0
2025-11-05,11,DC_R,0.0,0.0,False,0.0
2025-11-05,11,CEDARVALE_GAS,0.0,0.0,False,0.0
2025-11-05,11,ENCHANTED_ROCK_NEWPP,30.0,0.0,True,1350.0
2025-11-05,12,CPSES_UNIT1,1269.0,0.0,True,10152.0
2025-11-05,12,CPSES_UNIT2,1269.0,0.0,True,10152.0
2025-11-05,12,STP_STP_G1,1365.0,0.0,True,10920.0
2025-11-05,12,STP_STP_G2,1365.0,0.0,True,10920.0
2025-11-05,12,COLETO_COLETOG1,655.0,0.0,True,16375.0
2025-11-05,12,FPPYD1_FPP_G1,615.0,0.0,True,15375.0
2025-11-05,12,FPPYD1_FPP_G2,615.0,0.0,True,15375.0
2025-11-05,12,FPPYD2_FPP_G3,460.0,0.0,True,11500.0
2025-11-05,12,CALAVERS_JKS1,291.90174359815717,268.09825640184283,True,7297.5436
2025-11-05,12,CALAVERS_JKS2,368.8,553.2,True,9220.0
2025-11-05,12,LEG_LEG_G1,0.0,0.0,False,0.0
2025-11-05,12,LEG_LEG_G2,0.0,0.0,False,0.0
2025-11-05,12,MLSES_UNIT1,0.0,0.0,False,0.0
2025-11-05,12,MLSES_UNIT2,0.0,0.0,False,0.0
2025-11-05,12,MLSES_UNIT3,0.0,0.0,False,0.0
2025-11-05,12,OGSES_UNIT1A,0.0,0.0,False,0.0
2025-11-05,12,OGSES_UNIT2,0.0,0.0,False,0.0
2025-11-05,12,SANMIGL_G1,430.0,0.0,True,10750.0
2025-11-05,12,SCES_UNIT1,0.0,0.0,False,0.0
2025-11-05,12,TNP_ONE_TNP_O_1,0.0,0.0,False,0.0
2025-11-05,12,TNP_ONE_TNP_O_2,0.0,0.0,False,0.0
2025-11-05,12,WAP_WAP_G5,0.0,0.0,False,0.0
2025-11-05,12,WAP_WAP_G6,0.0,0.0,False,0.0
2025-11-05,12,WAP_WAP_G7,245.84,368.76,True,6146.0
2025-11-05,12,WAP_WAP_G8,456.67762009846746,197.32237990153254,True,11416.9405
2025-11-05,12,BRAUNIG_AVR1_CT1,0.0,0.0,False,0.0
2025-11-05,12,BRAUNIG_AVR1_CT2,0.0,0.0,False,0.0
2025-11-05,12,BRAUNIG_AVR1_ST,0.0,0.0,False,0.0
2025-11-05,12,ATKINS_ATKINSG7,0.0,0.0,False,0.0
2025-11-05,12,B_DAVIS_B_DAVIG3,56.88,132.72,True,1592.64
2025-11-05,12,B_DAVIS_B_DAVIG4,56.88,132.72,True,1592.64
2025-11-05,12,B_DAVIS_B_DAVIG1,0.0,0.0,False,0.0
2025-11-05,12,B_DAVIS_B_DAVIG2,105.3,245.7,True,2948.4
2025-11-05,12,BASTEN_GTG1100,0.0,0.0,False,0.0
2025-11-05,12,BASTEN_GTG2100,0.0,0.0,False,0.0
2025-11-05,12,BASTEN_ST0100,0.0,0.0,False,0.0
2025-11-05,12,BCH_UNIT1,60.5,0.0,True,2541.0
2025-11-05,12,BCH_UNIT2,60.5,0.0,True,2541.0
2025-11-05,12,BCH_UNIT3,60.5,0.0,True,2541.0
2025-11-05,12,BCH_UNIT4,60.5,0.0,True,2541.0
2025-11-05,12,BCH_UNIT5,60.5,0.0,True,2541.0
2025-11-05,12,BCH_UNIT6,60.5,0.0,True,2541.0
2025-11-05,12,BCH_UNIT7,60.5,0.0,True,2541.0
2025-11-05,12,BCH_UNIT8,60.5,0.0,True,2541.0
2025-11-05,12,BOSQUESW_BSQSU_1,0.0,0.0,False,0.0
2025-11-05,12,BOSQUESW_BSQSU_2,0.0,0.0,False,0.0
2025-11-05,12,BOSQUESW_BSQSU_3,0.0,0.0,False,0.0
2025-11-05,12,BOSQUESW_BSQSU_4,0.0,0.0,False,0.0
2025-11-05,12,BOSQUESW_BSQSU_5,0.0,0.0,False,0.0
2025-11-05,12,BVE_UNIT1,198.90000000000003,-2.842170943040401e-14,True,5569.2
2025-11-05,12,BVE_UNIT2,198.90000000000003,-2.842170943040401e-14,True,5569.2
2025-11-05,12,BVE_UNIT3,275.6,0.0,True,7716.8
2025-11-05,12,BTM_UNIT1,60.5,0.0,True,2541.0
2025-11-05,12,BTM_UNIT2,60.5,0.0,True,2541.0
2025-11-05,12,BTM_UNIT3,60.5,0.0,True,2541.0
2025-11-05,12,BTM_UNIT4,60.5,0.0,True,2541.0
2025-11-05,12,BTM_UNIT5,60.5,0.0,True,2541.0
2025-11-05,12,BTM_UNIT6,60.5,0.0,True,2541.0
2025-11-05,12,BTM_UNIT7,60.5,0.0,True,2541.0
2025-11-05,12,BTM_UNIT8,60.5,0.0,True,2541.0
2025-11-05,12,FLCNS_UNIT1,0.0,0.0,False,0.0
2025-11-05,12,FLCNS_UNIT2,0.0,0.0,False,0.0
2025-11-05,12,CALHOUN_UNIT1,0.0,0.0,False,0.0
2025-11-05,12,CALHOUN_UNIT2,0.0,0.0,False,0.0
2025-11-05,12,CHAMON_CTG_0101,60.5,0.0,True,2541.0
2025-11-05,12,CHAMON_CTG_0301,60.5,0.0,True,2541.0
2025-11-05,12,CBY4_CT41,205.0,0.0,True,5740.0
2025-11-05,12,CBY4_CT42,205.0,0.0,True,5740.0
2025-11-05,12,CBY4_ST04,205.0,0.0,True,5740.0
2025-11-05,12,CBY_CBY_G1,765.0,0.0,True,26775.0
2025-11-05,12,CBY_CBY_G2,765.0,0.0,True,26775.0
2025-11-05,12,CBEC_GT1,86.5,0.0,True,2422.0
2025-11-05,12,CBEC_GT2,86.5,0.0,True,2422.0
2025-11-05,12,CBEC_GT3,86.5,0.0,True,2422.0
2025-11-05,12,CBEC_GT4,86.5,0.0,True,2422.0
2025-11-05,12,CBEC_STG1,105.0,0.0,True,2940.0
2025-11-05,12,CBEC_STG2,108.79999999999997,2.842170943040401e-14,True,3046.4
2025-11-05,12,CBECII_CT7,360.9,0.0,True,10105.2
2025-11-05,12,CBECII_CT8,360.9,0.0,True,10105.2
2025-11-05,12,CBECII_STG9,326.740777205917,181.75922279408297,True,9148.7418
2025-11-05,12,CBEC_GT11,8.134855534380803,33.5651444656192,True,341.6639
2025-11-05,12,CBEC_GT12,41.7,0.0,True,1751.4
2025-11-05,12,CVC_CVC_G1,192.1,0.0,True,5378.8
2025-11-05,12,CVC_CVC_G2,192.1,0.0,True,5378.8
2025-11-05,12,CVC_CVC_G3,192.1,0.0,True,5378.8
2025-11-05,12,CVC_CVC_G5,150.0,0.0,True,4200.0
2025-11-05,12,DANSBY_DANSBYG2,0.0,0.0,False,0.0
2025-11-05,12,DANSBY_DANSBYG3,0.0,0.0,False,0.0
2025-11-05,12,DANSBY_DANSBYG1,0.0,0.0,False,0.0
2025-11-05,12,DECKER_DPGT_1,0.0,0.0,False,0.0
2025-11-05,12,DECKER_DPGT_2,0.0,0.0,False,0.0
2025-11-05,12,DECKER_DPGT_3,0.0,0.0,False,0.0
2025-11-05,12,DECKER_DPGT_4,0.0,0.0,False,0.0
2025-11-05,12,DCSES_CT10,0.0,0.0,False,0.0
2025-11-05,12,DCSES_CT20,0.0,0.0,False,0.0
2025-11-05,12,DCSES_CT30,0.0,0.0,False,0.0
2025-11-05,12,DCSES_CT40,0.0,0.0,False,0.0
2025-11-05,12,DDPEC_GT1,0.0,0.0,False,0.0
2025-11-05,12,DDPEC_GT2,168.7116999365984,46.28830006340159,True,4723.9276
2025-11-05,12,DDPEC_GT3,60.9,142.1,True,1705.2
2025-11-05,12,DDPEC_GT4,0.0,0.0,False,0.0
2025-11-05,12,DDPEC_GT6,59.7,139.3,True,1671.6
2025-11-05,12,DDPEC_ST1,0.0,0.0,False,0.0
2025-11-05,12,DEC_AGR_A,56.5,0.0,True,2542.5
2025-11-05,12,DEC_AGR_B,56.5,0.0,True,2542.5
2025-11-05,12,DEC_AGR_C,56.5,0.0,True,2542.5
2025-11-05,12,DEC_AGR_D,56.5,0.0,True,2542.5
2025-11-05,12,ECEC_G1,0.0,0.0,False,0.0
2025-11-05,12,ECEC_G2,0.0,0.0,False,0.0
2025-11-05,12,ETCCS_CT1,260.0,0.0,True,7280.0
2025-11-05,12,ETCCS_UNIT1,140.0,0.0,True,3920.0
2025-11-05,12,AZ_AZ_G1,0.0,0.0,False,0.0
2025-11-05,12,AZ_AZ_G2,0.0,0.0,False,0.0
2025-11-05,12,AZ_AZ_G3,0.0,0.0,False,0.0
2025-11-05,12,AZ_AZ_G4,0.0,0.0,False,0.0
2025-11-05,12,FERGCC_FERGGT1,0.0,0.0,False,0.0
2025-11-05,12,FERGCC_FERGGT2,0.0,0.0,False,0.0
2025-11-05,12,FERGCC_FERGST1,83.4344461933562,120.5655538066438,True,2336.1645
2025-11-05,12,FRNYPP_GT11,0.0,0.0,False,0.0
2025-11-05,12,FRNYPP_GT12,0.0,0.0,False,0.0
2025-11-05,12,FRNYPP_GT13,0.0,0.0,False,0.0
2025-11-05,12,FRNYPP_GT21,0.0,0.0,False,0.0
2025-11-05,12,FRNYPP_GT22,0.0,0.0,False,0.0
2025-11-05,12,FRNYPP_GT23,0.0,0.0,False,0.0
2025-11-05,12,FRNYPP_ST10,0.0,0.0,False,0.0
2025-11-05,12,FRNYPP_ST20,0.0,0.0,False,0.0
2025-11-05,12,FREC_GT1,179.4,0.0,True,5023.2
2025-11-05,12,FREC_GT2,179.4,0.0,True,5023.2
2025-11-05,12,FREC_GT4,121.9069993808589,57.4930006191411,True,3413.396
2025-11-05,12,FREC_GT5,179.4,0.0,True,5023.2
2025-11-05,12,FREC_ST3,0.0,0.0,False,0.0
2025-11-05,12,FREC_ST6,0.0,0.0,False,0.0
2025-11-05,12,FEGC_UNIT1,0.0,0.0,False,0.0
2025-11-05,12,FRONT_EC_CT1,177.0,0.0,True,4956.0
2025-11-05,12,FRONT_EC_CT2,177.0,0.0,True,4956.0
2025-11-05,12,FRONT_EC_ST,167.80561036149257,16.69438963850743,True,4698.5571
2025-11-05,12,GRSES_UNIT1,239.0,0.0,True,8365.0
2025-11-05,12,GRSES_UNIT2,390.0,0.0,True,13650.0
2025-11-05,12,GBY_GBYGT73,72.0,0.0,True,3024.0
2025-11-05,12,GBY_GBYGT74,72.0,0.0,True,3024.0
2025-11-05,12,GBY_GBYGT81,72.0,0.0,True,3024.0
2025-11-05,12,GBY_GBYGT82,72.0,0.0,True,3024.0
2025-11-05,12,GBY_GBYGT83,72.0,0.0,True,3024.0
2025-11-05,12,GBY_GBYGT84,72.0,0.0,True,3024.0
2025-11-05,12,STEAM_ENGINE_1,0.0,0.0,False,0.0
2025-11-05,12,STEAM_ENGINE_2,0.0,0.0,False,0.0
2025-11-05,12,STEAM_ENGINE_3,0.0,0.0,False,0.0
2025-11-05,12,LGE_LGE_GT1,185.0,0.0,True,5180.0
2025-11-05,12,LGE_LGE_GT2,123.17850214956547,61.821497850434525,True,3448.9981
2025-11-05,12,LGE_LGE_STG,30.0,70.0,True,840.0
2025-11-05,12,GUADG_GAS1,0.0,0.0,False,0.0
2025-11-05,12,GUADG_GAS2,0.0,0.0,False,0.0
2025-11-05,12,GUADG_GAS3,0.0,0.0,False,0.0
2025-11-05,12,GUADG_GAS4,0.0,0.0,False,0.0
2025-11-05,12,GUADG_STM5,0.0,0.0,False,0.0
2025-11-05,12,GUADG_STM6,0.0,0.0,False,0.0
2025-11-05,12,HLSES_UNIT3,395.0,0.0,True,13825.0
2025-11-05,12,HLSES_UNIT4,435.0,0.0,True,15225.0
2025-11-05,12,HLSES_UNIT5,435.0,0.0,True,15225.0
2025-11-05,12,HAYSEN_HAYSENG1,0.0,0.0,False,0.0
2025-11-05,12,HAYSEN_HAYSENG2,0.0,0.0,False,0.0
2025-11-05,12,HAYSEN_HAYSENG3,0.0,0.0,False,0.0
2025-11-05,12,HAYSEN_HAYSENG4,0.0,0.0,False,0.0
2025-11-05,12,DUKE_DUKE_GT1,176.6,0.0,True,4944.8
2025-11-05,12,DUKE_DUKE_GT2,176.6,0.0,True,4944.8
2025-11-05,12,DUKE_DUKE_ST1,59.43,138.67,True,1664.04
2025-11-05,12,JACKCNTY_CT1,59.67,139.23,True,1670.76
2025-11-05,12,JACKCNTY_CT2,59.67,139.23,True,1670.76
2025-11-05,12,JCKCNTY2_CT3,59.67,139.23,True,1670.76
2025-11-05,12,JCKCNTY2_CT4,59.67,139.23,True,1670.76
2025-11-05,12,JACKCNTY_STG,0.0,0.0,False,0.0
2025-11-05,12,JCKCNTY2_ST2,0.0,0.0,False,0.0
2025-11-05,12,TEN_CT1,0.0,0.0,False,0.0
2025-11-05,12,TEN_STG,0.0,0.0,False,0.0
2025-11-05,12,LHSES_UNIT1,0.0,0.0,False,0.0
2025-11-05,12,LHSES_UNIT2A,0.0,0.0,False,0.0
2025-11-05,12,LPCCS_CT11,0.0,0.0,False,0.0
2025-11-05,12,LPCCS_CT12,76.58952289848342,109.41047710151656,True,2144.5066
2025-11-05,12,LPCCS_CT21,0.0,0.0,False,0.0
2025-11-05,12,LPCCS_CT22,186.0,0.0,True,5208.0
2025-11-05,12,LPCCS_UNIT1,0.0,0.0,False,0.0
2025-11-05,12,LPCCS_UNIT2,0.0,0.0,False,0.0
2025-11-05,12,LARDVFTN_G4,0.0,0.0,False,0.0
2025-11-05,12,LARDVFTN_G5,0.0,0.0,False,0.0
2025-11-05,12,LEON_CRK_LCPCT1,0.0,0.0,False,0.0
2025-11-05,12,LEON_CRK_LCPCT2,0.0,0.0,False,0.0
2025-11-05,12,LEON_CRK_LCPCT3,0.0,0.0,False,0.0
2025-11-05,12,LEON_CRK_LCPCT4,0.0,0.0,False,0.0
2025-11-05,12,LIG_UNIT1,0.0,0.0,False,0.0
2025-11-05,12,LIG_UNIT2,0.0,0.0,False,0.0
2025-11-05,12,LOSTPI_LOSTPGT1,202.5,0.0,True,5670.0
2025-11-05,12,LOSTPI_LOSTPGT2,202.5,0.0,True,5670.0
2025-11-05,12,LOSTPI_LOSTPST1,204.0,0.0,True,5712.0
2025-11-05,12,NEDIN_NEDIN_G1,0.0,0.0,False,0.0
2025-11-05,12,NEDIN_NEDIN_G2,0.0,0.0,False,0.0
2025-11-05,12,NEDIN_NEDIN_G3,0.0,0.0,False,0.0
2025-11-05,12,MDANP_CT1,0.0,0.0,False,0.0
2025-11-05,12,MDANP_CT2,0.0,0.0,False,0.0
2025-11-05,12,MDANP_CT3,0.0,0.0,False,0.0
2025-11-05,12,MDANP_CT4,0.0,0.0,False,0.0
2025-11-05,12,MDANP_CT5,0.0,0.0,False,0.0
2025-11-05,12,MDANP_CT6,0.0,0.0,False,0.0
2025-11-05,12,MGSES_CT1,0.0,0.0,False,0.0
2025-11-05,12,MGSES_CT2,0.0,0.0,False,0.0
2025-11-05,12,MGSES_CT3,0.0,0.0,False,0.0
2025-11-05,12,MGSES_CT4,0.0,0.0,False,0.0
2025-11-05,12,MGSES_CT5,0.0,0.0,False,0.0
2025-11-05,12,MGSES_CT6,0.0,0.0,False,0.0
2025-11-05,12,MCSES_UNIT6,122.0,0.0,True,4270.0
2025-11-05,12,MCSES_UNIT7,118.0,0.0,True,4130.0
2025-11-05,12,MCSES_UNIT8,568.0,0.0,True,19880.0
2025-11-05,12,NUECES_B_NUECESG8,56.88,132.72,True,1592.64
2025-11-05,12,NUECES_B_NUECESG9,56.88,132.72,True,1592.64
2025-11-05,12,NUECES_B_NUECESG7,105.3,245.7,True,2948.4
2025-11-05,12,CALAVERS_OWS1,0.0,0.0,False,0.0
2025-11-05,12,CALAVERS_OWS2,0.0,0.0,False,0.0
2025-11-05,12,OECCS_CT11,0.0,0.0,False,0.0
2025-11-05,12,OECCS_CT12,0.0,0.0,False,0.0
2025-11-05,12,OECCS_CT21,58.56,136.64,True,1639.68
2025-11-05,12,OECCS_CT22,0.0,0.0,False,0.0
2025-11-05,12,OECCS_UNIT1,67.2,156.8,True,1881.6
2025-11-05,12,OECCS_UNIT2,189.86894433584882,34.13105566415118,True,5316.3304
2025-11-05,12,VICTPRT2_UNIT1,0.0,0.0,False,0.0
2025-11-05,12,VICTPRT2_UNIT2,0.0,0.0,False,0.0
2025-11-05,12,PANDA_S_SHER1CT1,232.0,0.0,True,6496.0
2025-11-05,12,PANDA_S_SHER1CT2,232.0,0.0,True,6496.0
2025-11-05,12,PANDA_S_SHER1ST1,323.74560605466945,29.354393945330543,True,9064.877
2025-11-05,12,PANDA_T1_TMPL1CT1,0.0,0.0,False,0.0
2025-11-05,12,PANDA_T1_TMPL1CT2,0.0,0.0,False,0.0
2025-11-05,12,PANDA_T1_TMPL1ST1,0.0,0.0,False,0.0
2025-11-05,12,PANDA_T2_TMPL2CT1,0.0,0.0,False,0.0
2025-11-05,12,PANDA_T2_TMPL2CT2,0.0,0.0,False,0.0
2025-11-05,12,PANDA_T2_TMPL2ST1,0.0,0.0,False,0.0
2025-11-05,12,TNSKA_GT1,0.0,0.0,False,0.0
2025-11-05,12,TNSKA_GT2,0.0,0.0,False,0.0
2025-11-05,12,TNSKA_STG,0.0,0.0,False,0.0
2025-11-05,12,PSG_PSG_GT2,64.53,150.57,True,1806.84
2025-11-05,12,PSG_PSG_GT3,64.53,150.57,True,1806.84
2025-11-05,12,PSG_PSG_ST2,58.65,136.85,True,1642.2
2025-11-05,12,PEARSAL2_AGR_A,0.0,0.0,False,0.0
2025-11-05,12,PEARSAL2_AGR_B,0.0,0.0,False,0.0
2025-11-05,12,PEARSAL2_AGR_C,0.0,0.0,False,0.0
2025-11-05,12,PEARSAL2_AGR_D,0.0,0.0,False,0.0
2025-11-05,12,PB2SES_CT1,0.0,0.0,False,0.0
2025-11-05,12,PB2SES_CT2,0.0,0.0,False,0.0
2025-11-05,12,PB2SES_CT3,0.0,0.0,False,0.0
2025-11-05,12,PB2SES_CT4,0.0,0.0,False,0.0
2025-11-05,12,PB2SES_CT5,0.0,0.0,False,0.0
2025-11-05,12,PRO_UNIT1,0.0,0.0,False,0.0
2025-11-05,12,PRO_UNIT2,0.0,0.0,False,0.0
2025-11-05,12,PRO_UNIT3,0.0,0.0,False,0.0
2025-11-05,12,PRO_UNIT4,0.0,0.0,False,0.0
2025-11-05,12,PRO_UNIT5,0.0,0.0,False,0.0
2025-11-05,12,PRO_UNIT6,0.0,0.0,False,0.0
2025-11-05,12,PRO_UNIT7,0.0,0.0,False,0.0
2025-11-05,12,PRO_UNIT8,0.0,0.0,False,0.0
2025-11-05,12,BAC_CTG1,65.0,0.0,True,2730.0
2025-11-05,12,BAC_CTG2,65.0,0.0,True,2730.0
2025-11-05,12,BAC_CTG3,65.0,0.0,True,2730.0
2025-11-05,12,BAC_CTG4,65.0,0.0,True,2730.0
2025-11-05,12,BAC_CTG5,65.0,0.0,True,2730.0
2025-11-05,12,BAC_CTG6,65.0,0.0,True,2730.0
2025-11-05,12,STEAM1A_STEAM_1,0.0,0.0,False,0.0
2025-11-05,12,STEAM_STEAM_2,0.0,0.0,False,0.0
2025-11-05,12,STEAM_STEAM_3,0.0,0.0,False,0.0
2025-11-05,12,QALSW_GT1,90.59999999999998,1.4210854715202004e-14,True,2536.8
2025-11-05,12,QALSW_GT2,90.6,0.0,True,2536.8
2025-11-05,12,QALSW_GT3,90.6,0.0,True,2536.8
2025-11-05,12,QALSW_GT4,90.6,0.0,True,2536.8
2025-11-05,12,QALSW_STG1,98.1,0.0,True,2746.8
2025-11-05,12,QALSW_STG2,98.1,0.0,True,2746.8
2025-11-05,12,MIL_MILLERG4,116.0,0.0,True,4872.0
2025-11-05,12,MIL_MILLERG5,116.0,0.0,True,4872.0
2025-11-05,12,MIL_MILLERG1,75.0,0.0,True,2625.0
2025-11-05,12,MIL_MILLERG2,120.0,0.0,True,4200.0
2025-11-05,12,MIL_MILLERG3,216.0,0.0,True,7560.0
2025-11-05,12,OLINGR_OLING_4,0.0,0.0,False,0.0
2025-11-05,12,OLINGR_OLING_2,0.0,0.0,False,0.0
2025-11-05,12,OLINGR_OLING_3,0.0,0.0,False,0.0
2025-11-05,12,RAB_UNIT1,0.0,0.0,False,0.0
2025-11-05,12,RAB_UNIT2,0.0,0.0,False,0.0
2025-11-05,12,RAB_UNIT3,0.0,0.0,False,0.0
2025-11-05,12,RAB_UNIT4,0.0,0.0,False,0.0
2025-11-05,12,RAB_UNIT5,0.0,0.0,False,0.0
2025-11-05,12,RAB_UNIT6,0.0,0.0,False,0.0
2025-11-05,12,RAB_UNIT7,0.0,0.0,False,0.0
2025-11-05,12,RAB_UNIT8,0.0,0.0,False,0.0
2025-11-05,12,REDGATE_AGR_A,0.0,0.0,False,0.0
2025-11-05,12,REDGATE_AGR_B,0.0,0.0,False,0.0
2025-11-05,12,REDGATE_AGR_C,0.0,0.0,False,0.0
2025-11-05,12,REDGATE_AGR_D,0.0,0.0,False,0.0
2025-11-05,12,JAD_UNIT1,0.0,0.0,False,0.0
2025-11-05,12,JAD_UNIT2,0.0,0.0,False,0.0
2025-11-05,12,JAD_UNIT3,0.0,0.0,False,0.0
2025-11-05,12,JAD_UNIT4,0.0,0.0,False,0.0
2025-11-05,12,JAD_UNIT5,0.0,0.0,False,0.0
2025-11-05,12,JAD_UNIT6,0.0,0.0,False,0.0
2025-11-05,12,JAD_UNIT7,0.0,0.0,False,0.0
2025-11-05,12,JAD_UNIT8,0.0,0.0,False,0.0
2025-11-05,12,RIONOG_CT1,0.0,0.0,False,0.0
2025-11-05,12,RIONOG_CT2,0.0,0.0,False,0.0
2025-11-05,12,RIONOG_CT3,0.0,0.0,False,0.0
2025-11-05,12,RIONOG_ST1,0.0,0.0,False,0.0
2025-11-05,12,RAYBURN_RAYBURG7,18.15,42.35,True,508.2
2025-11-05,12,RAYBURN_RAYBURG8,18.15,42.35,True,508.2
2025-11-05,12,RAYBURN_RAYBURG9,18.15,42.35,True,508.2
2025-11-05,12,RAYBURN_RAYBURG10,12.6,29.4,True,352.8
2025-11-05,12,SJS_SJS_G1,88.19999999999999,1.4210854715202004e-14,True,3704.4
2025-11-05,12,SJS_SJS_G2,88.19999999999999,1.4210854715202004e-14,True,3704.4
2025-11-05,12,SANDHSYD_SH1,0.0,0.0,False,0.0
2025-11-05,12,SANDHSYD_SH2,0.0,0.0,False,0.0
2025-11-05,12,SANDHSYD_SH3,0.0,0.0,False,0.0
2025-11-05,12,SANDHSYD_SH4,0.0,0.0,False,0.0
2025-11-05,12,SANDHSYD_SH_5A,196.1625468712055,2.737453128794499,True,5492.5513
2025-11-05,12,SANDHSYD_SH6,0.0,0.0,False,0.0
2025-11-05,12,SANDHSYD_SH7,0.0,0.0,False,0.0
2025-11-05,12,SANDHSYD_SH_5C,191.0,0.0,True,5348.0
2025-11-05,12,SILASRAY_SILAS_10,0.0,0.0,False,0.0
2025-11-05,12,SILASRAY_SILAS_9,50.0,0.0,True,1400.0
2025-11-05,12,SILASRAY_SILAS_6,25.0,0.0,True,700.0
2025-11-05,12,GIDEON_GIDEONG1,0.0,0.0,False,0.0
2025-11-05,12,GIDEON_GIDEONG2,0.0,0.0,False,0.0
2025-11-05,12,GIDEON_GIDEONG3,0.0,0.0,False,0.0
2025-11-05,12,SKY1_SKY1A,0.0,0.0,False,0.0
2025-11-05,12,SKY1_SKY1B,0.0,0.0,False,0.0
2025-11-05,12,SPNCER_SPNCE_4,61.0,0.0,True,2135.0
2025-11-05,12,SPNCER_SPNCE_5,65.0,0.0,True,2275.0
2025-11-05,12,SCSES_UNIT1A,94.7442843170277,82.2557156829723,True,3316.05
2025-11-05,12,SCSES_UNIT2,502.0,0.0,True,17570.0
2025-11-05,12,THW_THWGT_1,16.30000000000182,-1.8189894035458565e-12,True,684.6
2025-11-05,12,THW_THWGT31,51.3,0.0,True,1436.4
2025-11-05,12,THW_THWGT32,51.3,0.0,True,1436.4
2025-11-05,12,THW_THWGT33,51.3,0.0,True,1436.4
2025-11-05,12,THW_THWGT34,51.3,0.0,True,1436.4
2025-11-05,12,THW_THWGT41,51.3,0.0,True,1436.4
2025-11-05,12,THW_THWGT42,51.3,0.0,True,1436.4
2025-11-05,12,THW_THWGT43,62.0,0.0,True,1736.0
2025-11-05,12,THW_THWGT44,62.0,0.0,True,1736.0
2025-11-05,12,THW_THWGT51,85.0,0.0,True,3570.0
2025-11-05,12,THW_THWGT52,85.0,0.0,True,3570.0
2025-11-05,12,THW_THWGT53,85.0,0.0,True,3570.0
2025-11-05,12,THW_THWGT54,85.0,0.0,True,3570.0
2025-11-05,12,THW_THWGT55,85.0,0.0,True,3570.0
2025-11-05,12,THW_THWGT56,85.0,0.0,True,3570.0
2025-11-05,12,THW_THWST_3,113.1,0.0,True,3166.8
2025-11-05,12,THW_THWST_4,113.1,0.0,True,3166.8
2025-11-05,12,TXCTY_CTA,129.1,0.0,True,3614.8
2025-11-05,12,TXCTY_CTB,129.1,0.0,True,3614.8
2025-11-05,12,TXCTY_CTC,129.1,0.0,True,3614.8
2025-11-05,12,TXCTY_ST,143.7,0.0,True,4023.6
2025-11-05,12,TGS_GT01,0.0,0.0,False,0.0
2025-11-05,12,TIMPP_AGR1,0.0,0.0,False,0.0
2025-11-05,12,TIMPP_AGR2,0.0,0.0,False,0.0
2025-11-05,12,TIMPP_AGR3,0.0,0.0,False,0.0
2025-11-05,12,TIMPP_AGR4,0.0,0.0,False,0.0
2025-11-05,12,TRSES_UNIT6,239.0,0.0,True,8365.0
2025-11-05,12,TOPAZ_UNIT1,60.5,0.0,True,2541.0
2025-11-05,12,TOPAZ_UNIT2,60.5,0.0,True,2541.0
2025-11-05,12,TOPAZ_UNIT3,60.5,0.0,True,2541.0
2025-11-05,12,TOPAZ_UNIT4,60.5,0.0,True,2541.0
2025-11-05,12,TOPAZ_UNIT5,60.5,0.0,True,2541.0
2025-11-05,12,TOPAZ_UNIT6,60.5,0.0,True,2541.0
2025-11-05,12,TOPAZ_UNIT7,60.5,0.0,True,2541.0
2025-11-05,12,TOPAZ_UNIT8,60.5,0.0,True,2541.0
2025-11-05,12,TOPAZ_UNIT9,60.5,0.0,True,2541.0
2025-11-05,12,TOPAZ_UNIT10,60.5,0.0,True,2541.0
2025-11-05,12,BRAUNIG_VHB6CT5,0.0,0.0,False,0.0
2025-11-05,12,BRAUNIG_VHB6CT6,0.0,0.0,False,0.0
2025-11-05,12,BRAUNIG_VHB6CT7,0.0,0.0,False,0.0
2025-11-05,12,BRAUNIG_VHB6CT8,0.0,0.0,False,0.0
2025-11-05,12,CITYVICT_CTG01,0.0,0.0,False,0.0
2025-11-05,12,CITYVICT_CTG02,0.0,0.0,False,0.0
2025-11-05,12,VICTPORT_CTG01,0.0,0.0,False,0.0
2025-11-05,12,VICTPORT_CTG02,0.0,0.0,False,0.0
2025-11-05,12,VICTORIA_VICTORG6,155.91938272906134,40.980617270938666,True,4365.7427
2025-11-05,12,VICTORIA_VICTORG5,180.2,0.0,True,5045.6
2025-11-05,12,WAP_WAPGT_1,0.0,0.0,False,0.0
2025-11-05,12,WAP_WAP_G1,0.0,0.0,False,0.0
2025-11-05,12,WAP_WAP_G2,0.0,0.0,False,0.0
2025-11-05,12,WAP_WAP_G3,0.0,0.0,False,0.0
2025-11-05,12,WAP_WAP_G4,0.0,0.0,False,0.0
2025-11-05,12,WFCOGEN_UNIT1,20.0,0.0,True,560.0
2025-11-05,12,WFCOGEN_UNIT2,20.0,0.0,True,560.0
2025-11-05,12,WFCOGEN_UNIT3,20.0,0.0,True,560.0
2025-11-05,12,WIPOPA_WPP_G1,6.05,54.45,True,254.1
2025-11-05,12,WIPOPA_WPP_G2,6.05,54.45,True,254.1
2025-11-05,12,WIPOPA_WPP_G3,60.5,0.0,True,2541.0
2025-11-05,12,WIPOPA_WPP_G4,33.19542729028423,27.30457270971577,True,1394.2079
2025-11-05,12,WCPP_CT1,0.0,0.0,False,0.0
2025-11-05,12,WCPP_CT2,0.0,0.0,False,0.0
2025-11-05,12,WCPP_ST1,0.0,0.0,False,0.0
2025-11-05,12,WHCCS_CT1,0.0,0.0,False,0.0
2025-11-05,12,WHCCS_CT2,0.0,0.0,False,0.0
2025-11-05,12,WHCCS_STG,0.0,0.0,False,0.0
2025-11-05,12,WHCCS2_CT4,0.0,0.0,False,0.0
2025-11-05,12,WHCCS2_CT5,0.0,0.0,False,0.0
2025-11-05,12,WHCCS2_STG6,0.0,0.0,False,0.0
2025-11-05,12,NACPW_UNIT1,0.0,0.0,False,0.0
2025-11-05,12,HBR_2UNITS,3.2,0.0,True,128.0
2025-11-05,12,TRIRA_1UNIT,4.0,0.0,True,160.0
2025-11-05,12,78252_4UNITS,0.0,0.0,False,0.0
2025-11-05,12,SPRIN_4UNITS,0.0,0.0,False,0.0
2025-11-05,12,FREIH_2UNITS,0.0,0.0,False,0.0
2025-11-05,12,WSTHL_3UNITS,4.8,0.0,True,192.0
2025-11-05,12,FEGC_CTG2,0.0,0.0,False,0.0
2025-11-05,12,FEGC_CTG3,0.0,0.0,False,0.0
2025-11-05,12,FEGC_CTG4,0.0,0.0,False,0.0
2025-11-05,12,OLNEYTN_AGR1,10.0,0.0,True,600.0
2025-11-05,12,AMISTAD_AMISTAG1,0.0,0.0,False,0.0
2025-11-05,12,AMISTAD_AMISTAG2,0.0,0.0,False,0.0
2025-11-05,12,AUSTPL_AUSTING1,9.0,0.0,True,9.0
2025-11-05,12,AUSTPL_AUSTING2,9.0,0.0,True,9.0
2025-11-05,12,BUCHAN_BUCHANG1,18.299999999999997,3.552713678800501e-15,True,18.3
2025-11-05,12,BUCHAN_BUCHANG2,18.299999999999997,3.552713678800501e-15,True,18.3
2025-11-05,12,BUCHAN_BUCHANG3,18.299999999999997,3.552713678800501e-15,True,18.3
2025-11-05,12,DNDAM_DENISOG1,50.8,0.0,True,50.8
2025-11-05,12,DNDAM_DENISOG2,50.8,0.0,True,50.8
2025-11-05,12,FALCON_FALCONG1,12.0,0.0,True,12.0
2025-11-05,12,FALCON_FALCONG2,12.0,0.0,True,12.0
2025-11-05,12,FALCON_FALCONG3,12.0,0.0,True,12.0
2025-11-05,12,WIRTZ_WIRTZ_G1,29.0,0.0,True,29.0
2025-11-05,12,WIRTZ_WIRTZ_G2,29.0,0.0,True,29.0
2025-11-05,12,CANYHY_CANYHYG1,6.0,0.0,True,6.0
2025-11-05,12,INKSDA_INKS_G1,15.0,0.0,True,15.0
2025-11-05,12,MARBFA_MARBFAG1,21.0,0.0,True,21.0
2025-11-05,12,MARBFA_MARBFAG2,20.0,0.0,True,20.0
2025-11-05,12,MARSFO_MARSFOG1,36.0,0.0,True,36.0
2025-11-05,12,MARSFO_MARSFOG2,36.0,0.0,True,36.0
2025-11-05,12,MARSFO_MARSFOG3,36.0,0.0,True,36.0
2025-11-05,12,WND_WHITNEY1,0.0,0.0,False,0.0
2025-11-05,12,WND_WHITNEY2,0.0,0.0,False,0.0
2025-11-05,12,AEEC_ANTLP_1,0.0,0.0,False,0.0
2025-11-05,12,AEEC_ANTLP_2,0.0,0.0,False,0.0
2025-11-05,12,AEEC_ANTLP_3,0.0,0.0,False,0.0
2025-11-05,12,AEEC_ELK_1,0.0,0.0,False,0.0
2025-11-05,12,AEEC_ELK_2,0.0,0.0,False,0.0
2025-11-05,12,AEEC_ELK_3,0.0,0.0,False,0.0
2025-11-05,12,FTR_FTR_G1,0.0,0.0,False,0.0
2025-11-05,12,FTR_FTR_G2,0.0,0.0,False,0.0
2025-11-05,12,FTR_FTR_G3,0.0,0.0,False,0.0
2025-11-05,12,FTR_FTR_G4,0.0,0.0,False,0.0
2025-11-05,12,TGCCS_CT1,0.0,0.0,False,0.0
2025-11-05,12,TGCCS_CT2,0.0,0.0,False,0.0
2025-11-05,12,TGCCS_CT3,0.0,0.0,False,0.0
2025-11-05,12,TGCCS_UNIT4,120.0,280.0,True,3360.0
2025-11-05,12,KMCHI_1CT101,55.5,129.5,True,1554.0
2025-11-05,12,KMCHI_1CT201,55.5,129.5,True,1554.0
2025-11-05,12,KMCHI_1ST,330.0,0.0,True,9240.0
2025-11-05,12,KMCHI_2CT101,0.0,0.0,False,0.0
2025-11-05,12,KMCHI_2CT201,55.5,129.5,True,1554.0
2025-11-05,12,KMCHI_2ST,99.0,231.0,True,2772.0
2025-11-05,12,A4_DGR1,0.0,0.0,False,0.0
2025-11-05,12,A4_DGR2,0.0,0.0,False,0.0
2025-11-05,12,K2_DGR1,0.0,0.0,False,0.0
2025-11-05,12,K2_DGR2,0.0,0.0,False,0.0
2025-11-05,12,P2_DGR1,0.0,0.0,False,0.0
2025-11-05,12,P2_DGR2,0.0,0.0,False,0.0
2025-11-05,12,Q1_DGR1,0.0,0.0,False,0.0
2025-11-05,12,BRAUNIG_VHB3,0.0,0.0,False,0.0
2025-11-05,12,V2_DGR1,0.0,0.0,False,0.0
2025-11-05,12,V2_DGR2,0.0,0.0,False,0.0
2025-11-05,12,V2_DGR3,0.0,0.0,False,0.0
2025-11-05,12,V4_DGR1,0.0,0.0,False,0.0
2025-11-05,12,X1_DGR1,0.0,0.0,False,0.0
2025-11-05,12,Z0_DGR1,0.0,0.0,False,0.0
2025-11-05,12,Z0_DGR2,0.0,0.0,False,0.0
2025-11-05,12,Z5_DGR1,0.0,0.0,False,0.0
2025-11-05,12,DC_E,437.9058039683548,162.0941960316452,True,15326.7031
2025-11-05,12,DC_N,204.77519177986073,15.224808220139266,True,7167.1317
2025-11-05,12,DC_L,0.0,0.0,False,0.0
2025-11-05,12,DC_R,0.0,0.0,False,0.0
2025-11-05,12,CEDARVALE_GAS,0.0,0.0,False,0.0
2025-11-05,12,ENCHANTED_ROCK_NEWPP,30.0,0.0,True,1350.0
2025-11-05,13,CPSES_UNIT1,1269.0,0.0,True,10152.0
2025-11-05,13,CPSES_UNIT2,1269.0,0.0,True,10152.0
2025-11-05,13,STP_STP_G1,1365.0,0.0,True,10920.0
2025-11-05,13,STP_STP_G2,1365.0,0.0,True,10920.0
2025-11-05,13,COLETO_COLETOG1,655.0,0.0,True,16375.0
2025-11-05,13,FPPYD1_FPP_G1,615.0,0.0,True,15375.0
2025-11-05,13,FPPYD1_FPP_G2,615.0,0.0,True,15375.0
2025-11-05,13,FPPYD2_FPP_G3,460.0,0.0,True,11500.0
2025-11-05,13,CALAVERS_JKS1,224.0,336.0,True,5600.0
2025-11-05,13,CALAVERS_JKS2,436.7017435981664,485.29825640183367,True,10917.5436
2025-11-05,13,LEG_LEG_G1,0.0,0.0,False,0.0
2025-11-05,13,LEG_LEG_G2,0.0,0.0,False,0.0
2025-11-05,13,MLSES_UNIT1,0.0,0.0,False,0.0
2025-11-05,13,MLSES_UNIT2,0.0,0.0,False,0.0
2025-11-05,13,MLSES_UNIT3,0.0,0.0,False,0.0
2025-11-05,13,OGSES_UNIT1A,0.0,0.0,False,0.0
2025-11-05,13,OGSES_UNIT2,0.0,0.0,False,0.0
2025-11-05,13,SANMIGL_G1,430.0,0.0,True,10750.0
2025-11-05,13,SCES_UNIT1,0.0,0.0,False,0.0
2025-11-05,13,TNP_ONE_TNP_O_1,0.0,0.0,False,0.0
2025-11-05,13,TNP_ONE_TNP_O_2,0.0,0.0,False,0.0
2025-11-05,13,WAP_WAP_G5,0.0,0.0,False,0.0
2025-11-05,13,WAP_WAP_G6,0.0,0.0,False,0.0
2025-11-05,13,WAP_WAP_G7,440.9176200984624,173.68237990153767,True,11022.9405
2025-11-05,13,WAP_WAP_G8,261.6,392.4,True,6540.0
2025-11-05,13,BRAUNIG_AVR1_CT1,0.0,0.0,False,0.0
2025-11-05,13,BRAUNIG_AVR1_CT2,0.0,0.0,False,0.0
2025-11-05,13,BRAUNIG_AVR1_ST,0.0,0.0,False,0.0
2025-11-05,13,ATKINS_ATKINSG7,0.0,0.0,False,0.0
2025-11-05,13,B_DAVIS_B_DAVIG3,56.88,132.72,True,1592.64
2025-11-05,13,B_DAVIS_B_DAVIG4,100.35850214956554,89.24149785043446,True,2810.0381
2025-11-05,13,B_DAVIS_B_DAVIG1,0.0,0.0,False,0.0
2025-11-05,13,B_DAVIS_B_DAVIG2,0.0,0.0,False,0.0
2025-11-05,13,BASTEN_GTG1100,0.0,0.0,False,0.0
2025-11-05,13,BASTEN_GTG2100,0.0,0.0,False,0.0
2025-11-05,13,BASTEN_ST0100,0.0,0.0,False,0.0
2025-11-05,13,BCH_UNIT1,60.5,0.0,True,2541.0
2025-11-05,13,BCH_UNIT2,60.5,0.0,True,2541.0
2025-11-05,13,BCH_UNIT3,60.5,0.0,True,2541.0
2025-11-05,13,BCH_UNIT4,60.5,0.0,True,2541.0
2025-11-05,13,BCH_UNIT5,60.5,0.0,True,2541.0
2025-11-05,13,BCH_UNIT6,60.5,0.0,True,2541.0
2025-11-05,13,BCH_UNIT7,60.5,0.0,True,2541.0
2025-11-05,13,BCH_UNIT8,60.5,0.0,True,2541.0
2025-11-05,13,BOSQUESW_BSQSU_1,0.0,0.0,False,0.0
2025-11-05,13,BOSQUESW_BSQSU_2,0.0,0.0,False,0.0
2025-11-05,13,BOSQUESW_BSQSU_3,0.0,0.0,False,0.0
2025-11-05,13,BOSQUESW_BSQSU_4,0.0,0.0,False,0.0
2025-11-05,13,BOSQUESW_BSQSU_5,0.0,0.0,False,0.0
2025-11-05,13,BVE_UNIT1,198.90000000000003,-2.842170943040401e-14,True,5569.2
2025-11-05,13,BVE_UNIT2,198.90000000000003,-2.842170943040401e-14,True,5569.2
2025-11-05,13,BVE_UNIT3,275.6,0.0,True,7716.8
2025-11-05,13,BTM_UNIT1,60.5,0.0,True,2541.0
2025-11-05,13,BTM_UNIT2,60.5,0.0,True,2541.0
2025-11-05,13,BTM_UNIT3,60.5,0.0,True,2541.0
2025-11-05,13,BTM_UNIT4,60.5,0.0,True,2541.0
2025-11-05,13,BTM_UNIT5,60.5,0.0,True,2541.0
2025-11-05,13,BTM_UNIT6,60.5,0.0,True,2541.0
2025-11-05,13,BTM_UNIT7,60.5,0.0,True,2541.0
2025-11-05,13,BTM_UNIT8,60.5,0.0,True,2541.0
2025-11-05,13,FLCNS_UNIT1,0.0,0.0,False,0.0
2025-11-05,13,FLCNS_UNIT2,0.0,0.0,False,0.0
2025-11-05,13,CALHOUN_UNIT1,0.0,0.0,False,0.0
2025-11-05,13,CALHOUN_UNIT2,0.0,0.0,False,0.0
2025-11-05,13,CHAMON_CTG_0101,60.5,0.0,True,2541.0
2025-11-05,13,CHAMON_CTG_0301,60.5,0.0,True,2541.0
2025-11-05,13,CBY4_CT41,205.0,0.0,True,5740.0
2025-11-05,13,CBY4_CT42,205.0,0.0,True,5740.0
2025-11-05,13,CBY4_ST04,205.0,0.0,True,5740.0
2025-11-05,13,CBY_CBY_G1,765.0,0.0,True,26775.0
2025-11-05,13,CBY_CBY_G2,765.0,0.0,True,26775.0
2025-11-05,13,CBEC_GT1,86.5,0.0,True,2422.0
2025-11-05,13,CBEC_GT2,86.5,0.0,True,2422.0
2025-11-05,13,CBEC_GT3,86.5,0.0,True,2422.0
2025-11-05,13,CBEC_GT4,86.5,0.0,True,2422.0
2025-11-05,13,CBEC_STG1,105.0,0.0,True,2940.0
2025-11-05,13,CBEC_STG2,108.79999999999997,2.842170943040401e-14,True,3046.4
2025-11-05,13,CBECII_CT7,360.9,0.0,True,10105.2
2025-11-05,13,CBECII_CT8,360.9,0.0,True,10105.2
2025-11-05,13,CBECII_STG9,326.74077720590543,181.75922279409457,True,9148.7418
2025-11-05,13,CBEC_GT11,41.7,0.0,True,1751.4
2025-11-05,13,CBEC_GT12,8.1348555343758,33.5651444656242,True,341.6639
2025-11-05,13,CVC_CVC_G1,192.1,0.0,True,5378.8
2025-11-05,13,CVC_CVC_G2,192.1,0.0,True,5378.8
2025-11-05,13,CVC_CVC_G3,192.1,0.0,True,5378.8
2025-11-05,13,CVC_CVC_G5,150.0,0.0,True,4200.0
2025-11-05,13,DANSBY_DANSBYG2,0.0,0.0,False,0.0
2025-11-05,13,DANSBY_DANSBYG3,0.0,0.0,False,0.0
2025-11-05,13,DANSBY_DANSBYG1,0.0,0.0,False,0.0
2025-11-05,13,DECKER_DPGT_1,0.0,0.0,False,0.0
2025-11-05,13,DECKER_DPGT_2,0.0,0.0,False,0.0
2025-11-05,13,DECKER_DPGT_3,0.0,0.0,False,0.0
2025-11-05,13,DECKER_DPGT_4,0.0,0.0,False,0.0
2025-11-05,13,DCSES_CT10,0.0,0.0,False,0.0
2025-11-05,13,DCSES_CT20,0.0,0.0,False,0.0
2025-11-05,13,DCSES_CT30,0.0,0.0,False,0.0
2025-11-05,13,DCSES_CT40,0.0,0.0,False,0.0
2025-11-05,13,DDPEC_GT1,0.0,0.0,False,0.0
2025-11-05,13,DDPEC_GT2,168.71169993659828,46.28830006340171,True,4723.9276
2025-11-05,13,DDPEC_GT3,60.9,142.1,True,1705.2
2025-11-05,13,DDPEC_GT4,0.0,0.0,False,0.0
2025-11-05,13,DDPEC_GT6,59.7,139.3,True,1671.6
2025-11-05,13,DDPEC_ST1,0.0,0.0,False,0.0
2025-11-05,13,DEC_AGR_A,56.5,0.0,True,2542.5
2025-11-05,13,DEC_AGR_B,56.5,0.0,True,2542.5
2025-11-05,13,DEC_AGR_C,56.5,0.0,True,2542.5
2025-11-05,13,DEC_AGR_D,56.5,0.0,True,2542.5
2025-11-05,13,ECEC_G1,0.0,0.0,False,0.0
2025-11-05,13,ECEC_G2,0.0,0.0,False,0.0
2025-11-05,13,ETCCS_CT1,260.0,0.0,True,7280.0
2025-11-05,13,ETCCS_UNIT1,140.0,0.0,True,3920.0
2025-11-05,13,AZ_AZ_G1,0.0,0.0,False,0.0
2025-11-05,13,AZ_AZ_G2,0.0,0.0,False,0.0
2025-11-05,13,AZ_AZ_G3,0.0,0.0,False,0.0
2025-11-05,13,AZ_AZ_G4,0.0,0.0,False,0.0
2025-11-05,13,FERGCC_FERGGT1,0.0,0.0,False,0.0
2025-11-05,13,FERGCC_FERGGT2,0.0,0.0,False,0.0
2025-11-05,13,FERGCC_FERGST1,83.43444619342804,120.56555380657196,True,2336.1645
2025-11-05,13,FRNYPP_GT11,0.0,0.0,False,0.0
2025-11-05,13,FRNYPP_GT12,0.0,0.0,False,0.0
2025-11-05,13,FRNYPP_GT13,0.0,0.0,False,0.0
2025-11-05,13,FRNYPP_GT21,0.0,0.0,False,0.0
2025-11-05,13,FRNYPP_GT22,0.0,0.0,False,0.0
2025-11-05,13,FRNYPP_GT23,0.0,0.0,False,0.0
2025-11-05,13,FRNYPP_ST10,0.0,0.0,False,0.0
2025-11-05,13,FRNYPP_ST20,0.0,0.0,False,0.0
2025-11-05,13,FREC_GT1,179.4,0.0,True,5023.2
2025-11-05,13,FREC_GT2,179.4,0.0,True,5023.2
2025-11-05,13,FREC_GT4,179.4,0.0,True,5023.2
2025-11-05,13,FREC_GT5,121.90699938084128,57.49300061915872,True,3413.396
2025-11-05,13,FREC_ST3,0.0,0.0,False,0.0
2025-11-05,13,FREC_ST6,0.0,0.0,False,0.0
2025-11-05,13,FEGC_UNIT1,0.0,0.0,False,0.0
2025-11-05,13,FRONT_EC_CT1,177.0,0.0,True,4956.0
2025-11-05,13,FRONT_EC_CT2,160.30561036149314,16.694389638506863,True,4488.5571
2025-11-05,13,FRONT_EC_ST,184.5,0.0,True,5166.0
2025-11-05,13,GRSES_UNIT1,239.0,0.0,True,8365.0
2025-11-05,13,GRSES_UNIT2,390.0,0.0,True,13650.0
2025-11-05,13,GBY_GBYGT73,72.0,0.0,True,3024.0
2025-11-05,13,GBY_GBYGT74,72.0,0.0,True,3024.0
2025-11-05,13,GBY_GBYGT81,72.0,0.0,True,3024.0
2025-11-05,13,GBY_GBYGT82,72.0,0.0,True,3024.0
2025-11-05,13,GBY_GBYGT83,72.0,0.0,True,3024.0
2025-11-05,13,GBY_GBYGT84,72.0,0.0,True,3024.0
2025-11-05,13,STEAM_ENGINE_1,0.0,0.0,False,0.0
2025-11-05,13,STEAM_ENGINE_2,0.0,0.0,False,0.0
2025-11-05,13,STEAM_ENGINE_3,0.0,0.0,False,0.0
2025-11-05,13,LGE_LGE_GT1,185.0,0.0,True,5180.0
2025-11-05,13,LGE_LGE_GT2,185.0,0.0,True,5180.0
2025-11-05,13,LGE_LGE_STG,30.0,70.0,True,840.0
2025-11-05,13,GUADG_GAS1,0.0,0.0,False,0.0
2025-11-05,13,GUADG_GAS2,0.0,0.0,False,0.0
2025-11-05,13,GUADG_GAS3,0.0,0.0,False,0.0
2025-11-05,13,GUADG_GAS4,0.0,0.0,False,0.0
2025-11-05,13,GUADG_STM5,0.0,0.0,False,0.0
2025-11-05,13,GUADG_STM6,0.0,0.0,False,0.0
2025-11-05,13,HLSES_UNIT3,395.0,0.0,True,13825.0
2025-11-05,13,HLSES_UNIT4,435.0,0.0,True,15225.0
2025-11-05,13,HLSES_UNIT5,435.0,0.0,True,15225.0
2025-11-05,13,HAYSEN_HAYSENG1,0.0,0.0,False,0.0
2025-11-05,13,HAYSEN_HAYSENG2,0.0,0.0,False,0.0
2025-11-05,13,HAYSEN_HAYSENG3,0.0,0.0,False,0.0
2025-11-05,13,HAYSEN_HAYSENG4,0.0,0.0,False,0.0
2025-11-05,13,DUKE_DUKE_GT1,176.6,0.0,True,4944.8
2025-11-05,13,DUKE_DUKE_GT2,176.6,0.0,True,4944.8
2025-11-05,13,DUKE_DUKE_ST1,59.43,138.67,True,1664.04
2025-11-05,13,JACKCNTY_CT1,59.67,139.23,True,1670.76
2025-11-05,13,JACKCNTY_CT2,59.67,139.23,True,1670.76
2025-11-05,13,JCKCNTY2_CT3,59.67,139.23,True,1670.76
2025-11-05,13,JCKCNTY2_CT4,59.67,139.23,True,1670.76
2025-11-05,13,JACKCNTY_STG,0.0,0.0,False,0.0
2025-11-05,13,JCKCNTY2_ST2,0.0,0.0,False,0.0
2025-11-05,13,TEN_CT1,0.0,0.0,False,0.0
2025-11-05,13,TEN_STG,0.0,0.0,False,0.0
2025-11-05,13,LHSES_UNIT1,0.0,0.0,False,0.0
2025-11-05,13,LHSES_UNIT2A,0.0,0.0,False,0.0
2025-11-05,13,LPCCS_CT11,0.0,0.0,False,0.0
2025-11-05,13,LPCCS_CT12,186.0,0.0,True,5208.0
2025-11-05,13,LPCCS_CT21,0.0,0.0,False,0.0
2025-11-05,13,LPCCS_CT22,76.58952289848058,109.4104771015194,True,2144.5066
2025-11-05,13,LPCCS_UNIT1,0.0,0.0,False,0.0
2025-11-05,13,LPCCS_UNIT2,0.0,0.0,False,0.0
2025-11-05,13,LARDVFTN_G4,0.0,0.0,False,0.0
2025-11-05,13,LARDVFTN_G5,0.0,0.0,False,0.0
2025-11-05,13,LEON_CRK_LCPCT1,0.0,0.0,False,0.0
2025-11-05,13,LEON_CRK_LCPCT2,0.0,0.0,False,0.0
2025-11-05,13,LEON_CRK_LCPCT3,0.0,0.0,False,0.0
2025-11-05,13,LEON_CRK_LCPCT4,0.0,0.0,False,0.0
2025-11-05,13,LIG_UNIT1,0.0,0.0,False,0.0
2025-11-05,13,LIG_UNIT2,0.0,0.0,False,0.0
2025-11-05,13,LOSTPI_LOSTPGT1,202.5,0.0,True,5670.0
2025-11-05,13,LOSTPI_LOSTPGT2,202.5,0.0,True,5670.0
2025-11-05,13,LOSTPI_LOSTPST1,204.0,0.0,True,5712.0
2025-11-05,13,NEDIN_NEDIN_G1,0.0,0.0,False,0.0
2025-11-05,13,NEDIN_NEDIN_G2,0.0,0.0,False,0.0
2025-11-05,13,NEDIN_NEDIN_G3,0.0,0.0,False,0.0
2025-11-05,13,MDANP_CT1,0.0,0.0,False,0.0
2025-11-05,13,MDANP_CT2,0.0,0.0,False,0.0
2025-11-05,13,MDANP_CT3,0.0,0.0,False,0.0
2025-11-05,13,MDANP_CT4,0.0,0.0,False,0.0
2025-11-05,13,MDANP_CT5,0.0,0.0,False,0.0
2025-11-05,13,MDANP_CT6,0.0,0.0,False,0.0
2025-11-05,13,MGSES_CT1,0.0,0.0,False,0.0
2025-11-05,13,MGSES_CT2,0.0,0.0,False,0.0
2025-11-05,13,MGSES_CT3,0.0,0.0,False,0.0
2025-11-05,13,MGSES_CT4,0.0,0.0,False,0.0
2025-11-05,13,MGSES_CT5,0.0,0.0,False,0.0
2025-11-05,13,MGSES_CT6,0.0,0.0,False,0.0
2025-11-05,13,MCSES_UNIT6,122.0,0.0,True,4270.0
2025-11-05,13,MCSES_UNIT7,118.0,0.0,True,4130.0
2025-11-05,13,MCSES_UNIT8,568.0,0.0,True,19880.0
2025-11-05,13,NUECES_B_NUECESG8,56.88,132.72,True,1592.64
2025-11-05,13,NUECES_B_NUECESG9,56.88,132.72,True,1592.64
2025-11-05,13,NUECES_B_NUECESG7,105.3,245.7,True,2948.4
2025-11-05,13,CALAVERS_OWS1,0.0,0.0,False,0.0
2025-11-05,13,CALAVERS_OWS2,0.0,0.0,False,0.0
2025-11-05,13,OECCS_CT11,0.0,0.0,False,0.0
2025-11-05,13,OECCS_CT12,0.0,0.0,False,0.0
2025-11-05,13,OECCS_CT21,58.56,136.64,True,1639.68
2025-11-05,13,OECCS_CT22,0.0,0.0,False,0.0
2025-11-05,13,OECCS_UNIT1,67.2,156.8,True,1881.6
2025-11-05,13,OECCS_UNIT2,189.86894433579033,34.13105566420967,True,5316.3304
2025-11-05,13,VICTPRT2_UNIT1,0.0,0.0,False,0.0
2025-11-05,13,VICTPRT2_UNIT2,0.0,0.0,False,0.0
2025-11-05,13,PANDA_S_SHER1CT1,232.0,0.0,True,6496.0
2025-11-05,13,PANDA_S_SHER1CT2,232.0,0.0,True,6496.0
2025-11-05,13,PANDA_S_SHER1ST1,340.54560605466975,12.554393945330304,True,9535.277
2025-11-05,13,PANDA_T1_TMPL1CT1,0.0,0.0,False,0.0
2025-11-05,13,PANDA_T1_TMPL1CT2,0.0,0.0,False,0.0
2025-11-05,13,PANDA_T1_TMPL1ST1,0.0,0.0,False,0.0
2025-11-05,13,PANDA_T2_TMPL2CT1,0.0,0.0,False,0.0
2025-11-05,13,PANDA_T2_TMPL2CT2,0.0,0.0,False,0.0
2025-11-05,13,PANDA_T2_TMPL2ST1,0.0,0.0,False,0.0
2025-11-05,13,TNSKA_GT1,0.0,0.0,False,0.0
2025-11-05,13,TNSKA_GT2,0.0,0.0,False,0.0
2025-11-05,13,TNSKA_STG,0.0,0.0,False,0.0
2025-11-05,13,PSG_PSG_GT2,64.53,150.57,True,1806.84
2025-11-05,13,PSG_PSG_GT3,64.53,150.57,True,1806.84
2025-11-05,13,PSG_PSG_ST2,58.65,136.85,True,1642.2
2025-11-05,13,PEARSAL2_AGR_A,0.0,0.0,False,0.0
2025-11-05,13,PEARSAL2_AGR_B,0.0,0.0,False,0.0
2025-11-05,13,PEARSAL2_AGR_C,0.0,0.0,False,0.0
2025-11-05,13,PEARSAL2_AGR_D,0.0,0.0,False,0.0
2025-11-05,13,PB2SES_CT1,0.0,0.0,False,0.0
2025-11-05,13,PB2SES_CT2,0.0,0.0,False,0.0
2025-11-05,13,PB2SES_CT3,0.0,0.0,False,0.0
2025-11-05,13,PB2SES_CT4,0.0,0.0,False,0.0
2025-11-05,13,PB2SES_CT5,0.0,0.0,False,0.0
2025-11-05,13,PRO_UNIT1,0.0,0.0,False,0.0
2025-11-05,13,PRO_UNIT2,0.0,0.0,False,0.0
2025-11-05,13,PRO_UNIT3,0.0,0.0,False,0.0
2025-11-05,13,PRO_UNIT4,0.0,0.0,False,0.0
2025-11-05,13,PRO_UNIT5,0.0,0.0,False,0.0
2025-11-05,13,PRO_UNIT6,0.0,0.0,False,0.0
2025-11-05,13,PRO_UNIT7,0.0,0.0,False,0.0
2025-11-05,13,PRO_UNIT8,0.0,0.0,False,0.0
2025-11-05,13,BAC_CTG1,65.0,0.0,True,2730.0
2025-11-05,13,BAC_CTG2,65.0,0.0,True,2730.0
2025-11-05,13,BAC_CTG3,65.0,0.0,True,2730.0
2025-11-05,13,BAC_CTG4,65.0,0.0,True,2730.0
2025-11-05,13,BAC_CTG5,65.0,0.0,True,2730.0
2025-11-05,13,BAC_CTG6,65.0,0.0,True,2730.0
2025-11-05,13,STEAM1A_STEAM_1,0.0,0.0,False,0.0
2025-11-05,13,STEAM_STEAM_2,0.0,0.0,False,0.0
2025-11-05,13,STEAM_STEAM_3,0.0,0.0,False,0.0
2025-11-05,13,QALSW_GT1,90.6,0.0,True,2536.8
2025-11-05,13,QALSW_GT2,90.6,0.0,True,2536.8
2025-11-05,13,QALSW_GT3,90.6,0.0,True,2536.8
2025-11-05,13,QALSW_GT4,90.6,0.0,True,2536.8
2025-11-05,13,QALSW_STG1,98.1,0.0,True,2746.8
2025-11-05,13,QALSW_STG2,98.1,0.0,True,2746.8
2025-11-05,13,MIL_MILLERG4,116.0,0.0,True,4872.0
2025-11-05,13,MIL_MILLERG5,116.0,0.0,True,4872.0
2025-11-05,13,MIL_MILLERG1,75.0,0.0,True,2625.0
2025-11-05,13,MIL_MILLERG2,120.0,0.0,True,4200.0
2025-11-05,13,MIL_MILLERG3,216.0,0.0,True,7560.0
2025-11-05,13,OLINGR_OLING_4,0.0,0.0,False,0.0
2025-11-05,13,OLINGR_OLING_2,0.0,0.0,False,0.0
2025-11-05,13,OLINGR_OLING_3,0.0,0.0,False,0.0
2025-11-05,13,RAB_UNIT1,0.0,0.0,False,0.0
2025-11-05,13,RAB_UNIT2,0.0,0.0,False,0.0
2025-11-05,13,RAB_UNIT3,0.0,0.0,False,0.0
2025-11-05,13,RAB_UNIT4,0.0,0.0,False,0.0
2025-11-05,13,RAB_UNIT5,0.0,0.0,False,0.0
2025-11-05,13,RAB_UNIT6,0.0,0.0,False,0.0
2025-11-05,13,RAB_UNIT7,0.0,0.0,False,0.0
2025-11-05,13,RAB_UNIT8,0.0,0.0,False,0.0
2025-11-05,13,REDGATE_AGR_A,0.0,0.0,False,0.0
2025-11-05,13,REDGATE_AGR_B,0.0,0.0,False,0.0
2025-11-05,13,REDGATE_AGR_C,0.0,0.0,False,0.0
2025-11-05,13,REDGATE_AGR_D,0.0,0.0,False,0.0
2025-11-05,13,JAD_UNIT1,0.0,0.0,False,0.0
2025-11-05,13,JAD_UNIT2,0.0,0.0,False,0.0
2025-11-05,13,JAD_UNIT3,0.0,0.0,False,0.0
2025-11-05,13,JAD_UNIT4,0.0,0.0,False,0.0
2025-11-05,13,JAD_UNIT5,0.0,0.0,False,0.0
2025-11-05,13,JAD_UNIT6,0.0,0.0,False,0.0
2025-11-05,13,JAD_UNIT7,0.0,0.0,False,0.0
2025-11-05,13,JAD_UNIT8,0.0,0.0,False,0.0
2025-11-05,13,RIONOG_CT1,0.0,0.0,False,0.0
2025-11-05,13,RIONOG_CT2,0.0,0.0,False,0.0
2025-11-05,13,RIONOG_CT3,0.0,0.0,False,0.0
2025-11-05,13,RIONOG_ST1,0.0,0.0,False,0.0
2025-11-05,13,RAYBURN_RAYBURG7,18.15,42.35,True,508.2
2025-11-05,13,RAYBURN_RAYBURG8,60.5,0.0,True,1694.0
2025-11-05,13,RAYBURN_RAYBURG9,60.5,0.0,True,1694.0
2025-11-05,13,RAYBURN_RAYBURG10,12.6,29.4,True,352.8
2025-11-05,13,SJS_SJS_G1,88.19999999999999,1.4210854715202004e-14,True,3704.4
2025-11-05,13,SJS_SJS_G2,88.19999999999999,1.4210854715202004e-14,True,3704.4
2025-11-05,13,SANDHSYD_SH1,0.0,0.0,False,0.0
2025-11-05,13,SANDHSYD_SH2,0.0,0.0,False,0.0
2025-11-05,13,SANDHSYD_SH3,0.0,0.0,False,0.0
2025-11-05,13,SANDHSYD_SH4,0.0,0.0,False,0.0
2025-11-05,13,SANDHSYD_SH_5A,198.90000000000003,-2.842170943040401e-14,True,5569.2
2025-11-05,13,SANDHSYD_SH6,0.0,0.0,False,0.0
2025-11-05,13,SANDHSYD_SH7,0.0,0.0,False,0.0
2025-11-05,13,SANDHSYD_SH_5C,188.26254687120098,2.737453128799018,True,5271.3513
2025-11-05,13,SILASRAY_SILAS_10,0.0,0.0,False,0.0
2025-11-05,13,SILASRAY_SILAS_9,50.0,0.0,True,1400.0
2025-11-05,13,SILASRAY_SILAS_6,25.0,0.0,True,700.0
2025-11-05,13,GIDEON_GIDEONG1,0.0,0.0,False,0.0
2025-11-05,13,GIDEON_GIDEONG2,0.0,0.0,False,0.0
2025-11-05,13,GIDEON_GIDEONG3,0.0,0.0,False,0.0
2025-11-05,13,SKY1_SKY1A,0.0,0.0,False,0.0
2025-11-05,13,SKY1_SKY1B,0.0,0.0,False,0.0
2025-11-05,13,SPNCER_SPNCE_4,61.0,0.0,True,2135.0
2025-11-05,13,SPNCER_SPNCE_5,65.0,0.0,True,2275.0
2025-11-05,13,SCSES_UNIT1A,94.74428431703146,82.25571568296854,True,3316.05
2025-11-05,13,SCSES_UNIT2,502.0,0.0,True,17570.0
2025-11-05,13,THW_THWGT_1,16.3,0.0,True,684.6
2025-11-05,13,THW_THWGT31,51.3,0.0,True,1436.4
2025-11-05,13,THW_THWGT32,51.3,0.0,True,1436.4
2025-11-05,13,THW_THWGT33,51.3,0.0,True,1436.4
2025-11-05,13,THW_THWGT34,51.3,0.0,True,1436.4
2025-11-05,13,THW_THWGT41,51.3,0.0,True,1436.4
2025-11-05,13,THW_THWGT42,51.3,0.0,True,1436.4
2025-11-05,13,THW_THWGT43,62.0,0.0,True,1736.0
2025-11-05,13,THW_THWGT44,62.0,0.0,True,1736.0
2025-11-05,13,THW_THWGT51,85.0,0.0,True,3570.0
2025-11-05,13,THW_THWGT52,85.0,0.0,True,3570.0
2025-11-05,13,THW_THWGT53,85.0,0.0,True,3570.0
2025-11-05,13,THW_THWGT54,85.0,0.0,True,3570.0
2025-11-05,13,THW_THWGT55,85.0,0.0,True,3570.0
2025-11-05,13,THW_THWGT56,85.0,0.0,True,3570.0
2025-11-05,13,THW_THWST_3,113.1,0.0,True,3166.8
2025-11-05,13,THW_THWST_4,113.1,0.0,True,3166.8
2025-11-05,13,TXCTY_CTA,129.1,0.0,True,3614.8
2025-11-05,13,TXCTY_CTB,129.1,0.0,True,3614.8
2025-11-05,13,TXCTY_CTC,129.1,0.0,True,3614.8
2025-11-05,13,TXCTY_ST,143.7,0.0,True,4023.6
2025-11-05,13,TGS_GT01,0.0,0.0,False,0.0
2025-11-05,13,TIMPP_AGR1,0.0,0.0,False,0.0
2025-11-05,13,TIMPP_AGR2,0.0,0.0,False,0.0
2025-11-05,13,TIMPP_AGR3,0.0,0.0,False,0.0
2025-11-05,13,TIMPP_AGR4,0.0,0.0,False,0.0
2025-11-05,13,TRSES_UNIT6,239.0,0.0,True,8365.0
2025-11-05,13,TOPAZ_UNIT1,60.5,0.0,True,2541.0
2025-11-05,13,TOPAZ_UNIT2,60.5,0.0,True,2541.0
2025-11-05,13,TOPAZ_UNIT3,60.5,0.0,True,2541.0
2025-11-05,13,TOPAZ_UNIT4,60.5,0.0,True,2541.0
2025-11-05,13,TOPAZ_UNIT5,60.5,0.0,True,2541.0
2025-11-05,13,TOPAZ_UNIT6,60.5,0.0,True,2541.0
2025-11-05,13,TOPAZ_UNIT7,60.5,0.0,True,2541.0
2025-11-05,13,TOPAZ_UNIT8,60.5,0.0,True,2541.0
2025-11-05,13,TOPAZ_UNIT9,60.5,0.0,True,2541.0
2025-11-05,13,TOPAZ_UNIT10,60.5,0.0,True,2541.0
2025-11-05,13,BRAUNIG_VHB6CT5,0.0,0.0,False,0.0
2025-11-05,13,BRAUNIG_VHB6CT6,0.0,0.0,False,0.0
2025-11-05,13,BRAUNIG_VHB6CT7,0.0,0.0,False,0.0
2025-11-05,13,BRAUNIG_VHB6CT8,0.0,0.0,False,0.0
2025-11-05,13,CITYVICT_CTG01,0.0,0.0,False,0.0
2025-11-05,13,CITYVICT_CTG02,0.0,0.0,False,0.0
2025-11-05,13,VICTPORT_CTG01,0.0,0.0,False,0.0
2025-11-05,13,VICTPORT_CTG02,0.0,0.0,False,0.0
2025-11-05,13,VICTORIA_VICTORG6,196.9,0.0,True,5513.2
2025-11-05,13,VICTORIA_VICTORG5,139.21938272906274,40.980617270937245,True,3898.1427
2025-11-05,13,WAP_WAPGT_1,0.0,0.0,False,0.0
2025-11-05,13,WAP_WAP_G1,0.0,0.0,False,0.0
2025-11-05,13,WAP_WAP_G2,0.0,0.0,False,0.0
2025-11-05,13,WAP_WAP_G3,0.0,0.0,False,0.0
2025-11-05,13,WAP_WAP_G4,0.0,0.0,False,0.0
2025-11-05,13,WFCOGEN_UNIT1,20.0,0.0,True,560.0
2025-11-05,13,WFCOGEN_UNIT2,20.0,0.0,True,560.0
2025-11-05,13,WFCOGEN_UNIT3,20.0,0.0,True,560.0
2025-11-05,13,WIPOPA_WPP_G1,6.05,54.45,True,254.1
2025-11-05,13,WIPOPA_WPP_G2,6.05,54.45,True,254.1
2025-11-05,13,WIPOPA_WPP_G3,60.5,0.0,True,2541.0
2025-11-05,13,WIPOPA_WPP_G4,33.19542729028308,27.304572709716922,True,1394.2079
2025-11-05,13,WCPP_CT1,0.0,0.0,False,0.0
2025-11-05,13,WCPP_CT2,0.0,0.0,False,0.0
2025-11-05,13,WCPP_ST1,0.0,0.0,False,0.0
2025-11-05,13,WHCCS_CT1,0.0,0.0,False,0.0
2025-11-05,13,WHCCS_CT2,0.0,0.0,False,0.0
2025-11-05,13,WHCCS_STG,0.0,0.0,False,0.0
2025-11-05,13,WHCCS2_CT4,0.0,0.0,False,0.0
2025-11-05,13,WHCCS2_CT5,0.0,0.0,False,0.0
2025-11-05,13,WHCCS2_STG6,0.0,0.0,False,0.0
2025-11-05,13,NACPW_UNIT1,0.0,0.0,False,0.0
2025-11-05,13,HBR_2UNITS,3.2,0.0,True,128.0
2025-11-05,13,TRIRA_1UNIT,4.0,0.0,True,160.0
2025-11-05,13,78252_4UNITS,0.0,0.0,False,0.0
2025-11-05,13,SPRIN_4UNITS,0.0,0.0,False,0.0
2025-11-05,13,FREIH_2UNITS,0.0,0.0,False,0.0
2025-11-05,13,WSTHL_3UNITS,4.8,0.0,True,192.0
2025-11-05,13,FEGC_CTG2,0.0,0.0,False,0.0
2025-11-05,13,FEGC_CTG3,0.0,0.0,False,0.0
2025-11-05,13,FEGC_CTG4,0.0,0.0,False,0.0
2025-11-05,13,OLNEYTN_AGR1,10.0,0.0,True,600.0
2025-11-05,13,AMISTAD_AMISTAG1,0.0,0.0,False,0.0
2025-11-05,13,AMISTAD_AMISTAG2,0.0,0.0,False,0.0
2025-11-05,13,AUSTPL_AUSTING1,9.0,0.0,True,9.0
2025-11-05,13,AUSTPL_AUSTING2,9.0,0.0,True,9.0
2025-11-05,13,BUCHAN_BUCHANG1,18.299999999999997,3.552713678800501e-15,True,18.3
2025-11-05,13,BUCHAN_BUCHANG2,18.299999999999997,3.552713678800501e-15,True,18.3
2025-11-05,13,BUCHAN_BUCHANG3,18.299999999999997,3.552713678800501e-15,True,18.3
2025-11-05,13,DNDAM_DENISOG1,50.8,0.0,True,50.8
2025-11-05,13,DNDAM_DENISOG2,50.8,0.0,True,50.8
2025-11-05,13,FALCON_FALCONG1,12.0,0.0,True,12.0
2025-11-05,13,FALCON_FALCONG2,12.0,0.0,True,12.0
2025-11-05,13,FALCON_FALCONG3,12.0,0.0,True,12.0
2025-11-05,13,WIRTZ_WIRTZ_G1,29.0,0.0,True,29.0
2025-11-05,13,WIRTZ_WIRTZ_G2,29.0,0.0,True,29.0
2025-11-05,13,CANYHY_CANYHYG1,6.0,0.0,True,6.0
2025-11-05,13,INKSDA_INKS_G1,15.0,0.0,True,15.0
2025-11-05,13,MARBFA_MARBFAG1,21.0,0.0,True,21.0
2025-11-05,13,MARBFA_MARBFAG2,20.0,0.0,True,20.0
2025-11-05,13,MARSFO_MARSFOG1,36.0,0.0,True,36.0
2025-11-05,13,MARSFO_MARSFOG2,36.0,0.0,True,36.0
2025-11-05,13,MARSFO_MARSFOG3,36.0,0.0,True,36.0
2025-11-05,13,WND_WHITNEY1,0.0,0.0,False,0.0
2025-11-05,13,WND_WHITNEY2,0.0,0.0,False,0.0
2025-11-05,13,AEEC_ANTLP_1,0.0,0.0,False,0.0
2025-11-05,13,AEEC_ANTLP_2,0.0,0.0,False,0.0
2025-11-05,13,AEEC_ANTLP_3,0.0,0.0,False,0.0
2025-11-05,13,AEEC_ELK_1,0.0,0.0,False,0.0
2025-11-05,13,AEEC_ELK_2,0.0,0.0,False,0.0
2025-11-05,13,AEEC_ELK_3,0.0,0.0,False,0.0
2025-11-05,13,FTR_FTR_G1,0.0,0.0,False,0.0
2025-11-05,13,FTR_FTR_G2,0.0,0.0,False,0.0
2025-11-05,13,FTR_FTR_G3,0.0,0.0,False,0.0
2025-11-05,13,FTR_FTR_G4,0.0,0.0,False,0.0
2025-11-05,13,TGCCS_CT1,0.0,0.0,False,0.0
2025-11-05,13,TGCCS_CT2,0.0,0.0,False,0.0
2025-11-05,13,TGCCS_CT3,0.0,0.0,False,0.0
2025-11-05,13,TGCCS_UNIT4,120.0,280.0,True,3360.0
2025-11-05,13,KMCHI_1CT101,55.5,129.5,True,1554.0
2025-11-05,13,KMCHI_1CT201,185.0,0.0,True,5180.0
2025-11-05,13,KMCHI_1ST,99.0,231.0,True,2772.0
2025-11-05,13,KMCHI_2CT101,0.0,0.0,False,0.0
2025-11-05,13,KMCHI_2CT201,55.5,129.5,True,1554.0
2025-11-05,13,KMCHI_2ST,99.0,231.0,True,2772.0
2025-11-05,13,A4_DGR1,0.0,0.0,False,0.0
2025-11-05,13,A4_DGR2,0.0,0.0,False,0.0
2025-11-05,13,K2_DGR1,0.0,0.0,False,0.0
2025-11-05,13,K2_DGR2,0.0,0.0,False,0.0
2025-11-05,13,P2_DGR1,0.0,0.0,False,0.0
2025-11-05,13,P2_DGR2,0.0,0.0,False,0.0
2025-11-05,13,Q1_DGR1,0.0,0.0,False,0.0
2025-11-05,13,BRAUNIG_VHB3,0.0,0.0,False,0.0
2025-11-05,13,V2_DGR1,0.0,0.0,False,0.0
2025-11-05,13,V2_DGR2,0.0,0.0,False,0.0
2025-11-05,13,V2_DGR3,0.0,0.0,False,0.0
2025-11-05,13,V4_DGR1,0.0,0.0,False,0.0
2025-11-05,13,X1_DGR1,0.0,0.0,False,0.0
2025-11-05,13,Z0_DGR1,0.0,0.0,False,0.0
2025-11-05,13,Z0_DGR2,0.0,0.0,False,0.0
2025-11-05,13,Z5_DGR1,0.0,0.0,False,0.0
2025-11-05,13,DC_E,437.905803968355,162.09419603164503,True,15326.7031
2025-11-05,13,DC_N,204.77519177986636,15.224808220133639,True,7167.1317
2025-11-05,13,DC_L,0.0,0.0,False,0.0
2025-11-05,13,DC_R,0.0,0.0,False,0.0
2025-11-05,13,CEDARVALE_GAS,0.0,0.0,False,0.0
2025-11-05,13,ENCHANTED_ROCK_NEWPP,30.0,0.0,True,1350.0
2025-11-05,14,CPSES_UNIT1,1269.0,0.0,True,10152.0
2025-11-05,14,CPSES_UNIT2,1269.0,0.0,True,10152.0
2025-11-05,14,STP_STP_G1,1365.0,0.0,True,10920.0
2025-11-05,14,STP_STP_G2,1365.0,0.0,True,10920.0
2025-11-05,14,COLETO_COLETOG1,655.0,0.0,True,16375.0
2025-11-05,14,FPPYD1_FPP_G1,615.0,0.0,True,15375.0
2025-11-05,14,FPPYD1_FPP_G2,615.0,0.0,True,15375.0
2025-11-05,14,FPPYD2_FPP_G3,460.0,0.0,True,11500.0
2025-11-05,14,CALAVERS_JKS1,224.0,336.0,True,5600.0
2025-11-05,14,CALAVERS_JKS2,436.7017435981534,485.29825640184663,True,10917.5436
2025-11-05,14,LEG_LEG_G1,0.0,0.0,False,0.0
2025-11-05,14,LEG_LEG_G2,0.0,0.0,False,0.0
2025-11-05,14,MLSES_UNIT1,0.0,0.0,False,0.0
2025-11-05,14,MLSES_UNIT2,0.0,0.0,False,0.0
2025-11-05,14,MLSES_UNIT3,0.0,0.0,False,0.0
2025-11-05,14,OGSES_UNIT1A,0.0,0.0,False,0.0
2025-11-05,14,OGSES_UNIT2,0.0,0.0,False,0.0
2025-11-05,14,SANMIGL_G1,430.0,0.0,True,10750.0
2025-11-05,14,SCES_UNIT1,0.0,0.0,False,0.0
2025-11-05,14,TNP_ONE_TNP_O_1,0.0,0.0,False,0.0
2025-11-05,14,TNP_ONE_TNP_O_2,0.0,0.0,False,0.0
2025-11-05,14,WAP_WAP_G5,0.0,0.0,False,0.0
2025-11-05,14,WAP_WAP_G6,0.0,0.0,False,0.0
2025-11-05,14,WAP_WAP_G7,440.9176200984698,173.68237990153028,True,11022.9405
2025-11-05,14,WAP_WAP_G8,261.6,392.4,True,6540.0
2025-11-05,14,BRAUNIG_AVR1_CT1,0.0,0.0,False,0.0
2025-11-05,14,BRAUNIG_AVR1_CT2,0.0,0.0,False,0.0
2025-11-05,14,BRAUNIG_AVR1_ST,0.0,0.0,False,0.0
2025-11-05,14,ATKINS_ATKINSG7,0.0,0.0,False,0.0
2025-11-05,14,B_DAVIS_B_DAVIG3,56.88,132.72,True,1592.64
2025-11-05,14,B_DAVIS_B_DAVIG4,100.35850214956554,89.24149785043446,True,2810.0381
2025-11-05,14,B_DAVIS_B_DAVIG1,0.0,0.0,False,0.0
2025-11-05,14,B_DAVIS_B_DAVIG2,0.0,0.0,False,0.0
2025-11-05,14,BASTEN_GTG1100,0.0,0.0,False,0.0
2025-11-05,14,BASTEN_GTG2100,0.0,0.0,False,0.0
2025-11-05,14,BASTEN_ST0100,0.0,0.0,False,0.0
2025-11-05,14,BCH_UNIT1,60.5,0.0,True,2541.0
2025-11-05,14,BCH_UNIT2,60.5,0.0,True,2541.0
2025-11-05,14,BCH_UNIT3,60.5,0.0,True,2541.0
2025-11-05,14,BCH_UNIT4,60.5,0.0,True,2541.0
2025-11-05,14,BCH_UNIT5,60.5,0.0,True,2541.0
2025-11-05,14,BCH_UNIT6,60.5,0.0,True,2541.0
2025-11-05,14,BCH_UNIT7,60.5,0.0,True,2541.0
2025-11-05,14,BCH_UNIT8,60.5,0.0,True,2541.0
2025-11-05,14,BOSQUESW_BSQSU_1,0.0,0.0,False,0.0
2025-11-05,14,BOSQUESW_BSQSU_2,0.0,0.0,False,0.0
2025-11-05,14,BOSQUESW_BSQSU_3,0.0,0.0,False,0.0
2025-11-05,14,BOSQUESW_BSQSU_4,0.0,0.0,False,0.0
2025-11-05,14,BOSQUESW_BSQSU_5,0.0,0.0,False,0.0
2025-11-05,14,BVE_UNIT1,198.90000000000003,-2.842170943040401e-14,True,5569.2
2025-11-05,14,BVE_UNIT2,198.90000000000003,-2.842170943040401e-14,True,5569.2
2025-11-05,14,BVE_UNIT3,275.6,0.0,True,7716.8
2025-11-05,14,BTM_UNIT1,60.5,0.0,True,2541.0
2025-11-05,14,BTM_UNIT2,60.5,0.0,True,2541.0
2025-11-05,14,BTM_UNIT3,60.5,0.0,True,2541.0
2025-11-05,14,BTM_UNIT4,60.5,0.0,True,2541.0
2025-11-05,14,BTM_UNIT5,60.5,0.0,True,2541.0
2025-11-05,14,BTM_UNIT6,60.5,0.0,True,2541.0
2025-11-05,14,BTM_UNIT7,60.5,0.0,True,2541.0
2025-11-05,14,BTM_UNIT8,60.5,0.0,True,2541.0
2025-11-05,14,FLCNS_UNIT1,0.0,0.0,False,0.0
2025-11-05,14,FLCNS_UNIT2,0.0,0.0,False,0.0
2025-11-05,14,CALHOUN_UNIT1,0.0,0.0,False,0.0
2025-11-05,14,CALHOUN_UNIT2,0.0,0.0,False,0.0
2025-11-05,14,CHAMON_CTG_0101,60.5,0.0,True,2541.0
2025-11-05,14,CHAMON_CTG_0301,60.5,0.0,True,2541.0
2025-11-05,14,CBY4_CT41,205.0,0.0,True,5740.0
2025-11-05,14,CBY4_CT42,205.0,0.0,True,5740.0
2025-11-05,14,CBY4_ST04,205.0,0.0,True,5740.0
2025-11-05,14,CBY_CBY_G1,765.0,0.0,True,26775.0
2025-11-05,14,CBY_CBY_G2,765.0,0.0,True,26775.0
2025-11-05,14,CBEC_GT1,86.5,0.0,True,2422.0
2025-11-05,14,CBEC_GT2,86.5,0.0,True,2422.0
2025-11-05,14,CBEC_GT3,86.5,0.0,True,2422.0
2025-11-05,14,CBEC_GT4,86.5,0.0,True,2422.0
2025-11-05,14,CBEC_STG1,105.0,0.0,True,2940.0
2025-11-05,14,CBEC_STG2,108.79999999999997,2.842170943040401e-14,True,3046.4
2025-11-05,14,CBECII_CT7,360.9,0.0,True,10105.2
2025-11-05,14,CBECII_CT8,360.9,0.0,True,10105.2
2025-11-05,14,CBECII_STG9,326.7407772059061,181.7592227940939,True,9148.7418
2025-11-05,14,CBEC_GT11,41.7,0.0,True,1751.4
2025-11-05,14,CBEC_GT12,8.1348555343841,33.5651444656159,True,341.6639
2025-11-05,14,CVC_CVC_G1,192.1,0.0,True,5378.8
2025-11-05,14,CVC_CVC_G2,192.1,0.0,True,5378.8
2025-11-05,14,CVC_CVC_G3,192.1,0.0,True,5378.8
2025-11-05,14,CVC_CVC_G5,150.0,0.0,True,4200.0
2025-11-05,14,DANSBY_DANSBYG2,0.0,0.0,False,0.0
2025-11-05,14,DANSBY_DANSBYG3,0.0,0.0,False,0.0
2025-11-05,14,DANSBY_DANSBYG1,0.0,0.0,False,0.0
2025-11-05,14,DECKER_DPGT_1,0.0,0.0,False,0.0
2025-11-05,14,DECKER_DPGT_2,0.0,0.0,False,0.0
2025-11-05,14,DECKER_DPGT_3,0.0,0.0,False,0.0
2025-11-05,14,DECKER_DPGT_4,0.0,0.0,False,0.0
2025-11-05,14,DCSES_CT10,0.0,0.0,False,0.0
2025-11-05,14,DCSES_CT20,0.0,0.0,False,0.0
2025-11-05,14,DCSES_CT30,0.0,0.0,False,0.0
2025-11-05,14,DCSES_CT40,0.0,0.0,False,0.0
2025-11-05,14,DDPEC_GT1,0.0,0.0,False,0.0
2025-11-05,14,DDPEC_GT2,64.5,150.5,True,1806.0
2025-11-05,14,DDPEC_GT3,60.9,142.1,True,1705.2
2025-11-05,14,DDPEC_GT4,0.0,0.0,False,0.0
2025-11-05,14,DDPEC_GT6,59.7,139.3,True,1671.6
2025-11-05,14,DDPEC_ST1,0.0,0.0,False,0.0
2025-11-05,14,DEC_AGR_A,56.5,0.0,True,2542.5
2025-11-05,14,DEC_AGR_B,56.5,0.0,True,2542.5
2025-11-05,14,DEC_AGR_C,56.5,0.0,True,2542.5
2025-11-05,14,DEC_AGR_D,56.5,0.0,True,2542.5
2025-11-05,14,ECEC_G1,0.0,0.0,False,0.0
2025-11-05,14,ECEC_G2,0.0,0.0,False,0.0
2025-11-05,14,ETCCS_CT1,260.0,0.0,True,7280.0
2025-11-05,14,ETCCS_UNIT1,140.0,0.0,True,3920.0
2025-11-05,14,AZ_AZ_G1,0.0,0.0,False,0.0
2025-11-05,14,AZ_AZ_G2,0.0,0.0,False,0.0
2025-11-05,14,AZ_AZ_G3,0.0,0.0,False,0.0
2025-11-05,14,AZ_AZ_G4,0.0,0.0,False,0.0
2025-11-05,14,FERGCC_FERGGT1,0.0,0.0,False,0.0
2025-11-05,14,FERGCC_FERGGT2,0.0,0.0,False,0.0
2025-11-05,14,FERGCC_FERGST1,83.43444619334144,120.56555380665856,True,2336.1645
2025-11-05,14,FRNYPP_GT11,0.0,0.0,False,0.0
2025-11-05,14,FRNYPP_GT12,0.0,0.0,False,0.0
2025-11-05,14,FRNYPP_GT13,0.0,0.0,False,0.0
2025-11-05,14,FRNYPP_GT21,0.0,0.0,False,0.0
2025-11-05,14,FRNYPP_GT22,0.0,0.0,False,0.0
2025-11-05,14,FRNYPP_GT23,0.0,0.0,False,0.0
2025-11-05,14,FRNYPP_ST10,0.0,0.0,False,0.0
2025-11-05,14,FRNYPP_ST20,0.0,0.0,False,0.0
2025-11-05,14,FREC_GT1,179.4,0.0,True,5023.2
2025-11-05,14,FREC_GT2,179.4,0.0,True,5023.2
2025-11-05,14,FREC_GT4,53.82,125.58000000000001,True,1506.96
2025-11-05,14,FREC_GT5,133.06699938086462,46.33300061913539,True,3725.876
2025-11-05,14,FREC_ST3,57.21,0.0,True,1601.88
2025-11-05,14,FREC_ST6,57.21,0.0,True,1601.88
2025-11-05,14,FEGC_UNIT1,0.0,0.0,False,0.0
2025-11-05,14,FRONT_EC_CT1,177.0,0.0,True,4956.0
2025-11-05,14,FRONT_EC_CT2,160.30561036149223,16.694389638507772,True,4488.5571
2025-11-05,14,FRONT_EC_ST,184.5,0.0,True,5166.0
2025-11-05,14,GRSES_UNIT1,239.0,0.0,True,8365.0
2025-11-05,14,GRSES_UNIT2,390.0,0.0,True,13650.0
2025-11-05,14,GBY_GBYGT73,72.0,0.0,True,3024.0
2025-11-05,14,GBY_GBYGT74,72.0,0.0,True,3024.0
2025-11-05,14,GBY_GBYGT81,72.0,0.0,True,3024.0
2025-11-05,14,GBY_GBYGT82,72.0,0.0,True,3024.0
2025-11-05,14,GBY_GBYGT83,72.0,0.0,True,3024.0
2025-11-05,14,GBY_GBYGT84,72.0,0.0,True,3024.0
2025-11-05,14,STEAM_ENGINE_1,0.0,0.0,False,0.0
2025-11-05,14,STEAM_ENGINE_2,0.0,0.0,False,0.0
2025-11-05,14,STEAM_ENGINE_3,0.0,0.0,False,0.0
2025-11-05,14,LGE_LGE_GT1,185.0,0.0,True,5180.0
2025-11-05,14,LGE_LGE_GT2,185.0,0.0,True,5180.0
2025-11-05,14,LGE_LGE_STG,30.0,70.0,True,840.0
2025-11-05,14,GUADG_GAS1,0.0,0.0,False,0.0
2025-11-05,14,GUADG_GAS2,0.0,0.0,False,0.0
2025-11-05,14,GUADG_GAS3,0.0,0.0,False,0.0
2025-11-05,14,GUADG_GAS4,0.0,0.0,False,0.0
2025-11-05,14,GUADG_STM5,0.0,0.0,False,0.0
2025-11-05,14,GUADG_STM6,0.0,0.0,False,0.0
2025-11-05,14,HLSES_UNIT3,395.0,0.0,True,13825.0
2025-11-05,14,HLSES_UNIT4,435.0,0.0,True,15225.0
2025-11-05,14,HLSES_UNIT5,435.0,0.0,True,15225.0
2025-11-05,14,HAYSEN_HAYSENG1,0.0,0.0,False,0.0
2025-11-05,14,HAYSEN_HAYSENG2,0.0,0.0,False,0.0
2025-11-05,14,HAYSEN_HAYSENG3,0.0,0.0,False,0.0
2025-11-05,14,HAYSEN_HAYSENG4,0.0,0.0,False,0.0
2025-11-05,14,DUKE_DUKE_GT1,176.6,0.0,True,4944.8
2025-11-05,14,DUKE_DUKE_GT2,176.6,0.0,True,4944.8
2025-11-05,14,DUKE_DUKE_ST1,59.43,138.67,True,1664.04
2025-11-05,14,JACKCNTY_CT1,59.67,139.23,True,1670.76
2025-11-05,14,JACKCNTY_CT2,59.67,139.23,True,1670.76
2025-11-05,14,JCKCNTY2_CT3,59.67,139.23,True,1670.76
2025-11-05,14,JCKCNTY2_CT4,59.67,139.23,True,1670.76
2025-11-05,14,JACKCNTY_STG,0.0,0.0,False,0.0
2025-11-05,14,JCKCNTY2_ST2,0.0,0.0,False,0.0
2025-11-05,14,TEN_CT1,0.0,0.0,False,0.0
2025-11-05,14,TEN_STG,0.0,0.0,False,0.0
2025-11-05,14,LHSES_UNIT1,0.0,0.0,False,0.0
2025-11-05,14,LHSES_UNIT2A,0.0,0.0,False,0.0
2025-11-05,14,LPCCS_CT11,0.0,0.0,False,0.0
2025-11-05,14,LPCCS_CT12,55.8,130.2,True,1562.4
2025-11-05,14,LPCCS_CT21,55.8,0.0,True,1562.4
2025-11-05,14,LPCCS_CT22,150.98952289847915,35.01047710152085,True,4227.7066
2025-11-05,14,LPCCS_UNIT1,0.0,0.0,False,0.0
2025-11-05,14,LPCCS_UNIT2,0.0,0.0,False,0.0
2025-11-05,14,LARDVFTN_G4,0.0,0.0,False,0.0
2025-11-05,14,LARDVFTN_G5,0.0,0.0,False,0.0
2025-11-05,14,LEON_CRK_LCPCT1,0.0,0.0,False,0.0
2025-11-05,14,LEON_CRK_LCPCT2,0.0,0.0,False,0.0
2025-11-05,14,LEON_CRK_LCPCT3,0.0,0.0,False,0.0
2025-11-05,14,LEON_CRK_LCPCT4,0.0,0.0,False,0.0
2025-11-05,14,LIG_UNIT1,0.0,0.0,False,0.0
2025-11-05,14,LIG_UNIT2,0.0,0.0,False,0.0
2025-11-05,14,LOSTPI_LOSTPGT1,202.5,0.0,True,5670.0
2025-11-05,14,LOSTPI_LOSTPGT2,202.5,0.0,True,5670.0
2025-11-05,14,LOSTPI_LOSTPST1,204.0,0.0,True,5712.0
2025-11-05,14,NEDIN_NEDIN_G1,0.0,0.0,False,0.0
2025-11-05,14,NEDIN_NEDIN_G2,0.0,0.0,False,0.0
2025-11-05,14,NEDIN_NEDIN_G3,0.0,0.0,False,0.0
2025-11-05,14,MDANP_CT1,0.0,0.0,False,0.0
2025-11-05,14,MDANP_CT2,0.0,0.0,False,0.0
2025-11-05,14,MDANP_CT3,0.0,0.0,False,0.0
2025-11-05,14,MDANP_CT4,0.0,0.0,False,0.0
2025-11-05,14,MDANP_CT5,0.0,0.0,False,0.0
2025-11-05,14,MDANP_CT6,0.0,0.0,False,0.0
2025-11-05,14,MGSES_CT1,0.0,0.0,False,0.0
2025-11-05,14,MGSES_CT2,0.0,0.0,False,0.0
2025-11-05,14,MGSES_CT3,0.0,0.0,False,0.0
2025-11-05,14,MGSES_CT4,0.0,0.0,False,0.0
2025-11-05,14,MGSES_CT5,0.0,0.0,False,0.0
2025-11-05,14,MGSES_CT6,0.0,0.0,False,0.0
2025-11-05,14,MCSES_UNIT6,122.0,0.0,True,4270.0
2025-11-05,14,MCSES_UNIT7,118.0,0.0,True,4130.0
2025-11-05,14,MCSES_UNIT8,568.0,0.0,True,19880.0
2025-11-05,14,NUECES_B_NUECESG8,56.88,132.72,True,1592.64
2025-11-05,14,NUECES_B_NUECESG9,56.88,132.72,True,1592.64
2025-11-05,14,NUECES_B_NUECESG7,105.3,245.7,True,2948.4
2025-11-05,14,CALAVERS_OWS1,0.0,0.0,False,0.0
2025-11-05,14,CALAVERS_OWS2,0.0,0.0,False,0.0
2025-11-05,14,OECCS_CT11,0.0,0.0,False,0.0
2025-11-05,14,OECCS_CT12,0.0,0.0,False,0.0
2025-11-05,14,OECCS_CT21,58.56,136.64,True,1639.68
2025-11-05,14,OECCS_CT22,0.0,0.0,False,0.0
2025-11-05,14,OECCS_UNIT1,67.2,156.8,True,1881.6
2025-11-05,14,OECCS_UNIT2,189.8689443358545,34.13105566414549,True,5316.3304
2025-11-05,14,VICTPRT2_UNIT1,0.0,0.0,False,0.0
2025-11-05,14,VICTPRT2_UNIT2,0.0,0.0,False,0.0
2025-11-05,14,PANDA_S_SHER1CT1,0.0,0.0,False,0.0
2025-11-05,14,PANDA_S_SHER1CT2,0.0,0.0,False,0.0
2025-11-05,14,PANDA_S_SHER1ST1,353.1,0.0,True,9886.8
2025-11-05,14,PANDA_T1_TMPL1CT1,0.0,0.0,False,0.0
2025-11-05,14,PANDA_T1_TMPL1CT2,0.0,0.0,False,0.0
2025-11-05,14,PANDA_T1_TMPL1ST1,0.0,0.0,False,0.0
2025-11-05,14,PANDA_T2_TMPL2CT1,0.0,0.0,False,0.0
2025-11-05,14,PANDA_T2_TMPL2CT2,0.0,0.0,False,0.0
2025-11-05,14,PANDA_T2_TMPL2ST1,0.0,0.0,False,0.0
2025-11-05,14,TNSKA_GT1,0.0,0.0,False,0.0
2025-11-05,14,TNSKA_GT2,0.0,0.0,False,0.0
2025-11-05,14,TNSKA_STG,0.0,0.0,False,0.0
2025-11-05,14,PSG_PSG_GT2,64.53,150.57,True,1806.84
2025-11-05,14,PSG_PSG_GT3,168.74169993659842,46.35830006340156,True,4724.7676
2025-11-05,14,PSG_PSG_ST2,58.65,136.85,True,1642.2
2025-11-05,14,PEARSAL2_AGR_A,0.0,0.0,False,0.0
2025-11-05,14,PEARSAL2_AGR_B,0.0,0.0,False,0.0
2025-11-05,14,PEARSAL2_AGR_C,0.0,0.0,False,0.0
2025-11-05,14,PEARSAL2_AGR_D,0.0,0.0,False,0.0
2025-11-05,14,PB2SES_CT1,0.0,0.0,False,0.0
2025-11-05,14,PB2SES_CT2,0.0,0.0,False,0.0
2025-11-05,14,PB2SES_CT3,0.0,0.0,False,0.0
2025-11-05,14,PB2SES_CT4,0.0,0.0,False,0.0
2025-11-05,14,PB2SES_CT5,0.0,0.0,False,0.0
2025-11-05,14,PRO_UNIT1,0.0,0.0,False,0.0
2025-11-05,14,PRO_UNIT2,0.0,0.0,False,0.0
2025-11-05,14,PRO_UNIT3,0.0,0.0,False,0.0
2025-11-05,14,PRO_UNIT4,0.0,0.0,False,0.0
2025-11-05,14,PRO_UNIT5,0.0,0.0,False,0.0
2025-11-05,14,PRO_UNIT6,0.0,0.0,False,0.0
2025-11-05,14,PRO_UNIT7,0.0,0.0,False,0.0
2025-11-05,14,PRO_UNIT8,0.0,0.0,False,0.0
2025-11-05,14,BAC_CTG1,65.0,0.0,True,2730.0
2025-11-05,14,BAC_CTG2,65.0,0.0,True,2730.0
2025-11-05,14,BAC_CTG3,65.0,0.0,True,2730.0
2025-11-05,14,BAC_CTG4,65.0,0.0,True,2730.0
2025-11-05,14,BAC_CTG5,65.0,0.0,True,2730.0
2025-11-05,14,BAC_CTG6,65.0,0.0,True,2730.0
2025-11-05,14,STEAM1A_STEAM_1,0.0,0.0,False,0.0
2025-11-05,14,STEAM_STEAM_2,0.0,0.0,False,0.0
2025-11-05,14,STEAM_STEAM_3,0.0,0.0,False,0.0
2025-11-05,14,QALSW_GT1,90.6,0.0,True,2536.8
2025-11-05,14,QALSW_GT2,90.6,0.0,True,2536.8
2025-11-05,14,QALSW_GT3,90.60000000000002,-2.842170943040401e-14,True,2536.8
2025-11-05,14,QALSW_GT4,90.60000000000001,-1.4210854715202004e-14,True,2536.8
2025-11-05,14,QALSW_STG1,98.1,0.0,True,2746.8
2025-11-05,14,QALSW_STG2,98.1,0.0,True,2746.8
2025-11-05,14,MIL_MILLERG4,116.0,0.0,True,4872.0
2025-11-05,14,MIL_MILLERG5,116.0,0.0,True,4872.0
2025-11-05,14,MIL_MILLERG1,75.0,0.0,True,2625.0
2025-11-05,14,MIL_MILLERG2,120.0,0.0,True,4200.0
2025-11-05,14,MIL_MILLERG3,216.0,0.0,True,7560.0
2025-11-05,14,OLINGR_OLING_4,0.0,0.0,False,0.0
2025-11-05,14,OLINGR_OLING_2,0.0,0.0,False,0.0
2025-11-05,14,OLINGR_OLING_3,0.0,0.0,False,0.0
2025-11-05,14,RAB_UNIT1,0.0,0.0,False,0.0
2025-11-05,14,RAB_UNIT2,0.0,0.0,False,0.0
2025-11-05,14,RAB_UNIT3,0.0,0.0,False,0.0
2025-11-05,14,RAB_UNIT4,0.0,0.0,False,0.0
2025-11-05,14,RAB_UNIT5,0.0,0.0,False,0.0
2025-11-05,14,RAB_UNIT6,0.0,0.0,False,0.0
2025-11-05,14,RAB_UNIT7,0.0,0.0,False,0.0
2025-11-05,14,RAB_UNIT8,0.0,0.0,False,0.0
2025-11-05,14,REDGATE_AGR_A,0.0,0.0,False,0.0
2025-11-05,14,REDGATE_AGR_B,0.0,0.0,False,0.0
2025-11-05,14,REDGATE_AGR_C,0.0,0.0,False,0.0
2025-11-05,14,REDGATE_AGR_D,0.0,0.0,False,0.0
2025-11-05,14,JAD_UNIT1,0.0,0.0,False,0.0
2025-11-05,14,JAD_UNIT2,0.0,0.0,False,0.0
2025-11-05,14,JAD_UNIT3,0.0,0.0,False,0.0
2025-11-05,14,JAD_UNIT4,0.0,0.0,False,0.0
2025-11-05,14,JAD_UNIT5,0.0,0.0,False,0.0
2025-11-05,14,JAD_UNIT6,0.0,0.0,False,0.0
2025-11-05,14,JAD_UNIT7,0.0,0.0,False,0.0
2025-11-05,14,JAD_UNIT8,0.0,0.0,False,0.0
2025-11-05,14,RIONOG_CT1,0.0,0.0,False,0.0
2025-11-05,14,RIONOG_CT2,0.0,0.0,False,0.0
2025-11-05,14,RIONOG_CT3,0.0,0.0,False,0.0
2025-11-05,14,RIONOG_ST1,0.0,0.0,False,0.0
2025-11-05,14,RAYBURN_RAYBURG7,18.15,42.35,True,508.2
2025-11-05,14,RAYBURN_RAYBURG8,49.94560605466846,10.55439394533154,True,1398.477
2025-11-05,14,RAYBURN_RAYBURG9,60.5,0.0,True,1694.0
2025-11-05,14,RAYBURN_RAYBURG10,12.6,29.4,True,352.8
2025-11-05,14,SJS_SJS_G1,88.19999999999999,1.4210854715202004e-14,True,3704.4
2025-11-05,14,SJS_SJS_G2,88.19999999999999,1.4210854715202004e-14,True,3704.4
2025-11-05,14,SANDHSYD_SH1,0.0,0.0,False,0.0
2025-11-05,14,SANDHSYD_SH2,0.0,0.0,False,0.0
2025-11-05,14,SANDHSYD_SH3,0.0,0.0,False,0.0
2025-11-05,14,SANDHSYD_SH4,0.0,0.0,False,0.0
2025-11-05,14,SANDHSYD_SH_5A,198.90000000000003,-2.842170943040401e-14,True,5569.2
2025-11-05,14,SANDHSYD_SH6,0.0,0.0,False,0.0
2025-11-05,14,SANDHSYD_SH7,0.0,0.0,False,0.0
2025-11-05,14,SANDHSYD_SH_5C,188.26254687120672,2.737453128793277,True,5271.3513
2025-11-05,14,SILASRAY_SILAS_10,0.0,0.0,False,0.0
2025-11-05,14,SILASRAY_SILAS_9,50.0,0.0,True,1400.0
2025-11-05,14,SILASRAY_SILAS_6,25.0,0.0,True,700.0
2025-11-05,14,GIDEON_GIDEONG1,0.0,0.0,False,0.0
2025-11-05,14,GIDEON_GIDEONG2,0.0,0.0,False,0.0
2025-11-05,14,GIDEON_GIDEONG3,0.0,0.0,False,0.0
2025-11-05,14,SKY1_SKY1A,0.0,0.0,False,0.0
2025-11-05,14,SKY1_SKY1B,0.0,0.0,False,0.0
2025-11-05,14,SPNCER_SPNCE_4,61.0,0.0,True,2135.0
2025-11-05,14,SPNCER_SPNCE_5,65.0,0.0,True,2275.0
2025-11-05,14,SCSES_UNIT1A,94.74428431702589,82.25571568297411,True,3316.05
2025-11-05,14,SCSES_UNIT2,502.0,0.0,True,17570.0
2025-11-05,14,THW_THWGT_1,16.3,0.0,True,684.6
2025-11-05,14,THW_THWGT31,51.3,0.0,True,1436.4
2025-11-05,14,THW_THWGT32,51.3,0.0,True,1436.4
2025-11-05,14,THW_THWGT33,51.3,0.0,True,1436.4
2025-11-05,14,THW_THWGT34,51.3,0.0,True,1436.4
2025-11-05,14,THW_THWGT41,51.3,0.0,True,1436.4
2025-11-05,14,THW_THWGT42,51.3,0.0,True,1436.4
2025-11-05,14,THW_THWGT43,62.0,0.0,True,1736.0
2025-11-05,14,THW_THWGT44,62.0,0.0,True,1736.0
2025-11-05,14,THW_THWGT51,85.0,0.0,True,3570.0
2025-11-05,14,THW_THWGT52,85.0,0.0,True,3570.0
2025-11-05,14,THW_THWGT53,85.0,0.0,True,3570.0
2025-11-05,14,THW_THWGT54,85.0,0.0,True,3570.0
2025-11-05,14,THW_THWGT55,85.0,0.0,True,3570.0
2025-11-05,14,THW_THWGT56,85.0,0.0,True,3570.0
2025-11-05,14,THW_THWST_3,113.1,0.0,True,3166.8
2025-11-05,14,THW_THWST_4,113.1,0.0,True,3166.8
2025-11-05,14,TXCTY_CTA,129.1,0.0,True,3614.8
2025-11-05,14,TXCTY_CTB,129.1,0.0,True,3614.8
2025-11-05,14,TXCTY_CTC,129.1,0.0,True,3614.8
2025-11-05,14,TXCTY_ST,143.7,0.0,True,4023.6
2025-11-05,14,TGS_GT01,0.0,0.0,False,0.0
2025-11-05,14,TIMPP_AGR1,0.0,0.0,False,0.0
2025-11-05,14,TIMPP_AGR2,0.0,0.0,False,0.0
2025-11-05,14,TIMPP_AGR3,0.0,0.0,False,0.0
2025-11-05,14,TIMPP_AGR4,0.0,0.0,False,0.0
2025-11-05,14,TRSES_UNIT6,239.0,0.0,True,8365.0
2025-11-05,14,TOPAZ_UNIT1,60.5,0.0,True,2541.0
2025-11-05,14,TOPAZ_UNIT2,60.5,0.0,True,2541.0
2025-11-05,14,TOPAZ_UNIT3,60.5,0.0,True,2541.0
2025-11-05,14,TOPAZ_UNIT4,60.5,0.0,True,2541.0
2025-11-05,14,TOPAZ_UNIT5,60.5,0.0,True,2541.0
2025-11-05,14,TOPAZ_UNIT6,60.5,0.0,True,2541.0
2025-11-05,14,TOPAZ_UNIT7,60.5,0.0,True,2541.0
2025-11-05,14,TOPAZ_UNIT8,60.5,0.0,True,2541.0
2025-11-05,14,TOPAZ_UNIT9,60.5,0.0,True,2541.0
2025-11-05,14,TOPAZ_UNIT10,60.5,0.0,True,2541.0
2025-11-05,14,BRAUNIG_VHB6CT5,0.0,0.0,False,0.0
2025-11-05,14,BRAUNIG_VHB6CT6,0.0,0.0,False,0.0
2025-11-05,14,BRAUNIG_VHB6CT7,0.0,0.0,False,0.0
2025-11-05,14,BRAUNIG_VHB6CT8,0.0,0.0,False,0.0
2025-11-05,14,CITYVICT_CTG01,0.0,0.0,False,0.0
2025-11-05,14,CITYVICT_CTG02,0.0,0.0,False,0.0
2025-11-05,14,VICTPORT_CTG01,0.0,0.0,False,0.0
2025-11-05,14,VICTPORT_CTG02,0.0,0.0,False,0.0
2025-11-05,14,VICTORIA_VICTORG6,196.9,0.0,True,5513.2
2025-11-05,14,VICTORIA_VICTORG5,139.21938272907025,40.98061727092974,True,3898.1427
2025-11-05,14,WAP_WAPGT_1,0.0,0.0,False,0.0
2025-11-05,14,WAP_WAP_G1,0.0,0.0,False,0.0
2025-11-05,14,WAP_WAP_G2,0.0,0.0,False,0.0
2025-11-05,14,WAP_WAP_G3,0.0,0.0,False,0.0
2025-11-05,14,WAP_WAP_G4,0.0,0.0,False,0.0
2025-11-05,14,WFCOGEN_UNIT1,20.0,0.0,True,560.0
2025-11-05,14,WFCOGEN_UNIT2,20.0,0.0,True,560.0
2025-11-05,14,WFCOGEN_UNIT3,20.0,0.0,True,560.0
2025-11-05,14,WIPOPA_WPP_G1,6.05,54.45,True,254.1
2025-11-05,14,WIPOPA_WPP_G2,6.05,54.45,True,254.1
2025-11-05,14,WIPOPA_WPP_G3,33.19542729028963,27.30457270971037,True,1394.2079
2025-11-05,14,WIPOPA_WPP_G4,60.5,0.0,True,2541.0
2025-11-05,14,WCPP_CT1,0.0,0.0,False,0.0
2025-11-05,14,WCPP_CT2,0.0,0.0,False,0.0
2025-11-05,14,WCPP_ST1,0.0,0.0,False,0.0
2025-11-05,14,WHCCS_CT1,0.0,0.0,False,0.0
2025-11-05,14,WHCCS_CT2,0.0,0.0,False,0.0
2025-11-05,14,WHCCS_STG,0.0,0.0,False,0.0
2025-11-05,14,WHCCS2_CT4,0.0,0.0,False,0.0
2025-11-05,14,WHCCS2_CT5,0.0,0.0,False,0.0
2025-11-05,14,WHCCS2_STG6,0.0,0.0,False,0.0
2025-11-05,14,NACPW_UNIT1,0.0,0.0,False,0.0
2025-11-05,14,HBR_2UNITS,3.2,0.0,True,128.0
2025-11-05,14,TRIRA_1UNIT,4.0,0.0,True,160.0
2025-11-05,14,78252_4UNITS,0.0,0.0,False,0.0
2025-11-05,14,SPRIN_4UNITS,0.0,0.0,False,0.0
2025-11-05,14,FREIH_2UNITS,0.0,0.0,False,0.0
2025-11-05,14,WSTHL_3UNITS,4.8,0.0,True,192.0
2025-11-05,14,FEGC_CTG2,0.0,0.0,False,0.0
2025-11-05,14,FEGC_CTG3,0.0,0.0,False,0.0
2025-11-05,14,FEGC_CTG4,0.0,0.0,False,0.0
2025-11-05,14,OLNEYTN_AGR1,10.0,0.0,True,600.0
2025-11-05,14,AMISTAD_AMISTAG1,0.0,0.0,False,0.0
2025-11-05,14,AMISTAD_AMISTAG2,0.0,0.0,False,0.0
2025-11-05,14,AUSTPL_AUSTING1,9.0,0.0,True,9.0
2025-11-05,14,AUSTPL_AUSTING2,9.0,0.0,True,9.0
2025-11-05,14,BUCHAN_BUCHANG1,18.299999999999997,3.552713678800501e-15,True,18.3
2025-11-05,14,BUCHAN_BUCHANG2,18.299999999999997,3.552713678800501e-15,True,18.3
2025-11-05,14,BUCHAN_BUCHANG3,18.299999999999997,3.552713678800501e-15,True,18.3
2025-11-05,14,DNDAM_DENISOG1,50.8,0.0,True,50.8
2025-11-05,14,DNDAM_DENISOG2,50.8,0.0,True,50.8
2025-11-05,14,FALCON_FALCONG1,12.0,0.0,True,12.0
2025-11-05,14,FALCON_FALCONG2,12.0,0.0,True,12.0
2025-11-05,14,FALCON_FALCONG3,12.0,0.0,True,12.0
2025-11-05,14,WIRTZ_WIRTZ_G1,29.0,0.0,True,29.0
2025-11-05,14,WIRTZ_WIRTZ_G2,29.0,0.0,True,29.0
2025-11-05,14,CANYHY_CANYHYG1,6.0,0.0,True,6.0
2025-11-05,14,INKSDA_INKS_G1,15.0,0.0,True,15.0
2025-11-05,14,MARBFA_MARBFAG1,21.0,0.0,True,21.0
2025-11-05,14,MARBFA_MARBFAG2,20.0,0.0,True,20.0
2025-11-05,14,MARSFO_MARSFOG1,36.0,0.0,True,36.0
2025-11-05,14,MARSFO_MARSFOG2,36.0,0.0,True,36.0
2025-11-05,14,MARSFO_MARSFOG3,36.0,0.0,True,36.0
2025-11-05,14,WND_WHITNEY1,0.0,0.0,False,0.0
2025-11-05,14,WND_WHITNEY2,0.0,0.0,False,0.0
2025-11-05,14,AEEC_ANTLP_1,0.0,0.0,False,0.0
2025-11-05,14,AEEC_ANTLP_2,0.0,0.0,False,0.0
2025-11-05,14,AEEC_ANTLP_3,0.0,0.0,False,0.0
2025-11-05,14,AEEC_ELK_1,0.0,0.0,False,0.0
2025-11-05,14,AEEC_ELK_2,0.0,0.0,False,0.0
2025-11-05,14,AEEC_ELK_3,0.0,0.0,False,0.0
2025-11-05,14,FTR_FTR_G1,0.0,0.0,False,0.0
2025-11-05,14,FTR_FTR_G2,0.0,0.0,False,0.0
2025-11-05,14,FTR_FTR_G3,0.0,0.0,False,0.0
2025-11-05,14,FTR_FTR_G4,0.0,0.0,False,0.0
2025-11-05,14,TGCCS_CT1,0.0,0.0,False,0.0
2025-11-05,14,TGCCS_CT2,0.0,0.0,False,0.0
2025-11-05,14,TGCCS_CT3,0.0,0.0,False,0.0
2025-11-05,14,TGCCS_UNIT4,120.0,280.0,True,3360.0
2025-11-05,14,KMCHI_1CT101,55.5,129.5,True,1554.0
2025-11-05,14,KMCHI_1CT201,55.5,129.5,True,1554.0
2025-11-05,14,KMCHI_1ST,330.0,0.0,True,9240.0
2025-11-05,14,KMCHI_2CT101,0.0,0.0,False,0.0
2025-11-05,14,KMCHI_2CT201,185.0,0.0,True,5180.0
2025-11-05,14,KMCHI_2ST,330.0,0.0,True,9240.0
2025-11-05,14,A4_DGR1,0.0,0.0,False,0.0
2025-11-05,14,A4_DGR2,0.0,0.0,False,0.0
2025-11-05,14,K2_DGR1,0.0,0.0,False,0.0
2025-11-05,14,K2_DGR2,0.0,0.0,False,0.0
2025-11-05,14,P2_DGR1,0.0,0.0,False,0.0
2025-11-05,14,P2_DGR2,0.0,0.0,False,0.0
2025-11-05,14,Q1_DGR1,0.0,0.0,False,0.0
2025-11-05,14,BRAUNIG_VHB3,0.0,0.0,False,0.0
2025-11-05,14,V2_DGR1,0.0,0.0,False,0.0
2025-11-05,14,V2_DGR2,0.0,0.0,False,0.0
2025-11-05,14,V2_DGR3,0.0,0.0,False,0.0
2025-11-05,14,V4_DGR1,0.0,0.0,False,0.0
2025-11-05,14,X1_DGR1,0.0,0.0,False,0.0
2025-11-05,14,Z0_DGR1,0.0,0.0,False,0.0
2025-11-05,14,Z0_DGR2,0.0,0.0,False,0.0
2025-11-05,14,Z5_DGR1,0.0,0.0,False,0.0
2025-11-05,14,DC_E,437.90580396835514,162.09419603164486,True,15326.7031
2025-11-05,14,DC_N,204.775191779853,15.224808220146997,True,7167.1317
2025-11-05,14,DC_L,0.0,0.0,False,0.0
2025-11-05,14,DC_R,0.0,0.0,False,0.0
2025-11-05,14,CEDARVALE_GAS,0.0,0.0,False,0.0
2025-11-05,14,ENCHANTED_ROCK_NEWPP,30.0,0.0,True,1350.0
2025-11-05,15,CPSES_UNIT1,1269.0,0.0,True,10152.0
2025-11-05,15,CPSES_UNIT2,1269.0,0.0,True,10152.0
2025-11-05,15,STP_STP_G1,1365.0,0.0,True,10920.0
2025-11-05,15,STP_STP_G2,1365.0,0.0,True,10920.0
2025-11-05,15,COLETO_COLETOG1,655.0,0.0,True,16375.0
2025-11-05,15,FPPYD1_FPP_G1,615.0,0.0,True,15375.0
2025-11-05,15,FPPYD1_FPP_G2,615.0,0.0,True,15375.0
2025-11-05,15,FPPYD2_FPP_G3,460.0,0.0,True,11500.0
2025-11-05,15,CALAVERS_JKS1,224.0,336.0,True,5600.0
2025-11-05,15,CALAVERS_JKS2,436.7017435981656,485.29825640183446,True,10917.5436
2025-11-05,15,LEG_LEG_G1,0.0,0.0,False,0.0
2025-11-05,15,LEG_LEG_G2,0.0,0.0,False,0.0
2025-11-05,15,MLSES_UNIT1,0.0,0.0,False,0.0
2025-11-05,15,MLSES_UNIT2,0.0,0.0,False,0.0
2025-11-05,15,MLSES_UNIT3,0.0,0.0,False,0.0
2025-11-05,15,OGSES_UNIT1A,0.0,0.0,False,0.0
2025-11-05,15,OGSES_UNIT2,0.0,0.0,False,0.0
2025-11-05,15,SANMIGL_G1,430.0,0.0,True,10750.0
2025-11-05,15,SCES_UNIT1,0.0,0.0,False,0.0
2025-11-05,15,TNP_ONE_TNP_O_1,0.0,0.0,False,0.0
2025-11-05,15,TNP_ONE_TNP_O_2,0.0,0.0,False,0.0
2025-11-05,15,WAP_WAP_G5,0.0,0.0,False,0.0
2025-11-05,15,WAP_WAP_G6,0.0,0.0,False,0.0
2025-11-05,15,WAP_WAP_G7,245.84,368.76,True,6146.0
2025-11-05,15,WAP_WAP_G8,456.6776200984505,197.32237990154948,True,11416.9405
2025-11-05,15,BRAUNIG_AVR1_CT1,0.0,0.0,False,0.0
2025-11-05,15,BRAUNIG_AVR1_CT2,0.0,0.0,False,0.0
2025-11-05,15,BRAUNIG_AVR1_ST,0.0,0.0,False,0.0
2025-11-05,15,ATKINS_ATKINSG7,0.0,0.0,False,0.0
2025-11-05,15,B_DAVIS_B_DAVIG3,56.88,132.72,True,1592.64
2025-11-05,15,B_DAVIS_B_DAVIG4,100.35850214956554,89.24149785043446,True,2810.0381
2025-11-05,15,B_DAVIS_B_DAVIG1,0.0,0.0,False,0.0
2025-11-05,15,B_DAVIS_B_DAVIG2,0.0,0.0,False,0.0
2025-11-05,15,BASTEN_GTG1100,0.0,0.0,False,0.0
2025-11-05,15,BASTEN_GTG2100,0.0,0.0,False,0.0
2025-11-05,15,BASTEN_ST0100,0.0,0.0,False,0.0
2025-11-05,15,BCH_UNIT1,60.5,0.0,True,2541.0
2025-11-05,15,BCH_UNIT2,60.5,0.0,True,2541.0
2025-11-05,15,BCH_UNIT3,60.5,0.0,True,2541.0
2025-11-05,15,BCH_UNIT4,60.5,0.0,True,2541.0
2025-11-05,15,BCH_UNIT5,60.5,0.0,True,2541.0
2025-11-05,15,BCH_UNIT6,60.5,0.0,True,2541.0
2025-11-05,15,BCH_UNIT7,60.5,0.0,True,2541.0
2025-11-05,15,BCH_UNIT8,60.5,0.0,True,2541.0
2025-11-05,15,BOSQUESW_BSQSU_1,0.0,0.0,False,0.0
2025-11-05,15,BOSQUESW_BSQSU_2,0.0,0.0,False,0.0
2025-11-05,15,BOSQUESW_BSQSU_3,0.0,0.0,False,0.0
2025-11-05,15,BOSQUESW_BSQSU_4,0.0,0.0,False,0.0
2025-11-05,15,BOSQUESW_BSQSU_5,0.0,0.0,False,0.0
2025-11-05,15,BVE_UNIT1,198.90000000000003,-2.842170943040401e-14,True,5569.2
2025-11-05,15,BVE_UNIT2,198.90000000000003,-2.842170943040401e-14,True,5569.2
2025-11-05,15,BVE_UNIT3,275.6,0.0,True,7716.8
2025-11-05,15,BTM_UNIT1,60.5,0.0,True,2541.0
2025-11-05,15,BTM_UNIT2,60.5,0.0,True,2541.0
2025-11-05,15,BTM_UNIT3,60.5,0.0,True,2541.0
2025-11-05,15,BTM_UNIT4,60.5,0.0,True,2541.0
2025-11-05,15,BTM_UNIT5,60.5,0.0,True,2541.0
2025-11-05,15,BTM_UNIT6,60.5,0.0,True,2541.0
2025-11-05,15,BTM_UNIT7,60.5,0.0,True,2541.0
2025-11-05,15,BTM_UNIT8,60.5,0.0,True,2541.0
2025-11-05,15,FLCNS_UNIT1,0.0,0.0,False,0.0
2025-11-05,15,FLCNS_UNIT2,0.0,0.0,False,0.0
2025-11-05,15,CALHOUN_UNIT1,0.0,0.0,False,0.0
2025-11-05,15,CALHOUN_UNIT2,0.0,0.0,False,0.0
2025-11-05,15,CHAMON_CTG_0101,60.5,0.0,True,2541.0
2025-11-05,15,CHAMON_CTG_0301,60.5,0.0,True,2541.0
2025-11-05,15,CBY4_CT41,205.0,0.0,True,5740.0
2025-11-05,15,CBY4_CT42,205.0,0.0,True,5740.0
2025-11-05,15,CBY4_ST04,205.0,0.0,True,5740.0
2025-11-05,15,CBY_CBY_G1,765.0,0.0,True,26775.0
2025-11-05,15,CBY_CBY_G2,765.0,0.0,True,26775.0
2025-11-05,15,CBEC_GT1,86.5,0.0,True,2422.0
2025-11-05,15,CBEC_GT2,86.5,0.0,True,2422.0
2025-11-05,15,CBEC_GT3,86.5,0.0,True,2422.0
2025-11-05,15,CBEC_GT4,86.5,0.0,True,2422.0
2025-11-05,15,CBEC_STG1,105.0,0.0,True,2940.0
2025-11-05,15,CBEC_STG2,108.79999999999997,2.842170943040401e-14,True,3046.4
2025-11-05,15,CBECII_CT7,360.9,0.0,True,10105.2
2025-11-05,15,CBECII_CT8,360.9,0.0,True,10105.2
2025-11-05,15,CBECII_STG9,326.7407772058979,181.75922279410207,True,9148.7418
2025-11-05,15,CBEC_GT11,41.7,0.0,True,1751.4
2025-11-05,15,CBEC_GT12,8.134855534372049,33.56514446562795,True,341.6639
2025-11-05,15,CVC_CVC_G1,192.1,0.0,True,5378.8
2025-11-05,15,CVC_CVC_G2,192.1,0.0,True,5378.8
2025-11-05,15,CVC_CVC_G3,192.1,0.0,True,5378.8
2025-11-05,15,CVC_CVC_G5,150.0,0.0,True,4200.0
2025-11-05,15,DANSBY_DANSBYG2,0.0,0.0,False,0.0
2025-11-05,15,DANSBY_DANSBYG3,0.0,0.0,False,0.0
2025-11-05,15,DANSBY_DANSBYG1,0.0,0.0,False,0.0
2025-11-05,15,DECKER_DPGT_1,0.0,0.0,False,0.0
2025-11-05,15,DECKER_DPGT_2,0.0,0.0,False,0.0
2025-11-05,15,DECKER_DPGT_3,0.0,0.0,False,0.0
2025-11-05,15,DECKER_DPGT_4,0.0,0.0,False,0.0
2025-11-05,15,DCSES_CT10,0.0,0.0,False,0.0
2025-11-05,15,DCSES_CT20,0.0,0.0,False,0.0
2025-11-05,15,DCSES_CT30,0.0,0.0,False,0.0
2025-11-05,15,DCSES_CT40,0.0,0.0,False,0.0
2025-11-05,15,DDPEC_GT1,0.0,0.0,False,0.0
2025-11-05,15,DDPEC_GT2,64.5,150.5,True,1806.0
2025-11-05,15,DDPEC_GT3,60.9,142.1,True,1705.2
2025-11-05,15,DDPEC_GT4,0.0,0.0,False,0.0
2025-11-05,15,DDPEC_GT6,59.7,139.3,True,1671.6
2025-11-05,15,DDPEC_ST1,0.0,0.0,False,0.0
2025-11-05,15,DEC_AGR_A,56.5,0.0,True,2542.5
2025-11-05,15,DEC_AGR_B,56.5,0.0,True,2542.5
2025-11-05,15,DEC_AGR_C,56.5,0.0,True,2542.5
2025-11-05,15,DEC_AGR_D,56.5,0.0,True,2542.5
2025-11-05,15,ECEC_G1,0.0,0.0,False,0.0
2025-11-05,15,ECEC_G2,0.0,0.0,False,0.0
2025-11-05,15,ETCCS_CT1,260.0,0.0,True,7280.0
2025-11-05,15,ETCCS_UNIT1,140.0,0.0,True,3920.0
2025-11-05,15,AZ_AZ_G1,0.0,0.0,False,0.0
2025-11-05,15,AZ_AZ_G2,0.0,0.0,False,0.0
2025-11-05,15,AZ_AZ_G3,0.0,0.0,False,0.0
2025-11-05,15,AZ_AZ_G4,0.0,0.0,False,0.0
2025-11-05,15,FERGCC_FERGGT1,0.0,0.0,False,0.0
2025-11-05,15,FERGCC_FERGGT2,0.0,0.0,False,0.0
2025-11-05,15,FERGCC_FERGST1,83.43444619343026,120.56555380656974,True,2336.1645
2025-11-05,15,FRNYPP_GT11,0.0,0.0,False,0.0
2025-11-05,15,FRNYPP_GT12,0.0,0.0,False,0.0
2025-11-05,15,FRNYPP_GT13,0.0,0.0,False,0.0
2025-11-05,15,FRNYPP_GT21,0.0,0.0,False,0.0
2025-11-05,15,FRNYPP_GT22,0.0,0.0,False,0.0
2025-11-05,15,FRNYPP_GT23,0.0,0.0,False,0.0
2025-11-05,15,FRNYPP_ST10,0.0,0.0,False,0.0
2025-11-05,15,FRNYPP_ST20,0.0,0.0,False,0.0
2025-11-05,15,FREC_GT1,53.82,125.58000000000001,True,1506.96
2025-11-05,15,FREC_GT2,179.4,0.0,True,5023.2
2025-11-05,15,FREC_GT4,179.4,0.0,True,5023.2
2025-11-05,15,FREC_GT5,133.06699938084483,46.33300061915517,True,3725.876
2025-11-05,15,FREC_ST3,57.21,133.48999999999998,True,1601.88
2025-11-05,15,FREC_ST6,57.21,133.48999999999998,True,1601.88
2025-11-05,15,FEGC_UNIT1,0.0,0.0,False,0.0
2025-11-05,15,FRONT_EC_CT1,177.0,0.0,True,4956.0
2025-11-05,15,FRONT_EC_CT2,160.30561036149268,16.694389638507317,True,4488.5571
2025-11-05,15,FRONT_EC_ST,184.5,0.0,True,5166.0
2025-11-05,15,GRSES_UNIT1,239.0,0.0,True,8365.0
2025-11-05,15,GRSES_UNIT2,390.0,0.0,True,13650.0
2025-11-05,15,GBY_GBYGT73,72.0,0.0,True,3024.0
2025-11-05,15,GBY_GBYGT74,72.0,0.0,True,3024.0
2025-11-05,15,GBY_GBYGT81,72.0,0.0,True,3024.0
2025-11-05,15,GBY_GBYGT82,72.0,0.0,True,3024.0
2025-11-05,15,GBY_GBYGT83,72.0,0.0,True,3024.0
2025-11-05,15,GBY_GBYGT84,72.0,0.0,True,3024.0
2025-11-05,15,STEAM_ENGINE_1,0.0,0.0,False,0.0
2025-11-05,15,STEAM_ENGINE_2,0.0,0.0,False,0.0
2025-11-05,15,STEAM_ENGINE_3,0.0,0.0,False,0.0
2025-11-05,15,LGE_LGE_GT1,185.0,0.0,True,5180.0
2025-11-05,15,LGE_LGE_GT2,185.0,0.0,True,5180.0
2025-11-05,15,LGE_LGE_STG,30.0,70.0,True,840.0
2025-11-05,15,GUADG_GAS1,0.0,0.0,False,0.0
2025-11-05,15,GUADG_GAS2,0.0,0.0,False,0.0
2025-11-05,15,GUADG_GAS3,0.0,0.0,False,0.0
2025-11-05,15,GUADG_GAS4,0.0,0.0,False,0.0
2025-11-05,15,GUADG_STM5,0.0,0.0,False,0.0
2025-11-05,15,GUADG_STM6,0.0,0.0,False,0.0
2025-11-05,15,HLSES_UNIT3,395.0,0.0,True,13825.0
2025-11-05,15,HLSES_UNIT4,435.0,0.0,True,15225.0
2025-11-05,15,HLSES_UNIT5,435.0,0.0,True,15225.0
2025-11-05,15,HAYSEN_HAYSENG1,0.0,0.0,False,0.0
2025-11-05,15,HAYSEN_HAYSENG2,0.0,0.0,False,0.0
2025-11-05,15,HAYSEN_HAYSENG3,0.0,0.0,False,0.0
2025-11-05,15,HAYSEN_HAYSENG4,0.0,0.0,False,0.0
2025-11-05,15,DUKE_DUKE_GT1,176.6,0.0,True,4944.8
2025-11-05,15,DUKE_DUKE_GT2,176.6,0.0,True,4944.8
2025-11-05,15,DUKE_DUKE_ST1,59.43,138.67,True,1664.04
2025-11-05,15,JACKCNTY_CT1,59.67,139.23,True,1670.76
2025-11-05,15,JACKCNTY_CT2,59.67,139.23,True,1670.76
2025-11-05,15,JCKCNTY2_CT3,59.67,139.23,True,1670.76
2025-11-05,15,JCKCNTY2_CT4,59.67,139.23,True,1670.76
2025-11-05,15,JACKCNTY_STG,0.0,0.0,False,0.0
2025-11-05,15,JCKCNTY2_ST2,0.0,0.0,False,0.0
2025-11-05,15,TEN_CT1,0.0,0.0,False,0.0
2025-11-05,15,TEN_STG,0.0,0.0,False,0.0
2025-11-05,15,LHSES_UNIT1,0.0,0.0,False,0.0
2025-11-05,15,LHSES_UNIT2A,0.0,0.0,False,0.0
2025-11-05,15,LPCCS_CT11,0.0,0.0,False,0.0
2025-11-05,15,LPCCS_CT12,0.0,0.0,False,0.0
2025-11-05,15,LPCCS_CT21,76.58952289847998,109.41047710152,True,2144.5066
2025-11-05,15,LPCCS_CT22,186.0,0.0,True,5208.0
2025-11-05,15,LPCCS_UNIT1,0.0,0.0,False,0.0
2025-11-05,15,LPCCS_UNIT2,0.0,0.0,False,0.0
2025-11-05,15,LARDVFTN_G4,0.0,0.0,False,0.0
2025-11-05,15,LARDVFTN_G5,0.0,0.0,False,0.0
2025-11-05,15,LEON_CRK_LCPCT1,0.0,0.0,False,0.0
2025-11-05,15,LEON_CRK_LCPCT2,0.0,0.0,False,0.0
2025-11-05,15,LEON_CRK_LCPCT3,0.0,0.0,False,0.0
2025-11-05,15,LEON_CRK_LCPCT4,0.0,0.0,False,0.0
2025-11-05,15,LIG_UNIT1,0.0,0.0,False,0.0
2025-11-05,15,LIG_UNIT2,0.0,0.0,False,0.0
2025-11-05,15,LOSTPI_LOSTPGT1,202.5,0.0,True,5670.0
2025-11-05,15,LOSTPI_LOSTPGT2,202.5,0.0,True,5670.0
2025-11-05,15,LOSTPI_LOSTPST1,204.0,0.0,True,5712.0
2025-11-05,15,NEDIN_NEDIN_G1,0.0,0.0,False,0.0
2025-11-05,15,NEDIN_NEDIN_G2,0.0,0.0,False,0.0
2025-11-05,15,NEDIN_NEDIN_G3,0.0,0.0,False,0.0
2025-11-05,15,MDANP_CT1,0.0,0.0,False,0.0
2025-11-05,15,MDANP_CT2,0.0,0.0,False,0.0
2025-11-05,15,MDANP_CT3,0.0,0.0,False,0.0
2025-11-05,15,MDANP_CT4,0.0,0.0,False,0.0
2025-11-05,15,MDANP_CT5,0.0,0.0,False,0.0
2025-11-05,15,MDANP_CT6,0.0,0.0,False,0.0
2025-11-05,15,MGSES_CT1,0.0,0.0,False,0.0
2025-11-05,15,MGSES_CT2,0.0,0.0,False,0.0
2025-11-05,15,MGSES_CT3,0.0,0.0,False,0.0
2025-11-05,15,MGSES_CT4,0.0,0.0,False,0.0
2025-11-05,15,MGSES_CT5,0.0,0.0,False,0.0
2025-11-05,15,MGSES_CT6,0.0,0.0,False,0.0
2025-11-05,15,MCSES_UNIT6,122.0,0.0,True,4270.0
2025-11-05,15,MCSES_UNIT7,118.0,0.0,True,4130.0
2025-11-05,15,MCSES_UNIT8,568.0,0.0,True,19880.0
2025-11-05,15,NUECES_B_NUECESG8,56.88,132.72,True,1592.64
2025-11-05,15,NUECES_B_NUECESG9,56.88,132.72,True,1592.64
2025-11-05,15,NUECES_B_NUECESG7,105.3,245.7,True,2948.4
2025-11-05,15,CALAVERS_OWS1,0.0,0.0,False,0.0
2025-11-05,15,CALAVERS_OWS2,0.0,0.0,False,0.0
2025-11-05,15,OECCS_CT11,58.56,0.0,True,1639.68
2025-11-05,15,OECCS_CT12,0.0,0.0,False,0.0
2025-11-05,15,OECCS_CT21,58.56,136.64,True,1639.68
2025-11-05,15,OECCS_CT22,0.0,0.0,False,0.0
2025-11-05,15,OECCS_UNIT1,131.3089443357468,92.69105566425321,True,3676.6504
2025-11-05,15,OECCS_UNIT2,67.2,156.8,True,1881.6
2025-11-05,15,VICTPRT2_UNIT1,0.0,0.0,False,0.0
2025-11-05,15,VICTPRT2_UNIT2,0.0,0.0,False,0.0
2025-11-05,15,PANDA_S_SHER1CT1,0.0,0.0,False,0.0
2025-11-05,15,PANDA_S_SHER1CT2,0.0,0.0,False,0.0
2025-11-05,15,PANDA_S_SHER1ST1,353.1,0.0,True,9886.8
2025-11-05,15,PANDA_T1_TMPL1CT1,0.0,0.0,False,0.0
2025-11-05,15,PANDA_T1_TMPL1CT2,0.0,0.0,False,0.0
2025-11-05,15,PANDA_T1_TMPL1ST1,0.0,0.0,False,0.0
2025-11-05,15,PANDA_T2_TMPL2CT1,0.0,0.0,False,0.0
2025-11-05,15,PANDA_T2_TMPL2CT2,0.0,0.0,False,0.0
2025-11-05,15,PANDA_T2_TMPL2ST1,0.0,0.0,False,0.0
2025-11-05,15,TNSKA_GT1,0.0,0.0,False,0.0
2025-11-05,15,TNSKA_GT2,0.0,0.0,False,0.0
2025-11-05,15,TNSKA_STG,0.0,0.0,False,0.0
2025-11-05,15,PSG_PSG_GT2,64.53,150.57,True,1806.84
2025-11-05,15,PSG_PSG_GT3,168.74169993659808,46.35830006340191,True,4724.7676
2025-11-05,15,PSG_PSG_ST2,58.65,136.85,True,1642.2
2025-11-05,15,PEARSAL2_AGR_A,0.0,0.0,False,0.0
2025-11-05,15,PEARSAL2_AGR_B,0.0,0.0,False,0.0
2025-11-05,15,PEARSAL2_AGR_C,0.0,0.0,False,0.0
2025-11-05,15,PEARSAL2_AGR_D,0.0,0.0,False,0.0
2025-11-05,15,PB2SES_CT1,0.0,0.0,False,0.0
2025-11-05,15,PB2SES_CT2,0.0,0.0,False,0.0
2025-11-05,15,PB2SES_CT3,0.0,0.0,False,0.0
2025-11-05,15,PB2SES_CT4,0.0,0.0,False,0.0
2025-11-05,15,PB2SES_CT5,0.0,0.0,False,0.0
2025-11-05,15,PRO_UNIT1,0.0,0.0,False,0.0
2025-11-05,15,PRO_UNIT2,0.0,0.0,False,0.0
2025-11-05,15,PRO_UNIT3,0.0,0.0,False,0.0
2025-11-05,15,PRO_UNIT4,0.0,0.0,False,0.0
2025-11-05,15,PRO_UNIT5,0.0,0.0,False,0.0
2025-11-05,15,PRO_UNIT6,0.0,0.0,False,0.0
2025-11-05,15,PRO_UNIT7,0.0,0.0,False,0.0
2025-11-05,15,PRO_UNIT8,0.0,0.0,False,0.0
2025-11-05,15,BAC_CTG1,65.0,0.0,True,2730.0
2025-11-05,15,BAC_CTG2,65.0,0.0,True,2730.0
2025-11-05,15,BAC_CTG3,65.0,0.0,True,2730.0
2025-11-05,15,BAC_CTG4,65.0,0.0,True,2730.0
2025-11-05,15,BAC_CTG5,65.0,0.0,True,2730.0
2025-11-05,15,BAC_CTG6,65.0,0.0,True,2730.0
2025-11-05,15,STEAM1A_STEAM_1,0.0,0.0,False,0.0
2025-11-05,15,STEAM_STEAM_2,0.0,0.0,False,0.0
2025-11-05,15,STEAM_STEAM_3,0.0,0.0,False,0.0
2025-11-05,15,QALSW_GT1,90.6,0.0,True,2536.8
2025-11-05,15,QALSW_GT2,90.6,0.0,True,2536.8
2025-11-05,15,QALSW_GT3,90.6,0.0,True,2536.8
2025-11-05,15,QALSW_GT4,90.6,0.0,True,2536.8
2025-11-05,15,QALSW_STG1,98.1,0.0,True,2746.8
2025-11-05,15,QALSW_STG2,98.1,0.0,True,2746.8
2025-11-05,15,MIL_MILLERG4,116.0,0.0,True,4872.0
2025-11-05,15,MIL_MILLERG5,116.0,0.0,True,4872.0
2025-11-05,15,MIL_MILLERG1,75.0,0.0,True,2625.0
2025-11-05,15,MIL_MILLERG2,120.0,0.0,True,4200.0
2025-11-05,15,MIL_MILLERG3,216.0,0.0,True,7560.0
2025-11-05,15,OLINGR_OLING_4,0.0,0.0,False,0.0
2025-11-05,15,OLINGR_OLING_2,0.0,0.0,False,0.0
2025-11-05,15,OLINGR_OLING_3,0.0,0.0,False,0.0
2025-11-05,15,RAB_UNIT1,0.0,0.0,False,0.0
2025-11-05,15,RAB_UNIT2,0.0,0.0,False,0.0
2025-11-05,15,RAB_UNIT3,0.0,0.0,False,0.0
2025-11-05,15,RAB_UNIT4,0.0,0.0,False,0.0
2025-11-05,15,RAB_UNIT5,0.0,0.0,False,0.0
2025-11-05,15,RAB_UNIT6,0.0,0.0,False,0.0
2025-11-05,15,RAB_UNIT7,0.0,0.0,False,0.0
2025-11-05,15,RAB_UNIT8,0.0,0.0,False,0.0
2025-11-05,15,REDGATE_AGR_A,0.0,0.0,False,0.0
2025-11-05,15,REDGATE_AGR_B,0.0,0.0,False,0.0
2025-11-05,15,REDGATE_AGR_C,0.0,0.0,False,0.0
2025-11-05,15,REDGATE_AGR_D,0.0,0.0,False,0.0
2025-11-05,15,JAD_UNIT1,0.0,0.0,False,0.0
2025-11-05,15,JAD_UNIT2,0.0,0.0,False,0.0
2025-11-05,15,JAD_UNIT3,0.0,0.0,False,0.0
2025-11-05,15,JAD_UNIT4,0.0,0.0,False,0.0
2025-11-05,15,JAD_UNIT5,0.0,0.0,False,0.0
2025-11-05,15,JAD_UNIT6,0.0,0.0,False,0.0
2025-11-05,15,JAD_UNIT7,0.0,0.0,False,0.0
2025-11-05,15,JAD_UNIT8,0.0,0.0,False,0.0
2025-11-05,15,RIONOG_CT1,0.0,0.0,False,0.0
2025-11-05,15,RIONOG_CT2,0.0,0.0,False,0.0
2025-11-05,15,RIONOG_CT3,0.0,0.0,False,0.0
2025-11-05,15,RIONOG_ST1,0.0,0.0,False,0.0
2025-11-05,15,RAYBURN_RAYBURG7,60.5,0.0,True,1694.0
2025-11-05,15,RAYBURN_RAYBURG8,53.595606054668465,6.904393945331535,True,1500.677
2025-11-05,15,RAYBURN_RAYBURG9,60.5,0.0,True,1694.0
2025-11-05,15,RAYBURN_RAYBURG10,12.6,29.4,True,352.8
2025-11-05,15,SJS_SJS_G1,88.19999999999999,1.4210854715202004e-14,True,3704.4
2025-11-05,15,SJS_SJS_G2,88.19999999999999,1.4210854715202004e-14,True,3704.4
2025-11-05,15,SANDHSYD_SH1,0.0,0.0,False,0.0
2025-11-05,15,SANDHSYD_SH2,0.0,0.0,False,0.0
2025-11-05,15,SANDHSYD_SH3,0.0,0.0,False,0.0
2025-11-05,15,SANDHSYD_SH4,0.0,0.0,False,0.0
2025-11-05,15,SANDHSYD_SH_5A,196.1625468712008,2.737453128799217,True,5492.5513
2025-11-05,15,SANDHSYD_SH6,0.0,0.0,False,0.0
2025-11-05,15,SANDHSYD_SH7,0.0,0.0,False,0.0
2025-11-05,15,SANDHSYD_SH_5C,191.0,0.0,True,5348.0
2025-11-05,15,SILASRAY_SILAS_10,0.0,0.0,False,0.0
2025-11-05,15,SILASRAY_SILAS_9,50.0,0.0,True,1400.0
2025-11-05,15,SILASRAY_SILAS_6,25.0,0.0,True,700.0
2025-11-05,15,GIDEON_GIDEONG1,0.0,0.0,False,0.0
2025-11-05,15,GIDEON_GIDEONG2,0.0,0.0,False,0.0
2025-11-05,15,GIDEON_GIDEONG3,0.0,0.0,False,0.0
2025-11-05,15,SKY1_SKY1A,0.0,0.0,False,0.0
2025-11-05,15,SKY1_SKY1B,0.0,0.0,False,0.0
2025-11-05,15,SPNCER_SPNCE_4,61.0,0.0,True,2135.0
2025-11-05,15,SPNCER_SPNCE_5,65.0,0.0,True,2275.0
2025-11-05,15,SCSES_UNIT1A,177.0,0.0,True,6195.0
2025-11-05,15,SCSES_UNIT2,419.74428431702995,82.25571568297005,True,14691.05
2025-11-05,15,THW_THWGT_1,16.3,0.0,True,684.6
2025-11-05,15,THW_THWGT31,51.3,0.0,True,1436.4
2025-11-05,15,THW_THWGT32,51.3,0.0,True,1436.4
2025-11-05,15,THW_THWGT33,51.3,0.0,True,1436.4
2025-11-05,15,THW_THWGT34,51.3,0.0,True,1436.4
2025-11-05,15,THW_THWGT41,51.3,0.0,True,1436.4
2025-11-05,15,THW_THWGT42,51.3,0.0,True,1436.4
2025-11-05,15,THW_THWGT43,62.0,0.0,True,1736.0
2025-11-05,15,THW_THWGT44,62.0,0.0,True,1736.0
2025-11-05,15,THW_THWGT51,85.0,0.0,True,3570.0
2025-11-05,15,THW_THWGT52,85.0,0.0,True,3570.0
2025-11-05,15,THW_THWGT53,85.0,0.0,True,3570.0
2025-11-05,15,THW_THWGT54,85.0,0.0,True,3570.0
2025-11-05,15,THW_THWGT55,85.0,0.0,True,3570.0
2025-11-05,15,THW_THWGT56,85.0,0.0,True,3570.0
2025-11-05,15,THW_THWST_3,113.1,0.0,True,3166.8
2025-11-05,15,THW_THWST_4,113.1,0.0,True,3166.8
2025-11-05,15,TXCTY_CTA,129.1,0.0,True,3614.8
2025-11-05,15,TXCTY_CTB,129.1,0.0,True,3614.8
2025-11-05,15,TXCTY_CTC,129.1,0.0,True,3614.8
2025-11-05,15,TXCTY_ST,143.7,0.0,True,4023.6
2025-11-05,15,TGS_GT01,0.0,0.0,False,0.0
2025-11-05,15,TIMPP_AGR1,0.0,0.0,False,0.0
2025-11-05,15,TIMPP_AGR2,0.0,0.0,False,0.0
2025-11-05,15,TIMPP_AGR3,0.0,0.0,False,0.0
2025-11-05,15,TIMPP_AGR4,0.0,0.0,False,0.0
2025-11-05,15,TRSES_UNIT6,239.0,0.0,True,8365.0
2025-11-05,15,TOPAZ_UNIT1,60.5,0.0,True,2541.0
2025-11-05,15,TOPAZ_UNIT2,60.5,0.0,True,2541.0
2025-11-05,15,TOPAZ_UNIT3,60.5,0.0,True,2541.0
2025-11-05,15,TOPAZ_UNIT4,60.5,0.0,True,2541.0
2025-11-05,15,TOPAZ_UNIT5,60.5,0.0,True,2541.0
2025-11-05,15,TOPAZ_UNIT6,60.5,0.0,True,2541.0
2025-11-05,15,TOPAZ_UNIT7,60.5,0.0,True,2541.0
2025-11-05,15,TOPAZ_UNIT8,60.5,0.0,True,2541.0
2025-11-05,15,TOPAZ_UNIT9,60.5,0.0,True,2541.0
2025-11-05,15,TOPAZ_UNIT10,60.5,0.0,True,2541.0
2025-11-05,15,BRAUNIG_VHB6CT5,0.0,0.0,False,0.0
2025-11-05,15,BRAUNIG_VHB6CT6,0.0,0.0,False,0.0
2025-11-05,15,BRAUNIG_VHB6CT7,0.0,0.0,False,0.0
2025-11-05,15,BRAUNIG_VHB6CT8,0.0,0.0,False,0.0
2025-11-05,15,CITYVICT_CTG01,0.0,0.0,False,0.0
2025-11-05,15,CITYVICT_CTG02,0.0,0.0,False,0.0
2025-11-05,15,VICTPORT_CTG01,0.0,0.0,False,0.0
2025-11-05,15,VICTPORT_CTG02,0.0,0.0,False,0.0
2025-11-05,15,VICTORIA_VICTORG6,155.9193827290738,40.98061727092622,True,4365.7427
2025-11-05,15,VICTORIA_VICTORG5,180.2,0.0,True,5045.6
2025-11-05,15,WAP_WAPGT_1,0.0,0.0,False,0.0
2025-11-05,15,WAP_WAP_G1,0.0,0.0,False,0.0
2025-11-05,15,WAP_WAP_G2,0.0,0.0,False,0.0
2025-11-05,15,WAP_WAP_G3,0.0,0.0,False,0.0
2025-11-05,15,WAP_WAP_G4,0.0,0.0,False,0.0
2025-11-05,15,WFCOGEN_UNIT1,20.0,0.0,True,560.0
2025-11-05,15,WFCOGEN_UNIT2,20.0,0.0,True,560.0
2025-11-05,15,WFCOGEN_UNIT3,20.0,0.0,True,560.0
2025-11-05,15,WIPOPA_WPP_G1,6.05,54.45,True,254.1
2025-11-05,15,WIPOPA_WPP_G2,6.05,54.45,True,254.1
2025-11-05,15,WIPOPA_WPP_G3,60.5,0.0,True,2541.0
2025-11-05,15,WIPOPA_WPP_G4,33.19542729029524,27.304572709704757,True,1394.2079
2025-11-05,15,WCPP_CT1,0.0,0.0,False,0.0
2025-11-05,15,WCPP_CT2,0.0,0.0,False,0.0
2025-11-05,15,WCPP_ST1,0.0,0.0,False,0.0
2025-11-05,15,WHCCS_CT1,0.0,0.0,False,0.0
2025-11-05,15,WHCCS_CT2,0.0,0.0,False,0.0
2025-11-05,15,WHCCS_STG,0.0,0.0,False,0.0
2025-11-05,15,WHCCS2_CT4,0.0,0.0,False,0.0
2025-11-05,15,WHCCS2_CT5,0.0,0.0,False,0.0
2025-11-05,15,WHCCS2_STG6,0.0,0.0,False,0.0
2025-11-05,15,NACPW_UNIT1,0.0,0.0,False,0.0
2025-11-05,15,HBR_2UNITS,3.2,0.0,True,128.0
2025-11-05,15,TRIRA_1UNIT,4.0,0.0,True,160.0
2025-11-05,15,78252_4UNITS,0.0,0.0,False,0.0
2025-11-05,15,SPRIN_4UNITS,0.0,0.0,False,0.0
2025-11-05,15,FREIH_2UNITS,0.0,0.0,False,0.0
2025-11-05,15,WSTHL_3UNITS,4.8,0.0,True,192.0
2025-11-05,15,FEGC_CTG2,0.0,0.0,False,0.0
2025-11-05,15,FEGC_CTG3,0.0,0.0,False,0.0
2025-11-05,15,FEGC_CTG4,0.0,0.0,False,0.0
2025-11-05,15,OLNEYTN_AGR1,10.0,0.0,True,600.0
2025-11-05,15,AMISTAD_AMISTAG1,0.0,0.0,False,0.0
2025-11-05,15,AMISTAD_AMISTAG2,0.0,0.0,False,0.0
2025-11-05,15,AUSTPL_AUSTING1,9.0,0.0,True,9.0
2025-11-05,15,AUSTPL_AUSTING2,9.0,0.0,True,9.0
2025-11-05,15,BUCHAN_BUCHANG1,18.299999999999997,3.552713678800501e-15,True,18.3
2025-11-05,15,BUCHAN_BUCHANG2,18.299999999999997,3.552713678800501e-15,True,18.3
2025-11-05,15,BUCHAN_BUCHANG3,18.299999999999997,3.552713678800501e-15,True,18.3
2025-11-05,15,DNDAM_DENISOG1,50.8,0.0,True,50.8
2025-11-05,15,DNDAM_DENISOG2,50.8,0.0,True,50.8
2025-11-05,15,FALCON_FALCONG1,12.0,0.0,True,12.0
2025-11-05,15,FALCON_FALCONG2,12.0,0.0,True,12.0
2025-11-05,15,FALCON_FALCONG3,12.0,0.0,True,12.0
2025-11-05,15,WIRTZ_WIRTZ_G1,29.0,0.0,True,29.0
2025-11-05,15,WIRTZ_WIRTZ_G2,29.0,0.0,True,29.0
2025-11-05,15,CANYHY_CANYHYG1,6.0,0.0,True,6.0
2025-11-05,15,INKSDA_INKS_G1,15.0,0.0,True,15.0
2025-11-05,15,MARBFA_MARBFAG1,21.0,0.0,True,21.0
2025-11-05,15,MARBFA_MARBFAG2,20.0,0.0,True,20.0
2025-11-05,15,MARSFO_MARSFOG1,36.0,0.0,True,36.0
2025-11-05,15,MARSFO_MARSFOG2,36.0,0.0,True,36.0
2025-11-05,15,MARSFO_MARSFOG3,36.0,0.0,True,36.0
2025-11-05,15,WND_WHITNEY1,0.0,0.0,False,0.0
2025-11-05,15,WND_WHITNEY2,0.0,0.0,False,0.0
2025-11-05,15,AEEC_ANTLP_1,0.0,0.0,False,0.0
2025-11-05,15,AEEC_ANTLP_2,0.0,0.0,False,0.0
2025-11-05,15,AEEC_ANTLP_3,0.0,0.0,False,0.0
2025-11-05,15,AEEC_ELK_1,0.0,0.0,False,0.0
2025-11-05,15,AEEC_ELK_2,0.0,0.0,False,0.0
2025-11-05,15,AEEC_ELK_3,0.0,0.0,False,0.0
2025-11-05,15,FTR_FTR_G1,0.0,0.0,False,0.0
2025-11-05,15,FTR_FTR_G2,0.0,0.0,False,0.0
2025-11-05,15,FTR_FTR_G3,0.0,0.0,False,0.0
2025-11-05,15,FTR_FTR_G4,0.0,0.0,False,0.0
2025-11-05,15,TGCCS_CT1,0.0,0.0,False,0.0
2025-11-05,15,TGCCS_CT2,0.0,0.0,False,0.0
2025-11-05,15,TGCCS_CT3,0.0,0.0,False,0.0
2025-11-05,15,TGCCS_UNIT4,120.0,280.0,True,3360.0
2025-11-05,15,KMCHI_1CT101,55.5,129.5,True,1554.0
2025-11-05,15,KMCHI_1CT201,185.0,0.0,True,5180.0
2025-11-05,15,KMCHI_1ST,330.0,0.0,True,9240.0
2025-11-05,15,KMCHI_2CT101,55.5,0.0,True,1554.0
2025-11-05,15,KMCHI_2CT201,185.0,0.0,True,5180.0
2025-11-05,15,KMCHI_2ST,99.0,231.0,True,2772.0
2025-11-05,15,A4_DGR1,0.0,0.0,False,0.0
2025-11-05,15,A4_DGR2,0.0,0.0,False,0.0
2025-11-05,15,K2_DGR1,0.0,0.0,False,0.0
2025-11-05,15,K2_DGR2,0.0,0.0,False,0.0
2025-11-05,15,P2_DGR1,0.0,0.0,False,0.0
2025-11-05,15,P2_DGR2,0.0,0.0,False,0.0
2025-11-05,15,Q1_DGR1,0.0,0.0,False,0.0
2025-11-05,15,BRAUNIG_VHB3,0.0,0.0,False,0.0
2025-11-05,15,V2_DGR1,0.0,0.0,False,0.0
2025-11-05,15,V2_DGR2,0.0,0.0,False,0.0
2025-11-05,15,V2_DGR3,0.0,0.0,False,0.0
2025-11-05,15,V4_DGR1,0.0,0.0,False,0.0
2025-11-05,15,X1_DGR1,0.0,0.0,False,0.0
2025-11-05,15,Z0_DGR1,0.0,0.0,False,0.0
2025-11-05,15,Z0_DGR2,0.0,0.0,False,0.0
2025-11-05,15,Z5_DGR1,0.0,0.0,False,0.0
2025-11-05,15,DC_E,437.9058039683551,162.0941960316449,True,15326.7031
2025-11-05,15,DC_N,204.77519177988358,15.224808220116415,True,7167.1317
2025-11-05,15,DC_L,0.0,0.0,False,0.0
2025-11-05,15,DC_R,0.0,0.0,False,0.0
2025-11-05,15,CEDARVALE_GAS,0.0,0.0,False,0.0
2025-11-05,15,ENCHANTED_ROCK_NEWPP,30.0,0.0,True,1350.0
2025-11-05,16,CPSES_UNIT1,1269.0,0.0,True,10152.0
2025-11-05,16,CPSES_UNIT2,1269.0,0.0,True,10152.0
2025-11-05,16,STP_STP_G1,1365.0,0.0,True,10920.0
2025-11-05,16,STP_STP_G2,1365.0,0.0,True,10920.0
2025-11-05,16,COLETO_COLETOG1,655.0,0.0,True,16375.0
2025-11-05,16,FPPYD1_FPP_G1,615.0,0.0,True,15375.0
2025-11-05,16,FPPYD1_FPP_G2,615.0,0.0,True,15375.0
2025-11-05,16,FPPYD2_FPP_G3,460.0,0.0,True,11500.0
2025-11-05,16,CALAVERS_JKS1,291.90174359816,268.09825640184,True,7297.5436
2025-11-05,16,CALAVERS_JKS2,368.8,553.2,True,9220.0
2025-11-05,16,LEG_LEG_G1,0.0,0.0,False,0.0
2025-11-05,16,LEG_LEG_G2,0.0,0.0,False,0.0
2025-11-05,16,MLSES_UNIT1,0.0,0.0,False,0.0
2025-11-05,16,MLSES_UNIT2,0.0,0.0,False,0.0
2025-11-05,16,MLSES_UNIT3,0.0,0.0,False,0.0
2025-11-05,16,OGSES_UNIT1A,0.0,0.0,False,0.0
2025-11-05,16,OGSES_UNIT2,0.0,0.0,False,0.0
2025-11-05,16,SANMIGL_G1,430.0,0.0,True,10750.0
2025-11-05,16,SCES_UNIT1,0.0,0.0,False,0.0
2025-11-05,16,TNP_ONE_TNP_O_1,0.0,0.0,False,0.0
2025-11-05,16,TNP_ONE_TNP_O_2,0.0,0.0,False,0.0
2025-11-05,16,WAP_WAP_G5,0.0,0.0,False,0.0
2025-11-05,16,WAP_WAP_G6,0.0,0.0,False,0.0
2025-11-05,16,WAP_WAP_G7,245.84,368.76,True,6146.0
2025-11-05,16,WAP_WAP_G8,456.6776200984593,197.32237990154073,True,11416.9405
2025-11-05,16,BRAUNIG_AVR1_CT1,0.0,0.0,False,0.0
2025-11-05,16,BRAUNIG_AVR1_CT2,0.0,0.0,False,0.0
2025-11-05,16,BRAUNIG_AVR1_ST,0.0,0.0,False,0.0
2025-11-05,16,ATKINS_ATKINSG7,0.0,0.0,False,0.0
2025-11-05,16,B_DAVIS_B_DAVIG3,56.88,132.72,True,1592.64
2025-11-05,16,B_DAVIS_B_DAVIG4,100.35850214956554,89.24149785043446,True,2810.0381
2025-11-05,16,B_DAVIS_B_DAVIG1,0.0,0.0,False,0.0
2025-11-05,16,B_DAVIS_B_DAVIG2,0.0,0.0,False,0.0
2025-11-05,16,BASTEN_GTG1100,0.0,0.0,False,0.0
2025-11-05,16,BASTEN_GTG2100,0.0,0.0,False,0.0
2025-11-05,16,BASTEN_ST0100,0.0,0.0,False,0.0
2025-11-05,16,BCH_UNIT1,60.5,0.0,True,2541.0
2025-11-05,16,BCH_UNIT2,60.5,0.0,True,2541.0
2025-11-05,16,BCH_UNIT3,60.5,0.0,True,2541.0
2025-11-05,16,BCH_UNIT4,60.5,0.0,True,2541.0
2025-11-05,16,BCH_UNIT5,60.5,0.0,True,2541.0
2025-11-05,16,BCH_UNIT6,60.5,0.0,True,2541.0
2025-11-05,16,BCH_UNIT7,60.5,0.0,True,2541.0
2025-11-05,16,BCH_UNIT8,60.5,0.0,True,2541.0
2025-11-05,16,BOSQUESW_BSQSU_1,0.0,0.0,False,0.0
2025-11-05,16,BOSQUESW_BSQSU_2,0.0,0.0,False,0.0
2025-11-05,16,BOSQUESW_BSQSU_3,0.0,0.0,False,0.0
2025-11-05,16,BOSQUESW_BSQSU_4,0.0,0.0,False,0.0
2025-11-05,16,BOSQUESW_BSQSU_5,0.0,0.0,False,0.0
2025-11-05,16,BVE_UNIT1,198.90000000000003,-2.842170943040401e-14,True,5569.2
2025-11-05,16,BVE_UNIT2,198.90000000000003,-2.842170943040401e-14,True,5569.2
2025-11-05,16,BVE_UNIT3,275.6,0.0,True,7716.8
2025-11-05,16,BTM_UNIT1,60.5,0.0,True,2541.0
2025-11-05,16,BTM_UNIT2,60.5,0.0,True,2541.0
2025-11-05,16,BTM_UNIT3,60.5,0.0,True,2541.0
2025-11-05,16,BTM_UNIT4,60.5,0.0,True,2541.0
2025-11-05,16,BTM_UNIT5,60.5,0.0,True,2541.0
2025-11-05,16,BTM_UNIT6,60.5,0.0,True,2541.0
2025-11-05,16,BTM_UNIT7,60.5,0.0,True,2541.0
2025-11-05,16,BTM_UNIT8,60.5,0.0,True,2541.0
2025-11-05,16,FLCNS_UNIT1,0.0,0.0,False,0.0
2025-11-05,16,FLCNS_UNIT2,0.0,0.0,False,0.0
2025-11-05,16,CALHOUN_UNIT1,0.0,0.0,False,0.0
2025-11-05,16,CALHOUN_UNIT2,0.0,0.0,False,0.0
2025-11-05,16,CHAMON_CTG_0101,60.5,0.0,True,2541.0
2025-11-05,16,CHAMON_CTG_0301,60.5,0.0,True,2541.0
2025-11-05,16,CBY4_CT41,205.0,0.0,True,5740.0
2025-11-05,16,CBY4_CT42,205.0,0.0,True,5740.0
2025-11-05,16,CBY4_ST04,205.0,0.0,True,5740.0
2025-11-05,16,CBY_CBY_G1,765.0,0.0,True,26775.0
2025-11-05,16,CBY_CBY_G2,765.0,0.0,True,26775.0
2025-11-05,16,CBEC_GT1,86.5,0.0,True,2422.0
2025-11-05,16,CBEC_GT2,86.5,0.0,True,2422.0
2025-11-05,16,CBEC_GT3,86.5,0.0,True,2422.0
2025-11-05,16,CBEC_GT4,86.5,0.0,True,2422.0
2025-11-05,16,CBEC_STG1,105.0,0.0,True,2940.0
2025-11-05,16,CBEC_STG2,108.79999999999997,2.842170943040401e-14,True,3046.4
2025-11-05,16,CBECII_CT7,360.9,0.0,True,10105.2
2025-11-05,16,CBECII_CT8,360.9,0.0,True,10105.2
2025-11-05,16,CBECII_STG9,326.74077720591225,181.75922279408775,True,9148.7418
2025-11-05,16,CBEC_GT11,41.7,0.0,True,1751.4
2025-11-05,16,CBEC_GT12,8.134855534378415,33.565144465621586,True,341.6639
2025-11-05,16,CVC_CVC_G1,192.1,0.0,True,5378.8
2025-11-05,16,CVC_CVC_G2,192.1,0.0,True,5378.8
2025-11-05,16,CVC_CVC_G3,192.1,0.0,True,5378.8
2025-11-05,16,CVC_CVC_G5,150.0,0.0,True,4200.0
2025-11-05,16,DANSBY_DANSBYG2,0.0,0.0,False,0.0
2025-11-05,16,DANSBY_DANSBYG3,0.0,0.0,False,0.0
2025-11-05,16,DANSBY_DANSBYG1,0.0,0.0,False,0.0
2025-11-05,16,DECKER_DPGT_1,0.0,0.0,False,0.0
2025-11-05,16,DECKER_DPGT_2,0.0,0.0,False,0.0
2025-11-05,16,DECKER_DPGT_3,0.0,0.0,False,0.0
2025-11-05,16,DECKER_DPGT_4,0.0,0.0,False,0.0
2025-11-05,16,DCSES_CT10,0.0,0.0,False,0.0
2025-11-05,16,DCSES_CT20,0.0,0.0,False,0.0
2025-11-05,16,DCSES_CT30,0.0,0.0,False,0.0
2025-11-05,16,DCSES_CT40,0.0,0.0,False,0.0
2025-11-05,16,DDPEC_GT1,0.0,0.0,False,0.0
2025-11-05,16,DDPEC_GT2,64.5,150.5,True,1806.0
2025-11-05,16,DDPEC_GT3,60.9,142.1,True,1705.2
2025-11-05,16,DDPEC_GT4,0.0,0.0,False,0.0
2025-11-05,16,DDPEC_GT6,59.7,139.3,True,1671.6
2025-11-05,16,DDPEC_ST1,0.0,0.0,False,0.0
2025-11-05,16,DEC_AGR_A,56.5,0.0,True,2542.5
2025-11-05,16,DEC_AGR_B,56.5,0.0,True,2542.5
2025-11-05,16,DEC_AGR_C,56.5,0.0,True,2542.5
2025-11-05,16,DEC_AGR_D,56.5,0.0,True,2542.5
2025-11-05,16,ECEC_G1,0.0,0.0,False,0.0
2025-11-05,16,ECEC_G2,0.0,0.0,False,0.0
2025-11-05,16,ETCCS_CT1,260.0,0.0,True,7280.0
2025-11-05,16,ETCCS_UNIT1,140.0,0.0,True,3920.0
2025-11-05,16,AZ_AZ_G1,0.0,0.0,False,0.0
2025-11-05,16,AZ_AZ_G2,0.0,0.0,False,0.0
2025-11-05,16,AZ_AZ_G3,0.0,0.0,False,0.0
2025-11-05,16,AZ_AZ_G4,0.0,0.0,False,0.0
2025-11-05,16,FERGCC_FERGGT1,0.0,0.0,False,0.0
2025-11-05,16,FERGCC_FERGGT2,0.0,0.0,False,0.0
2025-11-05,16,FERGCC_FERGST1,83.43444619339311,120.56555380660689,True,2336.1645
2025-11-05,16,FRNYPP_GT11,0.0,0.0,False,0.0
2025-11-05,16,FRNYPP_GT12,0.0,0.0,False,0.0
2025-11-05,16,FRNYPP_GT13,0.0,0.0,False,0.0
2025-11-05,16,FRNYPP_GT21,0.0,0.0,False,0.0
2025-11-05,16,FRNYPP_GT22,0.0,0.0,False,0.0
2025-11-05,16,FRNYPP_GT23,0.0,0.0,False,0.0
2025-11-05,16,FRNYPP_ST10,0.0,0.0,False,0.0
2025-11-05,16,FRNYPP_ST20,0.0,0.0,False,0.0
2025-11-05,16,FREC_GT1,179.4,0.0,True,5023.2
2025-11-05,16,FREC_GT2,133.06699938085677,46.333000619143235,True,3725.876
2025-11-05,16,FREC_GT4,179.4,0.0,True,5023.2
2025-11-05,16,FREC_GT5,53.82,125.58000000000001,True,1506.96
2025-11-05,16,FREC_ST3,57.21,133.48999999999998,True,1601.88
2025-11-05,16,FREC_ST6,57.21,133.48999999999998,True,1601.88
2025-11-05,16,FEGC_UNIT1,0.0,0.0,False,0.0
2025-11-05,16,FRONT_EC_CT1,177.0,0.0,True,4956.0
2025-11-05,16,FRONT_EC_CT2,177.0,0.0,True,4956.0
2025-11-05,16,FRONT_EC_ST,167.8056103614911,16.69438963850891,True,4698.5571
2025-11-05,16,GRSES_UNIT1,239.0,0.0,True,8365.0
2025-11-05,16,GRSES_UNIT2,390.0,0.0,True,13650.0
2025-11-05,16,GBY_GBYGT73,72.0,0.0,True,3024.0
2025-11-05,16,GBY_GBYGT74,72.0,0.0,True,3024.0
2025-11-05,16,GBY_GBYGT81,72.0,0.0,True,3024.0
2025-11-05,16,GBY_GBYGT82,72.0,0.0,True,3024.0
2025-11-05,16,GBY_GBYGT83,72.0,0.0,True,3024.0
2025-11-05,16,GBY_GBYGT84,72.0,0.0,True,3024.0
2025-11-05,16,STEAM_ENGINE_1,0.0,0.0,False,0.0
2025-11-05,16,STEAM_ENGINE_2,0.0,0.0,False,0.0
2025-11-05,16,STEAM_ENGINE_3,0.0,0.0,False,0.0
2025-11-05,16,LGE_LGE_GT1,185.0,0.0,True,5180.0
2025-11-05,16,LGE_LGE_GT2,185.0,0.0,True,5180.0
2025-11-05,16,LGE_LGE_STG,30.0,70.0,True,840.0
2025-11-05,16,GUADG_GAS1,0.0,0.0,False,0.0
2025-11-05,16,GUADG_GAS2,0.0,0.0,False,0.0
2025-11-05,16,GUADG_GAS3,0.0,0.0,False,0.0
2025-11-05,16,GUADG_GAS4,0.0,0.0,False,0.0
2025-11-05,16,GUADG_STM5,0.0,0.0,False,0.0
2025-11-05,16,GUADG_STM6,0.0,0.0,False,0.0
2025-11-05,16,HLSES_UNIT3,395.0,0.0,True,13825.0
2025-11-05,16,HLSES_UNIT4,435.0,0.0,True,15225.0
2025-11-05,16,HLSES_UNIT5,435.0,0.0,True,15225.0
2025-11-05,16,HAYSEN_HAYSENG1,0.0,0.0,False,0.0
2025-11-05,16,HAYSEN_HAYSENG2,0.0,0.0,False,0.0
2025-11-05,16,HAYSEN_HAYSENG3,0.0,0.0,False,0.0
2025-11-05,16,HAYSEN_HAYSENG4,0.0,0.0,False,0.0
2025-11-05,16,DUKE_DUKE_GT1,176.6,0.0,True,4944.8
2025-11-05,16,DUKE_DUKE_GT2,176.6,0.0,True,4944.8
2025-11-05,16,DUKE_DUKE_ST1,59.43,138.67,True,1664.04
2025-11-05,16,JACKCNTY_CT1,59.67,139.23,True,1670.76
2025-11-05,16,JACKCNTY_CT2,59.67,139.23,True,1670.76
2025-11-05,16,JCKCNTY2_CT3,59.67,139.23,True,1670.76
2025-11-05,16,JCKCNTY2_CT4,59.67,139.23,True,1670.76
2025-11-05,16,JACKCNTY_STG,0.0,0.0,False,0.0
2025-11-05,16,JCKCNTY2_ST2,0.0,0.0,False,0.0
2025-11-05,16,TEN_CT1,0.0,0.0,False,0.0
2025-11-05,16,TEN_STG,0.0,0.0,False,0.0
2025-11-05,16,LHSES_UNIT1,0.0,0.0,False,0.0
2025-11-05,16,LHSES_UNIT2A,0.0,0.0,False,0.0
2025-11-05,16,LPCCS_CT11,0.0,0.0,False,0.0
2025-11-05,16,LPCCS_CT12,0.0,0.0,False,0.0
2025-11-05,16,LPCCS_CT21,76.58952289848197,109.41047710151801,True,2144.5066
2025-11-05,16,LPCCS_CT22,186.0,0.0,True,5208.0
2025-11-05,16,LPCCS_UNIT1,0.0,0.0,False,0.0
2025-11-05,16,LPCCS_UNIT2,0.0,0.0,False,0.0
2025-11-05,16,LARDVFTN_G4,0.0,0.0,False,0.0
2025-11-05,16,LARDVFTN_G5,0.0,0.0,False,0.0
2025-11-05,16,LEON_CRK_LCPCT1,0.0,0.0,False,0.0
2025-11-05,16,LEON_CRK_LCPCT2,0.0,0.0,False,0.0
2025-11-05,16,LEON_CRK_LCPCT3,0.0,0.0,False,0.0
2025-11-05,16,LEON_CRK_LCPCT4,0.0,0.0,False,0.0
2025-11-05,16,LIG_UNIT1,0.0,0.0,False,0.0
2025-11-05,16,LIG_UNIT2,0.0,0.0,False,0.0
2025-11-05,16,LOSTPI_LOSTPGT1,202.5,0.0,True,5670.0
2025-11-05,16,LOSTPI_LOSTPGT2,202.5,0.0,True,5670.0
2025-11-05,16,LOSTPI_LOSTPST1,204.0,0.0,True,5712.0
2025-11-05,16,NEDIN_NEDIN_G1,0.0,0.0,False,0.0
2025-11-05,16,NEDIN_NEDIN_G2,0.0,0.0,False,0.0
2025-11-05,16,NEDIN_NEDIN_G3,0.0,0.0,False,0.0
2025-11-05,16,MDANP_CT1,0.0,0.0,False,0.0
2025-11-05,16,MDANP_CT2,0.0,0.0,False,0.0
2025-11-05,16,MDANP_CT3,0.0,0.0,False,0.0
2025-11-05,16,MDANP_CT4,0.0,0.0,False,0.0
2025-11-05,16,MDANP_CT5,0.0,0.0,False,0.0
2025-11-05,16,MDANP_CT6,0.0,0.0,False,0.0
2025-11-05,16,MGSES_CT1,0.0,0.0,False,0.0
2025-11-05,16,MGSES_CT2,0.0,0.0,False,0.0
2025-11-05,16,MGSES_CT3,0.0,0.0,False,0.0
2025-11-05,16,MGSES_CT4,0.0,0.0,False,0.0
2025-11-05,16,MGSES_CT5,0.0,0.0,False,0.0
2025-11-05,16,MGSES_CT6,0.0,0.0,False,0.0
2025-11-05,16,MCSES_UNIT6,122.0,0.0,True,4270.0
2025-11-05,16,MCSES_UNIT7,118.0,0.0,True,4130.0
2025-11-05,16,MCSES_UNIT8,568.0,0.0,True,19880.0
2025-11-05,16,NUECES_B_NUECESG8,56.88,132.72,True,1592.64
2025-11-05,16,NUECES_B_NUECESG9,56.88,132.72,True,1592.64
2025-11-05,16,NUECES_B_NUECESG7,105.3,245.7,True,2948.4
2025-11-05,16,CALAVERS_OWS1,0.0,0.0,False,0.0
2025-11-05,16,CALAVERS_OWS2,0.0,0.0,False,0.0
2025-11-05,16,OECCS_CT11,58.56,136.64,True,1639.68
2025-11-05,16,OECCS_CT12,56.73,0.0,True,1588.44
2025-11-05,16,OECCS_CT21,0.0,0.0,False,0.0
2025-11-05,16,OECCS_CT22,56.73,0.0,True,1588.44
2025-11-05,16,OECCS_UNIT1,67.2,156.8,True,1881.6
2025-11-05,16,OECCS_UNIT2,76.40894433580958,147.59105566419043,True,2139.4504
2025-11-05,16,VICTPRT2_UNIT1,0.0,0.0,False,0.0
2025-11-05,16,VICTPRT2_UNIT2,0.0,0.0,False,0.0
2025-11-05,16,PANDA_S_SHER1CT1,0.0,0.0,False,0.0
2025-11-05,16,PANDA_S_SHER1CT2,0.0,0.0,False,0.0
2025-11-05,16,PANDA_S_SHER1ST1,353.1,0.0,True,9886.8
2025-11-05,16,PANDA_T1_TMPL1CT1,0.0,0.0,False,0.0
2025-11-05,16,PANDA_T1_TMPL1CT2,0.0,0.0,False,0.0
2025-11-05,16,PANDA_T1_TMPL1ST1,0.0,0.0,False,0.0
2025-11-05,16,PANDA_T2_TMPL2CT1,0.0,0.0,False,0.0
2025-11-05,16,PANDA_T2_TMPL2CT2,0.0,0.0,False,0.0
2025-11-05,16,PANDA_T2_TMPL2ST1,0.0,0.0,False,0.0
2025-11-05,16,TNSKA_GT1,0.0,0.0,False,0.0
2025-11-05,16,TNSKA_GT2,0.0,0.0,False,0.0
2025-11-05,16,TNSKA_STG,0.0,0.0,False,0.0
2025-11-05,16,PSG_PSG_GT2,215.1,0.0,True,6022.8
2025-11-05,16,PSG_PSG_GT3,0.0,0.0,False,0.0
2025-11-05,16,PSG_PSG_ST2,76.82169993659829,118.67830006340171,True,2151.0076
2025-11-05,16,PEARSAL2_AGR_A,0.0,0.0,False,0.0
2025-11-05,16,PEARSAL2_AGR_B,0.0,0.0,False,0.0
2025-11-05,16,PEARSAL2_AGR_C,0.0,0.0,False,0.0
2025-11-05,16,PEARSAL2_AGR_D,0.0,0.0,False,0.0
2025-11-05,16,PB2SES_CT1,0.0,0.0,False,0.0
2025-11-05,16,PB2SES_CT2,0.0,0.0,False,0.0
2025-11-05,16,PB2SES_CT3,0.0,0.0,False,0.0
2025-11-05,16,PB2SES_CT4,0.0,0.0,False,0.0
2025-11-05,16,PB2SES_CT5,0.0,0.0,False,0.0
2025-11-05,16,PRO_UNIT1,0.0,0.0,False,0.0
2025-11-05,16,PRO_UNIT2,0.0,0.0,False,0.0
2025-11-05,16,PRO_UNIT3,0.0,0.0,False,0.0
2025-11-05,16,PRO_UNIT4,0.0,0.0,False,0.0
2025-11-05,16,PRO_UNIT5,0.0,0.0,False,0.0
2025-11-05,16,PRO_UNIT6,0.0,0.0,False,0.0
2025-11-05,16,PRO_UNIT7,0.0,0.0,False,0.0
2025-11-05,16,PRO_UNIT8,0.0,0.0,False,0.0
2025-11-05,16,BAC_CTG1,65.0,0.0,True,2730.0
2025-11-05,16,BAC_CTG2,65.0,0.0,True,2730.0
2025-11-05,16,BAC_CTG3,65.0,0.0,True,2730.0
2025-11-05,16,BAC_CTG4,65.0,0.0,True,2730.0
2025-11-05,16,BAC_CTG5,65.0,0.0,True,2730.0
2025-11-05,16,BAC_CTG6,65.0,0.0,True,2730.0
2025-11-05,16,STEAM1A_STEAM_1,0.0,0.0,False,0.0
2025-11-05,16,STEAM_STEAM_2,0.0,0.0,False,0.0
2025-11-05,16,STEAM_STEAM_3,0.0,0.0,False,0.0
2025-11-05,16,QALSW_GT1,90.6,0.0,True,2536.8
2025-11-05,16,QALSW_GT2,90.6,0.0,True,2536.8
2025-11-05,16,QALSW_GT3,90.60000000000034,-3.410605131648481e-13,True,2536.8
2025-11-05,16,QALSW_GT4,90.6,0.0,True,2536.8
2025-11-05,16,QALSW_STG1,98.1,0.0,True,2746.8
2025-11-05,16,QALSW_STG2,98.1,0.0,True,2746.8
2025-11-05,16,MIL_MILLERG4,116.0,0.0,True,4872.0
2025-11-05,16,MIL_MILLERG5,116.0,0.0,True,4872.0
2025-11-05,16,MIL_MILLERG1,75.0,0.0,True,2625.0
2025-11-05,16,MIL_MILLERG2,120.0,0.0,True,4200.0
2025-11-05,16,MIL_MILLERG3,216.0,0.0,True,7560.0
2025-11-05,16,OLINGR_OLING_4,0.0,0.0,False,0.0
2025-11-05,16,OLINGR_OLING_2,0.0,0.0,False,0.0
2025-11-05,16,OLINGR_OLING_3,0.0,0.0,False,0.0
2025-11-05,16,RAB_UNIT1,0.0,0.0,False,0.0
2025-11-05,16,RAB_UNIT2,0.0,0.0,False,0.0
2025-11-05,16,RAB_UNIT3,0.0,0.0,False,0.0
2025-11-05,16,RAB_UNIT4,0.0,0.0,False,0.0
2025-11-05,16,RAB_UNIT5,0.0,0.0,False,0.0
2025-11-05,16,RAB_UNIT6,0.0,0.0,False,0.0
2025-11-05,16,RAB_UNIT7,0.0,0.0,False,0.0
2025-11-05,16,RAB_UNIT8,0.0,0.0,False,0.0
2025-11-05,16,REDGATE_AGR_A,0.0,0.0,False,0.0
2025-11-05,16,REDGATE_AGR_B,0.0,0.0,False,0.0
2025-11-05,16,REDGATE_AGR_C,0.0,0.0,False,0.0
2025-11-05,16,REDGATE_AGR_D,0.0,0.0,False,0.0
2025-11-05,16,JAD_UNIT1,0.0,0.0,False,0.0
2025-11-05,16,JAD_UNIT2,0.0,0.0,False,0.0
2025-11-05,16,JAD_UNIT3,0.0,0.0,False,0.0
2025-11-05,16,JAD_UNIT4,0.0,0.0,False,0.0
2025-11-05,16,JAD_UNIT5,0.0,0.0,False,0.0
2025-11-05,16,JAD_UNIT6,0.0,0.0,False,0.0
2025-11-05,16,JAD_UNIT7,0.0,0.0,False,0.0
2025-11-05,16,JAD_UNIT8,0.0,0.0,False,0.0
2025-11-05,16,RIONOG_CT1,0.0,0.0,False,0.0
2025-11-05,16,RIONOG_CT2,0.0,0.0,False,0.0
2025-11-05,16,RIONOG_CT3,0.0,0.0,False,0.0
2025-11-05,16,RIONOG_ST1,0.0,0.0,False,0.0
2025-11-05,16,RAYBURN_RAYBURG7,60.5,0.0,True,1694.0
2025-11-05,16,RAYBURN_RAYBURG8,60.5,0.0,True,1694.0
2025-11-05,16,RAYBURN_RAYBURG9,53.59560605466844,6.904393945331563,True,1500.677
2025-11-05,16,RAYBURN_RAYBURG10,12.6,29.4,True,352.8
2025-11-05,16,SJS_SJS_G1,88.19999999999999,1.4210854715202004e-14,True,3704.4
2025-11-05,16,SJS_SJS_G2,88.19999999999999,1.4210854715202004e-14,True,3704.4
2025-11-05,16,SANDHSYD_SH1,0.0,0.0,False,0.0
2025-11-05,16,SANDHSYD_SH2,0.0,0.0,False,0.0
2025-11-05,16,SANDHSYD_SH3,0.0,0.0,False,0.0
2025-11-05,16,SANDHSYD_SH4,0.0,0.0,False,0.0
2025-11-05,16,SANDHSYD_SH_5A,196.16254687120409,2.73745312879592,True,5492.5513
2025-11-05,16,SANDHSYD_SH6,0.0,0.0,False,0.0
2025-11-05,16,SANDHSYD_SH7,0.0,0.0,False,0.0
2025-11-05,16,SANDHSYD_SH_5C,191.0,0.0,True,5348.0
2025-11-05,16,SILASRAY_SILAS_10,0.0,0.0,False,0.0
2025-11-05,16,SILASRAY_SILAS_9,50.0,0.0,True,1400.0
2025-11-05,16,SILASRAY_SILAS_6,25.0,0.0,True,700.0
2025-11-05,16,GIDEON_GIDEONG1,0.0,0.0,False,0.0
2025-11-05,16,GIDEON_GIDEONG2,0.0,0.0,False,0.0
2025-11-05,16,GIDEON_GIDEONG3,0.0,0.0,False,0.0
2025-11-05,16,SKY1_SKY1A,0.0,0.0,False,0.0
2025-11-05,16,SKY1_SKY1B,0.0,0.0,False,0.0
2025-11-05,16,SPNCER_SPNCE_4,61.0,0.0,True,2135.0
2025-11-05,16,SPNCER_SPNCE_5,65.0,0.0,True,2275.0
2025-11-05,16,SCSES_UNIT1A,94.74428431702987,82.25571568297013,True,3316.05
2025-11-05,16,SCSES_UNIT2,502.0,0.0,True,17570.0
2025-11-05,16,THW_THWGT_1,16.3,0.0,True,684.6
2025-11-05,16,THW_THWGT31,51.3,0.0,True,1436.4
2025-11-05,16,THW_THWGT32,51.3,0.0,True,1436.4
2025-11-05,16,THW_THWGT33,51.3,0.0,True,1436.4
2025-11-05,16,THW_THWGT34,51.3,0.0,True,1436.4
2025-11-05,16,THW_THWGT41,51.3,0.0,True,1436.4
2025-11-05,16,THW_THWGT42,51.3,0.0,True,1436.4
2025-11-05,16,THW_THWGT43,62.0,0.0,True,1736.0
2025-11-05,16,THW_THWGT44,62.0,0.0,True,1736.0
2025-11-05,16,THW_THWGT51,85.0,0.0,True,3570.0
2025-11-05,16,THW_THWGT52,85.0,0.0,True,3570.0
2025-11-05,16,THW_THWGT53,85.0,0.0,True,3570.0
2025-11-05,16,THW_THWGT54,85.0,0.0,True,3570.0
2025-11-05,16,THW_THWGT55,85.0,0.0,True,3570.0
2025-11-05,16,THW_THWGT56,85.0,0.0,True,3570.0
2025-11-05,16,THW_THWST_3,113.1,0.0,True,3166.8
2025-11-05,16,THW_THWST_4,113.1,0.0,True,3166.8
2025-11-05,16,TXCTY_CTA,129.1,0.0,True,3614.8
2025-11-05,16,TXCTY_CTB,129.1,0.0,True,3614.8
2025-11-05,16,TXCTY_CTC,129.1,0.0,True,3614.8
2025-11-05,16,TXCTY_ST,143.7,0.0,True,4023.6
2025-11-05,16,TGS_GT01,0.0,0.0,False,0.0
2025-11-05,16,TIMPP_AGR1,0.0,0.0,False,0.0
2025-11-05,16,TIMPP_AGR2,0.0,0.0,False,0.0
2025-11-05,16,TIMPP_AGR3,0.0,0.0,False,0.0
2025-11-05,16,TIMPP_AGR4,0.0,0.0,False,0.0
2025-11-05,16,TRSES_UNIT6,239.0,0.0,True,8365.0
2025-11-05,16,TOPAZ_UNIT1,60.5,0.0,True,2541.0
2025-11-05,16,TOPAZ_UNIT2,60.5,0.0,True,2541.0
2025-11-05,16,TOPAZ_UNIT3,60.5,0.0,True,2541.0
2025-11-05,16,TOPAZ_UNIT4,60.5,0.0,True,2541.0
2025-11-05,16,TOPAZ_UNIT5,60.5,0.0,True,2541.0
2025-11-05,16,TOPAZ_UNIT6,60.5,0.0,True,2541.0
2025-11-05,16,TOPAZ_UNIT7,60.5,0.0,True,2541.0
2025-11-05,16,TOPAZ_UNIT8,60.5,0.0,True,2541.0
2025-11-05,16,TOPAZ_UNIT9,60.5,0.0,True,2541.0
2025-11-05,16,TOPAZ_UNIT10,60.5,0.0,True,2541.0
2025-11-05,16,BRAUNIG_VHB6CT5,0.0,0.0,False,0.0
2025-11-05,16,BRAUNIG_VHB6CT6,0.0,0.0,False,0.0
2025-11-05,16,BRAUNIG_VHB6CT7,0.0,0.0,False,0.0
2025-11-05,16,BRAUNIG_VHB6CT8,0.0,0.0,False,0.0
2025-11-05,16,CITYVICT_CTG01,0.0,0.0,False,0.0
2025-11-05,16,CITYVICT_CTG02,0.0,0.0,False,0.0
2025-11-05,16,VICTPORT_CTG01,0.0,0.0,False,0.0
2025-11-05,16,VICTPORT_CTG02,0.0,0.0,False,0.0
2025-11-05,16,VICTORIA_VICTORG6,155.91938272906873,40.980617270931276,True,4365.7427
2025-11-05,16,VICTORIA_VICTORG5,180.2,0.0,True,5045.6
2025-11-05,16,WAP_WAPGT_1,0.0,0.0,False,0.0
2025-11-05,16,WAP_WAP_G1,0.0,0.0,False,0.0
2025-11-05,16,WAP_WAP_G2,0.0,0.0,False,0.0
2025-11-05,16,WAP_WAP_G3,0.0,0.0,False,0.0
2025-11-05,16,WAP_WAP_G4,0.0,0.0,False,0.0
2025-11-05,16,WFCOGEN_UNIT1,20.0,0.0,True,560.0
2025-11-05,16,WFCOGEN_UNIT2,20.0,0.0,True,560.0
2025-11-05,16,WFCOGEN_UNIT3,20.0,0.0,True,560.0
2025-11-05,16,WIPOPA_WPP_G1,6.05,54.45,True,254.1
2025-11-05,16,WIPOPA_WPP_G2,6.05,54.45,True,254.1
2025-11-05,16,WIPOPA_WPP_G3,60.5,0.0,True,2541.0
2025-11-05,16,WIPOPA_WPP_G4,33.19542729028625,27.304572709713753,True,1394.2079
2025-11-05,16,WCPP_CT1,0.0,0.0,False,0.0
2025-11-05,16,WCPP_CT2,0.0,0.0,False,0.0
2025-11-05,16,WCPP_ST1,0.0,0.0,False,0.0
2025-11-05,16,WHCCS_CT1,0.0,0.0,False,0.0
2025-11-05,16,WHCCS_CT2,0.0,0.0,False,0.0
2025-11-05,16,WHCCS_STG,0.0,0.0,False,0.0
2025-11-05,16,WHCCS2_CT4,0.0,0.0,False,0.0
2025-11-05,16,WHCCS2_CT5,0.0,0.0,False,0.0
2025-11-05,16,WHCCS2_STG6,0.0,0.0,False,0.0
2025-11-05,16,NACPW_UNIT1,0.0,0.0,False,0.0
2025-11-05,16,HBR_2UNITS,3.2,0.0,True,128.0
2025-11-05,16,TRIRA_1UNIT,4.0,0.0,True,160.0
2025-11-05,16,78252_4UNITS,0.0,0.0,False,0.0
2025-11-05,16,SPRIN_4UNITS,0.0,0.0,False,0.0
2025-11-05,16,FREIH_2UNITS,0.0,0.0,False,0.0
2025-11-05,16,WSTHL_3UNITS,4.8,0.0,True,192.0
2025-11-05,16,FEGC_CTG2,0.0,0.0,False,0.0
2025-11-05,16,FEGC_CTG3,0.0,0.0,False,0.0
2025-11-05,16,FEGC_CTG4,0.0,0.0,False,0.0
2025-11-05,16,OLNEYTN_AGR1,10.0,0.0,True,600.0
2025-11-05,16,AMISTAD_AMISTAG1,0.0,0.0,False,0.0
2025-11-05,16,AMISTAD_AMISTAG2,0.0,0.0,False,0.0
2025-11-05,16,AUSTPL_AUSTING1,9.0,0.0,True,9.0
2025-11-05,16,AUSTPL_AUSTING2,9.0,0.0,True,9.0
2025-11-05,16,BUCHAN_BUCHANG1,18.299999999999997,3.552713678800501e-15,True,18.3
2025-11-05,16,BUCHAN_BUCHANG2,18.299999999999997,3.552713678800501e-15,True,18.3
2025-11-05,16,BUCHAN_BUCHANG3,18.299999999999997,3.552713678800501e-15,True,18.3
2025-11-05,16,DNDAM_DENISOG1,50.8,0.0,True,50.8
2025-11-05,16,DNDAM_DENISOG2,50.8,0.0,True,50.8
2025-11-05,16,FALCON_FALCONG1,12.0,0.0,True,12.0
2025-11-05,16,FALCON_FALCONG2,12.0,0.0,True,12.0
2025-11-05,16,FALCON_FALCONG3,12.0,0.0,True,12.0
2025-11-05,16,WIRTZ_WIRTZ_G1,29.0,0.0,True,29.0
2025-11-05,16,WIRTZ_WIRTZ_G2,29.0,0.0,True,29.0
2025-11-05,16,CANYHY_CANYHYG1,6.0,0.0,True,6.0
2025-11-05,16,INKSDA_INKS_G1,15.0,0.0,True,15.0
2025-11-05,16,MARBFA_MARBFAG1,21.0,0.0,True,21.0
2025-11-05,16,MARBFA_MARBFAG2,20.0,0.0,True,20.0
2025-11-05,16,MARSFO_MARSFOG1,36.0,0.0,True,36.0
2025-11-05,16,MARSFO_MARSFOG2,36.0,0.0,True,36.0
2025-11-05,16,MARSFO_MARSFOG3,36.0,0.0,True,36.0
2025-11-05,16,WND_WHITNEY1,0.0,0.0,False,0.0
2025-11-05,16,WND_WHITNEY2,0.0,0.0,False,0.0
2025-11-05,16,AEEC_ANTLP_1,0.0,0.0,False,0.0
2025-11-05,16,AEEC_ANTLP_2,0.0,0.0,False,0.0
2025-11-05,16,AEEC_ANTLP_3,0.0,0.0,False,0.0
2025-11-05,16,AEEC_ELK_1,0.0,0.0,False,0.0
2025-11-05,16,AEEC_ELK_2,0.0,0.0,False,0.0
2025-11-05,16,AEEC_ELK_3,0.0,0.0,False,0.0
2025-11-05,16,FTR_FTR_G1,0.0,0.0,False,0.0
2025-11-05,16,FTR_FTR_G2,0.0,0.0,False,0.0
2025-11-05,16,FTR_FTR_G3,0.0,0.0,False,0.0
2025-11-05,16,FTR_FTR_G4,0.0,0.0,False,0.0
2025-11-05,16,TGCCS_CT1,0.0,0.0,False,0.0
2025-11-05,16,TGCCS_CT2,0.0,0.0,False,0.0
2025-11-05,16,TGCCS_CT3,0.0,0.0,False,0.0
2025-11-05,16,TGCCS_UNIT4,120.0,280.0,True,3360.0
2025-11-05,16,KMCHI_1CT101,55.5,129.5,True,1554.0
2025-11-05,16,KMCHI_1CT201,185.0,0.0,True,5180.0
2025-11-05,16,KMCHI_1ST,330.0,0.0,True,9240.0
2025-11-05,16,KMCHI_2CT101,185.0,0.0,True,5180.0
2025-11-05,16,KMCHI_2CT201,55.5,129.5,True,1554.0
2025-11-05,16,KMCHI_2ST,99.0,231.0,True,2772.0
2025-11-05,16,A4_DGR1,0.0,0.0,False,0.0
2025-11-05,16,A4_DGR2,0.0,0.0,False,0.0
2025-11-05,16,K2_DGR1,0.0,0.0,False,0.0
2025-11-05,16,K2_DGR2,0.0,0.0,False,0.0
2025-11-05,16,P2_DGR1,0.0,0.0,False,0.0
2025-11-05,16,P2_DGR2,0.0,0.0,False,0.0
2025-11-05,16,Q1_DGR1,0.0,0.0,False,0.0
2025-11-05,16,BRAUNIG_VHB3,0.0,0.0,False,0.0
2025-11-05,16,V2_DGR1,0.0,0.0,False,0.0
2025-11-05,16,V2_DGR2,0.0,0.0,False,0.0
2025-11-05,16,V2_DGR3,0.0,0.0,False,0.0
2025-11-05,16,V4_DGR1,0.0,0.0,False,0.0
2025-11-05,16,X1_DGR1,0.0,0.0,False,0.0
2025-11-05,16,Z0_DGR1,0.0,0.0,False,0.0
2025-11-05,16,Z0_DGR2,0.0,0.0,False,0.0
2025-11-05,16,Z5_DGR1,0.0,0.0,False,0.0
2025-11-05,16,DC_E,437.905803968355,162.09419603164503,True,15326.7031
2025-11-05,16,DC_N,204.7751917798662,15.22480822013381,True,7167.1317
2025-11-05,16,DC_L,0.0,0.0,False,0.0
2025-11-05,16,DC_R,0.0,0.0,False,0.0
2025-11-05,16,CEDARVALE_GAS,0.0,0.0,False,0.0
2025-11-05,16,ENCHANTED_ROCK_NEWPP,30.0,0.0,True,1350.0
2025-11-05,17,CPSES_UNIT1,1269.0,0.0,True,10152.0
2025-11-05,17,CPSES_UNIT2,1269.0,0.0,True,10152.0
2025-11-05,17,STP_STP_G1,1365.0,0.0,True,10920.0
2025-11-05,17,STP_STP_G2,1365.0,0.0,True,10920.0
2025-11-05,17,COLETO_COLETOG1,655.0,0.0,True,16375.0
2025-11-05,17,FPPYD1_FPP_G1,615.0,0.0,True,15375.0
2025-11-05,17,FPPYD1_FPP_G2,615.0,0.0,True,15375.0
2025-11-05,17,FPPYD2_FPP_G3,460.0,0.0,True,11500.0
2025-11-05,17,CALAVERS_JKS1,224.0,336.0,True,5600.0
2025-11-05,17,CALAVERS_JKS2,436.70174359817264,485.2982564018274,True,10917.5436
2025-11-05,17,LEG_LEG_G1,0.0,0.0,False,0.0
2025-11-05,17,LEG_LEG_G2,0.0,0.0,False,0.0
2025-11-05,17,MLSES_UNIT1,0.0,0.0,False,0.0
2025-11-05,17,MLSES_UNIT2,0.0,0.0,False,0.0
2025-11-05,17,MLSES_UNIT3,0.0,0.0,False,0.0
2025-11-05,17,OGSES_UNIT1A,0.0,0.0,False,0.0
2025-11-05,17,OGSES_UNIT2,0.0,0.0,False,0.0
2025-11-05,17,SANMIGL_G1,430.0,0.0,True,10750.0
2025-11-05,17,SCES_UNIT1,0.0,0.0,False,0.0
2025-11-05,17,TNP_ONE_TNP_O_1,0.0,0.0,False,0.0
2025-11-05,17,TNP_ONE_TNP_O_2,0.0,0.0,False,0.0
2025-11-05,17,WAP_WAP_G5,0.0,0.0,False,0.0
2025-11-05,17,WAP_WAP_G6,0.0,0.0,False,0.0
2025-11-05,17,WAP_WAP_G7,245.84,368.76,True,6146.0
2025-11-05,17,WAP_WAP_G8,456.6776200984369,197.32237990156312,True,11416.9405
2025-11-05,17,BRAUNIG_AVR1_CT1,0.0,0.0,False,0.0
2025-11-05,17,BRAUNIG_AVR1_CT2,0.0,0.0,False,0.0
2025-11-05,17,BRAUNIG_AVR1_ST,0.0,0.0,False,0.0
2025-11-05,17,ATKINS_ATKINSG7,0.0,0.0,False,0.0
2025-11-05,17,B_DAVIS_B_DAVIG3,132.43850214956453,57.16149785043547,True,3708.2781
2025-11-05,17,B_DAVIS_B_DAVIG4,56.88,132.72,True,1592.64
2025-11-05,17,B_DAVIS_B_DAVIG1,0.0,0.0,False,0.0
2025-11-05,17,B_DAVIS_B_DAVIG2,0.0,0.0,False,0.0
2025-11-05,17,BASTEN_GTG1100,0.0,0.0,False,0.0
2025-11-05,17,BASTEN_GTG2100,0.0,0.0,False,0.0
2025-11-05,17,BASTEN_ST0100,0.0,0.0,False,0.0
2025-11-05,17,BCH_UNIT1,60.5,0.0,True,2541.0
2025-11-05,17,BCH_UNIT2,60.5,0.0,True,2541.0
2025-11-05,17,BCH_UNIT3,60.5,0.0,True,2541.0
2025-11-05,17,BCH_UNIT4,60.5,0.0,True,2541.0
2025-11-05,17,BCH_UNIT5,60.5,0.0,True,2541.0
2025-11-05,17,BCH_UNIT6,60.5,0.0,True,2541.0
2025-11-05,17,BCH_UNIT7,60.5,0.0,True,2541.0
2025-11-05,17,BCH_UNIT8,60.5,0.0,True,2541.0
2025-11-05,17,BOSQUESW_BSQSU_1,0.0,0.0,False,0.0
2025-11-05,17,BOSQUESW_BSQSU_2,0.0,0.0,False,0.0
2025-11-05,17,BOSQUESW_BSQSU_3,0.0,0.0,False,0.0
2025-11-05,17,BOSQUESW_BSQSU_4,0.0,0.0,False,0.0
2025-11-05,17,BOSQUESW_BSQSU_5,0.0,0.0,False,0.0
2025-11-05,17,BVE_UNIT1,198.90000000000003,-2.842170943040401e-14,True,5569.2
2025-11-05,17,BVE_UNIT2,198.90000000000003,-2.842170943040401e-14,True,5569.2
2025-11-05,17,BVE_UNIT3,275.6,0.0,True,7716.8
2025-11-05,17,BTM_UNIT1,60.5,0.0,True,2541.0
2025-11-05,17,BTM_UNIT2,60.5,0.0,True,2541.0
2025-11-05,17,BTM_UNIT3,60.5,0.0,True,2541.0
2025-11-05,17,BTM_UNIT4,60.5,0.0,True,2541.0
2025-11-05,17,BTM_UNIT5,60.5,0.0,True,2541.0
2025-11-05,17,BTM_UNIT6,60.5,0.0,True,2541.0
2025-11-05,17,BTM_UNIT7,60.5,0.0,True,2541.0
2025-11-05,17,BTM_UNIT8,60.5,0.0,True,2541.0
2025-11-05,17,FLCNS_UNIT1,0.0,0.0,False,0.0
2025-11-05,17,FLCNS_UNIT2,0.0,0.0,False,0.0
2025-11-05,17,CALHOUN_UNIT1,0.0,0.0,False,0.0
2025-11-05,17,CALHOUN_UNIT2,0.0,0.0,False,0.0
2025-11-05,17,CHAMON_CTG_0101,60.5,0.0,True,2541.0
2025-11-05,17,CHAMON_CTG_0301,60.5,0.0,True,2541.0
2025-11-05,17,CBY4_CT41,205.0,0.0,True,5740.0
2025-11-05,17,CBY4_CT42,205.0,0.0,True,5740.0
2025-11-05,17,CBY4_ST04,205.0,0.0,True,5740.0
2025-11-05,17,CBY_CBY_G1,765.0,0.0,True,26775.0
2025-11-05,17,CBY_CBY_G2,765.0,0.0,True,26775.0
2025-11-05,17,CBEC_GT1,86.5,0.0,True,2422.0
2025-11-05,17,CBEC_GT2,86.5,0.0,True,2422.0
2025-11-05,17,CBEC_GT3,86.5,0.0,True,2422.0
2025-11-05,17,CBEC_GT4,86.5,0.0,True,2422.0
2025-11-05,17,CBEC_STG1,105.0,0.0,True,2940.0
2025-11-05,17,CBEC_STG2,108.79999999999997,2.842170943040401e-14,True,3046.4
2025-11-05,17,CBECII_CT7,360.9,0.0,True,10105.2
2025-11-05,17,CBECII_CT8,360.9,0.0,True,10105.2
2025-11-05,17,CBECII_STG9,326.74077720589133,181.75922279410867,True,9148.7418
2025-11-05,17,CBEC_GT11,41.7,0.0,True,1751.4
2025-11-05,17,CBEC_GT12,8.134855534363181,33.56514446563682,True,341.6639
2025-11-05,17,CVC_CVC_G1,192.1,0.0,True,5378.8
2025-11-05,17,CVC_CVC_G2,192.1,0.0,True,5378.8
2025-11-05,17,CVC_CVC_G3,192.1,0.0,True,5378.8
2025-11-05,17,CVC_CVC_G5,150.0,0.0,True,4200.0
2025-11-05,17,DANSBY_DANSBYG2,0.0,0.0,False,0.0
2025-11-05,17,DANSBY_DANSBYG3,0.0,0.0,False,0.0
2025-11-05,17,DANSBY_DANSBYG1,0.0,0.0,False,0.0
2025-11-05,17,DECKER_DPGT_1,0.0,0.0,False,0.0
2025-11-05,17,DECKER_DPGT_2,0.0,0.0,False,0.0
2025-11-05,17,DECKER_DPGT_3,0.0,0.0,False,0.0
2025-11-05,17,DECKER_DPGT_4,0.0,0.0,False,0.0
2025-11-05,17,DCSES_CT10,0.0,0.0,False,0.0
2025-11-05,17,DCSES_CT20,0.0,0.0,False,0.0
2025-11-05,17,DCSES_CT30,0.0,0.0,False,0.0
2025-11-05,17,DCSES_CT40,0.0,0.0,False,0.0
2025-11-05,17,DDPEC_GT1,0.0,0.0,False,0.0
2025-11-05,17,DDPEC_GT2,64.5,150.5,True,1806.0
2025-11-05,17,DDPEC_GT3,60.9,142.1,True,1705.2
2025-11-05,17,DDPEC_GT4,0.0,0.0,False,0.0
2025-11-05,17,DDPEC_GT6,59.7,139.3,True,1671.6
2025-11-05,17,DDPEC_ST1,87.0,0.0,True,2436.0
2025-11-05,17,DEC_AGR_A,56.5,0.0,True,2542.5
2025-11-05,17,DEC_AGR_B,56.5,0.0,True,2542.5
2025-11-05,17,DEC_AGR_C,56.5,0.0,True,2542.5
2025-11-05,17,DEC_AGR_D,56.5,0.0,True,2542.5
2025-11-05,17,ECEC_G1,0.0,0.0,False,0.0
2025-11-05,17,ECEC_G2,0.0,0.0,False,0.0
2025-11-05,17,ETCCS_CT1,260.0,0.0,True,7280.0
2025-11-05,17,ETCCS_UNIT1,140.0,0.0,True,3920.0
2025-11-05,17,AZ_AZ_G1,0.0,0.0,False,0.0
2025-11-05,17,AZ_AZ_G2,0.0,0.0,False,0.0
2025-11-05,17,AZ_AZ_G3,0.0,0.0,False,0.0
2025-11-05,17,AZ_AZ_G4,0.0,0.0,False,0.0
2025-11-05,17,FERGCC_FERGGT1,0.0,0.0,False,0.0
2025-11-05,17,FERGCC_FERGGT2,0.0,0.0,False,0.0
2025-11-05,17,FERGCC_FERGST1,83.43444619349611,120.56555380650389,True,2336.1645
2025-11-05,17,FRNYPP_GT11,0.0,0.0,False,0.0
2025-11-05,17,FRNYPP_GT12,0.0,0.0,False,0.0
2025-11-05,17,FRNYPP_GT13,0.0,0.0,False,0.0
2025-11-05,17,FRNYPP_GT21,0.0,0.0,False,0.0
2025-11-05,17,FRNYPP_GT22,0.0,0.0,False,0.0
2025-11-05,17,FRNYPP_GT23,0.0,0.0,False,0.0
2025-11-05,17,FRNYPP_ST10,0.0,0.0,False,0.0
2025-11-05,17,FRNYPP_ST20,0.0,0.0,False,0.0
2025-11-05,17,FREC_GT1,53.82,125.58000000000001,True,1506.96
2025-11-05,17,FREC_GT2,179.4,0.0,True,5023.2
2025-11-05,17,FREC_GT4,179.4,0.0,True,5023.2
2025-11-05,17,FREC_GT5,133.06699938082528,46.333000619174726,True,3725.876
2025-11-05,17,FREC_ST3,57.21,133.48999999999998,True,1601.88
2025-11-05,17,FREC_ST6,57.21,133.48999999999998,True,1601.88
2025-11-05,17,FEGC_UNIT1,0.0,0.0,False,0.0
2025-11-05,17,FRONT_EC_CT1,160.3056103614987,16.694389638501292,True,4488.5571
2025-11-05,17,FRONT_EC_CT2,177.0,0.0,True,4956.0
2025-11-05,17,FRONT_EC_ST,184.5,0.0,True,5166.0
2025-11-05,17,GRSES_UNIT1,239.0,0.0,True,8365.0
2025-11-05,17,GRSES_UNIT2,390.0,0.0,True,13650.0
2025-11-05,17,GBY_GBYGT73,72.0,0.0,True,3024.0
2025-11-05,17,GBY_GBYGT74,72.0,0.0,True,3024.0
2025-11-05,17,GBY_GBYGT81,72.0,0.0,True,3024.0
2025-11-05,17,GBY_GBYGT82,72.0,0.0,True,3024.0
2025-11-05,17,GBY_GBYGT83,72.0,0.0,True,3024.0
2025-11-05,17,GBY_GBYGT84,72.0,0.0,True,3024.0
2025-11-05,17,STEAM_ENGINE_1,0.0,0.0,False,0.0
2025-11-05,17,STEAM_ENGINE_2,0.0,0.0,False,0.0
2025-11-05,17,STEAM_ENGINE_3,0.0,0.0,False,0.0
2025-11-05,17,LGE_LGE_GT1,185.0,0.0,True,5180.0
2025-11-05,17,LGE_LGE_GT2,55.5,129.5,True,1554.0
2025-11-05,17,LGE_LGE_STG,100.0,0.0,True,2800.0
2025-11-05,17,GUADG_GAS1,0.0,0.0,False,0.0
2025-11-05,17,GUADG_GAS2,0.0,0.0,False,0.0
2025-11-05,17,GUADG_GAS3,0.0,0.0,False,0.0
2025-11-05,17,GUADG_GAS4,0.0,0.0,False,0.0
2025-11-05,17,GUADG_STM5,0.0,0.0,False,0.0
2025-11-05,17,GUADG_STM6,0.0,0.0,False,0.0
2025-11-05,17,HLSES_UNIT3,395.0,0.0,True,13825.0
2025-11-05,17,HLSES_UNIT4,435.0,0.0,True,15225.0
2025-11-05,17,HLSES_UNIT5,435.0,0.0,True,15225.0
2025-11-05,17,HAYSEN_HAYSENG1,0.0,0.0,False,0.0
2025-11-05,17,HAYSEN_HAYSENG2,0.0,0.0,False,0.0
2025-11-05,17,HAYSEN_HAYSENG3,0.0,0.0,False,0.0
2025-11-05,17,HAYSEN_HAYSENG4,0.0,0.0,False,0.0
2025-11-05,17,DUKE_DUKE_GT1,176.6,0.0,True,4944.8
2025-11-05,17,DUKE_DUKE_GT2,176.6,0.0,True,4944.8
2025-11-05,17,DUKE_DUKE_ST1,59.43,138.67,True,1664.04
2025-11-05,17,JACKCNTY_CT1,59.67,139.23,True,1670.76
2025-11-05,17,JACKCNTY_CT2,59.67,139.23,True,1670.76
2025-11-05,17,JCKCNTY2_CT3,59.67,139.23,True,1670.76
2025-11-05,17,JCKCNTY2_CT4,59.67,139.23,True,1670.76
2025-11-05,17,JACKCNTY_STG,0.0,0.0,False,0.0
2025-11-05,17,JCKCNTY2_ST2,0.0,0.0,False,0.0
2025-11-05,17,TEN_CT1,0.0,0.0,False,0.0
2025-11-05,17,TEN_STG,0.0,0.0,False,0.0
2025-11-05,17,LHSES_UNIT1,0.0,0.0,False,0.0
2025-11-05,17,LHSES_UNIT2A,0.0,0.0,False,0.0
2025-11-05,17,LPCCS_CT11,0.0,0.0,False,0.0
2025-11-05,17,LPCCS_CT12,0.0,0.0,False,0.0
2025-11-05,17,LPCCS_CT21,186.0,0.0,True,5208.0
2025-11-05,17,LPCCS_CT22,76.58952289847285,109.41047710152714,True,2144.5066
2025-11-05,17,LPCCS_UNIT1,0.0,0.0,False,0.0
2025-11-05,17,LPCCS_UNIT2,0.0,0.0,False,0.0
2025-11-05,17,LARDVFTN_G4,0.0,0.0,False,0.0
2025-11-05,17,LARDVFTN_G5,0.0,0.0,False,0.0
2025-11-05,17,LEON_CRK_LCPCT1,0.0,0.0,False,0.0
2025-11-05,17,LEON_CRK_LCPCT2,0.0,0.0,False,0.0
2025-11-05,17,LEON_CRK_LCPCT3,0.0,0.0,False,0.0
2025-11-05,17,LEON_CRK_LCPCT4,0.0,0.0,False,0.0
2025-11-05,17,LIG_UNIT1,0.0,0.0,False,0.0
2025-11-05,17,LIG_UNIT2,0.0,0.0,False,0.0
2025-11-05,17,LOSTPI_LOSTPGT1,202.5,0.0,True,5670.0
2025-11-05,17,LOSTPI_LOSTPGT2,202.5,0.0,True,5670.0
2025-11-05,17,LOSTPI_LOSTPST1,204.0,0.0,True,5712.0
2025-11-05,17,NEDIN_NEDIN_G1,0.0,0.0,False,0.0
2025-11-05,17,NEDIN_NEDIN_G2,0.0,0.0,False,0.0
2025-11-05,17,NEDIN_NEDIN_G3,0.0,0.0,False,0.0
2025-11-05,17,MDANP_CT1,0.0,0.0,False,0.0
2025-11-05,17,MDANP_CT2,0.0,0.0,False,0.0
2025-11-05,17,MDANP_CT3,0.0,0.0,False,0.0
2025-11-05,17,MDANP_CT4,0.0,0.0,False,0.0
2025-11-05,17,MDANP_CT5,0.0,0.0,False,0.0
2025-11-05,17,MDANP_CT6,0.0,0.0,False,0.0
2025-11-05,17,MGSES_CT1,0.0,0.0,False,0.0
2025-11-05,17,MGSES_CT2,0.0,0.0,False,0.0
2025-11-05,17,MGSES_CT3,0.0,0.0,False,0.0
2025-11-05,17,MGSES_CT4,0.0,0.0,False,0.0
2025-11-05,17,MGSES_CT5,0.0,0.0,False,0.0
2025-11-05,17,MGSES_CT6,0.0,0.0,False,0.0
2025-11-05,17,MCSES_UNIT6,122.0,0.0,True,4270.0
2025-11-05,17,MCSES_UNIT7,118.0,0.0,True,4130.0
2025-11-05,17,MCSES_UNIT8,568.0,0.0,True,19880.0
2025-11-05,17,NUECES_B_NUECESG8,189.6,0.0,True,5308.8
2025-11-05,17,NUECES_B_NUECESG9,56.88,132.72,True,1592.64
2025-11-05,17,NUECES_B_NUECESG7,0.0,0.0,False,0.0
2025-11-05,17,CALAVERS_OWS1,0.0,0.0,False,0.0
2025-11-05,17,CALAVERS_OWS2,0.0,0.0,False,0.0
2025-11-05,17,OECCS_CT11,58.56,136.64,True,1639.68
2025-11-05,17,OECCS_CT12,56.73,132.37,True,1588.44
2025-11-05,17,OECCS_CT21,0.0,0.0,False,0.0
2025-11-05,17,OECCS_CT22,56.73,132.37,True,1588.44
2025-11-05,17,OECCS_UNIT1,67.2,156.8,True,1881.6
2025-11-05,17,OECCS_UNIT2,76.4089443356843,147.59105566431572,True,2139.4504
2025-11-05,17,VICTPRT2_UNIT1,0.0,0.0,False,0.0
2025-11-05,17,VICTPRT2_UNIT2,0.0,0.0,False,0.0
2025-11-05,17,PANDA_S_SHER1CT1,0.0,0.0,False,0.0
2025-11-05,17,PANDA_S_SHER1CT2,0.0,0.0,False,0.0
2025-11-05,17,PANDA_S_SHER1ST1,353.1,0.0,True,9886.8
2025-11-05,17,PANDA_T1_TMPL1CT1,0.0,0.0,False,0.0
2025-11-05,17,PANDA_T1_TMPL1CT2,0.0,0.0,False,0.0
2025-11-05,17,PANDA_T1_TMPL1ST1,0.0,0.0,False,0.0
2025-11-05,17,PANDA_T2_TMPL2CT1,0.0,0.0,False,0.0
2025-11-05,17,PANDA_T2_TMPL2CT2,0.0,0.0,False,0.0
2025-11-05,17,PANDA_T2_TMPL2ST1,0.0,0.0,False,0.0
2025-11-05,17,TNSKA_GT1,0.0,0.0,False,0.0
2025-11-05,17,TNSKA_GT2,0.0,0.0,False,0.0
2025-11-05,17,TNSKA_STG,0.0,0.0,False,0.0
2025-11-05,17,PSG_PSG_GT2,64.53,150.57,True,1806.84
2025-11-05,17,PSG_PSG_GT3,0.0,0.0,False,0.0
2025-11-05,17,PSG_PSG_ST2,140.3916999365981,55.10830006340191,True,3930.9676
2025-11-05,17,PEARSAL2_AGR_A,0.0,0.0,False,0.0
2025-11-05,17,PEARSAL2_AGR_B,0.0,0.0,False,0.0
2025-11-05,17,PEARSAL2_AGR_C,0.0,0.0,False,0.0
2025-11-05,17,PEARSAL2_AGR_D,0.0,0.0,False,0.0
2025-11-05,17,PB2SES_CT1,0.0,0.0,False,0.0
2025-11-05,17,PB2SES_CT2,0.0,0.0,False,0.0
2025-11-05,17,PB2SES_CT3,0.0,0.0,False,0.0
2025-11-05,17,PB2SES_CT4,0.0,0.0,False,0.0
2025-11-05,17,PB2SES_CT5,0.0,0.0,False,0.0
2025-11-05,17,PRO_UNIT1,0.0,0.0,False,0.0
2025-11-05,17,PRO_UNIT2,0.0,0.0,False,0.0
2025-11-05,17,PRO_UNIT3,0.0,0.0,False,0.0
2025-11-05,17,PRO_UNIT4,0.0,0.0,False,0.0
2025-11-05,17,PRO_UNIT5,0.0,0.0,False,0.0
2025-11-05,17,PRO_UNIT6,0.0,0.0,False,0.0
2025-11-05,17,PRO_UNIT7,0.0,0.0,False,0.0
2025-11-05,17,PRO_UNIT8,0.0,0.0,False,0.0
2025-11-05,17,BAC_CTG1,65.0,0.0,True,2730.0
2025-11-05,17,BAC_CTG2,65.0,0.0,True,2730.0
2025-11-05,17,BAC_CTG3,65.0,0.0,True,2730.0
2025-11-05,17,BAC_CTG4,65.0,0.0,True,2730.0
2025-11-05,17,BAC_CTG5,65.0,0.0,True,2730.0
2025-11-05,17,BAC_CTG6,65.0,0.0,True,2730.0
2025-11-05,17,STEAM1A_STEAM_1,0.0,0.0,False,0.0
2025-11-05,17,STEAM_STEAM_2,0.0,0.0,False,0.0
2025-11-05,17,STEAM_STEAM_3,0.0,0.0,False,0.0
2025-11-05,17,QALSW_GT1,90.6,0.0,True,2536.8
2025-11-05,17,QALSW_GT2,90.6,0.0,True,2536.8
2025-11-05,17,QALSW_GT3,90.6,0.0,True,2536.8
2025-11-05,17,QALSW_GT4,90.6,0.0,True,2536.8
2025-11-05,17,QALSW_STG1,98.1,0.0,True,2746.8
2025-11-05,17,QALSW_STG2,98.1,0.0,True,2746.8
2025-11-05,17,MIL_MILLERG4,116.0,0.0,True,4872.0
2025-11-05,17,MIL_MILLERG5,116.0,0.0,True,4872.0
2025-11-05,17,MIL_MILLERG1,75.0,0.0,True,2625.0
2025-11-05,17,MIL_MILLERG2,120.0,0.0,True,4200.0
2025-11-05,17,MIL_MILLERG3,216.0,0.0,True,7560.0
2025-11-05,17,OLINGR_OLING_4,0.0,0.0,False,0.0
2025-11-05,17,OLINGR_OLING_2,0.0,0.0,False,0.0
2025-11-05,17,OLINGR_OLING_3,0.0,0.0,False,0.0
2025-11-05,17,RAB_UNIT1,0.0,0.0,False,0.0
2025-11-05,17,RAB_UNIT2,0.0,0.0,False,0.0
2025-11-05,17,RAB_UNIT3,0.0,0.0,False,0.0
2025-11-05,17,RAB_UNIT4,0.0,0.0,False,0.0
2025-11-05,17,RAB_UNIT5,0.0,0.0,False,0.0
2025-11-05,17,RAB_UNIT6,0.0,0.0,False,0.0
2025-11-05,17,RAB_UNIT7,0.0,0.0,False,0.0
2025-11-05,17,RAB_UNIT8,0.0,0.0,False,0.0
2025-11-05,17,REDGATE_AGR_A,0.0,0.0,False,0.0
2025-11-05,17,REDGATE_AGR_B,0.0,0.0,False,0.0
2025-11-05,17,REDGATE_AGR_C,0.0,0.0,False,0.0
2025-11-05,17,REDGATE_AGR_D,0.0,0.0,False,0.0
2025-11-05,17,JAD_UNIT1,0.0,0.0,False,0.0
2025-11-05,17,JAD_UNIT2,0.0,0.0,False,0.0
2025-11-05,17,JAD_UNIT3,0.0,0.0,False,0.0
2025-11-05,17,JAD_UNIT4,0.0,0.0,False,0.0
2025-11-05,17,JAD_UNIT5,0.0,0.0,False,0.0
2025-11-05,17,JAD_UNIT6,0.0,0.0,False,0.0
2025-11-05,17,JAD_UNIT7,0.0,0.0,False,0.0
2025-11-05,17,JAD_UNIT8,0.0,0.0,False,0.0
2025-11-05,17,RIONOG_CT1,0.0,0.0,False,0.0
2025-11-05,17,RIONOG_CT2,0.0,0.0,False,0.0
2025-11-05,17,RIONOG_CT3,0.0,0.0,False,0.0
2025-11-05,17,RIONOG_ST1,0.0,0.0,False,0.0
2025-11-05,17,RAYBURN_RAYBURG7,18.15,42.35,True,508.2
2025-11-05,17,RAYBURN_RAYBURG8,18.15,42.35,True,508.2
2025-11-05,17,RAYBURN_RAYBURG9,36.79560605467051,23.704393945329493,True,1030.277
2025-11-05,17,RAYBURN_RAYBURG10,12.6,29.4,True,352.8
2025-11-05,17,SJS_SJS_G1,88.19999999999999,1.4210854715202004e-14,True,3704.4
2025-11-05,17,SJS_SJS_G2,88.19999999999999,1.4210854715202004e-14,True,3704.4
2025-11-05,17,SANDHSYD_SH1,0.0,0.0,False,0.0
2025-11-05,17,SANDHSYD_SH2,0.0,0.0,False,0.0
2025-11-05,17,SANDHSYD_SH3,0.0,0.0,False,0.0
2025-11-05,17,SANDHSYD_SH4,0.0,0.0,False,0.0
2025-11-05,17,SANDHSYD_SH_5A,198.90000000000003,-2.842170943040401e-14,True,5569.2
2025-11-05,17,SANDHSYD_SH6,0.0,0.0,False,0.0
2025-11-05,17,SANDHSYD_SH7,0.0,0.0,False,0.0
2025-11-05,17,SANDHSYD_SH_5C,188.26254687120075,2.7374531287992454,True,5271.3513
2025-11-05,17,SILASRAY_SILAS_10,0.0,0.0,False,0.0
2025-11-05,17,SILASRAY_SILAS_9,50.0,0.0,True,1400.0
2025-11-05,17,SILASRAY_SILAS_6,25.0,0.0,True,700.0
2025-11-05,17,GIDEON_GIDEONG1,0.0,0.0,False,0.0
2025-11-05,17,GIDEON_GIDEONG2,0.0,0.0,False,0.0
2025-11-05,17,GIDEON_GIDEONG3,0.0,0.0,False,0.0
2025-11-05,17,SKY1_SKY1A,0.0,0.0,False,0.0
2025-11-05,17,SKY1_SKY1B,0.0,0.0,False,0.0
2025-11-05,17,SPNCER_SPNCE_4,61.0,0.0,True,2135.0
2025-11-05,17,SPNCER_SPNCE_5,65.0,0.0,True,2275.0
2025-11-05,17,SCSES_UNIT1A,177.0,0.0,True,6195.0
2025-11-05,17,SCSES_UNIT2,419.74428431703575,82.25571568296425,True,14691.05
2025-11-05,17,THW_THWGT_1,16.3,0.0,True,684.6
2025-11-05,17,THW_THWGT31,51.3,0.0,True,1436.4
2025-11-05,17,THW_THWGT32,51.3,0.0,True,1436.4
2025-11-05,17,THW_THWGT33,51.3,0.0,True,1436.4
2025-11-05,17,THW_THWGT34,51.3,0.0,True,1436.4
2025-11-05,17,THW_THWGT41,51.3,0.0,True,1436.4
2025-11-05,17,THW_THWGT42,51.3,0.0,True,1436.4
2025-11-05,17,THW_THWGT43,62.0,0.0,True,1736.0
2025-11-05,17,THW_THWGT44,62.0,0.0,True,1736.0
2025-11-05,17,THW_THWGT51,85.0,0.0,True,3570.0
2025-11-05,17,THW_THWGT52,85.0,0.0,True,3570.0
2025-11-05,17,THW_THWGT53,85.0,0.0,True,3570.0
2025-11-05,17,THW_THWGT54,85.0,0.0,True,3570.0
2025-11-05,17,THW_THWGT55,85.0,0.0,True,3570.0
2025-11-05,17,THW_THWGT56,85.0,0.0,True,3570.0
2025-11-05,17,THW_THWST_3,113.1,0.0,True,3166.8
2025-11-05,17,THW_THWST_4,113.1,0.0,True,3166.8
2025-11-05,17,TXCTY_CTA,129.1,0.0,True,3614.8
2025-11-05,17,TXCTY_CTB,129.1,0.0,True,3614.8
2025-11-05,17,TXCTY_CTC,129.1,0.0,True,3614.8
2025-11-05,17,TXCTY_ST,143.7,0.0,True,4023.6
2025-11-05,17,TGS_GT01,0.0,0.0,False,0.0
2025-11-05,17,TIMPP_AGR1,0.0,0.0,False,0.0
2025-11-05,17,TIMPP_AGR2,0.0,0.0,False,0.0
2025-11-05,17,TIMPP_AGR3,0.0,0.0,False,0.0
2025-11-05,17,TIMPP_AGR4,0.0,0.0,False,0.0
2025-11-05,17,TRSES_UNIT6,239.0,0.0,True,8365.0
2025-11-05,17,TOPAZ_UNIT1,60.5,0.0,True,2541.0
2025-11-05,17,TOPAZ_UNIT2,60.5,0.0,True,2541.0
2025-11-05,17,TOPAZ_UNIT3,60.5,0.0,True,2541.0
2025-11-05,17,TOPAZ_UNIT4,60.5,0.0,True,2541.0
2025-11-05,17,TOPAZ_UNIT5,60.5,0.0,True,2541.0
2025-11-05,17,TOPAZ_UNIT6,60.5,0.0,True,2541.0
2025-11-05,17,TOPAZ_UNIT7,60.5,0.0,True,2541.0
2025-11-05,17,TOPAZ_UNIT8,60.5,0.0,True,2541.0
2025-11-05,17,TOPAZ_UNIT9,60.5,0.0,True,2541.0
2025-11-05,17,TOPAZ_UNIT10,60.5,0.0,True,2541.0
2025-11-05,17,BRAUNIG_VHB6CT5,0.0,0.0,False,0.0
2025-11-05,17,BRAUNIG_VHB6CT6,0.0,0.0,False,0.0
2025-11-05,17,BRAUNIG_VHB6CT7,0.0,0.0,False,0.0
2025-11-05,17,BRAUNIG_VHB6CT8,0.0,0.0,False,0.0
2025-11-05,17,CITYVICT_CTG01,0.0,0.0,False,0.0
2025-11-05,17,CITYVICT_CTG02,0.0,0.0,False,0.0
2025-11-05,17,VICTPORT_CTG01,0.0,0.0,False,0.0
2025-11-05,17,VICTPORT_CTG02,0.0,0.0,False,0.0
2025-11-05,17,VICTORIA_VICTORG6,196.9,0.0,True,5513.2
2025-11-05,17,VICTORIA_VICTORG5,139.21938272907758,40.98061727092241,True,3898.1427
2025-11-05,17,WAP_WAPGT_1,0.0,0.0,False,0.0
2025-11-05,17,WAP_WAP_G1,0.0,0.0,False,0.0
2025-11-05,17,WAP_WAP_G2,0.0,0.0,False,0.0
2025-11-05,17,WAP_WAP_G3,0.0,0.0,False,0.0
2025-11-05,17,WAP_WAP_G4,0.0,0.0,False,0.0
2025-11-05,17,WFCOGEN_UNIT1,20.0,0.0,True,560.0
2025-11-05,17,WFCOGEN_UNIT2,20.0,0.0,True,560.0
2025-11-05,17,WFCOGEN_UNIT3,20.0,0.0,True,560.0
2025-11-05,17,WIPOPA_WPP_G1,6.05,54.45,True,254.1
2025-11-05,17,WIPOPA_WPP_G2,60.5,0.0,True,2541.0
2025-11-05,17,WIPOPA_WPP_G3,6.05,54.45,True,254.1
2025-11-05,17,WIPOPA_WPP_G4,33.1954272903067,27.304572709693304,True,1394.2079
2025-11-05,17,WCPP_CT1,0.0,0.0,False,0.0
2025-11-05,17,WCPP_CT2,0.0,0.0,False,0.0
2025-11-05,17,WCPP_ST1,0.0,0.0,False,0.0
2025-11-05,17,WHCCS_CT1,0.0,0.0,False,0.0
2025-11-05,17,WHCCS_CT2,0.0,0.0,False,0.0
2025-11-05,17,WHCCS_STG,0.0,0.0,False,0.0
2025-11-05,17,WHCCS2_CT4,0.0,0.0,False,0.0
2025-11-05,17,WHCCS2_CT5,0.0,0.0,False,0.0
2025-11-05,17,WHCCS2_STG6,0.0,0.0,False,0.0
2025-11-05,17,NACPW_UNIT1,0.0,0.0,False,0.0
2025-11-05,17,HBR_2UNITS,3.2,0.0,True,128.0
2025-11-05,17,TRIRA_1UNIT,4.0,0.0,True,160.0
2025-11-05,17,78252_4UNITS,0.0,0.0,False,0.0
2025-11-05,17,SPRIN_4UNITS,0.0,0.0,False,0.0
2025-11-05,17,FREIH_2UNITS,0.0,0.0,False,0.0
2025-11-05,17,WSTHL_3UNITS,4.8,0.0,True,192.0
2025-11-05,17,FEGC_CTG2,0.0,0.0,False,0.0
2025-11-05,17,FEGC_CTG3,0.0,0.0,False,0.0
2025-11-05,17,FEGC_CTG4,0.0,0.0,False,0.0
2025-11-05,17,OLNEYTN_AGR1,10.0,0.0,True,600.0
2025-11-05,17,AMISTAD_AMISTAG1,0.0,0.0,False,0.0
2025-11-05,17,AMISTAD_AMISTAG2,0.0,0.0,False,0.0
2025-11-05,17,AUSTPL_AUSTING1,9.0,0.0,True,9.0
2025-11-05,17,AUSTPL_AUSTING2,9.0,0.0,True,9.0
2025-11-05,17,BUCHAN_BUCHANG1,18.299999999999997,3.552713678800501e-15,True,18.3
2025-11-05,17,BUCHAN_BUCHANG2,18.299999999999997,3.552713678800501e-15,True,18.3
2025-11-05,17,BUCHAN_BUCHANG3,18.299999999999997,3.552713678800501e-15,True,18.3
2025-11-05,17,DNDAM_DENISOG1,50.8,0.0,True,50.8
2025-11-05,17,DNDAM_DENISOG2,50.8,0.0,True,50.8
2025-11-05,17,FALCON_FALCONG1,12.0,0.0,True,12.0
2025-11-05,17,FALCON_FALCONG2,12.0,0.0,True,12.0
2025-11-05,17,FALCON_FALCONG3,12.0,0.0,True,12.0
2025-11-05,17,WIRTZ_WIRTZ_G1,29.0,0.0,True,29.0
2025-11-05,17,WIRTZ_WIRTZ_G2,29.0,0.0,True,29.0
2025-11-05,17,CANYHY_CANYHYG1,6.0,0.0,True,6.0
2025-11-05,17,INKSDA_INKS_G1,15.0,0.0,True,15.0
2025-11-05,17,MARBFA_MARBFAG1,21.0,0.0,True,21.0
2025-11-05,17,MARBFA_MARBFAG2,20.0,0.0,True,20.0
2025-11-05,17,MARSFO_MARSFOG1,36.0,0.0,True,36.0
2025-11-05,17,MARSFO_MARSFOG2,36.0,0.0,True,36.0
2025-11-05,17,MARSFO_MARSFOG3,36.0,0.0,True,36.0
2025-11-05,17,WND_WHITNEY1,0.0,0.0,False,0.0
2025-11-05,17,WND_WHITNEY2,0.0,0.0,False,0.0
2025-11-05,17,AEEC_ANTLP_1,0.0,0.0,False,0.0
2025-11-05,17,AEEC_ANTLP_2,0.0,0.0,False,0.0
2025-11-05,17,AEEC_ANTLP_3,0.0,0.0,False,0.0
2025-11-05,17,AEEC_ELK_1,0.0,0.0,False,0.0
2025-11-05,17,AEEC_ELK_2,0.0,0.0,False,0.0
2025-11-05,17,AEEC_ELK_3,0.0,0.0,False,0.0
2025-11-05,17,FTR_FTR_G1,0.0,0.0,False,0.0
2025-11-05,17,FTR_FTR_G2,0.0,0.0,False,0.0
2025-11-05,17,FTR_FTR_G3,0.0,0.0,False,0.0
2025-11-05,17,FTR_FTR_G4,0.0,0.0,False,0.0
2025-11-05,17,TGCCS_CT1,0.0,0.0,False,0.0
2025-11-05,17,TGCCS_CT2,0.0,0.0,False,0.0
2025-11-05,17,TGCCS_CT3,0.0,0.0,False,0.0
2025-11-05,17,TGCCS_UNIT4,120.0,280.0,True,3360.0
2025-11-05,17,KMCHI_1CT101,55.5,129.5,True,1554.0
2025-11-05,17,KMCHI_1CT201,55.5,129.5,True,1554.0
2025-11-05,17,KMCHI_1ST,330.0,0.0,True,9240.0
2025-11-05,17,KMCHI_2CT101,185.0,0.0,True,5180.0
2025-11-05,17,KMCHI_2CT201,55.5,129.5,True,1554.0
2025-11-05,17,KMCHI_2ST,330.0,0.0,True,9240.0
2025-11-05,17,A4_DGR1,0.0,0.0,False,0.0
2025-11-05,17,A4_DGR2,0.0,0.0,False,0.0
2025-11-05,17,K2_DGR1,0.0,0.0,False,0.0
2025-11-05,17,K2_DGR2,0.0,0.0,False,0.0
2025-11-05,17,P2_DGR1,0.0,0.0,False,0.0
2025-11-05,17,P2_DGR2,0.0,0.0,False,0.0
2025-11-05,17,Q1_DGR1,0.0,0.0,False,0.0
2025-11-05,17,BRAUNIG_VHB3,0.0,0.0,False,0.0
2025-11-05,17,V2_DGR1,0.0,0.0,False,0.0
2025-11-05,17,V2_DGR2,0.0,0.0,False,0.0
2025-11-05,17,V2_DGR3,0.0,0.0,False,0.0
2025-11-05,17,V4_DGR1,0.0,0.0,False,0.0
2025-11-05,17,X1_DGR1,0.0,0.0,False,0.0
2025-11-05,17,Z0_DGR1,0.0,0.0,False,0.0
2025-11-05,17,Z0_DGR2,0.0,0.0,False,0.0
2025-11-05,17,Z5_DGR1,0.0,0.0,False,0.0
2025-11-05,17,DC_E,437.90580396835566,162.09419603164434,True,15326.7031
2025-11-05,17,DC_N,204.77519177988415,15.224808220115847,True,7167.1317
2025-11-05,17,DC_L,0.0,0.0,False,0.0
2025-11-05,17,DC_R,0.0,0.0,False,0.0
2025-11-05,17,CEDARVALE_GAS,0.0,0.0,False,0.0
2025-11-05,17,ENCHANTED_ROCK_NEWPP,30.0,0.0,True,1350.0
2025-11-05,18,CPSES_UNIT1,1269.0,0.0,True,10152.0
2025-11-05,18,CPSES_UNIT2,1269.0,0.0,True,10152.0
2025-11-05,18,STP_STP_G1,1365.0,0.0,True,10920.0
2025-11-05,18,STP_STP_G2,1365.0,0.0,True,10920.0
2025-11-05,18,COLETO_COLETOG1,655.0,0.0,True,16375.0
2025-11-05,18,FPPYD1_FPP_G1,615.0,0.0,True,15375.0
2025-11-05,18,FPPYD1_FPP_G2,615.0,0.0,True,15375.0
2025-11-05,18,FPPYD2_FPP_G3,460.0,0.0,True,11500.0
2025-11-05,18,CALAVERS_JKS1,224.0,336.0,True,5600.0
2025-11-05,18,CALAVERS_JKS2,436.70174359817446,485.2982564018256,True,10917.5436
2025-11-05,18,LEG_LEG_G1,0.0,0.0,False,0.0
2025-11-05,18,LEG_LEG_G2,0.0,0.0,False,0.0
2025-11-05,18,MLSES_UNIT1,0.0,0.0,False,0.0
2025-11-05,18,MLSES_UNIT2,0.0,0.0,False,0.0
2025-11-05,18,MLSES_UNIT3,0.0,0.0,False,0.0
2025-11-05,18,OGSES_UNIT1A,0.0,0.0,False,0.0
2025-11-05,18,OGSES_UNIT2,0.0,0.0,False,0.0
2025-11-05,18,SANMIGL_G1,430.0,0.0,True,10750.0
2025-11-05,18,SCES_UNIT1,0.0,0.0,False,0.0
2025-11-05,18,TNP_ONE_TNP_O_1,0.0,0.0,False,0.0
2025-11-05,18,TNP_ONE_TNP_O_2,0.0,0.0,False,0.0
2025-11-05,18,WAP_WAP_G5,0.0,0.0,False,0.0
2025-11-05,18,WAP_WAP_G6,0.0,0.0,False,0.0
2025-11-05,18,WAP_WAP_G7,245.84,368.76,True,6146.0
2025-11-05,18,WAP_WAP_G8,456.6776200984489,197.32237990155107,True,11416.9405
2025-11-05,18,BRAUNIG_AVR1_CT1,0.0,0.0,False,0.0
2025-11-05,18,BRAUNIG_AVR1_CT2,0.0,0.0,False,0.0
2025-11-05,18,BRAUNIG_AVR1_ST,0.0,0.0,False,0.0
2025-11-05,18,ATKINS_ATKINSG7,0.0,0.0,False,0.0
2025-11-05,18,B_DAVIS_B_DAVIG3,97.13850214956554,92.46149785043445,True,2719.8781
2025-11-05,18,B_DAVIS_B_DAVIG4,56.88,132.72,True,1592.64
2025-11-05,18,B_DAVIS_B_DAVIG1,0.0,0.0,False,0.0
2025-11-05,18,B_DAVIS_B_DAVIG2,105.3,0.0,True,2948.4
2025-11-05,18,BASTEN_GTG1100,0.0,0.0,False,0.0
2025-11-05,18,BASTEN_GTG2100,0.0,0.0,False,0.0
2025-11-05,18,BASTEN_ST0100,0.0,0.0,False,0.0
2025-11-05,18,BCH_UNIT1,60.5,0.0,True,2541.0
2025-11-05,18,BCH_UNIT2,60.5,0.0,True,2541.0
2025-11-05,18,BCH_UNIT3,60.5,0.0,True,2541.0
2025-11-05,18,BCH_UNIT4,60.5,0.0,True,2541.0
2025-11-05,18,BCH_UNIT5,60.5,0.0,True,2541.0
2025-11-05,18,BCH_UNIT6,60.5,0.0,True,2541.0
2025-11-05,18,BCH_UNIT7,60.5,0.0,True,2541.0
2025-11-05,18,BCH_UNIT8,60.5,0.0,True,2541.0
2025-11-05,18,BOSQUESW_BSQSU_1,0.0,0.0,False,0.0
2025-11-05,18,BOSQUESW_BSQSU_2,0.0,0.0,False,0.0
2025-11-05,18,BOSQUESW_BSQSU_3,0.0,0.0,False,0.0
2025-11-05,18,BOSQUESW_BSQSU_4,0.0,0.0,False,0.0
2025-11-05,18,BOSQUESW_BSQSU_5,0.0,0.0,False,0.0
2025-11-05,18,BVE_UNIT1,198.90000000000003,-2.842170943040401e-14,True,5569.2
2025-11-05,18,BVE_UNIT2,198.90000000000003,-2.842170943040401e-14,True,5569.2
2025-11-05,18,BVE_UNIT3,275.6,0.0,True,7716.8
2025-11-05,18,BTM_UNIT1,60.5,0.0,True,2541.0
2025-11-05,18,BTM_UNIT2,60.5,0.0,True,2541.0
2025-11-05,18,BTM_UNIT3,60.5,0.0,True,2541.0
2025-11-05,18,BTM_UNIT4,60.5,0.0,True,2541.0
2025-11-05,18,BTM_UNIT5,60.5,0.0,True,2541.0
2025-11-05,18,BTM_UNIT6,60.5,0.0,True,2541.0
2025-11-05,18,BTM_UNIT7,60.5,0.0,True,2541.0
2025-11-05,18,BTM_UNIT8,60.5,0.0,True,2541.0
2025-11-05,18,FLCNS_UNIT1,0.0,0.0,False,0.0
2025-11-05,18,FLCNS_UNIT2,0.0,0.0,False,0.0
2025-11-05,18,CALHOUN_UNIT1,0.0,0.0,False,0.0
2025-11-05,18,CALHOUN_UNIT2,0.0,0.0,False,0.0
2025-11-05,18,CHAMON_CTG_0101,60.5,0.0,True,2541.0
2025-11-05,18,CHAMON_CTG_0301,60.5,0.0,True,2541.0
2025-11-05,18,CBY4_CT41,205.0,0.0,True,5740.0
2025-11-05,18,CBY4_CT42,205.0,0.0,True,5740.0
2025-11-05,18,CBY4_ST04,205.0,0.0,True,5740.0
2025-11-05,18,CBY_CBY_G1,765.0,0.0,True,26775.0
2025-11-05,18,CBY_CBY_G2,765.0,0.0,True,26775.0
2025-11-05,18,CBEC_GT1,86.5,0.0,True,2422.0
2025-11-05,18,CBEC_GT2,86.5,0.0,True,2422.0
2025-11-05,18,CBEC_GT3,86.5,0.0,True,2422.0
2025-11-05,18,CBEC_GT4,86.5,0.0,True,2422.0
2025-11-05,18,CBEC_STG1,105.0,0.0,True,2940.0
2025-11-05,18,CBEC_STG2,108.79999999999997,2.842170943040401e-14,True,3046.4
2025-11-05,18,CBECII_CT7,360.9,0.0,True,10105.2
2025-11-05,18,CBECII_CT8,360.9,0.0,True,10105.2
2025-11-05,18,CBECII_STG9,326.74077720588747,181.75922279411253,True,9148.7418
2025-11-05,18,CBEC_GT11,41.7,0.0,True,1751.4
2025-11-05,18,CBEC_GT12,8.134855534367501,33.5651444656325,True,341.6639
2025-11-05,18,CVC_CVC_G1,192.1,0.0,True,5378.8
2025-11-05,18,CVC_CVC_G2,192.1,0.0,True,5378.8
2025-11-05,18,CVC_CVC_G3,192.1,0.0,True,5378.8
2025-11-05,18,CVC_CVC_G5,150.0,0.0,True,4200.0
2025-11-05,18,DANSBY_DANSBYG2,0.0,0.0,False,0.0
2025-11-05,18,DANSBY_DANSBYG3,0.0,0.0,False,0.0
2025-11-05,18,DANSBY_DANSBYG1,0.0,0.0,False,0.0
2025-11-05,18,DECKER_DPGT_1,0.0,0.0,False,0.0
2025-11-05,18,DECKER_DPGT_2,0.0,0.0,False,0.0
2025-11-05,18,DECKER_DPGT_3,0.0,0.0,False,0.0
2025-11-05,18,DECKER_DPGT_4,0.0,0.0,False,0.0
2025-11-05,18,DCSES_CT10,0.0,0.0,False,0.0
2025-11-05,18,DCSES_CT20,0.0,0.0,False,0.0
2025-11-05,18,DCSES_CT30,0.0,0.0,False,0.0
2025-11-05,18,DCSES_CT40,0.0,0.0,False,0.0
2025-11-05,18,DDPEC_GT1,0.0,0.0,False,0.0
2025-11-05,18,DDPEC_GT2,64.5,150.5,True,1806.0
2025-11-05,18,DDPEC_GT3,60.9,142.1,True,1705.2
2025-11-05,18,DDPEC_GT4,0.0,0.0,False,0.0
2025-11-05,18,DDPEC_GT6,59.7,139.3,True,1671.6
2025-11-05,18,DDPEC_ST1,87.0,203.0,True,2436.0
2025-11-05,18,DEC_AGR_A,56.5,0.0,True,2542.5
2025-11-05,18,DEC_AGR_B,56.5,0.0,True,2542.5
2025-11-05,18,DEC_AGR_C,56.5,0.0,True,2542.5
2025-11-05,18,DEC_AGR_D,56.5,0.0,True,2542.5
2025-11-05,18,ECEC_G1,0.0,0.0,False,0.0
2025-11-05,18,ECEC_G2,0.0,0.0,False,0.0
2025-11-05,18,ETCCS_CT1,260.0,0.0,True,7280.0
2025-11-05,18,ETCCS_UNIT1,140.0,0.0,True,3920.0
2025-11-05,18,AZ_AZ_G1,0.0,0.0,False,0.0
2025-11-05,18,AZ_AZ_G2,0.0,0.0,False,0.0
2025-11-05,18,AZ_AZ_G3,0.0,0.0,False,0.0
2025-11-05,18,AZ_AZ_G4,0.0,0.0,False,0.0
2025-11-05,18,FERGCC_FERGGT1,0.0,0.0,False,0.0
2025-11-05,18,FERGCC_FERGGT2,0.0,0.0,False,0.0
2025-11-05,18,FERGCC_FERGST1,83.43444619349194,120.56555380650806,True,2336.1645
2025-11-05,18,FRNYPP_GT11,0.0,0.0,False,0.0
2025-11-05,18,FRNYPP_GT12,0.0,0.0,False,0.0
2025-11-05,18,FRNYPP_GT13,0.0,0.0,False,0.0
2025-11-05,18,FRNYPP_GT21,0.0,0.0,False,0.0
2025-11-05,18,FRNYPP_GT22,0.0,0.0,False,0.0
2025-11-05,18,FRNYPP_GT23,0.0,0.0,False,0.0
2025-11-05,18,FRNYPP_ST10,0.0,0.0,False,0.0
2025-11-05,18,FRNYPP_ST20,0.0,0.0,False,0.0
2025-11-05,18,FREC_GT1,179.4,0.0,True,5023.2
2025-11-05,18,FREC_GT2,53.82,125.58000000000001,True,1506.96
2025-11-05,18,FREC_GT4,133.06699938082824,46.33300061917177,True,3725.876
2025-11-05,18,FREC_GT5,179.4,0.0,True,5023.2
2025-11-05,18,FREC_ST3,57.21,133.48999999999998,True,1601.88
2025-11-05,18,FREC_ST6,57.21,133.48999999999998,True,1601.88
2025-11-05,18,FEGC_UNIT1,0.0,0.0,False,0.0
2025-11-05,18,FRONT_EC_CT1,160.3056103614936,16.694389638506408,True,4488.5571
2025-11-05,18,FRONT_EC_CT2,177.0,0.0,True,4956.0
2025-11-05,18,FRONT_EC_ST,184.5,0.0,True,5166.0
2025-11-05,18,GRSES_UNIT1,239.0,0.0,True,8365.0
2025-11-05,18,GRSES_UNIT2,390.0,0.0,True,13650.0
2025-11-05,18,GBY_GBYGT73,72.0,0.0,True,3024.0
2025-11-05,18,GBY_GBYGT74,72.0,0.0,True,3024.0
2025-11-05,18,GBY_GBYGT81,72.0,0.0,True,3024.0
2025-11-05,18,GBY_GBYGT82,72.0,0.0,True,3024.0
2025-11-05,18,GBY_GBYGT83,72.0,0.0,True,3024.0
2025-11-05,18,GBY_GBYGT84,72.0,0.0,True,3024.0
2025-11-05,18,STEAM_ENGINE_1,0.0,0.0,False,0.0
2025-11-05,18,STEAM_ENGINE_2,0.0,0.0,False,0.0
2025-11-05,18,STEAM_ENGINE_3,0.0,0.0,False,0.0
2025-11-05,18,LGE_LGE_GT1,185.0,0.0,True,5180.0
2025-11-05,18,LGE_LGE_GT2,55.5,129.5,True,1554.0
2025-11-05,18,LGE_LGE_STG,30.0,70.0,True,840.0
2025-11-05,18,GUADG_GAS1,0.0,0.0,False,0.0
2025-11-05,18,GUADG_GAS2,0.0,0.0,False,0.0
2025-11-05,18,GUADG_GAS3,0.0,0.0,False,0.0
2025-11-05,18,GUADG_GAS4,0.0,0.0,False,0.0
2025-11-05,18,GUADG_STM5,0.0,0.0,False,0.0
2025-11-05,18,GUADG_STM6,0.0,0.0,False,0.0
2025-11-05,18,HLSES_UNIT3,395.0,0.0,True,13825.0
2025-11-05,18,HLSES_UNIT4,435.0,0.0,True,15225.0
2025-11-05,18,HLSES_UNIT5,435.0,0.0,True,15225.0
2025-11-05,18,HAYSEN_HAYSENG1,0.0,0.0,False,0.0
2025-11-05,18,HAYSEN_HAYSENG2,0.0,0.0,False,0.0
2025-11-05,18,HAYSEN_HAYSENG3,0.0,0.0,False,0.0
2025-11-05,18,HAYSEN_HAYSENG4,0.0,0.0,False,0.0
2025-11-05,18,DUKE_DUKE_GT1,176.6,0.0,True,4944.8
2025-11-05,18,DUKE_DUKE_GT2,176.6,0.0,True,4944.8
2025-11-05,18,DUKE_DUKE_ST1,59.43,138.67,True,1664.04
2025-11-05,18,JACKCNTY_CT1,59.67,139.23,True,1670.76
2025-11-05,18,JACKCNTY_CT2,59.67,139.23,True,1670.76
2025-11-05,18,JCKCNTY2_CT3,59.67,139.23,True,1670.76
2025-11-05,18,JCKCNTY2_CT4,59.67,139.23,True,1670.76
2025-11-05,18,JACKCNTY_STG,0.0,0.0,False,0.0
2025-11-05,18,JCKCNTY2_ST2,0.0,0.0,False,0.0
2025-11-05,18,TEN_CT1,0.0,0.0,False,0.0
2025-11-05,18,TEN_STG,0.0,0.0,False,0.0
2025-11-05,18,LHSES_UNIT1,0.0,0.0,False,0.0
2025-11-05,18,LHSES_UNIT2A,0.0,0.0,False,0.0
2025-11-05,18,LPCCS_CT11,0.0,0.0,False,0.0
2025-11-05,18,LPCCS_CT12,0.0,0.0,False,0.0
2025-11-05,18,LPCCS_CT21,186.0,0.0,True,5208.0
2025-11-05,18,LPCCS_CT22,76.58952289848081,109.41047710151918,True,2144.5066
2025-11-05,18,LPCCS_UNIT1,0.0,0.0,False,0.0
2025-11-05,18,LPCCS_UNIT2,0.0,0.0,False,0.0
2025-11-05,18,LARDVFTN_G4,0.0,0.0,False,0.0
2025-11-05,18,LARDVFTN_G5,0.0,0.0,False,0.0
2025-11-05,18,LEON_CRK_LCPCT1,0.0,0.0,False,0.0
2025-11-05,18,LEON_CRK_LCPCT2,0.0,0.0,False,0.0
2025-11-05,18,LEON_CRK_LCPCT3,0.0,0.0,False,0.0
2025-11-05,18,LEON_CRK_LCPCT4,0.0,0.0,False,0.0
2025-11-05,18,LIG_UNIT1,0.0,0.0,False,0.0
2025-11-05,18,LIG_UNIT2,0.0,0.0,False,0.0
2025-11-05,18,LOSTPI_LOSTPGT1,202.5,0.0,True,5670.0
2025-11-05,18,LOSTPI_LOSTPGT2,202.5,0.0,True,5670.0
2025-11-05,18,LOSTPI_LOSTPST1,204.0,0.0,True,5712.0
2025-11-05,18,NEDIN_NEDIN_G1,0.0,0.0,False,0.0
2025-11-05,18,NEDIN_NEDIN_G2,0.0,0.0,False,0.0
2025-11-05,18,NEDIN_NEDIN_G3,0.0,0.0,False,0.0
2025-11-05,18,MDANP_CT1,0.0,0.0,False,0.0
2025-11-05,18,MDANP_CT2,0.0,0.0,False,0.0
2025-11-05,18,MDANP_CT3,0.0,0.0,False,0.0
2025-11-05,18,MDANP_CT4,0.0,0.0,False,0.0
2025-11-05,18,MDANP_CT5,0.0,0.0,False,0.0
2025-11-05,18,MDANP_CT6,0.0,0.0,False,0.0
2025-11-05,18,MGSES_CT1,0.0,0.0,False,0.0
2025-11-05,18,MGSES_CT2,0.0,0.0,False,0.0
2025-11-05,18,MGSES_CT3,0.0,0.0,False,0.0
2025-11-05,18,MGSES_CT4,0.0,0.0,False,0.0
2025-11-05,18,MGSES_CT5,0.0,0.0,False,0.0
2025-11-05,18,MGSES_CT6,0.0,0.0,False,0.0
2025-11-05,18,MCSES_UNIT6,122.0,0.0,True,4270.0
2025-11-05,18,MCSES_UNIT7,118.0,0.0,True,4130.0
2025-11-05,18,MCSES_UNIT8,568.0,0.0,True,19880.0
2025-11-05,18,NUECES_B_NUECESG8,189.6,0.0,True,5308.8
2025-11-05,18,NUECES_B_NUECESG9,56.88,132.72,True,1592.64
2025-11-05,18,NUECES_B_NUECESG7,0.0,0.0,False,0.0
2025-11-05,18,CALAVERS_OWS1,0.0,0.0,False,0.0
2025-11-05,18,CALAVERS_OWS2,0.0,0.0,False,0.0
2025-11-05,18,OECCS_CT11,58.56,136.64,True,1639.68
2025-11-05,18,OECCS_CT12,56.73,132.37,True,1588.44
2025-11-05,18,OECCS_CT21,0.0,0.0,False,0.0
2025-11-05,18,OECCS_CT22,56.73,132.37,True,1588.44
2025-11-05,18,OECCS_UNIT1,67.2,156.8,True,1881.6
2025-11-05,18,OECCS_UNIT2,76.40894433569663,147.59105566430338,True,2139.4504
2025-11-05,18,VICTPRT2_UNIT1,0.0,0.0,False,0.0
2025-11-05,18,VICTPRT2_UNIT2,0.0,0.0,False,0.0
2025-11-05,18,PANDA_S_SHER1CT1,0.0,0.0,False,0.0
2025-11-05,18,PANDA_S_SHER1CT2,0.0,0.0,False,0.0
2025-11-05,18,PANDA_S_SHER1ST1,353.1,0.0,True,9886.8
2025-11-05,18,PANDA_T1_TMPL1CT1,0.0,0.0,False,0.0
2025-11-05,18,PANDA_T1_TMPL1CT2,0.0,0.0,False,0.0
2025-11-05,18,PANDA_T1_TMPL1ST1,0.0,0.0,False,0.0
2025-11-05,18,PANDA_T2_TMPL2CT1,0.0,0.0,False,0.0
2025-11-05,18,PANDA_T2_TMPL2CT2,0.0,0.0,False,0.0
2025-11-05,18,PANDA_T2_TMPL2ST1,0.0,0.0,False,0.0
2025-11-05,18,TNSKA_GT1,0.0,0.0,False,0.0
2025-11-05,18,TNSKA_GT2,0.0,0.0,False,0.0
2025-11-05,18,TNSKA_STG,0.0,0.0,False,0.0
2025-11-05,18,PSG_PSG_GT2,64.53,150.57,True,1806.84
2025-11-05,18,PSG_PSG_GT3,0.0,0.0,False,0.0
2025-11-05,18,PSG_PSG_ST2,140.39169993659797,55.10830006340201,True,3930.9676
2025-11-05,18,PEARSAL2_AGR_A,0.0,0.0,False,0.0
2025-11-05,18,PEARSAL2_AGR_B,0.0,0.0,False,0.0
2025-11-05,18,PEARSAL2_AGR_C,0.0,0.0,False,0.0
2025-11-05,18,PEARSAL2_AGR_D,0.0,0.0,False,0.0
2025-11-05,18,PB2SES_CT1,0.0,0.0,False,0.0
2025-11-05,18,PB2SES_CT2,0.0,0.0,False,0.0
2025-11-05,18,PB2SES_CT3,0.0,0.0,False,0.0
2025-11-05,18,PB2SES_CT4,0.0,0.0,False,0.0
2025-11-05,18,PB2SES_CT5,0.0,0.0,False,0.0
2025-11-05,18,PRO_UNIT1,0.0,0.0,False,0.0
2025-11-05,18,PRO_UNIT2,0.0,0.0,False,0.0
2025-11-05,18,PRO_UNIT3,0.0,0.0,False,0.0
2025-11-05,18,PRO_UNIT4,0.0,0.0,False,0.0
2025-11-05,18,PRO_UNIT5,0.0,0.0,False,0.0
2025-11-05,18,PRO_UNIT6,0.0,0.0,False,0.0
2025-11-05,18,PRO_UNIT7,0.0,0.0,False,0.0
2025-11-05,18,PRO_UNIT8,0.0,0.0,False,0.0
2025-11-05,18,BAC_CTG1,65.0,0.0,True,2730.0
2025-11-05,18,BAC_CTG2,65.0,0.0,True,2730.0
2025-11-05,18,BAC_CTG3,65.0,0.0,True,2730.0
2025-11-05,18,BAC_CTG4,65.0,0.0,True,2730.0
2025-11-05,18,BAC_CTG5,65.0,0.0,True,2730.0
2025-11-05,18,BAC_CTG6,65.0,0.0,True,2730.0
2025-11-05,18,STEAM1A_STEAM_1,0.0,0.0,False,0.0
2025-11-05,18,STEAM_STEAM_2,0.0,0.0,False,0.0
2025-11-05,18,STEAM_STEAM_3,0.0,0.0,False,0.0
2025-11-05,18,QALSW_GT1,90.6,0.0,True,2536.8
2025-11-05,18,QALSW_GT2,90.6,0.0,True,2536.8
2025-11-05,18,QALSW_GT3,90.6,0.0,True,2536.8
2025-11-05,18,QALSW_GT4,90.6,0.0,True,2536.8
2025-11-05,18,QALSW_STG1,98.1,0.0,True,2746.8
2025-11-05,18,QALSW_STG2,98.1,0.0,True,2746.8
2025-11-05,18,MIL_MILLERG4,116.0,0.0,True,4872.0
2025-11-05,18,MIL_MILLERG5,116.0,0.0,True,4872.0
2025-11-05,18,MIL_MILLERG1,75.0,0.0,True,2625.0
2025-11-05,18,MIL_MILLERG2,120.0,0.0,True,4200.0
2025-11-05,18,MIL_MILLERG3,216.0,0.0,True,7560.0
2025-11-05,18,OLINGR_OLING_4,0.0,0.0,False,0.0
2025-11-05,18,OLINGR_OLING_2,0.0,0.0,False,0.0
2025-11-05,18,OLINGR_OLING_3,0.0,0.0,False,0.0
2025-11-05,18,RAB_UNIT1,0.0,0.0,False,0.0
2025-11-05,18,RAB_UNIT2,0.0,0.0,False,0.0
2025-11-05,18,RAB_UNIT3,0.0,0.0,False,0.0
2025-11-05,18,RAB_UNIT4,0.0,0.0,False,0.0
2025-11-05,18,RAB_UNIT5,0.0,0.0,False,0.0
2025-11-05,18,RAB_UNIT6,0.0,0.0,False,0.0
2025-11-05,18,RAB_UNIT7,0.0,0.0,False,0.0
2025-11-05,18,RAB_UNIT8,0.0,0.0,False,0.0
2025-11-05,18,REDGATE_AGR_A,0.0,0.0,False,0.0
2025-11-05,18,REDGATE_AGR_B,0.0,0.0,False,0.0
2025-11-05,18,REDGATE_AGR_C,0.0,0.0,False,0.0
2025-11-05,18,REDGATE_AGR_D,0.0,0.0,False,0.0
2025-11-05,18,JAD_UNIT1,0.0,0.0,False,0.0
2025-11-05,18,JAD_UNIT2,0.0,0.0,False,0.0
2025-11-05,18,JAD_UNIT3,0.0,0.0,False,0.0
2025-11-05,18,JAD_UNIT4,0.0,0.0,False,0.0
2025-11-05,18,JAD_UNIT5,0.0,0.0,False,0.0
2025-11-05,18,JAD_UNIT6,0.0,0.0,False,0.0
2025-11-05,18,JAD_UNIT7,0.0,0.0,False,0.0
2025-11-05,18,JAD_UNIT8,0.0,0.0,False,0.0
2025-11-05,18,RIONOG_CT1,0.0,0.0,False,0.0
2025-11-05,18,RIONOG_CT2,0.0,0.0,False,0.0
2025-11-05,18,RIONOG_CT3,0.0,0.0,False,0.0
2025-11-05,18,RIONOG_ST1,0.0,0.0,False,0.0
2025-11-05,18,RAYBURN_RAYBURG7,18.15,42.35,True,508.2
2025-11-05,18,RAYBURN_RAYBURG8,18.15,42.35,True,508.2
2025-11-05,18,RAYBURN_RAYBURG9,36.79560605466846,23.70439394533154,True,1030.277
2025-11-05,18,RAYBURN_RAYBURG10,12.6,29.4,True,352.8
2025-11-05,18,SJS_SJS_G1,88.19999999999999,1.4210854715202004e-14,True,3704.4
2025-11-05,18,SJS_SJS_G2,88.19999999999999,1.4210854715202004e-14,True,3704.4
2025-11-05,18,SANDHSYD_SH1,0.0,0.0,False,0.0
2025-11-05,18,SANDHSYD_SH2,0.0,0.0,False,0.0
2025-11-05,18,SANDHSYD_SH3,0.0,0.0,False,0.0
2025-11-05,18,SANDHSYD_SH4,0.0,0.0,False,0.0
2025-11-05,18,SANDHSYD_SH_5A,196.16254687119647,2.737453128803537,True,5492.5513
2025-11-05,18,SANDHSYD_SH6,0.0,0.0,False,0.0
2025-11-05,18,SANDHSYD_SH7,0.0,0.0,False,0.0
2025-11-05,18,SANDHSYD_SH_5C,191.0,0.0,True,5348.0
2025-11-05,18,SILASRAY_SILAS_10,0.0,0.0,False,0.0
2025-11-05,18,SILASRAY_SILAS_9,50.0,0.0,True,1400.0
2025-11-05,18,SILASRAY_SILAS_6,25.0,0.0,True,700.0
2025-11-05,18,GIDEON_GIDEONG1,0.0,0.0,False,0.0
2025-11-05,18,GIDEON_GIDEONG2,0.0,0.0,False,0.0
2025-11-05,18,GIDEON_GIDEONG3,0.0,0.0,False,0.0
2025-11-05,18,SKY1_SKY1A,0.0,0.0,False,0.0
2025-11-05,18,SKY1_SKY1B,0.0,0.0,False,0.0
2025-11-05,18,SPNCER_SPNCE_4,61.0,0.0,True,2135.0
2025-11-05,18,SPNCER_SPNCE_5,65.0,0.0,True,2275.0
2025-11-05,18,SCSES_UNIT1A,177.0,0.0,True,6195.0
2025-11-05,18,SCSES_UNIT2,419.74428431703245,82.25571568296755,True,14691.05
2025-11-05,18,THW_THWGT_1,16.3,0.0,True,684.6
2025-11-05,18,THW_THWGT31,51.3,0.0,True,1436.4
2025-11-05,18,THW_THWGT32,51.3,0.0,True,1436.4
2025-11-05,18,THW_THWGT33,51.3,0.0,True,1436.4
2025-11-05,18,THW_THWGT34,51.3,0.0,True,1436.4
2025-11-05,18,THW_THWGT41,51.3,0.0,True,1436.4
2025-11-05,18,THW_THWGT42,51.3,0.0,True,1436.4
2025-11-05,18,THW_THWGT43,62.0,0.0,True,1736.0
2025-11-05,18,THW_THWGT44,62.0,0.0,True,1736.0
2025-11-05,18,THW_THWGT51,85.0,0.0,True,3570.0
2025-11-05,18,THW_THWGT52,85.0,0.0,True,3570.0
2025-11-05,18,THW_THWGT53,85.0,0.0,True,3570.0
2025-11-05,18,THW_THWGT54,85.0,0.0,True,3570.0
2025-11-05,18,THW_THWGT55,85.0,0.0,True,3570.0
2025-11-05,18,THW_THWGT56,85.0,0.0,True,3570.0
2025-11-05,18,THW_THWST_3,113.1,0.0,True,3166.8
2025-11-05,18,THW_THWST_4,113.1,0.0,True,3166.8
2025-11-05,18,TXCTY_CTA,129.1,0.0,True,3614.8
2025-11-05,18,TXCTY_CTB,129.1,0.0,True,3614.8
2025-11-05,18,TXCTY_CTC,129.1,0.0,True,3614.8
2025-11-05,18,TXCTY_ST,143.7,0.0,True,4023.6
2025-11-05,18,TGS_GT01,0.0,0.0,False,0.0
2025-11-05,18,TIMPP_AGR1,0.0,0.0,False,0.0
2025-11-05,18,TIMPP_AGR2,0.0,0.0,False,0.0
2025-11-05,18,TIMPP_AGR3,0.0,0.0,False,0.0
2025-11-05,18,TIMPP_AGR4,0.0,0.0,False,0.0
2025-11-05,18,TRSES_UNIT6,239.0,0.0,True,8365.0
2025-11-05,18,TOPAZ_UNIT1,60.5,0.0,True,2541.0
2025-11-05,18,TOPAZ_UNIT2,60.5,0.0,True,2541.0
2025-11-05,18,TOPAZ_UNIT3,60.5,0.0,True,2541.0
2025-11-05,18,TOPAZ_UNIT4,60.5,0.0,True,2541.0
2025-11-05,18,TOPAZ_UNIT5,60.5,0.0,True,2541.0
2025-11-05,18,TOPAZ_UNIT6,60.5,0.0,True,2541.0
2025-11-05,18,TOPAZ_UNIT7,60.5,0.0,True,2541.0
2025-11-05,18,TOPAZ_UNIT8,60.5,0.0,True,2541.0
2025-11-05,18,TOPAZ_UNIT9,60.5,0.0,True,2541.0
2025-11-05,18,TOPAZ_UNIT10,60.5,0.0,True,2541.0
2025-11-05,18,BRAUNIG_VHB6CT5,0.0,0.0,False,0.0
2025-11-05,18,BRAUNIG_VHB6CT6,0.0,0.0,False,0.0
2025-11-05,18,BRAUNIG_VHB6CT7,0.0,0.0,False,0.0
2025-11-05,18,BRAUNIG_VHB6CT8,0.0,0.0,False,0.0
2025-11-05,18,CITYVICT_CTG01,0.0,0.0,False,0.0
2025-11-05,18,CITYVICT_CTG02,0.0,0.0,False,0.0
2025-11-05,18,VICTPORT_CTG01,0.0,0.0,False,0.0
2025-11-05,18,VICTPORT_CTG02,0.0,0.0,False,0.0
2025-11-05,18,VICTORIA_VICTORG6,196.9,0.0,True,5513.2
2025-11-05,18,VICTORIA_VICTORG5,139.21938272907406,40.98061727092593,True,3898.1427
2025-11-05,18,WAP_WAPGT_1,0.0,0.0,False,0.0
2025-11-05,18,WAP_WAP_G1,0.0,0.0,False,0.0
2025-11-05,18,WAP_WAP_G2,0.0,0.0,False,0.0
2025-11-05,18,WAP_WAP_G3,0.0,0.0,False,0.0
2025-11-05,18,WAP_WAP_G4,0.0,0.0,False,0.0
2025-11-05,18,WFCOGEN_UNIT1,20.0,0.0,True,560.0
2025-11-05,18,WFCOGEN_UNIT2,20.0,0.0,True,560.0
2025-11-05,18,WFCOGEN_UNIT3,20.0,0.0,True,560.0
2025-11-05,18,WIPOPA_WPP_G1,6.05,54.45,True,254.1
2025-11-05,18,WIPOPA_WPP_G2,60.5,0.0,True,2541.0
2025-11-05,18,WIPOPA_WPP_G3,6.05,54.45,True,254.1
2025-11-05,18,WIPOPA_WPP_G4,33.195427290295385,27.304572709704615,True,1394.2079
2025-11-05,18,WCPP_CT1,0.0,0.0,False,0.0
2025-11-05,18,WCPP_CT2,0.0,0.0,False,0.0
2025-11-05,18,WCPP_ST1,0.0,0.0,False,0.0
2025-11-05,18,WHCCS_CT1,0.0,0.0,False,0.0
2025-11-05,18,WHCCS_CT2,0.0,0.0,False,0.0
2025-11-05,18,WHCCS_STG,0.0,0.0,False,0.0
2025-11-05,18,WHCCS2_CT4,0.0,0.0,False,0.0
2025-11-05,18,WHCCS2_CT5,0.0,0.0,False,0.0
2025-11-05,18,WHCCS2_STG6,0.0,0.0,False,0.0
2025-11-05,18,NACPW_UNIT1,0.0,0.0,False,0.0
2025-11-05,18,HBR_2UNITS,3.2,0.0,True,128.0
2025-11-05,18,TRIRA_1UNIT,4.0,0.0,True,160.0
2025-11-05,18,78252_4UNITS,0.0,0.0,False,0.0
2025-11-05,18,SPRIN_4UNITS,0.0,0.0,False,0.0
2025-11-05,18,FREIH_2UNITS,0.0,0.0,False,0.0
2025-11-05,18,WSTHL_3UNITS,4.8,0.0,True,192.0
2025-11-05,18,FEGC_CTG2,0.0,0.0,False,0.0
2025-11-05,18,FEGC_CTG3,0.0,0.0,False,0.0
2025-11-05,18,FEGC_CTG4,0.0,0.0,False,0.0
2025-11-05,18,OLNEYTN_AGR1,10.0,0.0,True,600.0
2025-11-05,18,AMISTAD_AMISTAG1,0.0,0.0,False,0.0
2025-11-05,18,AMISTAD_AMISTAG2,0.0,0.0,False,0.0
2025-11-05,18,AUSTPL_AUSTING1,9.0,0.0,True,9.0
2025-11-05,18,AUSTPL_AUSTING2,9.0,0.0,True,9.0
2025-11-05,18,BUCHAN_BUCHANG1,18.299999999999997,3.552713678800501e-15,True,18.3
2025-11-05,18,BUCHAN_BUCHANG2,18.299999999999997,3.552713678800501e-15,True,18.3
2025-11-05,18,BUCHAN_BUCHANG3,18.299999999999997,3.552713678800501e-15,True,18.3
2025-11-05,18,DNDAM_DENISOG1,50.8,0.0,True,50.8
2025-11-05,18,DNDAM_DENISOG2,50.8,0.0,True,50.8
2025-11-05,18,FALCON_FALCONG1,12.0,0.0,True,12.0
2025-11-05,18,FALCON_FALCONG2,12.0,0.0,True,12.0
2025-11-05,18,FALCON_FALCONG3,12.0,0.0,True,12.0
2025-11-05,18,WIRTZ_WIRTZ_G1,29.0,0.0,True,29.0
2025-11-05,18,WIRTZ_WIRTZ_G2,29.0,0.0,True,29.0
2025-11-05,18,CANYHY_CANYHYG1,6.0,0.0,True,6.0
2025-11-05,18,INKSDA_INKS_G1,15.0,0.0,True,15.0
2025-11-05,18,MARBFA_MARBFAG1,21.0,0.0,True,21.0
2025-11-05,18,MARBFA_MARBFAG2,20.0,0.0,True,20.0
2025-11-05,18,MARSFO_MARSFOG1,36.0,0.0,True,36.0
2025-11-05,18,MARSFO_MARSFOG2,36.0,0.0,True,36.0
2025-11-05,18,MARSFO_MARSFOG3,36.0,0.0,True,36.0
2025-11-05,18,WND_WHITNEY1,0.0,0.0,False,0.0
2025-11-05,18,WND_WHITNEY2,0.0,0.0,False,0.0
2025-11-05,18,AEEC_ANTLP_1,0.0,0.0,False,0.0
2025-11-05,18,AEEC_ANTLP_2,0.0,0.0,False,0.0
2025-11-05,18,AEEC_ANTLP_3,0.0,0.0,False,0.0
2025-11-05,18,AEEC_ELK_1,0.0,0.0,False,0.0
2025-11-05,18,AEEC_ELK_2,0.0,0.0,False,0.0
2025-11-05,18,AEEC_ELK_3,0.0,0.0,False,0.0
2025-11-05,18,FTR_FTR_G1,0.0,0.0,False,0.0
2025-11-05,18,FTR_FTR_G2,0.0,0.0,False,0.0
2025-11-05,18,FTR_FTR_G3,0.0,0.0,False,0.0
2025-11-05,18,FTR_FTR_G4,0.0,0.0,False,0.0
2025-11-05,18,TGCCS_CT1,0.0,0.0,False,0.0
2025-11-05,18,TGCCS_CT2,0.0,0.0,False,0.0
2025-11-05,18,TGCCS_CT3,0.0,0.0,False,0.0
2025-11-05,18,TGCCS_UNIT4,120.0,280.0,True,3360.0
2025-11-05,18,KMCHI_1CT101,55.5,129.5,True,1554.0
2025-11-05,18,KMCHI_1CT201,55.5,129.5,True,1554.0
2025-11-05,18,KMCHI_1ST,330.0,0.0,True,9240.0
2025-11-05,18,KMCHI_2CT101,185.0,0.0,True,5180.0
2025-11-05,18,KMCHI_2CT201,55.5,129.5,True,1554.0
2025-11-05,18,KMCHI_2ST,330.0,0.0,True,9240.0
2025-11-05,18,A4_DGR1,0.0,0.0,False,0.0
2025-11-05,18,A4_DGR2,0.0,0.0,False,0.0
2025-11-05,18,K2_DGR1,0.0,0.0,False,0.0
2025-11-05,18,K2_DGR2,0.0,0.0,False,0.0
2025-11-05,18,P2_DGR1,0.0,0.0,False,0.0
2025-11-05,18,P2_DGR2,0.0,0.0,False,0.0
2025-11-05,18,Q1_DGR1,0.0,0.0,False,0.0
2025-11-05,18,BRAUNIG_VHB3,0.0,0.0,False,0.0
2025-11-05,18,V2_DGR1,0.0,0.0,False,0.0
2025-11-05,18,V2_DGR2,0.0,0.0,False,0.0
2025-11-05,18,V2_DGR3,0.0,0.0,False,0.0
2025-11-05,18,V4_DGR1,0.0,0.0,False,0.0
2025-11-05,18,X1_DGR1,0.0,0.0,False,0.0
2025-11-05,18,Z0_DGR1,0.0,0.0,False,0.0
2025-11-05,18,Z0_DGR2,0.0,0.0,False,0.0
2025-11-05,18,Z5_DGR1,0.0,0.0,False,0.0
2025-11-05,18,DC_E,437.9058039683549,162.09419603164508,True,15326.7031
2025-11-05,18,DC_N,204.7751917798874,15.224808220112607,True,7167.1317
2025-11-05,18,DC_L,0.0,0.0,False,0.0
2025-11-05,18,DC_R,0.0,0.0,False,0.0
2025-11-05,18,CEDARVALE_GAS,0.0,0.0,False,0.0
2025-11-05,18,ENCHANTED_ROCK_NEWPP,30.0,0.0,True,1350.0
2025-11-05,19,CPSES_UNIT1,1269.0,0.0,True,10152.0
2025-11-05,19,CPSES_UNIT2,1269.0,0.0,True,10152.0
2025-11-05,19,STP_STP_G1,1365.0,0.0,True,10920.0
2025-11-05,19,STP_STP_G2,1365.0,0.0,True,10920.0
2025-11-05,19,COLETO_COLETOG1,655.0,0.0,True,16375.0
2025-11-05,19,FPPYD1_FPP_G1,615.0,0.0,True,15375.0
2025-11-05,19,FPPYD1_FPP_G2,615.0,0.0,True,15375.0
2025-11-05,19,FPPYD2_FPP_G3,460.0,0.0,True,11500.0
2025-11-05,19,CALAVERS_JKS1,0.0,0.0,False,0.0
2025-11-05,19,CALAVERS_JKS2,660.7017435981722,261.2982564018278,True,16517.5436
2025-11-05,19,LEG_LEG_G1,0.0,0.0,False,0.0
2025-11-05,19,LEG_LEG_G2,0.0,0.0,False,0.0
2025-11-05,19,MLSES_UNIT1,0.0,0.0,False,0.0
2025-11-05,19,MLSES_UNIT2,0.0,0.0,False,0.0
2025-11-05,19,MLSES_UNIT3,0.0,0.0,False,0.0
2025-11-05,19,OGSES_UNIT1A,0.0,0.0,False,0.0
2025-11-05,19,OGSES_UNIT2,0.0,0.0,False,0.0
2025-11-05,19,SANMIGL_G1,430.0,0.0,True,10750.0
2025-11-05,19,SCES_UNIT1,0.0,0.0,False,0.0
2025-11-05,19,TNP_ONE_TNP_O_1,0.0,0.0,False,0.0
2025-11-05,19,TNP_ONE_TNP_O_2,0.0,0.0,False,0.0
2025-11-05,19,WAP_WAP_G5,0.0,0.0,False,0.0
2025-11-05,19,WAP_WAP_G6,0.0,0.0,False,0.0
2025-11-05,19,WAP_WAP_G7,245.84,368.76,True,6146.0
2025-11-05,19,WAP_WAP_G8,456.6776200984444,197.32237990155562,True,11416.9405
2025-11-05,19,BRAUNIG_AVR1_CT1,0.0,0.0,False,0.0
2025-11-05,19,BRAUNIG_AVR1_CT2,0.0,0.0,False,0.0
2025-11-05,19,BRAUNIG_AVR1_ST,0.0,0.0,False,0.0
2025-11-05,19,ATKINS_ATKINSG7,0.0,0.0,False,0.0
2025-11-05,19,B_DAVIS_B_DAVIG3,189.6,0.0,True,5308.8
2025-11-05,19,B_DAVIS_B_DAVIG4,97.13850214956554,92.46149785043445,True,2719.8781
2025-11-05,19,B_DAVIS_B_DAVIG1,0.0,0.0,False,0.0
2025-11-05,19,B_DAVIS_B_DAVIG2,105.3,245.7,True,2948.4
2025-11-05,19,BASTEN_GTG1100,0.0,0.0,False,0.0
2025-11-05,19,BASTEN_GTG2100,0.0,0.0,False,0.0
2025-11-05,19,BASTEN_ST0100,0.0,0.0,False,0.0
2025-11-05,19,BCH_UNIT1,60.5,0.0,True,2541.0
2025-11-05,19,BCH_UNIT2,60.5,0.0,True,2541.0
2025-11-05,19,BCH_UNIT3,60.5,0.0,True,2541.0
2025-11-05,19,BCH_UNIT4,60.5,0.0,True,2541.0
2025-11-05,19,BCH_UNIT5,60.5,0.0,True,2541.0
2025-11-05,19,BCH_UNIT6,60.5,0.0,True,2541.0
2025-11-05,19,BCH_UNIT7,60.5,0.0,True,2541.0
2025-11-05,19,BCH_UNIT8,60.5,0.0,True,2541.0
2025-11-05,19,BOSQUESW_BSQSU_1,0.0,0.0,False,0.0
2025-11-05,19,BOSQUESW_BSQSU_2,0.0,0.0,False,0.0
2025-11-05,19,BOSQUESW_BSQSU_3,0.0,0.0,False,0.0
2025-11-05,19,BOSQUESW_BSQSU_4,0.0,0.0,False,0.0
2025-11-05,19,BOSQUESW_BSQSU_5,0.0,0.0,False,0.0
2025-11-05,19,BVE_UNIT1,198.90000000000003,-2.842170943040401e-14,True,5569.2
2025-11-05,19,BVE_UNIT2,198.90000000000003,-2.842170943040401e-14,True,5569.2
2025-11-05,19,BVE_UNIT3,275.6,0.0,True,7716.8
2025-11-05,19,BTM_UNIT1,60.5,0.0,True,2541.0
2025-11-05,19,BTM_UNIT2,60.5,0.0,True,2541.0
2025-11-05,19,BTM_UNIT3,60.5,0.0,True,2541.0
2025-11-05,19,BTM_UNIT4,60.5,0.0,True,2541.0
2025-11-05,19,BTM_UNIT5,60.5,0.0,True,2541.0
2025-11-05,19,BTM_UNIT6,60.5,0.0,True,2541.0
2025-11-05,19,BTM_UNIT7,60.5,0.0,True,2541.0
2025-11-05,19,BTM_UNIT8,60.5,0.0,True,2541.0
2025-11-05,19,FLCNS_UNIT1,0.0,0.0,False,0.0
2025-11-05,19,FLCNS_UNIT2,0.0,0.0,False,0.0
2025-11-05,19,CALHOUN_UNIT1,0.0,0.0,False,0.0
2025-11-05,19,CALHOUN_UNIT2,0.0,0.0,False,0.0
2025-11-05,19,CHAMON_CTG_0101,60.5,0.0,True,2541.0
2025-11-05,19,CHAMON_CTG_0301,60.5,0.0,True,2541.0
2025-11-05,19,CBY4_CT41,205.0,0.0,True,5740.0
2025-11-05,19,CBY4_CT42,205.0,0.0,True,5740.0
2025-11-05,19,CBY4_ST04,205.0,0.0,True,5740.0
2025-11-05,19,CBY_CBY_G1,765.0,0.0,True,26775.0
2025-11-05,19,CBY_CBY_G2,765.0,0.0,True,26775.0
2025-11-05,19,CBEC_GT1,86.5,0.0,True,2422.0
2025-11-05,19,CBEC_GT2,86.5,0.0,True,2422.0
2025-11-05,19,CBEC_GT3,86.5,0.0,True,2422.0
2025-11-05,19,CBEC_GT4,86.5,0.0,True,2422.0
2025-11-05,19,CBEC_STG1,105.0,0.0,True,2940.0
2025-11-05,19,CBEC_STG2,108.79999999999997,2.842170943040401e-14,True,3046.4
2025-11-05,19,CBECII_CT7,360.9,0.0,True,10105.2
2025-11-05,19,CBECII_CT8,360.9,0.0,True,10105.2
2025-11-05,19,CBECII_STG9,326.74077720590884,181.75922279409116,True,9148.7418
2025-11-05,19,CBEC_GT11,41.7,0.0,True,1751.4
2025-11-05,19,CBEC_GT12,8.134855534369661,33.56514446563034,True,341.6639
2025-11-05,19,CVC_CVC_G1,192.1,0.0,True,5378.8
2025-11-05,19,CVC_CVC_G2,192.1,0.0,True,5378.8
2025-11-05,19,CVC_CVC_G3,192.1,0.0,True,5378.8
2025-11-05,19,CVC_CVC_G5,150.0,0.0,True,4200.0
2025-11-05,19,DANSBY_DANSBYG2,0.0,0.0,False,0.0
2025-11-05,19,DANSBY_DANSBYG3,0.0,0.0,False,0.0
2025-11-05,19,DANSBY_DANSBYG1,0.0,0.0,False,0.0
2025-11-05,19,DECKER_DPGT_1,0.0,0.0,False,0.0
2025-11-05,19,DECKER_DPGT_2,0.0,0.0,False,0.0
2025-11-05,19,DECKER_DPGT_3,0.0,0.0,False,0.0
2025-11-05,19,DECKER_DPGT_4,0.0,0.0,False,0.0
2025-11-05,19,DCSES_CT10,0.0,0.0,False,0.0
2025-11-05,19,DCSES_CT20,0.0,0.0,False,0.0
2025-11-05,19,DCSES_CT30,0.0,0.0,False,0.0
2025-11-05,19,DCSES_CT40,0.0,0.0,False,0.0
2025-11-05,19,DDPEC_GT1,0.0,0.0,False,0.0
2025-11-05,19,DDPEC_GT2,64.5,150.5,True,1806.0
2025-11-05,19,DDPEC_GT3,60.9,142.1,True,1705.2
2025-11-05,19,DDPEC_GT4,0.0,0.0,False,0.0
2025-11-05,19,DDPEC_GT6,59.7,139.3,True,1671.6
2025-11-05,19,DDPEC_ST1,87.0,203.0,True,2436.0
2025-11-05,19,DEC_AGR_A,56.5,0.0,True,2542.5
2025-11-05,19,DEC_AGR_B,56.5,0.0,True,2542.5
2025-11-05,19,DEC_AGR_C,56.5,0.0,True,2542.5
2025-11-05,19,DEC_AGR_D,56.5,0.0,True,2542.5
2025-11-05,19,ECEC_G1,0.0,0.0,False,0.0
2025-11-05,19,ECEC_G2,0.0,0.0,False,0.0
2025-11-05,19,ETCCS_CT1,260.0,0.0,True,7280.0
2025-11-05,19,ETCCS_UNIT1,140.0,0.0,True,3920.0
2025-11-05,19,AZ_AZ_G1,0.0,0.0,False,0.0
2025-11-05,19,AZ_AZ_G2,0.0,0.0,False,0.0
2025-11-05,19,AZ_AZ_G3,0.0,0.0,False,0.0
2025-11-05,19,AZ_AZ_G4,0.0,0.0,False,0.0
2025-11-05,19,FERGCC_FERGGT1,0.0,0.0,False,0.0
2025-11-05,19,FERGCC_FERGGT2,0.0,0.0,False,0.0
2025-11-05,19,FERGCC_FERGST1,83.43444619344393,120.56555380655607,True,2336.1645
2025-11-05,19,FRNYPP_GT11,0.0,0.0,False,0.0
2025-11-05,19,FRNYPP_GT12,0.0,0.0,False,0.0
2025-11-05,19,FRNYPP_GT13,0.0,0.0,False,0.0
2025-11-05,19,FRNYPP_GT21,0.0,0.0,False,0.0
2025-11-05,19,FRNYPP_GT22,0.0,0.0,False,0.0
2025-11-05,19,FRNYPP_GT23,0.0,0.0,False,0.0
2025-11-05,19,FRNYPP_ST10,0.0,0.0,False,0.0
2025-11-05,19,FRNYPP_ST20,0.0,0.0,False,0.0
2025-11-05,19,FREC_GT1,179.4,0.0,True,5023.2
2025-11-05,19,FREC_GT2,53.82,125.58000000000001,True,1506.96
2025-11-05,19,FREC_GT4,133.06699938083722,46.33300061916279,True,3725.876
2025-11-05,19,FREC_GT5,179.4,0.0,True,5023.2
2025-11-05,19,FREC_ST3,57.21,133.48999999999998,True,1601.88
2025-11-05,19,FREC_ST6,57.21,133.48999999999998,True,1601.88
2025-11-05,19,FEGC_UNIT1,0.0,0.0,False,0.0
2025-11-05,19,FRONT_EC_CT1,160.30561036149393,16.694389638506067,True,4488.5571
2025-11-05,19,FRONT_EC_CT2,177.0,0.0,True,4956.0
2025-11-05,19,FRONT_EC_ST,184.5,0.0,True,5166.0
2025-11-05,19,GRSES_UNIT1,239.0,0.0,True,8365.0
2025-11-05,19,GRSES_UNIT2,390.0,0.0,True,13650.0
2025-11-05,19,GBY_GBYGT73,72.0,0.0,True,3024.0
2025-11-05,19,GBY_GBYGT74,72.0,0.0,True,3024.0
2025-11-05,19,GBY_GBYGT81,72.0,0.0,True,3024.0
2025-11-05,19,GBY_GBYGT82,72.0,0.0,True,3024.0
2025-11-05,19,GBY_GBYGT83,72.0,0.0,True,3024.0
2025-11-05,19,GBY_GBYGT84,72.0,0.0,True,3024.0
2025-11-05,19,STEAM_ENGINE_1,0.0,0.0,False,0.0
2025-11-05,19,STEAM_ENGINE_2,0.0,0.0,False,0.0
2025-11-05,19,STEAM_ENGINE_3,0.0,0.0,False,0.0
2025-11-05,19,LGE_LGE_GT1,55.5,129.5,True,1554.0
2025-11-05,19,LGE_LGE_GT2,185.0,0.0,True,5180.0
2025-11-05,19,LGE_LGE_STG,30.0,70.0,True,840.0
2025-11-05,19,GUADG_GAS1,0.0,0.0,False,0.0
2025-11-05,19,GUADG_GAS2,0.0,0.0,False,0.0
2025-11-05,19,GUADG_GAS3,0.0,0.0,False,0.0
2025-11-05,19,GUADG_GAS4,0.0,0.0,False,0.0
2025-11-05,19,GUADG_STM5,0.0,0.0,False,0.0
2025-11-05,19,GUADG_STM6,0.0,0.0,False,0.0
2025-11-05,19,HLSES_UNIT3,395.0,0.0,True,13825.0
2025-11-05,19,HLSES_UNIT4,435.0,0.0,True,15225.0
2025-11-05,19,HLSES_UNIT5,435.0,0.0,True,15225.0
2025-11-05,19,HAYSEN_HAYSENG1,0.0,0.0,False,0.0
2025-11-05,19,HAYSEN_HAYSENG2,0.0,0.0,False,0.0
2025-11-05,19,HAYSEN_HAYSENG3,0.0,0.0,False,0.0
2025-11-05,19,HAYSEN_HAYSENG4,0.0,0.0,False,0.0
2025-11-05,19,DUKE_DUKE_GT1,176.6,0.0,True,4944.8
2025-11-05,19,DUKE_DUKE_GT2,176.6,0.0,True,4944.8
2025-11-05,19,DUKE_DUKE_ST1,59.43,138.67,True,1664.04
2025-11-05,19,JACKCNTY_CT1,59.67,139.23,True,1670.76
2025-11-05,19,JACKCNTY_CT2,59.67,139.23,True,1670.76
2025-11-05,19,JCKCNTY2_CT3,59.67,139.23,True,1670.76
2025-11-05,19,JCKCNTY2_CT4,59.67,139.23,True,1670.76
2025-11-05,19,JACKCNTY_STG,0.0,0.0,False,0.0
2025-11-05,19,JCKCNTY2_ST2,0.0,0.0,False,0.0
2025-11-05,19,TEN_CT1,0.0,0.0,False,0.0
2025-11-05,19,TEN_STG,0.0,0.0,False,0.0
2025-11-05,19,LHSES_UNIT1,0.0,0.0,False,0.0
2025-11-05,19,LHSES_UNIT2A,0.0,0.0,False,0.0
2025-11-05,19,LPCCS_CT11,0.0,0.0,False,0.0
2025-11-05,19,LPCCS_CT12,0.0,0.0,False,0.0
2025-11-05,19,LPCCS_CT21,55.8,130.2,True,1562.4
2025-11-05,19,LPCCS_CT22,141.98952289847836,44.010477101521644,True,3975.7066
2025-11-05,19,LPCCS_UNIT1,0.0,0.0,False,0.0
2025-11-05,19,LPCCS_UNIT2,64.8,0.0,True,1814.4
2025-11-05,19,LARDVFTN_G4,0.0,0.0,False,0.0
2025-11-05,19,LARDVFTN_G5,0.0,0.0,False,0.0
2025-11-05,19,LEON_CRK_LCPCT1,0.0,0.0,False,0.0
2025-11-05,19,LEON_CRK_LCPCT2,0.0,0.0,False,0.0
2025-11-05,19,LEON_CRK_LCPCT3,0.0,0.0,False,0.0
2025-11-05,19,LEON_CRK_LCPCT4,0.0,0.0,False,0.0
2025-11-05,19,LIG_UNIT1,0.0,0.0,False,0.0
2025-11-05,19,LIG_UNIT2,0.0,0.0,False,0.0
2025-11-05,19,LOSTPI_LOSTPGT1,202.5,0.0,True,5670.0
2025-11-05,19,LOSTPI_LOSTPGT2,202.5,0.0,True,5670.0
2025-11-05,19,LOSTPI_LOSTPST1,204.0,0.0,True,5712.0
2025-11-05,19,NEDIN_NEDIN_G1,0.0,0.0,False,0.0
2025-11-05,19,NEDIN_NEDIN_G2,0.0,0.0,False,0.0
2025-11-05,19,NEDIN_NEDIN_G3,0.0,0.0,False,0.0
2025-11-05,19,MDANP_CT1,0.0,0.0,False,0.0
2025-11-05,19,MDANP_CT2,0.0,0.0,False,0.0
2025-11-05,19,MDANP_CT3,0.0,0.0,False,0.0
2025-11-05,19,MDANP_CT4,0.0,0.0,False,0.0
2025-11-05,19,MDANP_CT5,0.0,0.0,False,0.0
2025-11-05,19,MDANP_CT6,0.0,0.0,False,0.0
2025-11-05,19,MGSES_CT1,0.0,0.0,False,0.0
2025-11-05,19,MGSES_CT2,0.0,0.0,False,0.0
2025-11-05,19,MGSES_CT3,0.0,0.0,False,0.0
2025-11-05,19,MGSES_CT4,0.0,0.0,False,0.0
2025-11-05,19,MGSES_CT5,0.0,0.0,False,0.0
2025-11-05,19,MGSES_CT6,0.0,0.0,False,0.0
2025-11-05,19,MCSES_UNIT6,122.0,0.0,True,4270.0
2025-11-05,19,MCSES_UNIT7,118.0,0.0,True,4130.0
2025-11-05,19,MCSES_UNIT8,568.0,0.0,True,19880.0
2025-11-05,19,NUECES_B_NUECESG8,56.88,132.72,True,1592.64
2025-11-05,19,NUECES_B_NUECESG9,56.88,132.72,True,1592.64
2025-11-05,19,NUECES_B_NUECESG7,0.0,0.0,False,0.0
2025-11-05,19,CALAVERS_OWS1,0.0,0.0,False,0.0
2025-11-05,19,CALAVERS_OWS2,0.0,0.0,False,0.0
2025-11-05,19,OECCS_CT11,58.56,136.64,True,1639.68
2025-11-05,19,OECCS_CT12,56.73,132.37,True,1588.44
2025-11-05,19,OECCS_CT21,0.0,0.0,False,0.0
2025-11-05,19,OECCS_CT22,56.73,132.37,True,1588.44
2025-11-05,19,OECCS_UNIT1,67.2,156.8,True,1881.6
2025-11-05,19,OECCS_UNIT2,76.40894433575768,147.59105566424233,True,2139.4504
2025-11-05,19,VICTPRT2_UNIT1,0.0,0.0,False,0.0
2025-11-05,19,VICTPRT2_UNIT2,0.0,0.0,False,0.0
2025-11-05,19,PANDA_S_SHER1CT1,0.0,0.0,False,0.0
2025-11-05,19,PANDA_S_SHER1CT2,0.0,0.0,False,0.0
2025-11-05,19,PANDA_S_SHER1ST1,353.1,0.0,True,9886.8
2025-11-05,19,PANDA_T1_TMPL1CT1,0.0,0.0,False,0.0
2025-11-05,19,PANDA_T1_TMPL1CT2,0.0,0.0,False,0.0
2025-11-05,19,PANDA_T1_TMPL1ST1,0.0,0.0,False,0.0
2025-11-05,19,PANDA_T2_TMPL2CT1,0.0,0.0,False,0.0
2025-11-05,19,PANDA_T2_TMPL2CT2,0.0,0.0,False,0.0
2025-11-05,19,PANDA_T2_TMPL2ST1,0.0,0.0,False,0.0
2025-11-05,19,TNSKA_GT1,0.0,0.0,False,0.0
2025-11-05,19,TNSKA_GT2,0.0,0.0,False,0.0
2025-11-05,19,TNSKA_STG,0.0,0.0,False,0.0
2025-11-05,19,PSG_PSG_GT2,146.27169993659692,68.82830006340306,True,4095.6076
2025-11-05,19,PSG_PSG_GT3,0.0,0.0,False,0.0
2025-11-05,19,PSG_PSG_ST2,58.65,136.85,True,1642.2
2025-11-05,19,PEARSAL2_AGR_A,0.0,0.0,False,0.0
2025-11-05,19,PEARSAL2_AGR_B,0.0,0.0,False,0.0
2025-11-05,19,PEARSAL2_AGR_C,0.0,0.0,False,0.0
2025-11-05,19,PEARSAL2_AGR_D,0.0,0.0,False,0.0
2025-11-05,19,PB2SES_CT1,0.0,0.0,False,0.0
2025-11-05,19,PB2SES_CT2,0.0,0.0,False,0.0
2025-11-05,19,PB2SES_CT3,0.0,0.0,False,0.0
2025-11-05,19,PB2SES_CT4,0.0,0.0,False,0.0
2025-11-05,19,PB2SES_CT5,0.0,0.0,False,0.0
2025-11-05,19,PRO_UNIT1,0.0,0.0,False,0.0
2025-11-05,19,PRO_UNIT2,0.0,0.0,False,0.0
2025-11-05,19,PRO_UNIT3,0.0,0.0,False,0.0
2025-11-05,19,PRO_UNIT4,0.0,0.0,False,0.0
2025-11-05,19,PRO_UNIT5,0.0,0.0,False,0.0
2025-11-05,19,PRO_UNIT6,0.0,0.0,False,0.0
2025-11-05,19,PRO_UNIT7,0.0,0.0,False,0.0
2025-11-05,19,PRO_UNIT8,0.0,0.0,False,0.0
2025-11-05,19,BAC_CTG1,65.0,0.0,True,2730.0
2025-11-05,19,BAC_CTG2,65.0,0.0,True,2730.0
2025-11-05,19,BAC_CTG3,65.0,0.0,True,2730.0
2025-11-05,19,BAC_CTG4,65.0,0.0,True,2730.0
2025-11-05,19,BAC_CTG5,65.0,0.0,True,2730.0
2025-11-05,19,BAC_CTG6,65.0,0.0,True,2730.0
2025-11-05,19,STEAM1A_STEAM_1,0.0,0.0,False,0.0
2025-11-05,19,STEAM_STEAM_2,0.0,0.0,False,0.0
2025-11-05,19,STEAM_STEAM_3,0.0,0.0,False,0.0
2025-11-05,19,QALSW_GT1,90.6,0.0,True,2536.8
2025-11-05,19,QALSW_GT2,90.6,0.0,True,2536.8
2025-11-05,19,QALSW_GT3,90.6,0.0,True,2536.8
2025-11-05,19,QALSW_GT4,90.6,0.0,True,2536.8
2025-11-05,19,QALSW_STG1,98.1,0.0,True,2746.8
2025-11-05,19,QALSW_STG2,98.1,0.0,True,2746.8
2025-11-05,19,MIL_MILLERG4,116.0,0.0,True,4872.0
2025-11-05,19,MIL_MILLERG5,116.0,0.0,True,4872.0
2025-11-05,19,MIL_MILLERG1,75.0,0.0,True,2625.0
2025-11-05,19,MIL_MILLERG2,120.0,0.0,True,4200.0
2025-11-05,19,MIL_MILLERG3,216.0,0.0,True,7560.0
2025-11-05,19,OLINGR_OLING_4,0.0,0.0,False,0.0
2025-11-05,19,OLINGR_OLING_2,0.0,0.0,False,0.0
2025-11-05,19,OLINGR_OLING_3,0.0,0.0,False,0.0
2025-11-05,19,RAB_UNIT1,0.0,0.0,False,0.0
2025-11-05,19,RAB_UNIT2,0.0,0.0,False,0.0
2025-11-05,19,RAB_UNIT3,0.0,0.0,False,0.0
2025-11-05,19,RAB_UNIT4,0.0,0.0,False,0.0
2025-11-05,19,RAB_UNIT5,0.0,0.0,False,0.0
2025-11-05,19,RAB_UNIT6,0.0,0.0,False,0.0
2025-11-05,19,RAB_UNIT7,0.0,0.0,False,0.0
2025-11-05,19,RAB_UNIT8,0.0,0.0,False,0.0
2025-11-05,19,REDGATE_AGR_A,0.0,0.0,False,0.0
2025-11-05,19,REDGATE_AGR_B,0.0,0.0,False,0.0
2025-11-05,19,REDGATE_AGR_C,0.0,0.0,False,0.0
2025-11-05,19,REDGATE_AGR_D,0.0,0.0,False,0.0
2025-11-05,19,JAD_UNIT1,0.0,0.0,False,0.0
2025-11-05,19,JAD_UNIT2,0.0,0.0,False,0.0
2025-11-05,19,JAD_UNIT3,0.0,0.0,False,0.0
2025-11-05,19,JAD_UNIT4,0.0,0.0,False,0.0
2025-11-05,19,JAD_UNIT5,0.0,0.0,False,0.0
2025-11-05,19,JAD_UNIT6,0.0,0.0,False,0.0
2025-11-05,19,JAD_UNIT7,0.0,0.0,False,0.0
2025-11-05,19,JAD_UNIT8,0.0,0.0,False,0.0
2025-11-05,19,RIONOG_CT1,0.0,0.0,False,0.0
2025-11-05,19,RIONOG_CT2,0.0,0.0,False,0.0
2025-11-05,19,RIONOG_CT3,0.0,0.0,False,0.0
2025-11-05,19,RIONOG_ST1,0.0,0.0,False,0.0
2025-11-05,19,RAYBURN_RAYBURG7,18.15,42.35,True,508.2
2025-11-05,19,RAYBURN_RAYBURG8,18.15,42.35,True,508.2
2025-11-05,19,RAYBURN_RAYBURG9,36.79560605466937,23.70439394533063,True,1030.277
2025-11-05,19,RAYBURN_RAYBURG10,12.6,29.4,True,352.8
2025-11-05,19,SJS_SJS_G1,88.19999999999999,1.4210854715202004e-14,True,3704.4
2025-11-05,19,SJS_SJS_G2,88.19999999999999,1.4210854715202004e-14,True,3704.4
2025-11-05,19,SANDHSYD_SH1,0.0,0.0,False,0.0
2025-11-05,19,SANDHSYD_SH2,0.0,0.0,False,0.0
2025-11-05,19,SANDHSYD_SH3,0.0,0.0,False,0.0
2025-11-05,19,SANDHSYD_SH4,0.0,0.0,False,0.0
2025-11-05,19,SANDHSYD_SH_5A,196.16254687119925,2.7374531288007518,True,5492.5513
2025-11-05,19,SANDHSYD_SH6,0.0,0.0,False,0.0
2025-11-05,19,SANDHSYD_SH7,0.0,0.0,False,0.0
2025-11-05,19,SANDHSYD_SH_5C,191.0,0.0,True,5348.0
2025-11-05,19,SILASRAY_SILAS_10,0.0,0.0,False,0.0
2025-11-05,19,SILASRAY_SILAS_9,50.0,0.0,True,1400.0
2025-11-05,19,SILASRAY_SILAS_6,25.0,0.0,True,700.0
2025-11-05,19,GIDEON_GIDEONG1,0.0,0.0,False,0.0
2025-11-05,19,GIDEON_GIDEONG2,0.0,0.0,False,0.0
2025-11-05,19,GIDEON_GIDEONG3,0.0,0.0,False,0.0
2025-11-05,19,SKY1_SKY1A,0.0,0.0,False,0.0
2025-11-05,19,SKY1_SKY1B,0.0,0.0,False,0.0
2025-11-05,19,SPNCER_SPNCE_4,61.0,0.0,True,2135.0
2025-11-05,19,SPNCER_SPNCE_5,65.0,0.0,True,2275.0
2025-11-05,19,SCSES_UNIT1A,177.0,0.0,True,6195.0
2025-11-05,19,SCSES_UNIT2,419.74428431702984,82.25571568297016,True,14691.05
2025-11-05,19,THW_THWGT_1,16.3,0.0,True,684.6
2025-11-05,19,THW_THWGT31,51.3,0.0,True,1436.4
2025-11-05,19,THW_THWGT32,51.3,0.0,True,1436.4
2025-11-05,19,THW_THWGT33,51.3,0.0,True,1436.4
2025-11-05,19,THW_THWGT34,51.3,0.0,True,1436.4
2025-11-05,19,THW_THWGT41,51.3,0.0,True,1436.4
2025-11-05,19,THW_THWGT42,51.3,0.0,True,1436.4
2025-11-05,19,THW_THWGT43,62.0,0.0,True,1736.0
2025-11-05,19,THW_THWGT44,62.0,0.0,True,1736.0
2025-11-05,19,THW_THWGT51,85.0,0.0,True,3570.0
2025-11-05,19,THW_THWGT52,85.0,0.0,True,3570.0
2025-11-05,19,THW_THWGT53,85.0,0.0,True,3570.0
2025-11-05,19,THW_THWGT54,85.0,0.0,True,3570.0
2025-11-05,19,THW_THWGT55,85.0,0.0,True,3570.0
2025-11-05,19,THW_THWGT56,85.0,0.0,True,3570.0
2025-11-05,19,THW_THWST_3,113.1,0.0,True,3166.8
2025-11-05,19,THW_THWST_4,113.1,0.0,True,3166.8
2025-11-05,19,TXCTY_CTA,129.1,0.0,True,3614.8
2025-11-05,19,TXCTY_CTB,129.1,0.0,True,3614.8
2025-11-05,19,TXCTY_CTC,129.1,0.0,True,3614.8
2025-11-05,19,TXCTY_ST,143.7,0.0,True,4023.6
2025-11-05,19,TGS_GT01,0.0,0.0,False,0.0
2025-11-05,19,TIMPP_AGR1,0.0,0.0,False,0.0
2025-11-05,19,TIMPP_AGR2,0.0,0.0,False,0.0
2025-11-05,19,TIMPP_AGR3,0.0,0.0,False,0.0
2025-11-05,19,TIMPP_AGR4,0.0,0.0,False,0.0
2025-11-05,19,TRSES_UNIT6,239.0,0.0,True,8365.0
2025-11-05,19,TOPAZ_UNIT1,60.5,0.0,True,2541.0
2025-11-05,19,TOPAZ_UNIT2,60.5,0.0,True,2541.0
2025-11-05,19,TOPAZ_UNIT3,60.5,0.0,True,2541.0
2025-11-05,19,TOPAZ_UNIT4,60.5,0.0,True,2541.0
2025-11-05,19,TOPAZ_UNIT5,60.5,0.0,True,2541.0
2025-11-05,19,TOPAZ_UNIT6,60.5,0.0,True,2541.0
2025-11-05,19,TOPAZ_UNIT7,60.5,0.0,True,2541.0
2025-11-05,19,TOPAZ_UNIT8,60.5,0.0,True,2541.0
2025-11-05,19,TOPAZ_UNIT9,60.5,0.0,True,2541.0
2025-11-05,19,TOPAZ_UNIT10,60.5,0.0,True,2541.0
2025-11-05,19,BRAUNIG_VHB6CT5,0.0,0.0,False,0.0
2025-11-05,19,BRAUNIG_VHB6CT6,0.0,0.0,False,0.0
2025-11-05,19,BRAUNIG_VHB6CT7,0.0,0.0,False,0.0
2025-11-05,19,BRAUNIG_VHB6CT8,0.0,0.0,False,0.0
2025-11-05,19,CITYVICT_CTG01,0.0,0.0,False,0.0
2025-11-05,19,CITYVICT_CTG02,0.0,0.0,False,0.0
2025-11-05,19,VICTPORT_CTG01,0.0,0.0,False,0.0
2025-11-05,19,VICTPORT_CTG02,0.0,0.0,False,0.0
2025-11-05,19,VICTORIA_VICTORG6,196.9,0.0,True,5513.2
2025-11-05,19,VICTORIA_VICTORG5,139.21938272906866,40.98061727093133,True,3898.1427
2025-11-05,19,WAP_WAPGT_1,0.0,0.0,False,0.0
2025-11-05,19,WAP_WAP_G1,0.0,0.0,False,0.0
2025-11-05,19,WAP_WAP_G2,0.0,0.0,False,0.0
2025-11-05,19,WAP_WAP_G3,0.0,0.0,False,0.0
2025-11-05,19,WAP_WAP_G4,0.0,0.0,False,0.0
2025-11-05,19,WFCOGEN_UNIT1,20.0,0.0,True,560.0
2025-11-05,19,WFCOGEN_UNIT2,20.0,0.0,True,560.0
2025-11-05,19,WFCOGEN_UNIT3,20.0,0.0,True,560.0
2025-11-05,19,WIPOPA_WPP_G1,6.05,54.45,True,254.1
2025-11-05,19,WIPOPA_WPP_G2,60.5,0.0,True,2541.0
2025-11-05,19,WIPOPA_WPP_G3,6.05,54.45,True,254.1
2025-11-05,19,WIPOPA_WPP_G4,33.195427290284584,27.304572709715416,True,1394.2079
2025-11-05,19,WCPP_CT1,0.0,0.0,False,0.0
2025-11-05,19,WCPP_CT2,0.0,0.0,False,0.0
2025-11-05,19,WCPP_ST1,0.0,0.0,False,0.0
2025-11-05,19,WHCCS_CT1,0.0,0.0,False,0.0
2025-11-05,19,WHCCS_CT2,0.0,0.0,False,0.0
2025-11-05,19,WHCCS_STG,0.0,0.0,False,0.0
2025-11-05,19,WHCCS2_CT4,0.0,0.0,False,0.0
2025-11-05,19,WHCCS2_CT5,0.0,0.0,False,0.0
2025-11-05,19,WHCCS2_STG6,0.0,0.0,False,0.0
2025-11-05,19,NACPW_UNIT1,0.0,0.0,False,0.0
2025-11-05,19,HBR_2UNITS,3.2,0.0,True,128.0
2025-11-05,19,TRIRA_1UNIT,4.0,0.0,True,160.0
2025-11-05,19,78252_4UNITS,0.0,0.0,False,0.0
2025-11-05,19,SPRIN_4UNITS,0.0,0.0,False,0.0
2025-11-05,19,FREIH_2UNITS,0.0,0.0,False,0.0
2025-11-05,19,WSTHL_3UNITS,4.8,0.0,True,192.0
2025-11-05,19,FEGC_CTG2,0.0,0.0,False,0.0
2025-11-05,19,FEGC_CTG3,0.0,0.0,False,0.0
2025-11-05,19,FEGC_CTG4,0.0,0.0,False,0.0
2025-11-05,19,OLNEYTN_AGR1,10.0,0.0,True,600.0
2025-11-05,19,AMISTAD_AMISTAG1,0.0,0.0,False,0.0
2025-11-05,19,AMISTAD_AMISTAG2,0.0,0.0,False,0.0
2025-11-05,19,AUSTPL_AUSTING1,9.0,0.0,True,9.0
2025-11-05,19,AUSTPL_AUSTING2,9.0,0.0,True,9.0
2025-11-05,19,BUCHAN_BUCHANG1,18.299999999999997,3.552713678800501e-15,True,18.3
2025-11-05,19,BUCHAN_BUCHANG2,18.299999999999997,3.552713678800501e-15,True,18.3
2025-11-05,19,BUCHAN_BUCHANG3,18.299999999999997,3.552713678800501e-15,True,18.3
2025-11-05,19,DNDAM_DENISOG1,50.8,0.0,True,50.8
2025-11-05,19,DNDAM_DENISOG2,50.8,0.0,True,50.8
2025-11-05,19,FALCON_FALCONG1,12.0,0.0,True,12.0
2025-11-05,19,FALCON_FALCONG2,12.0,0.0,True,12.0
2025-11-05,19,FALCON_FALCONG3,12.0,0.0,True,12.0
2025-11-05,19,WIRTZ_WIRTZ_G1,29.0,0.0,True,29.0
2025-11-05,19,WIRTZ_WIRTZ_G2,29.0,0.0,True,29.0
2025-11-05,19,CANYHY_CANYHYG1,6.0,0.0,True,6.0
2025-11-05,19,INKSDA_INKS_G1,15.0,0.0,True,15.0
2025-11-05,19,MARBFA_MARBFAG1,21.0,0.0,True,21.0
2025-11-05,19,MARBFA_MARBFAG2,20.0,0.0,True,20.0
2025-11-05,19,MARSFO_MARSFOG1,36.0,0.0,True,36.0
2025-11-05,19,MARSFO_MARSFOG2,36.0,0.0,True,36.0
2025-11-05,19,MARSFO_MARSFOG3,36.0,0.0,True,36.0
2025-11-05,19,WND_WHITNEY1,0.0,0.0,False,0.0
2025-11-05,19,WND_WHITNEY2,0.0,0.0,False,0.0
2025-11-05,19,AEEC_ANTLP_1,0.0,0.0,False,0.0
2025-11-05,19,AEEC_ANTLP_2,0.0,0.0,False,0.0
2025-11-05,19,AEEC_ANTLP_3,0.0,0.0,False,0.0
2025-11-05,19,AEEC_ELK_1,0.0,0.0,False,0.0
2025-11-05,19,AEEC_ELK_2,0.0,0.0,False,0.0
2025-11-05,19,AEEC_ELK_3,0.0,0.0,False,0.0
2025-11-05,19,FTR_FTR_G1,0.0,0.0,False,0.0
2025-11-05,19,FTR_FTR_G2,0.0,0.0,False,0.0
2025-11-05,19,FTR_FTR_G3,0.0,0.0,False,0.0
2025-11-05,19,FTR_FTR_G4,0.0,0.0,False,0.0
2025-11-05,19,TGCCS_CT1,0.0,0.0,False,0.0
2025-11-05,19,TGCCS_CT2,0.0,0.0,False,0.0
2025-11-05,19,TGCCS_CT3,0.0,0.0,False,0.0
2025-11-05,19,TGCCS_UNIT4,120.0,280.0,True,3360.0
2025-11-05,19,KMCHI_1CT101,55.5,129.5,True,1554.0
2025-11-05,19,KMCHI_1CT201,55.5,129.5,True,1554.0
2025-11-05,19,KMCHI_1ST,330.0,0.0,True,9240.0
2025-11-05,19,KMCHI_2CT101,185.0,0.0,True,5180.0
2025-11-05,19,KMCHI_2CT201,55.5,129.5,True,1554.0
2025-11-05,19,KMCHI_2ST,330.0,0.0,True,9240.0
2025-11-05,19,A4_DGR1,0.0,0.0,False,0.0
2025-11-05,19,A4_DGR2,0.0,0.0,False,0.0
2025-11-05,19,K2_DGR1,0.0,0.0,False,0.0
2025-11-05,19,K2_DGR2,0.0,0.0,False,0.0
2025-11-05,19,P2_DGR1,0.0,0.0,False,0.0
2025-11-05,19,P2_DGR2,0.0,0.0,False,0.0
2025-11-05,19,Q1_DGR1,0.0,0.0,False,0.0
2025-11-05,19,BRAUNIG_VHB3,0.0,0.0,False,0.0
2025-11-05,19,V2_DGR1,0.0,0.0,False,0.0
2025-11-05,19,V2_DGR2,0.0,0.0,False,0.0
2025-11-05,19,V2_DGR3,0.0,0.0,False,0.0
2025-11-05,19,V4_DGR1,0.0,0.0,False,0.0
2025-11-05,19,X1_DGR1,0.0,0.0,False,0.0
2025-11-05,19,Z0_DGR1,0.0,0.0,False,0.0
2025-11-05,19,Z0_DGR2,0.0,0.0,False,0.0
2025-11-05,19,Z5_DGR1,0.0,0.0,False,0.0
2025-11-05,19,DC_E,437.9058039683555,162.09419603164451,True,15326.7031
2025-11-05,19,DC_N,204.77519177986665,15.224808220133355,True,7167.1317
2025-11-05,19,DC_L,0.0,0.0,False,0.0
2025-11-05,19,DC_R,0.0,0.0,False,0.0
2025-11-05,19,CEDARVALE_GAS,0.0,0.0,False,0.0
2025-11-05,19,ENCHANTED_ROCK_NEWPP,30.0,0.0,True,1350.0
2025-11-05,20,CPSES_UNIT1,1269.0,0.0,True,10152.0
2025-11-05,20,CPSES_UNIT2,1269.0,0.0,True,10152.0
2025-11-05,20,STP_STP_G1,1365.0,0.0,True,10920.0
2025-11-05,20,STP_STP_G2,1365.0,0.0,True,10920.0
2025-11-05,20,COLETO_COLETOG1,655.0,0.0,True,16375.0
2025-11-05,20,FPPYD1_FPP_G1,615.0,0.0,True,15375.0
2025-11-05,20,FPPYD1_FPP_G2,615.0,0.0,True,15375.0
2025-11-05,20,FPPYD2_FPP_G3,460.0,0.0,True,11500.0
2025-11-05,20,CALAVERS_JKS1,0.0,0.0,False,0.0
2025-11-05,20,CALAVERS_JKS2,660.6839950742877,261.3160049257123,True,16517.0999
2025-11-05,20,LEG_LEG_G1,0.0,0.0,False,0.0
2025-11-05,20,LEG_LEG_G2,0.0,0.0,False,0.0
2025-11-05,20,MLSES_UNIT1,0.0,0.0,False,0.0
2025-11-05,20,MLSES_UNIT2,0.0,0.0,False,0.0
2025-11-05,20,MLSES_UNIT3,0.0,0.0,False,0.0
2025-11-05,20,OGSES_UNIT1A,0.0,0.0,False,0.0
2025-11-05,20,OGSES_UNIT2,0.0,0.0,False,0.0
2025-11-05,20,SANMIGL_G1,430.0,0.0,True,10750.0
2025-11-05,20,SCES_UNIT1,0.0,0.0,False,0.0
2025-11-05,20,TNP_ONE_TNP_O_1,0.0,0.0,False,0.0
2025-11-05,20,TNP_ONE_TNP_O_2,0.0,0.0,False,0.0
2025-11-05,20,WAP_WAP_G5,0.0,0.0,False,0.0
2025-11-05,20,WAP_WAP_G6,0.0,0.0,False,0.0
2025-11-05,20,WAP_WAP_G7,245.84,368.76,True,6146.0
2025-11-05,20,WAP_WAP_G8,456.68671142206284,197.31328857793716,True,11417.1678
2025-11-05,20,BRAUNIG_AVR1_CT1,0.0,0.0,False,0.0
2025-11-05,20,BRAUNIG_AVR1_CT2,0.0,0.0,False,0.0
2025-11-05,20,BRAUNIG_AVR1_ST,0.0,0.0,False,0.0
2025-11-05,20,ATKINS_ATKINSG7,0.0,0.0,False,0.0
2025-11-05,20,B_DAVIS_B_DAVIG3,189.6,0.0,True,5308.8
2025-11-05,20,B_DAVIS_B_DAVIG4,97.13850815715173,92.46149184284826,True,2719.8782
2025-11-05,20,B_DAVIS_B_DAVIG1,0.0,0.0,False,0.0
2025-11-05,20,B_DAVIS_B_DAVIG2,105.3,245.7,True,2948.4
2025-11-05,20,BASTEN_GTG1100,0.0,0.0,False,0.0
2025-11-05,20,BASTEN_GTG2100,0.0,0.0,False,0.0
2025-11-05,20,BASTEN_ST0100,0.0,0.0,False,0.0
2025-11-05,20,BCH_UNIT1,60.5,0.0,True,2541.0
2025-11-05,20,BCH_UNIT2,60.5,0.0,True,2541.0
2025-11-05,20,BCH_UNIT3,60.5,0.0,True,2541.0
2025-11-05,20,BCH_UNIT4,60.5,0.0,True,2541.0
2025-11-05,20,BCH_UNIT5,60.5,0.0,True,2541.0
2025-11-05,20,BCH_UNIT6,60.5,0.0,True,2541.0
2025-11-05,20,BCH_UNIT7,60.5,0.0,True,2541.0
2025-11-05,20,BCH_UNIT8,60.5,0.0,True,2541.0
2025-11-05,20,BOSQUESW_BSQSU_1,0.0,0.0,False,0.0
2025-11-05,20,BOSQUESW_BSQSU_2,0.0,0.0,False,0.0
2025-11-05,20,BOSQUESW_BSQSU_3,0.0,0.0,False,0.0
2025-11-05,20,BOSQUESW_BSQSU_4,0.0,0.0,False,0.0
2025-11-05,20,BOSQUESW_BSQSU_5,0.0,0.0,False,0.0
2025-11-05,20,BVE_UNIT1,198.90000000000003,-2.842170943040401e-14,True,5569.2
2025-11-05,20,BVE_UNIT2,198.90000000000003,-2.842170943040401e-14,True,5569.2
2025-11-05,20,BVE_UNIT3,275.6,0.0,True,7716.8
2025-11-05,20,BTM_UNIT1,60.5,0.0,True,2541.0
2025-11-05,20,BTM_UNIT2,60.5,0.0,True,2541.0
2025-11-05,20,BTM_UNIT3,60.5,0.0,True,2541.0
2025-11-05,20,BTM_UNIT4,60.5,0.0,True,2541.0
2025-11-05,20,BTM_UNIT5,60.5,0.0,True,2541.0
2025-11-05,20,BTM_UNIT6,60.5,0.0,True,2541.0
2025-11-05,20,BTM_UNIT7,60.5,0.0,True,2541.0
2025-11-05,20,BTM_UNIT8,60.5,0.0,True,2541.0
2025-11-05,20,FLCNS_UNIT1,0.0,0.0,False,0.0
2025-11-05,20,FLCNS_UNIT2,0.0,0.0,False,0.0
2025-11-05,20,CALHOUN_UNIT1,0.0,0.0,False,0.0
2025-11-05,20,CALHOUN_UNIT2,0.0,0.0,False,0.0
2025-11-05,20,CHAMON_CTG_0101,60.5,0.0,True,2541.0
2025-11-05,20,CHAMON_CTG_0301,60.5,0.0,True,2541.0
2025-11-05,20,CBY4_CT41,205.0,0.0,True,5740.0
2025-11-05,20,CBY4_CT42,205.0,0.0,True,5740.0
2025-11-05,20,CBY4_ST04,205.0,0.0,True,5740.0
2025-11-05,20,CBY_CBY_G1,765.0,0.0,True,26775.0
2025-11-05,20,CBY_CBY_G2,765.0,0.0,True,26775.0
2025-11-05,20,CBEC_GT1,86.5,0.0,True,2422.0
2025-11-05,20,CBEC_GT2,86.5,0.0,True,2422.0
2025-11-05,20,CBEC_GT3,86.5,0.0,True,2422.0
2025-11-05,20,CBEC_GT4,86.5,0.0,True,2422.0
2025-11-05,20,CBEC_STG1,105.0,0.0,True,2940.0
2025-11-05,20,CBEC_STG2,108.79999999999997,2.842170943040401e-14,True,3046.4
2025-11-05,20,CBECII_CT7,360.9,0.0,True,10105.2
2025-11-05,20,CBECII_CT8,360.9,0.0,True,10105.2
2025-11-05,20,CBECII_STG9,326.7633484510365,181.7366515489635,True,9149.3738
2025-11-05,20,CBEC_GT11,41.7,0.0,True,1751.4
2025-11-05,20,CBEC_GT12,8.144888500233277,33.555111499766724,True,342.0853
2025-11-05,20,CVC_CVC_G1,192.1,0.0,True,5378.8
2025-11-05,20,CVC_CVC_G2,192.1,0.0,True,5378.8
2025-11-05,20,CVC_CVC_G3,192.1,0.0,True,5378.8
2025-11-05,20,CVC_CVC_G5,150.0,0.0,True,4200.0
2025-11-05,20,DANSBY_DANSBYG2,0.0,0.0,False,0.0
2025-11-05,20,DANSBY_DANSBYG3,0.0,0.0,False,0.0
2025-11-05,20,DANSBY_DANSBYG1,0.0,0.0,False,0.0
2025-11-05,20,DECKER_DPGT_1,0.0,0.0,False,0.0
2025-11-05,20,DECKER_DPGT_2,0.0,0.0,False,0.0
2025-11-05,20,DECKER_DPGT_3,0.0,0.0,False,0.0
2025-11-05,20,DECKER_DPGT_4,0.0,0.0,False,0.0
2025-11-05,20,DCSES_CT10,0.0,0.0,False,0.0
2025-11-05,20,DCSES_CT20,0.0,0.0,False,0.0
2025-11-05,20,DCSES_CT30,0.0,0.0,False,0.0
2025-11-05,20,DCSES_CT40,0.0,0.0,False,0.0
2025-11-05,20,DDPEC_GT1,0.0,0.0,False,0.0
2025-11-05,20,DDPEC_GT2,64.5,150.5,True,1806.0
2025-11-05,20,DDPEC_GT3,60.9,142.1,True,1705.2
2025-11-05,20,DDPEC_GT4,0.0,0.0,False,0.0
2025-11-05,20,DDPEC_GT6,59.7,139.3,True,1671.6
2025-11-05,20,DDPEC_ST1,87.0,203.0,True,2436.0
2025-11-05,20,DEC_AGR_A,56.5,0.0,True,2542.5
2025-11-05,20,DEC_AGR_B,56.5,0.0,True,2542.5
2025-11-05,20,DEC_AGR_C,56.5,0.0,True,2542.5
2025-11-05,20,DEC_AGR_D,56.5,0.0,True,2542.5
2025-11-05,20,ECEC_G1,0.0,0.0,False,0.0
2025-11-05,20,ECEC_G2,0.0,0.0,False,0.0
2025-11-05,20,ETCCS_CT1,260.0,0.0,True,7280.0
2025-11-05,20,ETCCS_UNIT1,140.0,0.0,True,3920.0
2025-11-05,20,AZ_AZ_G1,0.0,0.0,False,0.0
2025-11-05,20,AZ_AZ_G2,0.0,0.0,False,0.0
2025-11-05,20,AZ_AZ_G3,0.0,0.0,False,0.0
2025-11-05,20,AZ_AZ_G4,0.0,0.0,False,0.0
2025-11-05,20,FERGCC_FERGGT1,0.0,0.0,False,0.0
2025-11-05,20,FERGCC_FERGGT2,0.0,0.0,False,0.0
2025-11-05,20,FERGCC_FERGST1,83.28265292088469,120.71734707911531,True,2331.9143
2025-11-05,20,FRNYPP_GT11,0.0,0.0,False,0.0
2025-11-05,20,FRNYPP_GT12,0.0,0.0,False,0.0
2025-11-05,20,FRNYPP_GT13,0.0,0.0,False,0.0
2025-11-05,20,FRNYPP_GT21,0.0,0.0,False,0.0
2025-11-05,20,FRNYPP_GT22,0.0,0.0,False,0.0
2025-11-05,20,FRNYPP_GT23,0.0,0.0,False,0.0
2025-11-05,20,FRNYPP_ST10,0.0,0.0,False,0.0
2025-11-05,20,FRNYPP_ST20,0.0,0.0,False,0.0
2025-11-05,20,FREC_GT1,133.06663022940091,46.33336977059909,True,3725.8656
2025-11-05,20,FREC_GT2,179.4,0.0,True,5023.2
2025-11-05,20,FREC_GT4,53.82,125.58000000000001,True,1506.96
2025-11-05,20,FREC_GT5,179.4,0.0,True,5023.2
2025-11-05,20,FREC_ST3,57.21,133.48999999999998,True,1601.88
2025-11-05,20,FREC_ST6,57.21,133.48999999999998,True,1601.88
2025-11-05,20,FEGC_UNIT1,0.0,0.0,False,0.0
2025-11-05,20,FRONT_EC_CT1,160.30379885264486,16.69620114735514,True,4488.5064
2025-11-05,20,FRONT_EC_CT2,177.0,0.0,True,4956.0
2025-11-05,20,FRONT_EC_ST,184.5,0.0,True,5166.0
2025-11-05,20,GRSES_UNIT1,239.0,0.0,True,8365.0
2025-11-05,20,GRSES_UNIT2,390.0,0.0,True,13650.0
2025-11-05,20,GBY_GBYGT73,72.0,0.0,True,3024.0
2025-11-05,20,GBY_GBYGT74,72.0,0.0,True,3024.0
2025-11-05,20,GBY_GBYGT81,72.0,0.0,True,3024.0
2025-11-05,20,GBY_GBYGT82,72.0,0.0,True,3024.0
2025-11-05,20,GBY_GBYGT83,72.0,0.0,True,3024.0
2025-11-05,20,GBY_GBYGT84,72.0,0.0,True,3024.0
2025-11-05,20,STEAM_ENGINE_1,0.0,0.0,False,0.0
2025-11-05,20,STEAM_ENGINE_2,0.0,0.0,False,0.0
2025-11-05,20,STEAM_ENGINE_3,0.0,0.0,False,0.0
2025-11-05,20,LGE_LGE_GT1,55.5,129.5,True,1554.0
2025-11-05,20,LGE_LGE_GT2,185.0,0.0,True,5180.0
2025-11-05,20,LGE_LGE_STG,30.0,70.0,True,840.0
2025-11-05,20,GUADG_GAS1,0.0,0.0,False,0.0
2025-11-05,20,GUADG_GAS2,0.0,0.0,False,0.0
2025-11-05,20,GUADG_GAS3,0.0,0.0,False,0.0
2025-11-05,20,GUADG_GAS4,0.0,0.0,False,0.0
2025-11-05,20,GUADG_STM5,0.0,0.0,False,0.0
2025-11-05,20,GUADG_STM6,0.0,0.0,False,0.0
2025-11-05,20,HLSES_UNIT3,395.0,0.0,True,13825.0
2025-11-05,20,HLSES_UNIT4,435.0,0.0,True,15225.0
2025-11-05,20,HLSES_UNIT5,435.0,0.0,True,15225.0
2025-11-05,20,HAYSEN_HAYSENG1,0.0,0.0,False,0.0
2025-11-05,20,HAYSEN_HAYSENG2,0.0,0.0,False,0.0
2025-11-05,20,HAYSEN_HAYSENG3,0.0,0.0,False,0.0
2025-11-05,20,HAYSEN_HAYSENG4,0.0,0.0,False,0.0
2025-11-05,20,DUKE_DUKE_GT1,176.6,0.0,True,4944.8
2025-11-05,20,DUKE_DUKE_GT2,176.6,0.0,True,4944.8
2025-11-05,20,DUKE_DUKE_ST1,59.43,138.67,True,1664.04
2025-11-05,20,JACKCNTY_CT1,59.67,139.23,True,1670.76
2025-11-05,20,JACKCNTY_CT2,59.67,139.23,True,1670.76
2025-11-05,20,JCKCNTY2_CT3,59.67,139.23,True,1670.76
2025-11-05,20,JCKCNTY2_CT4,59.67,139.23,True,1670.76
2025-11-05,20,JACKCNTY_STG,0.0,0.0,False,0.0
2025-11-05,20,JCKCNTY2_ST2,0.0,0.0,False,0.0
2025-11-05,20,TEN_CT1,0.0,0.0,False,0.0
2025-11-05,20,TEN_STG,0.0,0.0,False,0.0
2025-11-05,20,LHSES_UNIT1,0.0,0.0,False,0.0
2025-11-05,20,LHSES_UNIT2A,0.0,0.0,False,0.0
2025-11-05,20,LPCCS_CT11,0.0,0.0,False,0.0
2025-11-05,20,LPCCS_CT12,55.8,0.0,True,1562.4
2025-11-05,20,LPCCS_CT21,55.8,130.2,True,1562.4
2025-11-05,20,LPCCS_CT22,55.8,130.2,True,1562.4
2025-11-05,20,LPCCS_UNIT1,64.8,0.0,True,1814.4
2025-11-05,20,LPCCS_UNIT2,64.8,151.2,True,1814.4
2025-11-05,20,LARDVFTN_G4,0.0,0.0,False,0.0
2025-11-05,20,LARDVFTN_G5,0.0,0.0,False,0.0
2025-11-05,20,LEON_CRK_LCPCT1,0.0,0.0,False,0.0
2025-11-05,20,LEON_CRK_LCPCT2,0.0,0.0,False,0.0
2025-11-05,20,LEON_CRK_LCPCT3,0.0,0.0,False,0.0
2025-11-05,20,LEON_CRK_LCPCT4,0.0,0.0,False,0.0
2025-11-05,20,LIG_UNIT1,0.0,0.0,False,0.0
2025-11-05,20,LIG_UNIT2,0.0,0.0,False,0.0
2025-11-05,20,LOSTPI_LOSTPGT1,202.5,0.0,True,5670.0
2025-11-05,20,LOSTPI_LOSTPGT2,202.5,0.0,True,5670.0
2025-11-05,20,LOSTPI_LOSTPST1,204.0,0.0,True,5712.0
2025-11-05,20,NEDIN_NEDIN_G1,0.0,0.0,False,0.0
2025-11-05,20,NEDIN_NEDIN_G2,0.0,0.0,False,0.0
2025-11-05,20,NEDIN_NEDIN_G3,0.0,0.0,False,0.0
2025-11-05,20,MDANP_CT1,0.0,0.0,False,0.0
2025-11-05,20,MDANP_CT2,0.0,0.0,False,0.0
2025-11-05,20,MDANP_CT3,0.0,0.0,False,0.0
2025-11-05,20,MDANP_CT4,0.0,0.0,False,0.0
2025-11-05,20,MDANP_CT5,0.0,0.0,False,0.0
2025-11-05,20,MDANP_CT6,0.0,0.0,False,0.0
2025-11-05,20,MGSES_CT1,0.0,0.0,False,0.0
2025-11-05,20,MGSES_CT2,0.0,0.0,False,0.0
2025-11-05,20,MGSES_CT3,0.0,0.0,False,0.0
2025-11-05,20,MGSES_CT4,0.0,0.0,False,0.0
2025-11-05,20,MGSES_CT5,0.0,0.0,False,0.0
2025-11-05,20,MGSES_CT6,0.0,0.0,False,0.0
2025-11-05,20,MCSES_UNIT6,122.0,0.0,True,4270.0
2025-11-05,20,MCSES_UNIT7,118.0,0.0,True,4130.0
2025-11-05,20,MCSES_UNIT8,568.0,0.0,True,19880.0
2025-11-05,20,NUECES_B_NUECESG8,56.88,132.72,True,1592.64
2025-11-05,20,NUECES_B_NUECESG9,56.88,132.72,True,1592.64
2025-11-05,20,NUECES_B_NUECESG7,0.0,0.0,False,0.0
2025-11-05,20,CALAVERS_OWS1,0.0,0.0,False,0.0
2025-11-05,20,CALAVERS_OWS2,0.0,0.0,False,0.0
2025-11-05,20,OECCS_CT11,58.56,136.64,True,1639.68
2025-11-05,20,OECCS_CT12,56.73,132.37,True,1588.44
2025-11-05,20,OECCS_CT21,0.0,0.0,False,0.0
2025-11-05,20,OECCS_CT22,56.73,132.37,True,1588.44
2025-11-05,20,OECCS_UNIT1,76.46594198960226,147.53405801039776,True,2141.0464
2025-11-05,20,OECCS_UNIT2,67.2,156.8,True,1881.6
2025-11-05,20,VICTPRT2_UNIT1,0.0,0.0,False,0.0
2025-11-05,20,VICTPRT2_UNIT2,0.0,0.0,False,0.0
2025-11-05,20,PANDA_S_SHER1CT1,0.0,0.0,False,0.0
2025-11-05,20,PANDA_S_SHER1CT2,0.0,0.0,False,0.0
2025-11-05,20,PANDA_S_SHER1ST1,345.9811210376771,7.1188789623229525,True,9687.4714
2025-11-05,20,PANDA_T1_TMPL1CT1,0.0,0.0,False,0.0
2025-11-05,20,PANDA_T1_TMPL1CT2,0.0,0.0,False,0.0
2025-11-05,20,PANDA_T1_TMPL1ST1,0.0,0.0,False,0.0
2025-11-05,20,PANDA_T2_TMPL2CT1,0.0,0.0,False,0.0
2025-11-05,20,PANDA_T2_TMPL2CT2,0.0,0.0,False,0.0
2025-11-05,20,PANDA_T2_TMPL2ST1,0.0,0.0,False,0.0
2025-11-05,20,TNSKA_GT1,0.0,0.0,False,0.0
2025-11-05,20,TNSKA_GT2,0.0,0.0,False,0.0
2025-11-05,20,TNSKA_STG,0.0,0.0,False,0.0
2025-11-05,20,PSG_PSG_GT2,146.27188214383833,68.82811785616167,True,4095.6127
2025-11-05,20,PSG_PSG_GT3,0.0,0.0,False,0.0
2025-11-05,20,PSG_PSG_ST2,58.65,136.85,True,1642.2
2025-11-05,20,PEARSAL2_AGR_A,0.0,0.0,False,0.0
2025-11-05,20,PEARSAL2_AGR_B,0.0,0.0,False,0.0
2025-11-05,20,PEARSAL2_AGR_C,0.0,0.0,False,0.0
2025-11-05,20,PEARSAL2_AGR_D,0.0,0.0,False,0.0
2025-11-05,20,PB2SES_CT1,0.0,0.0,False,0.0
2025-11-05,20,PB2SES_CT2,0.0,0.0,False,0.0
2025-11-05,20,PB2SES_CT3,0.0,0.0,False,0.0
2025-11-05,20,PB2SES_CT4,0.0,0.0,False,0.0
2025-11-05,20,PB2SES_CT5,0.0,0.0,False,0.0
2025-11-05,20,PRO_UNIT1,0.0,0.0,False,0.0
2025-11-05,20,PRO_UNIT2,0.0,0.0,False,0.0
2025-11-05,20,PRO_UNIT3,0.0,0.0,False,0.0
2025-11-05,20,PRO_UNIT4,0.0,0.0,False,0.0
2025-11-05,20,PRO_UNIT5,0.0,0.0,False,0.0
2025-11-05,20,PRO_UNIT6,0.0,0.0,False,0.0
2025-11-05,20,PRO_UNIT7,0.0,0.0,False,0.0
2025-11-05,20,PRO_UNIT8,0.0,0.0,False,0.0
2025-11-05,20,BAC_CTG1,65.0,0.0,True,2730.0
2025-11-05,20,BAC_CTG2,65.0,0.0,True,2730.0
2025-11-05,20,BAC_CTG3,65.0,0.0,True,2730.0
2025-11-05,20,BAC_CTG4,65.0,0.0,True,2730.0
2025-11-05,20,BAC_CTG5,65.0,0.0,True,2730.0
2025-11-05,20,BAC_CTG6,65.0,0.0,True,2730.0
2025-11-05,20,STEAM1A_STEAM_1,0.0,0.0,False,0.0
2025-11-05,20,STEAM_STEAM_2,0.0,0.0,False,0.0
2025-11-05,20,STEAM_STEAM_3,0.0,0.0,False,0.0
2025-11-05,20,QALSW_GT1,90.6,0.0,True,2536.8
2025-11-05,20,QALSW_GT2,90.6,0.0,True,2536.8
2025-11-05,20,QALSW_GT3,90.59999999999998,1.4210854715202004e-14,True,2536.8
2025-11-05,20,QALSW_GT4,90.6,0.0,True,2536.8
2025-11-05,20,QALSW_STG1,98.10000000000036,-3.694822225952521e-13,True,2746.8
2025-11-05,20,QALSW_STG2,98.1,0.0,True,2746.8
2025-11-05,20,MIL_MILLERG4,116.0,0.0,True,4872.0
2025-11-05,20,MIL_MILLERG5,116.0,0.0,True,4872.0
2025-11-05,20,MIL_MILLERG1,75.0,0.0,True,2625.0
2025-11-05,20,MIL_MILLERG2,120.0,0.0,True,4200.0
2025-11-05,20,MIL_MILLERG3,216.0,0.0,True,7560.0
2025-11-05,20,OLINGR_OLING_4,0.0,0.0,False,0.0
2025-11-05,20,OLINGR_OLING_2,0.0,0.0,False,0.0
2025-11-05,20,OLINGR_OLING_3,0.0,0.0,False,0.0
2025-11-05,20,RAB_UNIT1,0.0,0.0,False,0.0
2025-11-05,20,RAB_UNIT2,0.0,0.0,False,0.0
2025-11-05,20,RAB_UNIT3,0.0,0.0,False,0.0
2025-11-05,20,RAB_UNIT4,0.0,0.0,False,0.0
2025-11-05,20,RAB_UNIT5,0.0,0.0,False,0.0
2025-11-05,20,RAB_UNIT6,0.0,0.0,False,0.0
2025-11-05,20,RAB_UNIT7,0.0,0.0,False,0.0
2025-11-05,20,RAB_UNIT8,0.0,0.0,False,0.0
2025-11-05,20,REDGATE_AGR_A,0.0,0.0,False,0.0
2025-11-05,20,REDGATE_AGR_B,0.0,0.0,False,0.0
2025-11-05,20,REDGATE_AGR_C,0.0,0.0,False,0.0
2025-11-05,20,REDGATE_AGR_D,0.0,0.0,False,0.0
2025-11-05,20,JAD_UNIT1,0.0,0.0,False,0.0
2025-11-05,20,JAD_UNIT2,0.0,0.0,False,0.0
2025-11-05,20,JAD_UNIT3,0.0,0.0,False,0.0
2025-11-05,20,JAD_UNIT4,0.0,0.0,False,0.0
2025-11-05,20,JAD_UNIT5,0.0,0.0,False,0.0
2025-11-05,20,JAD_UNIT6,0.0,0.0,False,0.0
2025-11-05,20,JAD_UNIT7,0.0,0.0,False,0.0
2025-11-05,20,JAD_UNIT8,0.0,0.0,False,0.0
2025-11-05,20,RIONOG_CT1,0.0,0.0,False,0.0
2025-11-05,20,RIONOG_CT2,0.0,0.0,False,0.0
2025-11-05,20,RIONOG_CT3,0.0,0.0,False,0.0
2025-11-05,20,RIONOG_ST1,0.0,0.0,False,0.0
2025-11-05,20,RAYBURN_RAYBURG7,60.5,0.0,True,1694.0
2025-11-05,20,RAYBURN_RAYBURG8,60.5,0.0,True,1694.0
2025-11-05,20,RAYBURN_RAYBURG9,60.5,0.0,True,1694.0
2025-11-05,20,RAYBURN_RAYBURG10,12.6,29.4,True,352.8
2025-11-05,20,SJS_SJS_G1,88.19999999999999,1.4210854715202004e-14,True,3704.4
2025-11-05,20,SJS_SJS_G2,88.19999999999999,1.4210854715202004e-14,True,3704.4
2025-11-05,20,SANDHSYD_SH1,0.0,0.0,False,0.0
2025-11-05,20,SANDHSYD_SH2,0.0,0.0,False,0.0
2025-11-05,20,SANDHSYD_SH3,0.0,0.0,False,0.0
2025-11-05,20,SANDHSYD_SH4,0.0,0.0,False,0.0
2025-11-05,20,SANDHSYD_SH_5A,198.90000000000003,-2.842170943040401e-14,True,5569.2
2025-11-05,20,SANDHSYD_SH6,0.0,0.0,False,0.0
2025-11-05,20,SANDHSYD_SH7,0.0,0.0,False,0.0
2025-11-05,20,SANDHSYD_SH_5C,188.2728906775493,2.7271093224507013,True,5271.6409
2025-11-05,20,SILASRAY_SILAS_10,0.0,0.0,False,0.0
2025-11-05,20,SILASRAY_SILAS_9,50.0,0.0,True,1400.0
2025-11-05,20,SILASRAY_SILAS_6,25.0,0.0,True,700.0
2025-11-05,20,GIDEON_GIDEONG1,0.0,0.0,False,0.0
2025-11-05,20,GIDEON_GIDEONG2,0.0,0.0,False,0.0
2025-11-05,20,GIDEON_GIDEONG3,0.0,0.0,False,0.0
2025-11-05,20,SKY1_SKY1A,0.0,0.0,False,0.0
2025-11-05,20,SKY1_SKY1B,0.0,0.0,False,0.0
2025-11-05,20,SPNCER_SPNCE_4,61.0,0.0,True,2135.0
2025-11-05,20,SPNCER_SPNCE_5,65.0,0.0,True,2275.0
2025-11-05,20,SCSES_UNIT1A,94.7214260987113,82.2785739012887,True,3315.2499
2025-11-05,20,SCSES_UNIT2,502.0,0.0,True,17570.0
2025-11-05,20,THW_THWGT_1,16.3,0.0,True,684.6
2025-11-05,20,THW_THWGT31,51.3,0.0,True,1436.4
2025-11-05,20,THW_THWGT32,51.3,0.0,True,1436.4
2025-11-05,20,THW_THWGT33,51.3,0.0,True,1436.4
2025-11-05,20,THW_THWGT34,51.3,0.0,True,1436.4
2025-11-05,20,THW_THWGT41,51.3,0.0,True,1436.4
2025-11-05,20,THW_THWGT42,51.3,0.0,True,1436.4
2025-11-05,20,THW_THWGT43,62.0,0.0,True,1736.0
2025-11-05,20,THW_THWGT44,62.0,0.0,True,1736.0
2025-11-05,20,THW_THWGT51,85.0,0.0,True,3570.0
2025-11-05,20,THW_THWGT52,85.0,0.0,True,3570.0
2025-11-05,20,THW_THWGT53,85.0,0.0,True,3570.0
2025-11-05,20,THW_THWGT54,85.0,0.0,True,3570.0
2025-11-05,20,THW_THWGT55,85.0,0.0,True,3570.0
2025-11-05,20,THW_THWGT56,85.0,0.0,True,3570.0
2025-11-05,20,THW_THWST_3,113.1,0.0,True,3166.8
2025-11-05,20,THW_THWST_4,113.1,0.0,True,3166.8
2025-11-05,20,TXCTY_CTA,129.1,0.0,True,3614.8
2025-11-05,20,TXCTY_CTB,129.1,0.0,True,3614.8
2025-11-05,20,TXCTY_CTC,129.1,0.0,True,3614.8
2025-11-05,20,TXCTY_ST,143.7,0.0,True,4023.6
2025-11-05,20,TGS_GT01,0.0,0.0,False,0.0
2025-11-05,20,TIMPP_AGR1,0.0,0.0,False,0.0
2025-11-05,20,TIMPP_AGR2,0.0,0.0,False,0.0
2025-11-05,20,TIMPP_AGR3,0.0,0.0,False,0.0
2025-11-05,20,TIMPP_AGR4,0.0,0.0,False,0.0
2025-11-05,20,TRSES_UNIT6,239.0,0.0,True,8365.0
2025-11-05,20,TOPAZ_UNIT1,60.5,0.0,True,2541.0
2025-11-05,20,TOPAZ_UNIT2,60.5,0.0,True,2541.0
2025-11-05,20,TOPAZ_UNIT3,60.5,0.0,True,2541.0
2025-11-05,20,TOPAZ_UNIT4,60.5,0.0,True,2541.0
2025-11-05,20,TOPAZ_UNIT5,60.5,0.0,True,2541.0
2025-11-05,20,TOPAZ_UNIT6,60.5,0.0,True,2541.0
2025-11-05,20,TOPAZ_UNIT7,60.5,0.0,True,2541.0
2025-11-05,20,TOPAZ_UNIT8,60.5,0.0,True,2541.0
2025-11-05,20,TOPAZ_UNIT9,60.5,0.0,True,2541.0
2025-11-05,20,TOPAZ_UNIT10,60.5,0.0,True,2541.0
2025-11-05,20,BRAUNIG_VHB6CT5,0.0,0.0,False,0.0
2025-11-05,20,BRAUNIG_VHB6CT6,0.0,0.0,False,0.0
2025-11-05,20,BRAUNIG_VHB6CT7,0.0,0.0,False,0.0
2025-11-05,20,BRAUNIG_VHB6CT8,0.0,0.0,False,0.0
2025-11-05,20,CITYVICT_CTG01,0.0,0.0,False,0.0
2025-11-05,20,CITYVICT_CTG02,0.0,0.0,False,0.0
2025-11-05,20,VICTPORT_CTG01,0.0,0.0,False,0.0
2025-11-05,20,VICTPORT_CTG02,0.0,0.0,False,0.0
2025-11-05,20,VICTORIA_VICTORG6,196.9,0.0,True,5513.2
2025-11-05,20,VICTORIA_VICTORG5,139.21650750681343,40.98349249318656,True,3898.0622
2025-11-05,20,WAP_WAPGT_1,0.0,0.0,False,0.0
2025-11-05,20,WAP_WAP_G1,0.0,0.0,False,0.0
2025-11-05,20,WAP_WAP_G2,0.0,0.0,False,0.0
2025-11-05,20,WAP_WAP_G3,0.0,0.0,False,0.0
2025-11-05,20,WAP_WAP_G4,0.0,0.0,False,0.0
2025-11-05,20,WFCOGEN_UNIT1,20.0,0.0,True,560.0
2025-11-05,20,WFCOGEN_UNIT2,20.0,0.0,True,560.0
2025-11-05,20,WFCOGEN_UNIT3,20.0,0.0,True,560.0
2025-11-05,20,WIPOPA_WPP_G1,6.05,54.45,True,254.1
2025-11-05,20,WIPOPA_WPP_G2,60.5,0.0,True,2541.0
2025-11-05,20,WIPOPA_WPP_G3,6.05,54.45,True,254.1
2025-11-05,20,WIPOPA_WPP_G4,33.19793671032943,27.30206328967057,True,1394.3133
2025-11-05,20,WCPP_CT1,0.0,0.0,False,0.0
2025-11-05,20,WCPP_CT2,0.0,0.0,False,0.0
2025-11-05,20,WCPP_ST1,0.0,0.0,False,0.0
2025-11-05,20,WHCCS_CT1,0.0,0.0,False,0.0
2025-11-05,20,WHCCS_CT2,0.0,0.0,False,0.0
2025-11-05,20,WHCCS_STG,0.0,0.0,False,0.0
2025-11-05,20,WHCCS2_CT4,0.0,0.0,False,0.0
2025-11-05,20,WHCCS2_CT5,0.0,0.0,False,0.0
2025-11-05,20,WHCCS2_STG6,0.0,0.0,False,0.0
2025-11-05,20,NACPW_UNIT1,0.0,0.0,False,0.0
2025-11-05,20,HBR_2UNITS,3.2,0.0,True,128.0
2025-11-05,20,TRIRA_1UNIT,4.0,0.0,True,160.0
2025-11-05,20,78252_4UNITS,0.0,0.0,False,0.0
2025-11-05,20,SPRIN_4UNITS,0.0,0.0,False,0.0
2025-11-05,20,FREIH_2UNITS,0.0,0.0,False,0.0
2025-11-05,20,WSTHL_3UNITS,4.8,0.0,True,192.0
2025-11-05,20,FEGC_CTG2,0.0,0.0,False,0.0
2025-11-05,20,FEGC_CTG3,0.0,0.0,False,0.0
2025-11-05,20,FEGC_CTG4,0.0,0.0,False,0.0
2025-11-05,20,OLNEYTN_AGR1,10.0,0.0,True,600.0
2025-11-05,20,AMISTAD_AMISTAG1,0.0,0.0,False,0.0
2025-11-05,20,AMISTAD_AMISTAG2,0.0,0.0,False,0.0
2025-11-05,20,AUSTPL_AUSTING1,9.0,0.0,True,9.0
2025-11-05,20,AUSTPL_AUSTING2,9.0,0.0,True,9.0
2025-11-05,20,BUCHAN_BUCHANG1,18.299999999999997,3.552713678800501e-15,True,18.3
2025-11-05,20,BUCHAN_BUCHANG2,18.299999999999997,3.552713678800501e-15,True,18.3
2025-11-05,20,BUCHAN_BUCHANG3,18.299999999999997,3.552713678800501e-15,True,18.3
2025-11-05,20,DNDAM_DENISOG1,50.8,0.0,True,50.8
2025-11-05,20,DNDAM_DENISOG2,50.8,0.0,True,50.8
2025-11-05,20,FALCON_FALCONG1,12.0,0.0,True,12.0
2025-11-05,20,FALCON_FALCONG2,12.0,0.0,True,12.0
2025-11-05,20,FALCON_FALCONG3,12.0,0.0,True,12.0
2025-11-05,20,WIRTZ_WIRTZ_G1,29.0,0.0,True,29.0
2025-11-05,20,WIRTZ_WIRTZ_G2,29.0,0.0,True,29.0
2025-11-05,20,CANYHY_CANYHYG1,6.0,0.0,True,6.0
2025-11-05,20,INKSDA_INKS_G1,15.0,0.0,True,15.0
2025-11-05,20,MARBFA_MARBFAG1,21.0,0.0,True,21.0
2025-11-05,20,MARBFA_MARBFAG2,20.0,0.0,True,20.0
2025-11-05,20,MARSFO_MARSFOG1,36.0,0.0,True,36.0
2025-11-05,20,MARSFO_MARSFOG2,36.0,0.0,True,36.0
2025-11-05,20,MARSFO_MARSFOG3,36.0,0.0,True,36.0
2025-11-05,20,WND_WHITNEY1,0.0,0.0,False,0.0
2025-11-05,20,WND_WHITNEY2,0.0,0.0,False,0.0
2025-11-05,20,AEEC_ANTLP_1,0.0,0.0,False,0.0
2025-11-05,20,AEEC_ANTLP_2,0.0,0.0,False,0.0
2025-11-05,20,AEEC_ANTLP_3,0.0,0.0,False,0.0
2025-11-05,20,AEEC_ELK_1,0.0,0.0,False,0.0
2025-11-05,20,AEEC_ELK_2,0.0,0.0,False,0.0
2025-11-05,20,AEEC_ELK_3,0.0,0.0,False,0.0
2025-11-05,20,FTR_FTR_G1,0.0,0.0,False,0.0
2025-11-05,20,FTR_FTR_G2,0.0,0.0,False,0.0
2025-11-05,20,FTR_FTR_G3,0.0,0.0,False,0.0
2025-11-05,20,FTR_FTR_G4,0.0,0.0,False,0.0
2025-11-05,20,TGCCS_CT1,0.0,0.0,False,0.0
2025-11-05,20,TGCCS_CT2,0.0,0.0,False,0.0
2025-11-05,20,TGCCS_CT3,0.0,0.0,False,0.0
2025-11-05,20,TGCCS_UNIT4,120.0,280.0,True,3360.0
2025-11-05,20,KMCHI_1CT101,185.0,0.0,True,5180.0
2025-11-05,20,KMCHI_1CT201,185.0,0.0,True,5180.0
2025-11-05,20,KMCHI_1ST,99.0,231.0,True,2772.0
2025-11-05,20,KMCHI_2CT101,55.5,129.5,True,1554.0
2025-11-05,20,KMCHI_2CT201,55.5,129.5,True,1554.0
2025-11-05,20,KMCHI_2ST,330.0,0.0,True,9240.0
2025-11-05,20,A4_DGR1,0.0,0.0,False,0.0
2025-11-05,20,A4_DGR2,0.0,0.0,False,0.0
2025-11-05,20,K2_DGR1,0.0,0.0,False,0.0
2025-11-05,20,K2_DGR2,0.0,0.0,False,0.0
2025-11-05,20,P2_DGR1,0.0,0.0,False,0.0
2025-11-05,20,P2_DGR2,0.0,0.0,False,0.0
2025-11-05,20,Q1_DGR1,0.0,0.0,False,0.0
2025-11-05,20,BRAUNIG_VHB3,0.0,0.0,False,0.0
2025-11-05,20,V2_DGR1,0.0,0.0,False,0.0
2025-11-05,20,V2_DGR2,0.0,0.0,False,0.0
2025-11-05,20,V2_DGR3,0.0,0.0,False,0.0
2025-11-05,20,V4_DGR1,0.0,0.0,False,0.0
2025-11-05,20,X1_DGR1,0.0,0.0,False,0.0
2025-11-05,20,Z0_DGR1,0.0,0.0,False,0.0
2025-11-05,20,Z0_DGR2,0.0,0.0,False,0.0
2025-11-05,20,Z5_DGR1,0.0,0.0,False,0.0
2025-11-05,20,DC_E,442.3440363138681,157.65596368613188,True,15482.0413
2025-11-05,20,DC_N,204.8136982994818,15.186301700518186,True,7168.4794
2025-11-05,20,DC_L,0.0,0.0,False,0.0
2025-11-05,20,DC_R,0.0,0.0,False,0.0
2025-11-05,20,CEDARVALE_GAS,0.0,0.0,False,0.0
2025-11-05,20,ENCHANTED_ROCK_NEWPP,30.0,0.0,True,1350.0
2025-11-05,21,CPSES_UNIT1,1269.0,0.0,True,10152.0
2025-11-05,21,CPSES_UNIT2,1269.0,0.0,True,10152.0
2025-11-05,21,STP_STP_G1,1365.0,0.0,True,10920.0
2025-11-05,21,STP_STP_G2,1365.0,0.0,True,10920.0
2025-11-05,21,COLETO_COLETOG1,655.0,0.0,True,16375.0
2025-11-05,21,FPPYD1_FPP_G1,615.0,0.0,True,15375.0
2025-11-05,21,FPPYD1_FPP_G2,615.0,0.0,True,15375.0
2025-11-05,21,FPPYD2_FPP_G3,460.0,0.0,True,11500.0
2025-11-05,21,CALAVERS_JKS1,0.0,0.0,False,0.0
2025-11-05,21,CALAVERS_JKS2,660.7017435981746,261.2982564018254,True,16517.5436
2025-11-05,21,LEG_LEG_G1,0.0,0.0,False,0.0
2025-11-05,21,LEG_LEG_G2,0.0,0.0,False,0.0
2025-11-05,21,MLSES_UNIT1,0.0,0.0,False,0.0
2025-11-05,21,MLSES_UNIT2,0.0,0.0,False,0.0
2025-11-05,21,MLSES_UNIT3,0.0,0.0,False,0.0
2025-11-05,21,OGSES_UNIT1A,0.0,0.0,False,0.0
2025-11-05,21,OGSES_UNIT2,0.0,0.0,False,0.0
2025-11-05,21,SANMIGL_G1,430.0,0.0,True,10750.0
2025-11-05,21,SCES_UNIT1,0.0,0.0,False,0.0
2025-11-05,21,TNP_ONE_TNP_O_1,0.0,0.0,False,0.0
2025-11-05,21,TNP_ONE_TNP_O_2,0.0,0.0,False,0.0
2025-11-05,21,WAP_WAP_G5,0.0,0.0,False,0.0
2025-11-05,21,WAP_WAP_G6,0.0,0.0,False,0.0
2025-11-05,21,WAP_WAP_G7,245.84,368.76,True,6146.0
2025-11-05,21,WAP_WAP_G8,456.67762009844154,197.32237990155846,True,11416.9405
2025-11-05,21,BRAUNIG_AVR1_CT1,0.0,0.0,False,0.0
2025-11-05,21,BRAUNIG_AVR1_CT2,0.0,0.0,False,0.0
2025-11-05,21,BRAUNIG_AVR1_ST,0.0,0.0,False,0.0
2025-11-05,21,ATKINS_ATKINSG7,0.0,0.0,False,0.0
2025-11-05,21,B_DAVIS_B_DAVIG3,189.6,0.0,True,5308.8
2025-11-05,21,B_DAVIS_B_DAVIG4,97.13850214956565,92.46149785043434,True,2719.8781
2025-11-05,21,B_DAVIS_B_DAVIG1,0.0,0.0,False,0.0
2025-11-05,21,B_DAVIS_B_DAVIG2,105.3,245.7,True,2948.4
2025-11-05,21,BASTEN_GTG1100,0.0,0.0,False,0.0
2025-11-05,21,BASTEN_GTG2100,0.0,0.0,False,0.0
2025-11-05,21,BASTEN_ST0100,0.0,0.0,False,0.0
2025-11-05,21,BCH_UNIT1,60.5,0.0,True,2541.0
2025-11-05,21,BCH_UNIT2,60.5,0.0,True,2541.0
2025-11-05,21,BCH_UNIT3,60.5,0.0,True,2541.0
2025-11-05,21,BCH_UNIT4,60.5,0.0,True,2541.0
2025-11-05,21,BCH_UNIT5,60.5,0.0,True,2541.0
2025-11-05,21,BCH_UNIT6,60.5,0.0,True,2541.0
2025-11-05,21,BCH_UNIT7,60.5,0.0,True,2541.0
2025-11-05,21,BCH_UNIT8,60.5,0.0,True,2541.0
2025-11-05,21,BOSQUESW_BSQSU_1,0.0,0.0,False,0.0
2025-11-05,21,BOSQUESW_BSQSU_2,0.0,0.0,False,0.0
2025-11-05,21,BOSQUESW_BSQSU_3,0.0,0.0,False,0.0
2025-11-05,21,BOSQUESW_BSQSU_4,0.0,0.0,False,0.0
2025-11-05,21,BOSQUESW_BSQSU_5,0.0,0.0,False,0.0
2025-11-05,21,BVE_UNIT1,198.90000000000003,-2.842170943040401e-14,True,5569.2
2025-11-05,21,BVE_UNIT2,198.90000000000003,-2.842170943040401e-14,True,5569.2
2025-11-05,21,BVE_UNIT3,275.6,0.0,True,7716.8
2025-11-05,21,BTM_UNIT1,60.5,0.0,True,2541.0
2025-11-05,21,BTM_UNIT2,60.5,0.0,True,2541.0
2025-11-05,21,BTM_UNIT3,60.5,0.0,True,2541.0
2025-11-05,21,BTM_UNIT4,60.5,0.0,True,2541.0
2025-11-05,21,BTM_UNIT5,60.5,0.0,True,2541.0
2025-11-05,21,BTM_UNIT6,60.5,0.0,True,2541.0
2025-11-05,21,BTM_UNIT7,60.5,0.0,True,2541.0
2025-11-05,21,BTM_UNIT8,60.5,0.0,True,2541.0
2025-11-05,21,FLCNS_UNIT1,0.0,0.0,False,0.0
2025-11-05,21,FLCNS_UNIT2,0.0,0.0,False,0.0
2025-11-05,21,CALHOUN_UNIT1,0.0,0.0,False,0.0
2025-11-05,21,CALHOUN_UNIT2,0.0,0.0,False,0.0
2025-11-05,21,CHAMON_CTG_0101,60.5,0.0,True,2541.0
2025-11-05,21,CHAMON_CTG_0301,60.5,0.0,True,2541.0
2025-11-05,21,CBY4_CT41,205.0,0.0,True,5740.0
2025-11-05,21,CBY4_CT42,205.0,0.0,True,5740.0
2025-11-05,21,CBY4_ST04,205.0,0.0,True,5740.0
2025-11-05,21,CBY_CBY_G1,765.0,0.0,True,26775.0
2025-11-05,21,CBY_CBY_G2,765.0,0.0,True,26775.0
2025-11-05,21,CBEC_GT1,86.5,0.0,True,2422.0
2025-11-05,21,CBEC_GT2,86.5,0.0,True,2422.0
2025-11-05,21,CBEC_GT3,86.5,0.0,True,2422.0
2025-11-05,21,CBEC_GT4,86.5,0.0,True,2422.0
2025-11-05,21,CBEC_STG1,105.0,0.0,True,2940.0
2025-11-05,21,CBEC_STG2,108.79999999999997,2.842170943040401e-14,True,3046.4
2025-11-05,21,CBECII_CT7,360.9,0.0,True,10105.2
2025-11-05,21,CBECII_CT8,360.9,0.0,True,10105.2
2025-11-05,21,CBECII_STG9,326.7407772059077,181.7592227940923,True,9148.7418
2025-11-05,21,CBEC_GT11,41.7,0.0,True,1751.4
2025-11-05,21,CBEC_GT12,8.134855534367615,33.565144465632386,True,341.6639
2025-11-05,21,CVC_CVC_G1,192.1,0.0,True,5378.8
2025-11-05,21,CVC_CVC_G2,192.1,0.0,True,5378.8
2025-11-05,21,CVC_CVC_G3,192.1,0.0,True,5378.8
2025-11-05,21,CVC_CVC_G5,150.0,0.0,True,4200.0
2025-11-05,21,DANSBY_DANSBYG2,0.0,0.0,False,0.0
2025-11-05,21,DANSBY_DANSBYG3,0.0,0.0,False,0.0
2025-11-05,21,DANSBY_DANSBYG1,0.0,0.0,False,0.0
2025-11-05,21,DECKER_DPGT_1,0.0,0.0,False,0.0
2025-11-05,21,DECKER_DPGT_2,0.0,0.0,False,0.0
2025-11-05,21,DECKER_DPGT_3,0.0,0.0,False,0.0
2025-11-05,21,DECKER_DPGT_4,0.0,0.0,False,0.0
2025-11-05,21,DCSES_CT10,0.0,0.0,False,0.0
2025-11-05,21,DCSES_CT20,0.0,0.0,False,0.0
2025-11-05,21,DCSES_CT30,0.0,0.0,False,0.0
2025-11-05,21,DCSES_CT40,0.0,0.0,False,0.0
2025-11-05,21,DDPEC_GT1,0.0,0.0,False,0.0
2025-11-05,21,DDPEC_GT2,64.5,150.5,True,1806.0
2025-11-05,21,DDPEC_GT3,60.9,142.1,True,1705.2
2025-11-05,21,DDPEC_GT4,0.0,0.0,False,0.0
2025-11-05,21,DDPEC_GT6,59.7,139.3,True,1671.6
2025-11-05,21,DDPEC_ST1,87.0,203.0,True,2436.0
2025-11-05,21,DEC_AGR_A,56.5,0.0,True,2542.5
2025-11-05,21,DEC_AGR_B,56.5,0.0,True,2542.5
2025-11-05,21,DEC_AGR_C,56.5,0.0,True,2542.5
2025-11-05,21,DEC_AGR_D,56.5,0.0,True,2542.5
2025-11-05,21,ECEC_G1,0.0,0.0,False,0.0
2025-11-05,21,ECEC_G2,0.0,0.0,False,0.0
2025-11-05,21,ETCCS_CT1,260.0,0.0,True,7280.0
2025-11-05,21,ETCCS_UNIT1,140.0,0.0,True,3920.0
2025-11-05,21,AZ_AZ_G1,0.0,0.0,False,0.0
2025-11-05,21,AZ_AZ_G2,0.0,0.0,False,0.0
2025-11-05,21,AZ_AZ_G3,0.0,0.0,False,0.0
2025-11-05,21,AZ_AZ_G4,0.0,0.0,False,0.0
2025-11-05,21,FERGCC_FERGGT1,0.0,0.0,False,0.0
2025-11-05,21,FERGCC_FERGGT2,0.0,0.0,False,0.0
2025-11-05,21,FERGCC_FERGST1,83.43444619346388,120.56555380653612,True,2336.1645
2025-11-05,21,FRNYPP_GT11,0.0,0.0,False,0.0
2025-11-05,21,FRNYPP_GT12,0.0,0.0,False,0.0
2025-11-05,21,FRNYPP_GT13,0.0,0.0,False,0.0
2025-11-05,21,FRNYPP_GT21,0.0,0.0,False,0.0
2025-11-05,21,FRNYPP_GT22,0.0,0.0,False,0.0
2025-11-05,21,FRNYPP_GT23,0.0,0.0,False,0.0
2025-11-05,21,FRNYPP_ST10,0.0,0.0,False,0.0
2025-11-05,21,FRNYPP_ST20,0.0,0.0,False,0.0
2025-11-05,21,FREC_GT1,133.06699938083688,46.33300061916313,True,3725.876
2025-11-05,21,FREC_GT2,179.4,0.0,True,5023.2
2025-11-05,21,FREC_GT4,53.82,125.58000000000001,True,1506.96
2025-11-05,21,FREC_GT5,179.4,0.0,True,5023.2
2025-11-05,21,FREC_ST3,57.21,133.48999999999998,True,1601.88
2025-11-05,21,FREC_ST6,57.21,133.48999999999998,True,1601.88
2025-11-05,21,FEGC_UNIT1,0.0,0.0,False,0.0
2025-11-05,21,FRONT_EC_CT1,160.30561036149393,16.694389638506067,True,4488.5571
2025-11-05,21,FRONT_EC_CT2,177.0,0.0,True,4956.0
2025-11-05,21,FRONT_EC_ST,184.5,0.0,True,5166.0
2025-11-05,21,GRSES_UNIT1,239.0,0.0,True,8365.0
2025-11-05,21,GRSES_UNIT2,390.0,0.0,True,13650.0
2025-11-05,21,GBY_GBYGT73,72.0,0.0,True,3024.0
2025-11-05,21,GBY_GBYGT74,72.0,0.0,True,3024.0
2025-11-05,21,GBY_GBYGT81,72.0,0.0,True,3024.0
2025-11-05,21,GBY_GBYGT82,72.0,0.0,True,3024.0
2025-11-05,21,GBY_GBYGT83,72.0,0.0,True,3024.0
2025-11-05,21,GBY_GBYGT84,72.0,0.0,True,3024.0
2025-11-05,21,STEAM_ENGINE_1,0.0,0.0,False,0.0
2025-11-05,21,STEAM_ENGINE_2,0.0,0.0,False,0.0
2025-11-05,21,STEAM_ENGINE_3,0.0,0.0,False,0.0
2025-11-05,21,LGE_LGE_GT1,55.5,129.5,True,1554.0
2025-11-05,21,LGE_LGE_GT2,185.0,0.0,True,5180.0
2025-11-05,21,LGE_LGE_STG,30.0,70.0,True,840.0
2025-11-05,21,GUADG_GAS1,0.0,0.0,False,0.0
2025-11-05,21,GUADG_GAS2,0.0,0.0,False,0.0
2025-11-05,21,GUADG_GAS3,0.0,0.0,False,0.0
2025-11-05,21,GUADG_GAS4,0.0,0.0,False,0.0
2025-11-05,21,GUADG_STM5,0.0,0.0,False,0.0
2025-11-05,21,GUADG_STM6,0.0,0.0,False,0.0
2025-11-05,21,HLSES_UNIT3,395.0,0.0,True,13825.0
2025-11-05,21,HLSES_UNIT4,435.0,0.0,True,15225.0
2025-11-05,21,HLSES_UNIT5,435.0,0.0,True,15225.0
2025-11-05,21,HAYSEN_HAYSENG1,0.0,0.0,False,0.0
2025-11-05,21,HAYSEN_HAYSENG2,0.0,0.0,False,0.0
2025-11-05,21,HAYSEN_HAYSENG3,0.0,0.0,False,0.0
2025-11-05,21,HAYSEN_HAYSENG4,0.0,0.0,False,0.0
2025-11-05,21,DUKE_DUKE_GT1,176.6,0.0,True,4944.8
2025-11-05,21,DUKE_DUKE_GT2,176.6,0.0,True,4944.8
2025-11-05,21,DUKE_DUKE_ST1,59.43,138.67,True,1664.04
2025-11-05,21,JACKCNTY_CT1,59.67,139.23,True,1670.76
2025-11-05,21,JACKCNTY_CT2,59.67,139.23,True,1670.76
2025-11-05,21,JCKCNTY2_CT3,59.67,139.23,True,1670.76
2025-11-05,21,JCKCNTY2_CT4,59.67,139.23,True,1670.76
2025-11-05,21,JACKCNTY_STG,0.0,0.0,False,0.0
2025-11-05,21,JCKCNTY2_ST2,0.0,0.0,False,0.0
2025-11-05,21,TEN_CT1,0.0,0.0,False,0.0
2025-11-05,21,TEN_STG,0.0,0.0,False,0.0
2025-11-05,21,LHSES_UNIT1,0.0,0.0,False,0.0
2025-11-05,21,LHSES_UNIT2A,0.0,0.0,False,0.0
2025-11-05,21,LPCCS_CT11,0.0,0.0,False,0.0
2025-11-05,21,LPCCS_CT12,132.9895228984762,53.010477101523804,True,3723.7066
2025-11-05,21,LPCCS_CT21,0.0,0.0,False,0.0
2025-11-05,21,LPCCS_CT22,0.0,0.0,False,0.0
2025-11-05,21,LPCCS_UNIT1,64.8,151.2,True,1814.4
2025-11-05,21,LPCCS_UNIT2,64.8,151.2,True,1814.4
2025-11-05,21,LARDVFTN_G4,0.0,0.0,False,0.0
2025-11-05,21,LARDVFTN_G5,0.0,0.0,False,0.0
2025-11-05,21,LEON_CRK_LCPCT1,0.0,0.0,False,0.0
2025-11-05,21,LEON_CRK_LCPCT2,0.0,0.0,False,0.0
2025-11-05,21,LEON_CRK_LCPCT3,0.0,0.0,False,0.0
2025-11-05,21,LEON_CRK_LCPCT4,0.0,0.0,False,0.0
2025-11-05,21,LIG_UNIT1,0.0,0.0,False,0.0
2025-11-05,21,LIG_UNIT2,0.0,0.0,False,0.0
2025-11-05,21,LOSTPI_LOSTPGT1,202.5,0.0,True,5670.0
2025-11-05,21,LOSTPI_LOSTPGT2,202.5,0.0,True,5670.0
2025-11-05,21,LOSTPI_LOSTPST1,204.0,0.0,True,5712.0
2025-11-05,21,NEDIN_NEDIN_G1,0.0,0.0,False,0.0
2025-11-05,21,NEDIN_NEDIN_G2,0.0,0.0,False,0.0
2025-11-05,21,NEDIN_NEDIN_G3,0.0,0.0,False,0.0
2025-11-05,21,MDANP_CT1,0.0,0.0,False,0.0
2025-11-05,21,MDANP_CT2,0.0,0.0,False,0.0
2025-11-05,21,MDANP_CT3,0.0,0.0,False,0.0
2025-11-05,21,MDANP_CT4,0.0,0.0,False,0.0
2025-11-05,21,MDANP_CT5,0.0,0.0,False,0.0
2025-11-05,21,MDANP_CT6,0.0,0.0,False,0.0
2025-11-05,21,MGSES_CT1,0.0,0.0,False,0.0
2025-11-05,21,MGSES_CT2,0.0,0.0,False,0.0
2025-11-05,21,MGSES_CT3,0.0,0.0,False,0.0
2025-11-05,21,MGSES_CT4,0.0,0.0,False,0.0
2025-11-05,21,MGSES_CT5,0.0,0.0,False,0.0
2025-11-05,21,MGSES_CT6,0.0,0.0,False,0.0
2025-11-05,21,MCSES_UNIT6,122.0,0.0,True,4270.0
2025-11-05,21,MCSES_UNIT7,118.0,0.0,True,4130.0
2025-11-05,21,MCSES_UNIT8,568.0,0.0,True,19880.0
2025-11-05,21,NUECES_B_NUECESG8,56.88,132.72,True,1592.64
2025-11-05,21,NUECES_B_NUECESG9,56.88,132.72,True,1592.64
2025-11-05,21,NUECES_B_NUECESG7,0.0,0.0,False,0.0
2025-11-05,21,CALAVERS_OWS1,0.0,0.0,False,0.0
2025-11-05,21,CALAVERS_OWS2,0.0,0.0,False,0.0
2025-11-05,21,OECCS_CT11,58.56,136.64,True,1639.68
2025-11-05,21,OECCS_CT12,56.73,132.37,True,1588.44
2025-11-05,21,OECCS_CT21,0.0,0.0,False,0.0
2025-11-05,21,OECCS_CT22,56.73,132.37,True,1588.44
2025-11-05,21,OECCS_UNIT1,76.4089443357371,147.5910556642629,True,2139.4504
2025-11-05,21,OECCS_UNIT2,67.2,156.8,True,1881.6
2025-11-05,21,VICTPRT2_UNIT1,0.0,0.0,False,0.0
2025-11-05,21,VICTPRT2_UNIT2,0.0,0.0,False,0.0
2025-11-05,21,PANDA_S_SHER1CT1,0.0,0.0,False,0.0
2025-11-05,21,PANDA_S_SHER1CT2,0.0,0.0,False,0.0
2025-11-05,21,PANDA_S_SHER1ST1,346.19560605466984,6.904393945330213,True,9693.477
2025-11-05,21,PANDA_T1_TMPL1CT1,0.0,0.0,False,0.0
2025-11-05,21,PANDA_T1_TMPL1CT2,0.0,0.0,False,0.0
2025-11-05,21,PANDA_T1_TMPL1ST1,0.0,0.0,False,0.0
2025-11-05,21,PANDA_T2_TMPL2CT1,0.0,0.0,False,0.0
2025-11-05,21,PANDA_T2_TMPL2CT2,0.0,0.0,False,0.0
2025-11-05,21,PANDA_T2_TMPL2ST1,0.0,0.0,False,0.0
2025-11-05,21,TNSKA_GT1,0.0,0.0,False,0.0
2025-11-05,21,TNSKA_GT2,0.0,0.0,False,0.0
2025-11-05,21,TNSKA_STG,0.0,0.0,False,0.0
2025-11-05,21,PSG_PSG_GT2,146.27169993659686,68.82830006340315,True,4095.6076
2025-11-05,21,PSG_PSG_GT3,0.0,0.0,False,0.0
2025-11-05,21,PSG_PSG_ST2,58.65,136.85,True,1642.2
2025-11-05,21,PEARSAL2_AGR_A,0.0,0.0,False,0.0
2025-11-05,21,PEARSAL2_AGR_B,0.0,0.0,False,0.0
2025-11-05,21,PEARSAL2_AGR_C,0.0,0.0,False,0.0
2025-11-05,21,PEARSAL2_AGR_D,0.0,0.0,False,0.0
2025-11-05,21,PB2SES_CT1,0.0,0.0,False,0.0
2025-11-05,21,PB2SES_CT2,0.0,0.0,False,0.0
2025-11-05,21,PB2SES_CT3,0.0,0.0,False,0.0
2025-11-05,21,PB2SES_CT4,0.0,0.0,False,0.0
2025-11-05,21,PB2SES_CT5,0.0,0.0,False,0.0
2025-11-05,21,PRO_UNIT1,0.0,0.0,False,0.0
2025-11-05,21,PRO_UNIT2,0.0,0.0,False,0.0
2025-11-05,21,PRO_UNIT3,0.0,0.0,False,0.0
2025-11-05,21,PRO_UNIT4,0.0,0.0,False,0.0
2025-11-05,21,PRO_UNIT5,0.0,0.0,False,0.0
2025-11-05,21,PRO_UNIT6,0.0,0.0,False,0.0
2025-11-05,21,PRO_UNIT7,0.0,0.0,False,0.0
2025-11-05,21,PRO_UNIT8,0.0,0.0,False,0.0
2025-11-05,21,BAC_CTG1,65.0,0.0,True,2730.0
2025-11-05,21,BAC_CTG2,65.0,0.0,True,2730.0
2025-11-05,21,BAC_CTG3,65.0,0.0,True,2730.0
2025-11-05,21,BAC_CTG4,65.0,0.0,True,2730.0
2025-11-05,21,BAC_CTG5,65.0,0.0,True,2730.0
2025-11-05,21,BAC_CTG6,65.0,0.0,True,2730.0
2025-11-05,21,STEAM1A_STEAM_1,0.0,0.0,False,0.0
2025-11-05,21,STEAM_STEAM_2,0.0,0.0,False,0.0
2025-11-05,21,STEAM_STEAM_3,0.0,0.0,False,0.0
2025-11-05,21,QALSW_GT1,90.6,0.0,True,2536.8
2025-11-05,21,QALSW_GT2,90.6,0.0,True,2536.8
2025-11-05,21,QALSW_GT3,90.59999999999998,1.4210854715202004e-14,True,2536.8
2025-11-05,21,QALSW_GT4,90.6,0.0,True,2536.8
2025-11-05,21,QALSW_STG1,98.10000000000014,-1.4210854715202004e-13,True,2746.8
2025-11-05,21,QALSW_STG2,98.1,0.0,True,2746.8
2025-11-05,21,MIL_MILLERG4,116.0,0.0,True,4872.0
2025-11-05,21,MIL_MILLERG5,116.0,0.0,True,4872.0
2025-11-05,21,MIL_MILLERG1,75.0,0.0,True,2625.0
2025-11-05,21,MIL_MILLERG2,120.0,0.0,True,4200.0
2025-11-05,21,MIL_MILLERG3,216.0,0.0,True,7560.0
2025-11-05,21,OLINGR_OLING_4,0.0,0.0,False,0.0
2025-11-05,21,OLINGR_OLING_2,0.0,0.0,False,0.0
2025-11-05,21,OLINGR_OLING_3,0.0,0.0,False,0.0
2025-11-05,21,RAB_UNIT1,0.0,0.0,False,0.0
2025-11-05,21,RAB_UNIT2,0.0,0.0,False,0.0
2025-11-05,21,RAB_UNIT3,0.0,0.0,False,0.0
2025-11-05,21,RAB_UNIT4,0.0,0.0,False,0.0
2025-11-05,21,RAB_UNIT5,0.0,0.0,False,0.0
2025-11-05,21,RAB_UNIT6,0.0,0.0,False,0.0
2025-11-05,21,RAB_UNIT7,0.0,0.0,False,0.0
2025-11-05,21,RAB_UNIT8,0.0,0.0,False,0.0
2025-11-05,21,REDGATE_AGR_A,0.0,0.0,False,0.0
2025-11-05,21,REDGATE_AGR_B,0.0,0.0,False,0.0
2025-11-05,21,REDGATE_AGR_C,0.0,0.0,False,0.0
2025-11-05,21,REDGATE_AGR_D,0.0,0.0,False,0.0
2025-11-05,21,JAD_UNIT1,0.0,0.0,False,0.0
2025-11-05,21,JAD_UNIT2,0.0,0.0,False,0.0
2025-11-05,21,JAD_UNIT3,0.0,0.0,False,0.0
2025-11-05,21,JAD_UNIT4,0.0,0.0,False,0.0
2025-11-05,21,JAD_UNIT5,0.0,0.0,False,0.0
2025-11-05,21,JAD_UNIT6,0.0,0.0,False,0.0
2025-11-05,21,JAD_UNIT7,0.0,0.0,False,0.0
2025-11-05,21,JAD_UNIT8,0.0,0.0,False,0.0
2025-11-05,21,RIONOG_CT1,0.0,0.0,False,0.0
2025-11-05,21,RIONOG_CT2,0.0,0.0,False,0.0
2025-11-05,21,RIONOG_CT3,0.0,0.0,False,0.0
2025-11-05,21,RIONOG_ST1,0.0,0.0,False,0.0
2025-11-05,21,RAYBURN_RAYBURG7,60.5,0.0,True,1694.0
2025-11-05,21,RAYBURN_RAYBURG8,60.5,0.0,True,1694.0
2025-11-05,21,RAYBURN_RAYBURG9,60.5,0.0,True,1694.0
2025-11-05,21,RAYBURN_RAYBURG10,12.6,29.4,True,352.8
2025-11-05,21,SJS_SJS_G1,88.19999999999999,1.4210854715202004e-14,True,3704.4
2025-11-05,21,SJS_SJS_G2,88.19999999999999,1.4210854715202004e-14,True,3704.4
2025-11-05,21,SANDHSYD_SH1,0.0,0.0,False,0.0
2025-11-05,21,SANDHSYD_SH2,0.0,0.0,False,0.0
2025-11-05,21,SANDHSYD_SH3,0.0,0.0,False,0.0
2025-11-05,21,SANDHSYD_SH4,0.0,0.0,False,0.0
2025-11-05,21,SANDHSYD_SH_5A,198.90000000000003,-2.842170943040401e-14,True,5569.2
2025-11-05,21,SANDHSYD_SH6,0.0,0.0,False,0.0
2025-11-05,21,SANDHSYD_SH7,0.0,0.0,False,0.0
2025-11-05,21,SANDHSYD_SH_5C,188.26254687119803,2.737453128801974,True,5271.3513
2025-11-05,21,SILASRAY_SILAS_10,0.0,0.0,False,0.0
2025-11-05,21,SILASRAY_SILAS_9,50.0,0.0,True,1400.0
2025-11-05,21,SILASRAY_SILAS_6,25.0,0.0,True,700.0
2025-11-05,21,GIDEON_GIDEONG1,0.0,0.0,False,0.0
2025-11-05,21,GIDEON_GIDEONG2,0.0,0.0,False,0.0
2025-11-05,21,GIDEON_GIDEONG3,0.0,0.0,False,0.0
2025-11-05,21,SKY1_SKY1A,0.0,0.0,False,0.0
2025-11-05,21,SKY1_SKY1B,0.0,0.0,False,0.0
2025-11-05,21,SPNCER_SPNCE_4,61.0,0.0,True,2135.0
2025-11-05,21,SPNCER_SPNCE_5,65.0,0.0,True,2275.0
2025-11-05,21,SCSES_UNIT1A,94.74428431703191,82.25571568296809,True,3316.05
2025-11-05,21,SCSES_UNIT2,502.0,0.0,True,17570.0
2025-11-05,21,THW_THWGT_1,16.3,0.0,True,684.6
2025-11-05,21,THW_THWGT31,51.3,0.0,True,1436.4
2025-11-05,21,THW_THWGT32,51.3,0.0,True,1436.4
2025-11-05,21,THW_THWGT33,51.3,0.0,True,1436.4
2025-11-05,21,THW_THWGT34,51.3,0.0,True,1436.4
2025-11-05,21,THW_THWGT41,51.3,0.0,True,1436.4
2025-11-05,21,THW_THWGT42,51.3,0.0,True,1436.4
2025-11-05,21,THW_THWGT43,62.0,0.0,True,1736.0
2025-11-05,21,THW_THWGT44,62.0,0.0,True,1736.0
2025-11-05,21,THW_THWGT51,85.0,0.0,True,3570.0
2025-11-05,21,THW_THWGT52,85.0,0.0,True,3570.0
2025-11-05,21,THW_THWGT53,85.0,0.0,True,3570.0
2025-11-05,21,THW_THWGT54,85.0,0.0,True,3570.0
2025-11-05,21,THW_THWGT55,85.0,0.0,True,3570.0
2025-11-05,21,THW_THWGT56,85.0,0.0,True,3570.0
2025-11-05,21,THW_THWST_3,113.1,0.0,True,3166.8
2025-11-05,21,THW_THWST_4,113.1,0.0,True,3166.8
2025-11-05,21,TXCTY_CTA,129.1,0.0,True,3614.8
2025-11-05,21,TXCTY_CTB,129.1,0.0,True,3614.8
2025-11-05,21,TXCTY_CTC,129.1,0.0,True,3614.8
2025-11-05,21,TXCTY_ST,143.7,0.0,True,4023.6
2025-11-05,21,TGS_GT01,0.0,0.0,False,0.0
2025-11-05,21,TIMPP_AGR1,0.0,0.0,False,0.0
2025-11-05,21,TIMPP_AGR2,0.0,0.0,False,0.0
2025-11-05,21,TIMPP_AGR3,0.0,0.0,False,0.0
2025-11-05,21,TIMPP_AGR4,0.0,0.0,False,0.0
2025-11-05,21,TRSES_UNIT6,239.0,0.0,True,8365.0
2025-11-05,21,TOPAZ_UNIT1,60.5,0.0,True,2541.0
2025-11-05,21,TOPAZ_UNIT2,60.5,0.0,True,2541.0
2025-11-05,21,TOPAZ_UNIT3,60.5,0.0,True,2541.0
2025-11-05,21,TOPAZ_UNIT4,60.5,0.0,True,2541.0
2025-11-05,21,TOPAZ_UNIT5,60.5,0.0,True,2541.0
2025-11-05,21,TOPAZ_UNIT6,60.5,0.0,True,2541.0
2025-11-05,21,TOPAZ_UNIT7,60.5,0.0,True,2541.0
2025-11-05,21,TOPAZ_UNIT8,60.5,0.0,True,2541.0
2025-11-05,21,TOPAZ_UNIT9,60.5,0.0,True,2541.0
2025-11-05,21,TOPAZ_UNIT10,60.5,0.0,True,2541.0
2025-11-05,21,BRAUNIG_VHB6CT5,0.0,0.0,False,0.0
2025-11-05,21,BRAUNIG_VHB6CT6,0.0,0.0,False,0.0
2025-11-05,21,BRAUNIG_VHB6CT7,0.0,0.0,False,0.0
2025-11-05,21,BRAUNIG_VHB6CT8,0.0,0.0,False,0.0
2025-11-05,21,CITYVICT_CTG01,0.0,0.0,False,0.0
2025-11-05,21,CITYVICT_CTG02,0.0,0.0,False,0.0
2025-11-05,21,VICTPORT_CTG01,0.0,0.0,False,0.0
2025-11-05,21,VICTPORT_CTG02,0.0,0.0,False,0.0
2025-11-05,21,VICTORIA_VICTORG6,196.9,0.0,True,5513.2
2025-11-05,21,VICTORIA_VICTORG5,139.21938272907155,40.980617270928434,True,3898.1427
2025-11-05,21,WAP_WAPGT_1,0.0,0.0,False,0.0
2025-11-05,21,WAP_WAP_G1,0.0,0.0,False,0.0
2025-11-05,21,WAP_WAP_G2,0.0,0.0,False,0.0
2025-11-05,21,WAP_WAP_G3,0.0,0.0,False,0.0
2025-11-05,21,WAP_WAP_G4,0.0,0.0,False,0.0
2025-11-05,21,WFCOGEN_UNIT1,20.0,0.0,True,560.0
2025-11-05,21,WFCOGEN_UNIT2,20.0,0.0,True,560.0
2025-11-05,21,WFCOGEN_UNIT3,20.0,0.0,True,560.0
2025-11-05,21,WIPOPA_WPP_G1,6.05,54.45,True,254.1
2025-11-05,21,WIPOPA_WPP_G2,60.5,0.0,True,2541.0
2025-11-05,21,WIPOPA_WPP_G3,6.05,54.45,True,254.1
2025-11-05,21,WIPOPA_WPP_G4,33.19542729028662,27.304572709713383,True,1394.2079
2025-11-05,21,WCPP_CT1,0.0,0.0,False,0.0
2025-11-05,21,WCPP_CT2,0.0,0.0,False,0.0
2025-11-05,21,WCPP_ST1,0.0,0.0,False,0.0
2025-11-05,21,WHCCS_CT1,0.0,0.0,False,0.0
2025-11-05,21,WHCCS_CT2,0.0,0.0,False,0.0
2025-11-05,21,WHCCS_STG,0.0,0.0,False,0.0
2025-11-05,21,WHCCS2_CT4,0.0,0.0,False,0.0
2025-11-05,21,WHCCS2_CT5,0.0,0.0,False,0.0
2025-11-05,21,WHCCS2_STG6,0.0,0.0,False,0.0
2025-11-05,21,NACPW_UNIT1,0.0,0.0,False,0.0
2025-11-05,21,HBR_2UNITS,3.2,0.0,True,128.0
2025-11-05,21,TRIRA_1UNIT,4.0,0.0,True,160.0
2025-11-05,21,78252_4UNITS,0.0,0.0,False,0.0
2025-11-05,21,SPRIN_4UNITS,0.0,0.0,False,0.0
2025-11-05,21,FREIH_2UNITS,0.0,0.0,False,0.0
2025-11-05,21,WSTHL_3UNITS,4.8,0.0,True,192.0
2025-11-05,21,FEGC_CTG2,0.0,0.0,False,0.0
2025-11-05,21,FEGC_CTG3,0.0,0.0,False,0.0
2025-11-05,21,FEGC_CTG4,0.0,0.0,False,0.0
2025-11-05,21,OLNEYTN_AGR1,10.0,0.0,True,600.0
2025-11-05,21,AMISTAD_AMISTAG1,0.0,0.0,False,0.0
2025-11-05,21,AMISTAD_AMISTAG2,0.0,0.0,False,0.0
2025-11-05,21,AUSTPL_AUSTING1,9.0,0.0,True,9.0
2025-11-05,21,AUSTPL_AUSTING2,9.0,0.0,True,9.0
2025-11-05,21,BUCHAN_BUCHANG1,18.299999999999997,3.552713678800501e-15,True,18.3
2025-11-05,21,BUCHAN_BUCHANG2,18.299999999999997,3.552713678800501e-15,True,18.3
2025-11-05,21,BUCHAN_BUCHANG3,18.299999999999997,3.552713678800501e-15,True,18.3
2025-11-05,21,DNDAM_DENISOG1,50.8,0.0,True,50.8
2025-11-05,21,DNDAM_DENISOG2,50.8,0.0,True,50.8
2025-11-05,21,FALCON_FALCONG1,12.0,0.0,True,12.0
2025-11-05,21,FALCON_FALCONG2,12.0,0.0,True,12.0
2025-11-05,21,FALCON_FALCONG3,12.0,0.0,True,12.0
2025-11-05,21,WIRTZ_WIRTZ_G1,29.0,0.0,True,29.0
2025-11-05,21,WIRTZ_WIRTZ_G2,29.0,0.0,True,29.0
2025-11-05,21,CANYHY_CANYHYG1,6.0,0.0,True,6.0
2025-11-05,21,INKSDA_INKS_G1,15.0,0.0,True,15.0
2025-11-05,21,MARBFA_MARBFAG1,21.0,0.0,True,21.0
2025-11-05,21,MARBFA_MARBFAG2,20.0,0.0,True,20.0
2025-11-05,21,MARSFO_MARSFOG1,36.0,0.0,True,36.0
2025-11-05,21,MARSFO_MARSFOG2,36.0,0.0,True,36.0
2025-11-05,21,MARSFO_MARSFOG3,36.0,0.0,True,36.0
2025-11-05,21,WND_WHITNEY1,0.0,0.0,False,0.0
2025-11-05,21,WND_WHITNEY2,0.0,0.0,False,0.0
2025-11-05,21,AEEC_ANTLP_1,0.0,0.0,False,0.0
2025-11-05,21,AEEC_ANTLP_2,0.0,0.0,False,0.0
2025-11-05,21,AEEC_ANTLP_3,0.0,0.0,False,0.0
2025-11-05,21,AEEC_ELK_1,0.0,0.0,False,0.0
2025-11-05,21,AEEC_ELK_2,0.0,0.0,False,0.0
2025-11-05,21,AEEC_ELK_3,0.0,0.0,False,0.0
2025-11-05,21,FTR_FTR_G1,0.0,0.0,False,0.0
2025-11-05,21,FTR_FTR_G2,0.0,0.0,False,0.0
2025-11-05,21,FTR_FTR_G3,0.0,0.0,False,0.0
2025-11-05,21,FTR_FTR_G4,0.0,0.0,False,0.0
2025-11-05,21,TGCCS_CT1,0.0,0.0,False,0.0
2025-11-05,21,TGCCS_CT2,0.0,0.0,False,0.0
2025-11-05,21,TGCCS_CT3,0.0,0.0,False,0.0
2025-11-05,21,TGCCS_UNIT4,120.0,280.0,True,3360.0
2025-11-05,21,KMCHI_1CT101,185.0,0.0,True,5180.0
2025-11-05,21,KMCHI_1CT201,185.0,0.0,True,5180.0
2025-11-05,21,KMCHI_1ST,99.0,231.0,True,2772.0
2025-11-05,21,KMCHI_2CT101,55.5,129.5,True,1554.0
2025-11-05,21,KMCHI_2CT201,55.5,129.5,True,1554.0
2025-11-05,21,KMCHI_2ST,330.0,0.0,True,9240.0
2025-11-05,21,A4_DGR1,0.0,0.0,False,0.0
2025-11-05,21,A4_DGR2,0.0,0.0,False,0.0
2025-11-05,21,K2_DGR1,0.0,0.0,False,0.0
2025-11-05,21,K2_DGR2,0.0,0.0,False,0.0
2025-11-05,21,P2_DGR1,0.0,0.0,False,0.0
2025-11-05,21,P2_DGR2,0.0,0.0,False,0.0
2025-11-05,21,Q1_DGR1,0.0,0.0,False,0.0
2025-11-05,21,BRAUNIG_VHB3,0.0,0.0,False,0.0
2025-11-05,21,V2_DGR1,0.0,0.0,False,0.0
2025-11-05,21,V2_DGR2,0.0,0.0,False,0.0
2025-11-05,21,V2_DGR3,0.0,0.0,False,0.0
2025-11-05,21,V4_DGR1,0.0,0.0,False,0.0
2025-11-05,21,X1_DGR1,0.0,0.0,False,0.0
2025-11-05,21,Z0_DGR1,0.0,0.0,False,0.0
2025-11-05,21,Z0_DGR2,0.0,0.0,False,0.0
2025-11-05,21,Z5_DGR1,0.0,0.0,False,0.0
2025-11-05,21,DC_E,437.9058039683553,162.09419603164469,True,15326.7031
2025-11-05,21,DC_N,204.7751917798808,15.2248082201192,True,7167.1317
2025-11-05,21,DC_L,0.0,0.0,False,0.0
2025-11-05,21,DC_R,0.0,0.0,False,0.0
2025-11-05,21,CEDARVALE_GAS,0.0,0.0,False,0.0
2025-11-05,21,ENCHANTED_ROCK_NEWPP,30.0,0.0,True,1350.0
2025-11-05,22,CPSES_UNIT1,1269.0,0.0,True,10152.0
2025-11-05,22,CPSES_UNIT2,1269.0,0.0,True,10152.0
2025-11-05,22,STP_STP_G1,1365.0,0.0,True,10920.0
2025-11-05,22,STP_STP_G2,1365.0,0.0,True,10920.0
2025-11-05,22,COLETO_COLETOG1,655.0,0.0,True,16375.0
2025-11-05,22,FPPYD1_FPP_G1,615.0,0.0,True,15375.0
2025-11-05,22,FPPYD1_FPP_G2,615.0,0.0,True,15375.0
2025-11-05,22,FPPYD2_FPP_G3,460.0,0.0,True,11500.0
2025-11-05,22,CALAVERS_JKS1,0.0,0.0,False,0.0
2025-11-05,22,CALAVERS_JKS2,660.7017435981655,261.2982564018345,True,16517.5436
2025-11-05,22,LEG_LEG_G1,0.0,0.0,False,0.0
2025-11-05,22,LEG_LEG_G2,0.0,0.0,False,0.0
2025-11-05,22,MLSES_UNIT1,0.0,0.0,False,0.0
2025-11-05,22,MLSES_UNIT2,0.0,0.0,False,0.0
2025-11-05,22,MLSES_UNIT3,0.0,0.0,False,0.0
2025-11-05,22,OGSES_UNIT1A,0.0,0.0,False,0.0
2025-11-05,22,OGSES_UNIT2,0.0,0.0,False,0.0
2025-11-05,22,SANMIGL_G1,430.0,0.0,True,10750.0
2025-11-05,22,SCES_UNIT1,0.0,0.0,False,0.0
2025-11-05,22,TNP_ONE_TNP_O_1,0.0,0.0,False,0.0
2025-11-05,22,TNP_ONE_TNP_O_2,0.0,0.0,False,0.0
2025-11-05,22,WAP_WAP_G5,0.0,0.0,False,0.0
2025-11-05,22,WAP_WAP_G6,0.0,0.0,False,0.0
2025-11-05,22,WAP_WAP_G7,245.84,368.76,True,6146.0
2025-11-05,22,WAP_WAP_G8,456.6776200984595,197.3223799015405,True,11416.9405
2025-11-05,22,BRAUNIG_AVR1_CT1,0.0,0.0,False,0.0
2025-11-05,22,BRAUNIG_AVR1_CT2,0.0,0.0,False,0.0
2025-11-05,22,BRAUNIG_AVR1_ST,0.0,0.0,False,0.0
2025-11-05,22,ATKINS_ATKINSG7,0.0,0.0,False,0.0
2025-11-05,22,B_DAVIS_B_DAVIG3,189.6,0.0,True,5308.8
2025-11-05,22,B_DAVIS_B_DAVIG4,182.63850214956565,6.961497850434341,True,5113.8781
2025-11-05,22,B_DAVIS_B_DAVIG1,0.0,0.0,False,0.0
2025-11-05,22,B_DAVIS_B_DAVIG2,105.3,245.7,True,2948.4
2025-11-05,22,BASTEN_GTG1100,0.0,0.0,False,0.0
2025-11-05,22,BASTEN_GTG2100,0.0,0.0,False,0.0
2025-11-05,22,BASTEN_ST0100,0.0,0.0,False,0.0
2025-11-05,22,BCH_UNIT1,60.5,0.0,True,2541.0
2025-11-05,22,BCH_UNIT2,60.5,0.0,True,2541.0
2025-11-05,22,BCH_UNIT3,60.5,0.0,True,2541.0
2025-11-05,22,BCH_UNIT4,60.5,0.0,True,2541.0
2025-11-05,22,BCH_UNIT5,60.5,0.0,True,2541.0
2025-11-05,22,BCH_UNIT6,60.5,0.0,True,2541.0
2025-11-05,22,BCH_UNIT7,60.5,0.0,True,2541.0
2025-11-05,22,BCH_UNIT8,60.5,0.0,True,2541.0
2025-11-05,22,BOSQUESW_BSQSU_1,0.0,0.0,False,0.0
2025-11-05,22,BOSQUESW_BSQSU_2,0.0,0.0,False,0.0
2025-11-05,22,BOSQUESW_BSQSU_3,0.0,0.0,False,0.0
2025-11-05,22,BOSQUESW_BSQSU_4,0.0,0.0,False,0.0
2025-11-05,22,BOSQUESW_BSQSU_5,0.0,0.0,False,0.0
2025-11-05,22,BVE_UNIT1,198.90000000000003,-2.842170943040401e-14,True,5569.2
2025-11-05,22,BVE_UNIT2,198.90000000000003,-2.842170943040401e-14,True,5569.2
2025-11-05,22,BVE_UNIT3,275.6,0.0,True,7716.8
2025-11-05,22,BTM_UNIT1,60.5,0.0,True,2541.0
2025-11-05,22,BTM_UNIT2,60.5,0.0,True,2541.0
2025-11-05,22,BTM_UNIT3,60.5,0.0,True,2541.0
2025-11-05,22,BTM_UNIT4,60.5,0.0,True,2541.0
2025-11-05,22,BTM_UNIT5,60.5,0.0,True,2541.0
2025-11-05,22,BTM_UNIT6,60.5,0.0,True,2541.0
2025-11-05,22,BTM_UNIT7,60.5,0.0,True,2541.0
2025-11-05,22,BTM_UNIT8,60.5,0.0,True,2541.0
2025-11-05,22,FLCNS_UNIT1,0.0,0.0,False,0.0
2025-11-05,22,FLCNS_UNIT2,0.0,0.0,False,0.0
2025-11-05,22,CALHOUN_UNIT1,0.0,0.0,False,0.0
2025-11-05,22,CALHOUN_UNIT2,0.0,0.0,False,0.0
2025-11-05,22,CHAMON_CTG_0101,60.5,0.0,True,2541.0
2025-11-05,22,CHAMON_CTG_0301,60.5,0.0,True,2541.0
2025-11-05,22,CBY4_CT41,205.0,0.0,True,5740.0
2025-11-05,22,CBY4_CT42,205.0,0.0,True,5740.0
2025-11-05,22,CBY4_ST04,205.0,0.0,True,5740.0
2025-11-05,22,CBY_CBY_G1,765.0,0.0,True,26775.0
2025-11-05,22,CBY_CBY_G2,765.0,0.0,True,26775.0
2025-11-05,22,CBEC_GT1,86.5,0.0,True,2422.0
2025-11-05,22,CBEC_GT2,86.5,0.0,True,2422.0
2025-11-05,22,CBEC_GT3,86.5,0.0,True,2422.0
2025-11-05,22,CBEC_GT4,86.5,0.0,True,2422.0
2025-11-05,22,CBEC_STG1,105.0,0.0,True,2940.0
2025-11-05,22,CBEC_STG2,108.79999999999997,2.842170943040401e-14,True,3046.4
2025-11-05,22,CBECII_CT7,360.9,0.0,True,10105.2
2025-11-05,22,CBECII_CT8,360.9,0.0,True,10105.2
2025-11-05,22,CBECII_STG9,326.7407772058979,181.75922279410207,True,9148.7418
2025-11-05,22,CBEC_GT11,41.7,0.0,True,1751.4
2025-11-05,22,CBEC_GT12,8.134855534374323,33.56514446562568,True,341.6639
2025-11-05,22,CVC_CVC_G1,192.1,0.0,True,5378.8
2025-11-05,22,CVC_CVC_G2,192.1,0.0,True,5378.8
2025-11-05,22,CVC_CVC_G3,192.1,0.0,True,5378.8
2025-11-05,22,CVC_CVC_G5,150.0,0.0,True,4200.0
2025-11-05,22,DANSBY_DANSBYG2,0.0,0.0,False,0.0
2025-11-05,22,DANSBY_DANSBYG3,0.0,0.0,False,0.0
2025-11-05,22,DANSBY_DANSBYG1,0.0,0.0,False,0.0
2025-11-05,22,DECKER_DPGT_1,0.0,0.0,False,0.0
2025-11-05,22,DECKER_DPGT_2,0.0,0.0,False,0.0
2025-11-05,22,DECKER_DPGT_3,0.0,0.0,False,0.0
2025-11-05,22,DECKER_DPGT_4,0.0,0.0,False,0.0
2025-11-05,22,DCSES_CT10,0.0,0.0,False,0.0
2025-11-05,22,DCSES_CT20,0.0,0.0,False,0.0
2025-11-05,22,DCSES_CT30,0.0,0.0,False,0.0
2025-11-05,22,DCSES_CT40,0.0,0.0,False,0.0
2025-11-05,22,DDPEC_GT1,0.0,0.0,False,0.0
2025-11-05,22,DDPEC_GT2,64.5,150.5,True,1806.0
2025-11-05,22,DDPEC_GT3,0.0,0.0,False,0.0
2025-11-05,22,DDPEC_GT4,0.0,0.0,False,0.0
2025-11-05,22,DDPEC_GT6,59.7,139.3,True,1671.6
2025-11-05,22,DDPEC_ST1,87.0,203.0,True,2436.0
2025-11-05,22,DEC_AGR_A,56.5,0.0,True,2542.5
2025-11-05,22,DEC_AGR_B,56.5,0.0,True,2542.5
2025-11-05,22,DEC_AGR_C,56.5,0.0,True,2542.5
2025-11-05,22,DEC_AGR_D,56.5,0.0,True,2542.5
2025-11-05,22,ECEC_G1,0.0,0.0,False,0.0
2025-11-05,22,ECEC_G2,0.0,0.0,False,0.0
2025-11-05,22,ETCCS_CT1,260.0,0.0,True,7280.0
2025-11-05,22,ETCCS_UNIT1,140.0,0.0,True,3920.0
2025-11-05,22,AZ_AZ_G1,0.0,0.0,False,0.0
2025-11-05,22,AZ_AZ_G2,0.0,0.0,False,0.0
2025-11-05,22,AZ_AZ_G3,0.0,0.0,False,0.0
2025-11-05,22,AZ_AZ_G4,0.0,0.0,False,0.0
2025-11-05,22,FERGCC_FERGGT1,0.0,0.0,False,0.0
2025-11-05,22,FERGCC_FERGGT2,0.0,0.0,False,0.0
2025-11-05,22,FERGCC_FERGST1,83.43444619342361,120.56555380657639,True,2336.1645
2025-11-05,22,FRNYPP_GT11,0.0,0.0,False,0.0
2025-11-05,22,FRNYPP_GT12,0.0,0.0,False,0.0
2025-11-05,22,FRNYPP_GT13,0.0,0.0,False,0.0
2025-11-05,22,FRNYPP_GT21,0.0,0.0,False,0.0
2025-11-05,22,FRNYPP_GT22,0.0,0.0,False,0.0
2025-11-05,22,FRNYPP_GT23,0.0,0.0,False,0.0
2025-11-05,22,FRNYPP_ST10,0.0,0.0,False,0.0
2025-11-05,22,FRNYPP_ST20,0.0,0.0,False,0.0
2025-11-05,22,FREC_GT1,179.4,0.0,True,5023.2
2025-11-05,22,FREC_GT2,53.82,125.58000000000001,True,1506.96
2025-11-05,22,FREC_GT4,179.4,0.0,True,5023.2
2025-11-05,22,FREC_GT5,133.06699938084313,46.33300061915688,True,3725.876
2025-11-05,22,FREC_ST3,57.21,133.48999999999998,True,1601.88
2025-11-05,22,FREC_ST6,57.21,133.48999999999998,True,1601.88
2025-11-05,22,FEGC_UNIT1,0.0,0.0,False,0.0
2025-11-05,22,FRONT_EC_CT1,160.30561036149268,16.694389638507317,True,4488.5571
2025-11-05,22,FRONT_EC_CT2,177.0,0.0,True,4956.0
2025-11-05,22,FRONT_EC_ST,184.5,0.0,True,5166.0
2025-11-05,22,GRSES_UNIT1,239.0,0.0,True,8365.0
2025-11-05,22,GRSES_UNIT2,390.0,0.0,True,13650.0
2025-11-05,22,GBY_GBYGT73,72.0,0.0,True,3024.0
2025-11-05,22,GBY_GBYGT74,72.0,0.0,True,3024.0
2025-11-05,22,GBY_GBYGT81,72.0,0.0,True,3024.0
2025-11-05,22,GBY_GBYGT82,72.0,0.0,True,3024.0
2025-11-05,22,GBY_GBYGT83,72.0,0.0,True,3024.0
2025-11-05,22,GBY_GBYGT84,72.0,0.0,True,3024.0
2025-11-05,22,STEAM_ENGINE_1,0.0,0.0,False,0.0
2025-11-05,22,STEAM_ENGINE_2,0.0,0.0,False,0.0
2025-11-05,22,STEAM_ENGINE_3,0.0,0.0,False,0.0
2025-11-05,22,LGE_LGE_GT1,0.0,0.0,False,0.0
2025-11-05,22,LGE_LGE_GT2,185.0,0.0,True,5180.0
2025-11-05,22,LGE_LGE_STG,0.0,0.0,False,0.0
2025-11-05,22,GUADG_GAS1,0.0,0.0,False,0.0
2025-11-05,22,GUADG_GAS2,0.0,0.0,False,0.0
2025-11-05,22,GUADG_GAS3,0.0,0.0,False,0.0
2025-11-05,22,GUADG_GAS4,0.0,0.0,False,0.0
2025-11-05,22,GUADG_STM5,0.0,0.0,False,0.0
2025-11-05,22,GUADG_STM6,0.0,0.0,False,0.0
2025-11-05,22,HLSES_UNIT3,395.0,0.0,True,13825.0
2025-11-05,22,HLSES_UNIT4,435.0,0.0,True,15225.0
2025-11-05,22,HLSES_UNIT5,435.0,0.0,True,15225.0
2025-11-05,22,HAYSEN_HAYSENG1,0.0,0.0,False,0.0
2025-11-05,22,HAYSEN_HAYSENG2,0.0,0.0,False,0.0
2025-11-05,22,HAYSEN_HAYSENG3,0.0,0.0,False,0.0
2025-11-05,22,HAYSEN_HAYSENG4,0.0,0.0,False,0.0
2025-11-05,22,DUKE_DUKE_GT1,176.6,0.0,True,4944.8
2025-11-05,22,DUKE_DUKE_GT2,176.6,0.0,True,4944.8
2025-11-05,22,DUKE_DUKE_ST1,59.43,138.67,True,1664.04
2025-11-05,22,JACKCNTY_CT1,59.67,139.23,True,1670.76
2025-11-05,22,JACKCNTY_CT2,59.67,139.23,True,1670.76
2025-11-05,22,JCKCNTY2_CT3,59.67,139.23,True,1670.76
2025-11-05,22,JCKCNTY2_CT4,59.67,139.23,True,1670.76
2025-11-05,22,JACKCNTY_STG,0.0,0.0,False,0.0
2025-11-05,22,JCKCNTY2_ST2,0.0,0.0,False,0.0
2025-11-05,22,TEN_CT1,0.0,0.0,False,0.0
2025-11-05,22,TEN_STG,0.0,0.0,False,0.0
2025-11-05,22,LHSES_UNIT1,0.0,0.0,False,0.0
2025-11-05,22,LHSES_UNIT2A,0.0,0.0,False,0.0
2025-11-05,22,LPCCS_CT11,0.0,0.0,False,0.0
2025-11-05,22,LPCCS_CT12,132.98952289847932,53.01047710152068,True,3723.7066
2025-11-05,22,LPCCS_CT21,0.0,0.0,False,0.0
2025-11-05,22,LPCCS_CT22,0.0,0.0,False,0.0
2025-11-05,22,LPCCS_UNIT1,64.8,151.2,True,1814.4
2025-11-05,22,LPCCS_UNIT2,64.8,151.2,True,1814.4
2025-11-05,22,LARDVFTN_G4,0.0,0.0,False,0.0
2025-11-05,22,LARDVFTN_G5,0.0,0.0,False,0.0
2025-11-05,22,LEON_CRK_LCPCT1,0.0,0.0,False,0.0
2025-11-05,22,LEON_CRK_LCPCT2,0.0,0.0,False,0.0
2025-11-05,22,LEON_CRK_LCPCT3,0.0,0.0,False,0.0
2025-11-05,22,LEON_CRK_LCPCT4,0.0,0.0,False,0.0
2025-11-05,22,LIG_UNIT1,0.0,0.0,False,0.0
2025-11-05,22,LIG_UNIT2,0.0,0.0,False,0.0
2025-11-05,22,LOSTPI_LOSTPGT1,202.5,0.0,True,5670.0
2025-11-05,22,LOSTPI_LOSTPGT2,202.5,0.0,True,5670.0
2025-11-05,22,LOSTPI_LOSTPST1,204.0,0.0,True,5712.0
2025-11-05,22,NEDIN_NEDIN_G1,0.0,0.0,False,0.0
2025-11-05,22,NEDIN_NEDIN_G2,0.0,0.0,False,0.0
2025-11-05,22,NEDIN_NEDIN_G3,0.0,0.0,False,0.0
2025-11-05,22,MDANP_CT1,0.0,0.0,False,0.0
2025-11-05,22,MDANP_CT2,0.0,0.0,False,0.0
2025-11-05,22,MDANP_CT3,0.0,0.0,False,0.0
2025-11-05,22,MDANP_CT4,0.0,0.0,False,0.0
2025-11-05,22,MDANP_CT5,0.0,0.0,False,0.0
2025-11-05,22,MDANP_CT6,0.0,0.0,False,0.0
2025-11-05,22,MGSES_CT1,0.0,0.0,False,0.0
2025-11-05,22,MGSES_CT2,0.0,0.0,False,0.0
2025-11-05,22,MGSES_CT3,0.0,0.0,False,0.0
2025-11-05,22,MGSES_CT4,0.0,0.0,False,0.0
2025-11-05,22,MGSES_CT5,0.0,0.0,False,0.0
2025-11-05,22,MGSES_CT6,0.0,0.0,False,0.0
2025-11-05,22,MCSES_UNIT6,122.0,0.0,True,4270.0
2025-11-05,22,MCSES_UNIT7,118.0,0.0,True,4130.0
2025-11-05,22,MCSES_UNIT8,568.0,0.0,True,19880.0
2025-11-05,22,NUECES_B_NUECESG8,56.88,132.72,True,1592.64
2025-11-05,22,NUECES_B_NUECESG9,56.88,132.72,True,1592.64
2025-11-05,22,NUECES_B_NUECESG7,0.0,0.0,False,0.0
2025-11-05,22,CALAVERS_OWS1,0.0,0.0,False,0.0
2025-11-05,22,CALAVERS_OWS2,0.0,0.0,False,0.0
2025-11-05,22,OECCS_CT11,58.56,136.64,True,1639.68
2025-11-05,22,OECCS_CT12,56.73,132.37,True,1588.44
2025-11-05,22,OECCS_CT21,0.0,0.0,False,0.0
2025-11-05,22,OECCS_CT22,56.73,132.37,True,1588.44
2025-11-05,22,OECCS_UNIT1,67.2,156.8,True,1881.6
2025-11-05,22,OECCS_UNIT2,76.4089443357769,147.59105566422312,True,2139.4504
2025-11-05,22,VICTPRT2_UNIT1,0.0,0.0,False,0.0
2025-11-05,22,VICTPRT2_UNIT2,0.0,0.0,False,0.0
2025-11-05,22,PANDA_S_SHER1CT1,0.0,0.0,False,0.0
2025-11-05,22,PANDA_S_SHER1CT2,0.0,0.0,False,0.0
2025-11-05,22,PANDA_S_SHER1ST1,353.1,0.0,True,9886.8
2025-11-05,22,PANDA_T1_TMPL1CT1,0.0,0.0,False,0.0
2025-11-05,22,PANDA_T1_TMPL1CT2,0.0,0.0,False,0.0
2025-11-05,22,PANDA_T1_TMPL1ST1,0.0,0.0,False,0.0
2025-11-05,22,PANDA_T2_TMPL2CT1,0.0,0.0,False,0.0
2025-11-05,22,PANDA_T2_TMPL2CT2,0.0,0.0,False,0.0
2025-11-05,22,PANDA_T2_TMPL2ST1,0.0,0.0,False,0.0
2025-11-05,22,TNSKA_GT1,0.0,0.0,False,0.0
2025-11-05,22,TNSKA_GT2,0.0,0.0,False,0.0
2025-11-05,22,TNSKA_STG,0.0,0.0,False,0.0
2025-11-05,22,PSG_PSG_GT2,207.17169993659823,7.928300063401764,True,5800.8076
2025-11-05,22,PSG_PSG_GT3,0.0,0.0,False,0.0
2025-11-05,22,PSG_PSG_ST2,58.65,136.85,True,1642.2
2025-11-05,22,PEARSAL2_AGR_A,0.0,0.0,False,0.0
2025-11-05,22,PEARSAL2_AGR_B,0.0,0.0,False,0.0
2025-11-05,22,PEARSAL2_AGR_C,0.0,0.0,False,0.0
2025-11-05,22,PEARSAL2_AGR_D,0.0,0.0,False,0.0
2025-11-05,22,PB2SES_CT1,0.0,0.0,False,0.0
2025-11-05,22,PB2SES_CT2,0.0,0.0,False,0.0
2025-11-05,22,PB2SES_CT3,0.0,0.0,False,0.0
2025-11-05,22,PB2SES_CT4,0.0,0.0,False,0.0
2025-11-05,22,PB2SES_CT5,0.0,0.0,False,0.0
2025-11-05,22,PRO_UNIT1,0.0,0.0,False,0.0
2025-11-05,22,PRO_UNIT2,0.0,0.0,False,0.0
2025-11-05,22,PRO_UNIT3,0.0,0.0,False,0.0
2025-11-05,22,PRO_UNIT4,0.0,0.0,False,0.0
2025-11-05,22,PRO_UNIT5,0.0,0.0,False,0.0
2025-11-05,22,PRO_UNIT6,0.0,0.0,False,0.0
2025-11-05,22,PRO_UNIT7,0.0,0.0,False,0.0
2025-11-05,22,PRO_UNIT8,0.0,0.0,False,0.0
2025-11-05,22,BAC_CTG1,65.0,0.0,True,2730.0
2025-11-05,22,BAC_CTG2,65.0,0.0,True,2730.0
2025-11-05,22,BAC_CTG3,65.0,0.0,True,2730.0
2025-11-05,22,BAC_CTG4,65.0,0.0,True,2730.0
2025-11-05,22,BAC_CTG5,65.0,0.0,True,2730.0
2025-11-05,22,BAC_CTG6,65.0,0.0,True,2730.0
2025-11-05,22,STEAM1A_STEAM_1,0.0,0.0,False,0.0
2025-11-05,22,STEAM_STEAM_2,0.0,0.0,False,0.0
2025-11-05,22,STEAM_STEAM_3,0.0,0.0,False,0.0
2025-11-05,22,QALSW_GT1,90.6,0.0,True,2536.8
2025-11-05,22,QALSW_GT2,90.6,0.0,True,2536.8
2025-11-05,22,QALSW_GT3,90.6,0.0,True,2536.8
2025-11-05,22,QALSW_GT4,90.6,0.0,True,2536.8
2025-11-05,22,QALSW_STG1,98.1,0.0,True,2746.8
2025-11-05,22,QALSW_STG2,98.1,0.0,True,2746.8
2025-11-05,22,MIL_MILLERG4,116.0,0.0,True,4872.0
2025-11-05,22,MIL_MILLERG5,116.0,0.0,True,4872.0
2025-11-05,22,MIL_MILLERG1,75.0,0.0,True,2625.0
2025-11-05,22,MIL_MILLERG2,120.0,0.0,True,4200.0
2025-11-05,22,MIL_MILLERG3,216.0,0.0,True,7560.0
2025-11-05,22,OLINGR_OLING_4,0.0,0.0,False,0.0
2025-11-05,22,OLINGR_OLING_2,0.0,0.0,False,0.0
2025-11-05,22,OLINGR_OLING_3,0.0,0.0,False,0.0
2025-11-05,22,RAB_UNIT1,0.0,0.0,False,0.0
2025-11-05,22,RAB_UNIT2,0.0,0.0,False,0.0
2025-11-05,22,RAB_UNIT3,0.0,0.0,False,0.0
2025-11-05,22,RAB_UNIT4,0.0,0.0,False,0.0
2025-11-05,22,RAB_UNIT5,0.0,0.0,False,0.0
2025-11-05,22,RAB_UNIT6,0.0,0.0,False,0.0
2025-11-05,22,RAB_UNIT7,0.0,0.0,False,0.0
2025-11-05,22,RAB_UNIT8,0.0,0.0,False,0.0
2025-11-05,22,REDGATE_AGR_A,0.0,0.0,False,0.0
2025-11-05,22,REDGATE_AGR_B,0.0,0.0,False,0.0
2025-11-05,22,REDGATE_AGR_C,0.0,0.0,False,0.0
2025-11-05,22,REDGATE_AGR_D,0.0,0.0,False,0.0
2025-11-05,22,JAD_UNIT1,0.0,0.0,False,0.0
2025-11-05,22,JAD_UNIT2,0.0,0.0,False,0.0
2025-11-05,22,JAD_UNIT3,0.0,0.0,False,0.0
2025-11-05,22,JAD_UNIT4,0.0,0.0,False,0.0
2025-11-05,22,JAD_UNIT5,0.0,0.0,False,0.0
2025-11-05,22,JAD_UNIT6,0.0,0.0,False,0.0
2025-11-05,22,JAD_UNIT7,0.0,0.0,False,0.0
2025-11-05,22,JAD_UNIT8,0.0,0.0,False,0.0
2025-11-05,22,RIONOG_CT1,0.0,0.0,False,0.0
2025-11-05,22,RIONOG_CT2,0.0,0.0,False,0.0
2025-11-05,22,RIONOG_CT3,0.0,0.0,False,0.0
2025-11-05,22,RIONOG_ST1,0.0,0.0,False,0.0
2025-11-05,22,RAYBURN_RAYBURG7,60.5,0.0,True,1694.0
2025-11-05,22,RAYBURN_RAYBURG8,60.5,0.0,True,1694.0
2025-11-05,22,RAYBURN_RAYBURG9,53.5956060546691,6.904393945330902,True,1500.677
2025-11-05,22,RAYBURN_RAYBURG10,12.6,29.4,True,352.8
2025-11-05,22,SJS_SJS_G1,88.19999999999999,1.4210854715202004e-14,True,3704.4
2025-11-05,22,SJS_SJS_G2,88.19999999999999,1.4210854715202004e-14,True,3704.4
2025-11-05,22,SANDHSYD_SH1,0.0,0.0,False,0.0
2025-11-05,22,SANDHSYD_SH2,0.0,0.0,False,0.0
2025-11-05,22,SANDHSYD_SH3,0.0,0.0,False,0.0
2025-11-05,22,SANDHSYD_SH4,0.0,0.0,False,0.0
2025-11-05,22,SANDHSYD_SH_5A,196.1625468712012,2.737453128798819,True,5492.5513
2025-11-05,22,SANDHSYD_SH6,0.0,0.0,False,0.0
2025-11-05,22,SANDHSYD_SH7,0.0,0.0,False,0.0
2025-11-05,22,SANDHSYD_SH_5C,191.0,0.0,True,5348.0
2025-11-05,22,SILASRAY_SILAS_10,0.0,0.0,False,0.0
2025-11-05,22,SILASRAY_SILAS_9,50.0,0.0,True,1400.0
2025-11-05,22,SILASRAY_SILAS_6,25.0,0.0,True,700.0
2025-11-05,22,GIDEON_GIDEONG1,0.0,0.0,False,0.0
2025-11-05,22,GIDEON_GIDEONG2,0.0,0.0,False,0.0
2025-11-05,22,GIDEON_GIDEONG3,0.0,0.0,False,0.0
2025-11-05,22,SKY1_SKY1A,0.0,0.0,False,0.0
2025-11-05,22,SKY1_SKY1B,0.0,0.0,False,0.0
2025-11-05,22,SPNCER_SPNCE_4,61.0,0.0,True,2135.0
2025-11-05,22,SPNCER_SPNCE_5,65.0,0.0,True,2275.0
2025-11-05,22,SCSES_UNIT1A,94.744284317031,82.255715682969,True,3316.05
2025-11-05,22,SCSES_UNIT2,502.0,0.0,True,17570.0
2025-11-05,22,THW_THWGT_1,16.3,0.0,True,684.6
2025-11-05,22,THW_THWGT31,51.3,0.0,True,1436.4
2025-11-05,22,THW_THWGT32,51.3,0.0,True,1436.4
2025-11-05,22,THW_THWGT33,51.3,0.0,True,1436.4
2025-11-05,22,THW_THWGT34,51.3,0.0,True,1436.4
2025-11-05,22,THW_THWGT41,51.3,0.0,True,1436.4
2025-11-05,22,THW_THWGT42,51.3,0.0,True,1436.4
2025-11-05,22,THW_THWGT43,62.0,0.0,True,1736.0
2025-11-05,22,THW_THWGT44,62.0,0.0,True,1736.0
2025-11-05,22,THW_THWGT51,85.0,0.0,True,3570.0
2025-11-05,22,THW_THWGT52,85.0,0.0,True,3570.0
2025-11-05,22,THW_THWGT53,85.0,0.0,True,3570.0
2025-11-05,22,THW_THWGT54,85.0,0.0,True,3570.0
2025-11-05,22,THW_THWGT55,85.0,0.0,True,3570.0
2025-11-05,22,THW_THWGT56,85.0,0.0,True,3570.0
2025-11-05,22,THW_THWST_3,113.1,0.0,True,3166.8
2025-11-05,22,THW_THWST_4,113.1,0.0,True,3166.8
2025-11-05,22,TXCTY_CTA,129.1,0.0,True,3614.8
2025-11-05,22,TXCTY_CTB,129.1,0.0,True,3614.8
2025-11-05,22,TXCTY_CTC,129.1,0.0,True,3614.8
2025-11-05,22,TXCTY_ST,143.7,0.0,True,4023.6
2025-11-05,22,TGS_GT01,0.0,0.0,False,0.0
2025-11-05,22,TIMPP_AGR1,0.0,0.0,False,0.0
2025-11-05,22,TIMPP_AGR2,0.0,0.0,False,0.0
2025-11-05,22,TIMPP_AGR3,0.0,0.0,False,0.0
2025-11-05,22,TIMPP_AGR4,0.0,0.0,False,0.0
2025-11-05,22,TRSES_UNIT6,239.0,0.0,True,8365.0
2025-11-05,22,TOPAZ_UNIT1,60.5,0.0,True,2541.0
2025-11-05,22,TOPAZ_UNIT2,60.5,0.0,True,2541.0
2025-11-05,22,TOPAZ_UNIT3,60.5,0.0,True,2541.0
2025-11-05,22,TOPAZ_UNIT4,60.5,0.0,True,2541.0
2025-11-05,22,TOPAZ_UNIT5,60.5,0.0,True,2541.0
2025-11-05,22,TOPAZ_UNIT6,60.5,0.0,True,2541.0
2025-11-05,22,TOPAZ_UNIT7,60.5,0.0,True,2541.0
2025-11-05,22,TOPAZ_UNIT8,60.5,0.0,True,2541.0
2025-11-05,22,TOPAZ_UNIT9,60.5,0.0,True,2541.0
2025-11-05,22,TOPAZ_UNIT10,60.5,0.0,True,2541.0
2025-11-05,22,BRAUNIG_VHB6CT5,0.0,0.0,False,0.0
2025-11-05,22,BRAUNIG_VHB6CT6,0.0,0.0,False,0.0
2025-11-05,22,BRAUNIG_VHB6CT7,0.0,0.0,False,0.0
2025-11-05,22,BRAUNIG_VHB6CT8,0.0,0.0,False,0.0
2025-11-05,22,CITYVICT_CTG01,0.0,0.0,False,0.0
2025-11-05,22,CITYVICT_CTG02,0.0,0.0,False,0.0
2025-11-05,22,VICTPORT_CTG01,0.0,0.0,False,0.0
2025-11-05,22,VICTPORT_CTG02,0.0,0.0,False,0.0
2025-11-05,22,VICTORIA_VICTORG6,196.9,0.0,True,5513.2
2025-11-05,22,VICTORIA_VICTORG5,139.2193827290711,40.98061727092889,True,3898.1427
2025-11-05,22,WAP_WAPGT_1,0.0,0.0,False,0.0
2025-11-05,22,WAP_WAP_G1,0.0,0.0,False,0.0
2025-11-05,22,WAP_WAP_G2,0.0,0.0,False,0.0
2025-11-05,22,WAP_WAP_G3,0.0,0.0,False,0.0
2025-11-05,22,WAP_WAP_G4,0.0,0.0,False,0.0
2025-11-05,22,WFCOGEN_UNIT1,20.0,0.0,True,560.0
2025-11-05,22,WFCOGEN_UNIT2,20.0,0.0,True,560.0
2025-11-05,22,WFCOGEN_UNIT3,20.0,0.0,True,560.0
2025-11-05,22,WIPOPA_WPP_G1,60.5,0.0,True,2541.0
2025-11-05,22,WIPOPA_WPP_G2,33.195427290294134,27.304572709705866,True,1394.2079
2025-11-05,22,WIPOPA_WPP_G3,6.05,54.45,True,254.1
2025-11-05,22,WIPOPA_WPP_G4,6.05,54.45,True,254.1
2025-11-05,22,WCPP_CT1,0.0,0.0,False,0.0
2025-11-05,22,WCPP_CT2,0.0,0.0,False,0.0
2025-11-05,22,WCPP_ST1,0.0,0.0,False,0.0
2025-11-05,22,WHCCS_CT1,0.0,0.0,False,0.0
2025-11-05,22,WHCCS_CT2,0.0,0.0,False,0.0
2025-11-05,22,WHCCS_STG,0.0,0.0,False,0.0
2025-11-05,22,WHCCS2_CT4,0.0,0.0,False,0.0
2025-11-05,22,WHCCS2_CT5,0.0,0.0,False,0.0
2025-11-05,22,WHCCS2_STG6,0.0,0.0,False,0.0
2025-11-05,22,NACPW_UNIT1,0.0,0.0,False,0.0
2025-11-05,22,HBR_2UNITS,3.2,0.0,True,128.0
2025-11-05,22,TRIRA_1UNIT,4.0,0.0,True,160.0
2025-11-05,22,78252_4UNITS,0.0,0.0,False,0.0
2025-11-05,22,SPRIN_4UNITS,0.0,0.0,False,0.0
2025-11-05,22,FREIH_2UNITS,0.0,0.0,False,0.0
2025-11-05,22,WSTHL_3UNITS,4.8,0.0,True,192.0
2025-11-05,22,FEGC_CTG2,0.0,0.0,False,0.0
2025-11-05,22,FEGC_CTG3,0.0,0.0,False,0.0
2025-11-05,22,FEGC_CTG4,0.0,0.0,False,0.0
2025-11-05,22,OLNEYTN_AGR1,10.0,0.0,True,600.0
2025-11-05,22,AMISTAD_AMISTAG1,0.0,0.0,False,0.0
2025-11-05,22,AMISTAD_AMISTAG2,0.0,0.0,False,0.0
2025-11-05,22,AUSTPL_AUSTING1,9.0,0.0,True,9.0
2025-11-05,22,AUSTPL_AUSTING2,9.0,0.0,True,9.0
2025-11-05,22,BUCHAN_BUCHANG1,18.299999999999997,3.552713678800501e-15,True,18.3
2025-11-05,22,BUCHAN_BUCHANG2,18.299999999999997,3.552713678800501e-15,True,18.3
2025-11-05,22,BUCHAN_BUCHANG3,18.299999999999997,3.552713678800501e-15,True,18.3
2025-11-05,22,DNDAM_DENISOG1,50.8,0.0,True,50.8
2025-11-05,22,DNDAM_DENISOG2,50.8,0.0,True,50.8
2025-11-05,22,FALCON_FALCONG1,12.0,0.0,True,12.0
2025-11-05,22,FALCON_FALCONG2,12.0,0.0,True,12.0
2025-11-05,22,FALCON_FALCONG3,12.0,0.0,True,12.0
2025-11-05,22,WIRTZ_WIRTZ_G1,29.0,0.0,True,29.0
2025-11-05,22,WIRTZ_WIRTZ_G2,29.0,0.0,True,29.0
2025-11-05,22,CANYHY_CANYHYG1,6.0,0.0,True,6.0
2025-11-05,22,INKSDA_INKS_G1,15.0,0.0,True,15.0
2025-11-05,22,MARBFA_MARBFAG1,21.0,0.0,True,21.0
2025-11-05,22,MARBFA_MARBFAG2,20.0,0.0,True,20.0
2025-11-05,22,MARSFO_MARSFOG1,36.0,0.0,True,36.0
2025-11-05,22,MARSFO_MARSFOG2,36.0,0.0,True,36.0
2025-11-05,22,MARSFO_MARSFOG3,36.0,0.0,True,36.0
2025-11-05,22,WND_WHITNEY1,0.0,0.0,False,0.0
2025-11-05,22,WND_WHITNEY2,0.0,0.0,False,0.0
2025-11-05,22,AEEC_ANTLP_1,0.0,0.0,False,0.0
2025-11-05,22,AEEC_ANTLP_2,0.0,0.0,False,0.0
2025-11-05,22,AEEC_ANTLP_3,0.0,0.0,False,0.0
2025-11-05,22,AEEC_ELK_1,0.0,0.0,False,0.0
2025-11-05,22,AEEC_ELK_2,0.0,0.0,False,0.0
2025-11-05,22,AEEC_ELK_3,0.0,0.0,False,0.0
2025-11-05,22,FTR_FTR_G1,0.0,0.0,False,0.0
2025-11-05,22,FTR_FTR_G2,0.0,0.0,False,0.0
2025-11-05,22,FTR_FTR_G3,0.0,0.0,False,0.0
2025-11-05,22,FTR_FTR_G4,0.0,0.0,False,0.0
2025-11-05,22,TGCCS_CT1,0.0,0.0,False,0.0
2025-11-05,22,TGCCS_CT2,0.0,0.0,False,0.0
2025-11-05,22,TGCCS_CT3,0.0,0.0,False,0.0
2025-11-05,22,TGCCS_UNIT4,120.0,280.0,True,3360.0
2025-11-05,22,KMCHI_1CT101,55.5,129.5,True,1554.0
2025-11-05,22,KMCHI_1CT201,55.5,129.5,True,1554.0
2025-11-05,22,KMCHI_1ST,330.0,0.0,True,9240.0
2025-11-05,22,KMCHI_2CT101,185.0,0.0,True,5180.0
2025-11-05,22,KMCHI_2CT201,185.0,0.0,True,5180.0
2025-11-05,22,KMCHI_2ST,99.0,231.0,True,2772.0
2025-11-05,22,A4_DGR1,0.0,0.0,False,0.0
2025-11-05,22,A4_DGR2,0.0,0.0,False,0.0
2025-11-05,22,K2_DGR1,0.0,0.0,False,0.0
2025-11-05,22,K2_DGR2,0.0,0.0,False,0.0
2025-11-05,22,P2_DGR1,0.0,0.0,False,0.0
2025-11-05,22,P2_DGR2,0.0,0.0,False,0.0
2025-11-05,22,Q1_DGR1,0.0,0.0,False,0.0
2025-11-05,22,BRAUNIG_VHB3,0.0,0.0,False,0.0
2025-11-05,22,V2_DGR1,0.0,0.0,False,0.0
2025-11-05,22,V2_DGR2,0.0,0.0,False,0.0
2025-11-05,22,V2_DGR3,0.0,0.0,False,0.0
2025-11-05,22,V4_DGR1,0.0,0.0,False,0.0
2025-11-05,22,X1_DGR1,0.0,0.0,False,0.0
2025-11-05,22,Z0_DGR1,0.0,0.0,False,0.0
2025-11-05,22,Z0_DGR2,0.0,0.0,False,0.0
2025-11-05,22,Z5_DGR1,0.0,0.0,False,0.0
2025-11-05,22,DC_E,437.9058039683553,162.09419603164469,True,15326.7031
2025-11-05,22,DC_N,204.775191779872,15.224808220128011,True,7167.1317
2025-11-05,22,DC_L,0.0,0.0,False,0.0
2025-11-05,22,DC_R,0.0,0.0,False,0.0
2025-11-05,22,CEDARVALE_GAS,0.0,0.0,False,0.0
2025-11-05,22,ENCHANTED_ROCK_NEWPP,30.0,0.0,True,1350.0
2025-11-05,23,CPSES_UNIT1,1269.0,0.0,True,10152.0
2025-11-05,23,CPSES_UNIT2,1269.0,0.0,True,10152.0
2025-11-05,23,STP_STP_G1,1365.0,0.0,True,10920.0
2025-11-05,23,STP_STP_G2,1365.0,0.0,True,10920.0
2025-11-05,23,COLETO_COLETOG1,655.0,0.0,True,16375.0
2025-11-05,23,FPPYD1_FPP_G1,615.0,0.0,True,15375.0
2025-11-05,23,FPPYD1_FPP_G2,615.0,0.0,True,15375.0
2025-11-05,23,FPPYD2_FPP_G3,460.0,0.0,True,11500.0
2025-11-05,23,CALAVERS_JKS1,0.0,0.0,False,0.0
2025-11-05,23,CALAVERS_JKS2,680.0945997671276,241.9054002328724,True,17002.365
2025-11-05,23,LEG_LEG_G1,0.0,0.0,False,0.0
2025-11-05,23,LEG_LEG_G2,0.0,0.0,False,0.0
2025-11-05,23,MLSES_UNIT1,0.0,0.0,False,0.0
2025-11-05,23,MLSES_UNIT2,0.0,0.0,False,0.0
2025-11-05,23,MLSES_UNIT3,0.0,0.0,False,0.0
2025-11-05,23,OGSES_UNIT1A,0.0,0.0,False,0.0
2025-11-05,23,OGSES_UNIT2,0.0,0.0,False,0.0
2025-11-05,23,SANMIGL_G1,430.0,0.0,True,10750.0
2025-11-05,23,SCES_UNIT1,0.0,0.0,False,0.0
2025-11-05,23,TNP_ONE_TNP_O_1,0.0,0.0,False,0.0
2025-11-05,23,TNP_ONE_TNP_O_2,0.0,0.0,False,0.0
2025-11-05,23,WAP_WAP_G5,0.0,0.0,False,0.0
2025-11-05,23,WAP_WAP_G6,0.0,0.0,False,0.0
2025-11-05,23,WAP_WAP_G7,245.84,368.76,True,6146.0
2025-11-05,23,WAP_WAP_G8,446.436356118128,207.563643881872,True,11160.9089
2025-11-05,23,BRAUNIG_AVR1_CT1,0.0,0.0,False,0.0
2025-11-05,23,BRAUNIG_AVR1_CT2,0.0,0.0,False,0.0
2025-11-05,23,BRAUNIG_AVR1_ST,0.0,0.0,False,0.0
2025-11-05,23,ATKINS_ATKINSG7,0.0,0.0,False,0.0
2025-11-05,23,B_DAVIS_B_DAVIG3,0.0,0.0,False,0.0
2025-11-05,23,B_DAVIS_B_DAVIG4,0.0,0.0,False,0.0
2025-11-05,23,B_DAVIS_B_DAVIG1,0.0,0.0,False,0.0
2025-11-05,23,B_DAVIS_B_DAVIG2,351.0,0.0,True,9828.0
2025-11-05,23,BASTEN_GTG1100,0.0,0.0,False,0.0
2025-11-05,23,BASTEN_GTG2100,0.0,0.0,False,0.0
2025-11-05,23,BASTEN_ST0100,0.0,0.0,False,0.0
2025-11-05,23,BCH_UNIT1,60.5,0.0,True,2541.0
2025-11-05,23,BCH_UNIT2,60.5,0.0,True,2541.0
2025-11-05,23,BCH_UNIT3,60.5,0.0,True,2541.0
2025-11-05,23,BCH_UNIT4,60.5,0.0,True,2541.0
2025-11-05,23,BCH_UNIT5,60.5,0.0,True,2541.0
2025-11-05,23,BCH_UNIT6,60.5,0.0,True,2541.0
2025-11-05,23,BCH_UNIT7,60.5,0.0,True,2541.0
2025-11-05,23,BCH_UNIT8,60.5,0.0,True,2541.0
2025-11-05,23,BOSQUESW_BSQSU_1,0.0,0.0,False,0.0
2025-11-05,23,BOSQUESW_BSQSU_2,0.0,0.0,False,0.0
2025-11-05,23,BOSQUESW_BSQSU_3,0.0,0.0,False,0.0
2025-11-05,23,BOSQUESW_BSQSU_4,0.0,0.0,False,0.0
2025-11-05,23,BOSQUESW_BSQSU_5,0.0,0.0,False,0.0
2025-11-05,23,BVE_UNIT1,198.90000000000003,-2.842170943040401e-14,True,5569.2
2025-11-05,23,BVE_UNIT2,198.90000000000003,-2.842170943040401e-14,True,5569.2
2025-11-05,23,BVE_UNIT3,275.6,0.0,True,7716.8
2025-11-05,23,BTM_UNIT1,60.5,0.0,True,2541.0
2025-11-05,23,BTM_UNIT2,60.5,0.0,True,2541.0
2025-11-05,23,BTM_UNIT3,60.5,0.0,True,2541.0
2025-11-05,23,BTM_UNIT4,60.5,0.0,True,2541.0
2025-11-05,23,BTM_UNIT5,60.5,0.0,True,2541.0
2025-11-05,23,BTM_UNIT6,60.5,0.0,True,2541.0
2025-11-05,23,BTM_UNIT7,60.5,0.0,True,2541.0
2025-11-05,23,BTM_UNIT8,60.5,0.0,True,2541.0
2025-11-05,23,FLCNS_UNIT1,0.0,0.0,False,0.0
2025-11-05,23,FLCNS_UNIT2,0.0,0.0,False,0.0
2025-11-05,23,CALHOUN_UNIT1,0.0,0.0,False,0.0
2025-11-05,23,CALHOUN_UNIT2,0.0,0.0,False,0.0
2025-11-05,23,CHAMON_CTG_0101,60.5,0.0,True,2541.0
2025-11-05,23,CHAMON_CTG_0301,60.5,0.0,True,2541.0
2025-11-05,23,CBY4_CT41,205.0,0.0,True,5740.0
2025-11-05,23,CBY4_CT42,205.0,0.0,True,5740.0
2025-11-05,23,CBY4_ST04,205.0,0.0,True,5740.0
2025-11-05,23,CBY_CBY_G1,765.0,0.0,True,26775.0
2025-11-05,23,CBY_CBY_G2,765.0,0.0,True,26775.0
2025-11-05,23,CBEC_GT1,86.5,0.0,True,2422.0
2025-11-05,23,CBEC_GT2,86.5,0.0,True,2422.0
2025-11-05,23,CBEC_GT3,86.5,0.0,True,2422.0
2025-11-05,23,CBEC_GT4,86.5,0.0,True,2422.0
2025-11-05,23,CBEC_STG1,105.0,0.0,True,2940.0
2025-11-05,23,CBEC_STG2,108.79999999999997,2.842170943040401e-14,True,3046.4
2025-11-05,23,CBECII_CT7,360.9,0.0,True,10105.2
2025-11-05,23,CBECII_CT8,360.9,0.0,True,10105.2
2025-11-05,23,CBECII_STG9,301.51382625039975,206.98617374960025,True,8442.3871
2025-11-05,23,CBEC_GT11,4.17,37.53,True,175.14
2025-11-05,23,CBEC_GT12,34.20827520211144,7.4917247978885655,True,1436.7476
2025-11-05,23,CVC_CVC_G1,192.1,0.0,True,5378.8
2025-11-05,23,CVC_CVC_G2,192.1,0.0,True,5378.8
2025-11-05,23,CVC_CVC_G3,192.1,0.0,True,5378.8
2025-11-05,23,CVC_CVC_G5,150.0,0.0,True,4200.0
2025-11-05,23,DANSBY_DANSBYG2,0.0,0.0,False,0.0
2025-11-05,23,DANSBY_DANSBYG3,0.0,0.0,False,0.0
2025-11-05,23,DANSBY_DANSBYG1,0.0,0.0,False,0.0
2025-11-05,23,DECKER_DPGT_1,0.0,0.0,False,0.0
2025-11-05,23,DECKER_DPGT_2,0.0,0.0,False,0.0
2025-11-05,23,DECKER_DPGT_3,0.0,0.0,False,0.0
2025-11-05,23,DECKER_DPGT_4,0.0,0.0,False,0.0
2025-11-05,23,DCSES_CT10,0.0,0.0,False,0.0
2025-11-05,23,DCSES_CT20,0.0,0.0,False,0.0
2025-11-05,23,DCSES_CT30,0.0,0.0,False,0.0
2025-11-05,23,DCSES_CT40,0.0,0.0,False,0.0
2025-11-05,23,DDPEC_GT1,60.9,0.0,True,1705.2
2025-11-05,23,DDPEC_GT2,168.5374959845376,46.462504015462386,True,4719.0499
2025-11-05,23,DDPEC_GT3,0.0,0.0,False,0.0
2025-11-05,23,DDPEC_GT4,64.5,0.0,True,1806.0
2025-11-05,23,DDPEC_GT6,59.7,139.3,True,1671.6
2025-11-05,23,DDPEC_ST1,0.0,0.0,False,0.0
2025-11-05,23,DEC_AGR_A,56.5,0.0,True,2542.5
2025-11-05,23,DEC_AGR_B,56.5,0.0,True,2542.5
2025-11-05,23,DEC_AGR_C,56.5,0.0,True,2542.5
2025-11-05,23,DEC_AGR_D,56.5,0.0,True,2542.5
2025-11-05,23,ECEC_G1,0.0,0.0,False,0.0
2025-11-05,23,ECEC_G2,0.0,0.0,False,0.0
2025-11-05,23,ETCCS_CT1,260.0,0.0,True,7280.0
2025-11-05,23,ETCCS_UNIT1,140.0,0.0,True,3920.0
2025-11-05,23,AZ_AZ_G1,0.0,0.0,False,0.0
2025-11-05,23,AZ_AZ_G2,0.0,0.0,False,0.0
2025-11-05,23,AZ_AZ_G3,0.0,0.0,False,0.0
2025-11-05,23,AZ_AZ_G4,0.0,0.0,False,0.0
2025-11-05,23,FERGCC_FERGGT1,0.0,0.0,False,0.0
2025-11-05,23,FERGCC_FERGGT2,0.0,0.0,False,0.0
2025-11-05,23,FERGCC_FERGST1,204.0,0.0,True,5712.0
2025-11-05,23,FRNYPP_GT11,0.0,0.0,False,0.0
2025-11-05,23,FRNYPP_GT12,0.0,0.0,False,0.0
2025-11-05,23,FRNYPP_GT13,0.0,0.0,False,0.0
2025-11-05,23,FRNYPP_GT21,0.0,0.0,False,0.0
2025-11-05,23,FRNYPP_GT22,0.0,0.0,False,0.0
2025-11-05,23,FRNYPP_GT23,0.0,0.0,False,0.0
2025-11-05,23,FRNYPP_ST10,0.0,0.0,False,0.0
2025-11-05,23,FRNYPP_ST20,0.0,0.0,False,0.0
2025-11-05,23,FREC_GT1,105.46387342632312,73.93612657367689,True,2952.9885
2025-11-05,23,FREC_GT2,0.0,0.0,False,0.0
2025-11-05,23,FREC_GT4,0.0,0.0,False,0.0
2025-11-05,23,FREC_GT5,179.4,0.0,True,5023.2
2025-11-05,23,FREC_ST3,57.21,133.48999999999998,True,1601.88
2025-11-05,23,FREC_ST6,190.7,0.0,True,5339.6
2025-11-05,23,FEGC_UNIT1,0.0,0.0,False,0.0
2025-11-05,23,FRONT_EC_CT1,177.0,0.0,True,4956.0
2025-11-05,23,FRONT_EC_CT2,162.22783117811903,14.772168821880967,True,4542.3793
2025-11-05,23,FRONT_EC_ST,184.5,0.0,True,5166.0
2025-11-05,23,GRSES_UNIT1,239.0,0.0,True,8365.0
2025-11-05,23,GRSES_UNIT2,390.0,0.0,True,13650.0
2025-11-05,23,GBY_GBYGT73,72.0,0.0,True,3024.0
2025-11-05,23,GBY_GBYGT74,72.0,0.0,True,3024.0
2025-11-05,23,GBY_GBYGT81,72.0,0.0,True,3024.0
2025-11-05,23,GBY_GBYGT82,72.0,0.0,True,3024.0
2025-11-05,23,GBY_GBYGT83,72.0,0.0,True,3024.0
2025-11-05,23,GBY_GBYGT84,72.0,0.0,True,3024.0
2025-11-05,23,STEAM_ENGINE_1,0.0,0.0,False,0.0
2025-11-05,23,STEAM_ENGINE_2,0.0,0.0,False,0.0
2025-11-05,23,STEAM_ENGINE_3,0.0,0.0,False,0.0
2025-11-05,23,LGE_LGE_GT1,0.0,0.0,False,0.0
2025-11-05,23,LGE_LGE_GT2,185.0,0.0,True,5180.0
2025-11-05,23,LGE_LGE_STG,0.0,0.0,False,0.0
2025-11-05,23,GUADG_GAS1,0.0,0.0,False,0.0
2025-11-05,23,GUADG_GAS2,0.0,0.0,False,0.0
2025-11-05,23,GUADG_GAS3,0.0,0.0,False,0.0
2025-11-05,23,GUADG_GAS4,0.0,0.0,False,0.0
2025-11-05,23,GUADG_STM5,0.0,0.0,False,0.0
2025-11-05,23,GUADG_STM6,0.0,0.0,False,0.0
2025-11-05,23,HLSES_UNIT3,395.0,0.0,True,13825.0
2025-11-05,23,HLSES_UNIT4,435.0,0.0,True,15225.0
2025-11-05,23,HLSES_UNIT5,435.0,0.0,True,15225.0
2025-11-05,23,HAYSEN_HAYSENG1,0.0,0.0,False,0.0
2025-11-05,23,HAYSEN_HAYSENG2,0.0,0.0,False,0.0
2025-11-05,23,HAYSEN_HAYSENG3,0.0,0.0,False,0.0
2025-11-05,23,HAYSEN_HAYSENG4,0.0,0.0,False,0.0
2025-11-05,23,DUKE_DUKE_GT1,176.6,0.0,True,4944.8
2025-11-05,23,DUKE_DUKE_GT2,176.6,0.0,True,4944.8
2025-11-05,23,DUKE_DUKE_ST1,59.43,138.67,True,1664.04
2025-11-05,23,JACKCNTY_CT1,0.0,0.0,False,0.0
2025-11-05,23,JACKCNTY_CT2,0.0,0.0,False,0.0
2025-11-05,23,JCKCNTY2_CT3,59.67,139.23,True,1670.76
2025-11-05,23,JCKCNTY2_CT4,0.0,0.0,False,0.0
2025-11-05,23,JACKCNTY_STG,96.18,0.0,True,2693.04
2025-11-05,23,JCKCNTY2_ST2,96.18,0.0,True,2693.04
2025-11-05,23,TEN_CT1,0.0,0.0,False,0.0
2025-11-05,23,TEN_STG,0.0,0.0,False,0.0
2025-11-05,23,LHSES_UNIT1,0.0,0.0,False,0.0
2025-11-05,23,LHSES_UNIT2A,0.0,0.0,False,0.0
2025-11-05,23,LPCCS_CT11,55.8,0.0,True,1562.4
2025-11-05,23,LPCCS_CT12,55.8,130.2,True,1562.4
2025-11-05,23,LPCCS_CT21,0.0,0.0,False,0.0
2025-11-05,23,LPCCS_CT22,0.0,0.0,False,0.0
2025-11-05,23,LPCCS_UNIT1,64.8,151.2,True,1814.4
2025-11-05,23,LPCCS_UNIT2,64.8,151.2,True,1814.4
2025-11-05,23,LARDVFTN_G4,0.0,0.0,False,0.0
2025-11-05,23,LARDVFTN_G5,0.0,0.0,False,0.0
2025-11-05,23,LEON_CRK_LCPCT1,0.0,0.0,False,0.0
2025-11-05,23,LEON_CRK_LCPCT2,0.0,0.0,False,0.0
2025-11-05,23,LEON_CRK_LCPCT3,0.0,0.0,False,0.0
2025-11-05,23,LEON_CRK_LCPCT4,0.0,0.0,False,0.0
2025-11-05,23,LIG_UNIT1,0.0,0.0,False,0.0
2025-11-05,23,LIG_UNIT2,0.0,0.0,False,0.0
2025-11-05,23,LOSTPI_LOSTPGT1,202.5,0.0,True,5670.0
2025-11-05,23,LOSTPI_LOSTPGT2,202.5,0.0,True,5670.0
2025-11-05,23,LOSTPI_LOSTPST1,204.0,0.0,True,5712.0
2025-11-05,23,NEDIN_NEDIN_G1,0.0,0.0,False,0.0
2025-11-05,23,NEDIN_NEDIN_G2,0.0,0.0,False,0.0
2025-11-05,23,NEDIN_NEDIN_G3,0.0,0.0,False,0.0
2025-11-05,23,MDANP_CT1,0.0,0.0,False,0.0
2025-11-05,23,MDANP_CT2,0.0,0.0,False,0.0
2025-11-05,23,MDANP_CT3,0.0,0.0,False,0.0
2025-11-05,23,MDANP_CT4,0.0,0.0,False,0.0
2025-11-05,23,MDANP_CT5,0.0,0.0,False,0.0
2025-11-05,23,MDANP_CT6,0.0,0.0,False,0.0
2025-11-05,23,MGSES_CT1,0.0,0.0,False,0.0
2025-11-05,23,MGSES_CT2,0.0,0.0,False,0.0
2025-11-05,23,MGSES_CT3,0.0,0.0,False,0.0
2025-11-05,23,MGSES_CT4,0.0,0.0,False,0.0
2025-11-05,23,MGSES_CT5,0.0,0.0,False,0.0
2025-11-05,23,MGSES_CT6,0.0,0.0,False,0.0
2025-11-05,23,MCSES_UNIT6,122.0,0.0,True,4270.0
2025-11-05,23,MCSES_UNIT7,118.0,0.0,True,4130.0
2025-11-05,23,MCSES_UNIT8,568.0,0.0,True,19880.0
2025-11-05,23,NUECES_B_NUECESG8,0.0,0.0,False,0.0
2025-11-05,23,NUECES_B_NUECESG9,134.99202218672906,54.607977813270935,True,3779.7766
2025-11-05,23,NUECES_B_NUECESG7,105.3,0.0,True,2948.4
2025-11-05,23,CALAVERS_OWS1,0.0,0.0,False,0.0
2025-11-05,23,CALAVERS_OWS2,0.0,0.0,False,0.0
2025-11-05,23,OECCS_CT11,58.56,136.64,True,1639.68
2025-11-05,23,OECCS_CT12,56.73,132.37,True,1588.44
2025-11-05,23,OECCS_CT21,58.56,0.0,True,1639.68
2025-11-05,23,OECCS_CT22,56.73,132.37,True,1588.44
2025-11-05,23,OECCS_UNIT1,84.64331756124353,139.35668243875648,True,2370.0129
2025-11-05,23,OECCS_UNIT2,0.0,0.0,False,0.0
2025-11-05,23,VICTPRT2_UNIT1,0.0,0.0,False,0.0
2025-11-05,23,VICTPRT2_UNIT2,0.0,0.0,False,0.0
2025-11-05,23,PANDA_S_SHER1CT1,0.0,0.0,False,0.0
2025-11-05,23,PANDA_S_SHER1CT2,0.0,0.0,False,0.0
2025-11-05,23,PANDA_S_SHER1ST1,353.1,0.0,True,9886.8
2025-11-05,23,PANDA_T1_TMPL1CT1,0.0,0.0,False,0.0
2025-11-05,23,PANDA_T1_TMPL1CT2,0.0,0.0,False,0.0
2025-11-05,23,PANDA_T1_TMPL1ST1,0.0,0.0,False,0.0
2025-11-05,23,PANDA_T2_TMPL2CT1,0.0,0.0,False,0.0
2025-11-05,23,PANDA_T2_TMPL2CT2,0.0,0.0,False,0.0
2025-11-05,23,PANDA_T2_TMPL2ST1,0.0,0.0,False,0.0
2025-11-05,23,TNSKA_GT1,0.0,0.0,False,0.0
2025-11-05,23,TNSKA_GT2,0.0,0.0,False,0.0
2025-11-05,23,TNSKA_STG,0.0,0.0,False,0.0
2025-11-05,23,PSG_PSG_GT2,0.0,0.0,False,0.0
2025-11-05,23,PSG_PSG_GT3,64.53,0.0,True,1806.84
2025-11-05,23,PSG_PSG_ST2,58.65,136.85,True,1642.2
2025-11-05,23,PEARSAL2_AGR_A,0.0,0.0,False,0.0
2025-11-05,23,PEARSAL2_AGR_B,0.0,0.0,False,0.0
2025-11-05,23,PEARSAL2_AGR_C,0.0,0.0,False,0.0
2025-11-05,23,PEARSAL2_AGR_D,0.0,0.0,False,0.0
2025-11-05,23,PB2SES_CT1,0.0,0.0,False,0.0
2025-11-05,23,PB2SES_CT2,0.0,0.0,False,0.0
2025-11-05,23,PB2SES_CT3,0.0,0.0,False,0.0
2025-11-05,23,PB2SES_CT4,0.0,0.0,False,0.0
2025-11-05,23,PB2SES_CT5,0.0,0.0,False,0.0
2025-11-05,23,PRO_UNIT1,0.0,0.0,False,0.0
2025-11-05,23,PRO_UNIT2,0.0,0.0,False,0.0
2025-11-05,23,PRO_UNIT3,0.0,0.0,False,0.0
2025-11-05,23,PRO_UNIT4,0.0,0.0,False,0.0
2025-11-05,23,PRO_UNIT5,0.0,0.0,False,0.0
2025-11-05,23,PRO_UNIT6,0.0,0.0,False,0.0
2025-11-05,23,PRO_UNIT7,0.0,0.0,False,0.0
2025-11-05,23,PRO_UNIT8,0.0,0.0,False,0.0
2025-11-05,23,BAC_CTG1,65.0,0.0,True,2730.0
2025-11-05,23,BAC_CTG2,65.0,0.0,True,2730.0
2025-11-05,23,BAC_CTG3,65.0,0.0,True,2730.0
2025-11-05,23,BAC_CTG4,65.0,0.0,True,2730.0
2025-11-05,23,BAC_CTG5,65.0,0.0,True,2730.0
2025-11-05,23,BAC_CTG6,65.0,0.0,True,2730.0
2025-11-05,23,STEAM1A_STEAM_1,0.0,0.0,False,0.0
2025-11-05,23,STEAM_STEAM_2,0.0,0.0,False,0.0
2025-11-05,23,STEAM_STEAM_3,0.0,0.0,False,0.0
2025-11-05,23,QALSW_GT1,90.6,0.0,True,2536.8
2025-11-05,23,QALSW_GT2,90.6,0.0,True,2536.8
2025-11-05,23,QALSW_GT3,90.6,0.0,True,2536.8
2025-11-05,23,QALSW_GT4,90.6,0.0,True,2536.8
2025-11-05,23,QALSW_STG1,98.1,0.0,True,2746.8
2025-11-05,23,QALSW_STG2,98.1,0.0,True,2746.8
2025-11-05,23,MIL_MILLERG4,116.0,0.0,True,4872.0
2025-11-05,23,MIL_MILLERG5,116.0,0.0,True,4872.0
2025-11-05,23,MIL_MILLERG1,75.0,0.0,True,2625.0
2025-11-05,23,MIL_MILLERG2,120.0,0.0,True,4200.0
2025-11-05,23,MIL_MILLERG3,216.0,0.0,True,7560.0
2025-11-05,23,OLINGR_OLING_4,0.0,0.0,False,0.0
2025-11-05,23,OLINGR_OLING_2,0.0,0.0,False,0.0
2025-11-05,23,OLINGR_OLING_3,0.0,0.0,False,0.0
2025-11-05,23,RAB_UNIT1,0.0,0.0,False,0.0
2025-11-05,23,RAB_UNIT2,0.0,0.0,False,0.0
2025-11-05,23,RAB_UNIT3,0.0,0.0,False,0.0
2025-11-05,23,RAB_UNIT4,0.0,0.0,False,0.0
2025-11-05,23,RAB_UNIT5,0.0,0.0,False,0.0
2025-11-05,23,RAB_UNIT6,0.0,0.0,False,0.0
2025-11-05,23,RAB_UNIT7,0.0,0.0,False,0.0
2025-11-05,23,RAB_UNIT8,0.0,0.0,False,0.0
2025-11-05,23,REDGATE_AGR_A,0.0,0.0,False,0.0
2025-11-05,23,REDGATE_AGR_B,0.0,0.0,False,0.0
2025-11-05,23,REDGATE_AGR_C,0.0,0.0,False,0.0
2025-11-05,23,REDGATE_AGR_D,0.0,0.0,False,0.0
2025-11-05,23,JAD_UNIT1,0.0,0.0,False,0.0
2025-11-05,23,JAD_UNIT2,0.0,0.0,False,0.0
2025-11-05,23,JAD_UNIT3,0.0,0.0,False,0.0
2025-11-05,23,JAD_UNIT4,0.0,0.0,False,0.0
2025-11-05,23,JAD_UNIT5,0.0,0.0,False,0.0
2025-11-05,23,JAD_UNIT6,0.0,0.0,False,0.0
2025-11-05,23,JAD_UNIT7,0.0,0.0,False,0.0
2025-11-05,23,JAD_UNIT8,0.0,0.0,False,0.0
2025-11-05,23,RIONOG_CT1,0.0,0.0,False,0.0
2025-11-05,23,RIONOG_CT2,0.0,0.0,False,0.0
2025-11-05,23,RIONOG_CT3,0.0,0.0,False,0.0
2025-11-05,23,RIONOG_ST1,0.0,0.0,False,0.0
2025-11-05,23,RAYBURN_RAYBURG7,18.15,42.35,True,508.2
2025-11-05,23,RAYBURN_RAYBURG8,18.15,42.35,True,508.2
2025-11-05,23,RAYBURN_RAYBURG9,42.39557956010113,18.104420439898867,True,1187.0762
2025-11-05,23,RAYBURN_RAYBURG10,12.6,29.4,True,352.8
2025-11-05,23,SJS_SJS_G1,88.19999999999999,1.4210854715202004e-14,True,3704.4
2025-11-05,23,SJS_SJS_G2,88.19999999999999,1.4210854715202004e-14,True,3704.4
2025-11-05,23,SANDHSYD_SH1,0.0,0.0,False,0.0
2025-11-05,23,SANDHSYD_SH2,0.0,0.0,False,0.0
2025-11-05,23,SANDHSYD_SH3,0.0,0.0,False,0.0
2025-11-05,23,SANDHSYD_SH4,0.0,0.0,False,0.0
2025-11-05,23,SANDHSYD_SH_5A,198.90000000000003,-2.842170943040401e-14,True,5569.2
2025-11-05,23,SANDHSYD_SH6,0.0,0.0,False,0.0
2025-11-05,23,SANDHSYD_SH7,0.0,0.0,False,0.0
2025-11-05,23,SANDHSYD_SH_5C,179.33128928077383,11.66871071922617,True,5021.2761
2025-11-05,23,SILASRAY_SILAS_10,0.0,0.0,False,0.0
2025-11-05,23,SILASRAY_SILAS_9,50.0,0.0,True,1400.0
2025-11-05,23,SILASRAY_SILAS_6,25.0,0.0,True,700.0
2025-11-05,23,GIDEON_GIDEONG1,0.0,0.0,False,0.0
2025-11-05,23,GIDEON_GIDEONG2,0.0,0.0,False,0.0
2025-11-05,23,GIDEON_GIDEONG3,0.0,0.0,False,0.0
2025-11-05,23,SKY1_SKY1A,0.0,0.0,False,0.0
2025-11-05,23,SKY1_SKY1B,0.0,0.0,False,0.0
2025-11-05,23,SPNCER_SPNCE_4,61.0,0.0,True,2135.0
2025-11-05,23,SPNCER_SPNCE_5,65.0,0.0,True,2275.0
2025-11-05,23,SCSES_UNIT1A,177.0,0.0,True,6195.0
2025-11-05,23,SCSES_UNIT2,403.4290460462289,98.57095395377107,True,14120.0166
2025-11-05,23,THW_THWGT_1,16.3,0.0,True,684.6
2025-11-05,23,THW_THWGT31,51.3,0.0,True,1436.4
2025-11-05,23,THW_THWGT32,51.3,0.0,True,1436.4
2025-11-05,23,THW_THWGT33,51.3,0.0,True,1436.4
2025-11-05,23,THW_THWGT34,51.3,0.0,True,1436.4
2025-11-05,23,THW_THWGT41,51.3,0.0,True,1436.4
2025-11-05,23,THW_THWGT42,51.3,0.0,True,1436.4
2025-11-05,23,THW_THWGT43,62.0,0.0,True,1736.0
2025-11-05,23,THW_THWGT44,62.0,0.0,True,1736.0
2025-11-05,23,THW_THWGT51,85.0,0.0,True,3570.0
2025-11-05,23,THW_THWGT52,85.0,0.0,True,3570.0
2025-11-05,23,THW_THWGT53,85.0,0.0,True,3570.0
2025-11-05,23,THW_THWGT54,85.0,0.0,True,3570.0
2025-11-05,23,THW_THWGT55,85.0,0.0,True,3570.0
2025-11-05,23,THW_THWGT56,85.0,0.0,True,3570.0
2025-11-05,23,THW_THWST_3,113.1,0.0,True,3166.8
2025-11-05,23,THW_THWST_4,113.1,0.0,True,3166.8
2025-11-05,23,TXCTY_CTA,129.1,0.0,True,3614.8
2025-11-05,23,TXCTY_CTB,129.1,0.0,True,3614.8
2025-11-05,23,TXCTY_CTC,129.1,0.0,True,3614.8
2025-11-05,23,TXCTY_ST,143.7,0.0,True,4023.6
2025-11-05,23,TGS_GT01,0.0,0.0,False,0.0
2025-11-05,23,TIMPP_AGR1,0.0,0.0,False,0.0
2025-11-05,23,TIMPP_AGR2,0.0,0.0,False,0.0
2025-11-05,23,TIMPP_AGR3,0.0,0.0,False,0.0
2025-11-05,23,TIMPP_AGR4,0.0,0.0,False,0.0
2025-11-05,23,TRSES_UNIT6,239.0,0.0,True,8365.0
2025-11-05,23,TOPAZ_UNIT1,60.5,0.0,True,2541.0
2025-11-05,23,TOPAZ_UNIT2,60.5,0.0,True,2541.0
2025-11-05,23,TOPAZ_UNIT3,60.5,0.0,True,2541.0
2025-11-05,23,TOPAZ_UNIT4,60.5,0.0,True,2541.0
2025-11-05,23,TOPAZ_UNIT5,60.5,0.0,True,2541.0
2025-11-05,23,TOPAZ_UNIT6,60.5,0.0,True,2541.0
2025-11-05,23,TOPAZ_UNIT7,60.5,0.0,True,2541.0
2025-11-05,23,TOPAZ_UNIT8,60.5,0.0,True,2541.0
2025-11-05,23,TOPAZ_UNIT9,60.5,0.0,True,2541.0
2025-11-05,23,TOPAZ_UNIT10,60.5,0.0,True,2541.0
2025-11-05,23,BRAUNIG_VHB6CT5,0.0,0.0,False,0.0
2025-11-05,23,BRAUNIG_VHB6CT6,0.0,0.0,False,0.0
2025-11-05,23,BRAUNIG_VHB6CT7,0.0,0.0,False,0.0
2025-11-05,23,BRAUNIG_VHB6CT8,0.0,0.0,False,0.0
2025-11-05,23,CITYVICT_CTG01,0.0,0.0,False,0.0
2025-11-05,23,CITYVICT_CTG02,0.0,0.0,False,0.0
2025-11-05,23,VICTPORT_CTG01,0.0,0.0,False,0.0
2025-11-05,23,VICTPORT_CTG02,0.0,0.0,False,0.0
2025-11-05,23,VICTORIA_VICTORG6,196.9,0.0,True,5513.2
2025-11-05,23,VICTORIA_VICTORG5,143.3261729371953,36.87382706280468,True,4013.1328
2025-11-05,23,WAP_WAPGT_1,0.0,0.0,False,0.0
2025-11-05,23,WAP_WAP_G1,0.0,0.0,False,0.0
2025-11-05,23,WAP_WAP_G2,0.0,0.0,False,0.0
2025-11-05,23,WAP_WAP_G3,0.0,0.0,False,0.0
2025-11-05,23,WAP_WAP_G4,0.0,0.0,False,0.0
2025-11-05,23,WFCOGEN_UNIT1,20.0,0.0,True,560.0
2025-11-05,23,WFCOGEN_UNIT2,20.0,0.0,True,560.0
2025-11-05,23,WFCOGEN_UNIT3,20.0,0.0,True,560.0
2025-11-05,23,WIPOPA_WPP_G1,60.5,0.0,True,2541.0
2025-11-05,23,WIPOPA_WPP_G2,34.37443579554356,26.12556420445644,True,1443.7263
2025-11-05,23,WIPOPA_WPP_G3,6.05,54.45,True,254.1
2025-11-05,23,WIPOPA_WPP_G4,6.05,54.45,True,254.1
2025-11-05,23,WCPP_CT1,0.0,0.0,False,0.0
2025-11-05,23,WCPP_CT2,0.0,0.0,False,0.0
2025-11-05,23,WCPP_ST1,0.0,0.0,False,0.0
2025-11-05,23,WHCCS_CT1,0.0,0.0,False,0.0
2025-11-05,23,WHCCS_CT2,0.0,0.0,False,0.0
2025-11-05,23,WHCCS_STG,0.0,0.0,False,0.0
2025-11-05,23,WHCCS2_CT4,0.0,0.0,False,0.0
2025-11-05,23,WHCCS2_CT5,0.0,0.0,False,0.0
2025-11-05,23,WHCCS2_STG6,0.0,0.0,False,0.0
2025-11-05,23,NACPW_UNIT1,0.0,0.0,False,0.0
2025-11-05,23,HBR_2UNITS,3.2,0.0,True,128.0
2025-11-05,23,TRIRA_1UNIT,4.0,0.0,True,160.0
2025-11-05,23,78252_4UNITS,0.0,0.0,False,0.0
2025-11-05,23,SPRIN_4UNITS,0.0,0.0,False,0.0
2025-11-05,23,FREIH_2UNITS,0.0,0.0,False,0.0
2025-11-05,23,WSTHL_3UNITS,4.8,0.0,True,192.0
2025-11-05,23,FEGC_CTG2,0.0,0.0,False,0.0
2025-11-05,23,FEGC_CTG3,0.0,0.0,False,0.0
2025-11-05,23,FEGC_CTG4,0.0,0.0,False,0.0
2025-11-05,23,OLNEYTN_AGR1,10.0,0.0,True,600.0
2025-11-05,23,AMISTAD_AMISTAG1,0.0,0.0,False,0.0
2025-11-05,23,AMISTAD_AMISTAG2,0.0,0.0,False,0.0
2025-11-05,23,AUSTPL_AUSTING1,9.0,0.0,True,9.0
2025-11-05,23,AUSTPL_AUSTING2,9.0,0.0,True,9.0
2025-11-05,23,BUCHAN_BUCHANG1,18.299999999999997,3.552713678800501e-15,True,18.3
2025-11-05,23,BUCHAN_BUCHANG2,18.299999999999997,3.552713678800501e-15,True,18.3
2025-11-05,23,BUCHAN_BUCHANG3,18.299999999999997,3.552713678800501e-15,True,18.3
2025-11-05,23,DNDAM_DENISOG1,50.8,0.0,True,50.8
2025-11-05,23,DNDAM_DENISOG2,50.8,0.0,True,50.8
2025-11-05,23,FALCON_FALCONG1,12.0,0.0,True,12.0
2025-11-05,23,FALCON_FALCONG2,12.0,0.0,True,12.0
2025-11-05,23,FALCON_FALCONG3,12.0,0.0,True,12.0
2025-11-05,23,WIRTZ_WIRTZ_G1,29.0,0.0,True,29.0
2025-11-05,23,WIRTZ_WIRTZ_G2,29.0,0.0,True,29.0
2025-11-05,23,CANYHY_CANYHYG1,6.0,0.0,True,6.0
2025-11-05,23,INKSDA_INKS_G1,15.0,0.0,True,15.0
2025-11-05,23,MARBFA_MARBFAG1,21.0,0.0,True,21.0
2025-11-05,23,MARBFA_MARBFAG2,20.0,0.0,True,20.0
2025-11-05,23,MARSFO_MARSFOG1,36.0,0.0,True,36.0
2025-11-05,23,MARSFO_MARSFOG2,36.0,0.0,True,36.0
2025-11-05,23,MARSFO_MARSFOG3,36.0,0.0,True,36.0
2025-11-05,23,WND_WHITNEY1,0.0,0.0,False,0.0
2025-11-05,23,WND_WHITNEY2,0.0,0.0,False,0.0
2025-11-05,23,AEEC_ANTLP_1,0.0,0.0,False,0.0
2025-11-05,23,AEEC_ANTLP_2,0.0,0.0,False,0.0
2025-11-05,23,AEEC_ANTLP_3,0.0,0.0,False,0.0
2025-11-05,23,AEEC_ELK_1,0.0,0.0,False,0.0
2025-11-05,23,AEEC_ELK_2,0.0,0.0,False,0.0
2025-11-05,23,AEEC_ELK_3,0.0,0.0,False,0.0
2025-11-05,23,FTR_FTR_G1,0.0,0.0,False,0.0
2025-11-05,23,FTR_FTR_G2,0.0,0.0,False,0.0
2025-11-05,23,FTR_FTR_G3,0.0,0.0,False,0.0
2025-11-05,23,FTR_FTR_G4,0.0,0.0,False,0.0
2025-11-05,23,TGCCS_CT1,0.0,0.0,False,0.0
2025-11-05,23,TGCCS_CT2,0.0,0.0,False,0.0
2025-11-05,23,TGCCS_CT3,0.0,0.0,False,0.0
2025-11-05,23,TGCCS_UNIT4,120.0,280.0,True,3360.0
2025-11-05,23,KMCHI_1CT101,55.5,129.5,True,1554.0
2025-11-05,23,KMCHI_1CT201,185.0,0.0,True,5180.0
2025-11-05,23,KMCHI_1ST,330.0,0.0,True,9240.0
2025-11-05,23,KMCHI_2CT101,55.5,129.5,True,1554.0
2025-11-05,23,KMCHI_2CT201,55.5,129.5,True,1554.0
2025-11-05,23,KMCHI_2ST,330.0,0.0,True,9240.0
2025-11-05,23,A4_DGR1,0.0,0.0,False,0.0
2025-11-05,23,A4_DGR2,0.0,0.0,False,0.0
2025-11-05,23,K2_DGR1,0.0,0.0,False,0.0
2025-11-05,23,K2_DGR2,0.0,0.0,False,0.0
2025-11-05,23,P2_DGR1,0.0,0.0,False,0.0
2025-11-05,23,P2_DGR2,0.0,0.0,False,0.0
2025-11-05,23,Q1_DGR1,0.0,0.0,False,0.0
2025-11-05,23,BRAUNIG_VHB3,0.0,0.0,False,0.0
2025-11-05,23,V2_DGR1,0.0,0.0,False,0.0
2025-11-05,23,V2_DGR2,0.0,0.0,False,0.0
2025-11-05,23,V2_DGR3,0.0,0.0,False,0.0
2025-11-05,23,V4_DGR1,0.0,0.0,False,0.0
2025-11-05,23,X1_DGR1,0.0,0.0,False,0.0
2025-11-05,23,Z0_DGR1,0.0,0.0,False,0.0
2025-11-05,23,Z0_DGR2,0.0,0.0,False,0.0
2025-11-05,23,Z5_DGR1,0.0,0.0,False,0.0
2025-11-05,23,DC_E,444.0147370816049,155.9852629183951,True,15540.5158
2025-11-05,23,DC_N,179.07821713227702,40.92178286772298,True,6267.7376
2025-11-05,23,DC_L,0.0,0.0,False,0.0
2025-11-05,23,DC_R,0.0,0.0,False,0.0
2025-11-05,23,CEDARVALE_GAS,0.0,0.0,False,0.0
2025-11-05,23,ENCHANTED_ROCK_NEWPP,30.0,0.0,True,1350.0
