,,,Commit,Commit,Commit,Commit,Commit,Commit,Commit,Commit,Commit,Commit,Commit,Commit,Commit,Commit,Commit,Commit,Commit,Commit,Commit,Commit,Commit,Commit,Commit,Commit,Output,Output,Output,Output,Output,Output,Output,Output,Output,Output,Output,Output,Output,Output,Output,Output,Output,Output,Output,Output,Output,Output,Output,Output,Reserve,Reserve,Reserve,Reserve,Reserve,Reserve,Reserve,Reserve,Reserve,Reserve,Reserve,Reserve,Reserve,Reserve,Reserve,Reserve,Reserve,Reserve,Reserve,Reserve,Reserve,Reserve,Reserve,Reserve
,,,1,2,3,4,5,6,7,8,9,10,11,12,13,14,15,16,17,18,19,20,21,22,23,24,1,2,3,4,5,6,7,8,9,10,11,12,13,14,15,16,17,18,19,20,21,22,23,24,1,2,3,4,5,6,7,8,9,10,11,12,13,14,15,16,17,18,19,20,21,22,23,24
Date,Hour,Generator,,,,,,,,,,,,,,,,,,,,,,,,,,,,,,,,,,,,,,,,,,,,,,,,,,,,,,,,,,,,,,,,,,,,,,,,
2024-08-20,0,CPSES_UNIT1,True,True,True,True,True,True,True,True,True,True,True,True,True,True,True,True,True,True,True,True,True,True,True,True,1269.0,1269.0,1269.0,1269.0,1269.0,1269.0,1269.0,1269.0,1269.0,1269.0,1269.0,1269.0,1269.0,1269.0,1269.0,1269.0,1269.0,1269.0,1269.0,1269.0,1269.0,1269.0,1269.0,1269.0,0.0,0.0,0.0,0.0,0.0,0.0,0.0,0.0,0.0,0.0,0.0,0.0,0.0,0.0,0.0,0.0,0.0,0.0,0.0,0.0,0.0,0.0,0.0,0.0
2024-08-20,0,CPSES_UNIT2,True,True,True,True,True,True,True,True,True,True,True,True,True,True,True,True,True,True,True,True,True,True,True,True,1269.0,1269.0,1269.0,1269.0,1269.0,1269.0,1269.0,1269.0,1269.0,1269.0,1269.0,1269.0,1269.0,1269.0,1269.0,1269.0,1269.0,1269.0,1269.0,1269.0,1269.0,1269.0,1269.0,1269.0,0.0,0.0,0.0,0.0,0.0,0.0,0.0,0.0,0.0,0.0,0.0,0.0,0.0,0.0,0.0,0.0,0.0,0.0,0.0,0.0,0.0,0.0,0.0,0.0
2024-08-20,0,STP_STP_G1,True,True,True,True,True,True,True,True,True,True,True,True,True,True,True,True,True,True,True,True,True,True,True,True,1365.0,1365.0,1365.0,1365.0,1365.0,1365.0,1365.0,1365.0,1365.0,1365.0,1365.0,1365.0,1365.0,1365.0,1365.0,1365.0,1365.0,1365.0,1365.0,1365.0,1365.0,1365.0,1365.0,1365.0,0.0,0.0,0.0,0.0,0.0,0.0,0.0,0.0,0.0,0.0,0.0,0.0,0.0,0.0,0.0,0.0,0.0,0.0,0.0,0.0,0.0,0.0,0.0,0.0
2024-08-20,0,STP_STP_G2,True,True,True,True,True,True,True,True,True,True,True,True,True,True,True,True,True,True,True,True,True,True,True,True,1365.0,1365.0,1365.0,1365.0,1365.0,1365.0,1365.0,1365.0,1365.0,1365.0,1365.0,1365.0,1365.0,1365.0,1365.0,1365.0,1365.0,1365.0,1365.0,1365.0,1365.0,1365.0,1365.0,1365.0,0.0,0.0,0.0,0.0,0.0,0.0,0.0,0.0,0.0,0.0,0.0,0.0,0.0,0.0,0.0,0.0,0.0,0.0,0.0,0.0,0.0,0.0,0.0,0.0
2024-08-20,0,COLETO_COLETOG1,True,True,True,True,True,True,True,True,True,True,True,True,True,True,True,True,True,True,True,True,True,True,True,True,655.0,655.0,655.0,655.0,655.0,655.0,655.0,655.0,655.0,655.0,655.0,655.0,655.0,655.0,655.0,655.0,655.0,655.0,655.0,655.0,655.0,655.0,655.0,655.0,0.0,0.0,0.0,0.0,0.0,0.0,0.0,0.0,0.0,0.0,0.0,0.0,0.0,0.0,0.0,0.0,0.0,0.0,0.0,0.0,0.0,0.0,0.0,0.0
2024-08-20,0,FPPYD1_FPP_G1,True,True,True,True,True,True,True,True,True,True,True,True,True,True,True,True,True,True,True,True,True,True,True,True,615.0,615.0,615.0,615.0,615.0,615.0,615.0,615.0,615.0,615.0,615.0,615.0,615.0,615.0,615.0,615.0,615.0,615.0,615.0,615.0,615.0,615.0,615.0,615.0,0.0,0.0,0.0,0.0,0.0,0.0,0.0,0.0,0.0,0.0,0.0,0.0,0.0,0.0,0.0,0.0,0.0,0.0,0.0,0.0,0.0,0.0,0.0,0.0
2024-08-20,0,FPPYD1_FPP_G2,True,True,True,True,True,True,True,True,True,True,True,True,True,True,True,True,True,True,True,True,True,True,True,True,615.0,615.0,615.0,615.0,615.0,615.0,615.0,615.0,615.0,615.0,615.0,615.0,615.0,615.0,615.0,615.0,615.0,615.0,615.0,615.0,615.0,615.0,615.0,615.0,0.0,0.0,0.0,0.0,0.0,0.0,0.0,0.0,0.0,0.0,0.0,0.0,0.0,0.0,0.0,0.0,0.0,0.0,0.0,0.0,0.0,0.0,0.0,0.0
2024-08-20,0,FPPYD2_FPP_G3,True,True,True,True,True,True,True,True,True,True,True,True,True,True,True,True,True,True,True,True,True,True,True,True,460.0,460.0,460.0,460.0,460.0,460.0,460.0,460.0,460.0,460.0,460.0,460.0,460.0,460.0,460.0,460.0,460.0,460.0,460.0,460.0,460.0,460.0,460.0,460.0,0.0,0.0,0.0,0.0,0.0,0.0,0.0,0.0,0.0,0.0,0.0,0.0,0.0,0.0,0.0,0.0,0.0,0.0,0.0,0.0,0.0,0.0,0.0,0.0
2024-08-20,0,CALAVERS_JKS1,True,True,True,True,True,True,True,True,True,True,True,True,True,True,True,True,True,True,True,True,True,True,True,True,560.0,560.0,560.0,560.0,560.0,560.0,560.0,560.0,560.0,560.0,560.0,560.0,560.0,560.0,560.0,560.0,560.0,560.0,560.0,560.0,560.0,560.0,560.0,560.0,0.0,0.0,0.0,0.0,0.0,0.0,0.0,0.0,0.0,0.0,0.0,0.0,0.0,0.0,0.0,0.0,0.0,0.0,0.0,0.0,0.0,0.0,0.0,0.0
2024-08-20,0,CALAVERS_JKS2,True,True,True,True,True,True,True,True,True,True,True,True,True,True,True,True,True,True,True,True,True,True,True,True,922.0,922.0,922.0,922.0,922.0,922.0,922.0,922.0,922.0,922.0,922.0,922.0,922.0,922.0,922.0,922.0,922.0,922.0,922.0,922.0,922.0,922.0,922.0,922.0,0.0,0.0,0.0,0.0,0.0,0.0,0.0,0.0,0.0,0.0,0.0,0.0,0.0,0.0,0.0,0.0,0.0,0.0,0.0,0.0,0.0,0.0,0.0,0.0
2024-08-20,0,LEG_LEG_G1,True,True,True,True,True,True,True,True,True,True,True,True,True,True,True,True,True,True,True,True,True,True,True,True,893.0,893.0,893.0,893.0,893.0,893.0,893.0,893.0,893.0,893.0,893.0,893.0,893.0,893.0,893.0,893.0,893.0,893.0,893.0,893.0,893.0,893.0,893.0,893.0,0.0,0.0,0.0,0.0,0.0,0.0,0.0,0.0,0.0,0.0,0.0,0.0,0.0,0.0,0.0,0.0,0.0,0.0,0.0,0.0,0.0,0.0,0.0,0.0
2024-08-20,0,LEG_LEG_G2,True,True,True,True,True,True,True,True,True,True,True,True,True,True,True,True,True,True,True,True,True,True,True,True,956.8,956.8,956.8,956.8,956.8,956.8,956.8,956.8,956.8,956.8,956.8,956.8,956.8,956.8,956.8,956.8,956.8,956.8,956.8,956.8,956.8,956.8,956.8,956.8,0.0,0.0,0.0,0.0,0.0,0.0,-0.0,0.0,0.0,0.0,-0.0,0.0,0.0,0.0,0.0,0.0,0.0,0.0,0.0,0.0,0.0,0.0,0.0,0.0
2024-08-20,0,MLSES_UNIT1,True,True,True,True,True,True,True,True,True,True,True,True,True,True,True,True,True,True,True,True,True,True,True,True,893.0,893.0,893.0,893.0,893.0,893.0,893.0,893.0,893.0,893.0,893.0,893.0,893.0,893.0,893.0,893.0,357.2,893.0,893.0,893.0,893.0,893.0,893.0,893.0,0.0,0.0,0.0,0.0,0.0,0.0,0.0,0.0,0.0,0.0,0.0,0.0,0.0,0.0,0.0,0.0,535.8,0.0,0.0,0.0,0.0,0.0,0.0,0.0
2024-08-20,0,MLSES_UNIT2,True,True,True,True,True,True,True,True,True,True,True,True,True,True,True,True,True,True,True,True,True,True,True,True,893.0,893.0,893.0,893.0,893.0,893.0,893.0,893.0,893.0,893.0,893.0,893.0,893.0,893.0,505.3177,357.2,807.9072,698.3495,561.4243,893.0,893.0,893.0,893.0,893.0,0.0,0.0,0.0,0.0,0.0,0.0,0.0,0.0,0.0,0.0,0.0,0.0,0.0,0.0,387.6823,535.8,85.0928,194.6505,331.5757,0.0,0.0,0.0,0.0,0.0
2024-08-20,0,MLSES_UNIT3,True,True,True,True,True,True,True,True,True,True,True,True,True,True,True,True,True,True,True,True,True,True,True,True,893.0,893.0,893.0,893.0,893.0,893.0,893.0,893.0,893.0,893.0,893.0,893.0,893.0,893.0,893.0,827.8152,893.0,357.2,893.0,893.0,893.0,893.0,893.0,893.0,0.0,0.0,0.0,0.0,0.0,0.0,0.0,0.0,0.0,0.0,0.0,0.0,0.0,0.0,0.0,65.1848,0.0,535.8,0.0,0.0,0.0,0.0,0.0,0.0
2024-08-20,0,OGSES_UNIT1A,True,True,True,True,True,True,True,True,True,True,True,True,True,True,True,True,True,True,True,True,True,True,True,True,916.8,916.8,916.8,916.8,916.8,916.8,916.8,916.8,916.8,916.8,916.8,916.8,916.8,916.8,916.8,916.8,916.8,916.8,916.8,916.8,916.8,916.8,916.8,916.8,0.0,0.0,0.0,0.0,0.0,0.0,0.0,0.0,0.0,0.0,0.0,0.0,0.0,0.0,0.0,0.0,0.0,0.0,0.0,0.0,0.0,0.0,0.0,0.0
2024-08-20,0,OGSES_UNIT2,True,True,True,True,True,True,True,True,True,True,True,True,True,True,True,True,True,True,True,True,True,True,True,True,916.8,916.8,916.8,916.8,916.8,916.8,916.8,916.8,916.8,916.8,916.8,916.8,916.8,916.8,916.8,916.8,916.8,916.8,916.8,916.8,916.8,916.8,916.8,916.8,0.0,0.0,0.0,0.0,0.0,0.0,0.0,0.0,0.0,0.0,0.0,0.0,0.0,0.0,0.0,0.0,0.0,0.0,0.0,0.0,0.0,0.0,0.0,0.0
2024-08-20,0,SANMIGL_G1,True,True,True,True,True,True,True,True,True,True,True,True,True,True,True,True,True,True,True,True,True,True,True,True,430.0,430.0,430.0,430.0,430.0,430.0,430.0,430.0,430.0,430.0,430.0,430.0,430.0,430.0,430.0,430.0,430.0,430.0,430.0,430.0,430.0,430.0,430.0,430.0,0.0,0.0,0.0,0.0,0.0,0.0,0.0,0.0,0.0,0.0,0.0,0.0,0.0,0.0,0.0,0.0,0.0,0.0,0.0,0.0,0.0,0.0,0.0,0.0
2024-08-20,0,SCES_UNIT1,True,True,True,True,True,True,True,True,True,True,True,True,True,True,True,True,True,True,True,True,True,True,True,True,1008.0,1008.0,1008.0,1008.0,1008.0,1008.0,1008.0,1008.0,1008.0,1008.0,1008.0,1008.0,1008.0,1008.0,1008.0,1008.0,1008.0,1008.0,1008.0,1008.0,1008.0,1008.0,1008.0,1008.0,0.0,0.0,0.0,0.0,0.0,0.0,0.0,0.0,0.0,0.0,0.0,0.0,0.0,0.0,0.0,0.0,0.0,0.0,0.0,0.0,0.0,0.0,0.0,0.0
2024-08-20,0,TNP_ONE_TNP_O_1,True,True,True,True,True,True,True,True,True,True,True,True,True,True,True,True,True,True,True,True,True,True,True,True,174.6,174.6,174.6,174.6,174.6,174.6,174.6,174.6,174.6,174.6,174.6,174.6,174.6,174.6,174.6,174.6,174.6,174.6,174.6,174.6,174.6,174.6,174.6,174.6,0.0,0.0,0.0,0.0,0.0,0.0,0.0,0.0,0.0,0.0,0.0,0.0,0.0,0.0,0.0,0.0,0.0,0.0,0.0,0.0,0.0,0.0,0.0,0.0
2024-08-20,0,TNP_ONE_TNP_O_2,True,True,True,True,True,True,True,True,True,True,True,True,True,True,True,True,True,True,True,True,True,True,True,True,174.6,174.6,174.6,174.6,174.6,174.6,174.6,174.6,174.6,174.6,174.6,174.6,174.6,174.6,174.6,174.6,174.6,174.6,174.6,174.6,174.6,174.6,174.6,174.6,0.0,0.0,0.0,0.0,-0.0,0.0,0.0,0.0,0.0,0.0,0.0,0.0,0.0,0.0,0.0,0.0,0.0,0.0,0.0,0.0,0.0,0.0,0.0,0.0
2024-08-20,0,WAP_WAP_G5,True,True,True,True,True,True,True,True,True,True,True,True,True,True,True,True,True,True,True,True,True,True,True,True,734.1,734.1,734.1,734.1,734.1,734.1,734.1,734.1,734.1,734.1,734.1,734.1,734.1,626.8386,676.1272,647.1409,734.1,734.1,734.1,734.1,734.1,734.1,734.1,734.1,0.0,0.0,0.0,0.0,0.0,0.0,0.0,0.0,0.0,0.0,-0.0,0.0,0.0,107.2614,57.9728,86.9591,0.0,0.0,0.0,0.0,0.0,0.0,0.0,0.0
2024-08-20,0,WAP_WAP_G6,True,True,True,True,True,True,True,True,True,True,True,True,True,True,True,True,True,True,True,True,True,True,True,True,734.1,734.1,734.1,734.1,734.1,734.1,734.1,734.1,734.1,734.1,734.1,734.1,463.2134,734.1,734.1,734.1,558.5869,495.5346,447.0672,734.1,734.1,734.1,734.1,734.1,-0.0,0.0,0.0,0.0,0.0,0.0,0.0,0.0,0.0,0.0,0.0,0.0,270.8866,0.0,0.0,0.0,175.5131,238.5654,287.0328,0.0,0.0,0.0,0.0,0.0
2024-08-20,0,WAP_WAP_G7,True,True,True,True,True,True,True,True,True,True,True,True,True,True,True,True,True,True,True,True,True,True,True,True,614.6,614.6,614.6,614.6,614.6,614.6,614.6,614.6,614.6,614.6,614.6,614.6,614.6,245.84,245.84,245.84,245.84,245.84,614.6,614.6,614.6,614.6,614.6,614.6,0.0,0.0,0.0,0.0,0.0,0.0,0.0,0.0,0.0,0.0,0.0,0.0,0.0,368.76,368.76,368.76,368.76,368.76,0.0,0.0,0.0,0.0,0.0,0.0
2024-08-20,0,WAP_WAP_G8,True,True,True,True,True,True,True,True,True,True,True,True,True,True,True,True,True,True,True,True,True,True,True,True,654.0,654.0,654.0,654.0,654.0,654.0,654.0,654.0,654.0,654.0,654.0,654.0,261.6,261.6,261.6,261.6,261.6,261.6,261.6,654.0,654.0,654.0,654.0,654.0,0.0,0.0,0.0,0.0,0.0,0.0,0.0,0.0,0.0,0.0,0.0,0.0,392.4,392.4,392.4,392.4,392.4,392.4,392.4,0.0,0.0,0.0,0.0,0.0
2024-08-20,0,BRAUNIG_AVR1_CT1,True,True,True,True,True,True,True,True,True,True,True,True,True,True,True,True,True,True,True,True,True,True,True,True,189.0,56.7,56.7,56.7,56.7,56.7,189.0,189.0,56.7,56.7,56.7,56.7,56.7,56.7,56.7,189.0,189.0,189.0,189.0,189.0,189.0,189.0,56.7,56.7,0.0,132.3,132.3,132.3,132.3,132.3,0.0,0.0,132.3,132.3,132.3,132.3,132.3,132.3,132.3,0.0,0.0,0.0,0.0,0.0,0.0,0.0,132.3,132.3
2024-08-20,0,BRAUNIG_AVR1_CT2,True,True,True,True,True,True,True,True,True,True,True,True,True,True,True,True,True,True,True,True,True,True,True,True,189.0,56.7,56.7,56.7,56.7,56.7,189.0,189.0,56.7,56.7,56.7,56.7,56.7,56.7,56.7,189.0,189.0,189.0,189.0,189.0,189.0,189.0,56.7,56.7,0.0,132.3,132.3,132.3,132.3,132.3,0.0,0.0,132.3,132.3,132.3,132.3,132.3,132.3,132.3,0.0,0.0,0.0,0.0,0.0,0.0,0.0,132.3,132.3
2024-08-20,0,BRAUNIG_AVR1_ST,True,True,False,False,False,False,False,True,True,True,True,True,True,True,True,True,True,True,True,True,True,True,True,True,222.0,66.6,0.0,0.0,0.0,0.0,0.0,66.6,66.6,66.6,66.6,66.6,66.6,66.6,66.6,222.0,222.0,222.0,222.0,222.0,222.0,222.0,66.6,66.6,0.0,0.0,0.0,0.0,0.0,0.0,0.0,0.0,155.4,155.4,155.4,155.4,155.4,155.4,155.4,0.0,0.0,0.0,0.0,0.0,0.0,0.0,155.4,155.4
2024-08-20,0,ATKINS_ATKINSG7,False,False,False,False,False,False,False,False,False,False,False,False,False,False,False,False,False,False,False,False,False,False,False,False,0.0,0.0,0.0,0.0,0.0,0.0,0.0,0.0,0.0,0.0,0.0,0.0,0.0,0.0,0.0,0.0,0.0,0.0,0.0,0.0,0.0,0.0,0.0,0.0,0.0,0.0,0.0,0.0,0.0,0.0,0.0,0.0,0.0,0.0,0.0,0.0,0.0,0.0,0.0,0.0,0.0,0.0,0.0,0.0,0.0,0.0,0.0,0.0
2024-08-20,0,B_DAVIS_B_DAVIG3,True,True,True,True,True,True,True,True,True,True,True,True,True,True,True,True,True,True,True,True,True,True,True,True,56.88,56.88,56.88,56.88,56.88,56.88,56.88,56.88,56.88,56.88,56.88,56.88,56.88,56.88,56.88,56.88,56.88,56.88,56.88,56.88,56.88,56.88,56.88,56.88,132.72,132.72,132.72,132.72,132.72,132.72,132.72,132.72,132.72,132.72,132.72,132.72,132.72,132.72,132.72,132.72,132.72,132.72,132.72,132.72,132.72,132.72,132.72,132.72
2024-08-20,0,B_DAVIS_B_DAVIG4,True,False,False,False,False,False,False,False,False,False,False,True,True,True,True,True,True,True,True,True,True,True,True,True,56.88,0.0,0.0,0.0,0.0,0.0,0.0,0.0,0.0,0.0,0.0,56.88,56.88,56.88,56.88,56.88,56.88,56.88,56.88,56.88,56.88,56.88,56.88,56.88,0.0,0.0,0.0,0.0,0.0,0.0,0.0,0.0,0.0,0.0,0.0,0.0,132.72,132.72,132.72,132.72,132.72,132.72,132.72,132.72,132.72,132.72,132.72,132.72
2024-08-20,0,B_DAVIS_B_DAVIG1,False,False,False,False,False,False,False,False,False,False,False,False,False,False,False,False,False,False,False,False,False,False,False,False,0.0,0.0,0.0,0.0,0.0,0.0,0.0,0.0,0.0,0.0,0.0,0.0,0.0,0.0,0.0,0.0,0.0,0.0,0.0,0.0,0.0,0.0,0.0,0.0,0.0,0.0,0.0,0.0,0.0,0.0,0.0,0.0,0.0,0.0,0.0,0.0,0.0,0.0,0.0,0.0,0.0,0.0,0.0,0.0,0.0,0.0,0.0,0.0
2024-08-20,0,B_DAVIS_B_DAVIG2,True,True,True,True,True,True,True,True,True,True,True,True,True,True,True,True,True,True,True,True,True,True,True,True,105.3,105.3,105.3,105.3,105.3,105.3,105.3,105.3,105.3,105.3,105.3,105.3,105.3,105.3,105.3,105.3,105.3,105.3,105.3,105.3,105.3,105.3,105.3,105.3,245.7,245.7,245.7,245.7,245.7,245.7,245.7,245.7,245.7,245.7,245.7,245.7,245.7,245.7,245.7,245.7,245.7,245.7,245.7,245.7,245.7,245.7,245.7,245.7
2024-08-20,0,BASTEN_GTG1100,True,True,True,True,True,True,True,True,True,True,True,True,True,True,True,True,True,True,True,True,True,True,True,True,56.4,56.4,56.4,56.4,56.4,56.4,56.4,56.4,56.4,56.4,56.4,56.4,188.0,188.0,188.0,188.0,188.0,188.0,188.0,188.0,188.0,188.0,188.0,56.4,131.6,131.6,131.6,131.6,131.6,131.6,131.6,131.6,131.6,131.6,131.6,131.6,0.0,0.0,0.0,0.0,0.0,0.0,0.0,0.0,0.0,0.0,0.0,131.6
2024-08-20,0,BASTEN_GTG2100,True,True,True,True,True,True,True,True,True,True,True,True,True,True,True,True,True,True,True,True,True,True,True,True,56.4,56.4,56.4,56.4,56.4,56.4,56.4,56.4,56.4,56.4,56.4,56.4,188.0,188.0,188.0,188.0,188.0,188.0,188.0,145.5849,188.0,188.0,188.0,56.4,131.6,131.6,131.6,131.6,131.6,131.6,131.6,131.6,131.6,131.6,131.6,131.6,0.0,0.0,0.0,0.0,0.0,0.0,0.0,42.4151,0.0,0.0,0.0,131.6
2024-08-20,0,BASTEN_ST0100,True,True,True,False,False,False,False,False,False,False,True,True,True,True,True,True,True,True,True,True,True,True,True,True,72.6,72.6,72.6,0.0,0.0,0.0,0.0,0.0,0.0,0.0,72.6,72.6,242.0,242.0,242.0,242.0,242.0,242.0,242.0,72.6,242.0,242.0,242.0,72.6,169.4,169.4,0.0,0.0,0.0,0.0,0.0,0.0,0.0,0.0,0.0,169.4,0.0,0.0,0.0,0.0,0.0,0.0,0.0,169.4,0.0,0.0,0.0,169.4
2024-08-20,0,BCH_UNIT1,False,False,False,False,False,False,False,False,False,False,False,False,False,False,True,True,True,True,True,True,True,True,True,False,0.0,0.0,0.0,0.0,0.0,0.0,0.0,0.0,0.0,0.0,0.0,0.0,0.0,0.0,6.05,6.05,6.05,6.05,6.05,6.05,6.05,6.05,6.05,0.0,0.0,0.0,0.0,0.0,0.0,0.0,0.0,0.0,0.0,0.0,0.0,0.0,0.0,0.0,0.0,54.45,54.45,54.45,54.45,54.45,54.45,54.45,0.0,0.0
2024-08-20,0,BCH_UNIT2,False,False,False,False,False,False,False,False,False,False,False,False,False,False,True,True,True,True,True,True,True,True,True,False,0.0,0.0,0.0,0.0,0.0,0.0,0.0,0.0,0.0,0.0,0.0,0.0,0.0,0.0,6.05,6.05,6.05,6.05,6.05,6.05,6.05,6.05,6.05,0.0,0.0,0.0,0.0,0.0,0.0,0.0,0.0,0.0,0.0,0.0,0.0,0.0,0.0,0.0,0.0,54.45,54.45,54.45,54.45,54.45,54.45,54.45,0.0,0.0
2024-08-20,0,BCH_UNIT3,False,False,False,False,False,False,False,False,False,False,False,False,False,False,True,True,True,True,True,True,True,True,True,False,0.0,0.0,0.0,0.0,0.0,0.0,0.0,0.0,0.0,0.0,0.0,0.0,0.0,0.0,6.05,6.05,6.05,6.05,6.05,6.05,6.05,6.05,6.05,0.0,0.0,0.0,0.0,0.0,0.0,0.0,0.0,0.0,0.0,0.0,0.0,0.0,0.0,0.0,0.0,54.45,54.45,54.45,54.45,54.45,54.45,54.45,0.0,0.0
2024-08-20,0,BCH_UNIT4,False,False,False,False,False,False,False,False,False,False,False,False,False,False,True,True,True,True,True,True,True,True,True,False,0.0,0.0,0.0,0.0,0.0,0.0,0.0,0.0,0.0,0.0,0.0,0.0,0.0,0.0,6.05,6.05,6.05,6.05,6.05,6.05,6.05,6.05,6.05,0.0,0.0,0.0,0.0,0.0,0.0,0.0,0.0,0.0,0.0,0.0,0.0,0.0,0.0,0.0,0.0,54.45,54.45,54.45,54.45,54.45,54.45,54.45,0.0,0.0
2024-08-20,0,BCH_UNIT5,False,False,False,False,False,False,False,False,False,False,False,False,False,False,True,True,True,True,True,True,True,True,True,False,0.0,0.0,0.0,0.0,0.0,0.0,0.0,0.0,0.0,0.0,0.0,0.0,0.0,0.0,6.05,6.05,6.05,6.05,6.05,6.05,6.05,6.05,6.05,0.0,0.0,0.0,0.0,0.0,0.0,0.0,0.0,0.0,0.0,0.0,0.0,0.0,0.0,0.0,0.0,54.45,54.45,54.45,54.45,54.45,54.45,54.45,0.0,0.0
2024-08-20,0,BCH_UNIT6,False,False,False,False,False,False,False,False,False,False,False,False,False,False,True,True,True,True,True,True,True,True,True,False,0.0,0.0,0.0,0.0,0.0,0.0,0.0,0.0,0.0,0.0,0.0,0.0,0.0,0.0,6.05,6.05,6.05,6.05,6.05,6.05,6.05,6.05,6.05,0.0,0.0,0.0,0.0,0.0,0.0,0.0,0.0,0.0,0.0,0.0,0.0,0.0,0.0,0.0,0.0,54.45,54.45,54.45,54.45,54.45,54.45,54.45,0.0,0.0
2024-08-20,0,BCH_UNIT7,False,False,False,False,False,False,False,False,False,False,False,False,False,False,True,True,True,True,True,True,True,True,True,False,0.0,0.0,0.0,0.0,0.0,0.0,0.0,0.0,0.0,0.0,0.0,0.0,0.0,0.0,6.05,6.05,6.05,6.05,6.05,6.05,6.05,6.05,6.05,0.0,0.0,0.0,0.0,0.0,0.0,0.0,0.0,0.0,0.0,0.0,0.0,0.0,0.0,0.0,0.0,54.45,54.45,54.45,54.45,54.45,54.45,54.45,0.0,0.0
2024-08-20,0,BCH_UNIT8,False,False,False,False,False,False,False,False,False,False,False,False,False,False,True,True,True,True,True,True,True,True,True,False,0.0,0.0,0.0,0.0,0.0,0.0,0.0,0.0,0.0,0.0,0.0,0.0,0.0,0.0,6.05,6.05,6.05,6.05,6.05,6.05,6.05,6.05,6.05,0.0,0.0,0.0,0.0,0.0,0.0,0.0,0.0,0.0,0.0,0.0,0.0,0.0,0.0,0.0,0.0,54.45,54.45,54.45,54.45,54.45,54.45,54.45,0.0,0.0
2024-08-20,0,BOSQUESW_BSQSU_1,True,True,True,True,True,True,True,True,True,True,True,True,True,True,True,True,True,True,True,True,True,True,True,True,188.7,188.7,56.61,56.61,56.61,56.61,188.7,188.7,56.61,56.61,56.61,56.61,56.61,56.61,56.61,56.61,56.61,56.61,56.61,56.61,56.61,172.5053,188.7,188.7,0.0,0.0,132.09,132.09,132.09,132.09,0.0,0.0,132.09,132.09,132.09,132.09,132.09,132.09,132.09,132.09,132.09,132.09,132.09,132.09,132.09,16.1947,0.0,0.0
2024-08-20,0,BOSQUESW_BSQSU_2,True,False,False,False,False,False,False,True,True,True,True,True,False,False,False,False,False,True,True,True,True,True,True,True,56.61,0.0,0.0,0.0,0.0,0.0,0.0,56.61,56.61,56.61,56.61,56.61,0.0,0.0,0.0,0.0,0.0,56.61,56.61,56.61,56.61,56.61,188.7,188.7,0.0,0.0,0.0,0.0,0.0,0.0,0.0,0.0,132.09,132.09,132.09,0.0,0.0,0.0,0.0,0.0,0.0,0.0,132.09,132.09,132.09,132.09,0.0,0.0
2024-08-20,0,BOSQUESW_BSQSU_3,True,True,True,True,True,True,True,True,True,True,True,True,False,False,False,False,False,False,True,True,True,True,True,True,188.7,188.7,56.61,56.61,56.61,56.61,188.7,188.7,56.61,56.61,56.61,56.61,0.0,0.0,0.0,0.0,0.0,0.0,56.61,172.3998,188.7,56.61,188.7,188.7,-0.0,0.0,132.09,132.09,132.09,132.09,0.0,0.0,132.09,132.09,132.09,0.0,0.0,0.0,0.0,0.0,0.0,0.0,0.0,16.3002,0.0,132.09,0.0,0.0
2024-08-20,0,BOSQUESW_BSQSU_4,True,True,True,True,True,True,True,True,True,True,True,True,True,False,False,False,False,True,True,True,True,True,True,True,95.0,95.0,28.5,28.5,28.5,28.5,95.0,95.0,28.5,28.5,28.5,28.5,28.5,0.0,0.0,0.0,0.0,28.5,28.5,28.5,28.5,28.5,95.0,95.0,0.0,0.0,66.5,66.5,66.5,66.5,0.0,0.0,66.5,66.5,66.5,66.5,0.0,0.0,0.0,0.0,0.0,0.0,66.5,66.5,66.5,66.5,0.0,0.0
2024-08-20,0,BOSQUESW_BSQSU_5,False,False,False,False,False,False,False,False,True,True,True,True,True,True,True,False,False,False,False,True,True,True,True,True,0.0,0.0,0.0,0.0,0.0,0.0,0.0,0.0,76.26,76.26,76.26,76.26,76.26,76.26,76.26,0.0,0.0,0.0,0.0,76.26,203.1738,254.2,254.2,254.2,0.0,0.0,0.0,0.0,0.0,0.0,0.0,0.0,0.0,177.94,177.94,177.94,177.94,177.94,0.0,0.0,0.0,0.0,0.0,0.0,51.0262,0.0,-0.0,0.0
2024-08-20,0,BVE_UNIT1,True,True,True,True,True,True,True,True,True,True,True,True,True,True,True,True,True,True,True,True,True,True,True,True,59.67,59.67,59.67,59.67,59.67,59.67,59.67,74.0422,59.67,59.67,59.67,59.67,198.9,198.9,198.9,198.9,198.9,198.9,198.9,198.9,198.9,198.9,198.9,59.67,139.23,139.23,139.23,139.23,139.23,139.23,139.23,124.8578,139.23,139.23,139.23,139.23,0.0,0.0,0.0,0.0,0.0,0.0,0.0,0.0,0.0,0.0,0.0,139.23
2024-08-20,0,BVE_UNIT2,True,True,True,True,True,True,True,True,True,True,True,True,True,True,True,True,True,True,True,True,True,True,True,True,59.67,59.67,59.67,59.67,59.67,59.67,59.67,198.9,59.67,59.67,59.67,59.67,198.9,198.9,198.9,198.9,198.9,198.9,198.9,198.9,198.9,198.9,198.9,59.67,139.23,139.23,139.23,139.23,139.23,139.23,139.23,0.0,139.23,139.23,139.23,139.23,0.0,0.0,0.0,0.0,0.0,0.0,0.0,0.0,0.0,0.0,0.0,139.23
2024-08-20,0,BVE_UNIT3,True,True,True,True,True,True,True,True,True,True,True,True,True,True,True,True,True,True,True,True,True,True,True,True,82.68,82.68,82.68,82.68,82.68,82.68,82.68,82.68,82.68,82.68,82.68,82.68,275.6,275.6,275.6,275.6,275.6,275.6,275.6,275.6,275.6,275.6,275.6,82.68,192.92,192.92,192.92,192.92,192.92,192.92,192.92,192.92,192.92,192.92,192.92,192.92,0.0,0.0,0.0,0.0,0.0,0.0,0.0,0.0,0.0,0.0,0.0,192.92
2024-08-20,0,BTM_UNIT1,False,False,False,False,False,False,False,False,False,False,False,False,False,True,True,True,True,True,True,True,True,True,True,False,0.0,0.0,0.0,0.0,0.0,0.0,0.0,0.0,0.0,0.0,0.0,0.0,0.0,6.05,6.05,6.05,6.05,6.05,6.05,6.05,60.5,6.05,6.05,0.0,0.0,0.0,0.0,0.0,0.0,0.0,0.0,0.0,0.0,0.0,0.0,0.0,0.0,0.0,54.45,54.45,54.45,54.45,54.45,54.45,0.0,54.45,0.0,0.0
2024-08-20,0,BTM_UNIT2,False,False,False,False,False,False,False,False,False,False,False,False,False,True,True,True,True,True,True,True,True,True,True,False,0.0,0.0,0.0,0.0,0.0,0.0,0.0,0.0,0.0,0.0,0.0,0.0,0.0,6.05,6.05,6.05,6.05,6.05,6.05,6.05,60.5,6.05,6.05,0.0,0.0,0.0,0.0,0.0,0.0,0.0,0.0,0.0,0.0,0.0,0.0,0.0,0.0,0.0,54.45,54.45,54.45,54.45,54.45,54.45,0.0,54.45,0.0,0.0
2024-08-20,0,BTM_UNIT3,False,False,False,False,False,False,False,False,False,False,False,False,False,True,True,True,True,True,True,True,True,True,True,False,0.0,0.0,0.0,0.0,0.0,0.0,0.0,0.0,0.0,0.0,0.0,0.0,0.0,6.05,6.05,6.05,6.05,6.05,6.05,6.05,60.5,6.05,6.05,0.0,0.0,0.0,0.0,0.0,0.0,0.0,0.0,0.0,0.0,0.0,0.0,0.0,0.0,0.0,54.45,54.45,54.45,54.45,54.45,54.45,0.0,54.45,0.0,0.0
2024-08-20,0,BTM_UNIT4,False,False,False,False,False,False,False,False,False,False,False,False,False,True,True,True,True,True,True,True,True,True,True,False,0.0,0.0,0.0,0.0,0.0,0.0,0.0,0.0,0.0,0.0,0.0,0.0,0.0,6.05,6.05,6.05,6.05,6.05,6.05,6.05,60.5,6.05,6.05,0.0,0.0,0.0,0.0,0.0,0.0,0.0,0.0,0.0,0.0,0.0,0.0,0.0,0.0,0.0,54.45,54.45,54.45,54.45,54.45,54.45,0.0,54.45,0.0,0.0
2024-08-20,0,BTM_UNIT5,False,False,False,False,False,False,False,False,False,False,False,False,False,True,True,True,True,True,True,True,True,True,True,False,0.0,0.0,0.0,0.0,0.0,0.0,0.0,0.0,0.0,0.0,0.0,0.0,0.0,6.05,6.05,6.05,6.05,6.05,6.05,6.05,48.7933,6.05,6.05,0.0,0.0,0.0,0.0,0.0,0.0,0.0,0.0,0.0,0.0,0.0,0.0,0.0,0.0,0.0,54.45,54.45,54.45,54.45,54.45,54.45,11.7067,54.45,0.0,0.0
2024-08-20,0,BTM_UNIT6,False,False,False,False,False,False,False,False,False,False,False,False,False,True,True,True,True,True,True,True,True,True,True,False,0.0,0.0,0.0,0.0,0.0,0.0,0.0,0.0,0.0,0.0,0.0,0.0,0.0,6.05,6.05,6.05,6.05,6.05,6.05,6.05,6.05,6.05,6.05,0.0,0.0,0.0,0.0,0.0,0.0,0.0,0.0,0.0,0.0,0.0,0.0,0.0,0.0,0.0,54.45,54.45,54.45,54.45,54.45,54.45,54.45,54.45,0.0,0.0
2024-08-20,0,BTM_UNIT7,False,False,False,False,False,False,False,False,False,False,False,False,False,True,True,True,True,True,True,True,True,True,True,False,0.0,0.0,0.0,0.0,0.0,0.0,0.0,0.0,0.0,0.0,0.0,0.0,0.0,6.05,6.05,6.05,6.05,6.05,6.05,6.05,60.5,6.05,6.05,0.0,0.0,0.0,0.0,0.0,0.0,0.0,0.0,0.0,0.0,0.0,0.0,0.0,0.0,0.0,54.45,54.45,54.45,54.45,54.45,54.45,0.0,54.45,0.0,0.0
2024-08-20,0,BTM_UNIT8,False,False,False,False,False,False,False,False,False,False,False,False,False,True,True,True,True,True,True,True,True,True,True,False,0.0,0.0,0.0,0.0,0.0,0.0,0.0,0.0,0.0,0.0,0.0,0.0,0.0,6.05,6.05,6.05,6.05,6.05,6.05,6.05,60.5,6.05,6.05,0.0,0.0,0.0,0.0,0.0,0.0,0.0,0.0,0.0,0.0,0.0,0.0,0.0,0.0,0.0,54.45,54.45,54.45,54.45,54.45,54.45,0.0,54.45,0.0,0.0
2024-08-20,0,FLCNS_UNIT1,False,False,False,False,False,False,False,False,False,False,False,False,False,False,False,False,False,False,True,True,True,False,False,False,0.0,0.0,0.0,0.0,0.0,0.0,0.0,0.0,0.0,0.0,0.0,0.0,0.0,0.0,0.0,0.0,0.0,0.0,7.5,7.5,7.5,0.0,0.0,0.0,0.0,0.0,0.0,0.0,0.0,0.0,0.0,0.0,0.0,0.0,0.0,0.0,0.0,0.0,0.0,0.0,0.0,0.0,0.0,67.5,0.0,0.0,0.0,0.0
2024-08-20,0,FLCNS_UNIT2,False,False,False,False,False,False,False,False,False,False,False,False,False,False,False,False,False,False,True,True,True,False,False,False,0.0,0.0,0.0,0.0,0.0,0.0,0.0,0.0,0.0,0.0,0.0,0.0,0.0,0.0,0.0,0.0,0.0,0.0,7.5,7.5,7.5,0.0,0.0,0.0,0.0,0.0,0.0,0.0,0.0,0.0,0.0,0.0,0.0,0.0,0.0,0.0,0.0,0.0,0.0,0.0,0.0,0.0,0.0,67.5,0.0,0.0,0.0,0.0
2024-08-20,0,CALHOUN_UNIT1,False,False,False,False,False,False,False,False,False,False,False,False,False,False,False,False,False,False,False,False,False,False,False,False,0.0,0.0,0.0,0.0,0.0,0.0,0.0,0.0,0.0,0.0,0.0,0.0,0.0,0.0,0.0,0.0,0.0,0.0,0.0,0.0,0.0,0.0,0.0,0.0,0.0,0.0,0.0,0.0,0.0,0.0,0.0,0.0,0.0,0.0,0.0,0.0,0.0,0.0,0.0,0.0,0.0,0.0,0.0,0.0,0.0,0.0,0.0,0.0
2024-08-20,0,CALHOUN_UNIT2,False,False,False,False,False,False,False,False,False,False,False,False,False,False,False,False,False,False,False,False,False,False,False,False,0.0,0.0,0.0,0.0,0.0,0.0,0.0,0.0,0.0,0.0,0.0,0.0,0.0,0.0,0.0,0.0,0.0,0.0,0.0,0.0,0.0,0.0,0.0,0.0,0.0,0.0,0.0,0.0,0.0,0.0,0.0,0.0,0.0,0.0,0.0,0.0,0.0,0.0,0.0,0.0,0.0,0.0,0.0,0.0,0.0,0.0,0.0,0.0
2024-08-20,0,CHAMON_CTG_0101,False,False,False,False,False,False,False,False,False,False,False,False,False,False,True,True,True,True,True,True,True,True,True,False,0.0,0.0,0.0,0.0,0.0,0.0,0.0,0.0,0.0,0.0,0.0,0.0,0.0,0.0,6.05,6.05,6.05,6.05,6.05,6.05,6.05,6.05,6.05,0.0,0.0,0.0,0.0,0.0,0.0,0.0,0.0,0.0,0.0,0.0,0.0,0.0,0.0,0.0,0.0,54.45,54.45,54.45,54.45,54.45,54.45,54.45,0.0,0.0
2024-08-20,0,CHAMON_CTG_0301,False,False,False,False,False,False,False,False,False,False,False,False,False,False,True,True,True,True,True,True,True,True,True,False,0.0,0.0,0.0,0.0,0.0,0.0,0.0,0.0,0.0,0.0,0.0,0.0,0.0,0.0,6.05,6.05,6.05,6.05,6.05,6.05,6.05,6.05,6.05,0.0,0.0,0.0,0.0,0.0,0.0,0.0,0.0,0.0,0.0,0.0,0.0,0.0,0.0,0.0,0.0,54.45,54.45,54.45,54.45,54.45,54.45,54.45,0.0,0.0
2024-08-20,0,CBY4_CT41,True,True,True,True,True,True,True,True,True,True,True,True,True,True,True,True,True,True,True,True,True,True,True,True,205.0,61.5,61.5,61.5,61.5,61.5,61.5,205.0,61.5,61.5,205.0,205.0,205.0,205.0,205.0,205.0,205.0,205.0,205.0,205.0,205.0,205.0,205.0,205.0,0.0,143.5,143.5,143.5,143.5,143.5,143.5,0.0,143.5,143.5,0.0,0.0,0.0,0.0,0.0,0.0,0.0,0.0,0.0,0.0,0.0,0.0,0.0,0.0
2024-08-20,0,CBY4_CT42,True,True,True,True,True,True,True,True,True,True,True,True,True,True,True,True,True,True,True,True,True,True,True,True,205.0,61.5,61.5,61.5,61.5,61.5,61.5,205.0,61.5,61.5,205.0,205.0,205.0,205.0,205.0,205.0,205.0,205.0,205.0,205.0,205.0,205.0,205.0,205.0,0.0,143.5,143.5,143.5,143.5,143.5,143.5,0.0,143.5,143.5,0.0,0.0,0.0,0.0,0.0,0.0,0.0,0.0,0.0,0.0,0.0,0.0,0.0,0.0
2024-08-20,0,CBY4_ST04,True,True,True,True,True,True,True,True,True,True,True,True,True,True,True,True,True,True,True,True,True,True,True,True,205.0,61.5,61.5,61.5,61.5,61.5,61.5,205.0,61.5,61.5,205.0,205.0,205.0,205.0,205.0,205.0,205.0,205.0,205.0,205.0,205.0,205.0,205.0,205.0,0.0,143.5,143.5,143.5,143.5,143.5,143.5,0.0,143.5,143.5,0.0,0.0,0.0,0.0,0.0,0.0,0.0,0.0,0.0,0.0,0.0,0.0,0.0,0.0
2024-08-20,0,CBY_CBY_G1,True,True,True,True,True,True,True,True,True,True,True,True,True,True,True,True,True,True,True,True,True,True,True,True,229.5,229.5,229.5,229.5,229.5,229.5,229.5,229.5,229.5,229.5,229.5,229.5,408.1756,536.0733,765.0,765.0,765.0,765.0,765.0,765.0,765.0,765.0,229.5,229.5,535.5,535.5,535.5,535.5,535.5,535.5,535.5,535.5,535.5,535.5,535.5,535.5,356.8244,228.9267,0.0,0.0,0.0,0.0,0.0,0.0,0.0,0.0,535.5,535.5
2024-08-20,0,CBY_CBY_G2,True,True,True,True,True,True,True,True,True,True,True,True,True,True,True,True,True,True,True,True,True,True,True,True,229.5,229.5,229.5,229.5,229.5,229.5,229.5,229.5,229.5,229.5,229.5,229.5,229.5,765.0,765.0,765.0,765.0,765.0,765.0,765.0,765.0,765.0,229.5,229.5,535.5,535.5,535.5,535.5,535.5,535.5,535.5,535.5,535.5,535.5,535.5,535.5,535.5,0.0,0.0,0.0,0.0,0.0,0.0,0.0,0.0,0.0,535.5,535.5
2024-08-20,0,CBEC_GT1,True,True,True,True,True,True,True,True,False,False,False,False,True,True,True,True,True,True,True,True,True,True,True,True,25.95,25.95,25.95,25.95,25.95,25.95,25.95,25.95,0.0,0.0,0.0,0.0,25.95,25.95,25.95,25.95,25.95,25.95,25.95,86.5,86.5,86.5,25.95,25.95,60.55,60.55,60.55,60.55,60.55,60.55,60.55,0.0,0.0,0.0,0.0,0.0,0.0,60.55,60.55,60.55,60.55,60.55,60.55,0.0,0.0,0.0,60.55,60.55
2024-08-20,0,CBEC_GT2,True,True,True,True,True,True,True,True,False,False,False,False,True,True,True,True,True,True,True,True,True,True,True,True,25.95,25.95,25.95,25.95,25.95,25.95,25.95,25.95,0.0,0.0,0.0,0.0,25.95,25.95,25.95,25.95,25.95,25.95,25.95,25.95,86.5,86.5,25.95,25.95,60.55,60.55,60.55,60.55,60.55,60.55,60.55,0.0,0.0,0.0,0.0,0.0,0.0,60.55,60.55,60.55,60.55,60.55,60.55,60.55,0.0,0.0,60.55,60.55
2024-08-20,0,CBEC_GT3,True,True,True,True,True,True,False,False,False,False,False,False,True,True,True,True,True,True,True,True,True,True,True,True,25.95,25.95,25.95,25.95,25.95,25.95,0.0,0.0,0.0,0.0,0.0,0.0,25.95,25.95,25.95,25.95,25.95,25.95,25.95,77.9931,86.5,25.95,25.95,25.95,60.55,60.55,60.55,60.55,60.55,0.0,0.0,0.0,0.0,0.0,0.0,0.0,0.0,60.55,60.55,60.55,60.55,60.55,60.55,8.5069,0.0,60.55,60.55,60.55
2024-08-20,0,CBEC_GT4,True,True,True,True,True,True,True,True,False,False,False,False,True,True,True,True,True,True,True,True,True,True,True,True,25.95,25.95,25.95,25.95,25.95,25.95,25.95,25.95,0.0,0.0,0.0,0.0,25.95,25.95,25.95,25.95,25.95,25.95,25.95,25.95,86.5,71.5677,25.95,25.95,60.55,60.55,60.55,60.55,60.55,60.55,60.55,0.0,0.0,0.0,0.0,0.0,0.0,60.55,60.55,60.55,60.55,60.55,60.55,60.55,0.0,14.9323,60.55,60.55
2024-08-20,0,CBEC_STG1,False,False,False,False,True,True,True,True,False,False,False,False,True,True,True,True,True,True,True,True,True,True,True,True,0.0,0.0,0.0,0.0,31.5,31.5,31.5,31.5,0.0,0.0,0.0,0.0,31.5,31.5,31.5,31.5,31.5,31.5,31.5,105.0,105.0,31.5,31.5,31.5,0.0,0.0,0.0,0.0,0.0,73.5,73.5,0.0,0.0,0.0,0.0,0.0,0.0,73.5,73.5,73.5,73.5,73.5,73.5,0.0,0.0,73.5,73.5,73.5
2024-08-20,0,CBEC_STG2,True,True,True,True,True,True,False,False,False,False,False,False,True,True,True,True,True,True,True,True,True,True,True,True,32.64,32.64,32.64,32.64,32.64,32.64,0.0,0.0,0.0,0.0,0.0,0.0,32.64,32.64,32.64,32.64,32.64,32.64,32.64,108.8,108.8,108.8,32.64,32.64,76.16,76.16,76.16,76.16,76.16,0.0,0.0,0.0,0.0,0.0,0.0,0.0,0.0,76.16,76.16,76.16,76.16,76.16,76.16,0.0,0.0,0.0,76.16,76.16
2024-08-20,0,CBECII_CT7,True,True,True,True,True,True,True,True,False,False,False,False,False,False,False,False,False,False,True,True,True,True,True,True,108.27,108.27,108.27,108.27,108.27,108.27,108.27,108.27,0.0,0.0,0.0,0.0,0.0,0.0,0.0,0.0,0.0,0.0,108.27,108.27,108.27,108.27,108.27,108.27,252.63,252.63,252.63,252.63,252.63,252.63,252.63,0.0,0.0,0.0,0.0,0.0,0.0,0.0,0.0,0.0,0.0,0.0,0.0,252.63,252.63,252.63,252.63,252.63
2024-08-20,0,CBECII_CT8,True,True,True,True,True,True,True,True,False,False,False,False,False,False,False,False,False,False,True,True,True,True,True,True,108.27,108.27,108.27,108.27,108.27,108.27,108.27,108.27,0.0,0.0,0.0,0.0,0.0,0.0,0.0,0.0,0.0,0.0,108.27,108.27,108.27,108.27,108.27,108.27,252.63,252.63,252.63,252.63,252.63,252.63,252.63,0.0,0.0,0.0,0.0,0.0,0.0,0.0,0.0,0.0,0.0,0.0,0.0,252.63,252.63,252.63,252.63,252.63
2024-08-20,0,CBECII_STG9,True,True,True,True,True,True,True,True,True,True,True,False,False,False,False,False,False,False,True,True,True,True,True,True,152.55,152.55,152.55,152.55,152.55,152.55,152.55,152.55,152.55,152.55,152.55,0.0,0.0,0.0,0.0,0.0,0.0,0.0,152.55,152.55,152.55,152.55,152.55,152.55,355.95,355.95,355.95,355.95,355.95,355.95,355.95,355.95,355.95,355.95,0.0,0.0,0.0,0.0,0.0,0.0,0.0,0.0,0.0,355.95,355.95,355.95,355.95,355.95
2024-08-20,0,CBEC_GT11,False,False,False,False,False,False,False,False,False,False,False,False,False,False,False,False,False,False,False,False,False,False,False,False,0.0,0.0,0.0,0.0,0.0,0.0,0.0,0.0,0.0,0.0,0.0,0.0,0.0,0.0,0.0,0.0,0.0,0.0,0.0,0.0,0.0,0.0,0.0,0.0,0.0,0.0,0.0,0.0,0.0,0.0,0.0,0.0,0.0,0.0,0.0,0.0,0.0,0.0,0.0,0.0,0.0,0.0,0.0,0.0,0.0,0.0,0.0,0.0
2024-08-20,0,CBEC_GT12,False,False,False,False,False,False,False,False,False,False,False,False,False,False,False,False,False,False,False,False,False,False,False,False,0.0,0.0,0.0,0.0,0.0,0.0,0.0,0.0,0.0,0.0,0.0,0.0,0.0,0.0,0.0,0.0,0.0,0.0,0.0,0.0,0.0,0.0,0.0,0.0,0.0,0.0,0.0,0.0,0.0,0.0,0.0,0.0,0.0,0.0,0.0,0.0,0.0,0.0,0.0,0.0,0.0,0.0,0.0,0.0,0.0,0.0,0.0,0.0
2024-08-20,0,CVC_CVC_G1,True,True,True,True,True,True,True,True,True,True,True,True,True,True,True,True,True,True,True,True,True,True,True,True,57.63,57.63,57.63,57.63,57.63,57.63,57.63,57.63,57.63,57.63,57.63,192.1,192.1,192.1,192.1,192.1,192.1,192.1,192.1,192.1,192.1,192.1,192.1,165.9008,134.47,134.47,134.47,134.47,134.47,134.47,134.47,134.47,134.47,134.47,134.47,0.0,0.0,0.0,0.0,0.0,0.0,0.0,0.0,0.0,0.0,0.0,0.0,26.1992
2024-08-20,0,CVC_CVC_G2,True,True,True,True,True,True,True,True,True,True,True,True,True,True,True,True,True,True,True,True,True,True,True,True,57.63,57.63,57.63,57.63,57.63,57.63,57.63,57.63,57.63,57.63,57.63,192.1,192.1,192.1,192.1,192.1,192.1,192.1,192.1,192.1,192.1,192.1,192.1,192.1,134.47,134.47,134.47,134.47,134.47,134.47,134.47,134.47,134.47,134.47,134.47,0.0,0.0,0.0,0.0,0.0,0.0,0.0,0.0,0.0,0.0,0.0,0.0,0.0
2024-08-20,0,CVC_CVC_G3,True,True,True,True,True,True,True,True,True,True,True,True,True,True,True,True,True,True,True,True,True,True,True,True,57.63,57.63,57.63,57.63,57.63,57.63,57.63,57.63,57.63,57.63,57.63,192.1,192.1,192.1,192.1,192.1,192.1,192.1,192.1,192.1,192.1,192.1,192.1,192.1,134.47,134.47,134.47,134.47,134.47,134.47,134.47,134.47,134.47,134.47,134.47,0.0,0.0,0.0,0.0,0.0,0.0,0.0,0.0,0.0,0.0,0.0,0.0,0.0
2024-08-20,0,CVC_CVC_G5,True,True,True,True,True,True,True,True,True,True,True,True,True,True,True,True,True,True,True,True,True,True,True,True,45.0,45.0,45.0,45.0,45.0,45.0,45.0,45.0,45.0,45.0,45.0,150.0,150.0,150.0,150.0,150.0,150.0,150.0,150.0,150.0,150.0,150.0,150.0,150.0,105.0,105.0,105.0,105.0,105.0,105.0,105.0,105.0,105.0,105.0,105.0,0.0,0.0,0.0,0.0,0.0,0.0,0.0,0.0,0.0,0.0,0.0,0.0,0.0
2024-08-20,0,DANSBY_DANSBYG2,False,False,False,False,False,False,False,False,False,False,False,False,False,False,False,False,False,False,False,False,False,False,False,False,0.0,0.0,0.0,0.0,0.0,0.0,0.0,0.0,0.0,0.0,0.0,0.0,0.0,0.0,0.0,0.0,0.0,0.0,0.0,0.0,0.0,0.0,0.0,0.0,0.0,0.0,0.0,0.0,0.0,0.0,0.0,0.0,0.0,0.0,0.0,0.0,0.0,0.0,0.0,0.0,0.0,0.0,0.0,0.0,0.0,0.0,0.0,0.0
2024-08-20,0,DANSBY_DANSBYG3,False,False,False,False,False,False,False,False,False,False,False,False,False,False,False,False,False,False,False,False,False,False,False,False,0.0,0.0,0.0,0.0,0.0,0.0,0.0,0.0,0.0,0.0,0.0,0.0,0.0,0.0,0.0,0.0,0.0,0.0,0.0,0.0,0.0,0.0,0.0,0.0,0.0,0.0,0.0,0.0,0.0,0.0,0.0,0.0,0.0,0.0,0.0,0.0,0.0,0.0,0.0,0.0,0.0,0.0,0.0,0.0,0.0,0.0,0.0,0.0
2024-08-20,0,DANSBY_DANSBYG1,False,False,False,False,False,False,False,False,False,False,False,False,False,False,False,False,False,False,True,True,True,True,False,False,0.0,0.0,0.0,0.0,0.0,0.0,0.0,0.0,0.0,0.0,0.0,0.0,0.0,0.0,0.0,0.0,0.0,0.0,36.0,36.0,36.0,36.0,0.0,0.0,0.0,0.0,0.0,0.0,0.0,0.0,0.0,0.0,0.0,0.0,0.0,0.0,0.0,0.0,0.0,0.0,0.0,0.0,0.0,84.0,84.0,0.0,0.0,0.0
2024-08-20,0,DECKER_DPGT_1,False,False,False,False,False,False,False,False,False,False,False,False,False,False,False,False,False,False,False,False,False,False,False,False,0.0,0.0,0.0,0.0,0.0,0.0,0.0,0.0,0.0,0.0,0.0,0.0,0.0,0.0,0.0,0.0,0.0,0.0,0.0,0.0,0.0,0.0,0.0,0.0,0.0,0.0,0.0,0.0,0.0,0.0,0.0,0.0,0.0,0.0,0.0,0.0,0.0,0.0,0.0,0.0,0.0,0.0,0.0,0.0,0.0,0.0,0.0,0.0
2024-08-20,0,DECKER_DPGT_2,False,False,False,False,False,False,False,False,False,False,False,False,False,False,False,False,False,False,False,False,False,False,False,False,0.0,0.0,0.0,0.0,0.0,0.0,0.0,0.0,0.0,0.0,0.0,0.0,0.0,0.0,0.0,0.0,0.0,0.0,0.0,0.0,0.0,0.0,0.0,0.0,0.0,0.0,0.0,0.0,0.0,0.0,0.0,0.0,0.0,0.0,0.0,0.0,0.0,0.0,0.0,0.0,0.0,0.0,0.0,0.0,0.0,0.0,0.0,0.0
2024-08-20,0,DECKER_DPGT_3,False,False,False,False,False,False,False,False,False,False,False,False,False,False,False,False,False,False,False,False,False,False,False,False,0.0,0.0,0.0,0.0,0.0,0.0,0.0,0.0,0.0,0.0,0.0,0.0,0.0,0.0,0.0,0.0,0.0,0.0,0.0,0.0,0.0,0.0,0.0,0.0,0.0,0.0,0.0,0.0,0.0,0.0,0.0,0.0,0.0,0.0,0.0,0.0,0.0,0.0,0.0,0.0,0.0,0.0,0.0,0.0,0.0,0.0,0.0,0.0
2024-08-20,0,DECKER_DPGT_4,False,False,False,False,False,False,False,False,False,False,False,False,False,False,False,False,False,False,False,False,False,False,False,False,0.0,0.0,0.0,0.0,0.0,0.0,0.0,0.0,0.0,0.0,0.0,0.0,0.0,0.0,0.0,0.0,0.0,0.0,0.0,0.0,0.0,0.0,0.0,0.0,0.0,0.0,0.0,0.0,0.0,0.0,0.0,0.0,0.0,0.0,0.0,0.0,0.0,0.0,0.0,0.0,0.0,0.0,0.0,0.0,0.0,0.0,0.0,0.0
2024-08-20,0,DCSES_CT10,False,False,False,False,False,False,False,False,False,False,False,False,False,True,True,True,True,True,True,True,True,True,False,False,0.0,0.0,0.0,0.0,0.0,0.0,0.0,0.0,0.0,0.0,0.0,0.0,0.0,8.95,8.95,86.596,8.95,89.5,89.5,89.5,8.95,8.95,0.0,0.0,0.0,0.0,0.0,0.0,0.0,0.0,0.0,0.0,0.0,0.0,0.0,0.0,0.0,0.0,80.55,2.904,80.55,0.0,0.0,0.0,80.55,0.0,0.0,0.0
2024-08-20,0,DCSES_CT20,False,False,False,False,False,False,False,False,False,False,False,False,False,True,True,True,True,True,True,True,True,True,False,False,0.0,0.0,0.0,0.0,0.0,0.0,0.0,0.0,0.0,0.0,0.0,0.0,0.0,8.95,8.95,8.95,8.95,89.5,39.6117,89.5,8.95,8.95,0.0,0.0,0.0,0.0,0.0,0.0,0.0,0.0,0.0,0.0,0.0,0.0,0.0,0.0,0.0,0.0,80.55,80.55,80.55,0.0,49.8883,0.0,80.55,0.0,0.0,0.0
2024-08-20,0,DCSES_CT30,False,False,False,False,False,False,False,False,False,False,False,False,False,True,True,True,True,True,True,True,True,True,False,False,0.0,0.0,0.0,0.0,0.0,0.0,0.0,0.0,0.0,0.0,0.0,0.0,0.0,8.95,8.95,8.95,8.95,89.5,89.5,89.5,8.95,8.95,0.0,0.0,0.0,0.0,0.0,0.0,0.0,0.0,0.0,0.0,0.0,0.0,0.0,0.0,0.0,0.0,80.55,80.55,80.55,0.0,0.0,0.0,80.55,0.0,0.0,0.0
2024-08-20,0,DCSES_CT40,False,False,False,False,False,False,False,False,False,False,False,False,False,True,True,True,True,True,True,True,True,True,False,False,0.0,0.0,0.0,0.0,0.0,0.0,0.0,0.0,0.0,0.0,0.0,0.0,0.0,8.95,8.95,8.95,8.95,89.5,8.95,89.5,8.95,8.95,0.0,0.0,0.0,0.0,0.0,0.0,0.0,0.0,0.0,0.0,0.0,0.0,0.0,0.0,0.0,0.0,80.55,80.55,80.55,0.0,80.55,0.0,80.55,0.0,0.0,0.0
2024-08-20,0,DDPEC_GT1,True,True,True,True,True,True,True,True,True,True,True,True,True,True,True,True,True,True,True,True,True,True,True,True,60.9,60.9,60.9,60.9,60.9,60.9,60.9,60.9,60.9,60.9,60.9,60.9,60.9,60.9,60.9,60.9,60.9,60.9,60.9,60.9,60.9,60.9,60.9,60.9,142.1,142.1,142.1,142.1,142.1,142.1,142.1,142.1,142.1,142.1,142.1,142.1,142.1,142.1,142.1,142.1,142.1,142.1,142.1,142.1,142.1,142.1,142.1,142.1
2024-08-20,0,DDPEC_GT2,True,True,True,True,True,True,True,True,True,True,True,True,True,True,True,True,True,True,True,True,True,True,True,True,206.6488,64.5,64.5,64.5,64.5,64.5,64.5,64.5,64.5,64.5,215.0,215.0,120.0832,136.3086,215.0,215.0,215.0,215.0,215.0,215.0,215.0,115.9052,215.0,215.0,8.3512,150.5,150.5,150.5,150.5,150.5,150.5,150.5,150.5,150.5,0.0,0.0,94.9168,78.6914,0.0,0.0,0.0,0.0,0.0,0.0,0.0,99.0948,0.0,0.0
2024-08-20,0,DDPEC_GT3,True,True,True,True,True,True,True,True,True,True,True,True,True,True,True,True,True,True,True,True,True,True,True,True,60.9,60.9,60.9,60.9,60.9,60.9,60.9,60.9,60.9,60.9,60.9,60.9,60.9,60.9,60.9,60.9,60.9,60.9,60.9,60.9,60.9,60.9,60.9,60.9,142.1,142.1,142.1,142.1,142.1,142.1,142.1,142.1,142.1,142.1,142.1,142.1,142.1,142.1,142.1,142.1,142.1,142.1,142.1,142.1,142.1,142.1,142.1,142.1
2024-08-20,0,DDPEC_GT4,True,True,True,True,True,True,True,True,True,True,True,True,True,True,True,True,True,True,True,True,True,True,True,True,215.0,208.044,64.5,64.5,64.5,64.5,64.5,64.5,64.5,64.5,85.5306,101.7146,215.0,215.0,215.0,215.0,215.0,215.0,146.5008,215.0,215.0,215.0,215.0,86.3684,0.0,6.956,150.5,150.5,150.5,150.5,150.5,150.5,150.5,150.5,129.4694,113.2854,0.0,0.0,0.0,0.0,0.0,0.0,68.4992,0.0,0.0,0.0,0.0,128.6316
2024-08-20,0,DDPEC_GT6,True,True,True,True,True,True,True,True,True,True,True,True,True,True,True,True,True,True,True,True,True,True,True,True,59.7,199.0,59.7,59.7,59.7,59.7,59.7,59.7,59.7,59.7,199.0,199.0,199.0,199.0,129.9294,199.0,137.8848,137.4572,199.0,117.2194,107.4716,199.0,85.6804,199.0,139.3,0.0,139.3,139.3,139.3,139.3,139.3,139.3,139.3,139.3,0.0,0.0,0.0,0.0,69.0706,0.0,61.1152,61.5428,0.0,81.7806,91.5284,0.0,113.3196,0.0
2024-08-20,0,DDPEC_ST1,True,True,True,True,True,True,True,True,True,True,True,True,True,True,True,True,True,True,True,True,True,True,True,True,290.0,290.0,87.0,87.0,87.0,87.0,87.0,87.0,87.0,87.0,290.0,290.0,290.0,290.0,290.0,225.435,290.0,290.0,290.0,290.0,290.0,290.0,290.0,290.0,0.0,0.0,203.0,203.0,203.0,203.0,203.0,203.0,203.0,203.0,0.0,0.0,0.0,0.0,0.0,64.565,0.0,0.0,0.0,0.0,0.0,0.0,0.0,0.0
2024-08-20,0,DEC_AGR_A,False,False,False,False,False,False,False,False,False,False,False,False,False,False,True,True,True,True,True,True,True,False,False,False,0.0,0.0,0.0,0.0,0.0,0.0,0.0,0.0,0.0,0.0,0.0,0.0,0.0,0.0,5.65,5.65,5.65,5.65,56.5,5.65,5.65,0.0,0.0,0.0,0.0,0.0,0.0,0.0,0.0,0.0,0.0,0.0,0.0,0.0,0.0,0.0,0.0,0.0,0.0,50.85,50.85,50.85,0.0,50.85,0.0,0.0,0.0,0.0
2024-08-20,0,DEC_AGR_B,False,False,False,False,False,False,False,False,False,False,False,False,False,False,True,True,True,True,True,True,True,False,False,False,0.0,0.0,0.0,0.0,0.0,0.0,0.0,0.0,0.0,0.0,0.0,0.0,0.0,0.0,5.65,5.65,5.65,5.65,56.5,56.5,5.65,0.0,0.0,0.0,0.0,0.0,0.0,0.0,0.0,0.0,0.0,0.0,0.0,0.0,0.0,0.0,0.0,0.0,0.0,50.85,50.85,50.85,0.0,0.0,0.0,0.0,0.0,0.0
2024-08-20,0,DEC_AGR_C,False,False,False,False,False,False,False,False,False,False,False,False,False,False,True,True,True,True,True,True,True,False,False,False,0.0,0.0,0.0,0.0,0.0,0.0,0.0,0.0,0.0,0.0,0.0,0.0,0.0,0.0,5.65,5.65,5.65,5.65,56.5,15.2408,5.65,0.0,0.0,0.0,0.0,0.0,0.0,0.0,0.0,0.0,0.0,0.0,0.0,0.0,0.0,0.0,0.0,0.0,0.0,50.85,50.85,50.85,0.0,41.2592,0.0,0.0,0.0,0.0
2024-08-20,0,DEC_AGR_D,False,False,False,False,False,False,False,False,False,False,False,False,False,False,True,True,True,True,True,True,True,False,False,False,0.0,0.0,0.0,0.0,0.0,0.0,0.0,0.0,0.0,0.0,0.0,0.0,0.0,0.0,5.65,5.65,5.65,5.65,56.5,56.5,5.65,0.0,0.0,0.0,0.0,0.0,0.0,0.0,0.0,0.0,0.0,0.0,0.0,0.0,0.0,0.0,0.0,0.0,0.0,50.85,50.85,50.85,0.0,0.0,0.0,0.0,0.0,0.0
2024-08-20,0,ECEC_G1,False,False,False,False,False,False,False,False,False,False,False,False,False,False,False,False,False,False,True,True,True,False,False,False,0.0,0.0,0.0,0.0,0.0,0.0,0.0,0.0,0.0,0.0,0.0,0.0,0.0,0.0,0.0,0.0,0.0,0.0,18.1,18.1,18.1,0.0,0.0,0.0,0.0,0.0,0.0,0.0,0.0,0.0,0.0,0.0,0.0,0.0,0.0,0.0,0.0,0.0,0.0,0.0,0.0,0.0,0.0,162.9,0.0,0.0,0.0,0.0
2024-08-20,0,ECEC_G2,False,False,False,False,False,False,False,False,False,False,False,False,False,False,False,False,False,False,True,True,True,False,False,False,0.0,0.0,0.0,0.0,0.0,0.0,0.0,0.0,0.0,0.0,0.0,0.0,0.0,0.0,0.0,0.0,0.0,0.0,18.1,18.1,18.1,0.0,0.0,0.0,0.0,0.0,0.0,0.0,0.0,0.0,0.0,0.0,0.0,0.0,0.0,0.0,0.0,0.0,0.0,0.0,0.0,0.0,0.0,162.9,0.0,0.0,0.0,0.0
2024-08-20,0,ETCCS_CT1,False,False,False,False,False,False,False,True,True,True,True,True,True,True,True,True,True,True,True,True,True,True,True,True,0.0,0.0,0.0,0.0,0.0,0.0,0.0,78.0,78.0,78.0,78.0,260.0,260.0,260.0,260.0,260.0,260.0,260.0,260.0,260.0,260.0,260.0,260.0,260.0,0.0,0.0,0.0,0.0,0.0,0.0,0.0,0.0,182.0,182.0,182.0,0.0,0.0,0.0,0.0,0.0,0.0,0.0,0.0,0.0,0.0,0.0,0.0,0.0
2024-08-20,0,ETCCS_UNIT1,True,True,True,True,True,True,True,True,True,True,True,True,True,True,True,True,True,True,True,True,True,True,True,True,140.0,140.0,140.0,140.0,140.0,140.0,140.0,140.0,42.0,42.0,42.0,140.0,140.0,140.0,140.0,140.0,140.0,140.0,140.0,140.0,140.0,140.0,140.0,140.0,0.0,0.0,0.0,0.0,0.0,0.0,0.0,0.0,98.0,98.0,98.0,0.0,0.0,0.0,0.0,0.0,0.0,0.0,0.0,0.0,0.0,0.0,0.0,0.0
2024-08-20,0,AZ_AZ_G1,False,False,False,False,False,False,False,False,False,False,False,False,True,True,True,True,True,True,True,True,True,True,True,False,0.0,0.0,0.0,0.0,0.0,0.0,0.0,0.0,0.0,0.0,0.0,0.0,4.0,4.0,4.0,4.0,4.0,4.0,4.0,4.0,4.0,4.0,4.0,0.0,0.0,0.0,0.0,0.0,0.0,0.0,0.0,0.0,0.0,0.0,0.0,0.0,0.0,36.0,36.0,36.0,36.0,36.0,36.0,36.0,36.0,36.0,0.0,0.0
2024-08-20,0,AZ_AZ_G2,False,False,False,False,False,False,False,False,False,False,False,False,True,True,True,True,True,True,True,True,True,True,True,False,0.0,0.0,0.0,0.0,0.0,0.0,0.0,0.0,0.0,0.0,0.0,0.0,4.0,4.0,4.0,4.0,4.0,4.0,4.0,4.0,4.0,4.0,4.0,0.0,0.0,0.0,0.0,0.0,0.0,0.0,0.0,0.0,0.0,0.0,0.0,0.0,0.0,36.0,36.0,36.0,36.0,36.0,36.0,36.0,36.0,36.0,0.0,0.0
2024-08-20,0,AZ_AZ_G3,False,False,False,False,False,False,False,False,False,False,False,False,True,True,True,True,True,True,True,True,True,True,True,False,0.0,0.0,0.0,0.0,0.0,0.0,0.0,0.0,0.0,0.0,0.0,0.0,4.0,4.0,4.0,40.0,4.0,4.0,4.0,4.0,4.0,4.0,4.0,0.0,0.0,0.0,0.0,0.0,0.0,0.0,0.0,0.0,0.0,0.0,0.0,0.0,0.0,36.0,36.0,0.0,36.0,36.0,36.0,36.0,36.0,36.0,0.0,0.0
2024-08-20,0,AZ_AZ_G4,False,False,False,False,False,False,False,False,False,False,False,False,True,True,True,True,True,True,True,True,True,True,True,False,0.0,0.0,0.0,0.0,0.0,0.0,0.0,0.0,0.0,0.0,0.0,0.0,4.0,4.0,4.0,40.0,4.0,4.0,4.0,4.0,4.0,4.0,4.0,0.0,0.0,0.0,0.0,0.0,0.0,0.0,0.0,0.0,0.0,0.0,0.0,0.0,0.0,36.0,36.0,0.0,36.0,36.0,36.0,36.0,36.0,36.0,0.0,0.0
2024-08-20,0,FERGCC_FERGGT1,True,True,True,True,True,True,True,True,True,True,True,True,True,True,True,True,True,True,True,True,True,True,True,True,185.3,185.3,55.59,55.59,55.59,55.59,185.3,185.3,55.59,55.59,55.59,55.59,185.3,185.3,185.3,185.3,185.3,185.3,185.3,185.3,185.3,185.3,185.3,185.3,0.0,0.0,129.71,129.71,129.71,129.71,0.0,0.0,129.71,129.71,129.71,129.71,0.0,0.0,0.0,0.0,0.0,0.0,0.0,0.0,0.0,0.0,0.0,0.0
2024-08-20,0,FERGCC_FERGGT2,True,True,True,True,True,True,True,True,True,True,True,True,True,True,True,True,True,True,True,True,True,True,True,True,185.3,185.3,55.59,55.59,55.59,55.59,185.3,185.3,55.59,55.59,55.59,55.59,185.3,185.3,185.3,185.3,185.3,185.3,185.3,185.3,185.3,185.3,185.3,185.3,0.0,0.0,129.71,129.71,129.71,129.71,0.0,0.0,129.71,129.71,129.71,129.71,0.0,0.0,0.0,0.0,0.0,0.0,0.0,0.0,0.0,0.0,0.0,0.0
2024-08-20,0,FERGCC_FERGST1,False,False,False,False,False,False,False,False,False,False,False,True,True,True,True,True,True,True,True,True,True,True,True,True,0.0,0.0,0.0,0.0,0.0,0.0,0.0,0.0,0.0,0.0,0.0,61.2,204.0,204.0,204.0,204.0,204.0,204.0,204.0,204.0,204.0,204.0,204.0,204.0,0.0,0.0,0.0,0.0,0.0,0.0,0.0,0.0,0.0,0.0,0.0,0.0,0.0,0.0,0.0,0.0,0.0,0.0,0.0,0.0,0.0,0.0,0.0,0.0
2024-08-20,0,FRNYPP_GT11,True,True,True,True,True,True,True,True,True,True,False,False,False,False,False,False,False,False,False,False,False,False,True,True,196.7,196.7,196.7,196.7,196.7,196.7,196.7,196.7,59.01,59.01,0.0,0.0,0.0,0.0,0.0,0.0,0.0,0.0,0.0,0.0,0.0,0.0,59.01,196.7,0.0,0.0,0.0,0.0,0.0,0.0,0.0,0.0,137.69,0.0,0.0,0.0,0.0,0.0,0.0,0.0,0.0,0.0,0.0,0.0,0.0,0.0,0.0,0.0
2024-08-20,0,FRNYPP_GT12,True,True,True,True,True,True,True,True,True,True,False,False,False,False,False,False,False,False,False,False,True,True,True,True,196.7,196.7,196.7,196.7,196.7,196.7,196.7,196.7,59.01,59.01,0.0,0.0,0.0,0.0,0.0,0.0,0.0,0.0,0.0,0.0,59.01,59.01,59.01,196.7,0.0,0.0,0.0,0.0,-0.0,0.0,0.0,0.0,137.69,0.0,0.0,0.0,0.0,0.0,0.0,0.0,0.0,0.0,0.0,0.0,0.0,137.69,137.69,0.0
2024-08-20,0,FRNYPP_GT13,False,False,False,False,True,True,True,True,True,True,True,True,False,False,False,False,False,False,False,False,False,True,True,True,0.0,0.0,0.0,0.0,59.01,196.7,196.7,196.7,59.01,59.01,59.01,59.01,0.0,0.0,0.0,0.0,0.0,0.0,0.0,0.0,0.0,59.01,116.9356,196.7,0.0,0.0,0.0,0.0,0.0,0.0,0.0,0.0,137.69,137.69,137.69,0.0,0.0,0.0,0.0,0.0,0.0,0.0,0.0,0.0,0.0,0.0,79.7644,0.0
2024-08-20,0,FRNYPP_GT21,False,False,False,False,False,False,False,False,False,False,False,False,False,False,False,False,False,False,False,False,True,True,True,True,0.0,0.0,0.0,0.0,0.0,0.0,0.0,0.0,0.0,0.0,0.0,0.0,0.0,0.0,0.0,0.0,0.0,0.0,0.0,0.0,59.01,59.01,59.01,196.7,0.0,0.0,0.0,0.0,0.0,0.0,0.0,0.0,0.0,0.0,0.0,0.0,0.0,0.0,0.0,0.0,0.0,0.0,0.0,0.0,0.0,137.69,137.69,0.0
2024-08-20,0,FRNYPP_GT22,True,True,True,True,True,True,True,True,True,False,False,False,False,False,False,False,False,False,False,False,True,True,True,True,196.7,196.7,196.7,196.7,196.7,196.7,196.7,196.7,59.01,0.0,0.0,0.0,0.0,0.0,0.0,0.0,0.0,0.0,0.0,0.0,59.01,59.01,59.01,196.7,0.0,0.0,0.0,0.0,0.0,-0.0,0.0,0.0,0.0,0.0,0.0,0.0,0.0,0.0,0.0,0.0,0.0,0.0,0.0,0.0,0.0,137.69,137.69,0.0
2024-08-20,0,FRNYPP_GT23,False,False,False,False,True,True,True,True,True,True,True,False,False,False,False,False,False,False,False,False,False,True,True,True,0.0,0.0,0.0,0.0,59.01,196.7,196.7,196.7,59.01,59.01,59.01,0.0,0.0,0.0,0.0,0.0,0.0,0.0,0.0,0.0,0.0,59.01,196.7,196.7,0.0,0.0,0.0,0.0,0.0,0.0,0.0,0.0,137.69,137.69,0.0,0.0,0.0,0.0,0.0,0.0,0.0,0.0,0.0,0.0,0.0,0.0,0.0,0.0
2024-08-20,0,FRNYPP_ST10,True,True,True,True,True,True,True,True,False,False,False,False,False,False,False,False,False,False,False,False,False,True,True,True,422.0,422.0,422.0,422.0,422.0,422.0,422.0,126.6,0.0,0.0,0.0,0.0,0.0,0.0,0.0,0.0,0.0,0.0,0.0,0.0,0.0,126.6,422.0,422.0,0.0,0.0,0.0,0.0,0.0,0.0,0.0,0.0,0.0,0.0,0.0,0.0,0.0,0.0,0.0,0.0,0.0,0.0,0.0,0.0,0.0,0.0,0.0,0.0
2024-08-20,0,FRNYPP_ST20,True,True,False,False,False,False,True,True,True,True,True,False,False,False,False,False,False,False,False,False,False,False,True,True,422.0,126.6,0.0,0.0,0.0,0.0,126.6,422.0,126.6,126.6,126.6,0.0,0.0,0.0,0.0,0.0,0.0,0.0,0.0,0.0,0.0,0.0,126.6,422.0,0.0,0.0,0.0,0.0,0.0,0.0,0.0,0.0,295.4,295.4,0.0,0.0,0.0,0.0,0.0,0.0,0.0,0.0,0.0,0.0,0.0,0.0,0.0,0.0
2024-08-20,0,FREC_GT1,True,False,False,False,False,False,False,False,False,True,True,True,True,True,True,True,True,True,True,True,True,True,True,True,53.82,0.0,0.0,0.0,0.0,0.0,0.0,0.0,0.0,53.82,53.82,179.4,179.4,53.82,179.4,179.4,179.4,179.4,179.4,179.4,179.4,179.4,179.4,53.82,0.0,0.0,0.0,0.0,0.0,0.0,0.0,0.0,0.0,0.0,125.58,0.0,0.0,125.58,0.0,0.0,0.0,0.0,0.0,0.0,0.0,0.0,0.0,125.58
2024-08-20,0,FREC_GT2,True,False,False,False,False,False,False,False,False,True,True,True,True,True,True,True,True,True,True,True,True,True,True,True,53.82,0.0,0.0,0.0,0.0,0.0,0.0,0.0,0.0,53.82,53.82,179.4,179.4,179.4,179.4,179.4,179.4,179.4,179.4,179.4,179.4,179.4,179.4,53.82,0.0,0.0,0.0,0.0,0.0,0.0,0.0,0.0,0.0,0.0,125.58,0.0,0.0,0.0,0.0,0.0,0.0,0.0,0.0,0.0,0.0,0.0,0.0,125.58
2024-08-20,0,FREC_GT4,False,False,False,False,False,False,False,False,True,True,True,True,True,True,True,True,True,True,True,True,True,True,True,True,0.0,0.0,0.0,0.0,0.0,0.0,0.0,0.0,53.82,53.82,53.82,179.4,179.4,91.6806,179.4,179.4,179.4,179.4,179.4,179.4,179.4,179.4,179.4,53.82,0.0,0.0,0.0,0.0,0.0,0.0,0.0,0.0,0.0,125.58,125.58,0.0,0.0,87.7194,0.0,0.0,0.0,0.0,0.0,0.0,0.0,0.0,-0.0,125.58
2024-08-20,0,FREC_GT5,True,False,False,False,False,False,False,False,False,True,True,True,True,True,True,True,True,True,True,True,True,True,True,True,53.82,0.0,0.0,0.0,0.0,0.0,0.0,0.0,0.0,53.82,53.82,179.4,179.4,179.4,179.4,179.4,179.4,179.4,179.4,179.4,179.4,179.4,179.4,53.82,0.0,0.0,0.0,0.0,0.0,0.0,0.0,0.0,0.0,0.0,125.58,0.0,0.0,0.0,0.0,0.0,0.0,0.0,0.0,0.0,0.0,0.0,0.0,125.58
2024-08-20,0,FREC_ST3,True,True,True,True,True,True,True,True,True,True,True,True,True,True,True,True,True,True,True,True,True,True,True,True,57.21,57.21,57.21,57.21,57.21,57.21,57.21,190.7,57.21,57.21,57.21,190.7,190.7,190.7,190.7,190.7,190.7,190.7,190.7,190.7,190.7,190.7,190.7,57.21,133.49,133.49,133.49,133.49,133.49,133.49,133.49,0.0,133.49,133.49,133.49,0.0,0.0,0.0,0.0,0.0,0.0,0.0,0.0,0.0,0.0,0.0,0.0,133.49
2024-08-20,0,FREC_ST6,True,True,True,True,True,True,True,True,True,True,True,True,True,True,True,True,True,True,True,True,True,True,True,True,57.21,57.21,57.21,57.21,57.21,57.21,57.21,190.7,57.21,57.21,57.21,190.7,190.7,190.7,190.7,190.7,190.7,190.7,190.7,190.7,190.7,190.7,190.7,57.21,133.49,133.49,133.49,133.49,133.49,133.49,133.49,0.0,133.49,133.49,133.49,0.0,0.0,0.0,0.0,0.0,0.0,0.0,0.0,0.0,0.0,0.0,0.0,133.49
2024-08-20,0,FEGC_UNIT1,True,True,True,True,True,True,True,True,True,True,True,True,True,True,True,True,True,True,True,True,True,True,True,True,12.9,12.9,12.9,12.9,12.9,12.9,12.9,12.9,12.9,12.9,12.9,12.9,129.0,129.0,129.0,129.0,129.0,129.0,129.0,129.0,128.6264,16.0861,12.9,12.9,116.1,116.1,116.1,116.1,116.1,116.1,116.1,116.1,116.1,116.1,116.1,116.1,0.0,0.0,0.0,0.0,0.0,0.0,0.0,0.0,0.3736,112.9139,116.1,116.1
2024-08-20,0,FRONT_EC_CT1,False,False,False,False,True,True,True,True,True,True,True,True,True,True,True,True,True,True,True,True,True,True,True,True,0.0,0.0,0.0,0.0,53.1,53.1,53.1,53.1,53.1,53.1,53.1,53.1,53.1,53.1,53.1,53.1,53.1,53.1,53.1,177.0,177.0,53.1,53.1,53.1,0.0,0.0,0.0,0.0,0.0,123.9,123.9,123.9,123.9,123.9,123.9,123.9,123.9,123.9,123.9,123.9,123.9,123.9,123.9,0.0,0.0,123.9,123.9,123.9
2024-08-20,0,FRONT_EC_CT2,True,True,True,True,True,True,True,True,True,True,True,True,True,True,True,True,True,True,True,True,True,True,True,True,53.1,53.1,53.1,53.1,53.1,53.1,53.1,53.1,53.1,53.1,53.1,53.1,53.1,53.1,53.1,53.1,53.1,53.1,53.1,177.0,177.0,53.1,53.1,53.1,123.9,123.9,123.9,123.9,123.9,123.9,123.9,123.9,123.9,123.9,123.9,123.9,123.9,123.9,123.9,123.9,123.9,123.9,123.9,0.0,0.0,123.9,123.9,123.9
2024-08-20,0,FRONT_EC_ST,True,True,True,True,True,True,True,True,True,True,True,True,True,True,True,True,True,True,True,True,True,True,True,True,55.35,55.35,55.35,55.35,55.35,55.35,55.35,55.35,55.35,55.35,55.35,55.35,55.35,55.35,55.35,55.35,55.35,55.35,55.35,184.5,184.5,55.35,55.35,55.35,129.15,129.15,129.15,129.15,129.15,129.15,129.15,129.15,129.15,129.15,129.15,129.15,129.15,129.15,129.15,129.15,129.15,129.15,129.15,0.0,0.0,129.15,129.15,129.15
2024-08-20,0,GRSES_UNIT1,False,False,False,False,False,False,False,False,False,False,False,False,False,True,True,True,True,True,True,True,True,True,False,False,0.0,0.0,0.0,0.0,0.0,0.0,0.0,0.0,0.0,0.0,0.0,0.0,0.0,71.7,239.0,239.0,239.0,239.0,239.0,239.0,239.0,71.7,0.0,0.0,0.0,0.0,0.0,0.0,0.0,0.0,0.0,0.0,0.0,0.0,0.0,0.0,0.0,0.0,0.0,0.0,0.0,0.0,0.0,0.0,0.0,0.0,0.0,0.0
2024-08-20,0,GRSES_UNIT2,False,False,False,False,False,False,False,False,False,False,False,False,False,True,True,True,True,True,True,True,True,True,False,False,0.0,0.0,0.0,0.0,0.0,0.0,0.0,0.0,0.0,0.0,0.0,0.0,0.0,117.0,390.0,390.0,390.0,390.0,390.0,390.0,390.0,117.0,0.0,0.0,0.0,0.0,0.0,0.0,0.0,0.0,0.0,0.0,0.0,0.0,0.0,0.0,0.0,0.0,0.0,0.0,0.0,0.0,0.0,0.0,0.0,0.0,0.0,0.0
2024-08-20,0,GBY_GBYGT73,False,False,False,False,False,False,False,False,False,False,False,False,False,False,True,True,True,True,True,True,True,True,True,False,0.0,0.0,0.0,0.0,0.0,0.0,0.0,0.0,0.0,0.0,0.0,0.0,0.0,0.0,7.2,7.2,7.2,7.2,7.2,7.2,7.2,7.2,7.2,0.0,0.0,0.0,0.0,0.0,0.0,0.0,0.0,0.0,0.0,0.0,0.0,0.0,0.0,0.0,0.0,64.8,64.8,64.8,64.8,64.8,64.8,64.8,0.0,0.0
2024-08-20,0,GBY_GBYGT74,False,False,False,False,False,False,False,False,False,False,False,False,False,False,True,True,True,True,True,True,True,True,True,False,0.0,0.0,0.0,0.0,0.0,0.0,0.0,0.0,0.0,0.0,0.0,0.0,0.0,0.0,7.2,7.2,7.2,7.2,7.2,7.2,7.2,7.2,7.2,0.0,0.0,0.0,0.0,0.0,0.0,0.0,0.0,0.0,0.0,0.0,0.0,0.0,0.0,0.0,0.0,64.8,64.8,64.8,64.8,64.8,64.8,64.8,0.0,0.0
2024-08-20,0,GBY_GBYGT81,False,False,False,False,False,False,False,False,False,False,False,False,False,False,True,True,True,True,True,True,True,True,True,False,0.0,0.0,0.0,0.0,0.0,0.0,0.0,0.0,0.0,0.0,0.0,0.0,0.0,0.0,7.2,7.2,7.2,7.2,7.2,7.2,7.2,7.2,7.2,0.0,0.0,0.0,0.0,0.0,0.0,0.0,0.0,0.0,0.0,0.0,0.0,0.0,0.0,0.0,0.0,64.8,64.8,64.8,64.8,64.8,64.8,64.8,0.0,0.0
2024-08-20,0,GBY_GBYGT82,False,False,False,False,False,False,False,False,False,False,False,False,False,False,True,True,True,True,True,True,True,True,True,False,0.0,0.0,0.0,0.0,0.0,0.0,0.0,0.0,0.0,0.0,0.0,0.0,0.0,0.0,7.2,7.2,7.2,7.2,7.2,7.2,7.2,7.2,7.2,0.0,0.0,0.0,0.0,0.0,0.0,0.0,0.0,0.0,0.0,0.0,0.0,0.0,0.0,0.0,0.0,64.8,64.8,64.8,64.8,64.8,64.8,64.8,0.0,0.0
2024-08-20,0,GBY_GBYGT83,False,False,False,False,False,False,False,False,False,False,False,False,False,False,True,True,True,True,True,True,True,True,True,False,0.0,0.0,0.0,0.0,0.0,0.0,0.0,0.0,0.0,0.0,0.0,0.0,0.0,0.0,7.2,7.2,7.2,7.2,7.2,7.2,7.2,7.2,7.2,0.0,0.0,0.0,0.0,0.0,0.0,0.0,0.0,0.0,0.0,0.0,0.0,0.0,0.0,0.0,0.0,64.8,64.8,64.8,64.8,64.8,64.8,64.8,0.0,0.0
2024-08-20,0,GBY_GBYGT84,False,False,False,False,False,False,False,False,False,False,False,False,False,False,True,True,True,True,True,True,True,True,True,False,0.0,0.0,0.0,0.0,0.0,0.0,0.0,0.0,0.0,0.0,0.0,0.0,0.0,0.0,7.2,7.2,7.2,7.2,7.2,7.2,7.2,7.2,7.2,0.0,0.0,0.0,0.0,0.0,0.0,0.0,0.0,0.0,0.0,0.0,0.0,0.0,0.0,0.0,0.0,64.8,64.8,64.8,64.8,64.8,64.8,64.8,0.0,0.0
2024-08-20,0,STEAM_ENGINE_1,False,False,False,False,False,False,False,False,False,False,False,False,False,False,False,False,False,False,False,False,False,False,False,False,0.0,0.0,0.0,0.0,0.0,0.0,0.0,0.0,0.0,0.0,0.0,0.0,0.0,0.0,0.0,0.0,0.0,0.0,0.0,0.0,0.0,0.0,0.0,0.0,0.0,0.0,0.0,0.0,0.0,0.0,0.0,0.0,0.0,0.0,0.0,0.0,0.0,0.0,0.0,0.0,0.0,0.0,0.0,0.0,0.0,0.0,0.0,0.0
2024-08-20,0,STEAM_ENGINE_2,False,False,False,False,False,False,False,False,False,False,False,False,False,False,False,False,False,False,False,False,False,False,False,False,0.0,0.0,0.0,0.0,0.0,0.0,0.0,0.0,0.0,0.0,0.0,0.0,0.0,0.0,0.0,0.0,0.0,0.0,0.0,0.0,0.0,0.0,0.0,0.0,0.0,0.0,0.0,0.0,0.0,0.0,0.0,0.0,0.0,0.0,0.0,0.0,0.0,0.0,0.0,0.0,0.0,0.0,0.0,0.0,0.0,0.0,0.0,0.0
2024-08-20,0,STEAM_ENGINE_3,False,False,False,False,False,False,False,False,False,False,False,False,False,False,False,False,False,False,False,False,False,False,False,False,0.0,0.0,0.0,0.0,0.0,0.0,0.0,0.0,0.0,0.0,0.0,0.0,0.0,0.0,0.0,0.0,0.0,0.0,0.0,0.0,0.0,0.0,0.0,0.0,0.0,0.0,0.0,0.0,0.0,0.0,0.0,0.0,0.0,0.0,0.0,0.0,0.0,0.0,0.0,0.0,0.0,0.0,0.0,0.0,0.0,0.0,0.0,0.0
2024-08-20,0,LGE_LGE_GT1,True,False,False,False,False,False,False,False,False,True,True,True,True,True,True,True,True,True,True,True,True,True,True,True,55.5,0.0,0.0,0.0,0.0,0.0,0.0,0.0,0.0,55.5,55.5,55.5,55.5,55.5,55.5,55.5,55.5,55.5,55.5,55.5,55.5,55.5,55.5,55.5,0.0,0.0,0.0,0.0,0.0,0.0,0.0,0.0,0.0,0.0,129.5,129.5,129.5,129.5,129.5,129.5,129.5,129.5,129.5,129.5,129.5,129.5,129.5,129.5
2024-08-20,0,LGE_LGE_GT2,True,False,False,False,False,False,False,False,False,True,True,True,True,True,True,True,True,True,True,True,True,True,True,True,55.5,0.0,0.0,0.0,0.0,0.0,0.0,0.0,0.0,55.5,55.5,55.5,55.5,55.5,55.5,55.5,55.5,55.5,55.5,55.5,55.5,55.5,55.5,55.5,0.0,0.0,0.0,0.0,0.0,0.0,0.0,0.0,0.0,0.0,129.5,129.5,129.5,129.5,129.5,129.5,129.5,129.5,129.5,129.5,129.5,129.5,129.5,129.5
2024-08-20,0,LGE_LGE_STG,True,True,True,True,True,True,True,True,True,True,True,True,True,True,True,True,True,True,True,True,True,True,True,True,30.0,30.0,30.0,30.0,30.0,30.0,30.0,30.0,30.0,30.0,30.0,30.0,30.0,30.0,30.0,30.0,30.0,30.0,30.0,30.0,30.0,30.0,30.0,30.0,70.0,70.0,70.0,70.0,70.0,70.0,70.0,70.0,70.0,70.0,70.0,70.0,70.0,70.0,70.0,70.0,70.0,70.0,70.0,70.0,70.0,70.0,70.0,70.0
2024-08-20,0,GUADG_GAS1,True,True,True,False,False,False,False,False,False,True,True,True,True,True,True,True,True,True,True,True,True,True,True,True,54.3,54.3,54.3,0.0,0.0,0.0,0.0,0.0,0.0,54.3,54.3,54.3,54.3,54.3,54.3,181.0,181.0,181.0,181.0,181.0,181.0,181.0,54.3,54.3,126.7,126.7,0.0,0.0,0.0,0.0,0.0,0.0,0.0,0.0,126.7,126.7,126.7,126.7,126.7,0.0,0.0,0.0,0.0,0.0,0.0,0.0,126.7,126.7
2024-08-20,0,GUADG_GAS2,True,True,True,False,False,False,False,False,False,False,True,True,True,True,True,True,True,True,True,True,True,True,True,True,54.3,54.3,54.3,0.0,0.0,0.0,0.0,0.0,0.0,0.0,54.3,54.3,54.3,54.3,54.3,181.0,181.0,181.0,181.0,181.0,181.0,181.0,54.3,54.3,126.7,126.7,0.0,0.0,0.0,0.0,0.0,0.0,0.0,0.0,0.0,126.7,126.7,126.7,126.7,0.0,0.0,0.0,0.0,0.0,0.0,0.0,126.7,126.7
2024-08-20,0,GUADG_GAS3,True,True,True,False,False,False,False,False,False,True,True,True,True,True,True,True,True,True,True,True,True,True,True,True,54.3,54.3,54.3,0.0,0.0,0.0,0.0,0.0,0.0,54.3,54.3,54.3,54.3,54.3,54.3,181.0,181.0,54.3,181.0,181.0,181.0,181.0,54.3,54.3,126.7,126.7,0.0,0.0,0.0,0.0,0.0,0.0,0.0,0.0,126.7,126.7,126.7,126.7,126.7,0.0,0.0,126.7,0.0,0.0,0.0,0.0,126.7,126.7
2024-08-20,0,GUADG_GAS4,True,True,True,False,False,False,False,False,False,False,True,True,True,True,True,True,True,True,True,True,True,True,True,True,54.3,54.3,54.3,0.0,0.0,0.0,0.0,0.0,0.0,0.0,54.3,54.3,54.3,54.3,54.3,181.0,181.0,54.3,181.0,181.0,181.0,181.0,54.3,54.3,126.7,126.7,0.0,0.0,0.0,0.0,0.0,0.0,0.0,0.0,0.0,126.7,126.7,126.7,126.7,0.0,0.0,126.7,0.0,0.0,0.0,0.0,126.7,126.7
2024-08-20,0,GUADG_STM5,True,True,True,True,True,True,True,True,True,True,True,True,True,True,True,True,True,True,True,True,True,True,True,True,61.2,61.2,61.2,61.2,61.2,61.2,61.2,61.2,61.2,61.2,61.2,61.2,61.2,61.2,61.2,204.0,204.0,192.3985,204.0,204.0,204.0,204.0,61.2,61.2,142.8,142.8,142.8,142.8,142.8,142.8,142.8,142.8,142.8,142.8,142.8,142.8,142.8,142.8,142.8,0.0,0.0,11.6015,0.0,0.0,0.0,0.0,142.8,142.8
2024-08-20,0,GUADG_STM6,True,True,True,True,True,True,True,True,True,True,True,True,True,True,True,True,True,True,True,True,True,True,True,True,61.2,61.2,61.2,61.2,61.2,61.2,61.2,61.2,61.2,61.2,61.2,61.2,61.2,61.2,61.2,204.0,204.0,204.0,204.0,204.0,204.0,204.0,61.2,61.2,142.8,142.8,142.8,142.8,142.8,142.8,142.8,142.8,142.8,142.8,142.8,142.8,142.8,142.8,142.8,0.0,0.0,0.0,0.0,0.0,0.0,0.0,142.8,142.8
2024-08-20,0,HLSES_UNIT3,False,False,False,False,False,False,False,False,False,False,False,False,True,True,True,True,True,True,True,True,True,True,False,False,0.0,0.0,0.0,0.0,0.0,0.0,0.0,0.0,0.0,0.0,0.0,0.0,118.5,395.0,395.0,395.0,395.0,395.0,395.0,395.0,395.0,118.5,0.0,0.0,0.0,0.0,0.0,0.0,0.0,0.0,0.0,0.0,0.0,0.0,0.0,0.0,0.0,0.0,0.0,0.0,0.0,0.0,0.0,0.0,0.0,0.0,0.0,0.0
2024-08-20,0,HLSES_UNIT4,False,False,False,False,False,False,False,False,False,False,False,False,True,True,True,True,True,True,True,True,True,True,False,False,0.0,0.0,0.0,0.0,0.0,0.0,0.0,0.0,0.0,0.0,0.0,0.0,130.5,435.0,435.0,435.0,435.0,435.0,435.0,435.0,435.0,130.5,0.0,0.0,0.0,0.0,0.0,0.0,0.0,0.0,0.0,0.0,0.0,0.0,0.0,0.0,0.0,0.0,0.0,0.0,0.0,0.0,0.0,0.0,0.0,0.0,0.0,0.0
2024-08-20,0,HLSES_UNIT5,False,False,False,False,False,False,False,False,False,False,False,False,True,True,True,True,True,True,True,True,True,True,False,False,0.0,0.0,0.0,0.0,0.0,0.0,0.0,0.0,0.0,0.0,0.0,0.0,130.5,435.0,435.0,435.0,435.0,435.0,435.0,435.0,435.0,130.5,0.0,0.0,0.0,0.0,0.0,0.0,0.0,0.0,0.0,0.0,0.0,0.0,0.0,0.0,0.0,0.0,0.0,0.0,0.0,0.0,0.0,0.0,0.0,0.0,0.0,0.0
2024-08-20,0,HAYSEN_HAYSENG1,True,True,True,True,True,True,True,True,True,True,True,True,True,True,True,True,True,True,True,True,True,True,True,True,72.6,72.6,72.6,72.6,72.6,72.6,242.0,72.6,72.6,72.6,72.6,72.6,72.6,80.7946,242.0,242.0,242.0,242.0,242.0,242.0,242.0,242.0,242.0,72.6,169.4,169.4,169.4,169.4,169.4,169.4,0.0,169.4,169.4,169.4,169.4,169.4,169.4,161.2054,0.0,0.0,0.0,0.0,0.0,0.0,0.0,0.0,0.0,169.4
2024-08-20,0,HAYSEN_HAYSENG2,True,True,True,True,True,True,True,True,True,True,True,True,True,True,True,True,True,True,True,True,True,True,True,True,72.6,72.6,72.6,72.6,72.6,72.6,242.0,72.6,72.6,72.6,72.6,72.6,169.3772,72.6,242.0,242.0,242.0,242.0,242.0,242.0,242.0,242.0,242.0,72.6,169.4,169.4,169.4,169.4,169.4,169.4,0.0,169.4,169.4,169.4,169.4,169.4,72.6228,169.4,0.0,0.0,0.0,0.0,0.0,0.0,0.0,0.0,0.0,169.4
2024-08-20,0,HAYSEN_HAYSENG3,False,False,False,False,False,False,True,True,True,True,True,True,True,True,True,True,True,True,True,True,True,True,True,True,0.0,0.0,0.0,0.0,0.0,0.0,75.6,75.6,75.6,75.6,75.6,75.6,252.0,252.0,252.0,252.0,252.0,252.0,252.0,252.0,252.0,252.0,252.0,75.6,0.0,0.0,0.0,0.0,0.0,0.0,0.0,176.4,176.4,176.4,176.4,176.4,0.0,0.0,0.0,0.0,0.0,0.0,0.0,0.0,0.0,0.0,0.0,176.4
2024-08-20,0,HAYSEN_HAYSENG4,True,True,True,True,True,True,True,True,True,True,True,True,True,True,True,True,True,True,True,True,True,True,True,True,75.6,75.6,75.6,75.6,75.6,75.6,252.0,75.6,75.6,75.6,75.6,75.6,75.6,75.6,252.0,252.0,252.0,252.0,252.0,252.0,252.0,252.0,252.0,75.6,176.4,176.4,176.4,176.4,176.4,176.4,0.0,176.4,176.4,176.4,176.4,176.4,176.4,176.4,0.0,0.0,0.0,0.0,0.0,0.0,0.0,0.0,0.0,176.4
2024-08-20,0,DUKE_DUKE_GT1,False,False,False,False,False,False,False,False,False,False,False,True,True,True,True,True,True,True,True,True,True,True,True,True,0.0,0.0,0.0,0.0,0.0,0.0,0.0,0.0,0.0,0.0,0.0,52.98,52.98,52.98,52.98,52.98,52.98,52.98,52.98,176.6,176.6,52.98,52.98,52.98,0.0,0.0,0.0,0.0,0.0,0.0,0.0,0.0,0.0,0.0,0.0,0.0,123.62,123.62,123.62,123.62,123.62,123.62,123.62,0.0,0.0,123.62,123.62,123.62
2024-08-20,0,DUKE_DUKE_GT2,False,False,False,False,False,False,False,False,False,False,False,True,True,True,True,True,True,True,True,True,True,True,True,True,0.0,0.0,0.0,0.0,0.0,0.0,0.0,0.0,0.0,0.0,0.0,52.98,52.98,52.98,52.98,52.98,52.98,52.98,52.98,176.6,176.6,52.98,52.98,52.98,0.0,0.0,0.0,0.0,0.0,0.0,0.0,0.0,0.0,0.0,0.0,0.0,123.62,123.62,123.62,123.62,123.62,123.62,123.62,0.0,0.0,123.62,123.62,123.62
2024-08-20,0,DUKE_DUKE_ST1,True,False,False,False,False,False,False,True,True,True,True,True,True,True,True,True,True,True,True,True,True,True,True,True,59.43,0.0,0.0,0.0,0.0,0.0,0.0,59.43,59.43,59.43,59.43,59.43,59.43,59.43,59.43,59.43,59.43,59.43,59.43,198.1,198.1,59.43,59.43,59.43,0.0,0.0,0.0,0.0,0.0,0.0,0.0,0.0,138.67,138.67,138.67,138.67,138.67,138.67,138.67,138.67,138.67,138.67,138.67,0.0,0.0,138.67,138.67,138.67
2024-08-20,0,JACKCNTY_CT1,True,True,True,True,True,True,True,True,True,True,True,True,True,True,True,True,True,True,True,True,True,True,True,True,198.9,198.9,198.9,198.9,198.9,198.9,198.9,198.9,198.9,198.9,198.9,198.9,198.9,198.9,198.9,198.9,198.9,198.9,198.9,198.9,198.9,198.9,198.9,198.9,0.0,0.0,0.0,0.0,0.0,0.0,0.0,0.0,0.0,-0.0,0.0,-0.0,0.0,0.0,0.0,0.0,0.0,0.0,0.0,0.0,0.0,0.0,0.0,0.0
2024-08-20,0,JACKCNTY_CT2,True,True,True,True,True,True,True,True,True,True,True,True,True,True,True,True,True,True,True,True,True,True,True,True,198.9,198.9,198.9,198.9,198.9,198.9,198.9,198.9,198.9,198.9,198.9,198.9,198.9,198.9,198.9,198.9,198.9,198.9,198.9,198.9,198.9,198.9,198.9,198.9,0.0,0.0,0.0,0.0,0.0,0.0,0.0,0.0,0.0,0.0,0.0,0.0,0.0,0.0,0.0,0.0,0.0,0.0,0.0,0.0,0.0,0.0,0.0,0.0
2024-08-20,0,JCKCNTY2_CT3,True,True,True,True,True,True,True,True,True,True,True,True,True,True,True,True,True,True,True,True,True,True,True,True,198.9,198.9,198.9,198.9,198.9,198.9,198.9,198.9,198.9,198.9,198.9,198.9,198.9,198.9,198.9,198.9,198.9,198.9,198.9,198.9,198.9,198.9,198.9,198.9,0.0,0.0,-0.0,0.0,0.0,0.0,0.0,0.0,0.0,0.0,0.0,0.0,0.0,0.0,0.0,0.0,-0.0,0.0,0.0,0.0,0.0,0.0,0.0,0.0
2024-08-20,0,JCKCNTY2_CT4,True,True,True,True,True,True,True,True,True,True,True,True,True,True,True,True,True,True,True,True,True,True,True,True,198.9,198.9,198.9,198.9,198.9,198.9,198.9,198.9,198.9,198.9,198.9,198.9,198.9,198.9,198.9,198.9,198.9,198.9,198.9,198.9,198.9,198.9,198.9,198.9,0.0,0.0,0.0,0.0,-0.0,0.0,0.0,-0.0,0.0,0.0,-0.0,0.0,0.0,0.0,0.0,0.0,0.0,0.0,0.0,0.0,0.0,0.0,0.0,0.0
2024-08-20,0,JACKCNTY_STG,False,False,False,False,False,False,False,True,True,True,True,True,True,True,True,True,True,True,True,True,True,True,True,True,0.0,0.0,0.0,0.0,0.0,0.0,0.0,96.18,320.6,320.6,320.6,320.6,320.6,320.6,320.6,320.6,320.6,320.6,320.6,320.6,320.6,320.6,320.6,320.6,0.0,0.0,0.0,0.0,0.0,0.0,0.0,0.0,0.0,0.0,0.0,0.0,0.0,0.0,0.0,0.0,0.0,0.0,0.0,0.0,0.0,0.0,-0.0,0.0
2024-08-20,0,JCKCNTY2_ST2,True,True,True,True,True,True,True,True,True,True,True,True,True,True,True,True,True,True,True,True,True,True,True,True,320.6,320.6,320.6,320.6,320.6,320.6,320.6,320.6,320.6,320.6,320.6,320.6,320.6,320.6,320.6,320.6,320.6,320.6,320.6,320.6,320.6,320.6,320.6,320.6,-0.0,0.0,0.0,0.0,0.0,-0.0,-0.0,0.0,0.0,0.0,0.0,0.0,0.0,0.0,0.0,0.0,0.0,0.0,0.0,0.0,0.0,0.0,0.0,0.0
2024-08-20,0,TEN_CT1,False,False,False,False,False,False,False,False,False,False,True,True,True,True,True,True,True,True,True,True,True,True,True,True,0.0,0.0,0.0,0.0,0.0,0.0,0.0,0.0,0.0,0.0,55.5,185.0,185.0,185.0,185.0,185.0,185.0,185.0,185.0,185.0,185.0,185.0,185.0,185.0,0.0,0.0,0.0,0.0,0.0,0.0,0.0,0.0,0.0,0.0,0.0,0.0,0.0,0.0,0.0,0.0,0.0,0.0,0.0,0.0,0.0,0.0,0.0,0.0
2024-08-20,0,TEN_STG,False,False,False,False,False,True,True,True,True,True,True,True,True,True,True,True,True,True,True,True,True,True,True,True,0.0,0.0,0.0,0.0,0.0,32.1,107.0,107.0,107.0,32.1,32.1,107.0,107.0,107.0,107.0,107.0,107.0,107.0,107.0,107.0,107.0,107.0,107.0,107.0,0.0,0.0,0.0,0.0,0.0,0.0,0.0,0.0,0.0,74.9,74.9,0.0,0.0,0.0,0.0,0.0,0.0,0.0,0.0,0.0,0.0,0.0,0.0,0.0
2024-08-20,0,LHSES_UNIT1,False,False,False,False,False,False,False,False,False,False,False,False,False,False,False,False,False,False,False,False,False,False,False,False,0.0,0.0,0.0,0.0,0.0,0.0,0.0,0.0,0.0,0.0,0.0,0.0,0.0,0.0,0.0,0.0,0.0,0.0,0.0,0.0,0.0,0.0,0.0,0.0,0.0,0.0,0.0,0.0,0.0,0.0,0.0,0.0,0.0,0.0,0.0,0.0,0.0,0.0,0.0,0.0,0.0,0.0,0.0,0.0,0.0,0.0,0.0,0.0
2024-08-20,0,LHSES_UNIT2A,False,False,False,False,False,False,False,False,False,False,False,False,False,False,False,False,False,False,False,False,False,False,False,False,0.0,0.0,0.0,0.0,0.0,0.0,0.0,0.0,0.0,0.0,0.0,0.0,0.0,0.0,0.0,0.0,0.0,0.0,0.0,0.0,0.0,0.0,0.0,0.0,0.0,0.0,0.0,0.0,0.0,0.0,0.0,0.0,0.0,0.0,0.0,0.0,0.0,0.0,0.0,0.0,0.0,0.0,0.0,0.0,0.0,0.0,0.0,0.0
2024-08-20,0,LPCCS_CT11,True,False,False,False,False,False,False,False,False,False,True,True,True,True,True,True,True,True,True,True,True,True,True,True,55.8,0.0,0.0,0.0,0.0,0.0,0.0,0.0,0.0,0.0,55.8,55.8,55.8,55.8,55.8,55.8,55.8,55.8,55.8,114.0325,55.8,55.8,115.7126,170.8975,0.0,0.0,0.0,0.0,0.0,0.0,0.0,0.0,0.0,0.0,0.0,130.2,130.2,130.2,130.2,130.2,130.2,130.2,130.2,71.9675,130.2,130.2,70.2874,15.1025
2024-08-20,0,LPCCS_CT12,True,False,False,False,False,False,False,False,False,False,True,True,True,True,True,True,True,True,True,True,True,True,True,True,55.8,0.0,0.0,0.0,0.0,0.0,0.0,0.0,0.0,0.0,55.8,186.0,55.8,55.8,55.8,55.8,55.8,55.8,55.8,55.8,55.8,55.8,55.8,186.0,0.0,0.0,0.0,0.0,0.0,0.0,0.0,0.0,0.0,0.0,0.0,0.0,130.2,130.2,130.2,130.2,130.2,130.2,130.2,130.2,130.2,130.2,130.2,0.0
2024-08-20,0,LPCCS_CT21,True,True,True,True,True,True,True,True,True,True,True,True,False,False,False,False,True,True,True,True,True,True,True,True,136.9521,186.0,186.0,186.0,186.0,186.0,186.0,186.0,186.0,55.8,55.8,55.8,0.0,0.0,0.0,0.0,55.8,55.8,55.8,55.8,186.0,115.6428,55.8,55.8,49.0479,0.0,0.0,0.0,0.0,0.0,0.0,0.0,0.0,130.2,130.2,0.0,0.0,0.0,0.0,0.0,0.0,130.2,130.2,130.2,0.0,70.3572,130.2,130.2
2024-08-20,0,LPCCS_CT22,True,True,True,True,True,True,True,True,True,True,True,True,True,True,True,True,True,True,True,True,True,True,True,True,186.0,186.0,186.0,186.0,186.0,186.0,186.0,186.0,186.0,55.8,55.8,84.6827,55.8,55.8,55.8,55.8,55.8,55.8,55.8,55.8,55.8,55.8,55.8,55.8,0.0,0.0,0.0,0.0,0.0,0.0,0.0,0.0,0.0,130.2,130.2,101.3173,130.2,130.2,130.2,130.2,130.2,130.2,130.2,130.2,130.2,130.2,130.2,130.2
2024-08-20,0,LPCCS_UNIT1,True,False,False,False,False,False,False,False,False,False,True,True,True,True,True,True,True,True,True,True,True,True,True,True,64.8,0.0,0.0,0.0,0.0,0.0,0.0,0.0,0.0,0.0,64.8,216.0,64.8,64.8,64.8,64.8,64.8,64.8,64.8,64.8,145.4954,64.8,64.8,216.0,0.0,0.0,0.0,0.0,0.0,0.0,0.0,0.0,0.0,0.0,0.0,0.0,151.2,151.2,151.2,151.2,151.2,151.2,151.2,151.2,70.5046,151.2,151.2,0.0
2024-08-20,0,LPCCS_UNIT2,True,False,False,False,False,False,False,False,False,False,True,True,True,True,True,True,True,True,True,True,True,True,True,True,64.8,0.0,0.0,0.0,0.0,0.0,0.0,0.0,0.0,0.0,64.8,64.8,64.8,64.8,64.8,64.8,64.8,64.8,64.8,216.0,64.8,216.0,216.0,64.8,0.0,0.0,0.0,0.0,0.0,0.0,0.0,0.0,0.0,0.0,0.0,151.2,151.2,151.2,151.2,151.2,151.2,151.2,151.2,0.0,151.2,0.0,0.0,151.2
2024-08-20,0,LARDVFTN_G4,False,False,False,False,False,False,False,False,False,False,False,False,False,False,False,False,False,False,False,False,False,False,False,False,0.0,0.0,0.0,0.0,0.0,0.0,0.0,0.0,0.0,0.0,0.0,0.0,0.0,0.0,0.0,0.0,0.0,0.0,0.0,0.0,0.0,0.0,0.0,0.0,0.0,0.0,0.0,0.0,0.0,0.0,0.0,0.0,0.0,0.0,0.0,0.0,0.0,0.0,0.0,0.0,0.0,0.0,0.0,0.0,0.0,0.0,0.0,0.0
2024-08-20,0,LARDVFTN_G5,False,False,False,False,False,False,False,False,False,False,False,False,False,False,False,False,False,False,False,False,False,False,False,False,0.0,0.0,0.0,0.0,0.0,0.0,0.0,0.0,0.0,0.0,0.0,0.0,0.0,0.0,0.0,0.0,0.0,0.0,0.0,0.0,0.0,0.0,0.0,0.0,0.0,0.0,0.0,0.0,0.0,0.0,0.0,0.0,0.0,0.0,0.0,0.0,0.0,0.0,0.0,0.0,0.0,0.0,0.0,0.0,0.0,0.0,0.0,0.0
2024-08-20,0,LEON_CRK_LCPCT1,False,False,False,False,False,False,False,False,False,False,False,False,False,False,False,False,False,False,False,False,False,False,False,False,0.0,0.0,0.0,0.0,0.0,0.0,0.0,0.0,0.0,0.0,0.0,0.0,0.0,0.0,0.0,0.0,0.0,0.0,0.0,0.0,0.0,0.0,0.0,0.0,0.0,0.0,0.0,0.0,0.0,0.0,0.0,0.0,0.0,0.0,0.0,0.0,0.0,0.0,0.0,0.0,0.0,0.0,0.0,0.0,0.0,0.0,0.0,0.0
2024-08-20,0,LEON_CRK_LCPCT2,False,False,False,False,False,False,False,False,False,False,False,False,False,False,False,False,False,False,False,False,False,False,False,False,0.0,0.0,0.0,0.0,0.0,0.0,0.0,0.0,0.0,0.0,0.0,0.0,0.0,0.0,0.0,0.0,0.0,0.0,0.0,0.0,0.0,0.0,0.0,0.0,0.0,0.0,0.0,0.0,0.0,0.0,0.0,0.0,0.0,0.0,0.0,0.0,0.0,0.0,0.0,0.0,0.0,0.0,0.0,0.0,0.0,0.0,0.0,0.0
2024-08-20,0,LEON_CRK_LCPCT3,False,False,False,False,False,False,False,False,False,False,False,False,False,False,False,False,False,False,False,False,False,False,False,False,0.0,0.0,0.0,0.0,0.0,0.0,0.0,0.0,0.0,0.0,0.0,0.0,0.0,0.0,0.0,0.0,0.0,0.0,0.0,0.0,0.0,0.0,0.0,0.0,0.0,0.0,0.0,0.0,0.0,0.0,0.0,0.0,0.0,0.0,0.0,0.0,0.0,0.0,0.0,0.0,0.0,0.0,0.0,0.0,0.0,0.0,0.0,0.0
2024-08-20,0,LEON_CRK_LCPCT4,False,False,False,False,False,False,False,False,False,False,False,False,False,False,False,False,False,False,False,False,False,False,False,False,0.0,0.0,0.0,0.0,0.0,0.0,0.0,0.0,0.0,0.0,0.0,0.0,0.0,0.0,0.0,0.0,0.0,0.0,0.0,0.0,0.0,0.0,0.0,0.0,0.0,0.0,0.0,0.0,0.0,0.0,0.0,0.0,0.0,0.0,0.0,0.0,0.0,0.0,0.0,0.0,0.0,0.0,0.0,0.0,0.0,0.0,0.0,0.0
2024-08-20,0,LIG_UNIT1,False,False,False,False,False,False,False,False,False,False,False,False,True,True,True,True,True,True,True,True,True,True,False,False,0.0,0.0,0.0,0.0,0.0,0.0,0.0,0.0,0.0,0.0,0.0,0.0,6.05,6.05,6.05,6.05,6.05,6.05,6.05,60.5,6.05,6.05,0.0,0.0,0.0,0.0,0.0,0.0,0.0,0.0,0.0,0.0,0.0,0.0,0.0,0.0,0.0,54.45,54.45,54.45,54.45,54.45,54.45,0.0,54.45,0.0,0.0,0.0
2024-08-20,0,LIG_UNIT2,False,False,False,False,False,False,False,False,False,False,False,False,True,True,True,True,True,True,True,True,True,True,False,False,0.0,0.0,0.0,0.0,0.0,0.0,0.0,0.0,0.0,0.0,0.0,0.0,6.05,6.05,60.5,6.05,6.05,6.05,6.05,6.05,6.05,6.05,0.0,0.0,0.0,0.0,0.0,0.0,0.0,0.0,0.0,0.0,0.0,0.0,0.0,0.0,0.0,54.45,0.0,54.45,54.45,54.45,54.45,54.45,54.45,0.0,0.0,0.0
2024-08-20,0,LOSTPI_LOSTPGT1,True,True,True,True,True,True,True,True,True,True,True,True,True,True,True,True,True,True,True,True,True,True,True,True,60.75,60.75,60.75,60.75,60.75,60.75,60.75,202.5,60.75,60.75,60.75,60.75,60.75,60.75,202.5,202.5,202.5,202.5,202.5,202.5,202.5,202.5,202.5,60.75,141.75,141.75,141.75,141.75,141.75,141.75,141.75,0.0,141.75,141.75,141.75,141.75,141.75,141.75,0.0,0.0,0.0,0.0,0.0,0.0,0.0,0.0,0.0,141.75
2024-08-20,0,LOSTPI_LOSTPGT2,True,True,True,True,True,True,True,True,True,True,True,True,True,True,True,True,True,True,True,True,True,True,True,True,60.75,60.75,60.75,60.75,60.75,60.75,60.75,202.5,60.75,60.75,60.75,60.75,60.75,60.75,202.5,202.5,202.5,202.5,202.5,202.5,202.5,202.5,202.5,60.75,141.75,141.75,141.75,141.75,141.75,141.75,141.75,0.0,141.75,141.75,141.75,141.75,141.75,141.75,0.0,0.0,0.0,0.0,0.0,0.0,0.0,0.0,0.0,141.75
2024-08-20,0,LOSTPI_LOSTPST1,True,True,True,True,True,True,True,True,True,True,True,True,True,True,True,True,True,True,True,True,True,True,True,True,61.2,61.2,61.2,61.2,61.2,61.2,61.2,204.0,61.2,61.2,61.2,61.2,61.2,61.2,204.0,204.0,204.0,204.0,204.0,204.0,204.0,204.0,204.0,61.2,142.8,142.8,142.8,142.8,142.8,142.8,142.8,0.0,142.8,142.8,142.8,142.8,142.8,142.8,0.0,0.0,0.0,0.0,0.0,0.0,0.0,0.0,0.0,142.8
2024-08-20,0,NEDIN_NEDIN_G1,True,True,True,True,True,True,True,True,True,True,True,True,True,True,True,True,True,True,True,True,True,True,True,True,80.07,80.07,80.07,80.07,80.07,80.07,80.07,266.9,80.07,80.07,80.07,80.07,80.07,80.07,80.07,80.07,80.07,80.07,80.07,266.9,266.9,80.07,80.07,80.07,186.83,186.83,186.83,186.83,186.83,186.83,186.83,0.0,186.83,186.83,186.83,186.83,186.83,186.83,186.83,186.83,186.83,186.83,186.83,0.0,0.0,186.83,186.83,186.83
2024-08-20,0,NEDIN_NEDIN_G2,True,True,True,True,True,True,True,True,True,True,True,True,True,True,True,True,True,True,True,True,True,True,True,True,80.07,80.07,80.07,80.07,80.07,80.07,80.07,266.9,80.07,80.07,80.07,80.07,80.07,80.07,80.07,80.07,80.07,80.07,237.1039,266.9,266.9,80.07,80.07,80.07,186.83,186.83,186.83,186.83,186.83,186.83,186.83,0.0,186.83,186.83,186.83,186.83,186.83,186.83,186.83,186.83,186.83,186.83,29.7961,0.0,0.0,186.83,186.83,186.83
2024-08-20,0,NEDIN_NEDIN_G3,False,False,False,False,False,False,False,False,False,False,False,True,True,True,True,True,True,True,True,True,True,True,True,True,0.0,0.0,0.0,0.0,0.0,0.0,0.0,0.0,0.0,0.0,0.0,77.52,77.52,77.52,77.52,77.52,77.52,77.52,258.4,258.4,258.4,247.0243,77.52,77.52,0.0,0.0,0.0,0.0,0.0,0.0,0.0,0.0,0.0,0.0,0.0,0.0,180.88,180.88,180.88,180.88,180.88,180.88,0.0,0.0,0.0,11.3757,180.88,180.88
2024-08-20,0,MDANP_CT1,True,True,True,True,True,True,True,True,True,True,True,True,True,True,True,True,True,True,True,True,True,True,True,True,258.0,258.0,258.0,258.0,258.0,258.0,258.0,258.0,258.0,77.4,77.4,258.0,258.0,258.0,258.0,258.0,258.0,258.0,258.0,258.0,258.0,258.0,258.0,258.0,0.0,0.0,0.0,0.0,0.0,0.0,0.0,0.0,0.0,180.6,180.6,0.0,0.0,0.0,0.0,0.0,0.0,0.0,0.0,0.0,0.0,0.0,0.0,0.0
2024-08-20,0,MDANP_CT2,True,True,True,True,True,True,True,True,True,True,True,True,True,True,True,True,True,True,True,True,True,True,True,True,256.0,256.0,256.0,256.0,256.0,256.0,256.0,256.0,256.0,76.8,76.8,256.0,256.0,256.0,256.0,256.0,256.0,256.0,256.0,256.0,256.0,256.0,256.0,256.0,0.0,0.0,0.0,0.0,0.0,0.0,0.0,0.0,0.0,179.2,179.2,0.0,0.0,0.0,0.0,0.0,0.0,0.0,0.0,0.0,0.0,0.0,0.0,0.0
2024-08-20,0,MDANP_CT3,True,True,True,True,True,True,True,True,True,True,True,True,True,True,True,True,True,True,True,True,True,True,True,True,255.0,255.0,255.0,255.0,255.0,255.0,255.0,255.0,255.0,76.5,76.5,255.0,255.0,255.0,255.0,255.0,255.0,255.0,255.0,255.0,255.0,255.0,255.0,255.0,0.0,0.0,0.0,0.0,0.0,0.0,0.0,0.0,0.0,178.5,178.5,0.0,0.0,0.0,0.0,0.0,0.0,0.0,0.0,0.0,0.0,0.0,0.0,0.0
2024-08-20,0,MDANP_CT4,True,True,True,True,True,True,True,True,True,True,True,True,True,True,True,True,True,True,True,True,True,True,True,True,258.0,258.0,258.0,258.0,258.0,258.0,258.0,258.0,258.0,77.4,77.4,258.0,258.0,258.0,258.0,258.0,258.0,258.0,258.0,258.0,258.0,258.0,258.0,258.0,0.0,0.0,0.0,0.0,0.0,0.0,0.0,0.0,0.0,180.6,180.6,0.0,0.0,0.0,0.0,0.0,0.0,0.0,0.0,0.0,0.0,0.0,0.0,0.0
2024-08-20,0,MDANP_CT5,False,False,False,False,False,False,False,True,True,True,True,True,True,True,True,True,True,True,True,True,True,True,True,True,0.0,0.0,0.0,0.0,0.0,0.0,0.0,82.8,276.0,82.8,82.8,276.0,276.0,276.0,276.0,276.0,276.0,276.0,276.0,276.0,276.0,276.0,276.0,276.0,0.0,0.0,0.0,0.0,0.0,0.0,0.0,0.0,0.0,193.2,193.2,0.0,0.0,0.0,0.0,0.0,0.0,0.0,0.0,0.0,0.0,0.0,0.0,0.0
2024-08-20,0,MDANP_CT6,True,False,False,False,False,False,False,True,True,True,True,True,True,True,True,True,True,True,True,True,True,True,True,True,83.4,0.0,0.0,0.0,0.0,0.0,0.0,83.4,181.7684,83.4,83.4,278.0,278.0,278.0,278.0,278.0,278.0,278.0,278.0,278.0,278.0,278.0,278.0,278.0,0.0,0.0,0.0,0.0,0.0,0.0,0.0,0.0,96.2316,194.6,194.6,0.0,0.0,0.0,0.0,0.0,0.0,0.0,0.0,0.0,0.0,0.0,0.0,0.0
2024-08-20,0,MGSES_CT1,False,False,False,False,False,False,False,False,False,False,False,False,False,False,False,False,False,False,True,True,True,False,False,False,0.0,0.0,0.0,0.0,0.0,0.0,0.0,0.0,0.0,0.0,0.0,0.0,0.0,0.0,0.0,0.0,0.0,0.0,8.94,8.94,8.94,0.0,0.0,0.0,0.0,0.0,0.0,0.0,0.0,0.0,0.0,0.0,0.0,0.0,0.0,0.0,0.0,0.0,0.0,0.0,0.0,0.0,0.0,80.46,0.0,0.0,0.0,0.0
2024-08-20,0,MGSES_CT2,False,False,False,False,False,False,False,False,False,False,False,False,False,False,False,False,False,False,True,True,True,True,True,False,0.0,0.0,0.0,0.0,0.0,0.0,0.0,0.0,0.0,0.0,0.0,0.0,0.0,0.0,0.0,0.0,0.0,0.0,8.94,8.94,8.94,8.94,8.94,0.0,0.0,0.0,0.0,0.0,0.0,0.0,0.0,0.0,0.0,0.0,0.0,0.0,0.0,0.0,0.0,0.0,0.0,0.0,0.0,80.46,80.46,80.46,0.0,0.0
2024-08-20,0,MGSES_CT3,False,False,False,False,False,False,False,False,False,False,False,False,False,False,False,False,False,False,True,True,True,False,False,False,0.0,0.0,0.0,0.0,0.0,0.0,0.0,0.0,0.0,0.0,0.0,0.0,0.0,0.0,0.0,0.0,0.0,0.0,8.94,8.94,8.94,0.0,0.0,0.0,0.0,0.0,0.0,0.0,0.0,0.0,0.0,0.0,0.0,0.0,0.0,0.0,0.0,0.0,0.0,0.0,0.0,0.0,0.0,80.46,0.0,0.0,0.0,0.0
2024-08-20,0,MGSES_CT4,False,False,False,False,False,False,False,False,False,False,False,False,False,False,False,True,True,True,True,True,True,True,True,False,0.0,0.0,0.0,0.0,0.0,0.0,0.0,0.0,0.0,0.0,0.0,0.0,0.0,0.0,0.0,8.94,8.94,8.94,8.94,8.94,8.94,8.94,8.94,0.0,0.0,0.0,0.0,0.0,0.0,0.0,0.0,0.0,0.0,0.0,0.0,0.0,0.0,0.0,0.0,0.0,80.46,80.46,80.46,80.46,80.46,80.46,0.0,0.0
2024-08-20,0,MGSES_CT5,False,False,False,False,False,False,False,False,False,False,False,False,False,False,False,False,False,False,True,True,True,True,True,False,0.0,0.0,0.0,0.0,0.0,0.0,0.0,0.0,0.0,0.0,0.0,0.0,0.0,0.0,0.0,0.0,0.0,0.0,8.94,8.94,8.94,8.94,8.94,0.0,0.0,0.0,0.0,0.0,0.0,0.0,0.0,0.0,0.0,0.0,0.0,0.0,0.0,0.0,0.0,0.0,0.0,0.0,0.0,80.46,80.46,80.46,0.0,0.0
2024-08-20,0,MGSES_CT6,False,False,False,False,False,False,False,False,False,False,False,False,False,False,False,True,True,True,True,True,True,True,True,False,0.0,0.0,0.0,0.0,0.0,0.0,0.0,0.0,0.0,0.0,0.0,0.0,0.0,0.0,0.0,8.94,8.94,8.94,8.94,8.94,8.94,8.94,8.94,0.0,0.0,0.0,0.0,0.0,0.0,0.0,0.0,0.0,0.0,0.0,0.0,0.0,0.0,0.0,0.0,0.0,80.46,80.46,80.46,80.46,80.46,80.46,0.0,0.0
2024-08-20,0,MCSES_UNIT6,False,False,False,False,False,False,False,False,False,False,False,False,True,True,True,True,True,True,True,True,True,True,False,False,0.0,0.0,0.0,0.0,0.0,0.0,0.0,0.0,0.0,0.0,0.0,0.0,36.6,122.0,122.0,122.0,122.0,122.0,122.0,122.0,122.0,36.6,0.0,0.0,0.0,0.0,0.0,0.0,0.0,0.0,0.0,0.0,0.0,0.0,0.0,0.0,0.0,0.0,0.0,0.0,0.0,0.0,0.0,0.0,0.0,0.0,0.0,0.0
2024-08-20,0,MCSES_UNIT7,False,False,False,False,False,False,False,False,False,False,False,False,True,True,True,True,True,True,True,True,True,True,False,False,0.0,0.0,0.0,0.0,0.0,0.0,0.0,0.0,0.0,0.0,0.0,0.0,35.4,118.0,118.0,118.0,118.0,118.0,118.0,118.0,118.0,35.4,0.0,0.0,0.0,0.0,0.0,0.0,0.0,0.0,0.0,0.0,0.0,0.0,0.0,0.0,0.0,0.0,0.0,0.0,0.0,0.0,0.0,0.0,0.0,0.0,0.0,0.0
2024-08-20,0,MCSES_UNIT8,False,False,False,False,False,False,False,False,False,False,False,False,True,True,True,True,True,True,True,True,True,True,False,False,0.0,0.0,0.0,0.0,0.0,0.0,0.0,0.0,0.0,0.0,0.0,0.0,170.4,568.0,568.0,568.0,568.0,568.0,568.0,568.0,568.0,170.4,0.0,0.0,0.0,0.0,0.0,0.0,0.0,0.0,0.0,0.0,0.0,0.0,0.0,0.0,0.0,0.0,0.0,0.0,0.0,0.0,0.0,0.0,0.0,0.0,0.0,0.0
2024-08-20,0,NUECES_B_NUECESG8,True,False,False,False,False,False,False,False,False,False,False,True,True,True,True,True,True,True,True,True,True,True,True,True,56.88,0.0,0.0,0.0,0.0,0.0,0.0,0.0,0.0,0.0,0.0,56.88,56.88,56.88,56.88,56.88,56.88,56.88,56.88,56.88,56.88,56.88,56.88,56.88,0.0,0.0,0.0,0.0,0.0,0.0,0.0,0.0,0.0,0.0,0.0,0.0,132.72,132.72,132.72,132.72,132.72,132.72,132.72,132.72,132.72,132.72,132.72,132.72
2024-08-20,0,NUECES_B_NUECESG9,True,False,False,False,False,False,False,False,False,False,False,True,True,True,True,True,True,True,True,True,True,True,True,True,56.88,0.0,0.0,0.0,0.0,0.0,0.0,0.0,0.0,0.0,0.0,56.88,56.88,56.88,56.88,56.88,56.88,56.88,56.88,56.88,56.88,56.88,56.88,56.88,0.0,0.0,0.0,0.0,0.0,0.0,0.0,0.0,0.0,0.0,0.0,0.0,132.72,132.72,132.72,132.72,132.72,132.72,132.72,132.72,132.72,132.72,132.72,132.72
2024-08-20,0,NUECES_B_NUECESG7,True,True,True,True,True,True,True,True,True,True,True,True,True,True,True,True,True,True,True,True,True,True,True,True,105.3,105.3,105.3,105.3,105.3,105.3,105.3,105.3,105.3,105.3,105.3,105.3,105.3,105.3,105.3,105.3,105.3,105.3,105.3,302.849,240.9674,105.3,105.3,105.3,245.7,245.7,245.7,245.7,245.7,245.7,245.7,245.7,245.7,245.7,245.7,245.7,245.7,245.7,245.7,245.7,245.7,245.7,245.7,48.151,110.0326,245.7,245.7,245.7
2024-08-20,0,CALAVERS_OWS1,False,False,False,False,False,False,False,False,False,False,False,False,False,False,False,False,False,False,False,False,False,False,False,False,0.0,0.0,0.0,0.0,0.0,0.0,0.0,0.0,0.0,0.0,0.0,0.0,0.0,0.0,0.0,0.0,0.0,0.0,0.0,0.0,0.0,0.0,0.0,0.0,0.0,0.0,0.0,0.0,0.0,0.0,0.0,0.0,0.0,0.0,0.0,0.0,0.0,0.0,0.0,0.0,0.0,0.0,0.0,0.0,0.0,0.0,0.0,0.0
2024-08-20,0,CALAVERS_OWS2,False,False,False,False,False,False,False,False,False,False,False,False,False,False,False,False,False,False,False,False,False,False,False,False,0.0,0.0,0.0,0.0,0.0,0.0,0.0,0.0,0.0,0.0,0.0,0.0,0.0,0.0,0.0,0.0,0.0,0.0,0.0,0.0,0.0,0.0,0.0,0.0,0.0,0.0,0.0,0.0,0.0,0.0,0.0,0.0,0.0,0.0,0.0,0.0,0.0,0.0,0.0,0.0,0.0,0.0,0.0,0.0,0.0,0.0,0.0,0.0
2024-08-20,0,OECCS_CT11,True,True,True,True,True,True,True,True,True,True,True,True,True,True,True,True,True,True,True,True,True,True,True,True,195.2,195.2,58.56,58.56,195.2,169.0696,195.2,195.2,195.2,195.2,195.2,195.2,195.2,195.2,195.2,195.2,195.2,195.2,195.2,195.2,195.2,195.2,195.2,195.2,-0.0,0.0,136.64,136.64,0.0,26.1304,0.0,-0.0,0.0,0.0,0.0,0.0,0.0,0.0,0.0,0.0,0.0,0.0,0.0,0.0,0.0,0.0,0.0,0.0
2024-08-20,0,OECCS_CT12,True,True,True,True,True,True,True,True,True,True,True,True,True,True,True,True,True,True,True,True,True,True,True,True,189.1,189.1,56.73,56.73,56.73,189.1,189.1,189.1,189.1,189.1,189.1,189.1,189.1,189.1,189.1,189.1,189.1,189.1,189.1,189.1,189.1,189.1,189.1,189.1,0.0,0.0,132.37,132.37,132.37,0.0,0.0,0.0,0.0,0.0,0.0,0.0,0.0,0.0,0.0,0.0,0.0,0.0,0.0,0.0,0.0,0.0,-0.0,0.0
2024-08-20,0,OECCS_CT21,True,True,True,True,True,True,True,True,True,True,True,True,True,True,True,True,True,True,True,True,True,True,True,True,195.2,195.2,58.56,58.56,194.6557,58.56,195.2,195.2,195.2,195.2,195.2,58.56,195.2,195.2,195.2,195.2,195.2,195.2,195.2,195.2,195.2,195.2,195.2,195.2,0.0,0.0,136.64,136.64,0.5443,136.64,0.0,0.0,0.0,0.0,-0.0,136.64,0.0,0.0,0.0,0.0,0.0,0.0,0.0,0.0,0.0,0.0,0.0,0.0
2024-08-20,0,OECCS_CT22,False,False,False,False,False,False,False,False,False,False,False,True,True,True,True,True,True,True,True,True,True,True,True,True,0.0,0.0,0.0,0.0,0.0,0.0,0.0,0.0,0.0,0.0,0.0,56.73,189.1,189.1,189.1,189.1,189.1,189.1,189.1,189.1,189.1,189.1,189.1,189.1,0.0,0.0,0.0,0.0,0.0,0.0,0.0,0.0,0.0,0.0,0.0,0.0,0.0,0.0,0.0,0.0,-0.0,0.0,0.0,0.0,0.0,0.0,0.0,0.0
2024-08-20,0,OECCS_UNIT1,True,False,False,False,False,False,False,False,False,False,False,True,True,True,True,True,True,True,True,True,True,True,True,True,67.2,0.0,0.0,0.0,0.0,0.0,0.0,0.0,0.0,0.0,0.0,67.2,224.0,224.0,224.0,224.0,224.0,224.0,224.0,224.0,224.0,224.0,224.0,224.0,0.0,0.0,0.0,0.0,0.0,0.0,0.0,0.0,0.0,0.0,0.0,0.0,0.0,0.0,0.0,0.0,0.0,0.0,0.0,0.0,0.0,0.0,0.0,0.0
2024-08-20,0,OECCS_UNIT2,True,True,True,True,True,True,True,True,True,True,True,True,True,True,True,True,True,True,True,True,True,True,True,True,224.0,224.0,67.2,67.2,224.0,224.0,224.0,224.0,224.0,224.0,224.0,137.4382,224.0,224.0,224.0,224.0,224.0,224.0,224.0,224.0,224.0,224.0,224.0,224.0,0.0,0.0,156.8,156.8,0.0,0.0,0.0,0.0,0.0,0.0,0.0,86.5618,0.0,0.0,0.0,0.0,0.0,0.0,0.0,0.0,0.0,0.0,0.0,0.0
2024-08-20,0,VICTPRT2_UNIT1,False,False,False,False,False,False,False,False,False,False,False,False,False,False,False,False,False,False,False,False,False,False,False,False,0.0,0.0,0.0,0.0,0.0,0.0,0.0,0.0,0.0,0.0,0.0,0.0,0.0,0.0,0.0,0.0,0.0,0.0,0.0,0.0,0.0,0.0,0.0,0.0,0.0,0.0,0.0,0.0,0.0,0.0,0.0,0.0,0.0,0.0,0.0,0.0,0.0,0.0,0.0,0.0,0.0,0.0,0.0,0.0,0.0,0.0,0.0,0.0
2024-08-20,0,VICTPRT2_UNIT2,False,False,False,False,False,False,False,False,False,False,False,False,False,False,False,False,False,False,False,False,False,False,False,False,0.0,0.0,0.0,0.0,0.0,0.0,0.0,0.0,0.0,0.0,0.0,0.0,0.0,0.0,0.0,0.0,0.0,0.0,0.0,0.0,0.0,0.0,0.0,0.0,0.0,0.0,0.0,0.0,0.0,0.0,0.0,0.0,0.0,0.0,0.0,0.0,0.0,0.0,0.0,0.0,0.0,0.0,0.0,0.0,0.0,0.0,0.0,0.0
2024-08-20,0,PANDA_S_SHER1CT1,True,True,True,True,True,True,True,True,True,True,True,True,True,True,True,True,True,True,True,True,True,True,True,True,232.0,232.0,232.0,232.0,232.0,232.0,232.0,232.0,232.0,232.0,232.0,232.0,69.6,232.0,232.0,222.5556,232.0,232.0,232.0,232.0,232.0,232.0,232.0,232.0,0.0,0.0,0.0,0.0,0.0,0.0,0.0,0.0,0.0,0.0,0.0,0.0,162.4,0.0,0.0,9.4444,0.0,0.0,0.0,0.0,0.0,0.0,0.0,0.0
2024-08-20,0,PANDA_S_SHER1CT2,True,True,True,True,True,True,True,True,True,True,True,True,True,True,True,True,True,True,True,True,True,True,True,True,232.0,232.0,232.0,232.0,232.0,232.0,232.0,232.0,232.0,232.0,232.0,69.6,232.0,224.5467,232.0,232.0,232.0,232.0,232.0,232.0,232.0,232.0,232.0,232.0,0.0,0.0,0.0,0.0,0.0,0.0,0.0,0.0,0.0,0.0,0.0,162.4,0.0,7.4533,0.0,0.0,0.0,0.0,0.0,0.0,0.0,0.0,0.0,0.0
2024-08-20,0,PANDA_S_SHER1ST1,True,True,True,True,True,True,True,True,True,True,True,True,True,True,True,True,True,True,True,True,True,True,True,True,353.1,353.1,353.1,353.1,353.1,353.1,353.1,353.1,353.1,353.1,353.1,353.1,353.1,353.1,353.1,353.1,347.6277,353.1,353.1,353.1,353.1,353.1,353.1,353.1,0.0,0.0,0.0,0.0,0.0,0.0,0.0,0.0,0.0,0.0,0.0,0.0,0.0,0.0,0.0,0.0,5.4723,0.0,0.0,0.0,0.0,0.0,0.0,0.0
2024-08-20,0,PANDA_T1_TMPL1CT1,True,True,True,True,True,True,True,True,True,True,True,True,True,True,True,True,True,True,True,True,True,True,True,True,69.6,69.6,69.6,69.6,69.6,232.0,232.0,69.6,69.6,69.6,69.6,69.6,69.6,232.0,232.0,232.0,232.0,232.0,232.0,232.0,232.0,232.0,232.0,141.513,162.4,162.4,162.4,162.4,162.4,0.0,0.0,162.4,162.4,162.4,162.4,162.4,162.4,0.0,0.0,0.0,0.0,0.0,0.0,0.0,0.0,0.0,0.0,90.487
2024-08-20,0,PANDA_T1_TMPL1CT2,True,True,True,True,True,True,True,True,True,True,True,True,True,True,True,True,True,True,True,True,True,True,True,True,69.6,69.6,232.0,69.6,69.6,232.0,232.0,69.6,69.6,69.6,69.6,69.6,69.6,232.0,232.0,232.0,232.0,232.0,232.0,232.0,232.0,232.0,232.0,232.0,162.4,162.4,0.0,162.4,162.4,0.0,0.0,162.4,162.4,162.4,162.4,162.4,162.4,0.0,0.0,0.0,0.0,0.0,0.0,0.0,0.0,0.0,0.0,0.0
2024-08-20,0,PANDA_T1_TMPL1ST1,True,True,True,True,True,True,True,True,True,True,True,True,True,True,True,True,True,True,True,True,True,True,True,True,143.989,353.1,105.93,105.93,105.93,353.1,353.1,105.93,105.93,105.93,105.93,105.93,105.93,353.1,353.1,353.1,353.1,353.1,353.1,353.1,353.1,353.1,353.1,105.93,209.111,0.0,247.17,247.17,247.17,0.0,0.0,247.17,247.17,247.17,247.17,247.17,247.17,0.0,0.0,0.0,0.0,0.0,0.0,0.0,0.0,0.0,0.0,247.17
2024-08-20,0,PANDA_T2_TMPL2CT1,True,True,True,True,True,True,True,True,True,True,True,True,True,True,True,True,True,True,True,True,True,True,True,True,69.6,69.6,232.0,69.6,69.6,232.0,232.0,69.6,69.6,69.6,69.6,69.6,69.6,232.0,232.0,232.0,232.0,232.0,232.0,232.0,232.0,232.0,232.0,232.0,162.4,162.4,0.0,162.4,162.4,0.0,0.0,162.4,162.4,162.4,162.4,162.4,162.4,0.0,0.0,0.0,0.0,0.0,0.0,0.0,0.0,0.0,0.0,0.0
2024-08-20,0,PANDA_T2_TMPL2CT2,True,True,True,True,True,True,True,True,True,True,True,True,True,True,True,True,True,True,True,True,True,True,True,True,69.6,69.6,232.0,69.6,69.6,232.0,232.0,69.6,69.6,69.6,69.6,69.6,69.6,232.0,232.0,232.0,232.0,232.0,232.0,232.0,232.0,232.0,232.0,232.0,162.4,162.4,0.0,162.4,162.4,0.0,0.0,162.4,162.4,162.4,162.4,162.4,162.4,0.0,0.0,0.0,0.0,0.0,0.0,0.0,0.0,0.0,0.0,0.0
2024-08-20,0,PANDA_T2_TMPL2ST1,True,True,True,True,True,True,True,True,True,True,True,True,True,True,True,True,True,True,True,True,True,True,True,True,105.93,254.1239,242.4368,105.93,105.93,353.1,353.1,105.93,105.93,105.93,105.93,105.93,346.9452,353.1,353.1,353.1,353.1,353.1,353.1,353.1,353.1,353.1,353.1,353.1,247.17,98.9761,110.6632,247.17,247.17,0.0,0.0,247.17,247.17,247.17,247.17,247.17,6.1548,0.0,0.0,0.0,0.0,0.0,0.0,0.0,0.0,0.0,0.0,0.0
2024-08-20,0,TNSKA_GT1,True,True,True,True,True,True,True,True,True,True,True,False,False,False,False,False,False,True,True,True,True,True,True,True,90.9,90.9,90.9,90.9,90.9,90.9,90.9,90.9,90.9,27.27,27.27,0.0,0.0,0.0,0.0,0.0,0.0,27.27,27.27,90.9,90.9,90.9,90.9,27.27,0.0,0.0,0.0,0.0,0.0,0.0,0.0,0.0,0.0,63.63,0.0,0.0,0.0,0.0,0.0,0.0,0.0,0.0,63.63,0.0,0.0,0.0,0.0,63.63
2024-08-20,0,TNSKA_GT2,True,True,True,True,True,True,True,True,True,True,True,False,False,False,False,False,False,True,True,True,True,True,True,True,90.9,90.9,90.9,90.9,90.9,90.9,90.9,90.9,90.9,27.27,27.27,0.0,0.0,0.0,0.0,0.0,0.0,27.27,27.27,90.9,90.9,90.9,90.9,27.27,0.0,0.0,0.0,0.0,0.0,0.0,0.0,0.0,0.0,63.63,0.0,0.0,0.0,0.0,0.0,0.0,0.0,0.0,63.63,0.0,0.0,0.0,0.0,63.63
2024-08-20,0,TNSKA_STG,True,True,True,True,True,True,True,True,True,False,False,False,False,False,False,False,False,True,True,True,True,True,True,True,90.0,90.0,90.0,90.0,90.0,90.0,90.0,90.0,27.0,0.0,0.0,0.0,0.0,0.0,0.0,0.0,0.0,27.0,27.0,90.0,90.0,90.0,90.0,27.0,0.0,0.0,0.0,0.0,0.0,0.0,0.0,0.0,0.0,0.0,0.0,0.0,0.0,0.0,0.0,0.0,0.0,0.0,63.0,0.0,0.0,0.0,0.0,63.0
2024-08-20,0,PSG_PSG_GT2,True,True,True,True,True,True,True,True,True,True,True,True,True,True,True,True,True,True,True,True,True,True,True,True,215.1,144.3317,215.1,64.53,64.53,64.53,153.7687,215.1,64.53,64.53,215.1,215.1,215.1,215.1,215.1,215.1,215.1,215.1,215.1,215.1,215.1,215.1,215.1,215.1,0.0,70.7683,0.0,150.57,150.57,150.57,61.3313,0.0,150.57,150.57,0.0,0.0,0.0,0.0,0.0,0.0,0.0,0.0,0.0,0.0,0.0,0.0,0.0,0.0
2024-08-20,0,PSG_PSG_GT3,True,True,True,True,True,True,True,True,True,True,True,True,True,True,True,True,True,True,True,True,True,True,True,True,215.1,64.53,155.6918,64.53,64.53,64.53,215.1,215.1,64.53,64.53,215.1,215.1,215.1,215.1,215.1,215.1,215.1,215.1,215.1,215.1,215.1,215.1,215.1,215.1,0.0,150.57,59.4082,150.57,150.57,150.57,0.0,0.0,150.57,150.57,0.0,0.0,0.0,0.0,0.0,0.0,0.0,0.0,0.0,0.0,0.0,0.0,0.0,0.0
2024-08-20,0,PSG_PSG_ST2,True,True,True,True,True,True,True,True,True,True,True,True,True,True,True,True,True,True,True,True,True,True,True,True,195.5,58.65,58.65,58.65,58.65,58.65,58.65,195.5,58.65,58.65,195.5,195.5,195.5,195.5,195.5,195.5,195.5,195.5,195.5,195.5,195.5,195.5,195.5,195.5,0.0,136.85,136.85,136.85,136.85,136.85,136.85,0.0,136.85,136.85,0.0,0.0,0.0,0.0,0.0,0.0,0.0,0.0,0.0,0.0,0.0,0.0,0.0,0.0
2024-08-20,0,PEARSAL2_AGR_A,False,False,False,False,False,False,False,False,False,False,False,False,False,False,False,False,False,False,False,False,False,False,False,False,0.0,0.0,0.0,0.0,0.0,0.0,0.0,0.0,0.0,0.0,0.0,0.0,0.0,0.0,0.0,0.0,0.0,0.0,0.0,0.0,0.0,0.0,0.0,0.0,0.0,0.0,0.0,0.0,0.0,0.0,0.0,0.0,0.0,0.0,0.0,0.0,0.0,0.0,0.0,0.0,0.0,0.0,0.0,0.0,0.0,0.0,0.0,0.0
2024-08-20,0,PEARSAL2_AGR_B,False,False,False,False,False,False,False,False,False,False,False,False,False,False,False,False,False,False,False,False,False,False,False,False,0.0,0.0,0.0,0.0,0.0,0.0,0.0,0.0,0.0,0.0,0.0,0.0,0.0,0.0,0.0,0.0,0.0,0.0,0.0,0.0,0.0,0.0,0.0,0.0,0.0,0.0,0.0,0.0,0.0,0.0,0.0,0.0,0.0,0.0,0.0,0.0,0.0,0.0,0.0,0.0,0.0,0.0,0.0,0.0,0.0,0.0,0.0,0.0
2024-08-20,0,PEARSAL2_AGR_C,False,False,False,False,False,False,False,False,False,False,False,False,False,False,False,False,False,False,False,False,False,False,False,False,0.0,0.0,0.0,0.0,0.0,0.0,0.0,0.0,0.0,0.0,0.0,0.0,0.0,0.0,0.0,0.0,0.0,0.0,0.0,0.0,0.0,0.0,0.0,0.0,0.0,0.0,0.0,0.0,0.0,0.0,0.0,0.0,0.0,0.0,0.0,0.0,0.0,0.0,0.0,0.0,0.0,0.0,0.0,0.0,0.0,0.0,0.0,0.0
2024-08-20,0,PEARSAL2_AGR_D,False,False,False,False,False,False,False,False,False,False,False,False,False,False,False,False,False,False,False,False,False,False,False,False,0.0,0.0,0.0,0.0,0.0,0.0,0.0,0.0,0.0,0.0,0.0,0.0,0.0,0.0,0.0,0.0,0.0,0.0,0.0,0.0,0.0,0.0,0.0,0.0,0.0,0.0,0.0,0.0,0.0,0.0,0.0,0.0,0.0,0.0,0.0,0.0,0.0,0.0,0.0,0.0,0.0,0.0,0.0,0.0,0.0,0.0,0.0,0.0
2024-08-20,0,PB2SES_CT1,False,False,False,False,False,False,False,False,False,False,False,False,False,False,False,False,False,False,False,False,False,False,False,False,0.0,0.0,0.0,0.0,0.0,0.0,0.0,0.0,0.0,0.0,0.0,0.0,0.0,0.0,0.0,0.0,0.0,0.0,0.0,0.0,0.0,0.0,0.0,0.0,0.0,0.0,0.0,0.0,0.0,0.0,0.0,0.0,0.0,0.0,0.0,0.0,0.0,0.0,0.0,0.0,0.0,0.0,0.0,0.0,0.0,0.0,0.0,0.0
2024-08-20,0,PB2SES_CT2,False,False,False,False,False,False,False,False,False,False,False,False,False,False,False,False,False,False,False,False,False,False,False,False,0.0,0.0,0.0,0.0,0.0,0.0,0.0,0.0,0.0,0.0,0.0,0.0,0.0,0.0,0.0,0.0,0.0,0.0,0.0,0.0,0.0,0.0,0.0,0.0,0.0,0.0,0.0,0.0,0.0,0.0,0.0,0.0,0.0,0.0,0.0,0.0,0.0,0.0,0.0,0.0,0.0,0.0,0.0,0.0,0.0,0.0,0.0,0.0
2024-08-20,0,PB2SES_CT3,False,False,False,False,False,False,False,False,False,False,False,False,False,False,False,False,False,False,False,False,False,False,False,False,0.0,0.0,0.0,0.0,0.0,0.0,0.0,0.0,0.0,0.0,0.0,0.0,0.0,0.0,0.0,0.0,0.0,0.0,0.0,0.0,0.0,0.0,0.0,0.0,0.0,0.0,0.0,0.0,0.0,0.0,0.0,0.0,0.0,0.0,0.0,0.0,0.0,0.0,0.0,0.0,0.0,0.0,0.0,0.0,0.0,0.0,0.0,0.0
2024-08-20,0,PB2SES_CT4,False,False,False,False,False,False,False,False,False,False,False,False,False,False,False,False,False,False,False,False,False,False,False,False,0.0,0.0,0.0,0.0,0.0,0.0,0.0,0.0,0.0,0.0,0.0,0.0,0.0,0.0,0.0,0.0,0.0,0.0,0.0,0.0,0.0,0.0,0.0,0.0,0.0,0.0,0.0,0.0,0.0,0.0,0.0,0.0,0.0,0.0,0.0,0.0,0.0,0.0,0.0,0.0,0.0,0.0,0.0,0.0,0.0,0.0,0.0,0.0
2024-08-20,0,PB2SES_CT5,False,False,False,False,False,False,False,False,False,False,False,False,False,False,False,False,False,False,True,True,True,False,False,False,0.0,0.0,0.0,0.0,0.0,0.0,0.0,0.0,0.0,0.0,0.0,0.0,0.0,0.0,0.0,0.0,0.0,0.0,8.94,8.94,8.94,0.0,0.0,0.0,0.0,0.0,0.0,0.0,0.0,0.0,0.0,0.0,0.0,0.0,0.0,0.0,0.0,0.0,0.0,0.0,0.0,0.0,0.0,80.46,0.0,0.0,0.0,0.0
2024-08-20,0,PRO_UNIT1,False,False,False,False,False,False,False,False,False,False,False,False,True,True,True,True,True,True,True,True,True,True,False,False,0.0,0.0,0.0,0.0,0.0,0.0,0.0,0.0,0.0,0.0,0.0,0.0,6.05,6.05,6.05,6.05,6.05,6.05,6.05,6.05,60.5,6.05,0.0,0.0,0.0,0.0,0.0,0.0,0.0,0.0,0.0,0.0,0.0,0.0,0.0,0.0,0.0,54.45,54.45,54.45,54.45,54.45,54.45,54.45,0.0,0.0,0.0,0.0
2024-08-20,0,PRO_UNIT2,False,False,False,False,False,False,False,False,False,False,False,False,True,True,True,True,True,True,True,True,True,True,False,False,0.0,0.0,0.0,0.0,0.0,0.0,0.0,0.0,0.0,0.0,0.0,0.0,6.05,6.05,6.05,6.05,6.05,6.05,60.5,50.1784,6.05,6.05,0.0,0.0,0.0,0.0,0.0,0.0,0.0,0.0,0.0,0.0,0.0,0.0,0.0,0.0,0.0,54.45,54.45,54.45,54.45,54.45,0.0,10.3216,54.45,0.0,0.0,0.0
2024-08-20,0,PRO_UNIT3,False,False,False,False,False,False,False,False,False,False,False,False,True,True,True,True,True,True,True,True,True,True,False,False,0.0,0.0,0.0,0.0,0.0,0.0,0.0,0.0,0.0,0.0,0.0,0.0,6.05,6.05,6.05,6.05,6.05,60.5,60.5,6.05,6.05,6.05,0.0,0.0,0.0,0.0,0.0,0.0,0.0,0.0,0.0,0.0,0.0,0.0,0.0,0.0,0.0,54.45,54.45,54.45,54.45,0.0,0.0,54.45,54.45,0.0,0.0,0.0
2024-08-20,0,PRO_UNIT4,False,False,False,False,False,False,False,False,False,False,False,False,True,True,True,True,True,True,True,True,True,True,False,False,0.0,0.0,0.0,0.0,0.0,0.0,0.0,0.0,0.0,0.0,0.0,0.0,6.05,6.05,6.05,6.05,6.05,6.05,6.05,6.05,6.05,6.05,0.0,0.0,0.0,0.0,0.0,0.0,0.0,0.0,0.0,0.0,0.0,0.0,0.0,0.0,0.0,54.45,54.45,54.45,54.45,54.45,54.45,54.45,54.45,0.0,0.0,0.0
2024-08-20,0,PRO_UNIT5,False,False,False,False,False,False,False,False,False,False,False,False,True,True,True,True,True,True,True,True,True,True,False,False,0.0,0.0,0.0,0.0,0.0,0.0,0.0,0.0,0.0,0.0,0.0,0.0,6.05,6.05,6.05,6.05,6.05,6.05,6.05,6.05,6.05,6.05,0.0,0.0,0.0,0.0,0.0,0.0,0.0,0.0,0.0,0.0,0.0,0.0,0.0,0.0,0.0,54.45,54.45,54.45,54.45,54.45,54.45,54.45,54.45,0.0,0.0,0.0
2024-08-20,0,PRO_UNIT6,False,False,False,False,False,False,False,False,False,False,False,False,True,True,True,True,True,True,True,True,True,True,False,False,0.0,0.0,0.0,0.0,0.0,0.0,0.0,0.0,0.0,0.0,0.0,0.0,6.05,6.05,6.05,6.05,60.5,60.5,6.05,6.05,6.05,6.05,0.0,0.0,0.0,0.0,0.0,0.0,0.0,0.0,0.0,0.0,0.0,0.0,0.0,0.0,0.0,54.45,54.45,54.45,0.0,0.0,54.45,54.45,54.45,0.0,0.0,0.0
2024-08-20,0,PRO_UNIT7,False,False,False,False,False,False,False,False,False,False,False,False,True,True,True,True,True,True,True,True,True,True,False,False,0.0,0.0,0.0,0.0,0.0,0.0,0.0,0.0,0.0,0.0,0.0,0.0,6.05,6.05,6.05,6.05,6.05,6.05,6.05,6.05,6.05,6.05,0.0,0.0,0.0,0.0,0.0,0.0,0.0,0.0,0.0,0.0,0.0,0.0,0.0,0.0,0.0,54.45,54.45,54.45,54.45,54.45,54.45,54.45,54.45,0.0,0.0,0.0
2024-08-20,0,PRO_UNIT8,False,False,False,False,False,False,False,False,False,False,False,False,True,True,True,True,True,True,True,True,True,True,False,False,0.0,0.0,0.0,0.0,0.0,0.0,0.0,0.0,0.0,0.0,0.0,0.0,6.05,6.05,6.05,6.05,6.05,6.05,6.05,6.05,15.007,6.05,0.0,0.0,0.0,0.0,0.0,0.0,0.0,0.0,0.0,0.0,0.0,0.0,0.0,0.0,0.0,54.45,54.45,54.45,54.45,54.45,54.45,54.45,45.493,0.0,0.0,0.0
2024-08-20,0,BAC_CTG1,False,False,False,False,False,False,False,False,False,False,False,False,False,True,True,True,True,True,True,True,True,True,True,False,0.0,0.0,0.0,0.0,0.0,0.0,0.0,0.0,0.0,0.0,0.0,0.0,0.0,6.5,6.5,65.0,65.0,48.7828,65.0,6.5,6.5,6.5,6.5,0.0,0.0,0.0,0.0,0.0,0.0,0.0,0.0,0.0,0.0,0.0,0.0,0.0,0.0,0.0,58.5,0.0,0.0,16.2172,0.0,58.5,58.5,58.5,0.0,0.0
2024-08-20,0,BAC_CTG2,False,False,False,False,False,False,False,False,False,False,False,False,False,True,True,True,True,True,True,True,True,True,True,False,0.0,0.0,0.0,0.0,0.0,0.0,0.0,0.0,0.0,0.0,0.0,0.0,0.0,6.5,6.5,6.5,6.5,6.5,6.5,65.0,6.5,6.5,6.5,0.0,0.0,0.0,0.0,0.0,0.0,0.0,0.0,0.0,0.0,0.0,0.0,0.0,0.0,0.0,58.5,58.5,58.5,58.5,58.5,0.0,58.5,58.5,0.0,0.0
2024-08-20,0,BAC_CTG3,False,False,False,False,False,False,False,False,False,False,False,False,False,True,True,True,True,True,True,True,True,True,True,False,0.0,0.0,0.0,0.0,0.0,0.0,0.0,0.0,0.0,0.0,0.0,0.0,0.0,6.5,6.5,6.5,65.0,65.0,6.5,6.5,6.5,6.5,6.5,0.0,0.0,0.0,0.0,0.0,0.0,0.0,0.0,0.0,0.0,0.0,0.0,0.0,0.0,0.0,58.5,58.5,0.0,0.0,58.5,58.5,58.5,58.5,0.0,0.0
2024-08-20,0,BAC_CTG4,False,False,False,False,False,False,False,False,False,False,False,False,False,True,True,True,True,True,True,True,True,True,True,False,0.0,0.0,0.0,0.0,0.0,0.0,0.0,0.0,0.0,0.0,0.0,0.0,0.0,6.5,6.5,42.7307,6.5,65.0,65.0,6.5,6.5,6.5,6.5,0.0,0.0,0.0,0.0,0.0,0.0,0.0,0.0,0.0,0.0,0.0,0.0,0.0,0.0,0.0,58.5,22.2693,58.5,0.0,0.0,58.5,58.5,58.5,0.0,0.0
2024-08-20,0,BAC_CTG5,False,False,False,False,False,False,False,False,False,False,False,False,True,True,True,True,True,True,True,True,True,True,True,False,0.0,0.0,0.0,0.0,0.0,0.0,0.0,0.0,0.0,0.0,0.0,0.0,6.5,6.5,6.5,6.5,6.5,6.5,65.0,65.0,6.5,6.5,6.5,0.0,0.0,0.0,0.0,0.0,0.0,0.0,0.0,0.0,0.0,0.0,0.0,0.0,0.0,58.5,58.5,58.5,58.5,58.5,0.0,0.0,58.5,58.5,0.0,0.0
2024-08-20,0,BAC_CTG6,False,False,False,False,False,False,False,False,False,False,False,False,False,True,True,True,True,True,True,True,True,True,True,False,0.0,0.0,0.0,0.0,0.0,0.0,0.0,0.0,0.0,0.0,0.0,0.0,0.0,6.5,6.5,6.5,46.43,65.0,65.0,37.0536,6.5,6.5,6.5,0.0,0.0,0.0,0.0,0.0,0.0,0.0,0.0,0.0,0.0,0.0,0.0,0.0,0.0,0.0,58.5,58.5,18.57,0.0,0.0,27.9464,58.5,58.5,0.0,0.0
2024-08-20,0,STEAM1A_STEAM_1,False,False,False,False,False,False,False,False,False,False,False,False,False,False,False,False,False,False,False,False,False,False,False,False,0.0,0.0,0.0,0.0,0.0,0.0,0.0,0.0,0.0,0.0,0.0,0.0,0.0,0.0,0.0,0.0,0.0,0.0,0.0,0.0,0.0,0.0,0.0,0.0,0.0,0.0,0.0,0.0,0.0,0.0,0.0,0.0,0.0,0.0,0.0,0.0,0.0,0.0,0.0,0.0,0.0,0.0,0.0,0.0,0.0,0.0,0.0,0.0
2024-08-20,0,STEAM_STEAM_2,False,False,False,False,False,False,False,False,False,False,False,False,False,False,False,False,False,False,False,False,False,False,False,False,0.0,0.0,0.0,0.0,0.0,0.0,0.0,0.0,0.0,0.0,0.0,0.0,0.0,0.0,0.0,0.0,0.0,0.0,0.0,0.0,0.0,0.0,0.0,0.0,0.0,0.0,0.0,0.0,0.0,0.0,0.0,0.0,0.0,0.0,0.0,0.0,0.0,0.0,0.0,0.0,0.0,0.0,0.0,0.0,0.0,0.0,0.0,0.0
2024-08-20,0,STEAM_STEAM_3,False,False,False,False,False,False,False,False,False,False,False,False,False,False,False,False,False,False,False,False,False,False,False,False,0.0,0.0,0.0,0.0,0.0,0.0,0.0,0.0,0.0,0.0,0.0,0.0,0.0,0.0,0.0,0.0,0.0,0.0,0.0,0.0,0.0,0.0,0.0,0.0,0.0,0.0,0.0,0.0,0.0,0.0,0.0,0.0,0.0,0.0,0.0,0.0,0.0,0.0,0.0,0.0,0.0,0.0,0.0,0.0,0.0,0.0,0.0,0.0
2024-08-20,0,QALSW_GT1,True,True,True,True,True,True,True,True,True,True,True,True,True,True,True,True,True,True,True,True,True,True,True,True,90.6,90.6,90.6,90.6,90.6,90.6,90.6,90.6,90.6,90.6,90.6,90.6,90.6,90.6,90.6,90.6,90.6,90.6,90.6,90.6,90.6,90.6,90.6,90.6,0.0,0.0,-0.0,0.0,0.0,-0.0,0.0,-0.0,0.0,0.0,0.0,0.0,0.0,0.0,0.0,0.0,0.0,0.0,0.0,0.0,0.0,0.0,0.0,0.0
2024-08-20,0,QALSW_GT2,False,False,False,False,False,True,True,True,True,True,True,True,True,True,True,True,True,True,True,True,True,True,True,True,0.0,0.0,0.0,0.0,0.0,27.18,90.6,90.6,90.6,90.6,90.6,90.6,90.6,90.6,90.6,90.6,90.6,90.6,90.6,90.6,90.6,90.6,90.6,90.6,0.0,0.0,0.0,0.0,0.0,0.0,0.0,0.0,0.0,0.0,0.0,0.0,0.0,0.0,0.0,0.0,-0.0,0.0,0.0,0.0,0.0,0.0,0.0,0.0
2024-08-20,0,QALSW_GT3,False,False,False,False,False,True,True,True,True,True,True,True,True,True,True,True,True,True,True,True,True,True,True,True,0.0,0.0,0.0,0.0,0.0,27.18,90.6,90.6,90.6,90.6,90.6,90.6,90.6,90.6,90.6,90.6,90.6,90.6,90.6,90.6,90.6,90.6,90.6,90.6,0.0,0.0,0.0,0.0,0.0,0.0,0.0,0.0,0.0,-0.0,0.0,-0.0,0.0,0.0,0.0,0.0,0.0,0.0,0.0,0.0,0.0,0.0,0.0,0.0
2024-08-20,0,QALSW_GT4,False,False,False,False,False,True,True,True,True,True,True,True,True,True,True,True,True,True,True,True,True,True,True,True,0.0,0.0,0.0,0.0,0.0,27.18,90.6,90.6,90.6,90.6,90.6,90.6,90.6,90.6,90.6,90.6,90.6,90.6,90.6,90.6,90.6,90.6,90.6,90.6,0.0,0.0,0.0,0.0,0.0,0.0,0.0,0.0,0.0,0.0,0.0,0.0,0.0,0.0,0.0,0.0,0.0,0.0,0.0,0.0,0.0,0.0,-0.0,0.0
2024-08-20,0,QALSW_STG1,True,True,True,True,True,True,True,True,True,True,True,True,True,True,True,True,True,True,True,True,True,True,True,True,98.1,98.1,98.1,83.0572,98.1,98.1,98.1,98.1,98.1,98.1,98.1,98.1,98.1,98.1,98.1,98.1,98.1,98.1,98.1,98.1,98.1,98.1,98.1,98.1,0.0,0.0,0.0,15.0428,0.0,0.0,0.0,0.0,0.0,0.0,0.0,0.0,0.0,0.0,0.0,0.0,0.0,0.0,0.0,0.0,0.0,0.0,0.0,-0.0
2024-08-20,0,QALSW_STG2,True,True,True,True,True,True,True,True,True,True,True,True,True,True,True,True,True,True,True,True,True,True,True,True,98.1,98.1,98.1,29.43,98.1,98.1,98.1,98.1,98.1,98.1,98.1,98.1,98.1,98.1,98.1,98.1,98.1,98.1,98.1,98.1,98.1,98.1,98.1,98.1,0.0,0.0,0.0,68.67,0.0,0.0,-0.0,0.0,0.0,-0.0,0.0,0.0,0.0,0.0,0.0,0.0,-0.0,0.0,0.0,0.0,0.0,0.0,0.0,0.0
2024-08-20,0,MIL_MILLERG4,False,False,False,False,False,False,False,False,False,False,False,False,False,True,True,True,True,True,True,True,True,True,False,False,0.0,0.0,0.0,0.0,0.0,0.0,0.0,0.0,0.0,0.0,0.0,0.0,0.0,11.6,11.6,11.6,11.6,11.6,11.6,116.0,11.6,11.6,0.0,0.0,0.0,0.0,0.0,0.0,0.0,0.0,0.0,0.0,0.0,0.0,0.0,0.0,0.0,0.0,104.4,104.4,104.4,104.4,104.4,0.0,104.4,0.0,0.0,0.0
2024-08-20,0,MIL_MILLERG5,False,False,False,False,False,False,False,False,False,False,False,False,False,True,True,True,True,True,True,True,True,True,False,False,0.0,0.0,0.0,0.0,0.0,0.0,0.0,0.0,0.0,0.0,0.0,0.0,0.0,11.6,11.6,11.6,11.6,11.6,11.6,116.0,11.6,11.6,0.0,0.0,0.0,0.0,0.0,0.0,0.0,0.0,0.0,0.0,0.0,0.0,0.0,0.0,0.0,0.0,104.4,104.4,104.4,104.4,104.4,0.0,104.4,0.0,0.0,0.0
2024-08-20,0,MIL_MILLERG1,False,False,False,False,False,False,False,False,False,False,False,False,False,True,True,True,True,True,True,True,True,True,False,False,0.0,0.0,0.0,0.0,0.0,0.0,0.0,0.0,0.0,0.0,0.0,0.0,0.0,22.5,75.0,75.0,75.0,75.0,75.0,75.0,75.0,22.5,0.0,0.0,0.0,0.0,0.0,0.0,0.0,0.0,0.0,0.0,0.0,0.0,0.0,0.0,0.0,0.0,0.0,0.0,0.0,0.0,0.0,0.0,0.0,0.0,0.0,0.0
2024-08-20,0,MIL_MILLERG2,False,False,False,False,False,False,False,False,False,False,False,False,False,True,True,True,True,True,True,True,True,True,False,False,0.0,0.0,0.0,0.0,0.0,0.0,0.0,0.0,0.0,0.0,0.0,0.0,0.0,36.0,120.0,120.0,120.0,120.0,120.0,120.0,120.0,36.0,0.0,0.0,0.0,0.0,0.0,0.0,0.0,0.0,0.0,0.0,0.0,0.0,0.0,0.0,0.0,0.0,0.0,0.0,0.0,0.0,0.0,0.0,0.0,0.0,0.0,0.0
2024-08-20,0,MIL_MILLERG3,False,False,False,False,False,False,False,False,False,False,False,False,False,True,True,True,True,True,True,True,True,True,False,False,0.0,0.0,0.0,0.0,0.0,0.0,0.0,0.0,0.0,0.0,0.0,0.0,0.0,64.8,216.0,216.0,216.0,216.0,216.0,216.0,216.0,64.8,0.0,0.0,0.0,0.0,0.0,0.0,0.0,0.0,0.0,0.0,0.0,0.0,0.0,0.0,0.0,0.0,0.0,0.0,0.0,0.0,0.0,0.0,0.0,0.0,0.0,0.0
2024-08-20,0,OLINGR_OLING_4,False,False,False,False,False,False,False,False,False,False,False,False,False,False,False,False,False,False,False,False,False,False,False,False,0.0,0.0,0.0,0.0,0.0,0.0,0.0,0.0,0.0,0.0,0.0,0.0,0.0,0.0,0.0,0.0,0.0,0.0,0.0,0.0,0.0,0.0,0.0,0.0,0.0,0.0,0.0,0.0,0.0,0.0,0.0,0.0,0.0,0.0,0.0,0.0,0.0,0.0,0.0,0.0,0.0,0.0,0.0,0.0,0.0,0.0,0.0,0.0
2024-08-20,0,OLINGR_OLING_2,False,False,False,False,False,False,False,False,False,False,False,False,False,False,False,False,False,False,False,False,False,False,False,False,0.0,0.0,0.0,0.0,0.0,0.0,0.0,0.0,0.0,0.0,0.0,0.0,0.0,0.0,0.0,0.0,0.0,0.0,0.0,0.0,0.0,0.0,0.0,0.0,0.0,0.0,0.0,0.0,0.0,0.0,0.0,0.0,0.0,0.0,0.0,0.0,0.0,0.0,0.0,0.0,0.0,0.0,0.0,0.0,0.0,0.0,0.0,0.0
2024-08-20,0,OLINGR_OLING_3,False,False,False,False,False,False,False,False,False,False,False,False,False,False,False,False,False,False,False,False,False,False,False,False,0.0,0.0,0.0,0.0,0.0,0.0,0.0,0.0,0.0,0.0,0.0,0.0,0.0,0.0,0.0,0.0,0.0,0.0,0.0,0.0,0.0,0.0,0.0,0.0,0.0,0.0,0.0,0.0,0.0,0.0,0.0,0.0,0.0,0.0,0.0,0.0,0.0,0.0,0.0,0.0,0.0,0.0,0.0,0.0,0.0,0.0,0.0,0.0
2024-08-20,0,RAB_UNIT1,False,False,False,False,False,False,False,False,False,False,False,False,False,False,False,False,False,False,False,False,False,False,False,False,0.0,0.0,0.0,0.0,0.0,0.0,0.0,0.0,0.0,0.0,0.0,0.0,0.0,0.0,0.0,0.0,0.0,0.0,0.0,0.0,0.0,0.0,0.0,0.0,0.0,0.0,0.0,0.0,0.0,0.0,0.0,0.0,0.0,0.0,0.0,0.0,0.0,0.0,0.0,0.0,0.0,0.0,0.0,0.0,0.0,0.0,0.0,0.0
2024-08-20,0,RAB_UNIT2,False,False,False,False,False,False,False,False,False,False,False,False,False,False,False,False,False,False,False,False,False,False,False,False,0.0,0.0,0.0,0.0,0.0,0.0,0.0,0.0,0.0,0.0,0.0,0.0,0.0,0.0,0.0,0.0,0.0,0.0,0.0,0.0,0.0,0.0,0.0,0.0,0.0,0.0,0.0,0.0,0.0,0.0,0.0,0.0,0.0,0.0,0.0,0.0,0.0,0.0,0.0,0.0,0.0,0.0,0.0,0.0,0.0,0.0,0.0,0.0
2024-08-20,0,RAB_UNIT3,False,False,False,False,False,False,False,False,False,False,False,False,False,False,False,False,False,False,False,False,False,False,False,False,0.0,0.0,0.0,0.0,0.0,0.0,0.0,0.0,0.0,0.0,0.0,0.0,0.0,0.0,0.0,0.0,0.0,0.0,0.0,0.0,0.0,0.0,0.0,0.0,0.0,0.0,0.0,0.0,0.0,0.0,0.0,0.0,0.0,0.0,0.0,0.0,0.0,0.0,0.0,0.0,0.0,0.0,0.0,0.0,0.0,0.0,0.0,0.0
2024-08-20,0,RAB_UNIT4,False,False,False,False,False,False,False,False,False,False,False,False,False,False,False,False,False,False,False,False,False,False,False,False,0.0,0.0,0.0,0.0,0.0,0.0,0.0,0.0,0.0,0.0,0.0,0.0,0.0,0.0,0.0,0.0,0.0,0.0,0.0,0.0,0.0,0.0,0.0,0.0,0.0,0.0,0.0,0.0,0.0,0.0,0.0,0.0,0.0,0.0,0.0,0.0,0.0,0.0,0.0,0.0,0.0,0.0,0.0,0.0,0.0,0.0,0.0,0.0
2024-08-20,0,RAB_UNIT5,False,False,False,False,False,False,False,False,False,False,False,False,False,False,False,False,False,False,False,False,False,False,False,False,0.0,0.0,0.0,0.0,0.0,0.0,0.0,0.0,0.0,0.0,0.0,0.0,0.0,0.0,0.0,0.0,0.0,0.0,0.0,0.0,0.0,0.0,0.0,0.0,0.0,0.0,0.0,0.0,0.0,0.0,0.0,0.0,0.0,0.0,0.0,0.0,0.0,0.0,0.0,0.0,0.0,0.0,0.0,0.0,0.0,0.0,0.0,0.0
2024-08-20,0,RAB_UNIT6,False,False,False,False,False,False,False,False,False,False,False,False,False,False,False,False,False,False,False,False,False,False,False,False,0.0,0.0,0.0,0.0,0.0,0.0,0.0,0.0,0.0,0.0,0.0,0.0,0.0,0.0,0.0,0.0,0.0,0.0,0.0,0.0,0.0,0.0,0.0,0.0,0.0,0.0,0.0,0.0,0.0,0.0,0.0,0.0,0.0,0.0,0.0,0.0,0.0,0.0,0.0,0.0,0.0,0.0,0.0,0.0,0.0,0.0,0.0,0.0
2024-08-20,0,RAB_UNIT7,False,False,False,False,False,False,False,False,False,False,False,False,False,False,False,False,False,False,False,False,False,False,False,False,0.0,0.0,0.0,0.0,0.0,0.0,0.0,0.0,0.0,0.0,0.0,0.0,0.0,0.0,0.0,0.0,0.0,0.0,0.0,0.0,0.0,0.0,0.0,0.0,0.0,0.0,0.0,0.0,0.0,0.0,0.0,0.0,0.0,0.0,0.0,0.0,0.0,0.0,0.0,0.0,0.0,0.0,0.0,0.0,0.0,0.0,0.0,0.0
2024-08-20,0,RAB_UNIT8,False,False,False,False,False,False,False,False,False,False,False,False,False,False,False,False,False,False,False,False,False,False,False,False,0.0,0.0,0.0,0.0,0.0,0.0,0.0,0.0,0.0,0.0,0.0,0.0,0.0,0.0,0.0,0.0,0.0,0.0,0.0,0.0,0.0,0.0,0.0,0.0,0.0,0.0,0.0,0.0,0.0,0.0,0.0,0.0,0.0,0.0,0.0,0.0,0.0,0.0,0.0,0.0,0.0,0.0,0.0,0.0,0.0,0.0,0.0,0.0
2024-08-20,0,REDGATE_AGR_A,False,False,False,False,False,False,False,False,False,False,False,False,False,False,False,False,False,False,False,False,False,False,False,False,0.0,0.0,0.0,0.0,0.0,0.0,0.0,0.0,0.0,0.0,0.0,0.0,0.0,0.0,0.0,0.0,0.0,0.0,0.0,0.0,0.0,0.0,0.0,0.0,0.0,0.0,0.0,0.0,0.0,0.0,0.0,0.0,0.0,0.0,0.0,0.0,0.0,0.0,0.0,0.0,0.0,0.0,0.0,0.0,0.0,0.0,0.0,0.0
2024-08-20,0,REDGATE_AGR_B,False,False,False,False,False,False,False,False,False,False,False,False,False,False,False,False,False,False,False,False,False,False,False,False,0.0,0.0,0.0,0.0,0.0,0.0,0.0,0.0,0.0,0.0,0.0,0.0,0.0,0.0,0.0,0.0,0.0,0.0,0.0,0.0,0.0,0.0,0.0,0.0,0.0,0.0,0.0,0.0,0.0,0.0,0.0,0.0,0.0,0.0,0.0,0.0,0.0,0.0,0.0,0.0,0.0,0.0,0.0,0.0,0.0,0.0,0.0,0.0
2024-08-20,0,REDGATE_AGR_C,False,False,False,False,False,False,False,False,False,False,False,False,False,False,False,False,False,False,False,False,False,False,False,False,0.0,0.0,0.0,0.0,0.0,0.0,0.0,0.0,0.0,0.0,0.0,0.0,0.0,0.0,0.0,0.0,0.0,0.0,0.0,0.0,0.0,0.0,0.0,0.0,0.0,0.0,0.0,0.0,0.0,0.0,0.0,0.0,0.0,0.0,0.0,0.0,0.0,0.0,0.0,0.0,0.0,0.0,0.0,0.0,0.0,0.0,0.0,0.0
2024-08-20,0,REDGATE_AGR_D,False,False,False,False,False,False,False,False,False,False,False,False,False,False,False,False,False,False,False,False,False,False,False,False,0.0,0.0,0.0,0.0,0.0,0.0,0.0,0.0,0.0,0.0,0.0,0.0,0.0,0.0,0.0,0.0,0.0,0.0,0.0,0.0,0.0,0.0,0.0,0.0,0.0,0.0,0.0,0.0,0.0,0.0,0.0,0.0,0.0,0.0,0.0,0.0,0.0,0.0,0.0,0.0,0.0,0.0,0.0,0.0,0.0,0.0,0.0,0.0
2024-08-20,0,JAD_UNIT1,False,False,False,False,False,False,False,False,False,False,False,False,True,True,True,True,True,True,True,True,True,True,False,False,0.0,0.0,0.0,0.0,0.0,0.0,0.0,0.0,0.0,0.0,0.0,0.0,6.05,6.05,6.05,47.539,60.5,6.05,6.05,6.05,6.05,6.05,0.0,0.0,0.0,0.0,0.0,0.0,0.0,0.0,0.0,0.0,0.0,0.0,0.0,0.0,0.0,54.45,54.45,12.961,0.0,54.45,54.45,54.45,54.45,0.0,0.0,0.0
2024-08-20,0,JAD_UNIT2,False,False,False,False,False,False,False,False,False,False,False,False,True,True,True,True,True,True,True,True,True,True,False,False,0.0,0.0,0.0,0.0,0.0,0.0,0.0,0.0,0.0,0.0,0.0,0.0,6.05,6.05,60.5,60.5,60.5,6.05,6.05,6.05,6.05,6.05,0.0,0.0,0.0,0.0,0.0,0.0,0.0,0.0,0.0,0.0,0.0,0.0,0.0,0.0,0.0,54.45,0.0,0.0,0.0,54.45,54.45,54.45,54.45,0.0,0.0,0.0
2024-08-20,0,JAD_UNIT3,False,False,False,False,False,False,False,False,False,False,False,False,True,True,True,True,True,True,True,True,True,True,False,False,0.0,0.0,0.0,0.0,0.0,0.0,0.0,0.0,0.0,0.0,0.0,0.0,6.05,6.05,6.05,6.05,6.05,6.05,6.05,6.05,6.05,6.05,0.0,0.0,0.0,0.0,0.0,0.0,0.0,0.0,0.0,0.0,0.0,0.0,0.0,0.0,0.0,54.45,54.45,54.45,54.45,54.45,54.45,54.45,54.45,0.0,0.0,0.0
2024-08-20,0,JAD_UNIT4,False,False,False,False,False,False,False,False,False,False,False,False,True,True,True,True,True,True,True,True,True,True,False,False,0.0,0.0,0.0,0.0,0.0,0.0,0.0,0.0,0.0,0.0,0.0,0.0,6.05,6.05,6.05,6.05,6.05,15.8365,60.5,6.05,6.05,6.05,0.0,0.0,0.0,0.0,0.0,0.0,0.0,0.0,0.0,0.0,0.0,0.0,0.0,0.0,0.0,54.45,54.45,54.45,54.45,44.6635,0.0,54.45,54.45,0.0,0.0,0.0
2024-08-20,0,JAD_UNIT5,False,False,False,False,False,False,False,False,False,False,False,False,True,True,True,True,True,True,True,True,True,True,False,False,0.0,0.0,0.0,0.0,0.0,0.0,0.0,0.0,0.0,0.0,0.0,0.0,6.05,6.05,60.5,60.5,6.05,6.05,23.1619,6.05,6.05,6.05,0.0,0.0,0.0,0.0,0.0,0.0,0.0,0.0,0.0,0.0,0.0,0.0,0.0,0.0,0.0,54.45,0.0,0.0,54.45,54.45,37.3381,54.45,54.45,0.0,0.0,0.0
2024-08-20,0,JAD_UNIT6,False,False,False,False,False,False,False,False,False,False,False,False,True,True,True,True,True,True,True,True,True,True,False,False,0.0,0.0,0.0,0.0,0.0,0.0,0.0,0.0,0.0,0.0,0.0,0.0,6.05,6.05,6.05,6.05,6.05,6.05,6.05,60.5,6.05,6.05,0.0,0.0,0.0,0.0,0.0,0.0,0.0,0.0,0.0,0.0,0.0,0.0,0.0,0.0,0.0,54.45,54.45,54.45,54.45,54.45,54.45,0.0,54.45,0.0,0.0,0.0
2024-08-20,0,JAD_UNIT7,False,False,False,False,False,False,False,False,False,False,False,False,True,True,True,True,True,True,True,True,True,True,False,False,0.0,0.0,0.0,0.0,0.0,0.0,0.0,0.0,0.0,0.0,0.0,0.0,6.05,6.05,6.05,6.05,47.572,6.05,6.05,6.05,6.05,6.05,0.0,0.0,0.0,0.0,0.0,0.0,0.0,0.0,0.0,0.0,0.0,0.0,0.0,0.0,0.0,54.45,54.45,54.45,12.928,54.45,54.45,54.45,54.45,0.0,0.0,0.0
2024-08-20,0,JAD_UNIT8,False,False,False,False,False,False,False,False,False,False,False,False,True,True,True,True,True,True,True,True,True,True,False,False,0.0,0.0,0.0,0.0,0.0,0.0,0.0,0.0,0.0,0.0,0.0,0.0,6.05,6.05,17.2371,6.05,6.05,60.5,6.05,6.05,6.05,6.05,0.0,0.0,0.0,0.0,0.0,0.0,0.0,0.0,0.0,0.0,0.0,0.0,0.0,0.0,0.0,54.45,43.2629,54.45,54.45,0.0,54.45,54.45,54.45,0.0,0.0,0.0
2024-08-20,0,RIONOG_CT1,False,False,False,False,False,False,False,False,True,True,True,True,True,True,True,True,True,True,True,True,True,True,True,True,0.0,0.0,0.0,0.0,0.0,0.0,0.0,0.0,60.9,60.9,60.9,60.9,60.9,60.9,203.0,203.0,203.0,203.0,203.0,203.0,203.0,203.0,60.9,60.9,0.0,0.0,0.0,0.0,0.0,0.0,0.0,0.0,0.0,142.1,142.1,142.1,142.1,142.1,0.0,0.0,0.0,0.0,0.0,0.0,0.0,0.0,142.1,142.1
2024-08-20,0,RIONOG_CT2,False,False,False,False,False,False,False,False,True,True,True,True,True,True,True,True,True,True,True,True,True,True,True,True,0.0,0.0,0.0,0.0,0.0,0.0,0.0,0.0,60.9,60.9,60.9,60.9,60.9,60.9,183.3451,203.0,203.0,203.0,203.0,203.0,203.0,203.0,60.9,60.9,0.0,0.0,0.0,0.0,0.0,0.0,0.0,0.0,0.0,142.1,142.1,142.1,142.1,142.1,19.6549,0.0,0.0,0.0,0.0,0.0,0.0,0.0,142.1,142.1
2024-08-20,0,RIONOG_CT3,False,False,False,False,False,False,False,False,True,True,True,True,True,True,True,True,True,True,True,True,True,True,True,True,0.0,0.0,0.0,0.0,0.0,0.0,0.0,0.0,60.9,60.9,60.9,60.9,60.9,60.9,60.9,203.0,203.0,203.0,203.0,203.0,203.0,203.0,99.7152,60.9,0.0,0.0,0.0,0.0,0.0,0.0,0.0,0.0,0.0,142.1,142.1,142.1,142.1,142.1,142.1,0.0,0.0,0.0,0.0,0.0,0.0,0.0,103.2848,142.1
2024-08-20,0,RIONOG_ST1,True,True,False,False,False,False,True,True,True,True,True,True,True,True,True,True,True,True,True,True,True,True,True,True,111.96,111.96,0.0,0.0,0.0,0.0,111.96,111.96,111.96,111.96,111.96,111.96,111.96,111.96,111.96,373.2,373.2,373.2,373.2,373.2,373.2,373.2,111.96,111.96,261.24,0.0,0.0,0.0,0.0,0.0,0.0,261.24,261.24,261.24,261.24,261.24,261.24,261.24,261.24,0.0,0.0,0.0,0.0,0.0,0.0,0.0,261.24,261.24
2024-08-20,0,RAYBURN_RAYBURG7,False,False,False,False,False,False,False,False,False,False,False,True,True,True,True,True,True,True,True,True,True,True,True,True,0.0,0.0,0.0,0.0,0.0,0.0,0.0,0.0,0.0,0.0,0.0,18.15,60.5,60.5,60.5,60.5,60.5,60.5,60.5,60.5,60.5,60.5,60.5,60.5,0.0,0.0,0.0,0.0,0.0,0.0,0.0,0.0,0.0,0.0,0.0,0.0,0.0,0.0,0.0,0.0,0.0,0.0,0.0,0.0,0.0,0.0,0.0,0.0
2024-08-20,0,RAYBURN_RAYBURG8,False,False,False,False,False,False,False,False,False,False,False,True,True,True,True,True,True,True,True,True,True,True,True,True,0.0,0.0,0.0,0.0,0.0,0.0,0.0,0.0,0.0,0.0,0.0,18.15,60.5,60.5,60.5,60.5,60.5,60.5,60.5,60.5,60.5,60.5,60.5,60.5,0.0,0.0,0.0,0.0,0.0,0.0,0.0,0.0,0.0,0.0,0.0,0.0,0.0,0.0,0.0,0.0,0.0,0.0,0.0,0.0,0.0,0.0,0.0,0.0
2024-08-20,0,RAYBURN_RAYBURG9,False,False,False,False,False,False,False,False,False,False,False,True,True,True,True,True,True,True,True,True,True,True,True,True,0.0,0.0,0.0,0.0,0.0,0.0,0.0,0.0,0.0,0.0,0.0,18.15,60.5,60.5,46.1915,60.5,60.5,60.5,60.5,60.5,60.5,60.5,60.5,60.5,0.0,0.0,0.0,0.0,0.0,0.0,0.0,0.0,0.0,0.0,0.0,0.0,0.0,0.0,14.3085,0.0,0.0,0.0,0.0,0.0,0.0,0.0,0.0,0.0
2024-08-20,0,RAYBURN_RAYBURG10,True,True,False,False,False,False,False,True,True,True,True,True,True,True,True,True,True,True,True,True,True,True,True,True,42.0,12.6,0.0,0.0,0.0,0.0,0.0,12.6,42.0,12.6,12.6,42.0,12.6,42.0,42.0,42.0,12.6,42.0,42.0,42.0,42.0,42.0,42.0,42.0,0.0,0.0,0.0,0.0,0.0,0.0,0.0,0.0,0.0,29.4,29.4,0.0,29.4,0.0,0.0,0.0,29.4,0.0,0.0,0.0,0.0,0.0,0.0,0.0
2024-08-20,0,SJS_SJS_G1,False,False,False,False,False,False,False,False,False,False,False,False,False,True,True,True,True,True,True,True,True,True,False,False,0.0,0.0,0.0,0.0,0.0,0.0,0.0,0.0,0.0,0.0,0.0,0.0,0.0,8.82,8.82,8.82,8.82,8.82,8.82,8.82,8.82,8.82,0.0,0.0,0.0,0.0,0.0,0.0,0.0,0.0,0.0,0.0,0.0,0.0,0.0,0.0,0.0,0.0,79.38,79.38,79.38,79.38,79.38,79.38,79.38,0.0,0.0,0.0
2024-08-20,0,SJS_SJS_G2,False,False,False,False,False,False,False,False,False,False,False,False,False,True,True,True,True,True,True,True,True,True,False,False,0.0,0.0,0.0,0.0,0.0,0.0,0.0,0.0,0.0,0.0,0.0,0.0,0.0,8.82,8.82,8.82,8.82,8.82,8.82,8.82,8.82,8.82,0.0,0.0,0.0,0.0,0.0,0.0,0.0,0.0,0.0,0.0,0.0,0.0,0.0,0.0,0.0,0.0,79.38,79.38,79.38,79.38,79.38,79.38,79.38,0.0,0.0,0.0
2024-08-20,0,SANDHSYD_SH1,False,False,False,False,False,False,False,False,False,False,False,False,False,False,False,False,False,False,False,False,False,False,False,False,0.0,0.0,0.0,0.0,0.0,0.0,0.0,0.0,0.0,0.0,0.0,0.0,0.0,0.0,0.0,0.0,0.0,0.0,0.0,0.0,0.0,0.0,0.0,0.0,0.0,0.0,0.0,0.0,0.0,0.0,0.0,0.0,0.0,0.0,0.0,0.0,0.0,0.0,0.0,0.0,0.0,0.0,0.0,0.0,0.0,0.0,0.0,0.0
2024-08-20,0,SANDHSYD_SH2,False,False,False,False,False,False,False,False,False,False,False,False,False,False,False,False,False,False,False,False,False,False,False,False,0.0,0.0,0.0,0.0,0.0,0.0,0.0,0.0,0.0,0.0,0.0,0.0,0.0,0.0,0.0,0.0,0.0,0.0,0.0,0.0,0.0,0.0,0.0,0.0,0.0,0.0,0.0,0.0,0.0,0.0,0.0,0.0,0.0,0.0,0.0,0.0,0.0,0.0,0.0,0.0,0.0,0.0,0.0,0.0,0.0,0.0,0.0,0.0
2024-08-20,0,SANDHSYD_SH3,False,False,False,False,False,False,False,False,False,False,False,False,False,False,False,False,False,False,False,False,False,False,False,False,0.0,0.0,0.0,0.0,0.0,0.0,0.0,0.0,0.0,0.0,0.0,0.0,0.0,0.0,0.0,0.0,0.0,0.0,0.0,0.0,0.0,0.0,0.0,0.0,0.0,0.0,0.0,0.0,0.0,0.0,0.0,0.0,0.0,0.0,0.0,0.0,0.0,0.0,0.0,0.0,0.0,0.0,0.0,0.0,0.0,0.0,0.0,0.0
2024-08-20,0,SANDHSYD_SH4,False,False,False,False,False,False,False,False,False,False,False,False,False,False,False,False,False,False,False,False,False,False,False,False,0.0,0.0,0.0,0.0,0.0,0.0,0.0,0.0,0.0,0.0,0.0,0.0,0.0,0.0,0.0,0.0,0.0,0.0,0.0,0.0,0.0,0.0,0.0,0.0,0.0,0.0,0.0,0.0,0.0,0.0,0.0,0.0,0.0,0.0,0.0,0.0,0.0,0.0,0.0,0.0,0.0,0.0,0.0,0.0,0.0,0.0,0.0,0.0
2024-08-20,0,SANDHSYD_SH_5A,True,True,True,True,True,True,True,True,True,True,True,True,True,True,True,True,True,True,True,True,True,True,True,True,59.67,59.67,59.67,59.67,59.67,59.67,198.9,59.67,59.67,59.67,59.67,59.67,198.9,198.9,198.9,198.9,198.9,198.9,198.9,198.9,198.9,198.9,198.9,59.67,139.23,139.23,139.23,139.23,139.23,139.23,0.0,139.23,139.23,139.23,139.23,139.23,0.0,0.0,0.0,0.0,0.0,0.0,0.0,0.0,0.0,0.0,0.0,139.23
2024-08-20,0,SANDHSYD_SH6,False,False,False,False,False,False,False,False,False,False,False,False,False,False,False,False,False,False,False,False,False,False,False,False,0.0,0.0,0.0,0.0,0.0,0.0,0.0,0.0,0.0,0.0,0.0,0.0,0.0,0.0,0.0,0.0,0.0,0.0,0.0,0.0,0.0,0.0,0.0,0.0,0.0,0.0,0.0,0.0,0.0,0.0,0.0,0.0,0.0,0.0,0.0,0.0,0.0,0.0,0.0,0.0,0.0,0.0,0.0,0.0,0.0,0.0,0.0,0.0
2024-08-20,0,SANDHSYD_SH7,False,False,False,False,False,False,False,False,False,False,False,False,False,False,False,False,False,False,False,False,False,False,False,False,0.0,0.0,0.0,0.0,0.0,0.0,0.0,0.0,0.0,0.0,0.0,0.0,0.0,0.0,0.0,0.0,0.0,0.0,0.0,0.0,0.0,0.0,0.0,0.0,0.0,0.0,0.0,0.0,0.0,0.0,0.0,0.0,0.0,0.0,0.0,0.0,0.0,0.0,0.0,0.0,0.0,0.0,0.0,0.0,0.0,0.0,0.0,0.0
2024-08-20,0,SANDHSYD_SH_5C,True,True,True,True,True,True,True,True,True,True,True,True,True,True,True,True,True,True,True,True,True,True,True,True,57.3,57.3,57.3,57.3,57.3,57.3,191.0,57.3,57.3,57.3,57.3,57.3,191.0,191.0,191.0,191.0,191.0,191.0,191.0,191.0,191.0,191.0,191.0,57.3,133.7,133.7,133.7,133.7,133.7,133.7,0.0,133.7,133.7,133.7,133.7,133.7,0.0,0.0,0.0,0.0,0.0,0.0,0.0,0.0,0.0,0.0,0.0,133.7
2024-08-20,0,SILASRAY_SILAS_10,False,False,False,False,False,False,False,False,False,False,False,False,False,False,False,False,False,False,False,False,False,False,False,False,0.0,0.0,0.0,0.0,0.0,0.0,0.0,0.0,0.0,0.0,0.0,0.0,0.0,0.0,0.0,0.0,0.0,0.0,0.0,0.0,0.0,0.0,0.0,0.0,0.0,0.0,0.0,0.0,0.0,0.0,0.0,0.0,0.0,0.0,0.0,0.0,0.0,0.0,0.0,0.0,0.0,0.0,0.0,0.0,0.0,0.0,0.0,0.0
2024-08-20,0,SILASRAY_SILAS_9,True,True,True,True,True,True,True,True,True,True,True,True,True,True,True,True,True,True,True,True,True,True,True,True,15.0,15.0,15.0,15.0,15.0,15.0,15.0,15.0,15.0,15.0,15.0,15.0,15.0,15.0,15.0,15.0,15.0,15.0,15.0,50.0,50.0,15.0,15.0,15.0,35.0,35.0,35.0,35.0,35.0,35.0,35.0,35.0,35.0,35.0,35.0,35.0,35.0,35.0,35.0,35.0,35.0,35.0,35.0,0.0,0.0,35.0,35.0,35.0
2024-08-20,0,SILASRAY_SILAS_6,True,True,True,True,True,True,True,True,True,True,True,True,True,True,True,True,True,True,True,True,True,True,True,False,7.5,7.5,7.5,7.5,7.5,7.5,7.5,7.5,7.5,7.5,7.5,7.5,7.5,7.5,7.5,7.5,7.5,7.5,7.5,25.0,25.0,7.5,7.5,0.0,17.5,17.5,17.5,17.5,17.5,17.5,17.5,17.5,17.5,17.5,17.5,17.5,17.5,17.5,17.5,17.5,17.5,17.5,17.5,0.0,0.0,17.5,0.0,0.0
2024-08-20,0,GIDEON_GIDEONG1,False,False,False,False,False,False,False,False,False,False,False,False,False,False,False,False,False,False,False,False,False,False,False,False,0.0,0.0,0.0,0.0,0.0,0.0,0.0,0.0,0.0,0.0,0.0,0.0,0.0,0.0,0.0,0.0,0.0,0.0,0.0,0.0,0.0,0.0,0.0,0.0,0.0,0.0,0.0,0.0,0.0,0.0,0.0,0.0,0.0,0.0,0.0,0.0,0.0,0.0,0.0,0.0,0.0,0.0,0.0,0.0,0.0,0.0,0.0,0.0
2024-08-20,0,GIDEON_GIDEONG2,False,False,False,False,False,False,False,False,False,False,False,False,False,False,False,False,False,False,False,False,False,False,False,False,0.0,0.0,0.0,0.0,0.0,0.0,0.0,0.0,0.0,0.0,0.0,0.0,0.0,0.0,0.0,0.0,0.0,0.0,0.0,0.0,0.0,0.0,0.0,0.0,0.0,0.0,0.0,0.0,0.0,0.0,0.0,0.0,0.0,0.0,0.0,0.0,0.0,0.0,0.0,0.0,0.0,0.0,0.0,0.0,0.0,0.0,0.0,0.0
2024-08-20,0,GIDEON_GIDEONG3,False,False,False,False,False,False,False,False,False,False,False,False,False,False,False,False,False,False,False,False,False,False,False,False,0.0,0.0,0.0,0.0,0.0,0.0,0.0,0.0,0.0,0.0,0.0,0.0,0.0,0.0,0.0,0.0,0.0,0.0,0.0,0.0,0.0,0.0,0.0,0.0,0.0,0.0,0.0,0.0,0.0,0.0,0.0,0.0,0.0,0.0,0.0,0.0,0.0,0.0,0.0,0.0,0.0,0.0,0.0,0.0,0.0,0.0,0.0,0.0
2024-08-20,0,SKY1_SKY1A,False,False,False,False,False,False,False,False,False,False,False,False,False,False,False,False,False,False,False,False,False,False,False,False,0.0,0.0,0.0,0.0,0.0,0.0,0.0,0.0,0.0,0.0,0.0,0.0,0.0,0.0,0.0,0.0,0.0,0.0,0.0,0.0,0.0,0.0,0.0,0.0,0.0,0.0,0.0,0.0,0.0,0.0,0.0,0.0,0.0,0.0,0.0,0.0,0.0,0.0,0.0,0.0,0.0,0.0,0.0,0.0,0.0,0.0,0.0,0.0
2024-08-20,0,SKY1_SKY1B,False,False,False,False,False,False,False,False,False,False,False,False,False,False,False,False,False,False,False,False,False,False,False,False,0.0,0.0,0.0,0.0,0.0,0.0,0.0,0.0,0.0,0.0,0.0,0.0,0.0,0.0,0.0,0.0,0.0,0.0,0.0,0.0,0.0,0.0,0.0,0.0,0.0,0.0,0.0,0.0,0.0,0.0,0.0,0.0,0.0,0.0,0.0,0.0,0.0,0.0,0.0,0.0,0.0,0.0,0.0,0.0,0.0,0.0,0.0,0.0
2024-08-20,0,SPNCER_SPNCE_4,False,False,False,False,False,False,False,False,False,False,False,False,True,True,True,True,True,True,True,True,True,True,False,False,0.0,0.0,0.0,0.0,0.0,0.0,0.0,0.0,0.0,0.0,0.0,0.0,18.3,61.0,61.0,61.0,61.0,61.0,61.0,61.0,61.0,18.3,0.0,0.0,0.0,0.0,0.0,0.0,0.0,0.0,0.0,0.0,0.0,0.0,0.0,0.0,0.0,0.0,0.0,0.0,0.0,0.0,0.0,0.0,0.0,0.0,0.0,0.0
2024-08-20,0,SPNCER_SPNCE_5,False,False,False,False,False,False,False,False,False,False,False,False,True,True,True,True,True,True,True,True,True,True,False,False,0.0,0.0,0.0,0.0,0.0,0.0,0.0,0.0,0.0,0.0,0.0,0.0,19.5,65.0,65.0,65.0,65.0,65.0,65.0,65.0,65.0,19.5,0.0,0.0,0.0,0.0,0.0,0.0,0.0,0.0,0.0,0.0,0.0,0.0,0.0,0.0,0.0,0.0,0.0,0.0,0.0,0.0,0.0,0.0,0.0,0.0,0.0,0.0
2024-08-20,0,SCSES_UNIT1A,False,False,False,False,False,False,False,False,False,False,False,False,False,False,False,False,False,False,False,False,False,False,False,False,0.0,0.0,0.0,0.0,0.0,0.0,0.0,0.0,0.0,0.0,0.0,0.0,0.0,0.0,0.0,0.0,0.0,0.0,0.0,0.0,0.0,0.0,0.0,0.0,0.0,0.0,0.0,0.0,0.0,0.0,0.0,0.0,0.0,0.0,0.0,0.0,0.0,0.0,0.0,0.0,0.0,0.0,0.0,0.0,0.0,0.0,0.0,0.0
2024-08-20,0,SCSES_UNIT2,False,False,False,False,False,False,False,False,False,False,False,False,False,False,False,False,False,False,False,False,False,False,False,False,0.0,0.0,0.0,0.0,0.0,0.0,0.0,0.0,0.0,0.0,0.0,0.0,0.0,0.0,0.0,0.0,0.0,0.0,0.0,0.0,0.0,0.0,0.0,0.0,0.0,0.0,0.0,0.0,0.0,0.0,0.0,0.0,0.0,0.0,0.0,0.0,0.0,0.0,0.0,0.0,0.0,0.0,0.0,0.0,0.0,0.0,0.0,0.0
2024-08-20,0,THW_THWGT_1,False,False,False,False,False,False,False,False,False,False,False,False,False,False,True,True,True,True,True,True,True,True,False,False,0.0,0.0,0.0,0.0,0.0,0.0,0.0,0.0,0.0,0.0,0.0,0.0,0.0,0.0,1.63,1.63,1.63,1.63,1.63,1.63,1.63,1.63,0.0,0.0,0.0,0.0,0.0,0.0,0.0,0.0,0.0,0.0,0.0,0.0,0.0,0.0,0.0,0.0,0.0,14.67,14.67,14.67,14.67,14.67,14.67,0.0,0.0,0.0
2024-08-20,0,THW_THWGT31,True,True,True,False,False,False,False,False,False,False,True,True,True,True,True,True,True,True,True,True,True,True,True,True,15.39,15.39,15.39,0.0,0.0,0.0,0.0,0.0,0.0,0.0,15.39,51.3,51.3,51.3,51.3,51.3,51.3,51.3,51.3,51.3,51.3,51.3,51.3,51.3,35.91,35.91,0.0,0.0,0.0,0.0,0.0,0.0,0.0,0.0,0.0,0.0,0.0,0.0,0.0,0.0,0.0,0.0,0.0,0.0,0.0,0.0,0.0,0.0
2024-08-20,0,THW_THWGT32,True,True,True,False,False,False,False,False,False,False,True,True,True,True,True,True,True,True,True,True,True,True,True,True,15.39,15.39,15.39,0.0,0.0,0.0,0.0,0.0,0.0,0.0,15.39,51.3,51.3,51.3,51.3,51.3,51.3,51.3,51.3,51.3,51.3,51.3,51.3,15.39,35.91,35.91,0.0,0.0,0.0,0.0,0.0,0.0,0.0,0.0,0.0,0.0,0.0,0.0,0.0,0.0,0.0,0.0,0.0,0.0,0.0,0.0,0.0,35.91
2024-08-20,0,THW_THWGT33,True,True,True,False,False,False,False,False,False,False,True,True,True,True,True,True,True,True,True,True,True,True,True,True,15.39,15.39,15.39,0.0,0.0,0.0,0.0,0.0,0.0,0.0,15.39,51.3,51.3,51.3,51.3,51.3,51.3,51.3,51.3,51.3,51.3,51.3,51.3,15.39,35.91,35.91,0.0,0.0,0.0,0.0,0.0,0.0,0.0,0.0,0.0,-0.0,0.0,0.0,0.0,0.0,0.0,0.0,0.0,0.0,0.0,0.0,0.0,35.91
2024-08-20,0,THW_THWGT34,True,True,True,False,False,False,False,False,False,False,True,True,True,True,True,True,True,True,True,True,True,True,True,True,15.39,15.39,15.39,0.0,0.0,0.0,0.0,0.0,0.0,0.0,15.39,51.3,51.3,51.3,51.3,51.3,51.3,51.3,51.3,51.3,51.3,51.3,51.3,15.39,35.91,35.91,0.0,0.0,0.0,0.0,0.0,0.0,0.0,0.0,0.0,-0.0,0.0,0.0,0.0,0.0,-0.0,0.0,0.0,0.0,0.0,0.0,0.0,35.91
2024-08-20,0,THW_THWGT41,True,True,True,False,False,False,False,False,False,False,True,True,True,True,True,True,True,True,True,True,True,True,True,True,15.39,15.39,15.39,0.0,0.0,0.0,0.0,0.0,0.0,0.0,15.39,51.3,51.3,51.3,51.3,51.3,51.3,51.3,51.3,51.3,51.3,51.3,51.3,15.39,35.91,35.91,0.0,0.0,0.0,0.0,0.0,0.0,0.0,0.0,0.0,0.0,0.0,0.0,0.0,0.0,0.0,0.0,0.0,0.0,0.0,0.0,0.0,35.91
2024-08-20,0,THW_THWGT42,True,True,True,False,False,False,False,False,False,False,True,True,True,True,True,True,True,True,True,True,True,True,True,True,15.39,15.39,15.39,0.0,0.0,0.0,0.0,0.0,0.0,0.0,15.39,51.3,51.3,51.3,51.3,51.3,51.3,51.3,51.3,51.3,51.3,51.3,51.3,51.3,35.91,35.91,0.0,0.0,0.0,0.0,0.0,0.0,0.0,0.0,0.0,0.0,0.0,0.0,0.0,0.0,0.0,0.0,0.0,0.0,0.0,0.0,0.0,0.0
2024-08-20,0,THW_THWGT43,True,True,True,True,True,True,True,True,True,True,True,True,True,True,True,True,True,True,True,True,True,True,True,True,18.6,18.6,18.6,18.6,18.6,18.6,18.6,18.6,18.6,18.6,18.6,62.0,62.0,62.0,62.0,62.0,62.0,62.0,62.0,62.0,62.0,62.0,62.0,18.6,43.4,43.4,43.4,43.4,43.4,43.4,43.4,43.4,43.4,43.4,43.4,0.0,0.0,0.0,0.0,0.0,0.0,0.0,0.0,0.0,0.0,0.0,0.0,43.4
2024-08-20,0,THW_THWGT44,True,True,True,True,True,True,True,True,True,True,True,True,True,True,True,True,True,True,True,True,True,True,True,True,18.6,18.6,18.6,18.6,18.6,18.6,18.6,18.6,18.6,18.6,18.6,62.0,62.0,62.0,62.0,62.0,62.0,62.0,62.0,62.0,62.0,62.0,62.0,18.6,43.4,43.4,43.4,43.4,43.4,43.4,43.4,43.4,43.4,43.4,43.4,0.0,0.0,0.0,0.0,0.0,0.0,0.0,0.0,0.0,0.0,0.0,0.0,43.4
2024-08-20,0,THW_THWGT51,False,False,False,False,False,False,False,False,False,False,False,False,False,False,True,True,True,True,True,True,True,True,False,False,0.0,0.0,0.0,0.0,0.0,0.0,0.0,0.0,0.0,0.0,0.0,0.0,0.0,0.0,8.5,8.5,8.5,8.5,8.5,8.5,8.5,8.5,0.0,0.0,0.0,0.0,0.0,0.0,0.0,0.0,0.0,0.0,0.0,0.0,0.0,0.0,0.0,0.0,0.0,76.5,76.5,76.5,76.5,76.5,76.5,0.0,0.0,0.0
2024-08-20,0,THW_THWGT52,False,False,False,False,False,False,False,False,False,False,False,False,False,False,True,True,True,True,True,True,True,True,False,False,0.0,0.0,0.0,0.0,0.0,0.0,0.0,0.0,0.0,0.0,0.0,0.0,0.0,0.0,8.5,8.5,8.5,8.5,8.5,8.5,8.5,8.5,0.0,0.0,0.0,0.0,0.0,0.0,0.0,0.0,0.0,0.0,0.0,0.0,0.0,0.0,0.0,0.0,0.0,76.5,76.5,76.5,76.5,76.5,76.5,0.0,0.0,0.0
2024-08-20,0,THW_THWGT53,False,False,False,False,False,False,False,False,False,False,False,False,False,False,True,True,True,True,True,True,True,True,False,False,0.0,0.0,0.0,0.0,0.0,0.0,0.0,0.0,0.0,0.0,0.0,0.0,0.0,0.0,8.5,8.5,8.5,8.5,8.5,8.5,8.5,8.5,0.0,0.0,0.0,0.0,0.0,0.0,0.0,0.0,0.0,0.0,0.0,0.0,0.0,0.0,0.0,0.0,0.0,76.5,76.5,76.5,76.5,76.5,76.5,0.0,0.0,0.0
2024-08-20,0,THW_THWGT54,False,False,False,False,False,False,False,False,False,False,False,False,False,False,True,True,True,True,True,True,True,True,False,False,0.0,0.0,0.0,0.0,0.0,0.0,0.0,0.0,0.0,0.0,0.0,0.0,0.0,0.0,8.5,8.5,8.5,8.5,8.5,8.5,8.5,8.5,0.0,0.0,0.0,0.0,0.0,0.0,0.0,0.0,0.0,0.0,0.0,0.0,0.0,0.0,0.0,0.0,0.0,76.5,76.5,76.5,76.5,76.5,76.5,0.0,0.0,0.0
2024-08-20,0,THW_THWGT55,False,False,False,False,False,False,False,False,False,False,False,False,False,False,True,True,True,True,True,True,True,True,False,False,0.0,0.0,0.0,0.0,0.0,0.0,0.0,0.0,0.0,0.0,0.0,0.0,0.0,0.0,8.5,8.5,8.5,8.5,8.5,8.5,8.5,8.5,0.0,0.0,0.0,0.0,0.0,0.0,0.0,0.0,0.0,0.0,0.0,0.0,0.0,0.0,0.0,0.0,0.0,76.5,76.5,76.5,76.5,76.5,76.5,0.0,0.0,0.0
2024-08-20,0,THW_THWGT56,False,False,False,False,False,False,False,False,False,False,False,False,False,False,True,True,True,True,True,True,True,True,False,False,0.0,0.0,0.0,0.0,0.0,0.0,0.0,0.0,0.0,0.0,0.0,0.0,0.0,0.0,8.5,8.5,8.5,8.5,8.5,8.5,8.5,8.5,0.0,0.0,0.0,0.0,0.0,0.0,0.0,0.0,0.0,0.0,0.0,0.0,0.0,0.0,0.0,0.0,0.0,76.5,76.5,76.5,76.5,76.5,76.5,0.0,0.0,0.0
2024-08-20,0,THW_THWST_3,True,True,True,True,True,True,True,True,True,True,True,True,True,True,True,True,True,True,True,True,True,True,True,True,33.93,33.93,33.93,33.93,33.93,33.93,33.93,33.93,33.93,33.93,33.93,113.1,113.1,113.1,113.1,113.1,113.1,113.1,113.1,113.1,113.1,113.1,113.1,113.1,79.17,79.17,79.17,79.17,79.17,79.17,79.17,79.17,79.17,79.17,79.17,0.0,0.0,0.0,0.0,0.0,0.0,0.0,0.0,0.0,0.0,0.0,0.0,0.0
2024-08-20,0,THW_THWST_4,True,True,True,True,True,True,True,True,True,True,True,True,True,True,True,True,True,True,True,True,True,True,True,True,33.93,33.93,33.93,33.93,33.93,33.93,33.93,33.93,33.93,33.93,33.93,113.1,113.1,113.1,113.1,113.1,113.1,113.1,113.1,113.1,113.1,113.1,113.1,33.93,79.17,79.17,79.17,79.17,79.17,79.17,79.17,79.17,79.17,79.17,79.17,0.0,0.0,0.0,0.0,0.0,0.0,0.0,0.0,0.0,0.0,0.0,0.0,79.17
2024-08-20,0,TXCTY_CTA,True,True,True,True,True,True,True,True,True,True,True,True,True,True,True,True,True,True,True,True,True,True,True,True,129.1,129.1,129.1,43.4787,129.1,129.1,129.1,38.73,38.73,129.1,129.1,129.1,129.1,129.1,129.1,129.1,129.1,129.1,129.1,129.1,129.1,129.1,129.1,129.1,0.0,0.0,0.0,85.6213,0.0,0.0,0.0,90.37,90.37,0.0,0.0,0.0,0.0,0.0,0.0,0.0,0.0,0.0,0.0,0.0,0.0,0.0,0.0,0.0
2024-08-20,0,TXCTY_CTB,True,True,True,True,True,True,True,True,True,True,True,True,True,True,True,True,True,True,True,True,True,True,True,True,129.1,129.1,129.1,129.1,91.3654,129.1,129.1,38.73,38.73,129.1,129.1,129.1,129.1,129.1,129.1,129.1,129.1,129.1,129.1,129.1,129.1,129.1,129.1,129.1,0.0,0.0,0.0,0.0,37.7346,0.0,0.0,90.37,90.37,0.0,0.0,0.0,0.0,0.0,0.0,0.0,0.0,0.0,0.0,0.0,0.0,0.0,0.0,0.0
2024-08-20,0,TXCTY_CTC,True,True,True,True,True,True,True,True,True,True,True,True,True,True,True,True,True,True,True,True,True,True,True,True,129.1,129.1,129.1,129.1,129.1,129.1,129.1,38.73,57.7013,73.0949,84.6693,129.1,129.1,129.1,129.1,129.1,129.1,129.1,129.1,129.1,129.1,129.1,129.1,129.1,0.0,0.0,0.0,0.0,0.0,0.0,0.0,90.37,71.3987,56.0051,44.4307,0.0,0.0,0.0,0.0,0.0,0.0,0.0,0.0,0.0,0.0,0.0,0.0,0.0
2024-08-20,0,TXCTY_ST,True,True,True,True,True,True,True,True,True,True,True,True,True,True,True,True,True,True,True,True,True,True,True,True,143.7,143.7,143.7,143.7,43.11,143.7,143.7,43.11,43.11,143.7,43.11,143.7,143.7,143.7,143.7,143.7,143.7,143.7,143.7,143.7,143.7,143.7,143.7,143.7,0.0,0.0,0.0,0.0,100.59,0.0,0.0,100.59,100.59,0.0,100.59,0.0,0.0,0.0,0.0,0.0,0.0,0.0,0.0,0.0,0.0,0.0,0.0,0.0
2024-08-20,0,TGS_GT01,False,False,False,False,False,False,False,False,False,False,False,False,False,False,False,False,False,False,False,False,False,False,False,False,0.0,0.0,0.0,0.0,0.0,0.0,0.0,0.0,0.0,0.0,0.0,0.0,0.0,0.0,0.0,0.0,0.0,0.0,0.0,0.0,0.0,0.0,0.0,0.0,0.0,0.0,0.0,0.0,0.0,0.0,0.0,0.0,0.0,0.0,0.0,0.0,0.0,0.0,0.0,0.0,0.0,0.0,0.0,0.0,0.0,0.0,0.0,0.0
2024-08-20,0,TIMPP_AGR1,False,False,False,False,False,False,False,False,False,False,False,False,False,False,False,False,False,False,False,False,False,False,False,False,0.0,0.0,0.0,0.0,0.0,0.0,0.0,0.0,0.0,0.0,0.0,0.0,0.0,0.0,0.0,0.0,0.0,0.0,0.0,0.0,0.0,0.0,0.0,0.0,0.0,0.0,0.0,0.0,0.0,0.0,0.0,0.0,0.0,0.0,0.0,0.0,0.0,0.0,0.0,0.0,0.0,0.0,0.0,0.0,0.0,0.0,0.0,0.0
2024-08-20,0,TIMPP_AGR2,False,False,False,False,False,False,False,False,False,False,False,False,False,False,False,False,False,False,False,False,False,False,False,False,0.0,0.0,0.0,0.0,0.0,0.0,0.0,0.0,0.0,0.0,0.0,0.0,0.0,0.0,0.0,0.0,0.0,0.0,0.0,0.0,0.0,0.0,0.0,0.0,0.0,0.0,0.0,0.0,0.0,0.0,0.0,0.0,0.0,0.0,0.0,0.0,0.0,0.0,0.0,0.0,0.0,0.0,0.0,0.0,0.0,0.0,0.0,0.0
2024-08-20,0,TIMPP_AGR3,False,False,False,False,False,False,False,False,False,False,False,False,False,False,False,False,False,False,False,False,False,False,False,False,0.0,0.0,0.0,0.0,0.0,0.0,0.0,0.0,0.0,0.0,0.0,0.0,0.0,0.0,0.0,0.0,0.0,0.0,0.0,0.0,0.0,0.0,0.0,0.0,0.0,0.0,0.0,0.0,0.0,0.0,0.0,0.0,0.0,0.0,0.0,0.0,0.0,0.0,0.0,0.0,0.0,0.0,0.0,0.0,0.0,0.0,0.0,0.0
2024-08-20,0,TIMPP_AGR4,False,False,False,False,False,False,False,False,False,False,False,False,False,False,False,False,False,False,False,False,False,False,False,False,0.0,0.0,0.0,0.0,0.0,0.0,0.0,0.0,0.0,0.0,0.0,0.0,0.0,0.0,0.0,0.0,0.0,0.0,0.0,0.0,0.0,0.0,0.0,0.0,0.0,0.0,0.0,0.0,0.0,0.0,0.0,0.0,0.0,0.0,0.0,0.0,0.0,0.0,0.0,0.0,0.0,0.0,0.0,0.0,0.0,0.0,0.0,0.0
2024-08-20,0,TRSES_UNIT6,False,False,False,False,False,False,False,False,False,False,False,False,False,False,False,False,False,False,False,False,False,False,False,False,0.0,0.0,0.0,0.0,0.0,0.0,0.0,0.0,0.0,0.0,0.0,0.0,0.0,0.0,0.0,0.0,0.0,0.0,0.0,0.0,0.0,0.0,0.0,0.0,0.0,0.0,0.0,0.0,0.0,0.0,0.0,0.0,0.0,0.0,0.0,0.0,0.0,0.0,0.0,0.0,0.0,0.0,0.0,0.0,0.0,0.0,0.0,0.0
2024-08-20,0,TOPAZ_UNIT1,False,False,False,False,False,False,False,False,False,False,False,False,False,True,True,True,True,True,True,True,True,True,False,False,0.0,0.0,0.0,0.0,0.0,0.0,0.0,0.0,0.0,0.0,0.0,0.0,0.0,6.05,6.05,6.05,60.5,60.5,60.5,60.5,6.05,6.05,0.0,0.0,0.0,0.0,0.0,0.0,0.0,0.0,0.0,0.0,0.0,0.0,0.0,0.0,0.0,0.0,54.45,54.45,0.0,0.0,0.0,0.0,54.45,0.0,0.0,0.0
2024-08-20,0,TOPAZ_UNIT2,False,False,False,False,False,False,False,False,False,False,False,False,False,True,True,True,True,True,True,True,True,True,False,False,0.0,0.0,0.0,0.0,0.0,0.0,0.0,0.0,0.0,0.0,0.0,0.0,0.0,6.05,6.05,6.05,60.5,60.5,60.5,60.5,6.05,6.05,0.0,0.0,0.0,0.0,0.0,0.0,0.0,0.0,0.0,0.0,0.0,0.0,0.0,0.0,0.0,0.0,54.45,54.45,0.0,0.0,0.0,0.0,54.45,0.0,0.0,0.0
2024-08-20,0,TOPAZ_UNIT3,False,False,False,False,False,False,False,False,False,False,False,False,False,True,True,True,True,True,True,True,True,True,False,False,0.0,0.0,0.0,0.0,0.0,0.0,0.0,0.0,0.0,0.0,0.0,0.0,0.0,6.05,6.05,6.05,60.5,60.5,60.5,60.5,6.05,6.05,0.0,0.0,0.0,0.0,0.0,0.0,0.0,0.0,0.0,0.0,0.0,0.0,0.0,0.0,0.0,0.0,54.45,54.45,0.0,0.0,0.0,0.0,54.45,0.0,0.0,0.0
2024-08-20,0,TOPAZ_UNIT4,False,False,False,False,False,False,False,False,False,False,False,False,False,True,True,True,True,True,True,True,True,True,False,False,0.0,0.0,0.0,0.0,0.0,0.0,0.0,0.0,0.0,0.0,0.0,0.0,0.0,6.05,6.05,60.5,6.05,60.5,60.5,60.5,6.05,6.05,0.0,0.0,0.0,0.0,0.0,0.0,0.0,0.0,0.0,0.0,0.0,0.0,0.0,0.0,0.0,0.0,54.45,0.0,54.45,0.0,0.0,0.0,54.45,0.0,0.0,0.0
2024-08-20,0,TOPAZ_UNIT5,False,False,False,False,False,False,False,False,False,False,False,False,False,True,True,True,True,True,True,True,True,True,False,False,0.0,0.0,0.0,0.0,0.0,0.0,0.0,0.0,0.0,0.0,0.0,0.0,0.0,6.05,6.05,6.05,6.05,6.05,6.05,60.5,6.05,6.05,0.0,0.0,0.0,0.0,0.0,0.0,0.0,0.0,0.0,0.0,0.0,0.0,0.0,0.0,0.0,0.0,54.45,54.45,54.45,54.45,54.45,0.0,54.45,0.0,0.0,0.0
2024-08-20,0,TOPAZ_UNIT6,False,False,False,False,False,False,False,False,False,False,False,False,False,True,True,True,True,True,True,True,True,True,False,False,0.0,0.0,0.0,0.0,0.0,0.0,0.0,0.0,0.0,0.0,0.0,0.0,0.0,6.05,6.05,6.05,60.5,60.5,60.5,60.5,6.05,6.05,0.0,0.0,0.0,0.0,0.0,0.0,0.0,0.0,0.0,0.0,0.0,0.0,0.0,0.0,0.0,0.0,54.45,54.45,0.0,0.0,0.0,0.0,54.45,0.0,0.0,0.0
2024-08-20,0,TOPAZ_UNIT7,False,False,False,False,False,False,False,False,False,False,False,False,False,True,True,True,True,True,True,True,True,True,False,False,0.0,0.0,0.0,0.0,0.0,0.0,0.0,0.0,0.0,0.0,0.0,0.0,0.0,6.05,6.05,6.05,60.5,60.5,6.05,60.5,6.05,6.05,0.0,0.0,0.0,0.0,0.0,0.0,0.0,0.0,0.0,0.0,0.0,0.0,0.0,0.0,0.0,0.0,54.45,54.45,0.0,0.0,54.45,0.0,54.45,0.0,0.0,0.0
2024-08-20,0,TOPAZ_UNIT8,False,False,False,False,False,False,False,False,False,False,False,False,False,True,True,True,True,True,True,True,True,True,False,False,0.0,0.0,0.0,0.0,0.0,0.0,0.0,0.0,0.0,0.0,0.0,0.0,0.0,6.05,6.05,60.5,60.5,60.5,60.5,60.5,6.05,6.05,0.0,0.0,0.0,0.0,0.0,0.0,0.0,0.0,0.0,0.0,0.0,0.0,0.0,0.0,0.0,0.0,54.45,0.0,0.0,0.0,0.0,0.0,54.45,0.0,0.0,0.0
2024-08-20,0,TOPAZ_UNIT9,False,False,False,False,False,False,False,False,False,False,False,False,False,True,True,True,True,True,True,True,True,True,False,False,0.0,0.0,0.0,0.0,0.0,0.0,0.0,0.0,0.0,0.0,0.0,0.0,0.0,6.05,6.05,6.05,60.5,60.5,6.05,60.5,6.05,6.05,0.0,0.0,0.0,0.0,0.0,0.0,0.0,0.0,0.0,0.0,0.0,0.0,0.0,0.0,0.0,0.0,54.45,54.45,0.0,0.0,54.45,0.0,54.45,0.0,0.0,0.0
2024-08-20,0,TOPAZ_UNIT10,False,False,False,False,False,False,False,False,False,False,False,False,False,True,True,True,True,True,True,True,True,True,False,False,0.0,0.0,0.0,0.0,0.0,0.0,0.0,0.0,0.0,0.0,0.0,0.0,0.0,6.05,6.05,60.5,6.05,60.5,26.2534,6.05,6.05,6.05,0.0,0.0,0.0,0.0,0.0,0.0,0.0,0.0,0.0,0.0,0.0,0.0,0.0,0.0,0.0,0.0,54.45,0.0,54.45,0.0,34.2466,54.45,54.45,0.0,0.0,0.0
2024-08-20,0,BRAUNIG_VHB6CT5,False,False,False,False,False,False,False,False,False,False,False,False,False,False,False,False,False,False,False,False,False,False,False,False,0.0,0.0,0.0,0.0,0.0,0.0,0.0,0.0,0.0,0.0,0.0,0.0,0.0,0.0,0.0,0.0,0.0,0.0,0.0,0.0,0.0,0.0,0.0,0.0,0.0,0.0,0.0,0.0,0.0,0.0,0.0,0.0,0.0,0.0,0.0,0.0,0.0,0.0,0.0,0.0,0.0,0.0,0.0,0.0,0.0,0.0,0.0,0.0
2024-08-20,0,BRAUNIG_VHB6CT6,False,False,False,False,False,False,False,False,False,False,False,False,False,False,False,False,False,False,False,False,False,False,False,False,0.0,0.0,0.0,0.0,0.0,0.0,0.0,0.0,0.0,0.0,0.0,0.0,0.0,0.0,0.0,0.0,0.0,0.0,0.0,0.0,0.0,0.0,0.0,0.0,0.0,0.0,0.0,0.0,0.0,0.0,0.0,0.0,0.0,0.0,0.0,0.0,0.0,0.0,0.0,0.0,0.0,0.0,0.0,0.0,0.0,0.0,0.0,0.0
2024-08-20,0,BRAUNIG_VHB6CT7,False,False,False,False,False,False,False,False,False,False,False,False,False,False,False,False,False,False,False,False,False,False,False,False,0.0,0.0,0.0,0.0,0.0,0.0,0.0,0.0,0.0,0.0,0.0,0.0,0.0,0.0,0.0,0.0,0.0,0.0,0.0,0.0,0.0,0.0,0.0,0.0,0.0,0.0,0.0,0.0,0.0,0.0,0.0,0.0,0.0,0.0,0.0,0.0,0.0,0.0,0.0,0.0,0.0,0.0,0.0,0.0,0.0,0.0,0.0,0.0
2024-08-20,0,BRAUNIG_VHB6CT8,False,False,False,False,False,False,False,False,False,False,False,False,False,False,False,False,False,False,False,False,False,False,False,False,0.0,0.0,0.0,0.0,0.0,0.0,0.0,0.0,0.0,0.0,0.0,0.0,0.0,0.0,0.0,0.0,0.0,0.0,0.0,0.0,0.0,0.0,0.0,0.0,0.0,0.0,0.0,0.0,0.0,0.0,0.0,0.0,0.0,0.0,0.0,0.0,0.0,0.0,0.0,0.0,0.0,0.0,0.0,0.0,0.0,0.0,0.0,0.0
2024-08-20,0,CITYVICT_CTG01,False,False,False,False,False,False,False,False,False,False,False,False,False,False,False,False,False,False,False,False,False,False,False,False,0.0,0.0,0.0,0.0,0.0,0.0,0.0,0.0,0.0,0.0,0.0,0.0,0.0,0.0,0.0,0.0,0.0,0.0,0.0,0.0,0.0,0.0,0.0,0.0,0.0,0.0,0.0,0.0,0.0,0.0,0.0,0.0,0.0,0.0,0.0,0.0,0.0,0.0,0.0,0.0,0.0,0.0,0.0,0.0,0.0,0.0,0.0,0.0
2024-08-20,0,CITYVICT_CTG02,False,False,False,False,False,False,False,False,False,False,False,False,False,False,False,False,False,False,False,False,False,False,False,False,0.0,0.0,0.0,0.0,0.0,0.0,0.0,0.0,0.0,0.0,0.0,0.0,0.0,0.0,0.0,0.0,0.0,0.0,0.0,0.0,0.0,0.0,0.0,0.0,0.0,0.0,0.0,0.0,0.0,0.0,0.0,0.0,0.0,0.0,0.0,0.0,0.0,0.0,0.0,0.0,0.0,0.0,0.0,0.0,0.0,0.0,0.0,0.0
2024-08-20,0,VICTPORT_CTG01,False,False,False,False,False,False,False,False,False,False,False,False,False,False,False,False,False,False,False,False,False,False,False,False,0.0,0.0,0.0,0.0,0.0,0.0,0.0,0.0,0.0,0.0,0.0,0.0,0.0,0.0,0.0,0.0,0.0,0.0,0.0,0.0,0.0,0.0,0.0,0.0,0.0,0.0,0.0,0.0,0.0,0.0,0.0,0.0,0.0,0.0,0.0,0.0,0.0,0.0,0.0,0.0,0.0,0.0,0.0,0.0,0.0,0.0,0.0,0.0
2024-08-20,0,VICTPORT_CTG02,False,False,False,False,False,False,False,False,False,False,False,False,False,False,False,False,False,False,False,False,False,False,False,False,0.0,0.0,0.0,0.0,0.0,0.0,0.0,0.0,0.0,0.0,0.0,0.0,0.0,0.0,0.0,0.0,0.0,0.0,0.0,0.0,0.0,0.0,0.0,0.0,0.0,0.0,0.0,0.0,0.0,0.0,0.0,0.0,0.0,0.0,0.0,0.0,0.0,0.0,0.0,0.0,0.0,0.0,0.0,0.0,0.0,0.0,0.0,0.0
2024-08-20,0,VICTORIA_VICTORG6,True,False,False,False,False,False,False,False,False,False,True,True,True,True,True,True,True,True,True,True,True,True,True,True,59.07,0.0,0.0,0.0,0.0,0.0,0.0,0.0,0.0,0.0,59.07,59.07,59.07,59.07,59.07,59.07,59.07,59.07,59.07,196.9,59.07,59.07,59.07,59.07,0.0,0.0,0.0,0.0,0.0,0.0,0.0,0.0,0.0,0.0,0.0,137.83,137.83,137.83,137.83,137.83,137.83,137.83,137.83,0.0,137.83,137.83,137.83,137.83
2024-08-20,0,VICTORIA_VICTORG5,False,False,False,False,True,True,True,True,True,True,True,True,True,True,True,True,True,True,True,True,True,True,True,True,0.0,0.0,0.0,0.0,54.06,54.06,54.06,54.06,54.06,54.06,54.06,54.06,54.06,54.06,54.06,54.06,54.06,54.06,54.06,180.2,54.06,54.06,54.06,54.06,0.0,0.0,0.0,0.0,0.0,126.14,126.14,126.14,126.14,126.14,126.14,126.14,126.14,126.14,126.14,126.14,126.14,126.14,126.14,0.0,126.14,126.14,126.14,126.14
2024-08-20,0,WAP_WAPGT_1,False,False,False,False,False,False,False,False,False,False,False,False,False,False,False,False,False,False,False,False,False,False,False,False,0.0,0.0,0.0,0.0,0.0,0.0,0.0,0.0,0.0,0.0,0.0,0.0,0.0,0.0,0.0,0.0,0.0,0.0,0.0,0.0,0.0,0.0,0.0,0.0,0.0,0.0,0.0,0.0,0.0,0.0,0.0,0.0,0.0,0.0,0.0,0.0,0.0,0.0,0.0,0.0,0.0,0.0,0.0,0.0,0.0,0.0,0.0,0.0
2024-08-20,0,WAP_WAP_G1,True,True,True,True,True,True,True,True,True,True,True,True,True,True,True,True,True,True,True,True,True,True,True,True,56.37,56.37,56.37,56.37,56.37,56.37,56.37,56.37,56.37,56.37,56.37,56.37,56.37,56.37,56.37,56.37,56.37,56.37,56.37,56.37,56.37,56.37,56.37,56.37,131.53,131.53,131.53,131.53,131.53,131.53,131.53,131.53,131.53,131.53,131.53,131.53,131.53,131.53,131.53,131.53,131.53,131.53,131.53,131.53,131.53,131.53,131.53,131.53
2024-08-20,0,WAP_WAP_G2,True,True,True,True,True,True,True,True,True,True,True,True,True,True,True,True,True,True,True,True,True,True,True,True,56.37,56.37,56.37,56.37,56.37,56.37,56.37,56.37,56.37,56.37,56.37,56.37,56.37,56.37,56.37,56.37,56.37,56.37,56.37,56.37,56.37,56.37,56.37,56.37,131.53,131.53,131.53,131.53,131.53,131.53,131.53,131.53,131.53,131.53,131.53,131.53,131.53,131.53,131.53,131.53,131.53,131.53,131.53,131.53,131.53,131.53,131.53,131.53
2024-08-20,0,WAP_WAP_G3,True,True,True,True,True,True,True,True,True,True,True,True,True,True,True,True,True,True,True,True,True,True,True,True,89.76,89.76,89.76,89.76,89.76,89.76,89.76,89.76,89.76,89.76,89.76,89.76,89.76,89.76,89.76,89.76,89.76,89.76,89.76,89.76,89.76,89.76,89.76,89.76,209.44,209.44,209.44,209.44,209.44,209.44,209.44,209.44,209.44,209.44,209.44,209.44,209.44,209.44,209.44,209.44,209.44,209.44,209.44,209.44,209.44,209.44,209.44,209.44
2024-08-20,0,WAP_WAP_G4,True,True,True,True,True,True,True,True,True,True,True,True,True,True,True,True,True,True,True,True,True,True,True,True,174.15,174.15,174.15,174.15,174.15,174.15,174.15,174.15,174.15,174.15,174.15,174.15,174.15,174.15,174.15,174.15,174.15,174.15,174.15,174.15,174.15,174.15,174.15,174.15,406.35,406.35,406.35,406.35,406.35,406.35,406.35,406.35,406.35,406.35,406.35,406.35,406.35,406.35,406.35,406.35,406.35,406.35,406.35,406.35,406.35,406.35,406.35,406.35
2024-08-20,0,WFCOGEN_UNIT1,False,False,False,False,True,True,True,True,True,True,True,True,True,True,True,True,True,True,True,True,True,True,True,True,0.0,0.0,0.0,0.0,6.0,20.0,20.0,20.0,20.0,20.0,20.0,8.8832,20.0,20.0,20.0,20.0,20.0,20.0,20.0,20.0,20.0,20.0,20.0,20.0,0.0,0.0,0.0,0.0,0.0,0.0,0.0,0.0,0.0,0.0,0.0,11.1168,0.0,0.0,0.0,0.0,0.0,0.0,0.0,0.0,0.0,0.0,0.0,0.0
2024-08-20,0,WFCOGEN_UNIT2,False,False,False,False,True,True,True,True,True,True,True,True,True,True,True,True,True,True,True,True,True,True,True,True,0.0,0.0,0.0,0.0,6.0,20.0,20.0,20.0,20.0,20.0,20.0,6.0,20.0,20.0,20.0,20.0,20.0,20.0,20.0,20.0,20.0,20.0,20.0,20.0,0.0,0.0,0.0,0.0,0.0,0.0,0.0,0.0,0.0,0.0,0.0,14.0,0.0,0.0,0.0,0.0,0.0,0.0,0.0,0.0,0.0,0.0,0.0,0.0
2024-08-20,0,WFCOGEN_UNIT3,True,True,True,True,True,True,True,True,True,True,True,True,True,True,True,True,True,True,True,True,True,True,True,True,20.0,20.0,20.0,20.0,20.0,20.0,20.0,20.0,20.0,20.0,20.0,6.0,20.0,20.0,20.0,20.0,20.0,20.0,20.0,20.0,20.0,20.0,20.0,20.0,0.0,0.0,0.0,0.0,0.0,0.0,0.0,0.0,0.0,0.0,0.0,14.0,0.0,0.0,0.0,0.0,0.0,0.0,0.0,0.0,0.0,0.0,0.0,0.0
2024-08-20,0,WIPOPA_WPP_G1,False,False,False,False,False,False,False,False,False,False,False,False,False,False,False,False,False,False,False,False,False,False,False,False,0.0,0.0,0.0,0.0,0.0,0.0,0.0,0.0,0.0,0.0,0.0,0.0,0.0,0.0,0.0,0.0,0.0,0.0,0.0,0.0,0.0,0.0,0.0,0.0,0.0,0.0,0.0,0.0,0.0,0.0,0.0,0.0,0.0,0.0,0.0,0.0,0.0,0.0,0.0,0.0,0.0,0.0,0.0,0.0,0.0,0.0,0.0,0.0
2024-08-20,0,WIPOPA_WPP_G2,False,False,False,False,False,False,False,False,False,False,False,False,False,False,False,False,False,False,False,False,False,False,False,False,0.0,0.0,0.0,0.0,0.0,0.0,0.0,0.0,0.0,0.0,0.0,0.0,0.0,0.0,0.0,0.0,0.0,0.0,0.0,0.0,0.0,0.0,0.0,0.0,0.0,0.0,0.0,0.0,0.0,0.0,0.0,0.0,0.0,0.0,0.0,0.0,0.0,0.0,0.0,0.0,0.0,0.0,0.0,0.0,0.0,0.0,0.0,0.0
2024-08-20,0,WIPOPA_WPP_G3,False,False,False,False,False,False,False,False,False,False,False,False,False,False,False,False,False,False,False,False,False,False,False,False,0.0,0.0,0.0,0.0,0.0,0.0,0.0,0.0,0.0,0.0,0.0,0.0,0.0,0.0,0.0,0.0,0.0,0.0,0.0,0.0,0.0,0.0,0.0,0.0,0.0,0.0,0.0,0.0,0.0,0.0,0.0,0.0,0.0,0.0,0.0,0.0,0.0,0.0,0.0,0.0,0.0,0.0,0.0,0.0,0.0,0.0,0.0,0.0
2024-08-20,0,WIPOPA_WPP_G4,False,False,False,False,False,False,False,False,False,False,False,False,False,False,False,False,False,False,False,False,False,False,False,False,0.0,0.0,0.0,0.0,0.0,0.0,0.0,0.0,0.0,0.0,0.0,0.0,0.0,0.0,0.0,0.0,0.0,0.0,0.0,0.0,0.0,0.0,0.0,0.0,0.0,0.0,0.0,0.0,0.0,0.0,0.0,0.0,0.0,0.0,0.0,0.0,0.0,0.0,0.0,0.0,0.0,0.0,0.0,0.0,0.0,0.0,0.0,0.0
2024-08-20,0,WCPP_CT1,True,True,True,True,True,True,True,True,True,True,True,True,True,True,True,True,True,True,True,True,True,True,True,True,275.0,275.0,275.0,275.0,275.0,275.0,275.0,275.0,275.0,275.0,275.0,275.0,275.0,275.0,275.0,275.0,275.0,275.0,275.0,275.0,275.0,275.0,275.0,275.0,0.0,0.0,0.0,0.0,0.0,0.0,0.0,0.0,0.0,0.0,0.0,0.0,0.0,0.0,0.0,0.0,0.0,0.0,0.0,0.0,0.0,0.0,0.0,0.0
2024-08-20,0,WCPP_CT2,True,True,True,True,True,True,True,True,True,True,True,True,True,True,True,True,True,True,True,True,True,True,True,True,275.0,275.0,275.0,275.0,275.0,275.0,275.0,275.0,275.0,275.0,275.0,275.0,275.0,275.0,275.0,275.0,275.0,275.0,275.0,275.0,275.0,275.0,275.0,275.0,0.0,0.0,0.0,0.0,0.0,0.0,0.0,0.0,0.0,0.0,0.0,0.0,0.0,0.0,0.0,0.0,0.0,0.0,0.0,0.0,0.0,0.0,0.0,0.0
2024-08-20,0,WCPP_ST1,True,True,True,True,True,True,True,True,True,True,True,True,True,True,True,True,True,True,True,True,True,True,True,True,298.0,298.0,298.0,298.0,298.0,298.0,298.0,298.0,298.0,298.0,298.0,298.0,298.0,298.0,298.0,298.0,298.0,298.0,298.0,298.0,298.0,298.0,298.0,298.0,0.0,0.0,0.0,0.0,0.0,0.0,0.0,0.0,0.0,0.0,0.0,0.0,0.0,0.0,0.0,0.0,0.0,0.0,0.0,0.0,0.0,0.0,0.0,0.0
2024-08-20,0,WHCCS_CT1,True,True,True,True,True,True,True,True,True,True,True,True,True,True,True,True,True,True,True,True,True,True,True,True,264.5,264.5,264.5,264.5,264.5,264.5,264.5,264.5,264.5,264.5,264.5,264.5,264.5,264.5,264.5,264.5,264.5,264.5,264.5,264.5,264.5,264.5,264.5,264.5,0.0,0.0,0.0,0.0,0.0,0.0,0.0,0.0,0.0,0.0,0.0,0.0,0.0,0.0,0.0,0.0,0.0,0.0,0.0,0.0,0.0,0.0,0.0,0.0
2024-08-20,0,WHCCS_CT2,True,True,True,True,True,True,True,True,True,True,True,True,True,True,True,True,True,True,True,True,True,True,True,True,264.5,264.5,264.5,264.5,264.5,264.5,264.5,264.5,264.5,264.5,264.5,264.5,264.5,264.5,264.5,264.5,264.5,264.5,264.5,264.5,264.5,264.5,264.5,264.5,0.0,0.0,0.0,0.0,0.0,0.0,0.0,0.0,0.0,0.0,0.0,0.0,0.0,0.0,0.0,0.0,0.0,0.0,0.0,0.0,0.0,0.0,0.0,0.0
2024-08-20,0,WHCCS_STG,False,False,False,False,True,True,True,True,True,True,True,True,True,True,True,True,True,True,True,True,True,True,True,True,0.0,0.0,0.0,0.0,90.0,300.0,300.0,300.0,300.0,300.0,300.0,300.0,300.0,300.0,300.0,300.0,300.0,300.0,300.0,300.0,300.0,300.0,300.0,300.0,0.0,0.0,0.0,0.0,0.0,0.0,0.0,0.0,0.0,0.0,0.0,0.0,0.0,0.0,0.0,0.0,0.0,0.0,0.0,0.0,0.0,0.0,0.0,0.0
2024-08-20,0,WHCCS2_CT4,False,False,False,False,False,True,True,True,True,True,True,True,True,True,True,True,True,True,True,True,True,True,True,True,0.0,0.0,0.0,0.0,0.0,108.0,360.0,360.0,360.0,360.0,108.0,360.0,360.0,360.0,360.0,360.0,360.0,360.0,360.0,360.0,360.0,360.0,360.0,360.0,0.0,0.0,0.0,0.0,0.0,0.0,0.0,0.0,0.0,0.0,252.0,0.0,0.0,0.0,0.0,0.0,0.0,0.0,0.0,0.0,0.0,0.0,0.0,0.0
2024-08-20,0,WHCCS2_CT5,False,False,False,False,False,True,True,True,True,True,True,True,True,True,True,True,True,True,True,True,True,True,True,True,0.0,0.0,0.0,0.0,0.0,108.0,360.0,360.0,360.0,360.0,302.5005,360.0,360.0,360.0,360.0,360.0,360.0,360.0,360.0,360.0,360.0,360.0,360.0,360.0,0.0,0.0,0.0,0.0,0.0,0.0,0.0,0.0,0.0,0.0,57.4995,0.0,0.0,0.0,0.0,0.0,0.0,0.0,0.0,0.0,0.0,0.0,0.0,0.0
2024-08-20,0,WHCCS2_STG6,True,True,True,True,True,True,True,True,True,True,True,True,True,True,True,True,True,True,True,True,True,True,True,True,511.2,511.2,511.2,511.2,511.2,511.2,511.2,511.2,511.2,313.5586,153.36,511.2,511.2,511.2,511.2,511.2,511.2,511.2,511.2,511.2,511.2,511.2,511.2,511.2,0.0,0.0,0.0,0.0,0.0,-0.0,0.0,0.0,0.0,197.6414,357.84,0.0,0.0,0.0,0.0,0.0,0.0,0.0,0.0,0.0,0.0,0.0,0.0,0.0
2024-08-20,0,NACPW_UNIT1,False,False,False,False,False,False,False,False,False,False,False,False,False,False,False,False,False,False,False,False,False,False,False,False,0.0,0.0,0.0,0.0,0.0,0.0,0.0,0.0,0.0,0.0,0.0,0.0,0.0,0.0,0.0,0.0,0.0,0.0,0.0,0.0,0.0,0.0,0.0,0.0,0.0,0.0,0.0,0.0,0.0,0.0,0.0,0.0,0.0,0.0,0.0,0.0,0.0,0.0,0.0,0.0,0.0,0.0,0.0,0.0,0.0,0.0,0.0,0.0
2024-08-20,0,HBR_2UNITS,False,False,False,False,False,False,False,False,False,False,False,False,False,True,True,True,True,True,True,True,True,True,False,False,0.0,0.0,0.0,0.0,0.0,0.0,0.0,0.0,0.0,0.0,0.0,0.0,0.0,0.64,3.2,3.2,3.2,3.2,3.2,3.2,3.2,0.64,0.0,0.0,0.0,0.0,0.0,0.0,0.0,0.0,0.0,0.0,0.0,0.0,0.0,0.0,0.0,0.0,0.0,0.0,0.0,0.0,0.0,0.0,0.0,0.0,0.0,0.0
2024-08-20,0,TRIRA_1UNIT,False,False,False,False,False,False,False,False,False,False,False,False,False,False,False,False,False,False,False,False,False,False,False,False,0.0,0.0,0.0,0.0,0.0,0.0,0.0,0.0,0.0,0.0,0.0,0.0,0.0,0.0,0.0,0.0,0.0,0.0,0.0,0.0,0.0,0.0,0.0,0.0,0.0,0.0,0.0,0.0,0.0,0.0,0.0,0.0,0.0,0.0,0.0,0.0,0.0,0.0,0.0,0.0,0.0,0.0,0.0,0.0,0.0,0.0,0.0,0.0
2024-08-20,0,78252_4UNITS,False,False,False,False,False,False,False,False,False,False,False,False,False,False,False,False,False,False,False,False,False,False,False,False,0.0,0.0,0.0,0.0,0.0,0.0,0.0,0.0,0.0,0.0,0.0,0.0,0.0,0.0,0.0,0.0,0.0,0.0,0.0,0.0,0.0,0.0,0.0,0.0,0.0,0.0,0.0,0.0,0.0,0.0,0.0,0.0,0.0,0.0,0.0,0.0,0.0,0.0,0.0,0.0,0.0,0.0,0.0,0.0,0.0,0.0,0.0,0.0
2024-08-20,0,SPRIN_4UNITS,False,False,False,False,False,False,False,False,False,False,False,False,False,False,False,False,False,False,False,False,False,False,False,False,0.0,0.0,0.0,0.0,0.0,0.0,0.0,0.0,0.0,0.0,0.0,0.0,0.0,0.0,0.0,0.0,0.0,0.0,0.0,0.0,0.0,0.0,0.0,0.0,0.0,0.0,0.0,0.0,0.0,0.0,0.0,0.0,0.0,0.0,0.0,0.0,0.0,0.0,0.0,0.0,0.0,0.0,0.0,0.0,0.0,0.0,0.0,0.0
2024-08-20,0,FREIH_2UNITS,False,False,False,False,False,False,False,False,False,False,False,False,False,False,False,False,False,False,False,False,False,False,False,False,0.0,0.0,0.0,0.0,0.0,0.0,0.0,0.0,0.0,0.0,0.0,0.0,0.0,0.0,0.0,0.0,0.0,0.0,0.0,0.0,0.0,0.0,0.0,0.0,0.0,0.0,0.0,0.0,0.0,0.0,0.0,0.0,0.0,0.0,0.0,0.0,0.0,0.0,0.0,0.0,0.0,0.0,0.0,0.0,0.0,0.0,0.0,0.0
2024-08-20,0,WSTHL_3UNITS,False,False,False,False,False,False,False,False,False,False,False,False,False,False,True,True,True,True,True,True,True,False,False,False,0.0,0.0,0.0,0.0,0.0,0.0,0.0,0.0,0.0,0.0,0.0,0.0,0.0,0.0,0.96,4.8,4.8,4.8,4.8,4.8,0.96,0.0,0.0,0.0,0.0,0.0,0.0,0.0,0.0,0.0,0.0,0.0,0.0,0.0,0.0,0.0,0.0,0.0,0.0,0.0,0.0,0.0,0.0,0.0,0.0,0.0,0.0,0.0
2024-08-20,0,FEGC_CTG2,False,False,False,False,False,False,False,False,False,False,False,True,True,True,True,True,True,True,True,True,True,True,True,False,0.0,0.0,0.0,0.0,0.0,0.0,0.0,0.0,0.0,0.0,0.0,4.79,47.9,47.9,47.9,47.9,47.9,47.9,47.9,47.9,4.79,4.79,4.79,0.0,0.0,0.0,0.0,0.0,0.0,0.0,0.0,0.0,0.0,0.0,0.0,0.0,0.0,0.0,0.0,0.0,0.0,0.0,0.0,0.0,43.11,43.11,0.0,0.0
2024-08-20,0,FEGC_CTG3,False,False,False,False,False,False,False,False,False,False,False,False,True,True,True,True,True,True,True,True,True,True,True,False,0.0,0.0,0.0,0.0,0.0,0.0,0.0,0.0,0.0,0.0,0.0,0.0,4.79,47.9,47.9,47.9,47.9,47.9,47.9,47.9,4.79,4.79,4.79,0.0,0.0,0.0,0.0,0.0,0.0,0.0,0.0,0.0,0.0,0.0,0.0,0.0,0.0,0.0,0.0,0.0,0.0,0.0,0.0,0.0,43.11,43.11,0.0,0.0
2024-08-20,0,FEGC_CTG4,False,False,False,False,False,False,False,False,False,False,False,False,True,True,True,True,True,True,True,True,True,True,True,False,0.0,0.0,0.0,0.0,0.0,0.0,0.0,0.0,0.0,0.0,0.0,0.0,4.79,47.9,47.9,47.9,47.9,47.9,47.9,47.9,47.9,4.79,4.79,0.0,0.0,0.0,0.0,0.0,0.0,0.0,0.0,0.0,0.0,0.0,0.0,0.0,0.0,0.0,0.0,0.0,0.0,0.0,0.0,0.0,0.0,43.11,0.0,0.0
2024-08-20,0,OLNEYTN_AGR1,False,False,False,False,False,False,False,False,False,False,False,False,False,False,False,False,False,False,False,False,False,False,False,False,0.0,0.0,0.0,0.0,0.0,0.0,0.0,0.0,0.0,0.0,0.0,0.0,0.0,0.0,0.0,0.0,0.0,0.0,0.0,0.0,0.0,0.0,0.0,0.0,0.0,0.0,0.0,0.0,0.0,0.0,0.0,0.0,0.0,0.0,0.0,0.0,0.0,0.0,0.0,0.0,0.0,0.0,0.0,0.0,0.0,0.0,0.0,0.0
2024-08-20,0,AMISTAD_AMISTAG1,True,True,True,True,True,True,True,True,True,True,True,True,True,True,True,True,True,True,True,True,True,True,True,True,37.9,37.9,37.9,37.9,37.9,37.9,37.9,37.9,37.9,37.9,37.9,37.9,37.9,37.9,37.9,37.9,37.9,37.9,37.9,37.9,37.9,37.9,37.9,37.9,0.0,0.0,0.0,0.0,0.0,0.0,0.0,0.0,0.0,0.0,0.0,0.0,0.0,0.0,0.0,0.0,0.0,0.0,0.0,0.0,0.0,0.0,0.0,0.0
2024-08-20,0,AMISTAD_AMISTAG2,True,True,True,True,True,True,True,True,True,True,True,True,True,True,True,True,True,True,True,True,True,True,True,True,37.9,37.9,37.9,37.9,37.9,37.9,37.9,37.9,37.9,37.9,37.9,37.9,37.9,37.9,37.9,37.9,37.9,37.9,37.9,37.9,37.9,37.9,37.9,37.9,0.0,0.0,0.0,0.0,0.0,0.0,0.0,0.0,0.0,0.0,0.0,0.0,0.0,0.0,0.0,0.0,0.0,0.0,0.0,0.0,0.0,0.0,0.0,0.0
2024-08-20,0,AUSTPL_AUSTING1,True,True,True,True,True,True,True,True,True,True,True,True,True,True,True,True,True,True,True,True,True,True,True,True,9.0,9.0,9.0,9.0,9.0,9.0,9.0,9.0,9.0,9.0,9.0,9.0,9.0,9.0,9.0,9.0,9.0,9.0,9.0,9.0,9.0,9.0,9.0,9.0,0.0,0.0,0.0,0.0,0.0,0.0,0.0,0.0,0.0,0.0,0.0,0.0,0.0,0.0,0.0,0.0,0.0,0.0,0.0,0.0,0.0,0.0,0.0,0.0
2024-08-20,0,AUSTPL_AUSTING2,True,True,True,True,True,True,True,True,True,True,True,True,True,True,True,True,True,True,True,True,True,True,True,True,9.0,9.0,9.0,9.0,9.0,9.0,9.0,9.0,9.0,9.0,9.0,9.0,9.0,9.0,9.0,9.0,9.0,9.0,9.0,9.0,9.0,9.0,9.0,9.0,0.0,0.0,0.0,0.0,0.0,0.0,0.0,0.0,0.0,0.0,0.0,0.0,0.0,0.0,0.0,0.0,0.0,0.0,0.0,0.0,0.0,0.0,0.0,0.0
2024-08-20,0,BUCHAN_BUCHANG1,True,True,True,True,True,True,True,True,True,True,True,True,True,True,True,True,True,True,True,True,True,True,True,True,18.3,18.3,18.3,18.3,18.3,18.3,18.3,18.3,18.3,18.3,18.3,18.3,18.3,18.3,18.3,18.3,18.3,18.3,18.3,18.3,18.3,18.3,18.3,18.3,0.0,0.0,0.0,0.0,0.0,0.0,0.0,0.0,0.0,0.0,0.0,0.0,0.0,0.0,0.0,0.0,0.0,0.0,0.0,0.0,0.0,0.0,0.0,0.0
2024-08-20,0,BUCHAN_BUCHANG2,True,True,True,True,True,True,True,True,True,True,True,True,True,True,True,True,True,True,True,True,True,True,True,True,18.3,18.3,18.3,18.3,18.3,18.3,18.3,18.3,18.3,18.3,18.3,18.3,18.3,18.3,18.3,18.3,18.3,18.3,18.3,18.3,18.3,18.3,18.3,18.3,0.0,0.0,0.0,0.0,0.0,0.0,0.0,0.0,0.0,0.0,0.0,0.0,0.0,0.0,0.0,0.0,0.0,0.0,0.0,0.0,0.0,0.0,0.0,0.0
2024-08-20,0,BUCHAN_BUCHANG3,True,True,True,True,True,True,True,True,True,True,True,True,True,True,True,True,True,True,True,True,True,True,True,True,18.3,18.3,18.3,18.3,18.3,18.3,18.3,18.3,18.3,18.3,18.3,18.3,18.3,18.3,18.3,18.3,18.3,18.3,18.3,18.3,18.3,18.3,18.3,18.3,0.0,0.0,0.0,0.0,0.0,0.0,0.0,0.0,0.0,0.0,0.0,0.0,0.0,0.0,0.0,0.0,0.0,0.0,0.0,0.0,0.0,0.0,0.0,0.0
2024-08-20,0,DNDAM_DENISOG1,True,True,True,True,True,True,True,True,True,True,True,True,True,True,True,True,True,True,True,True,True,True,True,True,50.8,50.8,50.8,50.8,50.8,50.8,50.8,50.8,50.8,50.8,50.8,50.8,50.8,50.8,50.8,50.8,50.8,50.8,50.8,50.8,50.8,50.8,50.8,50.8,0.0,0.0,0.0,0.0,0.0,0.0,0.0,0.0,0.0,0.0,0.0,0.0,0.0,0.0,0.0,0.0,0.0,0.0,0.0,0.0,0.0,0.0,0.0,0.0
2024-08-20,0,DNDAM_DENISOG2,True,True,True,True,True,True,True,True,True,True,True,True,True,True,True,True,True,True,True,True,True,True,True,True,50.8,50.8,50.8,50.8,50.8,50.8,50.8,50.8,50.8,50.8,50.8,50.8,50.8,50.8,50.8,50.8,50.8,50.8,50.8,50.8,50.8,50.8,50.8,50.8,0.0,0.0,0.0,0.0,0.0,0.0,0.0,0.0,0.0,0.0,0.0,0.0,0.0,0.0,0.0,0.0,0.0,0.0,0.0,0.0,0.0,0.0,0.0,0.0
2024-08-20,0,FALCON_FALCONG1,True,True,True,True,True,True,True,True,True,True,True,True,True,True,True,True,True,True,True,True,True,True,True,True,12.0,12.0,12.0,12.0,12.0,12.0,12.0,12.0,12.0,12.0,12.0,12.0,12.0,12.0,12.0,12.0,12.0,12.0,12.0,12.0,12.0,12.0,12.0,12.0,0.0,0.0,0.0,0.0,0.0,0.0,0.0,0.0,0.0,0.0,0.0,0.0,0.0,0.0,0.0,0.0,0.0,0.0,0.0,0.0,0.0,0.0,0.0,0.0
2024-08-20,0,FALCON_FALCONG2,True,True,True,True,True,True,True,True,True,True,True,True,True,True,True,True,True,True,True,True,True,True,True,True,12.0,12.0,12.0,12.0,12.0,12.0,12.0,12.0,12.0,12.0,12.0,12.0,12.0,12.0,12.0,12.0,12.0,12.0,12.0,12.0,12.0,12.0,12.0,12.0,0.0,0.0,0.0,0.0,0.0,0.0,0.0,0.0,0.0,0.0,0.0,0.0,0.0,0.0,0.0,0.0,0.0,0.0,0.0,0.0,0.0,0.0,0.0,0.0
2024-08-20,0,FALCON_FALCONG3,True,True,True,True,True,True,True,True,True,True,True,True,True,True,True,True,True,True,True,True,True,True,True,True,12.0,12.0,12.0,12.0,12.0,12.0,12.0,12.0,12.0,12.0,12.0,12.0,12.0,12.0,12.0,12.0,12.0,12.0,12.0,12.0,12.0,12.0,12.0,12.0,0.0,0.0,0.0,0.0,0.0,0.0,0.0,0.0,0.0,0.0,0.0,0.0,0.0,0.0,0.0,0.0,0.0,0.0,0.0,0.0,0.0,0.0,0.0,0.0
2024-08-20,0,WIRTZ_WIRTZ_G1,True,True,True,True,True,True,True,True,True,True,True,True,True,True,True,True,True,True,True,True,True,True,True,True,29.0,29.0,29.0,29.0,29.0,29.0,29.0,29.0,29.0,29.0,29.0,29.0,29.0,29.0,29.0,29.0,29.0,29.0,29.0,29.0,29.0,29.0,29.0,29.0,0.0,0.0,0.0,0.0,0.0,0.0,0.0,0.0,0.0,0.0,0.0,0.0,0.0,0.0,0.0,0.0,0.0,0.0,0.0,0.0,0.0,0.0,0.0,0.0
2024-08-20,0,WIRTZ_WIRTZ_G2,True,True,True,True,True,True,True,True,True,True,True,True,True,True,True,True,True,True,True,True,True,True,True,True,29.0,29.0,29.0,29.0,29.0,29.0,29.0,29.0,29.0,29.0,29.0,29.0,29.0,29.0,29.0,29.0,29.0,29.0,29.0,29.0,29.0,29.0,29.0,29.0,0.0,0.0,0.0,0.0,0.0,0.0,0.0,0.0,0.0,0.0,0.0,0.0,0.0,0.0,0.0,0.0,0.0,0.0,0.0,0.0,0.0,0.0,0.0,0.0
2024-08-20,0,CANYHY_CANYHYG1,True,True,True,True,True,True,True,True,True,True,True,True,True,True,True,True,True,True,True,True,True,True,True,True,6.0,6.0,6.0,6.0,6.0,6.0,6.0,6.0,6.0,6.0,6.0,6.0,6.0,6.0,6.0,6.0,6.0,6.0,6.0,6.0,6.0,6.0,6.0,6.0,0.0,0.0,0.0,0.0,0.0,0.0,0.0,0.0,0.0,0.0,0.0,0.0,0.0,0.0,0.0,0.0,0.0,0.0,0.0,0.0,0.0,0.0,0.0,0.0
2024-08-20,0,INKSDA_INKS_G1,True,True,True,True,True,True,True,True,True,True,True,True,True,True,True,True,True,True,True,True,True,True,True,True,15.0,15.0,15.0,15.0,15.0,15.0,15.0,15.0,15.0,15.0,15.0,15.0,15.0,15.0,15.0,15.0,15.0,15.0,15.0,15.0,15.0,15.0,15.0,15.0,0.0,0.0,0.0,0.0,0.0,0.0,0.0,0.0,0.0,0.0,0.0,0.0,0.0,0.0,0.0,0.0,0.0,0.0,0.0,0.0,0.0,0.0,0.0,0.0
2024-08-20,0,MARBFA_MARBFAG1,True,True,True,True,True,True,True,True,True,True,True,True,True,True,True,True,True,True,True,True,True,True,True,True,21.0,21.0,21.0,21.0,21.0,21.0,21.0,21.0,21.0,21.0,21.0,21.0,21.0,21.0,21.0,21.0,21.0,21.0,21.0,21.0,21.0,21.0,21.0,21.0,0.0,0.0,0.0,0.0,0.0,0.0,0.0,0.0,0.0,0.0,0.0,0.0,0.0,0.0,0.0,0.0,0.0,0.0,0.0,0.0,0.0,0.0,0.0,0.0
2024-08-20,0,MARBFA_MARBFAG2,True,True,True,True,True,True,True,True,True,True,True,True,True,True,True,True,True,True,True,True,True,True,True,True,20.0,20.0,20.0,20.0,20.0,20.0,20.0,20.0,20.0,20.0,20.0,20.0,20.0,20.0,20.0,20.0,20.0,20.0,20.0,20.0,20.0,20.0,20.0,20.0,0.0,0.0,0.0,0.0,0.0,0.0,0.0,0.0,0.0,0.0,0.0,0.0,0.0,0.0,0.0,0.0,0.0,0.0,0.0,0.0,0.0,0.0,0.0,0.0
2024-08-20,0,MARSFO_MARSFOG1,True,True,True,True,True,True,True,True,True,True,True,True,True,True,True,True,True,True,True,True,True,True,True,True,36.0,36.0,36.0,36.0,36.0,36.0,36.0,36.0,36.0,36.0,36.0,36.0,36.0,36.0,36.0,36.0,36.0,36.0,36.0,36.0,36.0,36.0,36.0,36.0,0.0,0.0,0.0,0.0,0.0,0.0,0.0,0.0,0.0,0.0,0.0,0.0,0.0,0.0,0.0,0.0,0.0,0.0,0.0,0.0,0.0,0.0,0.0,0.0
2024-08-20,0,MARSFO_MARSFOG2,True,True,True,True,True,True,True,True,True,True,True,True,True,True,True,True,True,True,True,True,True,True,True,True,36.0,36.0,36.0,36.0,36.0,36.0,36.0,36.0,36.0,36.0,36.0,36.0,36.0,36.0,36.0,36.0,36.0,36.0,36.0,36.0,36.0,36.0,36.0,36.0,0.0,0.0,0.0,0.0,0.0,0.0,0.0,0.0,0.0,0.0,0.0,0.0,0.0,0.0,0.0,0.0,0.0,0.0,0.0,0.0,0.0,0.0,0.0,0.0
2024-08-20,0,MARSFO_MARSFOG3,True,True,True,True,True,True,True,True,True,True,True,True,True,True,True,True,True,True,True,True,True,True,True,True,36.0,36.0,36.0,36.0,36.0,36.0,36.0,36.0,36.0,36.0,36.0,36.0,36.0,36.0,36.0,36.0,36.0,36.0,36.0,36.0,36.0,36.0,36.0,36.0,0.0,0.0,0.0,0.0,0.0,0.0,0.0,0.0,0.0,0.0,0.0,0.0,0.0,0.0,0.0,0.0,0.0,0.0,0.0,0.0,0.0,0.0,0.0,0.0
2024-08-20,0,WND_WHITNEY1,True,True,True,True,True,True,True,True,True,True,True,True,True,True,True,True,True,True,True,True,True,True,True,True,22.0,22.0,22.0,22.0,22.0,22.0,22.0,22.0,22.0,22.0,22.0,22.0,22.0,22.0,22.0,22.0,22.0,22.0,22.0,22.0,22.0,22.0,22.0,22.0,0.0,0.0,0.0,0.0,0.0,0.0,0.0,0.0,0.0,0.0,0.0,0.0,0.0,0.0,0.0,0.0,0.0,0.0,0.0,0.0,0.0,0.0,0.0,0.0
2024-08-20,0,WND_WHITNEY2,True,True,True,True,True,True,True,True,True,True,True,True,True,True,True,True,True,True,True,True,True,True,True,True,22.0,22.0,22.0,22.0,22.0,22.0,22.0,22.0,22.0,22.0,22.0,22.0,22.0,22.0,22.0,22.0,22.0,22.0,22.0,22.0,22.0,22.0,22.0,22.0,0.0,0.0,0.0,0.0,0.0,0.0,0.0,0.0,0.0,0.0,0.0,0.0,0.0,0.0,0.0,0.0,0.0,0.0,0.0,0.0,0.0,0.0,0.0,0.0
2024-08-20,0,AEEC_ANTLP_1,False,False,False,False,False,False,False,False,False,False,False,False,False,False,False,False,False,False,False,False,False,False,False,False,0.0,0.0,0.0,0.0,0.0,0.0,0.0,0.0,0.0,0.0,0.0,0.0,0.0,0.0,0.0,0.0,0.0,0.0,0.0,0.0,0.0,0.0,0.0,0.0,0.0,0.0,0.0,0.0,0.0,0.0,0.0,0.0,0.0,0.0,0.0,0.0,0.0,0.0,0.0,0.0,0.0,0.0,0.0,0.0,0.0,0.0,0.0,0.0
2024-08-20,0,AEEC_ANTLP_2,False,False,False,False,False,False,False,False,False,False,False,False,False,False,False,False,False,False,False,False,False,False,False,False,0.0,0.0,0.0,0.0,0.0,0.0,0.0,0.0,0.0,0.0,0.0,0.0,0.0,0.0,0.0,0.0,0.0,0.0,0.0,0.0,0.0,0.0,0.0,0.0,0.0,0.0,0.0,0.0,0.0,0.0,0.0,0.0,0.0,0.0,0.0,0.0,0.0,0.0,0.0,0.0,0.0,0.0,0.0,0.0,0.0,0.0,0.0,0.0
2024-08-20,0,AEEC_ANTLP_3,False,False,False,False,False,False,False,False,False,False,False,False,False,False,False,False,False,False,False,False,False,False,False,False,0.0,0.0,0.0,0.0,0.0,0.0,0.0,0.0,0.0,0.0,0.0,0.0,0.0,0.0,0.0,0.0,0.0,0.0,0.0,0.0,0.0,0.0,0.0,0.0,0.0,0.0,0.0,0.0,0.0,0.0,0.0,0.0,0.0,0.0,0.0,0.0,0.0,0.0,0.0,0.0,0.0,0.0,0.0,0.0,0.0,0.0,0.0,0.0
2024-08-20,0,AEEC_ELK_1,False,False,False,False,False,False,False,False,False,False,False,False,False,False,True,True,True,True,True,True,True,True,False,False,0.0,0.0,0.0,0.0,0.0,0.0,0.0,0.0,0.0,0.0,0.0,0.0,0.0,0.0,20.2,20.2,20.2,20.2,20.2,20.2,20.2,20.2,0.0,0.0,0.0,0.0,0.0,0.0,0.0,0.0,0.0,0.0,0.0,0.0,0.0,0.0,0.0,0.0,0.0,181.8,181.8,181.8,181.8,181.8,181.8,0.0,0.0,0.0
2024-08-20,0,AEEC_ELK_2,False,False,False,False,False,False,False,False,False,False,False,False,False,False,True,True,True,True,True,True,True,True,True,False,0.0,0.0,0.0,0.0,0.0,0.0,0.0,0.0,0.0,0.0,0.0,0.0,0.0,0.0,20.2,20.2,20.2,20.2,20.2,20.2,20.2,20.2,20.2,0.0,0.0,0.0,0.0,0.0,0.0,0.0,0.0,0.0,0.0,0.0,0.0,0.0,0.0,0.0,0.0,181.8,181.8,181.8,181.8,181.8,181.8,181.8,0.0,0.0
2024-08-20,0,AEEC_ELK_3,False,False,False,False,False,False,False,False,False,False,False,False,False,False,True,True,True,True,True,True,True,True,True,False,0.0,0.0,0.0,0.0,0.0,0.0,0.0,0.0,0.0,0.0,0.0,0.0,0.0,0.0,20.2,20.2,20.2,20.2,20.2,20.2,20.2,20.2,20.2,0.0,0.0,0.0,0.0,0.0,0.0,0.0,0.0,0.0,0.0,0.0,0.0,0.0,0.0,0.0,0.0,181.8,181.8,181.8,181.8,181.8,181.8,181.8,0.0,0.0
2024-08-20,0,FTR_FTR_G1,False,False,False,False,False,False,True,True,True,True,True,True,True,True,True,True,True,True,True,True,True,True,True,True,0.0,0.0,0.0,0.0,0.0,0.0,55.5,55.5,55.5,55.5,55.5,185.0,185.0,185.0,185.0,185.0,185.0,185.0,185.0,185.0,185.0,185.0,185.0,55.5,0.0,0.0,0.0,0.0,0.0,0.0,0.0,129.5,129.5,129.5,129.5,0.0,0.0,0.0,0.0,0.0,0.0,0.0,0.0,0.0,0.0,0.0,0.0,129.5
2024-08-20,0,FTR_FTR_G2,True,True,True,True,True,True,True,True,True,True,True,True,True,True,True,True,True,True,True,True,True,True,True,True,55.5,55.5,55.5,55.5,55.5,55.5,55.5,55.5,55.5,55.5,55.5,185.0,185.0,185.0,185.0,185.0,185.0,185.0,185.0,185.0,185.0,185.0,185.0,55.5,129.5,129.5,129.5,129.5,129.5,129.5,129.5,129.5,129.5,129.5,129.5,0.0,0.0,0.0,0.0,0.0,0.0,0.0,0.0,0.0,0.0,0.0,0.0,129.5
2024-08-20,0,FTR_FTR_G3,True,True,True,True,True,True,True,True,True,True,True,True,True,True,True,True,True,True,True,True,True,True,True,True,55.5,55.5,55.5,55.5,55.5,55.5,55.5,55.5,55.5,55.5,55.5,185.0,185.0,185.0,185.0,185.0,185.0,185.0,185.0,185.0,185.0,185.0,185.0,55.5,129.5,129.5,129.5,129.5,129.5,129.5,129.5,129.5,129.5,129.5,129.5,0.0,0.0,0.0,0.0,0.0,0.0,0.0,0.0,0.0,0.0,0.0,0.0,129.5
2024-08-20,0,FTR_FTR_G4,True,False,False,False,False,False,False,False,False,False,True,True,True,True,True,True,True,True,True,True,True,True,True,True,120.0,0.0,0.0,0.0,0.0,0.0,0.0,0.0,0.0,0.0,120.0,400.0,400.0,400.0,400.0,400.0,400.0,400.0,400.0,400.0,400.0,400.0,400.0,120.0,0.0,0.0,0.0,0.0,0.0,0.0,0.0,0.0,0.0,0.0,0.0,0.0,0.0,0.0,0.0,0.0,0.0,0.0,0.0,0.0,0.0,0.0,0.0,280.0
2024-08-20,0,TGCCS_CT1,True,True,True,True,True,True,True,True,True,True,True,True,False,False,False,False,False,False,True,True,True,True,True,True,53.7,53.7,53.7,53.7,53.7,53.7,53.7,179.0,53.7,53.7,53.7,53.7,0.0,0.0,0.0,0.0,0.0,0.0,53.7,53.7,179.0,179.0,111.7903,53.7,125.3,125.3,125.3,125.3,125.3,125.3,125.3,0.0,125.3,125.3,125.3,0.0,0.0,0.0,0.0,0.0,0.0,0.0,0.0,125.3,0.0,0.0,67.2097,125.3
2024-08-20,0,TGCCS_CT2,True,True,True,True,True,True,True,True,True,True,True,True,False,False,False,False,False,False,True,True,True,True,True,True,53.7,53.7,53.7,53.7,53.7,53.7,53.7,179.0,53.7,53.7,53.7,53.7,0.0,0.0,0.0,0.0,0.0,0.0,53.7,88.1334,179.0,179.0,179.0,53.7,125.3,125.3,125.3,125.3,125.3,125.3,125.3,0.0,125.3,125.3,125.3,0.0,0.0,0.0,0.0,0.0,0.0,0.0,0.0,90.8666,0.0,0.0,0.0,125.3
2024-08-20,0,TGCCS_CT3,True,True,True,True,True,True,True,True,True,True,True,True,False,False,False,False,False,False,True,True,True,True,True,True,53.7,53.7,53.7,53.7,53.7,53.7,53.7,179.0,53.7,53.7,53.7,53.7,0.0,0.0,0.0,0.0,0.0,0.0,53.7,53.7,179.0,179.0,53.7,53.7,125.3,125.3,125.3,125.3,125.3,125.3,125.3,0.0,125.3,125.3,125.3,0.0,0.0,0.0,0.0,0.0,0.0,0.0,0.0,125.3,0.0,0.0,125.3,125.3
2024-08-20,0,TGCCS_UNIT4,False,False,False,False,False,False,False,False,True,True,True,True,False,False,False,False,False,False,True,True,True,True,True,True,0.0,0.0,0.0,0.0,0.0,0.0,0.0,0.0,120.0,120.0,120.0,120.0,0.0,0.0,0.0,0.0,0.0,0.0,120.0,120.0,400.0,400.0,400.0,120.0,0.0,0.0,0.0,0.0,0.0,0.0,0.0,0.0,0.0,280.0,280.0,0.0,0.0,0.0,0.0,0.0,0.0,0.0,0.0,280.0,0.0,0.0,0.0,280.0
2024-08-20,0,KMCHI_1CT101,True,True,True,False,False,False,False,True,True,True,True,True,True,True,True,True,True,True,True,True,True,True,True,True,185.0,185.0,55.5,0.0,0.0,0.0,0.0,55.5,185.0,185.0,185.0,55.5,185.0,185.0,185.0,185.0,185.0,185.0,185.0,185.0,185.0,185.0,185.0,185.0,0.0,0.0,0.0,0.0,0.0,0.0,0.0,0.0,0.0,0.0,0.0,129.5,0.0,0.0,0.0,0.0,0.0,0.0,0.0,0.0,0.0,0.0,0.0,0.0
2024-08-20,0,KMCHI_1CT201,True,True,True,False,False,False,False,True,True,True,True,True,True,True,True,True,True,True,True,True,True,True,True,True,185.0,185.0,55.5,0.0,0.0,0.0,0.0,55.5,158.9634,138.2442,139.661,185.0,185.0,185.0,185.0,185.0,185.0,185.0,185.0,185.0,185.0,185.0,185.0,185.0,0.0,0.0,0.0,0.0,0.0,0.0,0.0,0.0,26.0366,46.7558,45.339,0.0,0.0,0.0,0.0,0.0,0.0,0.0,0.0,0.0,0.0,0.0,0.0,0.0
2024-08-20,0,KMCHI_1ST,True,True,True,True,True,True,True,True,True,True,True,True,True,True,True,True,True,True,True,True,True,True,True,True,330.0,330.0,330.0,330.0,330.0,330.0,330.0,330.0,330.0,330.0,330.0,330.0,314.4215,330.0,330.0,330.0,330.0,330.0,330.0,330.0,330.0,330.0,330.0,330.0,0.0,0.0,0.0,0.0,0.0,0.0,0.0,0.0,0.0,0.0,0.0,0.0,15.5785,0.0,0.0,0.0,0.0,0.0,0.0,0.0,0.0,0.0,0.0,0.0
2024-08-20,0,KMCHI_2CT101,True,True,True,False,False,False,False,True,True,True,True,True,True,True,True,True,True,True,True,True,True,True,True,True,185.0,185.0,55.5,0.0,0.0,0.0,0.0,55.5,185.0,185.0,185.0,183.2285,185.0,185.0,185.0,185.0,185.0,185.0,185.0,185.0,185.0,185.0,185.0,185.0,0.0,0.0,0.0,0.0,0.0,0.0,0.0,0.0,0.0,0.0,0.0,1.7715,0.0,0.0,0.0,0.0,0.0,0.0,0.0,0.0,0.0,0.0,0.0,0.0
2024-08-20,0,KMCHI_2CT201,True,True,True,False,False,False,False,True,True,True,True,True,True,True,True,True,True,True,True,True,True,True,True,True,185.0,185.0,55.5,0.0,0.0,0.0,0.0,55.5,55.5,55.5,55.5,185.0,185.0,185.0,185.0,185.0,185.0,185.0,185.0,185.0,185.0,185.0,185.0,185.0,0.0,0.0,0.0,0.0,0.0,0.0,0.0,0.0,129.5,129.5,129.5,0.0,0.0,0.0,0.0,0.0,0.0,0.0,0.0,0.0,0.0,0.0,0.0,0.0
2024-08-20,0,KMCHI_2ST,True,True,True,True,True,True,True,True,True,True,True,True,True,True,True,True,True,True,True,True,True,True,True,True,330.0,330.0,330.0,330.0,330.0,330.0,330.0,330.0,330.0,330.0,330.0,99.0,330.0,330.0,330.0,330.0,330.0,327.7155,330.0,330.0,330.0,330.0,330.0,330.0,0.0,0.0,0.0,0.0,0.0,0.0,0.0,0.0,0.0,0.0,0.0,231.0,0.0,0.0,0.0,0.0,0.0,2.2845,0.0,0.0,0.0,0.0,0.0,0.0
2024-08-20,0,A4_DGR1,False,False,False,False,False,False,False,False,False,False,False,False,False,False,False,False,False,False,False,False,False,False,False,False,0.0,0.0,0.0,0.0,0.0,0.0,0.0,0.0,0.0,0.0,0.0,0.0,0.0,0.0,0.0,0.0,0.0,0.0,0.0,0.0,0.0,0.0,0.0,0.0,0.0,0.0,0.0,0.0,0.0,0.0,0.0,0.0,0.0,0.0,0.0,0.0,0.0,0.0,0.0,0.0,0.0,0.0,0.0,0.0,0.0,0.0,0.0,0.0
2024-08-20,0,A4_DGR2,False,False,False,False,False,False,False,False,False,False,False,False,False,False,False,False,False,False,False,False,False,False,False,False,0.0,0.0,0.0,0.0,0.0,0.0,0.0,0.0,0.0,0.0,0.0,0.0,0.0,0.0,0.0,0.0,0.0,0.0,0.0,0.0,0.0,0.0,0.0,0.0,0.0,0.0,0.0,0.0,0.0,0.0,0.0,0.0,0.0,0.0,0.0,0.0,0.0,0.0,0.0,0.0,0.0,0.0,0.0,0.0,0.0,0.0,0.0,0.0
2024-08-20,0,K2_DGR1,False,False,False,False,False,False,False,False,False,False,False,False,False,False,False,False,False,False,False,False,False,False,False,False,0.0,0.0,0.0,0.0,0.0,0.0,0.0,0.0,0.0,0.0,0.0,0.0,0.0,0.0,0.0,0.0,0.0,0.0,0.0,0.0,0.0,0.0,0.0,0.0,0.0,0.0,0.0,0.0,0.0,0.0,0.0,0.0,0.0,0.0,0.0,0.0,0.0,0.0,0.0,0.0,0.0,0.0,0.0,0.0,0.0,0.0,0.0,0.0
2024-08-20,0,K2_DGR2,False,False,False,False,False,False,False,False,False,False,False,False,False,False,False,False,False,False,False,False,False,False,False,False,0.0,0.0,0.0,0.0,0.0,0.0,0.0,0.0,0.0,0.0,0.0,0.0,0.0,0.0,0.0,0.0,0.0,0.0,0.0,0.0,0.0,0.0,0.0,0.0,0.0,0.0,0.0,0.0,0.0,0.0,0.0,0.0,0.0,0.0,0.0,0.0,0.0,0.0,0.0,0.0,0.0,0.0,0.0,0.0,0.0,0.0,0.0,0.0
2024-08-20,0,P2_DGR1,False,False,False,False,False,False,False,False,False,False,False,False,False,False,False,False,False,False,False,False,False,False,False,False,0.0,0.0,0.0,0.0,0.0,0.0,0.0,0.0,0.0,0.0,0.0,0.0,0.0,0.0,0.0,0.0,0.0,0.0,0.0,0.0,0.0,0.0,0.0,0.0,0.0,0.0,0.0,0.0,0.0,0.0,0.0,0.0,0.0,0.0,0.0,0.0,0.0,0.0,0.0,0.0,0.0,0.0,0.0,0.0,0.0,0.0,0.0,0.0
2024-08-20,0,P2_DGR2,False,False,False,False,False,False,False,False,False,False,False,False,False,False,False,False,False,False,False,False,False,False,False,False,0.0,0.0,0.0,0.0,0.0,0.0,0.0,0.0,0.0,0.0,0.0,0.0,0.0,0.0,0.0,0.0,0.0,0.0,0.0,0.0,0.0,0.0,0.0,0.0,0.0,0.0,0.0,0.0,0.0,0.0,0.0,0.0,0.0,0.0,0.0,0.0,0.0,0.0,0.0,0.0,0.0,0.0,0.0,0.0,0.0,0.0,0.0,0.0
2024-08-20,0,Q1_DGR1,False,False,False,False,False,False,False,False,False,False,False,False,False,False,False,False,False,False,False,False,False,False,False,False,0.0,0.0,0.0,0.0,0.0,0.0,0.0,0.0,0.0,0.0,0.0,0.0,0.0,0.0,0.0,0.0,0.0,0.0,0.0,0.0,0.0,0.0,0.0,0.0,0.0,0.0,0.0,0.0,0.0,0.0,0.0,0.0,0.0,0.0,0.0,0.0,0.0,0.0,0.0,0.0,0.0,0.0,0.0,0.0,0.0,0.0,0.0,0.0
2024-08-20,0,BRAUNIG_VHB3,False,False,False,False,False,False,False,False,False,False,False,False,False,False,False,False,False,False,False,False,False,False,False,False,0.0,0.0,0.0,0.0,0.0,0.0,0.0,0.0,0.0,0.0,0.0,0.0,0.0,0.0,0.0,0.0,0.0,0.0,0.0,0.0,0.0,0.0,0.0,0.0,0.0,0.0,0.0,0.0,0.0,0.0,0.0,0.0,0.0,0.0,0.0,0.0,0.0,0.0,0.0,0.0,0.0,0.0,0.0,0.0,0.0,0.0,0.0,0.0
2024-08-20,0,V2_DGR1,False,False,False,False,False,False,False,False,False,False,False,False,False,False,False,False,False,False,False,False,False,False,False,False,0.0,0.0,0.0,0.0,0.0,0.0,0.0,0.0,0.0,0.0,0.0,0.0,0.0,0.0,0.0,0.0,0.0,0.0,0.0,0.0,0.0,0.0,0.0,0.0,0.0,0.0,0.0,0.0,0.0,0.0,0.0,0.0,0.0,0.0,0.0,0.0,0.0,0.0,0.0,0.0,0.0,0.0,0.0,0.0,0.0,0.0,0.0,0.0
2024-08-20,0,V2_DGR2,False,False,False,False,False,False,False,False,False,False,False,False,False,False,False,False,False,False,False,False,False,False,False,False,0.0,0.0,0.0,0.0,0.0,0.0,0.0,0.0,0.0,0.0,0.0,0.0,0.0,0.0,0.0,0.0,0.0,0.0,0.0,0.0,0.0,0.0,0.0,0.0,0.0,0.0,0.0,0.0,0.0,0.0,0.0,0.0,0.0,0.0,0.0,0.0,0.0,0.0,0.0,0.0,0.0,0.0,0.0,0.0,0.0,0.0,0.0,0.0
2024-08-20,0,V2_DGR3,False,False,False,False,False,False,False,False,False,False,False,False,False,False,False,False,False,False,False,False,False,False,False,False,0.0,0.0,0.0,0.0,0.0,0.0,0.0,0.0,0.0,0.0,0.0,0.0,0.0,0.0,0.0,0.0,0.0,0.0,0.0,0.0,0.0,0.0,0.0,0.0,0.0,0.0,0.0,0.0,0.0,0.0,0.0,0.0,0.0,0.0,0.0,0.0,0.0,0.0,0.0,0.0,0.0,0.0,0.0,0.0,0.0,0.0,0.0,0.0
2024-08-20,0,V4_DGR1,False,False,False,False,False,False,False,False,False,False,False,False,False,False,False,False,False,False,False,False,False,False,False,False,0.0,0.0,0.0,0.0,0.0,0.0,0.0,0.0,0.0,0.0,0.0,0.0,0.0,0.0,0.0,0.0,0.0,0.0,0.0,0.0,0.0,0.0,0.0,0.0,0.0,0.0,0.0,0.0,0.0,0.0,0.0,0.0,0.0,0.0,0.0,0.0,0.0,0.0,0.0,0.0,0.0,0.0,0.0,0.0,0.0,0.0,0.0,0.0
2024-08-20,0,X1_DGR1,False,False,False,False,False,False,False,False,False,False,False,False,False,False,False,False,False,False,False,False,False,False,False,False,0.0,0.0,0.0,0.0,0.0,0.0,0.0,0.0,0.0,0.0,0.0,0.0,0.0,0.0,0.0,0.0,0.0,0.0,0.0,0.0,0.0,0.0,0.0,0.0,0.0,0.0,0.0,0.0,0.0,0.0,0.0,0.0,0.0,0.0,0.0,0.0,0.0,0.0,0.0,0.0,0.0,0.0,0.0,0.0,0.0,0.0,0.0,0.0
2024-08-20,0,Z0_DGR1,False,False,False,False,False,False,False,False,False,False,False,False,False,False,False,False,False,False,False,False,False,False,False,False,0.0,0.0,0.0,0.0,0.0,0.0,0.0,0.0,0.0,0.0,0.0,0.0,0.0,0.0,0.0,0.0,0.0,0.0,0.0,0.0,0.0,0.0,0.0,0.0,0.0,0.0,0.0,0.0,0.0,0.0,0.0,0.0,0.0,0.0,0.0,0.0,0.0,0.0,0.0,0.0,0.0,0.0,0.0,0.0,0.0,0.0,0.0,0.0
2024-08-20,0,Z0_DGR2,False,False,False,False,False,False,False,False,False,False,False,False,False,False,False,False,False,False,False,False,False,False,False,False,0.0,0.0,0.0,0.0,0.0,0.0,0.0,0.0,0.0,0.0,0.0,0.0,0.0,0.0,0.0,0.0,0.0,0.0,0.0,0.0,0.0,0.0,0.0,0.0,0.0,0.0,0.0,0.0,0.0,0.0,0.0,0.0,0.0,0.0,0.0,0.0,0.0,0.0,0.0,0.0,0.0,0.0,0.0,0.0,0.0,0.0,0.0,0.0
2024-08-20,0,Z5_DGR1,False,False,False,False,False,False,False,False,False,False,False,False,False,False,False,False,False,False,False,False,False,False,False,False,0.0,0.0,0.0,0.0,0.0,0.0,0.0,0.0,0.0,0.0,0.0,0.0,0.0,0.0,0.0,0.0,0.0,0.0,0.0,0.0,0.0,0.0,0.0,0.0,0.0,0.0,0.0,0.0,0.0,0.0,0.0,0.0,0.0,0.0,0.0,0.0,0.0,0.0,0.0,0.0,0.0,0.0,0.0,0.0,0.0,0.0,0.0,0.0
2024-08-20,0,DC_E,False,False,False,False,False,False,False,False,False,False,False,False,False,False,False,False,False,True,True,True,True,True,True,False,0.0,0.0,0.0,0.0,0.0,0.0,0.0,0.0,0.0,0.0,0.0,0.0,0.0,0.0,0.0,0.0,0.0,60.0,60.0,60.0,60.0,60.0,60.0,0.0,0.0,0.0,0.0,0.0,0.0,0.0,0.0,0.0,0.0,0.0,0.0,0.0,0.0,0.0,0.0,0.0,0.0,0.0,540.0,540.0,540.0,540.0,0.0,0.0
2024-08-20,0,DC_N,False,False,False,False,False,False,False,False,False,False,False,False,True,True,True,True,True,True,True,True,True,True,True,False,0.0,0.0,0.0,0.0,0.0,0.0,0.0,0.0,0.0,0.0,0.0,0.0,22.0,65.1117,147.9392,220.0,220.0,220.0,220.0,220.0,220.0,22.0,22.0,0.0,0.0,0.0,0.0,0.0,0.0,0.0,0.0,0.0,0.0,0.0,0.0,0.0,0.0,154.8883,72.0608,0.0,0.0,0.0,0.0,0.0,0.0,198.0,0.0,0.0
2024-08-20,0,DC_L,False,False,False,False,False,False,False,False,False,False,False,False,False,False,False,False,False,False,True,True,True,True,True,False,0.0,0.0,0.0,0.0,0.0,0.0,0.0,0.0,0.0,0.0,0.0,0.0,0.0,0.0,0.0,0.0,0.0,0.0,10.0,10.0,10.0,10.0,10.0,0.0,0.0,0.0,0.0,0.0,0.0,0.0,0.0,0.0,0.0,0.0,0.0,0.0,0.0,0.0,0.0,0.0,0.0,0.0,0.0,90.0,90.0,90.0,0.0,0.0
2024-08-20,0,DC_R,False,False,False,False,False,False,False,False,False,False,False,False,False,False,False,False,False,False,True,True,True,True,True,False,0.0,0.0,0.0,0.0,0.0,0.0,0.0,0.0,0.0,0.0,0.0,0.0,0.0,0.0,0.0,0.0,0.0,0.0,30.0,30.0,30.0,30.0,30.0,0.0,0.0,0.0,0.0,0.0,0.0,0.0,0.0,0.0,0.0,0.0,0.0,0.0,0.0,0.0,0.0,0.0,0.0,0.0,0.0,270.0,270.0,270.0,0.0,0.0
2024-08-20,0,CEDARVALE_GAS,False,False,False,False,False,False,False,False,False,False,False,False,False,False,False,False,False,False,False,False,False,False,False,False,0.0,0.0,0.0,0.0,0.0,0.0,0.0,0.0,0.0,0.0,0.0,0.0,0.0,0.0,0.0,0.0,0.0,0.0,0.0,0.0,0.0,0.0,0.0,0.0,0.0,0.0,0.0,0.0,0.0,0.0,0.0,0.0,0.0,0.0,0.0,0.0,0.0,0.0,0.0,0.0,0.0,0.0,0.0,0.0,0.0,0.0,0.0,0.0
2024-08-20,0,ENCHANTED_ROCK_NEWPP,False,False,False,False,False,False,False,False,False,False,False,False,False,False,False,False,False,False,False,False,False,False,False,False,0.0,0.0,0.0,0.0,0.0,0.0,0.0,0.0,0.0,0.0,0.0,0.0,0.0,0.0,0.0,0.0,0.0,0.0,0.0,0.0,0.0,0.0,0.0,0.0,0.0,0.0,0.0,0.0,0.0,0.0,0.0,0.0,0.0,0.0,0.0,0.0,0.0,0.0,0.0,0.0,0.0,0.0,0.0,0.0,0.0,0.0,0.0,0.0
