Bus ID,Bus Name,Sub Name,BaseKV,Bus Type,MW Load,MVAR Load,Area,Sub Area,Zone,lat,lng,osm_id,is_split
0,Johnson_Switching_Station,JOHNSON SWITCHING STATION,345.0,Slack,0.0,0.0,1,1,NORTH,32.39461,-97.48555,1462075736.0,False
2,Rio_Lago_Solar,RIO LAGO SOLAR,138.0,PQ,0.0,0.0,3,3,SOUTH,29.75668,-99.09483,1457614270.0,False
3,Soda_Lake_Substation,SODA LAKE SUBSTATION,138.0,PQ,0.0,0.0,4,4,WEST,31.19347,-102.31375,1454962661.0,False
4,Mhos_Substation,MHOS SUBSTATION,345.0,PQ,0.0,0.0,4,4,WEST,32.90681,-101.008,1454572836.0,False
5,Gulf_Star,GULF STAR,345.0,PQ,0.0,0.0,3,3,SOUTH,29.18991,-95.96696,1441540448.0,False
6,Burleson_Substation,BURLESON SUBSTATION,138.0,PQ,0.0,0.0,1,1,NORTH,32.50302,-97.31587,1422848962.0,False
8,Tezel_Substation,TEZEL SUBSTATION,138.0,PQ,0.0,0.0,3,3,SOUTH,29.51861,-98.658,1365590138.0,False
9,Saginaw_Switching_Station,SAGINAW SWITCHING STATION,138.0,PQ,0.0,0.0,1,1,NORTH,32.82183,-97.32468,1354286261.0,False
10,Midland_East_Substation,MIDLAND EAST SUBSTATION,345.0,PQ,0.0,0.0,4,4,WEST,32.02003,-102.05202,1347902253.0,False
11,Southwest_Vernon_Substation,SOUTHWEST VERNON SUBSTATION,138.0,PQ,0.0,0.0,4,4,WEST,34.11726,-99.29535,1347793815.0,False
14,Bernoulli_Substation,BERNOULLI SUBSTATION,345.0,PQ,0.0,0.0,4,4,WEST,31.79932,-101.46658,1191329506.0,False
15,Limestone_Wind_Substation,LIMESTONE WIND SUBSTATION,345.0,PQ,0.0,0.0,1,1,NORTH,31.85347,-96.62211,1188600264.0,False
16,Western_Trail_Wind_Farm_Substation,WESTERN TRAIL WIND FARM SUBSTATION,345.0,PQ,0.0,0.0,4,4,WEST,33.84327,-99.05749,1136041937.0,False
17,Newhart,NEWHART,230.0,PQ,0.0,0.0,4,4,WEST,34.46737,-102.06921,1128108189.0,False
19,Hubbard_1_Wind_Farm_Substation,HUBBARD 1 WIND FARM SUBSTATION,345.0,PQ,0.0,0.0,1,1,NORTH,31.75125,-96.88933,1102655087.0,False
20,Steel_Dynamics_Substation,STEEL DYNAMICS SUBSTATION,345.0,PQ,0.0,0.0,3,3,SOUTH,28.05705,-97.44614,1089997595.0,False
21,GCVC_Substation,GCVC SUBSTATION,138.0,PQ,0.0,0.0,3,3,SOUTH,27.93223,-97.32054,1089543210.0,False
22,Reloj_del_Sol_Wind_Farm_Substation,RELOJ DEL SOL WIND FARM SUBSTATION,345.0,PQ,0.0,0.0,3,3,SOUTH,27.1104,-99.33898,1081454567.0,False
23,Rainey_Street_Substation,RAINEY STREET SUBSTATION,138.0,PQ,0.0,0.0,3,3,SOUTH,30.25678,-97.73789,1060589619.0,False
24,Southton_Substation,SOUTHTON SUBSTATION,138.0,PQ,0.0,0.0,3,3,SOUTH,29.31324,-98.40926,1010267844.0,False
25,Pinto_Creek_Substation,PINTO CREEK SUBSTATION,138.0,PQ,0.0,0.0,3,3,SOUTH,29.35065,-100.56183,1009124703.0,False
26,Torrecillas_Substation,TORRECILLAS SUBSTATION,345.0,PQ,0.0,0.0,3,3,SOUTH,27.61896,-98.83998,1007192481.0,False
27,Eagle_Claw_Midstream_Substation,EAGLE CLAW MIDSTREAM SUBSTATION,138.0,PQ,0.0,0.0,4,4,WEST,31.3328,-103.50382,1007123849.0,False
28,Pecos_Substation,PECOS SUBSTATION,138.0,PQ,0.0,0.0,4,4,WEST,31.42735,-103.49939,1007121428.0,False
29,Lotebush_Substation,LOTEBUSH SUBSTATION,138.0,PQ,0.0,0.0,4,4,WEST,31.29177,-103.11726,1006613126.0,False
30,Trans_Pecos_Substation,TRANS-PECOS SUBSTATION,138.0,PQ,0.0,0.0,4,4,WEST,31.27538,-103.11789,1006613113.0,False
31,Wolf_Switching_Station,WOLF SWITCHING STATION,345.0,PQ,0.0,0.0,4,4,WEST,31.60194,-102.9336,1006561811.0,False
32,Quarry_Field_Switching_Station,QUARRY FIELD SWITCHING STATION,345.0,PQ,0.0,0.0,4,4,WEST,31.78326,-103.63812,1006404970.0,False
34,Lindley_Ranch_Substation,LINDLEY RANCH SUBSTATION,138.0,PQ,0.0,0.0,4,4,WEST,31.79555,-103.73119,1006401476.0,False
36,Pecone_Substation,PECONE SUBSTATION,138.0,PQ,0.0,0.0,4,4,WEST,31.50972,-103.51744,1006401439.0,False
37,Mentone_Substation,MENTONE SUBSTATION,138.0,PQ,0.0,0.0,4,4,WEST,31.64451,-103.66514,1006401417.0,False
38,3_Mile_Draw_Substation,3-MILE DRAW SUBSTATION,138.0,PQ,0.0,0.0,4,4,WEST,31.81435,-103.98314,1006280005.0,False
39,Owl_Hills_Substation,OWL HILLS SUBSTATION,138.0,PQ,0.0,0.0,4,4,WEST,31.98282,-104.06337,1006279960.0,False
41,Riverton_Switching_Station,RIVERTON SWITCHING STATION,345.0,PQ,0.0,0.0,4,4,WEST,31.80671,-103.86121,1006279947.0,False
42,Kyle_Ranch_Substation,KYLE RANCH SUBSTATION,138.0,PQ,0.0,0.0,4,4,WEST,31.93065,-103.65181,1006279914.0,False
44,Sand_Lake_Switching_Station,SAND LAKE SWITCHING STATION,345.0,PQ,0.0,0.0,4,4,WEST,31.51033,-103.46487,1006103059.0,False
45,Cryo_Substation,CRYO SUBSTATION,138.0,PQ,0.0,0.0,4,4,WEST,31.04672,-103.72086,1006095232.0,False
46,Coral_Substation,CORAL SUBSTATION,138.0,PQ,0.0,0.0,4,4,WEST,31.03758,-103.72261,1006095230.0,False
47,Lynx_Substation,LYNX SUBSTATION,138.0,PQ,0.0,0.0,4,4,WEST,31.07176,-102.39358,1006095202.0,False
48,Soaptree_Switching_Station,SOAPTREE SWITCHING STATION,138.0,PQ,0.0,0.0,4,4,WEST,31.08298,-102.39373,1006095199.0,False
50,Wolf_Hollow_Substation,WOLF HOLLOW SUBSTATION,345.0,PQ,0.0,0.0,1,1,NORTH,32.33789,-97.7334,862801075.0,False
51,Esperanza_Substation,ESPERANZA SUBSTATION,138.0,PQ,0.0,0.0,3,3,SOUTH,29.8005,-98.66501,854394559.0,False
53,Yucca_Drive_Switching_Station,YUCCA DRIVE SWITCHING STATION,138.0,PQ,0.0,0.0,4,4,WEST,31.58797,-102.95529,803480536.0,False
54,Executive_Parkway_Substation,EXECUTIVE PARKWAY SUBSTATION,138.0,PQ,0.0,0.0,1,1,NORTH,32.75166,-97.07414,736496853.0,False
55,Bergheim_Substation,BERGHEIM SUBSTATION,345.0,PQ,0.0,0.0,3,3,SOUTH,29.79013,-98.52769,689172361.0,False
57,Martinez_Substation,MARTINEZ SUBSTATION,138.0,PQ,0.0,0.0,3,3,SOUTH,29.45061,-98.32232,675054239.0,False
58,Bordas_II_Substation,BORDAS II SUBSTATION,345.0,PQ,0.0,0.0,3,3,SOUTH,27.43943,-98.90668,674556780.0,False
59,Kings_Row_Substation,KINGS ROW SUBSTATION,138.0,PQ,0.0,0.0,1,1,NORTH,33.25006,-97.09884,666122274.0,False
60,Rafter_Substation,RAFTER SUBSTATION,138.0,PQ,0.0,0.0,3,3,SOUTH,29.41708,-98.80624,639176169.0,False
61,Denison_Dam_Substation,DENISON DAM SUBSTATION,138.0,PQ,0.0,0.0,1,1,NORTH,33.81677,-96.56865,633619447.0,False
62,Corn_Trail_Switching_Station,CORN TRAIL SWITCHING STATION,345.0,PQ,0.0,0.0,1,1,NORTH,31.81883,-98.66382,632208850.0,False
63,Tater_Hill_Substation,TATER HILL SUBSTATION,345.0,PQ,0.0,0.0,1,1,NORTH,31.68432,-98.60377,632208845.0,False
64,Nacogdoches_Southwest_Substation,NACOGDOCHES SOUTHWEST SUBSTATION,138.0,PQ,0.0,0.0,1,1,NORTH,31.56758,-94.67882,632063659.0,False
65,Nacogdoches_Substation,NACOGDOCHES SUBSTATION,138.0,PQ,0.0,0.0,1,1,NORTH,31.60853,-94.6764,632063658.0,False
66,Nacogdoches_South_Substation,NACOGDOCHES SOUTH SUBSTATION,138.0,PQ,0.0,0.0,1,1,NORTH,31.57891,-94.63905,632063644.0,False
67,Chireno_Substation,CHIRENO SUBSTATION,138.0,PQ,0.0,0.0,1,1,NORTH,31.51964,-94.35217,632063639.0,False
68,Claytonville_Substation,CLAYTONVILLE SUBSTATION,345.0,PQ,0.0,0.0,4,4,WEST,32.62797,-100.54544,632013150.0,False
69,Wetsel_Substation,WETSEL SUBSTATION,138.0,PQ,0.0,0.0,4,4,WEST,32.62946,-100.54701,632013131.0,False
70,Etoile_Substation,ETOILE SUBSTATION,138.0,PQ,0.0,0.0,1,1,NORTH,31.33648,-94.39783,631885593.0,False
73,Biomass_Substation,BIOMASS SUBSTATION,138.0,PQ,0.0,0.0,1,1,NORTH,31.36924,-94.73903,631186778.0,False
74,Diboll_Substation,DIBOLL SUBSTATION,138.0,PQ,0.0,0.0,1,1,NORTH,31.22456,-94.71646,631186764.0,False
75,Champion_Paper_Mill_Substation,CHAMPION PAPER MILL SUBSTATION,138.0,PQ,0.0,0.0,1,1,NORTH,31.35835,-94.67945,631186752.0,False
76,Herty_North_Switching_Station,HERTY NORTH SWITCHING STATION,138.0,PQ,0.0,0.0,1,1,NORTH,31.41974,-94.67875,631186749.0,False
78,Crockett_Substation,CROCKETT SUBSTATION,138.0,PQ,0.0,0.0,1,1,NORTH,31.37078,-95.47703,630115202.0,False
80,Grapeland_Magnolia_Substation,GRAPELAND MAGNOLIA SUBSTATION,138.0,PQ,0.0,0.0,1,1,NORTH,31.46013,-95.68741,630115183.0,False
84,Temple_Inland_Substation,TEMPLE INLAND SUBSTATION,138.0,PQ,0.0,0.0,1,1,NORTH,31.38188,-94.86745,630115156.0,False
85,Centerville_I_45_Substation,CENTERVILLE I-45 SUBSTATION,138.0,PQ,0.0,0.0,1,1,NORTH,31.35218,-96.01663,629937956.0,False
86,Pleasant_Springs_Tap,PLEASANT SPRINGS TAP,138.0,PQ,0.0,0.0,1,1,NORTH,31.32937,-95.88879,629937941.0,False
87,Pleasant_Springs_Substation,PLEASANT SPRINGS SUBSTATION,138.0,PQ,0.0,0.0,1,1,NORTH,31.1749,-95.85259,629937938.0,False
88,Teague_Main_Substation,TEAGUE MAIN SUBSTATION,138.0,PQ,0.0,0.0,1,1,NORTH,31.64738,-96.29671,629783072.0,False
89,Olethea_Substation,OLETHEA SUBSTATION,138.0,PQ,0.0,0.0,1,1,NORTH,31.40082,-96.42652,629765381.0,False
90,Amerigas_Substation,AMERIGAS SUBSTATION,138.0,PQ,0.0,0.0,1,1,NORTH,31.35608,-96.16031,629765264.0,False
91,Butler_Substation,BUTLER SUBSTATION,138.0,PQ,0.0,0.0,1,1,NORTH,31.66542,-95.90613,629765259.0,False
92,Limestone_Substation,LIMESTONE SUBSTATION,138.0,PQ,0.0,0.0,1,1,NORTH,31.42194,-96.24625,629674945.0,False
93,Ridge_Substation,RIDGE SUBSTATION,138.0,PQ,0.0,0.0,1,1,NORTH,31.10489,-96.29459,629674903.0,False
94,Pomelo_Substation,POMELO SUBSTATION,345.0,PQ,0.0,0.0,3,3,SOUTH,26.44478,-98.47748,629307691.0,False
95,Moulton_South_Substation,MOULTON SOUTH SUBSTATION,138.0,PQ,0.0,0.0,3,3,SOUTH,29.53115,-97.14045,629307265.0,False
96,Salt_Draw_Substation,SALT DRAW SUBSTATION,138.0,PQ,0.0,0.0,4,4,WEST,31.33816,-103.50298,629281728.0,False
99,T_H_Wharton_Substation,T. H. WHARTON SUBSTATION,345.0,PQ,0.0,0.0,2,2,HOUSTON,29.93987,-95.532,586730852.0,False
100,Intermediate_Substation,INTERMEDIATE SUBSTATION,138.0,PQ,0.0,0.0,2,2,HOUSTON,29.60677,-95.44696,585787462.0,False
102,Orion_Substation,ORION SUBSTATION,138.0,PQ,0.0,0.0,2,2,HOUSTON,29.62874,-95.04513,585622298.0,False
103,Big_Bay_Substation,BIG BAY SUBSTATION,138.0,PQ,0.0,0.0,2,2,HOUSTON,29.62347,-95.04538,585622291.0,False
104,Alkane_Substation,ALKANE SUBSTATION,138.0,PQ,0.0,0.0,2,2,HOUSTON,29.68151,-95.02151,585622269.0,False
105,Sandy_Point_Substation,SANDY POINT SUBSTATION,138.0,PQ,0.0,0.0,2,2,HOUSTON,29.68004,-95.01184,585622259.0,False
106,Hunter_Substation,HUNTER SUBSTATION,138.0,PQ,0.0,0.0,2,2,HOUSTON,29.60152,-95.0145,585135212.0,False
107,Hanna_Substation,HANNA SUBSTATION,138.0,PQ,0.0,0.0,2,2,HOUSTON,29.5977,-95.03135,585135174.0,False
108,Mirage_Substation,MIRAGE SUBSTATION,138.0,PQ,0.0,0.0,2,2,HOUSTON,29.64605,-95.05363,585135019.0,False
109,Shore_Substation,SHORE SUBSTATION,138.0,PQ,0.0,0.0,2,2,HOUSTON,29.62312,-95.04194,585135009.0,False
110,McCabe_Substation,MCCABE SUBSTATION,138.0,PQ,0.0,0.0,2,2,HOUSTON,29.64326,-95.04051,585134998.0,False
111,Genoa_Substation,GENOA SUBSTATION,138.0,PQ,0.0,0.0,2,2,HOUSTON,29.62272,-95.1178,585023283.0,False
112,P_H_Robinson_Peaker_Substation,P. H. ROBINSON PEAKER SUBSTATION,138.0,PQ,0.0,0.0,2,2,HOUSTON,29.49159,-94.98456,583883548.0,False
113,Butler_Road_Substation,BUTLER ROAD SUBSTATION,138.0,PQ,0.0,0.0,2,2,HOUSTON,29.48898,-95.10952,583820976.0,False
114,South_Shore_Substation,SOUTH SHORE SUBSTATION,138.0,PQ,0.0,0.0,2,2,HOUSTON,29.51551,-95.04268,583820944.0,False
116,Fry_Road_Substation,FRY ROAD SUBSTATION,138.0,PQ,0.0,0.0,2,2,HOUSTON,29.9126,-95.72465,583417916.0,False
117,Meadow_Substation,MEADOW SUBSTATION,345.0,PQ,0.0,0.0,2,2,HOUSTON,29.46015,-95.25779,583408103.0,False
119,Arcola_Substation,ARCOLA SUBSTATION,138.0,PQ,0.0,0.0,2,2,HOUSTON,29.48922,-95.46674,582800668.0,False
120,Foster_Substation,FOSTER SUBSTATION,138.0,PQ,0.0,0.0,2,2,HOUSTON,29.70192,-95.84669,582452959.0,False
121,Prairie_View_Substation,PRAIRIE VIEW SUBSTATION,138.0,PQ,0.0,0.0,2,2,HOUSTON,30.08496,-95.9823,582229098.0,False
122,Waller_Substation,WALLER SUBSTATION,138.0,PQ,0.0,0.0,2,2,HOUSTON,30.04819,-95.92693,582229091.0,False
123,Seaway_Substation,SEAWAY SUBSTATION,138.0,PQ,0.0,0.0,2,2,HOUSTON,30.15603,-95.92642,582229084.0,False
124,Macedonia_Substation,MACEDONIA SUBSTATION,138.0,PQ,0.0,0.0,2,2,HOUSTON,30.15967,-95.81008,582229076.0,False
125,Green_Pastures_Wind_Substation,GREEN PASTURES WIND SUBSTATION,345.0,PQ,0.0,0.0,4,4,WEST,33.64465,-99.42083,581881665.0,False
126,Bruenning_s_Breeze_Substation,BRUENNING'S BREEZE SUBSTATION,345.0,PQ,0.0,0.0,3,3,SOUTH,26.52224,-97.65547,580746574.0,False
127,Santa_Cruz_Substation,SANTA CRUZ SUBSTATION,138.0,PQ,0.0,0.0,3,3,SOUTH,27.58909,-97.53485,580232803.0,False
128,Fluvanna_Wind_1_Substation,FLUVANNA WIND 1 SUBSTATION,138.0,PQ,0.0,0.0,4,4,WEST,32.88617,-101.09472,580070021.0,False
129,Dermott_Wind_Substation,DERMOTT WIND SUBSTATION,345.0,PQ,0.0,0.0,4,4,WEST,32.86387,-101.00965,580070020.0,False
132,Riggins_Substation,RIGGINS SUBSTATION,138.0,PQ,0.0,0.0,4,4,WEST,31.05435,-102.85104,579695437.0,False
133,Lamesa_Solar_Substation,LAMESA SOLAR SUBSTATION,138.0,PQ,0.0,0.0,4,4,WEST,32.71942,-101.93628,579678771.0,False
134,Splendora_Substation,SPLENDORA SUBSTATION,138.0,PQ,0.0,0.0,2,2,HOUSTON,30.21892,-95.13891,579500852.0,False
135,Facebook_Data_Center,FACEBOOK DATA CENTER,138.0,PQ,0.0,0.0,1,1,NORTH,32.98562,-97.26187,578383232.0,False
136,Johnstown_Substation,JOHNSTOWN SUBSTATION,138.0,PQ,0.0,0.0,2,2,HOUSTON,30.21482,-95.28713,574956165.0,False
137,Apollo_Substation,APOLLO SUBSTATION,138.0,PQ,0.0,0.0,2,2,HOUSTON,30.181,-95.1448,574956148.0,False
138,Marconi_Substation,MARCONI SUBSTATION,138.0,PQ,0.0,0.0,3,3,SOUTH,26.09203,-97.39698,574668621.0,False
139,Springwood_Substation,SPRINGWOOD SUBSTATION,138.0,PQ,0.0,0.0,2,2,HOUSTON,30.08601,-95.44039,573442990.0,False
140,Deer_Lake_Substation,DEER LAKE SUBSTATION,138.0,PQ,0.0,0.0,2,2,HOUSTON,30.3113,-95.62547,573061008.0,False
141,Ponderosa_Substation,PONDEROSA SUBSTATION,230.0,PQ,0.0,0.0,2,2,HOUSTON,30.29933,-95.49294,573060963.0,False
142,Egypt_Substation,EGYPT SUBSTATION,138.0,PQ,0.0,0.0,2,2,HOUSTON,30.39217,-95.51516,573060934.0,False
143,Panorama_Substation,PANORAMA SUBSTATION,138.0,PQ,0.0,0.0,2,2,HOUSTON,30.37461,-95.51749,573060920.0,False
144,Woodhaven_Substation,WOODHAVEN SUBSTATION,138.0,PQ,0.0,0.0,2,2,HOUSTON,30.31961,-95.55625,573060900.0,False
146,Lacon_Substation,LACON SUBSTATION,138.0,PQ,0.0,0.0,2,2,HOUSTON,30.43777,-95.52249,573060808.0,False
147,Lewis_Creek_230_kV_Substation,LEWIS CREEK 230 KV SUBSTATION,230.0,PQ,0.0,0.0,2,2,HOUSTON,30.44002,-95.5203,573060803.0,False
148,LNG_Substation,LNG SUBSTATION,138.0,PQ,0.0,0.0,2,2,HOUSTON,30.44407,-95.52219,573060756.0,False
149,Peach_Creek_Substation,PEACH CREEK SUBSTATION,230.0,PQ,0.0,0.0,2,2,HOUSTON,30.41577,-95.32807,573060706.0,False
151,Crystal_Substation,CRYSTAL SUBSTATION,138.0,PQ,0.0,0.0,2,2,HOUSTON,30.32127,-95.38726,573060665.0,False
152,Forest_Substation,FOREST SUBSTATION,138.0,PQ,0.0,0.0,2,2,HOUSTON,30.20621,-95.44756,573060653.0,False
153,Mallard_Substation,MALLARD SUBSTATION,138.0,PQ,0.0,0.0,2,2,HOUSTON,30.266,-95.35189,573060627.0,False
154,Cedar_Hill_Substation,CEDAR HILL SUBSTATION,138.0,PQ,0.0,0.0,2,2,HOUSTON,30.22678,-95.40493,573060620.0,False
155,Jayhawker_Creek_Company_Substation,JAYHAWKER CREEK COMPANY SUBSTATION,138.0,PQ,0.0,0.0,2,2,HOUSTON,30.32238,-95.15875,573060619.0,False
156,Security_Substation,SECURITY SUBSTATION,138.0,PQ,0.0,0.0,2,2,HOUSTON,30.32204,-95.29501,573060618.0,False
157,Nacogdoches_North_Substation,NACOGDOCHES NORTH SUBSTATION,138.0,PQ,0.0,0.0,1,1,NORTH,31.65163,-94.65428,568570997.0,False
158,Huntington_Substation,HUNTINGTON SUBSTATION,138.0,PQ,0.0,0.0,1,1,NORTH,31.26895,-94.57437,567918954.0,False
159,Clear_Lake_Substation,CLEAR LAKE SUBSTATION,138.0,PQ,0.0,0.0,2,2,HOUSTON,29.60831,-95.12666,560817482.0,False
160,Lingleville_Substation,LINGLEVILLE SUBSTATION,138.0,PQ,0.0,0.0,1,1,NORTH,32.26079,-98.46839,527832011.0,False
161,Silver_Star_Wind_Substation,SILVER STAR WIND SUBSTATION,138.0,PQ,0.0,0.0,1,1,NORTH,32.33103,-98.46574,527832010.0,False
162,Flat_Creek_Switching_Station,FLAT CREEK SWITCHING STATION,138.0,PQ,0.0,0.0,1,1,NORTH,32.26511,-98.47454,527832008.0,False
163,Leon_Switching_Station,LEON SWITCHING STATION,138.0,PQ,0.0,0.0,4,4,WEST,32.37378,-98.76902,527832006.0,False
164,Jones_Creek_Substation,JONES CREEK SUBSTATION,345.0,PQ,0.0,0.0,2,2,HOUSTON,28.95742,-95.38098,522624368.0,False
167,Marine_Substation,MARINE SUBSTATION,138.0,PQ,0.0,0.0,2,2,HOUSTON,28.93339,-95.33979,522624172.0,False
168,Quintana_Substation,QUINTANA SUBSTATION,138.0,PQ,0.0,0.0,2,2,HOUSTON,28.93223,-95.31787,522624164.0,False
169,Cortez_Substation,CORTEZ SUBSTATION,138.0,PQ,0.0,0.0,2,2,HOUSTON,28.92476,-95.32408,522624084.0,False
170,BASF_Substation,BASF SUBSTATION,138.0,PQ,0.0,0.0,2,2,HOUSTON,29.00156,-95.39648,522624053.0,False
171,Copper_Substation,COPPER SUBSTATION,138.0,PQ,0.0,0.0,2,2,HOUSTON,29.00673,-95.40527,522624025.0,False
172,Retrieve_Substation,RETRIEVE SUBSTATION,138.0,PQ,0.0,0.0,2,2,HOUSTON,29.09984,-95.4928,522623813.0,False
173,McKinney_Street_Substation,MCKINNEY STREET SUBSTATION,138.0,PQ,0.0,0.0,1,1,NORTH,33.21408,-97.10284,522580188.0,False
174,Blue_Acre_Substation,BLUE ACRE SUBSTATION,138.0,PQ,0.0,0.0,4,4,WEST,31.95796,-101.92657,521837735.0,False
175,Pronghorn_Substation,PRONGHORN SUBSTATION,138.0,PQ,0.0,0.0,4,4,WEST,31.81762,-101.97335,521837705.0,False
177,Einstein_Substation,EINSTEIN SUBSTATION,345.0,PQ,0.0,0.0,4,4,WEST,31.76947,-101.52076,521497612.0,False
178,Camden_Substation,CAMDEN SUBSTATION,138.0,PQ,0.0,0.0,2,2,HOUSTON,28.98806,-95.35743,521377903.0,False
179,Franklins_Camp_Substation,FRANKLINS CAMP SUBSTATION,138.0,PQ,0.0,0.0,2,2,HOUSTON,28.92799,-95.56418,520652085.0,False
182,Bailey_Substation,BAILEY SUBSTATION,345.0,PQ,0.0,0.0,3,3,SOUTH,29.18544,-95.99252,520385257.0,False
183,Colorado_Bend_2_Substation,COLORADO BEND 2 SUBSTATION,345.0,PQ,0.0,0.0,3,3,SOUTH,29.28767,-96.06479,520385242.0,False
184,Colorado_Bend_Substation,COLORADO BEND SUBSTATION,138.0,PQ,0.0,0.0,3,3,SOUTH,29.28898,-96.06905,520385215.0,False
185,Caney_Creek_Substation_185,CANEY CREEK SUBSTATION,138.0,PQ,0.0,0.0,3,3,SOUTH,29.3247,-96.11868,520385199.0,False
186,Texas_Gulf_Sulfur_Substation,TEXAS GULF SULFUR SUBSTATION,138.0,PQ,0.0,0.0,3,3,SOUTH,29.26386,-95.90053,520385182.0,False
187,Bryan_Substation,BRYAN SUBSTATION,138.0,PQ,0.0,0.0,2,2,HOUSTON,28.91954,-95.37617,520357289.0,False
188,Mockingbird_Substation,MOCKINGBIRD SUBSTATION,138.0,PQ,0.0,0.0,3,3,SOUTH,29.70118,-96.57375,520313764.0,False
189,Nada_Substation,NADA SUBSTATION,138.0,PQ,0.0,0.0,3,3,SOUTH,29.3921,-96.38714,520305269.0,False
190,Colorado_Substation,COLORADO SUBSTATION,138.0,PQ,0.0,0.0,3,3,SOUTH,29.46711,-96.61992,520305149.0,False
191,Sheridan_Substation,SHERIDAN SUBSTATION,138.0,PQ,0.0,0.0,3,3,SOUTH,29.4972,-96.66661,520305143.0,False
192,Rock_Island_Substation,ROCK ISLAND SUBSTATION,138.0,PQ,0.0,0.0,3,3,SOUTH,29.55015,-96.53814,520305127.0,False
193,Aspermont_Substation,ASPERMONT SUBSTATION,138.0,PQ,0.0,0.0,4,4,WEST,33.13962,-100.22628,519423456.0,False
194,Baker_Ranch_Substation,BAKER RANCH SUBSTATION,345.0,PQ,0.0,0.0,4,4,WEST,33.36992,-99.58928,519131267.0,False
195,Benjamin_Substation,BENJAMIN SUBSTATION,138.0,PQ,0.0,0.0,4,4,WEST,33.58452,-99.80102,518902999.0,False
196,Putnam_Switching_Station,PUTNAM SWITCHING STATION,138.0,PQ,0.0,0.0,4,4,WEST,32.3835,-99.19411,518641237.0,False
197,Johnsville_Substation,JOHNSVILLE SUBSTATION,138.0,PQ,0.0,0.0,1,1,NORTH,32.12186,-97.94559,517717763.0,False
199,Stephenville_Substation,STEPHENVILLE SUBSTATION,138.0,PQ,0.0,0.0,1,1,NORTH,32.20526,-98.23286,517717756.0,False
200,Norfork_Substation,NORFORK SUBSTATION,138.0,PQ,0.0,0.0,1,1,NORTH,32.24306,-98.22363,517717698.0,False
201,Wright_Substation,WRIGHT SUBSTATION,138.0,PQ,0.0,0.0,1,1,NORTH,32.26291,-98.1911,517717696.0,False
202,Mesquite_Substation,MESQUITE SUBSTATION,345.0,PQ,0.0,0.0,4,4,WEST,32.62867,-99.54046,517461716.0,False
203,Post_Oak_Substation,POST OAK SUBSTATION,138.0,PQ,0.0,0.0,4,4,WEST,32.54172,-99.53866,517461712.0,False
205,Fort_Phantom_Switchyard,FORT PHANTOM SWITCHYARD,138.0,PQ,0.0,0.0,4,4,WEST,32.5826,-99.68253,517461704.0,False
206,California_Creek_Substation,CALIFORNIA CREEK SUBSTATION,138.0,PQ,0.0,0.0,4,4,WEST,33.07208,-99.55699,517461632.0,False
207,Paducah_Clare_Street_Substation,PADUCAH CLARE STREET SUBSTATION,138.0,PQ,0.0,0.0,4,4,WEST,34.00523,-100.29934,516679310.0,False
208,Holder_Substation,HOLDER SUBSTATION,138.0,PQ,0.0,0.0,1,1,NORTH,31.91353,-98.97853,516664055.0,False
209,Potosi_Substation,POTOSI SUBSTATION,138.0,PQ,0.0,0.0,4,4,WEST,32.32909,-99.62313,516467565.0,False
210,Estes_Station,ESTES STATION,138.0,PQ,0.0,0.0,4,4,WEST,32.36588,-99.52565,516467558.0,False
211,Vinson_Station,VINSON STATION,138.0,PQ,0.0,0.0,4,4,WEST,32.35952,-99.69999,516467538.0,False
212,Country_Club_Substation,COUNTRY CLUB SUBSTATION,138.0,PQ,0.0,0.0,4,4,WEST,32.40217,-99.74309,516457769.0,False
213,Abilene_East_Substation,ABILENE EAST SUBSTATION,138.0,PQ,0.0,0.0,4,4,WEST,32.45271,-99.69988,516457752.0,False
214,Maple_Street_Substation,MAPLE STREET SUBSTATION,138.0,PQ,0.0,0.0,4,4,WEST,32.40419,-99.72576,516457715.0,False
215,Abilene_Aileen_Substation,ABILENE AILEEN SUBSTATION,138.0,PQ,0.0,0.0,4,4,WEST,32.48869,-99.70026,516457702.0,False
216,Rainy_Creek_Substation,RAINY CREEK SUBSTATION,138.0,PQ,0.0,0.0,4,4,WEST,32.50234,-99.70087,516457694.0,False
217,Ricebird_Substation,RICEBIRD SUBSTATION,138.0,PQ,0.0,0.0,3,3,SOUTH,29.23396,-96.27864,516225589.0,False
218,Lane_City_Pump_Substation,LANE CITY PUMP SUBSTATION,138.0,PQ,0.0,0.0,3,3,SOUTH,29.19332,-96.0717,516225546.0,False
219,Magill_Substation,MAGILL SUBSTATION,138.0,PQ,0.0,0.0,3,3,SOUTH,29.01229,-95.96925,515910318.0,False
220,Tenaris_Substation,TENARIS SUBSTATION,138.0,PQ,0.0,0.0,3,3,SOUTH,28.99321,-95.91202,515910310.0,False
221,Red_Bluff_Substation,RED BLUFF SUBSTATION,138.0,PQ,0.0,0.0,3,3,SOUTH,28.88631,-96.52496,515910302.0,False
222,Danevang_Substation,DANEVANG SUBSTATION,138.0,PQ,0.0,0.0,3,3,SOUTH,29.07806,-96.21532,515910293.0,False
223,South_Texas_Project_Pump_Substation,SOUTH TEXAS PROJECT PUMP SUBSTATION,138.0,PQ,0.0,0.0,3,3,SOUTH,28.77531,-95.99821,515869197.0,False
224,Conoco_Substation,CONOCO SUBSTATION,138.0,PQ,0.0,0.0,3,3,SOUTH,28.78432,-95.93885,515869172.0,False
225,Celanese_Bay_City_Substation,CELANESE BAY CITY SUBSTATION,138.0,PQ,0.0,0.0,3,3,SOUTH,28.86801,-96.01568,515869165.0,False
227,Victoria_Switching_Station,VICTORIA SWITCHING STATION,138.0,PQ,0.0,0.0,3,3,SOUTH,28.78689,-97.01042,515655402.0,False
228,Magruder_Substation,MAGRUDER SUBSTATION,138.0,PQ,0.0,0.0,3,3,SOUTH,28.84118,-97.00994,515655333.0,False
230,Union_Carbide_Substation,UNION CARBIDE SUBSTATION,138.0,PQ,0.0,0.0,3,3,SOUTH,28.51405,-96.77405,515589494.0,False
231,Chocolate_Bayou_Substation,CHOCOLATE BAYOU SUBSTATION,138.0,PQ,0.0,0.0,3,3,SOUTH,28.68554,-96.91933,515589378.0,False
232,Big_Three_Substation,BIG THREE SUBSTATION,138.0,PQ,0.0,0.0,3,3,SOUTH,28.6513,-96.91403,515589365.0,False
233,Formosa_Plastics_CFB_Substation,FORMOSA PLASTICS CFB SUBSTATION,138.0,PQ,0.0,0.0,3,3,SOUTH,28.65126,-96.54002,515589309.0,False
234,Warburton_Substation,WARBURTON SUBSTATION,138.0,PQ,0.0,0.0,3,3,SOUTH,28.59824,-97.04755,515325963.0,False
235,Airco_Substation,AIRCO SUBSTATION,138.0,PQ,0.0,0.0,3,3,SOUTH,28.50995,-96.79601,515325952.0,False
236,Haisley_Substation,HAISLEY SUBSTATION,138.0,PQ,0.0,0.0,3,3,SOUTH,28.09503,-97.49368,514767405.0,False
237,Medio_Creek_Substation,MEDIO CREEK SUBSTATION,138.0,PQ,0.0,0.0,3,3,SOUTH,28.25339,-97.33997,514767401.0,False
238,Portland_Substation,PORTLAND SUBSTATION,138.0,PQ,0.0,0.0,3,3,SOUTH,27.8878,-97.32243,514740714.0,False
239,McCampbell_Substation,MCCAMPBELL SUBSTATION,138.0,PQ,0.0,0.0,3,3,SOUTH,27.91493,-97.26871,514740712.0,False
240,Dupont_PP1_Substation,DUPONT PP1 SUBSTATION,138.0,PQ,0.0,0.0,3,3,SOUTH,27.88026,-97.24759,514740668.0,False
241,Gregory_Switchyard,GREGORY SWITCHYARD,138.0,PQ,0.0,0.0,3,3,SOUTH,27.88898,-97.25749,514740646.0,False
242,Ingleside_Cogeneration_Switchyard,INGLESIDE COGENERATION SWITCHYARD,138.0,PQ,0.0,0.0,3,3,SOUTH,27.88205,-97.24667,514740625.0,False
244,Air_Liquide_Substation,AIR LIQUIDE SUBSTATION,138.0,PQ,0.0,0.0,3,3,SOUTH,27.87983,-97.23994,514740568.0,False
245,Ingleside_Substation,INGLESIDE SUBSTATION,138.0,PQ,0.0,0.0,3,3,SOUTH,27.87201,-97.21693,514740548.0,False
246,Homeport_Substation,HOMEPORT SUBSTATION,138.0,PQ,0.0,0.0,3,3,SOUTH,27.82807,-97.20948,514740542.0,False
247,Aransas_Pass_Substation,ARANSAS PASS SUBSTATION,138.0,PQ,0.0,0.0,3,3,SOUTH,27.92709,-97.18191,514740534.0,False
248,Rockport_Substation,ROCKPORT SUBSTATION,138.0,PQ,0.0,0.0,3,3,SOUTH,27.97746,-97.14213,514740424.0,False
249,Raymondville_1_Substation,RAYMONDVILLE #1 SUBSTATION,138.0,PQ,0.0,0.0,3,3,SOUTH,26.43753,-97.78179,513978327.0,False
250,La_Sara_Substation,LA SARA SUBSTATION,138.0,PQ,0.0,0.0,3,3,SOUTH,26.45123,-97.84689,513978317.0,False
251,East_Raymondville_Substation,EAST RAYMONDVILLE SUBSTATION,138.0,PQ,0.0,0.0,3,3,SOUTH,26.46716,-97.71549,513978316.0,False
252,Armstrong_Substation,ARMSTRONG SUBSTATION,138.0,PQ,0.0,0.0,3,3,SOUTH,26.92722,-97.78968,513693626.0,False
253,Raymondville_2_Substation,RAYMONDVILLE #2 SUBSTATION,138.0,PQ,0.0,0.0,3,3,SOUTH,26.48157,-97.75216,513693621.0,False
254,Power_Plant_Substation,POWER PLANT SUBSTATION,138.0,PQ,0.0,0.0,3,3,SOUTH,25.91361,-97.52253,513680410.0,False
255,FM_802_Substation,FM 802 SUBSTATION,138.0,PQ,0.0,0.0,3,3,SOUTH,25.95088,-97.49212,513680384.0,False
256,Price_Road_Substation,PRICE ROAD SUBSTATION,138.0,PQ,0.0,0.0,3,3,SOUTH,25.93456,-97.47967,513680380.0,False
257,Midtown_Substation,MIDTOWN SUBSTATION,138.0,PQ,0.0,0.0,3,3,SOUTH,25.93855,-97.50562,513680369.0,False
258,Southmost_Substation,SOUTHMOST SUBSTATION,138.0,PQ,0.0,0.0,3,3,SOUTH,25.88835,-97.42495,513680362.0,False
259,Filter_Plant_Substation,FILTER PLANT SUBSTATION,138.0,PQ,0.0,0.0,3,3,SOUTH,25.92539,-97.46535,513680353.0,False
260,Fort_Brown_Substation,FORT BROWN SUBSTATION,138.0,PQ,0.0,0.0,3,3,SOUTH,25.89923,-97.46819,513680348.0,False
261,Sixth_Street_Substation,SIXTH STREET SUBSTATION,138.0,PQ,0.0,0.0,3,3,SOUTH,25.90977,-97.49756,513680341.0,False
262,Villa_Cavazos_Substation,VILLA CAVAZOS SUBSTATION,138.0,PQ,0.0,0.0,3,3,SOUTH,26.02191,-97.59785,513383733.0,False
263,Military_Highway_Substation,MILITARY HIGHWAY SUBSTATION,138.0,PQ,0.0,0.0,3,3,SOUTH,25.93653,-97.53611,513383712.0,False
264,Los_Fresnos_Substation,LOS FRESNOS SUBSTATION,138.0,PQ,0.0,0.0,3,3,SOUTH,26.07672,-97.52333,513362352.0,False
265,Laureles_Substation,LAURELES SUBSTATION,138.0,PQ,0.0,0.0,3,3,SOUTH,26.12269,-97.54732,513362345.0,False
266,Port_Isabel_Substation,PORT ISABEL SUBSTATION,138.0,PQ,0.0,0.0,3,3,SOUTH,26.09465,-97.29966,513362337.0,False
267,Causeway_Substation,CAUSEWAY SUBSTATION,138.0,PQ,0.0,0.0,3,3,SOUTH,26.07284,-97.20347,513362331.0,False
268,Union_Carbide_Substation_268,UNION CARBIDE SUBSTATION,138.0,PQ,0.0,0.0,3,3,SOUTH,25.96812,-97.37516,513362319.0,False
269,Loma_Alta_Substation,LOMA ALTA SUBSTATION,138.0,PQ,0.0,0.0,3,3,SOUTH,25.97718,-97.38449,513362318.0,False
270,Titan_Tire_Substation,TITAN TIRE SUBSTATION,138.0,PQ,0.0,0.0,3,3,SOUTH,25.99466,-97.47803,513362307.0,False
271,Palo_Alto_Substation,PALO ALTO SUBSTATION,138.0,PQ,0.0,0.0,3,3,SOUTH,26.00206,-97.51416,513362299.0,False
272,Olmito_Substation,OLMITO SUBSTATION,138.0,PQ,0.0,0.0,3,3,SOUTH,26.00148,-97.5199,513362297.0,False
273,Highway_511_Substation,HIGHWAY 511 SUBSTATION,138.0,PQ,0.0,0.0,3,3,SOUTH,25.93759,-97.40808,513362277.0,False
274,Coffee_Port_Substation,COFFEE PORT SUBSTATION,138.0,PQ,0.0,0.0,3,3,SOUTH,25.93804,-97.42627,513362274.0,False
275,Waterport_Substation,WATERPORT SUBSTATION,138.0,PQ,0.0,0.0,3,3,SOUTH,25.95329,-97.41255,513362268.0,False
276,North_Weslaco_Substation,NORTH WESLACO SUBSTATION,138.0,PQ,0.0,0.0,3,3,SOUTH,26.22961,-97.99149,513282730.0,False
277,North_Mercedes_Substation,NORTH MERCEDES SUBSTATION,138.0,PQ,0.0,0.0,3,3,SOUTH,26.23051,-97.91182,513282723.0,False
278,South_Santa_Rosa_Substation,SOUTH SANTA ROSA SUBSTATION,138.0,PQ,0.0,0.0,3,3,SOUTH,26.23136,-97.82396,513282710.0,False
279,Weslaco_Substation,WESLACO SUBSTATION,138.0,PQ,0.0,0.0,3,3,SOUTH,26.2326,-97.97545,513282685.0,False
280,Heidelberg_Substation,HEIDELBERG SUBSTATION,138.0,PQ,0.0,0.0,3,3,SOUTH,26.22855,-97.88762,513282682.0,False
281,Weslaco_Unit_Substation,WESLACO UNIT SUBSTATION,138.0,PQ,0.0,0.0,3,3,SOUTH,26.15485,-98.00839,513282645.0,False
282,Wesmer_Substation,WESMER SUBSTATION,138.0,PQ,0.0,0.0,3,3,SOUTH,26.1376,-97.94226,513282639.0,False
283,Rangerville_Substation,RANGERVILLE SUBSTATION,138.0,PQ,0.0,0.0,3,3,SOUTH,26.11995,-97.72319,513282630.0,False
285,Haine_Drive_Substation,HAINE DRIVE SUBSTATION,138.0,PQ,0.0,0.0,3,3,SOUTH,26.16719,-97.65089,513282587.0,False
286,Merett_Substation,MERETT SUBSTATION,138.0,PQ,0.0,0.0,3,3,SOUTH,26.27062,-98.17916,513155645.0,False
287,Pharr_Substation,PHARR SUBSTATION,138.0,PQ,0.0,0.0,3,3,SOUTH,26.2655,-98.14804,513155640.0,False
288,Hall_Acres_Road_Substation,HALL ACRES ROAD SUBSTATION,138.0,PQ,0.0,0.0,3,3,SOUTH,26.16831,-98.20519,513155639.0,False
289,Polk_Avenue_Substation,POLK AVENUE SUBSTATION,138.0,PQ,0.0,0.0,3,3,SOUTH,26.20606,-98.1969,513155632.0,False
290,Pharr_Substation_290,PHARR SUBSTATION,138.0,PQ,0.0,0.0,3,3,SOUTH,26.23726,-98.17422,513155629.0,False
291,Azteca_Substation,AZTECA SUBSTATION,138.0,PQ,0.0,0.0,3,3,SOUTH,26.32267,-98.16202,513155614.0,False
292,Southeast_Edinburg_Substation,SOUTHEAST EDINBURG SUBSTATION,138.0,PQ,0.0,0.0,3,3,SOUTH,26.28794,-98.14507,513155609.0,False
293,Aderhold_Substation,ADERHOLD SUBSTATION,138.0,PQ,0.0,0.0,3,3,SOUTH,26.30422,-98.08395,513155601.0,False
294,Elsa_Substation,ELSA SUBSTATION,138.0,PQ,0.0,0.0,3,3,SOUTH,26.29275,-98.01043,513155599.0,False
295,Weslaco_Switching_Station,WESLACO SWITCHING STATION,138.0,PQ,0.0,0.0,3,3,SOUTH,26.22939,-98.00874,513155594.0,False
296,Val_Verde_Substation,VAL VERDE SUBSTATION,138.0,PQ,0.0,0.0,3,3,SOUTH,26.234,-98.08054,513155575.0,False
297,Alberta_Switching_Station,ALBERTA SWITCHING STATION,138.0,PQ,0.0,0.0,3,3,SOUTH,26.25022,-98.13584,513155571.0,False
298,North_Alamo_Substation,NORTH ALAMO SUBSTATION,138.0,PQ,0.0,0.0,3,3,SOUTH,26.23098,-98.11342,513155565.0,False
299,Gandy_Substation,GANDY SUBSTATION,138.0,PQ,0.0,0.0,3,3,SOUTH,26.18963,-98.00819,513155561.0,False
300,Sioux_Substation,SIOUX SUBSTATION,138.0,PQ,0.0,0.0,3,3,SOUTH,26.20809,-98.05769,513155552.0,False
301,Doedyns_Substation,DOEDYNS SUBSTATION,138.0,PQ,0.0,0.0,3,3,SOUTH,26.21464,-98.14563,513155544.0,False
302,El_Gato_Substation,EL GATO SUBSTATION,138.0,PQ,0.0,0.0,3,3,SOUTH,26.16763,-98.09776,513155541.0,False
303,Mayberry_Substation,MAYBERRY SUBSTATION,138.0,PQ,0.0,0.0,3,3,SOUTH,26.18795,-98.32153,512936565.0,False
304,Sharyland_Substation,SHARYLAND SUBSTATION,138.0,PQ,0.0,0.0,3,3,SOUTH,26.20327,-98.28429,512936557.0,False
305,Taylor_Road_Substation,TAYLOR ROAD SUBSTATION,138.0,PQ,0.0,0.0,3,3,SOUTH,26.1766,-98.28096,512936552.0,False
306,Railroad_DC_Tie,RAILROAD DC TIE,138.0,PQ,0.0,0.0,3,3,SOUTH,26.16727,-98.32309,512936551.0,False
307,South_Mission_Substation,SOUTH MISSION SUBSTATION,138.0,PQ,0.0,0.0,3,3,SOUTH,26.20914,-98.33357,512936506.0,False
308,Bentsen_Substation,BENTSEN SUBSTATION,138.0,PQ,0.0,0.0,3,3,SOUTH,26.1509,-98.29106,512936500.0,False
309,South_McAllen_Substation,SOUTH MCALLEN SUBSTATION,138.0,PQ,0.0,0.0,3,3,SOUTH,26.1607,-98.25168,512936494.0,False
310,West_McAllen_Substation,WEST MCALLEN SUBSTATION,138.0,PQ,0.0,0.0,3,3,SOUTH,26.2014,-98.25491,512936469.0,False
311,Hidalgo_Substation,HIDALGO SUBSTATION,138.0,PQ,0.0,0.0,3,3,SOUTH,26.11169,-98.25558,512936467.0,False
312,Hi_Line_Substation,HI LINE SUBSTATION,138.0,PQ,0.0,0.0,3,3,SOUTH,26.10314,-98.21409,512936460.0,False
313,Stewart_Road_Substation,STEWART ROAD SUBSTATION,138.0,PQ,0.0,0.0,3,3,SOUTH,26.12531,-98.15396,512936455.0,False
314,Las_Milpas_Substation,LAS MILPAS SUBSTATION,138.0,PQ,0.0,0.0,3,3,SOUTH,26.13925,-98.19447,512936439.0,False
315,Frontera_Substation,FRONTERA SUBSTATION,138.0,PQ,0.0,0.0,3,3,SOUTH,26.21781,-98.39728,512644995.0,False
316,Bates_Substation,BATES SUBSTATION,138.0,PQ,0.0,0.0,3,3,SOUTH,26.22096,-98.3967,512644976.0,False
317,Palmview_Substation,PALMVIEW SUBSTATION,138.0,PQ,0.0,0.0,3,3,SOUTH,26.23515,-98.36649,512644974.0,False
318,Palmhurst_Substation,PALMHURST SUBSTATION,138.0,PQ,0.0,0.0,3,3,SOUTH,26.26114,-98.33394,512644961.0,False
319,Key_Switching_Station,KEY SWITCHING STATION,138.0,PQ,0.0,0.0,3,3,SOUTH,26.26081,-98.29736,512644955.0,False
320,Alton_Substation,ALTON SUBSTATION,138.0,PQ,0.0,0.0,3,3,SOUTH,26.26903,-98.29289,512644942.0,False
321,West_Edinburg_Substation,WEST EDINBURG SUBSTATION,138.0,PQ,0.0,0.0,3,3,SOUTH,26.31732,-98.23419,512644940.0,False
322,Palmhurst_Substation_322,PALMHURST SUBSTATION,138.0,PQ,0.0,0.0,3,3,SOUTH,26.27195,-98.23791,512644931.0,False
324,North_McAllen_Substation,NORTH MCALLEN SUBSTATION,138.0,PQ,0.0,0.0,3,3,SOUTH,26.24787,-98.23861,512644918.0,False
325,Rio_Grande_City_Substation,RIO GRANDE CITY SUBSTATION,138.0,PQ,0.0,0.0,3,3,SOUTH,26.39256,-98.81951,512360983.0,False
326,Roma_Substation,ROMA SUBSTATION,138.0,PQ,0.0,0.0,3,3,SOUTH,26.42264,-99.02203,512360966.0,False
327,Garceno_Substation,GARCENO SUBSTATION,138.0,PQ,0.0,0.0,3,3,SOUTH,26.411,-98.93678,512360957.0,False
328,La_Grulla_Substation,LA GRULLA SUBSTATION,138.0,PQ,0.0,0.0,3,3,SOUTH,26.30656,-98.63497,512360955.0,False
329,Goodwin_Substation,GOODWIN SUBSTATION,138.0,PQ,0.0,0.0,3,3,SOUTH,26.24522,-98.45156,512360947.0,False
330,Rachal_Substation,RACHAL SUBSTATION,138.0,PQ,0.0,0.0,3,3,SOUTH,26.89009,-98.16386,512117439.0,False
331,Los_Mirasoles_Substation,LOS MIRASOLES SUBSTATION,345.0,PQ,0.0,0.0,3,3,SOUTH,26.49254,-98.44845,512054197.0,False
332,Red_Gate_Substation,RED GATE SUBSTATION,138.0,PQ,0.0,0.0,3,3,SOUTH,26.4497,-98.17723,512042681.0,False
333,Citrus_City_Substation,CITRUS CITY SUBSTATION,138.0,PQ,0.0,0.0,3,3,SOUTH,26.32098,-98.3515,512042596.0,False
334,Moore_Field_Substation,MOORE FIELD SUBSTATION,138.0,PQ,0.0,0.0,3,3,SOUTH,26.35959,-98.31537,512042595.0,False
335,Paredes_Switching_Station,PAREDES SWITCHING STATION,138.0,PQ,0.0,0.0,3,3,SOUTH,26.1955,-97.46648,512007650.0,False
336,East_Rio_Hondo_Substation,EAST RIO HONDO SUBSTATION,138.0,PQ,0.0,0.0,3,3,SOUTH,26.22741,-97.53416,512007640.0,False
337,San_Roman_Wind_Substation,SAN ROMAN WIND SUBSTATION,138.0,PQ,0.0,0.0,3,3,SOUTH,26.09306,-97.38657,512007636.0,False
338,Central_Avenue_Substation,CENTRAL AVENUE SUBSTATION,138.0,PQ,0.0,0.0,3,3,SOUTH,25.9538,-97.4456,512007635.0,False
339,Red_Fish_Substation,RED FISH SUBSTATION,138.0,PQ,0.0,0.0,3,3,SOUTH,26.47593,-97.69104,511815207.0,False
340,Trees_Substation,TREES SUBSTATION,138.0,PQ,0.0,0.0,3,3,SOUTH,26.32144,-97.59943,511815206.0,False
341,ThePalm_Substation,THEPALM SUBSTATION,138.0,PQ,0.0,0.0,3,3,SOUTH,26.345,-97.67068,511815201.0,False
342,Las_Pulgas_Substation,LAS PULGAS SUBSTATION,138.0,PQ,0.0,0.0,3,3,SOUTH,26.46106,-97.75067,511815171.0,False
343,Crestonio_Substation,CRESTONIO SUBSTATION,138.0,PQ,0.0,0.0,3,3,SOUTH,27.36537,-98.59787,511539471.0,False
344,Falfurrias_Substation,FALFURRIAS SUBSTATION,138.0,PQ,0.0,0.0,3,3,SOUTH,27.24211,-98.14237,511539470.0,False
345,Baffin_Substation,BAFFIN SUBSTATION,345.0,PQ,0.0,0.0,3,3,SOUTH,27.18401,-97.59708,511539430.0,False
346,Marana_Switchyard,MARANA SWITCHYARD,345.0,PQ,0.0,0.0,3,3,SOUTH,27.10334,-97.52965,511539422.0,False
347,Loyola_Substation,LOYOLA SUBSTATION,138.0,PQ,0.0,0.0,3,3,SOUTH,27.31851,-97.81027,511539404.0,False
348,Mill_Creek_Substation,MILL CREEK SUBSTATION,138.0,PQ,0.0,0.0,3,3,SOUTH,30.18281,-96.57991,511344263.0,False
349,Sandy_Hill_Substation,SANDY HILL SUBSTATION,138.0,PQ,0.0,0.0,3,3,SOUTH,30.2779,-96.32725,511344241.0,False
350,Round_Top_Substation,ROUND TOP SUBSTATION,138.0,PQ,0.0,0.0,3,3,SOUTH,30.07784,-96.71073,511344195.0,False
351,Frelsburg_Substation,FRELSBURG SUBSTATION,138.0,PQ,0.0,0.0,3,3,SOUTH,29.83564,-96.61599,511344014.0,False
352,Fayette_River_Pump_Substation,FAYETTE RIVER PUMP SUBSTATION,138.0,PQ,0.0,0.0,3,3,SOUTH,29.86843,-96.77544,511343978.0,False
353,Warda_Substation,WARDA SUBSTATION,138.0,PQ,0.0,0.0,3,3,SOUTH,30.05025,-96.92084,511133298.0,False
354,Deanville_Substation,DEANVILLE SUBSTATION,138.0,PQ,0.0,0.0,3,3,SOUTH,30.42713,-96.80134,511133297.0,False
355,Lyons_Substation,LYONS SUBSTATION,138.0,PQ,0.0,0.0,3,3,SOUTH,30.39429,-96.57341,511133242.0,False
356,Gay_Hill_Substation,GAY HILL SUBSTATION,138.0,PQ,0.0,0.0,3,3,SOUTH,30.27105,-96.47169,511133231.0,False
357,Yorktown_Substation,YORKTOWN SUBSTATION,138.0,PQ,0.0,0.0,3,3,SOUTH,28.97476,-97.49862,511105772.0,False
358,FM_237_Yorktown_Substation,FM 237 YORKTOWN SUBSTATION,138.0,PQ,0.0,0.0,3,3,SOUTH,28.98796,-97.48108,511105767.0,False
360,Gillette_Substation,GILLETTE SUBSTATION,138.0,PQ,0.0,0.0,3,3,SOUTH,29.23274,-97.72794,511105726.0,False
361,Winchester_Power_Park_Substation,WINCHESTER POWER PARK SUBSTATION,138.0,PQ,0.0,0.0,3,3,SOUTH,30.02543,-96.99492,510839019.0,False
362,Plum_Substation,PLUM SUBSTATION,138.0,PQ,0.0,0.0,3,3,SOUTH,29.94394,-97.01204,510839006.0,False
363,Schulenburg_Substation,SCHULENBURG SUBSTATION,138.0,PQ,0.0,0.0,3,3,SOUTH,29.67244,-96.9077,510839000.0,False
364,Weimar_Substation,WEIMAR SUBSTATION,138.0,PQ,0.0,0.0,3,3,SOUTH,29.68362,-96.78366,510838997.0,False
365,Hallettsville_Substation,HALLETTSVILLE SUBSTATION,138.0,PQ,0.0,0.0,3,3,SOUTH,29.42936,-96.98764,510838962.0,False
366,Mont_Substation,MONT SUBSTATION,138.0,PQ,0.0,0.0,3,3,SOUTH,29.40107,-97.00924,510838953.0,False
367,Sweet_Home_Substation,SWEET HOME SUBSTATION,138.0,PQ,0.0,0.0,3,3,SOUTH,29.35804,-97.0413,510838950.0,False
368,Pilot_Grove_Substation,PILOT GROVE SUBSTATION,138.0,PQ,0.0,0.0,3,3,SOUTH,29.32406,-97.08832,510838933.0,False
369,Riverside_Substation,RIVERSIDE SUBSTATION,138.0,PQ,0.0,0.0,3,3,SOUTH,29.92743,-96.91999,510838851.0,False
370,La_Grange_Substation,LA GRANGE SUBSTATION,138.0,PQ,0.0,0.0,3,3,SOUTH,29.93282,-96.87433,510838849.0,False
371,Fayette_Plant_2_Substation,FAYETTE PLANT #2 SUBSTATION,345.0,PQ,0.0,0.0,3,3,SOUTH,29.91346,-96.75604,510838837.0,False
372,Milano_Substation,MILANO SUBSTATION,138.0,PQ,0.0,0.0,3,3,SOUTH,30.76356,-96.86349,510537907.0,False
373,Phillips_Coal_Substation,PHILLIPS COAL SUBSTATION,138.0,PQ,0.0,0.0,1,1,NORTH,31.09647,-96.67274,510537844.0,False
374,Southwood_Valley_Substation,SOUTHWOOD VALLEY SUBSTATION,138.0,PQ,0.0,0.0,1,1,NORTH,30.59392,-96.31049,510128608.0,False
375,Dowling_Road_Substation,DOWLING ROAD SUBSTATION,138.0,PQ,0.0,0.0,1,1,NORTH,30.58564,-96.33351,510128606.0,False
376,Snook_Substation,SNOOK SUBSTATION,138.0,PQ,0.0,0.0,3,3,SOUTH,30.53662,-96.44996,510128582.0,False
377,Koppe_Bridge_Substation,KOPPE BRIDGE SUBSTATION,138.0,PQ,0.0,0.0,1,1,NORTH,30.53292,-96.31136,510128574.0,False
378,Millican_Substation,MILLICAN SUBSTATION,138.0,PQ,0.0,0.0,1,1,NORTH,30.47555,-96.21605,510128566.0,False
379,Wellborn_Switching_Station,WELLBORN SWITCHING STATION,138.0,PQ,0.0,0.0,1,1,NORTH,30.50083,-96.25268,510128545.0,False
380,Highway_6_Substation,HIGHWAY 6 SUBSTATION,138.0,PQ,0.0,0.0,1,1,NORTH,30.44034,-96.13105,510128532.0,False
381,Thorndale_North_Substation,THORNDALE NORTH SUBSTATION,138.0,PQ,0.0,0.0,3,3,SOUTH,30.62,-97.21114,509663251.0,False
382,Salty_Substation,SALTY SUBSTATION,138.0,PQ,0.0,0.0,3,3,SOUTH,30.59623,-97.1326,509663249.0,False
383,Rockdale_Substation,ROCKDALE SUBSTATION,138.0,PQ,0.0,0.0,3,3,SOUTH,30.671,-97.01895,509663242.0,False
384,Talbert_Ridge_Substation,TALBERT RIDGE SUBSTATION,138.0,PQ,0.0,0.0,3,3,SOUTH,30.68444,-96.96803,509663233.0,False
385,Potranco_Substation,POTRANCO SUBSTATION,138.0,PQ,0.0,0.0,3,3,SOUTH,29.44606,-98.65751,509607715.0,False
386,Smithville_Substation,SMITHVILLE SUBSTATION,138.0,PQ,0.0,0.0,3,3,SOUTH,30.02051,-97.15783,509586604.0,False
387,Butler_Substation_387,BUTLER SUBSTATION,138.0,PQ,0.0,0.0,3,3,SOUTH,30.38949,-97.32484,509586593.0,False
388,Paige_Substation,PAIGE SUBSTATION,138.0,PQ,0.0,0.0,3,3,SOUTH,30.2144,-97.13484,509586591.0,False
389,Daffan_Gin_Substation,DAFFAN GIN SUBSTATION,138.0,PQ,0.0,0.0,3,3,SOUTH,30.30959,-97.61541,509273341.0,False
390,Cameron_Substation,CAMERON SUBSTATION,138.0,PQ,0.0,0.0,3,3,SOUTH,30.33983,-97.68625,509006502.0,False
391,McNeil_Substation,MCNEIL SUBSTATION,138.0,PQ,0.0,0.0,3,3,SOUTH,30.39506,-97.68926,509006493.0,False
392,McNeil_Substation_392,MCNEIL SUBSTATION,138.0,PQ,0.0,0.0,3,3,SOUTH,30.39303,-97.68925,509006454.0,False
393,Bullick_Hollow_Substation,BULLICK HOLLOW SUBSTATION,138.0,PQ,0.0,0.0,3,3,SOUTH,30.40322,-97.85696,508684669.0,False
394,Rohr_Substation,ROHR SUBSTATION,138.0,PQ,0.0,0.0,3,3,SOUTH,29.93559,-97.87895,508455364.0,False
395,Goforth_Substation,GOFORTH SUBSTATION,138.0,PQ,0.0,0.0,3,3,SOUTH,29.99245,-97.8416,508455349.0,False
396,Buda_Substation,BUDA SUBSTATION,138.0,PQ,0.0,0.0,3,3,SOUTH,30.07541,-97.85145,508455310.0,False
397,Friendship_Substation,FRIENDSHIP SUBSTATION,138.0,PQ,0.0,0.0,3,3,SOUTH,30.16685,-97.94526,508455308.0,False
398,Walnut_Springs_Switching_Station,WALNUT SPRINGS SWITCHING STATION,138.0,PQ,0.0,0.0,1,1,NORTH,32.06883,-97.74786,508017066.0,False
399,Diboll_Substation_399,DIBOLL SUBSTATION,138.0,PQ,0.0,0.0,1,1,NORTH,31.1939,-94.79553,507436950.0,False
400,Lufkin_Hill_Street_Substation,LUFKIN HILL STREET SUBSTATION,138.0,PQ,0.0,0.0,1,1,NORTH,31.34923,-94.74644,507408066.0,False
401,Brownwood_Substation,BROWNWOOD SUBSTATION,138.0,PQ,0.0,0.0,1,1,NORTH,31.71859,-98.97424,507399309.0,False
402,Coleman_Substation,COLEMAN SUBSTATION,138.0,PQ,0.0,0.0,4,4,WEST,31.81451,-99.40411,507399268.0,False
403,Lake_Ivie_Pump_Substation,LAKE IVIE PUMP SUBSTATION,138.0,PQ,0.0,0.0,4,4,WEST,31.5778,-99.72147,507399267.0,False
404,Lake_Ivie_Booster_Substation,LAKE IVIE BOOSTER SUBSTATION,138.0,PQ,0.0,0.0,4,4,WEST,31.85543,-99.78795,507399263.0,False
405,Shiloh_Substation,SHILOH SUBSTATION,138.0,PQ,0.0,0.0,1,1,NORTH,31.89297,-98.57283,507399215.0,False
406,Comanche_Substation,COMANCHE SUBSTATION,138.0,PQ,0.0,0.0,1,1,NORTH,31.89425,-98.60554,507399213.0,False
407,Hasse_Substation,HASSE SUBSTATION,138.0,PQ,0.0,0.0,1,1,NORTH,31.92445,-98.50414,507399209.0,False
408,Central_Angelina_Substation,CENTRAL ANGELINA SUBSTATION,138.0,PQ,0.0,0.0,1,1,NORTH,31.44315,-94.77973,507111870.0,False
409,Hudson_Substation,HUDSON SUBSTATION,138.0,PQ,0.0,0.0,1,1,NORTH,31.33089,-94.77159,506852029.0,False
410,Logan_s_Gap_Wind_Substation,LOGAN'S GAP WIND SUBSTATION,138.0,PQ,0.0,0.0,1,1,NORTH,31.80298,-98.69439,505646297.0,False
411,Brownwood_Switching_Station,BROWNWOOD SWITCHING STATION,138.0,PQ,0.0,0.0,1,1,NORTH,31.66076,-98.92039,505391245.0,False
412,Camp_Bowie_Substation,CAMP BOWIE SUBSTATION,138.0,PQ,0.0,0.0,1,1,NORTH,31.63619,-98.96055,505391239.0,False
413,Mercers_Gap_Switching_Station,MERCERS GAP SWITCHING STATION,138.0,PQ,0.0,0.0,1,1,NORTH,31.81762,-98.66702,505391234.0,False
414,Zephyr_Substation,ZEPHYR SUBSTATION,138.0,PQ,0.0,0.0,1,1,NORTH,31.70946,-98.86165,505391231.0,False
415,San_Saba_Switching_Substation,SAN SABA SWITCHING SUBSTATION,138.0,PQ,0.0,0.0,3,3,SOUTH,31.2359,-98.67197,505345718.0,False
416,Evant_Substation,EVANT SUBSTATION,138.0,PQ,0.0,0.0,3,3,SOUTH,31.43355,-98.17323,505345705.0,False
417,Goldthwaite_Wind_Substation,GOLDTHWAITE WIND SUBSTATION,138.0,PQ,0.0,0.0,1,1,NORTH,31.41494,-98.51195,505345704.0,False
418,San_Saba_Substation,SAN SABA SUBSTATION,138.0,PQ,0.0,0.0,3,3,SOUTH,31.19216,-98.6902,505345701.0,False
419,Lometa_Substation,LOMETA SUBSTATION,138.0,PQ,0.0,0.0,3,3,SOUTH,31.21535,-98.39085,505090280.0,False
420,Devils_River_Substation,DEVILS RIVER SUBSTATION,138.0,PQ,0.0,0.0,4,4,WEST,29.83943,-100.79681,505063527.0,False
421,Graphine_Mine_Substation,GRAPHINE MINE SUBSTATION,138.0,PQ,0.0,0.0,3,3,SOUTH,30.80652,-98.35328,504849115.0,False
422,Dobbyville_Substation,DOBBYVILLE SUBSTATION,138.0,PQ,0.0,0.0,3,3,SOUTH,30.95254,-98.26269,504849114.0,False
423,E_Babe_Smith_Substation,E. BABE SMITH SUBSTATION,138.0,PQ,0.0,0.0,3,3,SOUTH,30.9915,-98.19826,504849112.0,False
424,Naruna_Substation,NARUNA SUBSTATION,138.0,PQ,0.0,0.0,3,3,SOUTH,31.04763,-98.1909,504849109.0,False
425,Kempner_Substation,KEMPNER SUBSTATION,138.0,PQ,0.0,0.0,3,3,SOUTH,31.09131,-98.05401,504849106.0,False
426,Copperas_Cove_Substation,COPPERAS COVE SUBSTATION,138.0,PQ,0.0,0.0,3,3,SOUTH,31.10984,-97.96103,504849103.0,False
427,Lampasas_Substation,LAMPASAS SUBSTATION,138.0,PQ,0.0,0.0,3,3,SOUTH,31.08432,-98.18373,504849091.0,False
428,Copperas_Cove_Substation_428,COPPERAS COVE SUBSTATION,138.0,PQ,0.0,0.0,1,1,NORTH,31.1133,-97.9071,504849089.0,False
429,Copperas_Cove_East_Substation,COPPERAS COVE EAST SUBSTATION,138.0,PQ,0.0,0.0,1,1,NORTH,31.11181,-97.87523,504849080.0,False
430,Burnet_Substation,BURNET SUBSTATION,138.0,PQ,0.0,0.0,3,3,SOUTH,30.75922,-98.23738,504783132.0,False
431,Andice_Substation,ANDICE SUBSTATION,138.0,PQ,0.0,0.0,3,3,SOUTH,30.74904,-97.87594,504783096.0,False
432,Blewett_Substation,BLEWETT SUBSTATION,138.0,PQ,0.0,0.0,3,3,SOUTH,29.20026,-100.03804,504707374.0,False
433,Fairland_Substation,FAIRLAND SUBSTATION,138.0,PQ,0.0,0.0,3,3,SOUTH,30.64513,-98.25817,504635078.0,False
434,Coronado_Substation,CORONADO SUBSTATION,138.0,PQ,0.0,0.0,3,3,SOUTH,30.75003,-98.41666,504635067.0,False
435,Sherwood_Shores_Substation,SHERWOOD SHORES SUBSTATION,138.0,PQ,0.0,0.0,3,3,SOUTH,30.60966,-98.38007,504635046.0,False
436,Granite_Mountain_Substation,GRANITE MOUNTAIN SUBSTATION,138.0,PQ,0.0,0.0,3,3,SOUTH,30.58801,-98.29388,504607231.0,False
437,Flatrock_Substation,FLATROCK SUBSTATION,138.0,PQ,0.0,0.0,3,3,SOUTH,30.50978,-98.20608,504607228.0,False
438,Starcke_Substation,STARCKE SUBSTATION,138.0,PQ,0.0,0.0,3,3,SOUTH,30.55233,-98.26127,504607223.0,False
439,Marble_Falls_Substation,MARBLE FALLS SUBSTATION,138.0,PQ,0.0,0.0,3,3,SOUTH,30.55522,-98.2579,504607219.0,False
440,Lakeway_Substation,LAKEWAY SUBSTATION,138.0,PQ,0.0,0.0,3,3,SOUTH,30.37193,-97.94483,504607180.0,False
442,Pitsburg_Substation,PITSBURG SUBSTATION,138.0,PQ,0.0,0.0,3,3,SOUTH,30.76636,-98.67766,504555809.0,False
443,Hollmig_Substation,HOLLMIG SUBSTATION,138.0,PQ,0.0,0.0,3,3,SOUTH,30.25245,-98.88211,504095357.0,False
444,Newton_T_Busby_Substation,NEWTON T. BUSBY SUBSTATION,138.0,PQ,0.0,0.0,4,4,WEST,31.30775,-100.93928,503821677.0,False
445,Ketchum_Mountain_Substation,KETCHUM MOUNTAIN SUBSTATION,138.0,PQ,0.0,0.0,4,4,WEST,31.297,-101.036,503821670.0,False
446,Rock_Hollow_Substation,ROCK HOLLOW SUBSTATION,138.0,PQ,0.0,0.0,4,4,WEST,31.22938,-101.29946,503821664.0,False
447,Wolfberry_Substation,WOLFBERRY SUBSTATION,138.0,PQ,0.0,0.0,4,4,WEST,31.10939,-101.3893,503607834.0,False
448,Yucca_Substation,YUCCA SUBSTATION,138.0,PQ,0.0,0.0,4,4,WEST,30.99048,-101.07742,503607799.0,False
449,Esmeralda_Substation,ESMERALDA SUBSTATION,138.0,PQ,0.0,0.0,4,4,WEST,30.96971,-101.30957,503607788.0,False
450,Santa_Rita_Substation,SANTA RITA SUBSTATION,138.0,PQ,0.0,0.0,4,4,WEST,31.22843,-101.65616,503429665.0,False
451,Long_Loop_Substation,LONG LOOP SUBSTATION,138.0,PQ,0.0,0.0,4,4,WEST,30.8955,-101.99218,503429664.0,False
452,Century_Plant_Substation,CENTURY PLANT SUBSTATION,138.0,PQ,0.0,0.0,4,4,WEST,30.60725,-102.58144,503096019.0,False
453,White_Baker_Substation,WHITE BAKER SUBSTATION,138.0,PQ,0.0,0.0,4,4,WEST,30.88595,-102.42329,503096006.0,False
454,Keo_Substation,KEO SUBSTATION,138.0,PQ,0.0,0.0,4,4,WEST,30.81837,-102.36594,503096004.0,False
455,Patriot_Substation,PATRIOT SUBSTATION,138.0,PQ,0.0,0.0,4,4,WEST,30.75544,-102.46917,503096001.0,False
456,Ligon_Substation,LIGON SUBSTATION,138.0,PQ,0.0,0.0,4,4,WEST,30.83299,-102.37236,503095997.0,False
457,Tombstone_Substation,TOMBSTONE SUBSTATION,138.0,PQ,0.0,0.0,4,4,WEST,31.00241,-102.67906,502934818.0,False
458,Woodward_Wind_2_Substation,WOODWARD WIND 2 SUBSTATION,138.0,PQ,0.0,0.0,4,4,WEST,30.98006,-102.41703,502934809.0,False
459,Woodward_Wind_1_Substation,WOODWARD WIND 1 SUBSTATION,138.0,PQ,0.0,0.0,4,4,WEST,30.95153,-102.48102,502934808.0,False
460,16th_Street_Substation,16TH STREET SUBSTATION,138.0,PQ,0.0,0.0,4,4,WEST,30.90031,-102.87329,502934802.0,False
461,Airport_Substation,AIRPORT SUBSTATION,138.0,PQ,0.0,0.0,4,4,WEST,30.90304,-102.91933,502934795.0,False
462,Fort_Stockton_Plant_Substation,FORT STOCKTON PLANT SUBSTATION,138.0,PQ,0.0,0.0,4,4,WEST,30.92737,-102.95527,502392995.0,False
463,Sun_Valley_Substation,SUN VALLEY SUBSTATION,138.0,PQ,0.0,0.0,4,4,WEST,31.09535,-102.52312,502149302.0,False
464,Oleander_Substation,OLEANDER SUBSTATION,138.0,PQ,0.0,0.0,3,3,SOUTH,26.20666,-97.66465,501854961.0,False
465,Lonestar_Substation,LONESTAR SUBSTATION,138.0,PQ,0.0,0.0,4,4,WEST,31.59418,-103.24838,501745978.0,False
466,Bone_Springs_Tap,BONE SPRINGS TAP,138.0,PQ,0.0,0.0,4,4,WEST,31.54461,-103.41085,501745977.0,False
467,Cochise_Substation,COCHISE SUBSTATION,138.0,PQ,0.0,0.0,4,4,WEST,31.51392,-103.45229,501745975.0,False
468,Barstow_Northwest_Substation,BARSTOW NORTHWEST SUBSTATION,138.0,PQ,0.0,0.0,4,4,WEST,31.49729,-103.47183,501745969.0,False
469,Bone_Springs_Substation,BONE SPRINGS SUBSTATION,138.0,PQ,0.0,0.0,4,4,WEST,31.53126,-103.35574,501745955.0,False
470,Reeves_County_4_Substation,REEVES COUNTY #4 SUBSTATION,138.0,PQ,0.0,0.0,4,4,WEST,31.39634,-103.62567,501745945.0,False
471,IH_20_Substation,IH 20 SUBSTATION,138.0,PQ,0.0,0.0,4,4,WEST,31.39964,-103.49102,501745942.0,False
472,Pecos_Substation_472,PECOS SUBSTATION,138.0,PQ,0.0,0.0,4,4,WEST,31.42938,-103.49854,501745941.0,False
473,Faulkner_Substation,FAULKNER SUBSTATION,138.0,PQ,0.0,0.0,4,4,WEST,31.26113,-103.79328,501745940.0,False
474,Flat_Top_Substation,FLAT TOP SUBSTATION,138.0,PQ,0.0,0.0,4,4,WEST,31.19944,-103.35952,501745939.0,False
475,Barrilla_Draw_Substation,BARRILLA DRAW SUBSTATION,138.0,PQ,0.0,0.0,4,4,WEST,31.25738,-103.43085,501745931.0,False
477,Pyote_Substation,PYOTE SUBSTATION,138.0,PQ,0.0,0.0,4,4,WEST,31.45062,-103.09812,501745920.0,False
478,Birds_of_Prey_Substation,BIRDS OF PREY SUBSTATION,138.0,PQ,0.0,0.0,4,4,WEST,31.37404,-103.42689,501745917.0,False
479,Birds_of_Prey_Tap,BIRDS OF PREY TAP,138.0,PQ,0.0,0.0,4,4,WEST,31.37798,-103.42377,501745914.0,False
480,Quito_Draw_Substation,QUITO DRAW SUBSTATION,138.0,PQ,0.0,0.0,4,4,WEST,31.3246,-103.33815,501745911.0,False
481,Collie_Field_Substation,COLLIE FIELD SUBSTATION,138.0,PQ,0.0,0.0,4,4,WEST,31.41461,-103.46938,501745906.0,False
482,Collie_Field_Tap,COLLIE FIELD TAP,138.0,PQ,0.0,0.0,4,4,WEST,31.38267,-103.46206,501745891.0,False
483,Worsham_Field_Substation,WORSHAM FIELD SUBSTATION,138.0,PQ,0.0,0.0,4,4,WEST,31.35612,-103.33454,501745890.0,False
490,Saragosa_Substation,SARAGOSA SUBSTATION,138.0,PQ,0.0,0.0,4,4,WEST,31.04188,-103.65303,501036527.0,False
491,Solstice_Substation,SOLSTICE SUBSTATION,345.0,PQ,0.0,0.0,4,4,WEST,30.9484,-103.36201,500535889.0,False
492,Hovey_Substation,HOVEY SUBSTATION,138.0,PQ,0.0,0.0,4,4,WEST,30.95259,-103.36146,500535881.0,False
493,Barrilla_Junction_Substation,BARRILLA JUNCTION SUBSTATION,138.0,PQ,0.0,0.0,4,4,WEST,30.94723,-103.36543,500535880.0,False
494,Clovis_Substation,CLOVIS SUBSTATION,138.0,PQ,0.0,0.0,4,4,WEST,30.95342,-103.29188,500535874.0,False
495,Wolf_Bone_Ranch_Substation,WOLF BONE RANCH SUBSTATION,138.0,PQ,0.0,0.0,4,4,WEST,31.23812,-103.21619,500535871.0,False
497,Waha_Substation,WAHA SUBSTATION,138.0,PQ,0.0,0.0,4,4,WEST,31.29358,-103.1133,500535861.0,False
498,Musquiz_Substation,MUSQUIZ SUBSTATION,138.0,PQ,0.0,0.0,4,4,WEST,31.23837,-103.15832,500535858.0,False
499,King_Mountain_Southeast_Substation,KING MOUNTAIN SOUTHEAST SUBSTATION,138.0,PQ,0.0,0.0,4,4,WEST,31.22744,-102.13309,499938068.0,False
500,King_Mountain_Northeast_Substation,KING MOUNTAIN NORTHEAST SUBSTATION,138.0,PQ,0.0,0.0,4,4,WEST,31.27438,-102.17962,499938065.0,False
503,Spudder_Flat_Substation,SPUDDER FLAT SUBSTATION,138.0,PQ,0.0,0.0,4,4,WEST,31.22123,-102.31254,499938053.0,False
504,Arco_Substation,ARCO SUBSTATION,138.0,PQ,0.0,0.0,4,4,WEST,31.44062,-102.45912,499938049.0,False
505,Crane_Substation,CRANE SUBSTATION,138.0,PQ,0.0,0.0,4,4,WEST,31.41084,-102.33728,499938043.0,False
506,Crane_East_Substation,CRANE EAST SUBSTATION,138.0,PQ,0.0,0.0,4,4,WEST,31.43274,-102.13157,499937989.0,False
507,Tex_Harvey_Substation,TEX HARVEY SUBSTATION,138.0,PQ,0.0,0.0,4,4,WEST,31.85346,-101.79135,499731326.0,False
509,Midkiff_Switching_Station,MIDKIFF SWITCHING STATION,138.0,PQ,0.0,0.0,4,4,WEST,31.52092,-101.80784,499731299.0,False
510,Upton_Substation,UPTON SUBSTATION,138.0,PQ,0.0,0.0,4,4,WEST,31.43845,-101.88493,499731289.0,False
511,Pegasus_South_Substation,PEGASUS SOUTH SUBSTATION,138.0,PQ,0.0,0.0,4,4,WEST,31.66292,-102.22512,499731284.0,False
512,Pegasus_Substation,PEGASUS SUBSTATION,138.0,PQ,0.0,0.0,4,4,WEST,31.74075,-102.21318,499731279.0,False
513,Pleasant_Farms_Substation,PLEASANT FARMS SUBSTATION,138.0,PQ,0.0,0.0,4,4,WEST,31.73987,-102.31635,499731277.0,False
514,Midessa_South_Substation,MIDESSA SOUTH SUBSTATION,345.0,PQ,0.0,0.0,4,4,WEST,31.85812,-102.21605,499322842.0,False
515,Bendix_Substation,BENDIX SUBSTATION,345.0,PQ,0.0,0.0,4,4,WEST,34.10323,-99.11277,498907635.0,False
516,Harlingen_Switching_Station,HARLINGEN SWITCHING STATION,138.0,PQ,0.0,0.0,3,3,SOUTH,26.22228,-97.69833,498385594.0,False
517,West_Childress_Substation,WEST CHILDRESS SUBSTATION,138.0,PQ,0.0,0.0,4,4,WEST,34.41939,-100.2271,498377418.0,False
518,Salt_Fork_Wind_Substation,SALT FORK WIND SUBSTATION,345.0,PQ,0.0,0.0,4,4,WEST,35.1639,-100.94032,498236279.0,False
519,Colbeck_s_Corner_Wind_Farm_Substation,COLBECK'S CORNER WIND FARM SUBSTATION,345.0,PQ,0.0,0.0,4,4,WEST,35.33535,-101.15128,498236265.0,False
520,Hereford_Wind_Substation,HEREFORD WIND SUBSTATION,345.0,PQ,0.0,0.0,4,4,WEST,34.71914,-102.25575,498113609.0,False
521,Mariah_del_Norte_Wind_Substation,MARIAH DEL NORTE WIND SUBSTATION,345.0,PQ,0.0,0.0,4,4,WEST,34.6861,-102.66479,498108717.0,False
522,Briscoe_Wind_Farm_Substation,BRISCOE WIND FARM SUBSTATION,345.0,PQ,0.0,0.0,4,4,WEST,34.39258,-101.31494,498104820.0,False
523,Wake_Wind_Wind_Energy_Substation,WAKE WIND WIND ENERGY SUBSTATION,345.0,PQ,0.0,0.0,4,4,WEST,33.80282,-101.06985,498091624.0,False
524,Bow_Wood_Substation,BOW WOOD SUBSTATION,345.0,PQ,0.0,0.0,3,3,SOUTH,31.4633,-99.54874,498065703.0,False
525,Rattlesnake_Den_Wind_Substation,RATTLESNAKE DEN WIND SUBSTATION,345.0,PQ,0.0,0.0,4,4,WEST,31.74935,-101.46647,498065539.0,False
526,Bedias_Substation,BEDIAS SUBSTATION,138.0,PQ,0.0,0.0,1,1,NORTH,30.67064,-95.98746,496988045.0,False
527,Bryan_Substation_527,BRYAN SUBSTATION,138.0,PQ,0.0,0.0,1,1,NORTH,30.74444,-96.4098,496988001.0,False
528,Speedway_Substation,SPEEDWAY SUBSTATION,138.0,PQ,0.0,0.0,1,1,NORTH,30.54195,-96.21652,496987992.0,False
529,Kurten_Substation,KURTEN SUBSTATION,138.0,PQ,0.0,0.0,1,1,NORTH,30.79979,-96.29303,496987985.0,False
530,Carlos_Substation,CARLOS SUBSTATION,138.0,PQ,0.0,0.0,1,1,NORTH,30.59278,-96.10009,496987964.0,False
531,Triangle_Park_Substation,TRIANGLE PARK SUBSTATION,138.0,PQ,0.0,0.0,1,1,NORTH,30.72541,-96.44937,496987940.0,False
532,Spring_Branch_Substation,SPRING BRANCH SUBSTATION,138.0,PQ,0.0,0.0,2,2,HOUSTON,30.33329,-95.69866,496987889.0,False
533,Mockingbird_Substation_533,MOCKINGBIRD SUBSTATION,138.0,PQ,0.0,0.0,1,1,NORTH,30.37024,-96.09394,496987884.0,False
534,Dobbin_Substation,DOBBIN SUBSTATION,138.0,PQ,0.0,0.0,2,2,HOUSTON,30.35076,-95.78147,496987872.0,False
535,Greens_Prairie_Substation,GREENS PRAIRIE SUBSTATION,138.0,PQ,0.0,0.0,1,1,NORTH,30.55372,-96.2576,496987856.0,False
536,Bootleg_Substation,BOOTLEG SUBSTATION,345.0,PQ,0.0,0.0,4,4,WEST,30.99446,-102.29157,496524852.0,False
537,Sirius_Substation,SIRIUS SUBSTATION,138.0,PQ,0.0,0.0,4,4,WEST,30.98208,-102.27414,496524848.0,False
538,Indian_Mesa_Substation,INDIAN MESA SUBSTATION,138.0,PQ,0.0,0.0,4,4,WEST,30.9791,-102.27131,496524819.0,False
539,Indian_Mesa_Wind_Substation,INDIAN MESA WIND SUBSTATION,138.0,PQ,0.0,0.0,4,4,WEST,30.93161,-102.20174,496524815.0,False
540,Desert_Sky_Wind_Substation,DESERT SKY WIND SUBSTATION,138.0,PQ,0.0,0.0,4,4,WEST,30.916,-102.10975,496524810.0,False
541,Mesa_View_Substation,MESA VIEW SUBSTATION,138.0,PQ,0.0,0.0,4,4,WEST,30.8246,-102.03258,496524806.0,False
543,West_Yates_Substation,WEST YATES SUBSTATION,138.0,PQ,0.0,0.0,4,4,WEST,30.94925,-101.96601,496524798.0,False
545,Glass_Ranch_Substation,GLASS RANCH SUBSTATION,138.0,PQ,0.0,0.0,4,4,WEST,32.18773,-102.00887,496441649.0,False
546,Blossom_Substation,BLOSSOM SUBSTATION,138.0,PQ,0.0,0.0,3,3,SOUTH,29.54666,-98.45938,494445035.0,False
547,Bulverde_Substation,BULVERDE SUBSTATION,138.0,PQ,0.0,0.0,3,3,SOUTH,29.73157,-98.44132,494437114.0,False
548,Cedar_Hill_Switching_Station,CEDAR HILL SWITCHING STATION,138.0,PQ,0.0,0.0,4,4,WEST,32.01434,-100.73899,491401754.0,False
549,Haynes_Substation,HAYNES SUBSTATION,138.0,PQ,0.0,0.0,4,4,WEST,32.44339,-100.39742,491193088.0,False
550,Sweetwater_Downtown_Substation,SWEETWATER DOWNTOWN SUBSTATION,138.0,PQ,0.0,0.0,4,4,WEST,32.46595,-100.40974,491193078.0,False
551,Sweetwater_Wind_2_Substation,SWEETWATER WIND 2 SUBSTATION,138.0,PQ,0.0,0.0,4,4,WEST,32.3309,-100.37986,491193066.0,False
552,Trent_Wind_Farm_Substation,TRENT WIND FARM SUBSTATION,138.0,PQ,0.0,0.0,4,4,WEST,32.44964,-100.23186,491193016.0,False
553,Abilene_South_Substation,ABILENE SOUTH SUBSTATION,138.0,PQ,0.0,0.0,4,4,WEST,32.35897,-99.75146,491192993.0,False
554,Sharp_Substation,SHARP SUBSTATION,138.0,PQ,0.0,0.0,4,4,WEST,32.35996,-99.75484,491192978.0,False
555,Abilene_Northwest_Substation,ABILENE NORTHWEST SUBSTATION,138.0,PQ,0.0,0.0,4,4,WEST,32.50281,-99.78994,491192963.0,False
556,Abilene_Industrial_Park_Substation,ABILENE INDUSTRIAL PARK SUBSTATION,138.0,PQ,0.0,0.0,4,4,WEST,32.46515,-99.81143,491192957.0,False
557,Abilene_Elm_Creek_Substation,ABILENE ELM CREEK SUBSTATION,138.0,PQ,0.0,0.0,4,4,WEST,32.45813,-99.78958,491192955.0,False
558,Turkey_Track_Wind_Substation,TURKEY TRACK WIND SUBSTATION,138.0,PQ,0.0,0.0,4,4,WEST,32.21201,-100.25652,491192926.0,False
559,McElmurray_Substation,MCELMURRAY SUBSTATION,138.0,PQ,0.0,0.0,4,4,WEST,32.46584,-100.13883,491192861.0,False
560,Potter_Substation,POTTER SUBSTATION,138.0,PQ,0.0,0.0,4,4,WEST,32.38711,-99.83677,491192858.0,False
561,Abilene_Twilight_Trails_Substation,ABILENE TWILIGHT TRAILS SUBSTATION,138.0,PQ,0.0,0.0,4,4,WEST,32.41734,-99.78715,491192850.0,False
562,Abilene_Rebecca_Lane_Substation,ABILENE REBECCA LANE SUBSTATION,138.0,PQ,0.0,0.0,4,4,WEST,32.39448,-99.78267,491192848.0,False
563,Wylie_Substation,WYLIE SUBSTATION,138.0,PQ,0.0,0.0,4,4,WEST,32.36808,-99.77644,491192846.0,False
564,Nicole_Switching_Station,NICOLE SWITCHING STATION,138.0,PQ,0.0,0.0,4,4,WEST,32.02352,-100.29031,491192845.0,False
565,Oak_Creek_Switching_Station,OAK CREEK SWITCHING STATION,138.0,PQ,0.0,0.0,4,4,WEST,32.04682,-100.2929,491192844.0,False
566,Fort_Chadbourne_Substation,FORT CHADBOURNE SUBSTATION,138.0,PQ,0.0,0.0,4,4,WEST,32.01699,-100.27449,491192842.0,False
567,Butman_Substation,BUTMAN SUBSTATION,138.0,PQ,0.0,0.0,4,4,WEST,32.44935,-100.07386,491192830.0,False
568,Lufkin_Substation,LUFKIN SUBSTATION,138.0,PQ,0.0,0.0,1,1,NORTH,31.35787,-94.73846,490538264.0,False
569,Andrews_County_Northwest_Substation,ANDREWS COUNTY NORTHWEST SUBSTATION,138.0,PQ,0.0,0.0,4,4,WEST,32.42743,-103.05875,490381952.0,False
570,Gasland_Substation,GASLAND SUBSTATION,138.0,PQ,0.0,0.0,4,4,WEST,32.24976,-102.82749,490381950.0,False
571,Alice_Substation,ALICE SUBSTATION,138.0,PQ,0.0,0.0,3,3,SOUTH,27.72977,-98.08738,490190295.0,False
572,Kingsville_Substation,KINGSVILLE SUBSTATION,138.0,PQ,0.0,0.0,3,3,SOUTH,27.53064,-97.88618,490190283.0,False
573,King_Ranch_Gas_Plant_Substation,KING RANCH GAS PLANT SUBSTATION,138.0,PQ,0.0,0.0,3,3,SOUTH,27.46919,-98.05348,490190282.0,False
574,Celanese_Bishop_Substation,CELANESE BISHOP SUBSTATION,138.0,PQ,0.0,0.0,3,3,SOUTH,27.56048,-97.83038,490190270.0,False
575,Bunsen_Substation,BUNSEN SUBSTATION,138.0,PQ,0.0,0.0,3,3,SOUTH,27.76154,-97.81846,490190261.0,False
576,Kleberg_Substation,KLEBERG SUBSTATION,138.0,PQ,0.0,0.0,3,3,SOUTH,27.49213,-97.85522,490190249.0,False
577,White_River_Substation,WHITE RIVER SUBSTATION,345.0,PQ,0.0,0.0,4,4,WEST,34.05887,-101.17975,490163654.0,False
578,South_Plains_Wind_1_Substation,SOUTH PLAINS WIND 1 SUBSTATION,345.0,PQ,0.0,0.0,4,4,WEST,34.08059,-101.32376,490163650.0,False
579,South_Plains_Wind_2_Substation,SOUTH PLAINS WIND 2 SUBSTATION,345.0,PQ,0.0,0.0,4,4,WEST,34.19611,-101.38128,490163643.0,False
580,Elk_Station_Switchyard,ELK STATION SWITCHYARD,345.0,PQ,0.0,0.0,4,4,WEST,33.8662,-101.83984,490163642.0,False
581,Papalote_Creek_Wind_Farm_Substation,PAPALOTE CREEK WIND FARM SUBSTATION,138.0,PQ,0.0,0.0,3,3,SOUTH,27.95107,-97.42597,489675550.0,False
582,George_West_Substation,GEORGE WEST SUBSTATION,138.0,PQ,0.0,0.0,3,3,SOUTH,28.302,-98.13844,489453647.0,False
583,Orange_Grove_Switching_Station,ORANGE GROVE SWITCHING STATION,138.0,PQ,0.0,0.0,3,3,SOUTH,27.91908,-97.96143,489453644.0,False
584,Karnes_City_Substation,KARNES CITY SUBSTATION,138.0,PQ,0.0,0.0,3,3,SOUTH,28.85884,-97.87869,489376761.0,False
585,Lyssy_Substation,LYSSY SUBSTATION,138.0,PQ,0.0,0.0,3,3,SOUTH,28.89428,-98.12007,489376760.0,False
586,Tuleta_Substation,TULETA SUBSTATION,138.0,PQ,0.0,0.0,3,3,SOUTH,28.59823,-97.78878,489376746.0,False
587,Choate_Substation_587,CHOATE SUBSTATION,138.0,PQ,0.0,0.0,3,3,SOUTH,28.81553,-97.74081,489376730.0,False
588,Choke_Canyon_Substation,CHOKE CANYON SUBSTATION,138.0,PQ,0.0,0.0,3,3,SOUTH,28.45497,-98.21916,489376718.0,False
589,Sigmor_Substation,SIGMOR SUBSTATION,138.0,PQ,0.0,0.0,3,3,SOUTH,28.4553,-98.187,489376714.0,False
590,Three_Rivers_Refinery_Substation,THREE RIVERS REFINERY SUBSTATION,138.0,PQ,0.0,0.0,3,3,SOUTH,28.45851,-98.1907,489376703.0,False
591,Tilden_Substation,TILDEN SUBSTATION,138.0,PQ,0.0,0.0,3,3,SOUTH,28.4594,-98.51846,489376658.0,False
592,George_West_Switching_Station,GEORGE WEST SWITCHING STATION,138.0,PQ,0.0,0.0,3,3,SOUTH,28.40364,-98.19401,489376638.0,False
593,Fowlerton_Substation,FOWLERTON SUBSTATION,345.0,PQ,0.0,0.0,3,3,SOUTH,28.37133,-98.80057,489376594.0,False
594,Los_Angeles_Substation,LOS ANGELES SUBSTATION,138.0,PQ,0.0,0.0,3,3,SOUTH,28.39099,-99.00118,489376589.0,False
595,Champlin_Citgo_West_Substation,CHAMPLIN - CITGO WEST SUBSTATION,138.0,PQ,0.0,0.0,3,3,SOUTH,27.80984,-97.49668,488508198.0,False
596,Koch_Upriver_Substation,KOCH UPRIVER SUBSTATION,138.0,PQ,0.0,0.0,3,3,SOUTH,27.82746,-97.5247,488508177.0,False
597,Hearn_s_Ferry_Substation,HEARN'S FERRY SUBSTATION,138.0,PQ,0.0,0.0,3,3,SOUTH,27.83222,-97.53784,488508130.0,False
598,Clarkwood_Substation,CLARKWOOD SUBSTATION,138.0,PQ,0.0,0.0,3,3,SOUTH,27.82026,-97.53548,488508122.0,False
600,West_Oso_Substation,WEST OSO SUBSTATION,138.0,PQ,0.0,0.0,3,3,SOUTH,27.76615,-97.45219,488508094.0,False
601,Highway_9_Substation,HIGHWAY 9 SUBSTATION,138.0,PQ,0.0,0.0,3,3,SOUTH,27.79647,-97.44592,488508062.0,False
602,Cantwell_Substation,CANTWELL SUBSTATION,138.0,PQ,0.0,0.0,3,3,SOUTH,27.81148,-97.44433,488508005.0,False
603,Mayo_Substation,MAYO SUBSTATION,138.0,PQ,0.0,0.0,3,3,SOUTH,27.90941,-97.42464,488507904.0,False
604,Barney_Davis_Substation,BARNEY DAVIS SUBSTATION,138.0,PQ,0.0,0.0,3,3,SOUTH,27.6078,-97.31308,487230550.0,False
605,Alazan_Substation,ALAZAN SUBSTATION,138.0,PQ,0.0,0.0,3,3,SOUTH,27.55991,-97.50227,487230433.0,False
606,Palmito_Substation,PALMITO SUBSTATION,345.0,PQ,0.0,0.0,3,3,SOUTH,25.98444,-97.38015,487061712.0,False
607,North_Mineola_Substation,NORTH MINEOLA SUBSTATION,138.0,PQ,0.0,0.0,1,1,NORTH,32.68902,-95.47369,478169335.0,False
608,McAdoo_Wind_Energy_Substation,MCADOO WIND ENERGY SUBSTATION,138.0,PQ,0.0,0.0,4,4,WEST,33.75037,-100.99161,468425160.0,False
609,Spur_Substation,SPUR SUBSTATION,138.0,PQ,0.0,0.0,4,4,WEST,33.4737,-100.85722,468425157.0,False
610,Salt_Creek_2_Substation,SALT CREEK #2 SUBSTATION,138.0,PQ,0.0,0.0,4,4,WEST,33.23111,-100.86989,468425155.0,False
611,Salt_Creek_1_Substation,SALT CREEK #1 SUBSTATION,138.0,PQ,0.0,0.0,4,4,WEST,33.22892,-100.88034,468425152.0,False
612,Drumright_Switching_Station,DRUMRIGHT SWITCHING STATION,138.0,PQ,0.0,0.0,4,4,WEST,32.06484,-101.40865,468019569.0,False
613,Forsan_Substation,FORSAN SUBSTATION,138.0,PQ,0.0,0.0,4,4,WEST,32.08031,-101.41675,468019568.0,False
614,Ocotillo_Wind_Substation,OCOTILLO WIND SUBSTATION,138.0,PQ,0.0,0.0,4,4,WEST,32.13194,-101.39381,468019561.0,False
615,Bull_Creek_Wind_Substation,BULL CREEK WIND SUBSTATION,138.0,PQ,0.0,0.0,4,4,WEST,32.92785,-101.5844,467959357.0,False
616,Exxon_Sharon_Ridge_Substation,EXXON SHARON RIDGE SUBSTATION,138.0,PQ,0.0,0.0,4,4,WEST,32.62898,-101.14947,467959353.0,False
617,Brazos_Wind_2_Substation,BRAZOS WIND 2 SUBSTATION,138.0,PQ,0.0,0.0,4,4,WEST,32.93891,-101.31598,467959350.0,False
618,Brazos_Wind_1_Substation,BRAZOS WIND 1 SUBSTATION,138.0,PQ,0.0,0.0,4,4,WEST,32.95261,-101.12965,467959349.0,False
619,Red_Canyon_Wind_Substation,RED CANYON WIND SUBSTATION,138.0,PQ,0.0,0.0,4,4,WEST,32.91879,-101.18475,467959348.0,False
620,Scurry_Switching_Station,SCURRY SWITCHING STATION,138.0,PQ,0.0,0.0,4,4,WEST,32.87121,-100.97494,467959341.0,False
621,Scurry_Chevron_Substation,SCURRY CHEVRON SUBSTATION,138.0,PQ,0.0,0.0,4,4,WEST,32.8128,-100.96086,467959337.0,False
623,Brand_Substation,BRAND SUBSTATION,138.0,PQ,0.0,0.0,4,4,WEST,32.78355,-100.94439,467959316.0,False
624,Bluff_Creek_Substation,BLUFF CREEK SUBSTATION,138.0,PQ,0.0,0.0,4,4,WEST,32.62709,-101.0543,467959305.0,False
625,Knapp_Substation,KNAPP SUBSTATION,138.0,PQ,0.0,0.0,4,4,WEST,32.69163,-101.05242,467959303.0,False
626,Sacroc_Substation,SACROC SUBSTATION,138.0,PQ,0.0,0.0,4,4,WEST,32.74232,-100.98574,467959300.0,False
627,Snyder_Substation,SNYDER SUBSTATION,138.0,PQ,0.0,0.0,4,4,WEST,32.70402,-100.90259,467959259.0,False
628,Camp_Springs_Wind_1_Substation,CAMP SPRINGS WIND 1 SUBSTATION,138.0,PQ,0.0,0.0,4,4,WEST,32.7596,-100.82371,467959247.0,False
629,Golden_Switching_Station,GOLDEN SWITCHING STATION,138.0,PQ,0.0,0.0,4,4,WEST,32.77636,-100.94511,467959246.0,False
630,Sun_Switching_Station,SUN SWITCHING STATION,138.0,PQ,0.0,0.0,4,4,WEST,32.74868,-100.96162,467959245.0,False
631,Alum_Creek_Substation,ALUM CREEK SUBSTATION,138.0,PQ,0.0,0.0,3,3,SOUTH,30.0659,-97.23304,467847272.0,False
632,Stephens_Ranch_Wind_Project_II_Substation,STEPHENS RANCH WIND PROJECT II SUBSTATION,345.0,PQ,0.0,0.0,4,4,WEST,32.98248,-101.66762,466973833.0,False
633,Wadsworth_Substation,WADSWORTH SUBSTATION,230.0,PQ,0.0,0.0,4,4,WEST,33.55682,-101.79928,465471435.0,False
634,Webberville_Solar_Substation,WEBBERVILLE SOLAR SUBSTATION,138.0,PQ,0.0,0.0,3,3,SOUTH,30.24265,-97.50266,462642773.0,False
635,Dunlap_Substation,DUNLAP SUBSTATION,345.0,PQ,0.0,0.0,3,3,SOUTH,30.27511,-97.53971,462642771.0,False
636,Elroy_Substation,ELROY SUBSTATION,138.0,PQ,0.0,0.0,3,3,SOUTH,30.14129,-97.62457,462642719.0,False
637,Stoney_Ridge_Substation,STONEY RIDGE SUBSTATION,138.0,PQ,0.0,0.0,3,3,SOUTH,30.15883,-97.63588,462642706.0,False
638,Wyldwood_Substation,WYLDWOOD SUBSTATION,138.0,PQ,0.0,0.0,3,3,SOUTH,30.1311,-97.47373,462642694.0,False
639,Hillbig_Substation,HILLBIG SUBSTATION,138.0,PQ,0.0,0.0,3,3,SOUTH,30.00556,-97.40441,462642680.0,False
640,Elgin_Substation,ELGIN SUBSTATION,138.0,PQ,0.0,0.0,3,3,SOUTH,30.33467,-97.34057,462642554.0,False
641,Swiftex_Substation,SWIFTEX SUBSTATION,138.0,PQ,0.0,0.0,3,3,SOUTH,30.2026,-97.3127,462642546.0,False
642,Manor_Substation,MANOR SUBSTATION,138.0,PQ,0.0,0.0,3,3,SOUTH,30.34944,-97.50948,462642540.0,False
643,Knob_Creek_Switching_Station,KNOB CREEK SWITCHING STATION,345.0,PQ,0.0,0.0,3,3,SOUTH,31.0562,-97.31296,462426907.0,False
644,Panda_Temple_2_Substation,PANDA TEMPLE 2 SUBSTATION,345.0,PQ,0.0,0.0,3,3,SOUTH,31.05759,-97.31631,462426880.0,False
645,Temple_South_Substation,TEMPLE SOUTH SUBSTATION,138.0,PQ,0.0,0.0,3,3,SOUTH,31.07673,-97.37442,462426850.0,False
646,Killeen_Taft_Street_Substation,KILLEEN TAFT STREET SUBSTATION,138.0,PQ,0.0,0.0,3,3,SOUTH,31.10119,-97.70767,462426821.0,False
647,Harker_Heights_Substation,HARKER HEIGHTS SUBSTATION,138.0,PQ,0.0,0.0,3,3,SOUTH,31.09776,-97.67185,462426819.0,False
648,Nolanville_Substation,NOLANVILLE SUBSTATION,138.0,PQ,0.0,0.0,3,3,SOUTH,31.08706,-97.54497,462426818.0,False
649,Killeen_Fort_Hood_Substation,KILLEEN FORT HOOD SUBSTATION,138.0,PQ,0.0,0.0,3,3,SOUTH,31.13253,-97.76664,462426808.0,False
650,Trimmer_Substation,TRIMMER SUBSTATION,138.0,PQ,0.0,0.0,3,3,SOUTH,31.00786,-97.68159,462426742.0,False
651,Ding_Dong_Substation,DING DONG SUBSTATION,138.0,PQ,0.0,0.0,3,3,SOUTH,30.98728,-97.76668,462426741.0,False
652,Cedar_Valley_Substation,CEDAR VALLEY SUBSTATION,138.0,PQ,0.0,0.0,3,3,SOUTH,30.92927,-97.68633,462426736.0,False
653,Killeen_South_Substation,KILLEEN SOUTH SUBSTATION,138.0,PQ,0.0,0.0,3,3,SOUTH,31.063,-97.76857,462426701.0,False
654,Killeen_Fort_Hood_West_Substation,KILLEEN FORT HOOD WEST SUBSTATION,138.0,PQ,0.0,0.0,3,3,SOUTH,31.10915,-97.81284,462426696.0,False
655,Killeen_Clear_Creek_Substation,KILLEEN CLEAR CREEK SUBSTATION,138.0,PQ,0.0,0.0,3,3,SOUTH,31.10999,-97.82122,462426691.0,False
656,Killeen_Clarke_Road_Substation,KILLEEN CLARKE ROAD SUBSTATION,138.0,PQ,0.0,0.0,1,1,NORTH,31.11039,-97.84338,462426683.0,False
657,Hallsburg_Substation,HALLSBURG SUBSTATION,138.0,PQ,0.0,0.0,1,1,NORTH,31.52428,-97.00575,461754844.0,False
658,Northcrest_Substation,NORTHCREST SUBSTATION,138.0,PQ,0.0,0.0,1,1,NORTH,31.64256,-97.09368,461754805.0,False
659,Waco_Colonial_Avenue_Substation,WACO COLONIAL AVENUE SUBSTATION,138.0,PQ,0.0,0.0,1,1,NORTH,31.54741,-97.16186,461754768.0,False
660,Waco_South_Substation,WACO SOUTH SUBSTATION,138.0,PQ,0.0,0.0,1,1,NORTH,31.52603,-97.13242,461754762.0,False
661,Waco_Lasalle_Substation,WACO LASALLE SUBSTATION,138.0,PQ,0.0,0.0,1,1,NORTH,31.54309,-97.07178,461754757.0,False
662,Waco_M_M_Mars_2_Substation,WACO M&M MARS 2 SUBSTATION,138.0,PQ,0.0,0.0,1,1,NORTH,31.48706,-97.19587,461754752.0,False
663,Cayote_Substation,CAYOTE SUBSTATION,138.0,PQ,0.0,0.0,1,1,NORTH,31.81446,-97.39643,461754710.0,False
664,Windsor_Substation,WINDSOR SUBSTATION,138.0,PQ,0.0,0.0,1,1,NORTH,31.50784,-97.30096,461754705.0,False
665,Groesbeck_Main_Substation,GROESBECK MAIN SUBSTATION,138.0,PQ,0.0,0.0,1,1,NORTH,31.52114,-96.54123,461754673.0,False
666,Mexia_Substation,MEXIA SUBSTATION,138.0,PQ,0.0,0.0,1,1,NORTH,31.68287,-96.48648,461754670.0,False
667,Perry_Substation,PERRY SUBSTATION,138.0,PQ,0.0,0.0,1,1,NORTH,31.44028,-96.87622,461754667.0,False
668,China_Spring_Substation,CHINA SPRING SUBSTATION,138.0,PQ,0.0,0.0,1,1,NORTH,31.67118,-97.30412,461754627.0,False
669,Bosque_Substation,BOSQUE SUBSTATION,138.0,PQ,0.0,0.0,1,1,NORTH,31.68582,-97.37502,461754621.0,False
670,Moody_Substation,MOODY SUBSTATION,138.0,PQ,0.0,0.0,3,3,SOUTH,31.27525,-97.3758,461754618.0,False
671,Moffat_Substation,MOFFAT SUBSTATION,138.0,PQ,0.0,0.0,3,3,SOUTH,31.20398,-97.43756,461754614.0,False
672,Temple_North_Substation,TEMPLE NORTH SUBSTATION,138.0,PQ,0.0,0.0,3,3,SOUTH,31.13412,-97.33608,461754601.0,False
673,Temple_Northwest_Substation,TEMPLE NORTHWEST SUBSTATION,138.0,PQ,0.0,0.0,3,3,SOUTH,31.10937,-97.40241,461754591.0,False
674,Baylor_Substation,BAYLOR SUBSTATION,138.0,PQ,0.0,0.0,1,1,NORTH,31.55079,-97.10432,461754552.0,False
675,Cotton_Belt_Substation,COTTON BELT SUBSTATION,138.0,PQ,0.0,0.0,1,1,NORTH,31.4278,-97.31754,461754522.0,False
676,Spring_Valley_Substation,SPRING VALLEY SUBSTATION,138.0,PQ,0.0,0.0,1,1,NORTH,31.38048,-97.27863,461754517.0,False
677,Steep_Hollow_Substation,STEEP HOLLOW SUBSTATION,138.0,PQ,0.0,0.0,1,1,NORTH,30.68786,-96.26952,461457412.0,False
678,Spinning_Spur_3_Substation,SPINNING SPUR 3 SUBSTATION,345.0,PQ,0.0,0.0,4,4,WEST,35.29713,-102.7103,460593356.0,False
679,Rolling_Hills_Interchange,ROLLING HILLS INTERCHANGE,230.0,PQ,0.0,0.0,4,4,WEST,35.29549,-101.84083,460593338.0,False
682,El_Mar_Substation,EL MAR SUBSTATION,138.0,PQ,0.0,0.0,4,4,WEST,31.78806,-103.61994,460073774.0,False
683,Mason_Substation,MASON SUBSTATION,138.0,PQ,0.0,0.0,4,4,WEST,31.8023,-103.81818,460073773.0,False
684,Permian_Basin_Station,PERMIAN BASIN STATION,138.0,PQ,0.0,0.0,4,4,WEST,31.584,-102.95966,460049101.0,False
685,Wickett_Substation,WICKETT SUBSTATION,138.0,PQ,0.0,0.0,4,4,WEST,31.5979,-103.02129,459878022.0,False
686,Sandhills_Substation,SANDHILLS SUBSTATION,138.0,PQ,0.0,0.0,4,4,WEST,31.52949,-102.67201,459878021.0,False
687,Judkins_Substation,JUDKINS SUBSTATION,138.0,PQ,0.0,0.0,4,4,WEST,31.71639,-102.59718,459878020.0,False
688,Southwestern_Portland_Substation,SOUTHWESTERN PORTLAND  SUBSTATION,138.0,PQ,0.0,0.0,4,4,WEST,31.74699,-102.54482,459878019.0,False
689,Edwards_Substation,EDWARDS SUBSTATION,138.0,PQ,0.0,0.0,4,4,WEST,31.64412,-102.50449,459878018.0,False
690,Goldsmith_Amoco_Substation,GOLDSMITH AMOCO SUBSTATION,138.0,PQ,0.0,0.0,4,4,WEST,31.9907,-102.65311,459878017.0,False
691,Wickett_Substation_691,WICKETT SUBSTATION,138.0,PQ,0.0,0.0,4,4,WEST,31.57564,-103.02387,459878006.0,False
692,Monahans_Substation,MONAHANS SUBSTATION,138.0,PQ,0.0,0.0,4,4,WEST,31.59425,-102.89962,459877989.0,False
693,Helios_Substation,HELIOS SUBSTATION,138.0,PQ,0.0,0.0,3,3,SOUTH,29.22601,-99.6997,459614010.0,False
694,Cheyenne_Substation,CHEYENNE SUBSTATION,138.0,PQ,0.0,0.0,4,4,WEST,31.93467,-103.04445,459231627.0,False
695,Unocal_Dollarhide_Substation,UNOCAL DOLLARHIDE SUBSTATION,138.0,PQ,0.0,0.0,4,4,WEST,32.14634,-103.04221,459231623.0,False
696,Amoco_Three_Bar_Substation,AMOCO THREE-BAR SUBSTATION,138.0,PQ,0.0,0.0,4,4,WEST,32.14502,-102.80582,459231620.0,False
697,Sandridge_Energy_Substation,SANDRIDGE ENERGY SUBSTATION,138.0,PQ,0.0,0.0,4,4,WEST,31.858,-102.6481,459231611.0,False
700,Wink_Substation,WINK SUBSTATION,138.0,PQ,0.0,0.0,4,4,WEST,31.76342,-103.16299,459231564.0,False
701,AA_Pipeline_Substation,AA PIPELINE SUBSTATION,138.0,PQ,0.0,0.0,4,4,WEST,31.76417,-103.17636,459231556.0,False
702,Wink_Substation_702,WINK SUBSTATION,138.0,PQ,0.0,0.0,4,4,WEST,31.76315,-103.14494,459231552.0,False
703,San_Andres_Substation,SAN ANDRES SUBSTATION,138.0,PQ,0.0,0.0,4,4,WEST,32.19172,-102.49756,459158256.0,False
704,Midland_Farms_Substation,MIDLAND FARMS SUBSTATION,138.0,PQ,0.0,0.0,4,4,WEST,32.14587,-102.42575,459158252.0,False
705,Patricia_Substation,PATRICIA SUBSTATION,138.0,PQ,0.0,0.0,4,4,WEST,32.5499,-102.00813,459158248.0,False
706,West_Lamesa_Substation,WEST LAMESA SUBSTATION,138.0,PQ,0.0,0.0,4,4,WEST,32.71568,-102.06029,459158245.0,False
708,Bakke_Substation,BAKKE SUBSTATION,138.0,PQ,0.0,0.0,4,4,WEST,32.29166,-102.53828,459062067.0,False
710,Andrews_County_South_Switching_Station,ANDREWS COUNTY SOUTH SWITCHING STATION,345.0,PQ,0.0,0.0,4,4,WEST,32.16367,-102.77679,459062051.0,False
714,Exxon_Fullerton_Substation,EXXON FULLERTON SUBSTATION,138.0,PQ,0.0,0.0,4,4,WEST,32.4229,-102.79751,459062021.0,False
715,Phillips_Andrews_Substation,PHILLIPS ANDREWS SUBSTATION,138.0,PQ,0.0,0.0,4,4,WEST,32.40918,-102.88663,459062017.0,False
717,Notrees_Switching_Station,NOTREES SWITCHING STATION,138.0,PQ,0.0,0.0,4,4,WEST,32.07677,-102.8763,459061997.0,False
718,Dollarhide_Substation,DOLLARHIDE SUBSTATION,138.0,PQ,0.0,0.0,4,4,WEST,32.08192,-102.87133,459061993.0,False
719,Andrews_Substation_719,ANDREWS SUBSTATION,138.0,PQ,0.0,0.0,4,4,WEST,32.29314,-102.64573,459061983.0,False
720,Key_Substation,KEY SUBSTATION,138.0,PQ,0.0,0.0,4,4,WEST,32.69251,-101.78935,458726882.0,False
721,Gail_Substation,GAIL SUBSTATION,138.0,PQ,0.0,0.0,4,4,WEST,32.65835,-101.45882,458726878.0,False
722,Ackerly_Substation,ACKERLY SUBSTATION,138.0,PQ,0.0,0.0,4,4,WEST,32.59453,-101.78803,458726857.0,False
723,China_Grove_Switching_Station,CHINA GROVE SWITCHING STATION,138.0,PQ,0.0,0.0,4,4,WEST,32.52348,-100.87368,458556059.0,False
724,Buzzard_Draw_Switching_Station,BUZZARD DRAW SWITCHING STATION,138.0,PQ,0.0,0.0,4,4,WEST,32.49806,-101.67721,458556037.0,False
725,Knott_Substation,KNOTT SUBSTATION,138.0,PQ,0.0,0.0,4,4,WEST,32.41472,-101.58965,458556025.0,False
726,Getty_Vealmoor_Substation,GETTY VEALMOOR SUBSTATION,138.0,PQ,0.0,0.0,4,4,WEST,32.4851,-101.36163,458556023.0,False
727,Stanton_East_Substation,STANTON EAST SUBSTATION,138.0,PQ,0.0,0.0,4,4,WEST,32.15857,-101.7579,458321326.0,False
728,Stanton_Substation,STANTON SUBSTATION,138.0,PQ,0.0,0.0,4,4,WEST,32.1386,-101.79663,458321319.0,False
729,Stanton_Wind_Energy_Substation,STANTON WIND ENERGY SUBSTATION,138.0,PQ,0.0,0.0,4,4,WEST,32.21129,-101.819,458321305.0,False
730,Big_Spring_West_Substation,BIG SPRING WEST SUBSTATION,138.0,PQ,0.0,0.0,4,4,WEST,32.24333,-101.50091,458321297.0,False
731,Big_Spring_Air_Park_Substation,BIG SPRING AIR PARK SUBSTATION,138.0,PQ,0.0,0.0,4,4,WEST,32.22782,-101.51386,458321291.0,False
733,Spraberry_Substation,SPRABERRY SUBSTATION,138.0,PQ,0.0,0.0,4,4,WEST,31.84295,-101.97837,458134450.0,False
734,Polecat_Creek_Substation,POLECAT CREEK SUBSTATION,138.0,PQ,0.0,0.0,4,4,WEST,31.99482,-101.48227,458134449.0,False
735,Oxy_South_Curtis_Ranch_Substation,OXY SOUTH CURTIS RANCH SUBSTATION,138.0,PQ,0.0,0.0,4,4,WEST,32.12978,-102.15966,457948592.0,False
736,Fasken_C_Ranch_Substation,FASKEN C RANCH SUBSTATION,138.0,PQ,0.0,0.0,4,4,WEST,32.17687,-102.26893,457948576.0,False
737,Texaco_Mabee_Substation,TEXACO MABEE SUBSTATION,138.0,PQ,0.0,0.0,4,4,WEST,32.20944,-102.22901,457948569.0,False
738,Holt_Switching_Station,HOLT SWITCHING STATION,138.0,PQ,0.0,0.0,4,4,WEST,32.06386,-102.58422,457948567.0,False
739,Goldsmith_South_Substation,GOLDSMITH SOUTH SUBSTATION,138.0,PQ,0.0,0.0,4,4,WEST,31.93,-102.61497,457948545.0,False
740,Goldsmith_Gulf_Substation,GOLDSMITH GULF SUBSTATION,138.0,PQ,0.0,0.0,4,4,WEST,31.97379,-102.63601,457948534.0,False
741,Ector_County_Energy_Center_Substation,ECTOR COUNTY ENERGY CENTER SUBSTATION,138.0,PQ,0.0,0.0,4,4,WEST,32.06997,-102.58612,457948523.0,False
742,Ector_North_Substation,ECTOR NORTH SUBSTATION,138.0,PQ,0.0,0.0,4,4,WEST,31.99462,-102.54927,457948514.0,False
743,North_Cowden_Substation,NORTH COWDEN SUBSTATION,138.0,PQ,0.0,0.0,4,4,WEST,32.00683,-102.4953,457948506.0,False
744,OXY_North_Cowden_Substation,OXY NORTH COWDEN SUBSTATION,138.0,PQ,0.0,0.0,4,4,WEST,32.00605,-102.51674,457948502.0,False
746,XTO_University_Substation,XTO UNIVERSITY SUBSTATION,138.0,PQ,0.0,0.0,4,4,WEST,32.19242,-102.57013,457948488.0,False
748,Amoco_Midland_Farms_Substation,AMOCO MIDLAND FARMS SUBSTATION,138.0,PQ,0.0,0.0,4,4,WEST,32.14202,-102.42496,457948475.0,False
749,Tall_City_Substation,TALL CITY SUBSTATION,138.0,PQ,0.0,0.0,4,4,WEST,32.07487,-102.09013,457746658.0,False
750,Goddard_Substation,GODDARD SUBSTATION,138.0,PQ,0.0,0.0,4,4,WEST,32.03611,-102.12561,457746651.0,False
751,Windwood_Substation,WINDWOOD SUBSTATION,138.0,PQ,0.0,0.0,4,4,WEST,32.01954,-102.07653,457746642.0,False
752,Mockingbird_Substation_752,MOCKINGBIRD SUBSTATION,138.0,PQ,0.0,0.0,4,4,WEST,32.03849,-102.17577,457746630.0,False
753,Midland_County_Northwest_Substation,MIDLAND COUNTY NORTHWEST SUBSTATION,345.0,PQ,0.0,0.0,4,4,WEST,32.03748,-102.24662,457746624.0,False
755,Midessa_Substation,MIDESSA SUBSTATION,138.0,PQ,0.0,0.0,4,4,WEST,31.96703,-102.17523,457746610.0,False
756,Midland_Airport,MIDLAND AIRPORT,138.0,PQ,0.0,0.0,4,4,WEST,31.93558,-102.22976,457746604.0,False
757,Colorado_River_Municipal_Water_District_8_Substa,COLORADO RIVER MUNICIPAL WATER DISTRICT #8 SUBSTATION,138.0,PQ,0.0,0.0,4,4,WEST,31.94866,-102.24683,457746595.0,False
758,Liquid_Air_Substation,LIQUID AIR SUBSTATION,138.0,PQ,0.0,0.0,4,4,WEST,31.83962,-102.33521,457746542.0,False
760,Olefin_Substation,OLEFIN SUBSTATION,138.0,PQ,0.0,0.0,4,4,WEST,31.82735,-102.32717,457746520.0,False
761,Westover_Substation,WESTOVER SUBSTATION,138.0,PQ,0.0,0.0,4,4,WEST,31.83593,-102.44355,457746513.0,False
762,Amoco_South_Foster_Substation,AMOCO SOUTH FOSTER SUBSTATION,138.0,PQ,0.0,0.0,4,4,WEST,31.83907,-102.43885,457746512.0,False
763,Odessa_Southwest_Substation,ODESSA SOUTHWEST SUBSTATION,138.0,PQ,0.0,0.0,4,4,WEST,31.79881,-102.39139,457746500.0,False
764,Big_3_Substation,BIG 3 SUBSTATION,138.0,PQ,0.0,0.0,4,4,WEST,31.81931,-102.34519,457746494.0,False
765,Brown_Substation,BROWN SUBSTATION,138.0,PQ,0.0,0.0,4,4,WEST,32.45476,-101.74558,457051878.0,False
766,Greenwood_Substation,GREENWOOD SUBSTATION,138.0,PQ,0.0,0.0,4,4,WEST,32.02468,-101.91189,457051871.0,False
767,Triangle_Substation,TRIANGLE SUBSTATION,138.0,PQ,0.0,0.0,4,4,WEST,32.12823,-101.81889,457051864.0,False
768,Buffalo_Substation,BUFFALO SUBSTATION,138.0,PQ,0.0,0.0,4,4,WEST,32.10732,-101.86793,457051863.0,False
769,Sale_Ranch_Substation,SALE RANCH SUBSTATION,138.0,PQ,0.0,0.0,4,4,WEST,32.20773,-101.8998,457051860.0,False
770,Koch_Substation,KOCH SUBSTATION,138.0,PQ,0.0,0.0,4,4,WEST,32.48607,-101.65666,457051858.0,False
771,East_Midland_Substation,EAST MIDLAND SUBSTATION,138.0,PQ,0.0,0.0,4,4,WEST,32.04424,-101.99844,457051854.0,False
772,Midkiff_Substation,MIDKIFF SUBSTATION,138.0,PQ,0.0,0.0,4,4,WEST,31.65046,-101.7588,456830261.0,False
773,South_Midland_Substation,SOUTH MIDLAND SUBSTATION,138.0,PQ,0.0,0.0,4,4,WEST,31.95446,-102.01469,456830251.0,False
774,Pembrook_Substation,PEMBROOK SUBSTATION,138.0,PQ,0.0,0.0,4,4,WEST,31.56696,-101.82112,456830244.0,False
775,Driver_Substation,DRIVER SUBSTATION,138.0,PQ,0.0,0.0,4,4,WEST,31.73358,-101.79936,456830241.0,False
776,Skywest_Substation,SKYWEST SUBSTATION,138.0,PQ,0.0,0.0,4,4,WEST,31.71853,-101.93031,456830235.0,False
777,Salt_Flat_Road_Substation,SALT FLAT ROAD SUBSTATION,138.0,PQ,0.0,0.0,4,4,WEST,31.71884,-101.94074,456830229.0,False
778,East_Stiles_Substation,EAST STILES SUBSTATION,138.0,PQ,0.0,0.0,4,4,WEST,31.55974,-101.4798,456629599.0,False
779,Stiles_Substation,STILES SUBSTATION,138.0,PQ,0.0,0.0,4,4,WEST,31.43464,-101.58626,456629589.0,False
780,Barber_Lake_Substation,BARBER LAKE SUBSTATION,138.0,PQ,0.0,0.0,4,4,WEST,32.39976,-100.91558,456417965.0,False
781,Colorado_City_Substation,COLORADO CITY SUBSTATION,138.0,PQ,0.0,0.0,4,4,WEST,32.4184,-100.9439,456417964.0,False
782,Luther_Substation,LUTHER SUBSTATION,138.0,PQ,0.0,0.0,4,4,WEST,32.45981,-101.51591,456417963.0,False
783,Fairview_Substation,FAIRVIEW SUBSTATION,138.0,PQ,0.0,0.0,4,4,WEST,32.36323,-101.48668,456417962.0,False
784,Salem_Substation,SALEM SUBSTATION,138.0,PQ,0.0,0.0,4,4,WEST,32.32058,-101.34991,456417961.0,False
785,Cosden_Substation,COSDEN SUBSTATION,138.0,PQ,0.0,0.0,4,4,WEST,32.27106,-101.42171,456417845.0,False
786,Saint_Lawrence_Substation,SAINT LAWRENCE SUBSTATION,138.0,PQ,0.0,0.0,4,4,WEST,31.71209,-101.49437,456417836.0,False
787,Elbow_Substation,ELBOW SUBSTATION,138.0,PQ,0.0,0.0,4,4,WEST,32.16878,-101.47841,456417835.0,False
788,Big_Hill_Substation,BIG HILL SUBSTATION,345.0,PQ,0.0,0.0,4,4,WEST,31.04642,-100.54129,455566711.0,False
789,Colorado_River_Municipal_Water_District_8_Substa_789,COLORADO RIVER MUNICIPAL WATER DISTRICT #8 SUBSTATION,138.0,PQ,0.0,0.0,4,4,WEST,31.86436,-101.95021,455566704.0,False
791,Parker_Substation,PARKER SUBSTATION,345.0,PQ,0.0,0.0,1,1,NORTH,32.80837,-97.67616,455340216.0,False
792,Romney_Substation,ROMNEY SUBSTATION,345.0,PQ,0.0,0.0,4,4,WEST,32.24491,-98.67376,454919539.0,False
793,Koppril_Substation,KOPPRIL SUBSTATION,345.0,PQ,0.0,0.0,1,1,NORTH,31.95261,-97.86724,454919519.0,False
794,Navarro_Switching_Station,NAVARRO SWITCHING STATION,345.0,PQ,0.0,0.0,1,1,NORTH,31.96453,-96.51863,454919461.0,False
795,East_Bell_County_Substation,EAST BELL COUNTY SUBSTATION,345.0,PQ,0.0,0.0,3,3,SOUTH,31.00464,-97.25983,454919432.0,False
796,Boyd_Substation,BOYD SUBSTATION,138.0,PQ,0.0,0.0,1,1,NORTH,33.02757,-97.54911,454866401.0,False
797,Rhome_Substation,RHOME SUBSTATION,138.0,PQ,0.0,0.0,1,1,NORTH,33.07647,-97.47424,454866386.0,False
798,Briar_Substation,BRIAR SUBSTATION,138.0,PQ,0.0,0.0,1,1,NORTH,32.97919,-97.54965,454866365.0,False
799,Center_Point_Substation,CENTER POINT SUBSTATION,138.0,PQ,0.0,0.0,1,1,NORTH,32.93508,-97.54849,454866354.0,False
800,Peden_Road_Substation,PEDEN ROAD SUBSTATION,138.0,PQ,0.0,0.0,1,1,NORTH,32.94093,-97.45441,454866346.0,False
801,Hicks_Substation,HICKS SUBSTATION,345.0,PQ,0.0,0.0,1,1,NORTH,32.90444,-97.38395,454696267.0,False
802,Aubrey_Substation,AUBREY SUBSTATION,138.0,PQ,0.0,0.0,1,1,NORTH,33.30503,-96.99979,454696064.0,False
803,West_Krum_Substation,WEST KRUM SUBSTATION,345.0,PQ,0.0,0.0,1,1,NORTH,33.32486,-97.31096,454565183.0,False
804,Jim_Treece_Substation,JIM TREECE SUBSTATION,345.0,PQ,0.0,0.0,4,4,WEST,34.23424,-99.43449,454325994.0,False
805,Blue_Summit_Wind_Substation,BLUE SUMMIT WIND SUBSTATION,345.0,PQ,0.0,0.0,4,4,WEST,34.29388,-99.3694,454325983.0,False
806,Gauss_Substation,GAUSS SUBSTATION,345.0,PQ,0.0,0.0,4,4,WEST,33.47915,-99.6617,454066871.0,False
807,Kirchhef_Substation,KIRCHHEF SUBSTATION,345.0,PQ,0.0,0.0,4,4,WEST,32.92545,-100.21704,454066838.0,False
808,Mulberry_Creek_Substation,MULBERRY CREEK SUBSTATION,345.0,PQ,0.0,0.0,4,4,WEST,32.52466,-99.82231,454066818.0,False
809,Grandview_Wind_Farm_1_Substation,GRANDVIEW WIND FARM 1 SUBSTATION,345.0,PQ,0.0,0.0,4,4,WEST,35.25403,-101.18591,453794548.0,False
810,Route_66_Wind_Substation,ROUTE 66 WIND SUBSTATION,345.0,PQ,0.0,0.0,4,4,WEST,35.20581,-101.43505,453794544.0,False
811,Pattern_Panhandle_Wind_2_Substation,PATTERN PANHANDLE WIND 2 SUBSTATION,345.0,PQ,0.0,0.0,4,4,WEST,35.44314,-101.37307,453794513.0,False
812,Railhead_Substation,RAILHEAD SUBSTATION,345.0,PQ,0.0,0.0,4,4,WEST,35.40238,-101.15404,453794498.0,False
813,Pattern_Panhandle_Wind_1_Substation,PATTERN PANHANDLE WIND 1 SUBSTATION,345.0,PQ,0.0,0.0,4,4,WEST,35.41454,-101.25641,453794474.0,False
814,Gray_Substation,GRAY SUBSTATION,345.0,PQ,0.0,0.0,4,4,WEST,35.40797,-100.82017,453794456.0,False
815,Miami_Wind_Substation,MIAMI WIND SUBSTATION,345.0,PQ,0.0,0.0,4,4,WEST,35.62031,-100.54145,453794448.0,False
816,Tesla_Substation,TESLA SUBSTATION,345.0,PQ,0.0,0.0,4,4,WEST,34.37381,-100.08739,453794442.0,False
817,Cross_Substation,CROSS SUBSTATION,345.0,PQ,0.0,0.0,4,4,WEST,34.34392,-100.89453,453794429.0,False
818,Dermott_Substation,DERMOTT SUBSTATION,345.0,PQ,0.0,0.0,4,4,WEST,32.86006,-101.00912,453589361.0,False
819,Cottonwood_Substation,COTTONWOOD SUBSTATION,345.0,PQ,0.0,0.0,4,4,WEST,33.77848,-100.87685,453589317.0,False
820,Tule_Canyon_Substation,TULE CANYON SUBSTATION,345.0,PQ,0.0,0.0,4,4,WEST,34.43239,-101.35997,453589284.0,False
821,Longhorn_Wind_Substation,LONGHORN WIND SUBSTATION,345.0,PQ,0.0,0.0,4,4,WEST,34.31687,-101.24092,453589282.0,False
822,Ogallala_Substation,OGALLALA SUBSTATION,345.0,PQ,0.0,0.0,4,4,WEST,34.5199,-102.03898,453589277.0,False
823,Windmill_Substation,WINDMILL SUBSTATION,345.0,PQ,0.0,0.0,4,4,WEST,34.77314,-102.30475,453589272.0,False
824,Hereford_Wind_Substation_824,HEREFORD WIND SUBSTATION,345.0,PQ,0.0,0.0,4,4,WEST,34.77291,-102.29817,453589271.0,False
825,AJ_Swope_Substation,AJ SWOPE SUBSTATION,345.0,PQ,0.0,0.0,4,4,WEST,35.31327,-102.05026,453589249.0,False
826,Spinning_Spur_2_Substation,SPINNING SPUR 2 SUBSTATION,345.0,PQ,0.0,0.0,4,4,WEST,35.29208,-102.58261,453589230.0,False
827,Spinning_Spur_1_Substation,SPINNING SPUR 1 SUBSTATION,345.0,PQ,0.0,0.0,4,4,WEST,35.28321,-102.4347,453589228.0,False
828,Alibates_Substation,ALIBATES SUBSTATION,345.0,PQ,0.0,0.0,4,4,WEST,35.25512,-101.36003,453589128.0,False
829,Stephens_Ranch_Wind_Project_I_Substation,STEPHENS RANCH WIND PROJECT I SUBSTATION,345.0,PQ,0.0,0.0,4,4,WEST,32.89819,-101.65806,453377007.0,False
830,Mesquite_Creek_Wind_Substation,MESQUITE CREEK WIND SUBSTATION,345.0,PQ,0.0,0.0,4,4,WEST,32.70627,-101.73981,453377005.0,False
831,Cirrus_Substation,CIRRUS SUBSTATION,230.0,PQ,0.0,0.0,4,4,WEST,33.03285,-101.68386,453376999.0,False
832,Faraday_Substation,FARADAY SUBSTATION,345.0,PQ,0.0,0.0,4,4,WEST,32.64811,-101.396,453376973.0,False
833,Willow_Valley_Substation,WILLOW VALLEY SUBSTATION,345.0,PQ,0.0,0.0,4,4,WEST,32.6505,-101.39626,453376959.0,False
834,West_Shackleford_Substation,WEST SHACKLEFORD SUBSTATION,345.0,PQ,0.0,0.0,4,4,WEST,32.63558,-99.53768,453376943.0,False
835,Clear_Crossing_Substation,CLEAR CROSSING SUBSTATION,345.0,PQ,0.0,0.0,4,4,WEST,33.00099,-99.60517,453376936.0,False
836,Sand_Bluff_Substation,SAND BLUFF SUBSTATION,345.0,PQ,0.0,0.0,4,4,WEST,32.00319,-101.27319,453310297.0,False
837,Bearkat_Substation,BEARKAT SUBSTATION,345.0,PQ,0.0,0.0,4,4,WEST,31.76608,-101.53176,453310293.0,False
838,Long_Draw_Substation,LONG DRAW SUBSTATION,345.0,PQ,0.0,0.0,4,4,WEST,32.7213,-101.63327,453310291.0,False
839,Grelton_Substation,GRELTON SUBSTATION,345.0,PQ,0.0,0.0,4,4,WEST,32.16621,-101.88165,453310286.0,False
840,Panther_Creek_Wind_2_Substation,PANTHER CREEK WIND 2 SUBSTATION,345.0,PQ,0.0,0.0,4,4,WEST,31.95657,-101.30182,453310252.0,False
841,Tubular_Substation,TUBULAR SUBSTATION,138.0,PQ,0.0,0.0,1,1,NORTH,30.36837,-96.08953,453265488.0,False
842,Lopeno_Substation,LOPENO SUBSTATION,138.0,PQ,0.0,0.0,3,3,SOUTH,26.68755,-99.10953,453123230.0,False
843,San_Ygnacio_Substation,SAN YGNACIO SUBSTATION,138.0,PQ,0.0,0.0,3,3,SOUTH,27.06873,-99.3845,453123229.0,False
844,Falcon_Switching_Station,FALCON SWITCHING STATION,138.0,PQ,0.0,0.0,3,3,SOUTH,26.54382,-99.09547,453123224.0,False
845,Sendero_Substation,SENDERO SUBSTATION,138.0,PQ,0.0,0.0,3,3,SOUTH,27.15949,-98.95244,453123217.0,False
846,Randado_Substation,RANDADO SUBSTATION,138.0,PQ,0.0,0.0,3,3,SOUTH,27.08349,-98.9286,453123216.0,False
847,Garza_Substation,GARZA SUBSTATION,138.0,PQ,0.0,0.0,3,3,SOUTH,26.45229,-98.74111,453123209.0,False
848,Liston_Substation,LISTON SUBSTATION,138.0,PQ,0.0,0.0,3,3,SOUTH,26.41132,-98.57644,453123208.0,False
849,Roma_Switching_Station,ROMA SWITCHING STATION,138.0,PQ,0.0,0.0,3,3,SOUTH,26.52261,-99.01929,453123204.0,False
850,Del_Sel_Substation,DEL SEL SUBSTATION,345.0,PQ,0.0,0.0,3,3,SOUTH,26.45743,-98.73763,453015280.0,False
851,MigHoward_Substation,MIGHOWARD SUBSTATION,345.0,PQ,0.0,0.0,3,3,SOUTH,26.48747,-98.59463,453015274.0,False
852,JackieHoward_Substation,JACKIEHOWARD SUBSTATION,345.0,PQ,0.0,0.0,3,3,SOUTH,26.56501,-98.69854,453015272.0,False
853,San_Miguel_Switchyard,SAN MIGUEL SWITCHYARD,138.0,PQ,0.0,0.0,3,3,SOUTH,28.70035,-98.46994,452922069.0,False
854,Tordillo_Substation,TORDILLO SUBSTATION,138.0,PQ,0.0,0.0,3,3,SOUTH,28.83503,-98.18303,452922063.0,False
855,Carlos_Switching_Station,CARLOS SWITCHING STATION,138.0,PQ,0.0,0.0,1,1,NORTH,30.61608,-96.16187,452824061.0,False
856,Iola_Substation,IOLA SUBSTATION,138.0,PQ,0.0,0.0,1,1,NORTH,30.73151,-96.04653,452820077.0,False
857,Crutchfield_Substation,CRUTCHFIELD SUBSTATION,138.0,PQ,0.0,0.0,1,1,NORTH,30.58463,-95.93421,452817052.0,False
858,Cross_Substation_858,CROSS SUBSTATION,138.0,PQ,0.0,0.0,3,3,SOUTH,28.69517,-98.54002,452545512.0,False
859,Hindes_Substation,HINDES SUBSTATION,138.0,PQ,0.0,0.0,3,3,SOUTH,28.64625,-98.90274,452303872.0,False
860,Dimmit_Substation,DIMMIT SUBSTATION,138.0,PQ,0.0,0.0,3,3,SOUTH,28.50921,-99.87377,452115707.0,False
861,Bevo_Substation,BEVO SUBSTATION,138.0,PQ,0.0,0.0,3,3,SOUTH,28.49634,-99.84014,452115688.0,False
862,Cenizo_Substation,CENIZO SUBSTATION,345.0,PQ,0.0,0.0,3,3,SOUTH,27.32779,-99.4119,451971746.0,False
863,Molina_Substation,MOLINA SUBSTATION,138.0,PQ,0.0,0.0,3,3,SOUTH,27.32768,-99.41452,451971745.0,False
864,Cedro_Hill_Substation,CEDRO HILL SUBSTATION,138.0,PQ,0.0,0.0,3,3,SOUTH,27.56387,-98.92018,451971739.0,False
866,Bruni_Substation,BRUNI SUBSTATION,138.0,PQ,0.0,0.0,3,3,SOUTH,27.43961,-98.83598,451971729.0,False
867,Bruni_Substation_867,BRUNI SUBSTATION,138.0,PQ,0.0,0.0,3,3,SOUTH,27.43548,-98.83012,451971728.0,False
868,Wormser_Road_Substation,WORMSER ROAD SUBSTATION,138.0,PQ,0.0,0.0,3,3,SOUTH,27.45372,-99.41744,451971724.0,False
869,Sierra_Vista_Substation,SIERRA VISTA SUBSTATION,138.0,PQ,0.0,0.0,3,3,SOUTH,27.43804,-99.44836,451971723.0,False
870,University_Substation,UNIVERSITY SUBSTATION,138.0,PQ,0.0,0.0,3,3,SOUTH,27.58819,-99.42996,451971722.0,False
871,Rio_Brava_Substation,RIO BRAVA SUBSTATION,138.0,PQ,0.0,0.0,3,3,SOUTH,27.31375,-99.4196,451971721.0,False
872,Bordas_Substation,BORDAS SUBSTATION,345.0,PQ,0.0,0.0,3,3,SOUTH,27.32105,-98.99819,451971720.0,False
873,Milo_Substation,MILO SUBSTATION,138.0,PQ,0.0,0.0,3,3,SOUTH,27.61111,-99.49991,451971670.0,False
874,North_Laredo_Switching_Station,NORTH LAREDO SWITCHING STATION,138.0,PQ,0.0,0.0,3,3,SOUTH,27.69211,-99.47763,451971668.0,False
875,Botines_Substation,BOTINES SUBSTATION,138.0,PQ,0.0,0.0,3,3,SOUTH,27.6853,-99.4805,451971667.0,False
876,Mines_Road_Substation,MINES ROAD SUBSTATION,138.0,PQ,0.0,0.0,3,3,SOUTH,27.63602,-99.53016,451971666.0,False
877,Laredo_Plant_Substation,LAREDO PLANT SUBSTATION,138.0,PQ,0.0,0.0,3,3,SOUTH,27.56741,-99.50736,451971663.0,False
878,Del_Mar_Substation,DEL MAR SUBSTATION,138.0,PQ,0.0,0.0,3,3,SOUTH,27.57628,-99.46625,451971639.0,False
879,Zacate_Creek_Substation,ZACATE CREEK SUBSTATION,138.0,PQ,0.0,0.0,3,3,SOUTH,27.5406,-99.50038,451971624.0,False
881,Gateway_Substation,GATEWAY SUBSTATION,138.0,PQ,0.0,0.0,3,3,SOUTH,27.5135,-99.44431,451971586.0,False
882,Reveille_Substation,REVEILLE SUBSTATION,138.0,PQ,0.0,0.0,3,3,SOUTH,28.41462,-99.25814,451971499.0,False
883,Jardin_Substation,JARDIN SUBSTATION,138.0,PQ,0.0,0.0,3,3,SOUTH,28.51986,-99.23803,451971488.0,False
884,Shamrock_Substation,SHAMROCK SUBSTATION,138.0,PQ,0.0,0.0,4,4,WEST,35.21575,-100.25429,448982778.0,False
885,Bishop_Substation,BISHOP SUBSTATION,138.0,PQ,0.0,0.0,1,1,NORTH,30.9046,-95.8028,439392184.0,False
886,Pee_Dee_Substation,PEE DEE SUBSTATION,138.0,PQ,0.0,0.0,1,1,NORTH,30.93021,-95.88569,439392183.0,False
887,Rio_Pecos_Substation,RIO PECOS SUBSTATION,138.0,PQ,0.0,0.0,4,4,WEST,31.08499,-102.36503,436567314.0,False
888,Pueblo_Substation,PUEBLO SUBSTATION,138.0,PQ,0.0,0.0,3,3,SOUTH,28.67897,-100.46377,427460106.0,False
889,Laredo_Heights_Substation,LAREDO HEIGHTS SUBSTATION,138.0,PQ,0.0,0.0,3,3,SOUTH,27.52375,-99.49023,426506960.0,False
890,Seco_Substation,SECO SUBSTATION,138.0,PQ,0.0,0.0,3,3,SOUTH,29.43643,-99.23844,426449797.0,False
891,Razorback_Substation,RAZORBACK SUBSTATION,138.0,PQ,0.0,0.0,3,3,SOUTH,29.32156,-99.21803,426449795.0,False
892,Laredo_VFT_North_Yard,LAREDO VFT NORTH YARD,138.0,PQ,0.0,0.0,3,3,SOUTH,27.57257,-99.50905,426016267.0,False
893,Laredo_VFT_South_Yard,LAREDO VFT SOUTH YARD,230.0,PQ,0.0,0.0,3,3,SOUTH,27.57038,-99.50949,426016266.0,False
894,Red_Rock_Substation,RED ROCK SUBSTATION,138.0,PQ,0.0,0.0,3,3,SOUTH,29.96206,-97.45213,425964715.0,False
895,Nordheim_West_Substation,NORDHEIM WEST SUBSTATION,138.0,PQ,0.0,0.0,3,3,SOUTH,28.91149,-97.62441,425756335.0,False
896,Nordheim_Substation,NORDHEIM SUBSTATION,138.0,PQ,0.0,0.0,3,3,SOUTH,28.92353,-97.59976,425756334.0,False
897,Nixon_Substation,NIXON SUBSTATION,138.0,PQ,0.0,0.0,3,3,SOUTH,29.27975,-97.74404,425756333.0,False
898,Milton_Substation,MILTON SUBSTATION,138.0,PQ,0.0,0.0,3,3,SOUTH,29.05639,-97.78772,425756331.0,False
899,Magnolia_Substation,MAGNOLIA SUBSTATION,138.0,PQ,0.0,0.0,3,3,SOUTH,29.01499,-97.86681,425756329.0,False
900,Helena_Substation,HELENA SUBSTATION,138.0,PQ,0.0,0.0,3,3,SOUTH,28.9378,-97.80005,425756328.0,False
901,Deer_Creek_Substation,DEER CREEK SUBSTATION,138.0,PQ,0.0,0.0,3,3,SOUTH,29.55515,-97.78369,425756327.0,False
902,Comal_Street_Substation,COMAL STREET SUBSTATION,138.0,PQ,0.0,0.0,3,3,SOUTH,29.42156,-98.50866,425699903.0,False
903,Falls_City_Substation,FALLS CITY SUBSTATION,138.0,PQ,0.0,0.0,3,3,SOUTH,29.01065,-97.9859,425383600.0,False
904,Citgo_North_Oak_Park_Substation,CITGO NORTH OAK PARK SUBSTATION,138.0,PQ,0.0,0.0,3,3,SOUTH,27.81423,-97.42713,422732473.0,False
905,Duke_Substation,DUKE SUBSTATION,138.0,PQ,0.0,0.0,3,3,SOUTH,26.34124,-98.17383,422732472.0,False
906,Barker_Substation,BARKER SUBSTATION,138.0,PQ,0.0,0.0,2,2,HOUSTON,29.71175,-95.64351,419561529.0,False
907,Big_Spring_Switching_Station,BIG SPRING SWITCHING STATION,138.0,PQ,0.0,0.0,4,4,WEST,32.26955,-101.43733,417490534.0,False
908,Sand_Hill_Switchyard,SAND HILL SWITCHYARD,138.0,PQ,0.0,0.0,3,3,SOUTH,30.20981,-97.61418,416487249.0,False
909,Onion_Creek_Substation,ONION CREEK SUBSTATION,138.0,PQ,0.0,0.0,3,3,SOUTH,30.21055,-97.61731,416486816.0,False
910,Texas_A_M_University_Substation,TEXAS A&M UNIVERSITY SUBSTATION,138.0,PQ,0.0,0.0,1,1,NORTH,30.61655,-96.35127,415852603.0,False
911,Post_Oak_Substation_911,POST OAK SUBSTATION,138.0,PQ,0.0,0.0,1,1,NORTH,30.62242,-96.3064,415849434.0,False
912,Nacogdoches_Stephen_F_Austin_Substation,NACOGDOCHES STEPHEN F. AUSTIN SUBSTATION,138.0,PQ,0.0,0.0,1,1,NORTH,31.6223,-94.64299,411200743.0,False
913,Lufkin_Pershing_Tap,LUFKIN PERSHING TAP,138.0,PQ,0.0,0.0,1,1,NORTH,31.29193,-94.7458,407439379.0,False
914,Lufkin_East_Substation,LUFKIN EAST SUBSTATION,138.0,PQ,0.0,0.0,1,1,NORTH,31.33301,-94.68899,407423152.0,False
915,North_Andrews_Switching_Station,NORTH ANDREWS SWITCHING STATION,138.0,PQ,0.0,0.0,4,4,WEST,32.3578,-102.56055,405170482.0,False
916,Shiner_Substation,SHINER SUBSTATION,138.0,PQ,0.0,0.0,3,3,SOUTH,29.43291,-97.15463,403120616.0,False
917,South_Padre_Island_Substation,SOUTH PADRE ISLAND SUBSTATION,138.0,PQ,0.0,0.0,3,3,SOUTH,26.13839,-97.17463,402113358.0,False
918,South_Substation,SOUTH SUBSTATION,138.0,PQ,0.0,0.0,1,1,NORTH,30.59166,-96.31107,398989842.0,False
919,Marfa_Alamito_Creek_Substation,MARFA ALAMITO CREEK SUBSTATION,138.0,PQ,0.0,0.0,4,4,WEST,30.31636,-104.00892,395860683.0,False
920,Flat_Rock_Substation,FLAT ROCK SUBSTATION,138.0,PQ,0.0,0.0,1,1,NORTH,32.8705,-97.59786,393259491.0,False
921,Fort_Worth_Pipe_Substation,FORT WORTH PIPE SUBSTATION,138.0,PQ,0.0,0.0,2,2,HOUSTON,30.3188,-95.41188,393077495.0,False
922,Anna_Street_Substation,ANNA STREET SUBSTATION,138.0,PQ,0.0,0.0,3,3,SOUTH,27.52412,-99.52083,388803413.0,False
923,Round_Rock_Southeast_Substation,ROUND ROCK SOUTHEAST SUBSTATION,138.0,PQ,0.0,0.0,3,3,SOUTH,30.48539,-97.64514,387794988.0,False
924,Sam_Switching_Station,SAM SWITCHING STATION,345.0,PQ,0.0,0.0,1,1,NORTH,31.89724,-97.0182,386799112.0,False
925,McGregor_Phillips_Substation,MCGREGOR PHILLIPS SUBSTATION,138.0,PQ,0.0,0.0,1,1,NORTH,31.41755,-97.39468,386702208.0,False
926,Brazosport_Substation,BRAZOSPORT SUBSTATION,138.0,PQ,0.0,0.0,2,2,HOUSTON,29.00979,-95.43288,385176876.0,False
927,Chavaneaux_Road_Substation,CHAVANEAUX ROAD SUBSTATION,138.0,PQ,0.0,0.0,3,3,SOUTH,29.33504,-98.51038,377393836.0,False
928,Shadow_Glen_Substation,SHADOW GLEN SUBSTATION,138.0,PQ,0.0,0.0,3,3,SOUTH,30.35713,-97.53542,374913110.0,False
929,Decatur_Substation,DECATUR SUBSTATION,138.0,PQ,0.0,0.0,1,1,NORTH,33.21427,-97.5873,374695158.0,False
930,Aurora_Substation,AURORA SUBSTATION,138.0,PQ,0.0,0.0,1,1,NORTH,33.05121,-97.54825,374356580.0,False
931,Reno_Substation,RENO SUBSTATION,138.0,PQ,0.0,0.0,1,1,NORTH,32.94977,-97.63283,374356576.0,False
932,Newark_Substation,NEWARK SUBSTATION,138.0,PQ,0.0,0.0,1,1,NORTH,33.03996,-97.52285,374356575.0,False
933,Killeen_Elms_Road_Substation,KILLEEN ELMS ROAD SUBSTATION,138.0,PQ,0.0,0.0,3,3,SOUTH,31.07646,-97.71949,371903762.0,False
934,Arcadia_Substation,ARCADIA SUBSTATION,138.0,PQ,0.0,0.0,3,3,SOUTH,27.74572,-97.42178,371318816.0,False
935,Morris_Substation,MORRIS SUBSTATION,138.0,PQ,0.0,0.0,3,3,SOUTH,27.78432,-97.40554,371318815.0,False
936,Terminal_Substation,TERMINAL SUBSTATION,138.0,PQ,0.0,0.0,2,2,HOUSTON,29.60223,-95.00766,369546905.0,False
937,Pflugerville_Substation,PFLUGERVILLE SUBSTATION,138.0,PQ,0.0,0.0,3,3,SOUTH,30.45405,-97.59998,366046720.0,False
938,Kyle_Substation,KYLE SUBSTATION,138.0,PQ,0.0,0.0,3,3,SOUTH,29.94994,-97.88441,364744027.0,False
939,Lufkin_South_Substation,LUFKIN SOUTH SUBSTATION,138.0,PQ,0.0,0.0,1,1,NORTH,31.29169,-94.72508,362672245.0,False
940,McDonald_Road_Substation,MCDONALD ROAD SUBSTATION,138.0,PQ,0.0,0.0,4,4,WEST,32.08627,-101.27585,354601987.0,False
941,Belton_Southwest_Substation,BELTON SOUTHWEST SUBSTATION,138.0,PQ,0.0,0.0,3,3,SOUTH,31.06142,-97.47635,352311202.0,False
942,Harker_Heights_South_Substation,HARKER HEIGHTS SOUTH SUBSTATION,138.0,PQ,0.0,0.0,3,3,SOUTH,31.05385,-97.63707,351450874.0,False
943,Rector_Road_Substation,RECTOR ROAD SUBSTATION,138.0,PQ,0.0,0.0,1,1,NORTH,33.32238,-97.19176,346943109.0,False
944,Sanger_North_Substation,SANGER NORTH SUBSTATION,138.0,PQ,0.0,0.0,1,1,NORTH,33.36959,-97.18633,346943108.0,False
945,Teasley_Substation,TEASLEY SUBSTATION,138.0,PQ,0.0,0.0,1,1,NORTH,33.14497,-97.1084,346938541.0,False
946,Pockrus_Substation,POCKRUS SUBSTATION,138.0,PQ,0.0,0.0,1,1,NORTH,33.17192,-97.08473,346938539.0,False
947,Fort_Worth_Substation,FORT WORTH SUBSTATION,138.0,PQ,0.0,0.0,1,1,NORTH,33.1618,-97.15861,346932078.0,False
948,Lillian_Substation,LILLIAN SUBSTATION,138.0,PQ,0.0,0.0,1,1,NORTH,32.49087,-97.19511,346878506.0,False
949,Grandview_TMPP_Substation,GRANDVIEW TMPP SUBSTATION,138.0,PQ,0.0,0.0,1,1,NORTH,32.33672,-97.24028,346832067.0,False
950,Miller_Substation,MILLER SUBSTATION,138.0,PQ,0.0,0.0,1,1,NORTH,32.89463,-96.6024,346527379.0,False
951,Centerville_Substation,CENTERVILLE SUBSTATION,138.0,PQ,0.0,0.0,1,1,NORTH,32.87101,-96.63465,346527373.0,False
952,Walnut_Substation,WALNUT SUBSTATION,138.0,PQ,0.0,0.0,1,1,NORTH,32.91649,-96.6317,346508815.0,False
953,Shiloh_Substation_953,SHILOH SUBSTATION,138.0,PQ,0.0,0.0,1,1,NORTH,32.90063,-96.66694,346508814.0,False
954,Marquis_Substation,MARQUIS SUBSTATION,138.0,PQ,0.0,0.0,1,1,NORTH,32.90231,-96.67776,346508811.0,False
955,Newman_Switching_Station,NEWMAN SWITCHING STATION,138.0,PQ,0.0,0.0,1,1,NORTH,32.91366,-96.62454,346508731.0,False
956,San_Angelo_Paulann_Substation,SAN ANGELO PAULANN SUBSTATION,138.0,PQ,0.0,0.0,4,4,WEST,31.48819,-100.38534,346161475.0,False
957,San_Angelo_North_Substation,SAN ANGELO NORTH SUBSTATION,138.0,PQ,0.0,0.0,4,4,WEST,31.49401,-100.43535,346161474.0,False
958,San_Angelo_Lake_Drive_Substation,SAN ANGELO LAKE DRIVE SUBSTATION,138.0,PQ,0.0,0.0,4,4,WEST,31.49592,-100.46638,346161473.0,False
959,San_Angelo_Coke_Street_Substation,SAN ANGELO COKE STREET SUBSTATION,138.0,PQ,0.0,0.0,4,4,WEST,31.46392,-100.40445,346161472.0,False
960,Rusthill_Substation,RUSTHILL SUBSTATION,138.0,PQ,0.0,0.0,4,4,WEST,31.45165,-100.42493,346161471.0,False
961,Schkade_Substation,SCHKADE SUBSTATION,138.0,PQ,0.0,0.0,4,4,WEST,31.40459,-100.53173,345830314.0,False
962,Santiago_Substation,SANTIAGO SUBSTATION,138.0,PQ,0.0,0.0,4,4,WEST,31.11624,-100.51322,345830312.0,False
963,Langford_Wind_Substation,LANGFORD WIND SUBSTATION,138.0,PQ,0.0,0.0,4,4,WEST,31.1185,-100.63085,345830310.0,False
964,Eldorado_Live_Oak_Substation,ELDORADO LIVE OAK SUBSTATION,138.0,PQ,0.0,0.0,4,4,WEST,30.87789,-100.57014,345640847.0,False
965,PAVE_PAWS_Substation,PAVE PAWS SUBSTATION,138.0,PQ,0.0,0.0,4,4,WEST,30.97954,-100.55125,345640833.0,False
966,Hillsboro_Substation,HILLSBORO SUBSTATION,138.0,PQ,0.0,0.0,1,1,NORTH,32.01488,-97.13707,345536902.0,False
967,Richardson_Woodhaven_Substation,RICHARDSON WOODHAVEN SUBSTATION,138.0,PQ,0.0,0.0,1,1,NORTH,32.93826,-96.71519,345473016.0,False
968,Richardson_Collins_Boulevard_Substation,RICHARDSON COLLINS BOULEVARD SUBSTATION,138.0,PQ,0.0,0.0,1,1,NORTH,32.96749,-96.71533,345473010.0,False
969,Sonora_Substation,SONORA SUBSTATION,138.0,PQ,0.0,0.0,4,4,WEST,30.56759,-100.65577,345127797.0,False
970,Cauthorn_Substation,CAUTHORN SUBSTATION,138.0,PQ,0.0,0.0,4,4,WEST,30.30473,-100.67489,345127790.0,False
971,Waco_North_Substation,WACO NORTH SUBSTATION,138.0,PQ,0.0,0.0,1,1,NORTH,31.57754,-97.1793,345057193.0,False
972,Bellmead_Substation,BELLMEAD SUBSTATION,138.0,PQ,0.0,0.0,1,1,NORTH,31.61185,-97.11046,345057191.0,False
973,Crawford_Substation,CRAWFORD SUBSTATION,138.0,PQ,0.0,0.0,1,1,NORTH,31.54022,-97.40892,345057189.0,False
974,McGregor_Substation,MCGREGOR SUBSTATION,138.0,PQ,0.0,0.0,1,1,NORTH,31.44208,-97.42581,345057187.0,False
975,Waco_Northwest_Substation,WACO NORTHWEST SUBSTATION,138.0,PQ,0.0,0.0,1,1,NORTH,31.5439,-97.20503,345057186.0,False
976,Waco_East_Substation,WACO EAST SUBSTATION,138.0,PQ,0.0,0.0,1,1,NORTH,31.55972,-97.11965,345027281.0,False
977,Robinson_Substation,ROBINSON SUBSTATION,138.0,PQ,0.0,0.0,1,1,NORTH,31.44551,-97.10767,345027276.0,False
978,Illinnois_4_Substation,ILLINNOIS #4 SUBSTATION,138.0,PQ,0.0,0.0,4,4,WEST,30.55424,-101.5352,344841823.0,False
979,Comstock_Substation,COMSTOCK SUBSTATION,138.0,PQ,0.0,0.0,4,4,WEST,29.748,-101.13846,344841822.0,False
980,Picacho_Substation,PICACHO SUBSTATION,138.0,PQ,0.0,0.0,4,4,WEST,29.4325,-100.94105,344546792.0,False
981,Del_Rio_Substation,DEL RIO SUBSTATION,138.0,PQ,0.0,0.0,4,4,WEST,29.36699,-100.89338,344546791.0,False
982,Buena_Vista_Substation,BUENA VISTA SUBSTATION,138.0,PQ,0.0,0.0,4,4,WEST,29.40091,-100.91582,344546790.0,False
983,Amistad_Switchyard,AMISTAD SWITCHYARD,138.0,PQ,0.0,0.0,4,4,WEST,29.44818,-101.0548,344546788.0,False
984,Rough_Canyon_Substation,ROUGH CANYON SUBSTATION,138.0,PQ,0.0,0.0,4,4,WEST,29.53742,-100.89609,344546753.0,False
985,Dilley_Switching_Station,DILLEY SWITCHING STATION,138.0,PQ,0.0,0.0,3,3,SOUTH,28.66896,-99.20521,344295522.0,False
986,Palo_Duro_Substation,PALO DURO SUBSTATION,138.0,PQ,0.0,0.0,3,3,SOUTH,28.846,-99.19068,344086364.0,False
987,Ranchtown_Substation,RANCHTOWN SUBSTATION,138.0,PQ,0.0,0.0,3,3,SOUTH,29.61772,-98.73593,344030248.0,False
988,Bedias_Substation_988,BEDIAS SUBSTATION,138.0,PQ,0.0,0.0,1,1,NORTH,30.78556,-95.9657,344015555.0,False
989,North_Zulch_Substation,NORTH ZULCH SUBSTATION,138.0,PQ,0.0,0.0,1,1,NORTH,30.91979,-96.07393,344015199.0,False
990,Hilltop_Lakes_Substation,HILLTOP LAKES SUBSTATION,138.0,PQ,0.0,0.0,1,1,NORTH,31.08006,-96.22233,344015197.0,False
991,Central_Bluff_Substation,CENTRAL BLUFF SUBSTATION,345.0,PQ,0.0,0.0,4,4,WEST,32.11715,-100.15508,343665544.0,False
992,Anacacho_Substation,ANACACHO SUBSTATION,138.0,PQ,0.0,0.0,3,3,SOUTH,29.20458,-100.17125,343585478.0,False
993,Tippet_Substation,TIPPET SUBSTATION,138.0,PQ,0.0,0.0,4,4,WEST,30.9921,-102.134,343434433.0,False
994,Oxy_Tap_Substation,OXY TAP SUBSTATION,138.0,PQ,0.0,0.0,4,4,WEST,31.11923,-102.29795,343434432.0,False
995,North_McCamey_Substation,NORTH MCCAMEY SUBSTATION,138.0,PQ,0.0,0.0,4,4,WEST,31.15508,-102.22687,343434431.0,False
996,North_McCamey_Subsation,NORTH MCCAMEY SUBSATION,345.0,PQ,0.0,0.0,4,4,WEST,31.15356,-102.22295,343434430.0,False
998,Castle_Gap_Substation,CASTLE GAP SUBSTATION,138.0,PQ,0.0,0.0,4,4,WEST,31.11571,-102.29497,343434428.0,False
999,Bakersfield_Substation,BAKERSFIELD SUBSTATION,345.0,PQ,0.0,0.0,4,4,WEST,30.97561,-102.28938,343434427.0,False
1000,Terrell_Substation,TERRELL SUBSTATION,138.0,PQ,0.0,0.0,1,1,NORTH,32.7715,-96.28061,343387993.0,False
1001,West_Batesville_Substation,WEST BATESVILLE SUBSTATION,138.0,PQ,0.0,0.0,3,3,SOUTH,28.94476,-99.72877,343343400.0,False
1002,Odlaw_Substation,ODLAW SUBSTATION,138.0,PQ,0.0,0.0,3,3,SOUTH,29.26821,-100.198,343343397.0,False
1003,Eclipse_Substation,ECLIPSE SUBSTATION,138.0,PQ,0.0,0.0,3,3,SOUTH,29.32394,-100.3921,343343394.0,False
1004,Asphalt_Mines_Substation,ASPHALT MINES SUBSTATION,138.0,PQ,0.0,0.0,3,3,SOUTH,29.18814,-100.02416,343343386.0,False
1005,Waco_Atco_Substation,WACO ATCO SUBSTATION,138.0,PQ,0.0,0.0,1,1,NORTH,31.48529,-97.25074,343275900.0,False
1006,Belton_Substation,BELTON SUBSTATION,138.0,PQ,0.0,0.0,3,3,SOUTH,31.08332,-97.45866,343275890.0,False
1007,Waco_Woodway_Substation,WACO WOODWAY SUBSTATION,138.0,PQ,0.0,0.0,1,1,NORTH,31.51218,-97.2223,343275863.0,False
1008,Waco_Sanger_Avenue_Substation,WACO SANGER AVENUE SUBSTATION,138.0,PQ,0.0,0.0,1,1,NORTH,31.52251,-97.19705,343275850.0,False
1009,Uvalde_Substation,UVALDE SUBSTATION,138.0,PQ,0.0,0.0,3,3,SOUTH,29.2129,-99.79833,343141488.0,False
1010,Reagan_Street_Substation,REAGAN STREET SUBSTATION,138.0,PQ,0.0,0.0,1,1,NORTH,32.80376,-96.81918,342897843.0,False
1011,Lomo_Alto_Substation,LOMO ALTO SUBSTATION,138.0,PQ,0.0,0.0,1,1,NORTH,32.84994,-96.81256,342897842.0,False
1012,Record_Crossing_Substation,RECORD CROSSING SUBSTATION,138.0,PQ,0.0,0.0,1,1,NORTH,32.81815,-96.85592,342897832.0,False
1013,J_K_Spruce_Switchyard,J. K. SPRUCE SWITCHYARD,345.0,PQ,0.0,0.0,3,3,SOUTH,29.31216,-98.31978,342839479.0,False
1014,Morrison_Lane_Substation,MORRISON LANE SUBSTATION,138.0,PQ,0.0,0.0,1,1,NORTH,32.8832,-96.89354,342701082.0,False
1015,Northaven_Switching_Station,NORTHAVEN SWITCHING STATION,138.0,PQ,0.0,0.0,1,1,NORTH,32.90142,-96.80983,342701077.0,False
1016,Hutchins_Substation,HUTCHINS SUBSTATION,138.0,PQ,0.0,0.0,1,1,NORTH,32.63037,-96.70541,342687365.0,False
1017,Ranch_Road_12_Substation,RANCH ROAD 12 SUBSTATION,138.0,PQ,0.0,0.0,3,3,SOUTH,29.90067,-97.99195,342673635.0,False
1018,Keene_Substation,KEENE SUBSTATION,138.0,PQ,0.0,0.0,1,1,NORTH,32.36748,-97.33612,342357917.0,False
1019,Cleburne_Substation,CLEBURNE SUBSTATION,138.0,PQ,0.0,0.0,1,1,NORTH,32.35415,-97.37483,342357914.0,False
1020,Alvarado_Substation,ALVARADO SUBSTATION,138.0,PQ,0.0,0.0,1,1,NORTH,32.39634,-97.22353,342357912.0,False
1021,Thompson_Creek_Substation,THOMPSON CREEK SUBSTATION,138.0,PQ,0.0,0.0,1,1,NORTH,30.59505,-96.41766,342273044.0,False
1022,Pooley_Road_Substation,POOLEY ROAD SUBSTATION,138.0,PQ,0.0,0.0,3,3,SOUTH,29.6956,-97.74712,342151749.0,False
1023,Loop_337_Substation,LOOP 337 SUBSTATION,138.0,PQ,0.0,0.0,3,3,SOUTH,29.70231,-98.15976,341605439.0,False
1024,Freiheit_Road_Substation,FREIHEIT ROAD SUBSTATION,138.0,PQ,0.0,0.0,3,3,SOUTH,29.7039,-98.08603,341605438.0,False
1025,EC_Mornhinweg_Substation,EC MORNHINWEG SUBSTATION,138.0,PQ,0.0,0.0,3,3,SOUTH,29.65839,-98.20282,341605437.0,False
1026,Cemex_Substation,CEMEX SUBSTATION,138.0,PQ,0.0,0.0,3,3,SOUTH,29.67513,-98.18087,341605434.0,False
1027,Highway_32_Substation,HIGHWAY 32 SUBSTATION,138.0,PQ,0.0,0.0,3,3,SOUTH,29.94572,-98.09359,341351760.0,False
1028,Fischer_Substation,FISCHER SUBSTATION,138.0,PQ,0.0,0.0,3,3,SOUTH,29.93321,-98.2057,341351759.0,False
1029,West_Substation,WEST SUBSTATION,138.0,PQ,0.0,0.0,1,1,NORTH,33.04816,-97.035,341316599.0,False
1030,Highland_Substation,HIGHLAND SUBSTATION,138.0,PQ,0.0,0.0,1,1,NORTH,33.086,-97.05211,341316597.0,False
1033,Carrollton_Josey_Lane_Substation,CARROLLTON-JOSEY LANE SUBSTATION,138.0,PQ,0.0,0.0,1,1,NORTH,32.97748,-96.8891,341282107.0,False
1034,Rock_Hill_Substation,ROCK HILL SUBSTATION,138.0,PQ,0.0,0.0,1,1,NORTH,33.20315,-96.79332,341162180.0,False
1035,Panther_Creek_Substation,PANTHER CREEK SUBSTATION,138.0,PQ,0.0,0.0,1,1,NORTH,33.2034,-96.87706,341162177.0,False
1036,North_Lake_Substation,NORTH LAKE SUBSTATION,138.0,PQ,0.0,0.0,1,1,NORTH,32.95132,-96.97599,341162172.0,False
1037,Lebanon_Substation,LEBANON SUBSTATION,138.0,PQ,0.0,0.0,1,1,NORTH,33.13703,-96.77487,341162170.0,False
1038,Lebanon_Substation_1038,LEBANON SUBSTATION,138.0,PQ,0.0,0.0,1,1,NORTH,33.11113,-96.77471,341162169.0,False
1039,Frisco_Substation,FRISCO SUBSTATION,138.0,PQ,0.0,0.0,1,1,NORTH,33.18187,-96.83169,341162168.0,False
1040,Custer_Substation,CUSTER SUBSTATION,138.0,PQ,0.0,0.0,1,1,NORTH,33.15991,-96.75257,341162165.0,False
1041,Coppell_Switching_Station,COPPELL SWITCHING STATION,138.0,PQ,0.0,0.0,1,1,NORTH,32.94915,-97.00774,341162164.0,False
1042,Sattler_Substation,SATTLER SUBSTATION,138.0,PQ,0.0,0.0,3,3,SOUTH,29.84974,-98.1713,341093667.0,False
1043,Crane_s_Mill_Substation,CRANE'S MILL SUBSTATION,138.0,PQ,0.0,0.0,3,3,SOUTH,29.85231,-98.28334,341093666.0,False
1044,Grapevine_Ball_Street,GRAPEVINE BALL STREET,138.0,PQ,0.0,0.0,1,1,NORTH,32.92613,-97.08488,341030401.0,False
1045,Euless_Substation,EULESS SUBSTATION,138.0,PQ,0.0,0.0,1,1,NORTH,32.86542,-97.0994,341030400.0,False
1046,Keller_Wall_Price_Substation,KELLER WALL PRICE SUBSTATION,138.0,PQ,0.0,0.0,1,1,NORTH,32.9207,-97.25645,341012471.0,False
1047,Colleyville_Substation,COLLEYVILLE SUBSTATION,138.0,PQ,0.0,0.0,1,1,NORTH,32.89461,-97.16528,341012465.0,False
1048,North_Main_Substation,NORTH MAIN SUBSTATION,138.0,PQ,0.0,0.0,1,1,NORTH,32.76214,-97.33582,340991849.0,False
1049,Blackstone_Substation,BLACKSTONE SUBSTATION,138.0,PQ,0.0,0.0,1,1,NORTH,32.76472,-97.39172,340991844.0,False
1050,Forest_Hill_Switching_Station,FOREST HILL SWITCHING STATION,138.0,PQ,0.0,0.0,1,1,NORTH,32.64487,-97.28717,340879857.0,False
1051,Euless_South_Substation,EULESS SOUTH SUBSTATION,138.0,PQ,0.0,0.0,1,1,NORTH,32.81514,-97.12219,340879768.0,False
1052,Blackwell_Street_Substation,BLACKWELL STREET SUBSTATION,138.0,PQ,0.0,0.0,1,1,NORTH,32.86734,-96.76588,340699626.0,False
1053,Armstrong_Substation_1053,ARMSTRONG SUBSTATION,138.0,PQ,0.0,0.0,1,1,NORTH,32.82296,-96.79212,340699624.0,False
1054,Mistletoe_Heights_Substation,MISTLETOE HEIGHTS SUBSTATION,138.0,PQ,0.0,0.0,1,1,NORTH,32.7346,-97.35377,340663538.0,False
1055,Hemphill_Substation,HEMPHILL SUBSTATION,138.0,PQ,0.0,0.0,1,1,NORTH,32.73943,-97.33247,340663536.0,False
1056,Wall_Street_Substation,WALL STREET SUBSTATION,138.0,PQ,0.0,0.0,1,1,NORTH,32.76218,-96.78516,340631521.0,False
1057,Calumet_Substation,CALUMET SUBSTATION,138.0,PQ,0.0,0.0,1,1,NORTH,32.74217,-96.8946,340631517.0,False
1058,Haskell_Substation,HASKELL SUBSTATION,138.0,PQ,0.0,0.0,1,1,NORTH,32.78226,-96.74603,340593724.0,False
1059,Greenville_Avenue_Substation,GREENVILLE AVENUE SUBSTATION,138.0,PQ,0.0,0.0,1,1,NORTH,32.8412,-96.76922,340593720.0,False
1060,Kirkland_Park_Substation,KIRKLAND PARK SUBSTATION,138.0,PQ,0.0,0.0,1,1,NORTH,32.89312,-96.764,340593714.0,False
1061,Trading_Post_Substation,TRADING POST SUBSTATION,138.0,PQ,0.0,0.0,3,3,SOUTH,30.31221,-97.97106,340565891.0,False
1062,Brown_Substation_1062,BROWN SUBSTATION,345.0,PQ,0.0,0.0,1,1,NORTH,31.53799,-99.1959,340482243.0,False
1063,Goldthwaite_Substation,GOLDTHWAITE SUBSTATION,138.0,PQ,0.0,0.0,1,1,NORTH,31.43103,-98.56649,340482231.0,False
1064,Round_Rock_Westinghouse_Substation,ROUND ROCK WESTINGHOUSE SUBSTATION,138.0,PQ,0.0,0.0,3,3,SOUTH,30.56713,-97.69858,340398044.0,False
1065,Georgetown_South_Substation,GEORGETOWN SOUTH SUBSTATION,138.0,PQ,0.0,0.0,3,3,SOUTH,30.58853,-97.68292,340398032.0,False
1067,Round_Rock_Northeast_Substation,ROUND ROCK NORTHEAST SUBSTATION,138.0,PQ,0.0,0.0,3,3,SOUTH,30.54131,-97.649,340389556.0,False
1068,Temple_Elm_Creek_Substation,TEMPLE ELM CREEK SUBSTATION,138.0,PQ,0.0,0.0,3,3,SOUTH,31.13104,-97.33034,340206126.0,False
1069,Seaton_Substation,SEATON SUBSTATION,138.0,PQ,0.0,0.0,3,3,SOUTH,31.0811,-97.28252,340206120.0,False
1070,Temple_Substation,TEMPLE SUBSTATION,138.0,PQ,0.0,0.0,3,3,SOUTH,31.08817,-97.33158,340206116.0,False
1072,Temple_Southeast_Substation,TEMPLE SOUTHEAST SUBSTATION,138.0,PQ,0.0,0.0,3,3,SOUTH,31.07126,-97.35503,340206111.0,False
1073,Lake_Belton_Substation,LAKE BELTON SUBSTATION,138.0,PQ,0.0,0.0,3,3,SOUTH,31.1415,-97.43416,340206110.0,False
1074,Big_Foot_Substation,BIG FOOT SUBSTATION,138.0,PQ,0.0,0.0,3,3,SOUTH,29.0597,-98.95023,340165281.0,False
1075,Taylor_Substation,TAYLOR SUBSTATION,138.0,PQ,0.0,0.0,2,2,HOUSTON,29.75111,-95.19437,340137573.0,False
1076,Jacintoport_Substation,JACINTOPORT SUBSTATION,138.0,PQ,0.0,0.0,2,2,HOUSTON,29.75185,-95.12521,340137572.0,False
1077,Port_Substation,PORT SUBSTATION,138.0,PQ,0.0,0.0,2,2,HOUSTON,29.75308,-95.18474,340128557.0,False
1078,Haden_Substation,HADEN SUBSTATION,138.0,PQ,0.0,0.0,2,2,HOUSTON,29.75971,-95.17306,340128556.0,False
1079,Mula_Substation,MULA SUBSTATION,138.0,PQ,0.0,0.0,2,2,HOUSTON,29.63327,-95.56195,340120763.0,False
1080,Warren_Substation,WARREN SUBSTATION,138.0,PQ,0.0,0.0,3,3,SOUTH,30.31063,-97.75831,340006912.0,False
1081,Turnersville_Substation,TURNERSVILLE SUBSTATION,138.0,PQ,0.0,0.0,3,3,SOUTH,30.07392,-97.78299,340000208.0,False
1082,Slaughter_Lane_Substation,SLAUGHTER LANE SUBSTATION,138.0,PQ,0.0,0.0,3,3,SOUTH,30.17241,-97.81154,340000206.0,False
1083,Brodie_Lane_Substation,BRODIE LANE SUBSTATION,138.0,PQ,0.0,0.0,3,3,SOUTH,30.18759,-97.84825,340000205.0,False
1084,Henly_Substation,HENLY SUBSTATION,138.0,PQ,0.0,0.0,3,3,SOUTH,30.20273,-98.157,339992437.0,False
1085,Manchaca_Substation,MANCHACA SUBSTATION,138.0,PQ,0.0,0.0,3,3,SOUTH,30.13541,-97.85056,339992431.0,False
1086,Lago_Vista_Substation,LAGO VISTA SUBSTATION,138.0,PQ,0.0,0.0,3,3,SOUTH,30.4606,-97.97862,339984025.0,False
1087,Dripping_Springs_Substation,DRIPPING SPRINGS SUBSTATION,138.0,PQ,0.0,0.0,3,3,SOUTH,30.17373,-98.08387,339984024.0,False
1088,Phillips_Johnson_City_Substation,PHILLIPS JOHNSON CITY SUBSTATION,138.0,PQ,0.0,0.0,3,3,SOUTH,30.28187,-98.23935,339984023.0,False
1089,Rutherford_Substation,RUTHERFORD SUBSTATION,138.0,PQ,0.0,0.0,3,3,SOUTH,30.11771,-97.98582,339984022.0,False
1090,Wilson_Substation,WILSON SUBSTATION,138.0,PQ,0.0,0.0,3,3,SOUTH,29.33786,-98.17281,339973552.0,False
1091,Sutherland_Springs_Substation,SUTHERLAND SPRINGS SUBSTATION,138.0,PQ,0.0,0.0,3,3,SOUTH,29.26689,-98.06394,339973551.0,False
1092,Highway_123_Substation,HIGHWAY 123 SUBSTATION,138.0,PQ,0.0,0.0,3,3,SOUTH,29.49403,-97.95851,339973549.0,False
1093,Hickory_Forest_Substation,HICKORY FOREST SUBSTATION,138.0,PQ,0.0,0.0,3,3,SOUTH,29.46822,-97.86416,339973548.0,False
1094,Cushman_Substation,CUSHMAN SUBSTATION,138.0,PQ,0.0,0.0,3,3,SOUTH,29.57412,-97.94557,339973543.0,False
1095,Stockdale_Road_Substation,STOCKDALE ROAD SUBSTATION,138.0,PQ,0.0,0.0,3,3,SOUTH,29.14726,-98.14489,339973533.0,False
1096,Bee_Creek_Substation,BEE CREEK SUBSTATION,138.0,PQ,0.0,0.0,3,3,SOUTH,30.34696,-98.00442,339951441.0,False
1097,Taylor_Substation_1097,TAYLOR SUBSTATION,138.0,PQ,0.0,0.0,3,3,SOUTH,30.56707,-97.39753,339945452.0,False
1098,Elgin_Switching_Station,ELGIN SWITCHING STATION,138.0,PQ,0.0,0.0,3,3,SOUTH,30.41729,-97.35918,339945451.0,False
1099,Kent_Substation,KENT SUBSTATION,138.0,PQ,0.0,0.0,3,3,SOUTH,30.49531,-97.80822,339937469.0,False
1100,Chief_Brady_Substation,CHIEF BRADY SUBSTATION,138.0,PQ,0.0,0.0,3,3,SOUTH,30.59193,-97.69587,339937468.0,False
1101,Rivery_Substation,RIVERY SUBSTATION,138.0,PQ,0.0,0.0,3,3,SOUTH,30.64852,-97.68964,339937464.0,False
1102,Glasscock_Substation,GLASSCOCK SUBSTATION,138.0,PQ,0.0,0.0,3,3,SOUTH,30.7396,-97.69408,339937461.0,False
1103,Lakeshore_Substation,LAKESHORE SUBSTATION,138.0,PQ,0.0,0.0,3,3,SOUTH,30.31524,-97.78054,339904910.0,False
1104,Northland_Substation,NORTHLAND SUBSTATION,138.0,PQ,0.0,0.0,3,3,SOUTH,30.33526,-97.7546,339880149.0,False
1105,Balcones_Substation,BALCONES SUBSTATION,138.0,PQ,0.0,0.0,3,3,SOUTH,30.39112,-97.73032,339880138.0,False
1106,Robertson_Substation,ROBERTSON SUBSTATION,138.0,PQ,0.0,0.0,1,1,NORTH,30.94506,-96.56943,339835013.0,False
1107,Lake_Forest_Substation,LAKE FOREST SUBSTATION,138.0,PQ,0.0,0.0,2,2,HOUSTON,30.34049,-95.61444,339742857.0,False
1108,College_Station_Junction,COLLEGE STATION JUNCTION,138.0,PQ,0.0,0.0,1,1,NORTH,30.62919,-96.29255,339742856.0,False
1109,Orsted_Substation,ORSTED SUBSTATION,345.0,PQ,0.0,0.0,4,4,WEST,30.69638,-100.1951,339705806.0,False
1111,Edison_Substation,EDISON SUBSTATION,345.0,PQ,0.0,0.0,3,3,SOUTH,30.33275,-99.57615,339675805.0,False
1112,Randolph_Field_Substation,RANDOLPH FIELD SUBSTATION,138.0,PQ,0.0,0.0,3,3,SOUTH,29.54353,-98.29067,339561758.0,False
1113,Schumansville_Substation,SCHUMANSVILLE SUBSTATION,138.0,PQ,0.0,0.0,3,3,SOUTH,29.65384,-98.09707,339339143.0,False
1114,New_Berlin_Substation,NEW BERLIN SUBSTATION,138.0,PQ,0.0,0.0,3,3,SOUTH,29.48763,-98.04406,339339141.0,False
1115,Geronimo_Substation,GERONIMO SUBSTATION,138.0,PQ,0.0,0.0,3,3,SOUTH,29.62742,-97.97074,339339139.0,False
1116,Rosharon_Substation,ROSHARON SUBSTATION,138.0,PQ,0.0,0.0,2,2,HOUSTON,29.35366,-95.4296,339232125.0,False
1117,Ulrich_Substation,ULRICH SUBSTATION,138.0,PQ,0.0,0.0,2,2,HOUSTON,29.73598,-95.48381,339227608.0,False
1119,Thompsons_Substation,THOMPSONS SUBSTATION,138.0,PQ,0.0,0.0,2,2,HOUSTON,29.4813,-95.58651,339227595.0,False
1122,Celnec_Substation,CELNEC SUBSTATION,138.0,PQ,0.0,0.0,2,2,HOUSTON,29.62836,-95.0649,339227556.0,False
1123,Sprinkle_Substation,SPRINKLE SUBSTATION,138.0,PQ,0.0,0.0,3,3,SOUTH,30.35338,-97.64544,339167563.0,False
1124,Harris_Branch_Substation,HARRIS BRANCH SUBSTATION,138.0,PQ,0.0,0.0,3,3,SOUTH,30.37142,-97.58086,339167561.0,False
1125,Wells_Branch_Substation,WELLS BRANCH SUBSTATION,138.0,PQ,0.0,0.0,3,3,SOUTH,30.44598,-97.68881,339152256.0,False
1126,Fiskville_Substation,FISKVILLE SUBSTATION,138.0,PQ,0.0,0.0,3,3,SOUTH,30.36214,-97.68299,339152253.0,False
1127,Round_Rock_Substation,ROUND ROCK SUBSTATION,138.0,PQ,0.0,0.0,3,3,SOUTH,30.5212,-97.70237,339132897.0,False
1128,Round_Rock_South_Substation,ROUND ROCK SOUTH SUBSTATION,138.0,PQ,0.0,0.0,3,3,SOUTH,30.47413,-97.69403,339132894.0,False
1129,Northwest_Substation,NORTHWEST SUBSTATION,138.0,PQ,0.0,0.0,3,3,SOUTH,30.46461,-97.7573,339130468.0,False
1130,Williamson_Substation,WILLIAMSON SUBSTATION,138.0,PQ,0.0,0.0,3,3,SOUTH,30.43705,-97.75019,339130467.0,False
1131,Tech_Ridge_Substation,TECH RIDGE SUBSTATION,138.0,PQ,0.0,0.0,3,3,SOUTH,30.41965,-97.66606,339125120.0,False
1132,Howard_Lane_Substation,HOWARD LANE SUBSTATION,138.0,PQ,0.0,0.0,3,3,SOUTH,30.43329,-97.68874,339125119.0,False
1133,Jollyville_Substation,JOLLYVILLE SUBSTATION,138.0,PQ,0.0,0.0,3,3,SOUTH,30.47957,-97.78153,339125117.0,False
1134,Hi_Cross_Substation,HI CROSS SUBSTATION,138.0,PQ,0.0,0.0,3,3,SOUTH,30.18633,-97.7692,339106915.0,False
1135,Burleson_Substation_1135,BURLESON SUBSTATION,138.0,PQ,0.0,0.0,3,3,SOUTH,30.21473,-97.73655,339106914.0,False
1136,Grove_Substation,GROVE SUBSTATION,138.0,PQ,0.0,0.0,3,3,SOUTH,30.2165,-97.71113,339106907.0,False
1137,AMD_Substation,AMD SUBSTATION,138.0,PQ,0.0,0.0,3,3,SOUTH,30.2147,-97.72378,339106902.0,False
1138,Met_Center_Substation,MET CENTER SUBSTATION,138.0,PQ,0.0,0.0,3,3,SOUTH,30.21116,-97.69326,339106877.0,False
1139,Ingram_Substation,INGRAM SUBSTATION,138.0,PQ,0.0,0.0,3,3,SOUTH,30.08448,-99.24543,339059839.0,False
1140,Hunt_Substation,HUNT SUBSTATION,138.0,PQ,0.0,0.0,3,3,SOUTH,30.07612,-99.33619,339059838.0,False
1141,Turtle_Creek_Substation,TURTLE CREEK SUBSTATION,138.0,PQ,0.0,0.0,3,3,SOUTH,29.96899,-99.20726,339059836.0,False
1142,Rim_Rock_Substation,RIM ROCK SUBSTATION,138.0,PQ,0.0,0.0,3,3,SOUTH,30.03014,-99.17315,338944404.0,False
1143,Goat_Creek_Substation,GOAT CREEK SUBSTATION,138.0,PQ,0.0,0.0,3,3,SOUTH,30.07989,-99.21013,338944403.0,False
1144,Kerrville_Travis_Substation,KERRVILLE TRAVIS SUBSTATION,138.0,PQ,0.0,0.0,3,3,SOUTH,30.04273,-99.12456,338939540.0,False
1145,Kerrville_Legion_Substation,KERRVILLE LEGION SUBSTATION,138.0,PQ,0.0,0.0,3,3,SOUTH,30.00028,-99.1004,338939539.0,False
1146,Metro_Substation,METRO SUBSTATION,138.0,PQ,0.0,0.0,2,2,HOUSTON,30.1748,-95.46245,338937392.0,False
1147,Fish_Creek_Substation,FISH CREEK SUBSTATION,138.0,PQ,0.0,0.0,2,2,HOUSTON,30.29738,-95.54773,338937387.0,False
1148,Conroe_Bulk_Substation,CONROE BULK SUBSTATION,138.0,PQ,0.0,0.0,2,2,HOUSTON,30.28897,-95.45518,338937386.0,False
1149,Conair_Substation,CONAIR SUBSTATION,138.0,PQ,0.0,0.0,2,2,HOUSTON,30.33804,-95.44727,338937384.0,False
1150,Plantation_Substation,PLANTATION SUBSTATION,138.0,PQ,0.0,0.0,2,2,HOUSTON,30.2517,-95.43334,338937383.0,False
1151,Alden_Substation,ALDEN SUBSTATION,138.0,PQ,0.0,0.0,2,2,HOUSTON,30.23207,-95.51526,338937381.0,False
1156,ISP_Substation,ISP SUBSTATION,138.0,PQ,0.0,0.0,2,2,HOUSTON,29.42571,-94.96396,338858198.0,False
1157,Cherokee_Switching_Station,CHEROKEE SWITCHING STATION,138.0,PQ,0.0,0.0,2,2,HOUSTON,29.36723,-94.91581,338817755.0,False
1158,Comanche_Switching_Station,COMANCHE SWITCHING STATION,138.0,PQ,0.0,0.0,2,2,HOUSTON,29.37336,-94.9148,338817754.0,False
1159,Amoco_Substation,AMOCO SUBSTATION,138.0,PQ,0.0,0.0,2,2,HOUSTON,29.36367,-94.92477,338817753.0,False
1160,Caddo_Substation,CADDO SUBSTATION,138.0,PQ,0.0,0.0,2,2,HOUSTON,29.37962,-94.94402,338801839.0,False
1161,Tejas_Substation,TEJAS SUBSTATION,138.0,PQ,0.0,0.0,2,2,HOUSTON,29.38007,-94.92292,338794658.0,False
1162,Heights_Substation,HEIGHTS SUBSTATION,138.0,PQ,0.0,0.0,2,2,HOUSTON,29.38989,-94.94996,338794655.0,False
1163,Apache_Substation,APACHE SUBSTATION,138.0,PQ,0.0,0.0,2,2,HOUSTON,29.37877,-94.94754,338794653.0,False
1164,Greenbelt_Substation,GREENBELT SUBSTATION,138.0,PQ,0.0,0.0,2,2,HOUSTON,29.37969,-94.93466,338794652.0,False
1165,Kemah_Substation,KEMAH SUBSTATION,138.0,PQ,0.0,0.0,2,2,HOUSTON,29.53832,-95.02628,338763387.0,False
1166,Seminole_Substation,SEMINOLE SUBSTATION,138.0,PQ,0.0,0.0,2,2,HOUSTON,29.4684,-95.17876,338758527.0,False
1167,Nash_Substation,NASH SUBSTATION,138.0,PQ,0.0,0.0,2,2,HOUSTON,29.24365,-95.59413,338758525.0,False
1168,Hastings_Substation,HASTINGS SUBSTATION,138.0,PQ,0.0,0.0,2,2,HOUSTON,29.4833,-95.25262,338758521.0,False
1169,Friendswood_Substation,FRIENDSWOOD SUBSTATION,138.0,PQ,0.0,0.0,2,2,HOUSTON,29.49917,-95.20144,338758520.0,False
1170,Amoco_Substation_1170,AMOCO SUBSTATION,138.0,PQ,0.0,0.0,2,2,HOUSTON,29.23388,-95.18706,338758518.0,False
1171,League_City_Main_Substation,LEAGUE CITY MAIN SUBSTATION,138.0,PQ,0.0,0.0,2,2,HOUSTON,29.50086,-95.08207,338758509.0,False
1172,Freeport_Substation,FREEPORT SUBSTATION,138.0,PQ,0.0,0.0,2,2,HOUSTON,28.94047,-95.34854,338688815.0,False
1173,Freeman_Substation,FREEMAN SUBSTATION,138.0,PQ,0.0,0.0,2,2,HOUSTON,29.87529,-95.84127,338688814.0,False
1174,PSArco_Substation,PSARCO SUBSTATION,138.0,PQ,0.0,0.0,2,2,HOUSTON,29.81335,-95.12102,338555281.0,False
1176,Strawberry_Belt_Substation,STRAWBERRY BELT SUBSTATION,138.0,PQ,0.0,0.0,2,2,HOUSTON,29.69922,-95.17216,338519289.0,False
1177,South_Channel_Substation,SOUTH CHANNEL SUBSTATION,138.0,PQ,0.0,0.0,2,2,HOUSTON,29.72207,-95.16458,338519288.0,False
1178,Hidden_Valley_Substation,HIDDEN VALLEY SUBSTATION,138.0,PQ,0.0,0.0,2,2,HOUSTON,29.91131,-95.42301,338341256.0,False
1179,College_Substation,COLLEGE SUBSTATION,138.0,PQ,0.0,0.0,2,2,HOUSTON,29.65971,-95.24501,338341255.0,False
1181,Welcome_Substation,WELCOME SUBSTATION,138.0,PQ,0.0,0.0,3,3,SOUTH,30.03277,-96.47848,338321084.0,False
1182,Pisek_Substation,PISEK SUBSTATION,138.0,PQ,0.0,0.0,3,3,SOUTH,29.92119,-96.57182,338321083.0,False
1183,Southwyck_Substation,SOUTHWYCK SUBSTATION,138.0,PQ,0.0,0.0,2,2,HOUSTON,29.55239,-95.38934,338305203.0,False
1184,Mustang_Bayou_Substation,MUSTANG BAYOU SUBSTATION,138.0,PQ,0.0,0.0,2,2,HOUSTON,29.36292,-95.2035,338305192.0,False
1185,Alvin_Substation,ALVIN SUBSTATION,138.0,PQ,0.0,0.0,2,2,HOUSTON,29.43342,-95.24959,338305186.0,False
1186,Monsanto_Substation,MONSANTO SUBSTATION,138.0,PQ,0.0,0.0,2,2,HOUSTON,29.25639,-95.21168,338305183.0,False
1187,Scenic_Woods_Substation,SCENIC WOODS SUBSTATION,138.0,PQ,0.0,0.0,2,2,HOUSTON,29.88383,-95.28542,338295748.0,False
1188,Lockwood_Substation,LOCKWOOD SUBSTATION,138.0,PQ,0.0,0.0,2,2,HOUSTON,29.93523,-95.28847,338295746.0,False
1189,Glenwood_Substation,GLENWOOD SUBSTATION,138.0,PQ,0.0,0.0,2,2,HOUSTON,29.85064,-95.26594,338295743.0,False
1191,Bertwood_Substation,BERTWOOD SUBSTATION,138.0,PQ,0.0,0.0,2,2,HOUSTON,29.84411,-95.31406,338295741.0,False
1192,Kenedy_Switching_Station,KENEDY SWITCHING STATION,138.0,PQ,0.0,0.0,3,3,SOUTH,28.84233,-97.83773,337814864.0,False
1193,Bay_City_Substation,BAY CITY SUBSTATION,138.0,PQ,0.0,0.0,3,3,SOUTH,28.98775,-95.96933,337787970.0,False
1194,Alcoa_Substation,ALCOA SUBSTATION,138.0,PQ,0.0,0.0,3,3,SOUTH,28.65745,-96.55782,337764372.0,False
1195,Formosa_Plastics_Switching_Station,FORMOSA PLASTICS SWITCHING STATION,138.0,PQ,0.0,0.0,3,3,SOUTH,28.68634,-96.55125,337764370.0,False
1196,Formosa_Substation,FORMOSA SUBSTATION,138.0,PQ,0.0,0.0,3,3,SOUTH,28.6836,-96.55116,337764365.0,False
1197,Hearne_Substation,HEARNE SUBSTATION,138.0,PQ,0.0,0.0,1,1,NORTH,30.88407,-96.62588,337726843.0,False
1198,Oak_Hill_Substation,OAK HILL SUBSTATION,138.0,PQ,0.0,0.0,3,3,SOUTH,30.23386,-97.85945,337714282.0,False
1199,Black_Bayou_Substation,BLACK BAYOU SUBSTATION,138.0,PQ,0.0,0.0,3,3,SOUTH,28.64242,-96.91974,337681592.0,False
1200,Vistron_Substation,VISTRON SUBSTATION,138.0,PQ,0.0,0.0,3,3,SOUTH,28.57457,-96.8331,337681591.0,False
1201,Joslin_Substation,JOSLIN SUBSTATION,138.0,PQ,0.0,0.0,3,3,SOUTH,28.64877,-96.54674,337681589.0,False
1202,Loop_463_Substation,LOOP 463 SUBSTATION,138.0,PQ,0.0,0.0,3,3,SOUTH,28.81652,-97.07497,337374051.0,False
1203,Vanderbilt_Substation,VANDERBILT SUBSTATION,138.0,PQ,0.0,0.0,3,3,SOUTH,28.80579,-96.64582,337374050.0,False
1204,Gonzales_Substation,GONZALES SUBSTATION,138.0,PQ,0.0,0.0,3,3,SOUTH,29.51795,-97.46823,337363741.0,False
1205,Cuero_Substation,CUERO SUBSTATION,138.0,PQ,0.0,0.0,3,3,SOUTH,29.10746,-97.27222,337363738.0,False
1206,Thomaston_Substation,THOMASTON SUBSTATION,138.0,PQ,0.0,0.0,3,3,SOUTH,28.99759,-97.1487,337363736.0,False
1207,Cheapside_Substation,CHEAPSIDE SUBSTATION,138.0,PQ,0.0,0.0,3,3,SOUTH,29.30915,-97.39533,337363735.0,False
1208,Cuero_Hydro_Substation,CUERO HYDRO SUBSTATION,138.0,PQ,0.0,0.0,3,3,SOUTH,29.12936,-97.30812,337363732.0,False
1209,Cy_Fair_Substation,CY-FAIR SUBSTATION,138.0,PQ,0.0,0.0,2,2,HOUSTON,29.94801,-95.67259,337348140.0,False
1210,Ganado_Substation,GANADO SUBSTATION,138.0,PQ,0.0,0.0,3,3,SOUTH,29.01319,-96.50278,337345675.0,False
1211,El_Campo_Substation,EL CAMPO SUBSTATION,138.0,PQ,0.0,0.0,3,3,SOUTH,29.187,-96.26764,337345674.0,False
1212,Edna_Substation,EDNA SUBSTATION,138.0,PQ,0.0,0.0,3,3,SOUTH,28.95655,-96.64609,337345673.0,False
1213,Dupont_Switching_Station,DUPONT SWITCHING STATION,138.0,PQ,0.0,0.0,3,3,SOUTH,28.69294,-96.94574,337345667.0,False
1216,Hitchcock_Substation,HITCHCOCK SUBSTATION,138.0,PQ,0.0,0.0,2,2,HOUSTON,29.34758,-95.01607,337236412.0,False
1217,Alta_Loma_Substation,ALTA LOMA SUBSTATION,138.0,PQ,0.0,0.0,2,2,HOUSTON,29.39161,-95.09073,337236407.0,False
1218,Moody_Substation_1218,MOODY SUBSTATION,138.0,PQ,0.0,0.0,2,2,HOUSTON,29.26063,-94.85324,337225055.0,False
1219,Davson_Substation,DAVSON SUBSTATION,138.0,PQ,0.0,0.0,2,2,HOUSTON,29.71638,-95.18919,337194142.0,False
1222,Pledger_Substation,PLEDGER SUBSTATION,138.0,PQ,0.0,0.0,3,3,SOUTH,29.18844,-95.91163,336976543.0,False
1223,South_Lane_City_Substation,SOUTH LANE CITY SUBSTATION,138.0,PQ,0.0,0.0,3,3,SOUTH,29.19473,-96.01582,336976542.0,False
1224,Lake_Jackson_Substation,LAKE JACKSON SUBSTATION,138.0,PQ,0.0,0.0,2,2,HOUSTON,29.05296,-95.42413,336976541.0,False
1226,West_Columbia_Substation,WEST COLUMBIA SUBSTATION,138.0,PQ,0.0,0.0,2,2,HOUSTON,29.15672,-95.65747,336964607.0,False
1227,Guy_Burks_Substation,GUY BURKS SUBSTATION,138.0,PQ,0.0,0.0,3,3,SOUTH,30.14807,-96.42284,336964598.0,False
1228,Greens_Bayou_345kV_Substation,GREENS BAYOU 345KV SUBSTATION,345.0,PQ,0.0,0.0,2,2,HOUSTON,29.8183,-95.21805,336813657.0,False
1230,Mary_s_Creek_Substation,MARY'S CREEK SUBSTATION,138.0,PQ,0.0,0.0,2,2,HOUSTON,29.55409,-95.25743,336780057.0,False
1231,La_Porte_Substation,LA PORTE SUBSTATION,138.0,PQ,0.0,0.0,2,2,HOUSTON,29.66488,-95.0162,336780055.0,False
1232,Hall_Substation,HALL SUBSTATION,138.0,PQ,0.0,0.0,2,2,HOUSTON,29.5895,-95.24031,336780054.0,False
1234,Underwood_Substation,UNDERWOOD SUBSTATION,138.0,PQ,0.0,0.0,2,2,HOUSTON,29.69206,-95.08921,336718767.0,False
1235,Telview_Substation,TELVIEW SUBSTATION,138.0,PQ,0.0,0.0,2,2,HOUSTON,29.57952,-95.48736,336647123.0,False
1236,Quail_Valley_Substation,QUAIL VALLEY SUBSTATION,138.0,PQ,0.0,0.0,2,2,HOUSTON,29.587,-95.53423,336647122.0,False
1238,Fondren_Substation,FONDREN SUBSTATION,138.0,PQ,0.0,0.0,2,2,HOUSTON,29.66778,-95.50912,336647114.0,False
1239,West_Galveston_Substation,WEST GALVESTON SUBSTATION,138.0,PQ,0.0,0.0,2,2,HOUSTON,29.29621,-94.82718,336628613.0,False
1240,Galveston_26th_Street_Substation,GALVESTON 26TH STREET SUBSTATION,138.0,PQ,0.0,0.0,2,2,HOUSTON,29.30286,-94.79751,336628610.0,False
1241,Friendswood_Substation_1241,FRIENDSWOOD SUBSTATION,138.0,PQ,0.0,0.0,2,2,HOUSTON,29.5227,-95.15343,336628609.0,False
1242,Dickinson_Substation,DICKINSON SUBSTATION,138.0,PQ,0.0,0.0,2,2,HOUSTON,29.46118,-95.05701,336628606.0,False
1243,Freeway_Park_Substation,FREEWAY PARK SUBSTATION,138.0,PQ,0.0,0.0,2,2,HOUSTON,29.40407,-94.99501,336628605.0,False
1245,Plaza_Substation,PLAZA SUBSTATION,138.0,PQ,0.0,0.0,2,2,HOUSTON,29.68952,-95.3896,336554484.0,False
1246,Greens_Road_Substation,GREENS ROAD SUBSTATION,138.0,PQ,0.0,0.0,2,2,HOUSTON,29.95077,-95.33329,336554481.0,False
1247,Intercontinental_Substation,INTERCONTINENTAL SUBSTATION,138.0,PQ,0.0,0.0,2,2,HOUSTON,29.98691,-95.36754,336511805.0,False
1248,Katy_Substation,KATY SUBSTATION,138.0,PQ,0.0,0.0,2,2,HOUSTON,29.78706,-95.83944,336300426.0,False
1249,Surfside_Substation,SURFSIDE SUBSTATION,138.0,PQ,0.0,0.0,2,2,HOUSTON,28.95884,-95.33928,336253298.0,False
1250,Petson_Substation,PETSON SUBSTATION,138.0,PQ,0.0,0.0,2,2,HOUSTON,29.25303,-95.22031,336253275.0,False
1253,Liverpool_Substation,LIVERPOOL SUBSTATION,138.0,PQ,0.0,0.0,2,2,HOUSTON,29.27912,-95.295,336253179.0,False
1254,Kerrville_Stadium_Substation,KERRVILLE STADIUM SUBSTATION,138.0,PQ,0.0,0.0,3,3,SOUTH,30.05796,-99.13397,336105670.0,False
1255,Castell_Substation,CASTELL SUBSTATION,138.0,PQ,0.0,0.0,3,3,SOUTH,30.73845,-98.96326,336105669.0,False
1256,Mountain_Top_Substation,MOUNTAIN TOP SUBSTATION,138.0,PQ,0.0,0.0,3,3,SOUTH,30.23007,-98.37035,336105668.0,False
1257,Miller_Creek_Substation,MILLER CREEK SUBSTATION,138.0,PQ,0.0,0.0,3,3,SOUTH,30.26202,-98.29849,336105667.0,False
1258,Wolf_Creek_Substation,WOLF CREEK SUBSTATION,138.0,PQ,0.0,0.0,3,3,SOUTH,30.12334,-99.08816,336105666.0,False
1259,Fredericksburg_Substation,FREDERICKSBURG SUBSTATION,138.0,PQ,0.0,0.0,3,3,SOUTH,30.25975,-98.88515,336105663.0,False
1260,Cedar_Bayou_Substation,CEDAR BAYOU SUBSTATION,138.0,PQ,0.0,0.0,2,2,HOUSTON,29.75798,-94.95007,336068038.0,False
1261,Kingwood_Substation,KINGWOOD SUBSTATION,138.0,PQ,0.0,0.0,2,2,HOUSTON,30.05433,-95.18906,336061373.0,False
1262,Kluge_Substation,KLUGE SUBSTATION,138.0,PQ,0.0,0.0,2,2,HOUSTON,29.98953,-95.61854,336061356.0,False
1263,Drilco_Substation,DRILCO SUBSTATION,138.0,PQ,0.0,0.0,2,2,HOUSTON,29.96445,-95.38296,336061355.0,False
1264,Atascocita_Substation,ATASCOCITA SUBSTATION,138.0,PQ,0.0,0.0,2,2,HOUSTON,30.0049,-95.09704,336061354.0,False
1265,Gertie_Substation,GERTIE SUBSTATION,138.0,PQ,0.0,0.0,2,2,HOUSTON,29.86368,-95.68403,336061349.0,False
1266,Rayford_Substation,RAYFORD SUBSTATION,138.0,PQ,0.0,0.0,2,2,HOUSTON,30.12872,-95.44505,335766604.0,False
1267,Bayway_Substation,BAYWAY SUBSTATION,138.0,PQ,0.0,0.0,2,2,HOUSTON,29.60934,-95.04952,335719118.0,False
1268,Bayou_Cogen_Substation,BAYOU COGEN SUBSTATION,138.0,PQ,0.0,0.0,2,2,HOUSTON,29.62622,-95.04648,335719114.0,False
1269,Luzbay_Substation,LUZBAY SUBSTATION,138.0,PQ,0.0,0.0,2,2,HOUSTON,29.63972,-95.05543,335719112.0,False
1270,Sylvan_Substation,SYLVAN SUBSTATION,138.0,PQ,0.0,0.0,2,2,HOUSTON,29.65467,-95.04027,335719109.0,False
1271,Fairmont_Substation,FAIRMONT SUBSTATION,138.0,PQ,0.0,0.0,2,2,HOUSTON,29.6497,-95.10289,335719105.0,False
1272,Bypark_Substation,BYPARK SUBSTATION,138.0,PQ,0.0,0.0,2,2,HOUSTON,29.64234,-95.05948,335719104.0,False
1273,Septon_Substation,SEPTON SUBSTATION,138.0,PQ,0.0,0.0,2,2,HOUSTON,29.61626,-95.03676,335719103.0,False
1274,Lexington_Substation,LEXINGTON SUBSTATION,138.0,PQ,0.0,0.0,3,3,SOUTH,30.41587,-97.00344,333693097.0,False
1275,Devil_s_Hill_Substation,DEVIL'S HILL SUBSTATION,138.0,PQ,0.0,0.0,3,3,SOUTH,29.92224,-98.41218,327699745.0,False
1276,Jett_Substation,JETT SUBSTATION,138.0,PQ,0.0,0.0,3,3,SOUTH,30.37484,-97.80645,325214746.0,False
1277,Alamo_Cement_Substation,ALAMO CEMENT SUBSTATION,138.0,PQ,0.0,0.0,3,3,SOUTH,29.61175,-98.37446,324082929.0,False
1278,Airport_Substation_1278,AIRPORT SUBSTATION,138.0,PQ,0.0,0.0,3,3,SOUTH,25.90627,-97.44735,323184324.0,False
1279,Krugerville_Substation,KRUGERVILLE SUBSTATION,138.0,PQ,0.0,0.0,1,1,NORTH,33.27813,-96.99323,321878699.0,False
1280,Tuttle_Switchyard,TUTTLE SWITCHYARD,138.0,PQ,0.0,0.0,3,3,SOUTH,29.52913,-98.41864,321062544.0,False
1281,Bandera_Substation,BANDERA SUBSTATION,138.0,PQ,0.0,0.0,3,3,SOUTH,29.73645,-99.11161,320757401.0,False
1282,Mason_Creek_Substation,MASON CREEK SUBSTATION,138.0,PQ,0.0,0.0,3,3,SOUTH,29.76054,-99.02239,320757394.0,False
1283,Verde_Creek_Substation,VERDE CREEK SUBSTATION,138.0,PQ,0.0,0.0,3,3,SOUTH,29.93315,-99.05521,320757388.0,False
1284,Raymond_F_Barker_Substation,RAYMOND F. BARKER SUBSTATION,138.0,PQ,0.0,0.0,3,3,SOUTH,29.95837,-99.04634,320757386.0,False
1285,Medina_Lake_Substation,MEDINA LAKE SUBSTATION,138.0,PQ,0.0,0.0,3,3,SOUTH,29.61254,-98.93316,320743674.0,False
1286,Schertz_Substation,SCHERTZ SUBSTATION,138.0,PQ,0.0,0.0,3,3,SOUTH,29.56365,-98.2616,320568333.0,False
1287,Trumbo_Substation,TRUMBO SUBSTATION,138.0,PQ,0.0,0.0,3,3,SOUTH,29.21001,-98.50474,320565591.0,False
1288,Palo_Alto_Substation_1288,PALO ALTO SUBSTATION,138.0,PQ,0.0,0.0,3,3,SOUTH,29.31815,-98.5497,320535884.0,False
1289,Mauermann_Road_Substation,MAUERMANN ROAD SUBSTATION,138.0,PQ,0.0,0.0,3,3,SOUTH,29.28441,-98.50747,320535883.0,False
1290,Capitol_Cement_Substation,CAPITOL CEMENT SUBSTATION,138.0,PQ,0.0,0.0,3,3,SOUTH,29.54803,-98.41975,320435626.0,False
1291,Lytle_Substation,LYTLE SUBSTATION,138.0,PQ,0.0,0.0,3,3,SOUTH,29.21663,-98.84475,320099415.0,False
1292,Hondo_Substation,HONDO SUBSTATION,138.0,PQ,0.0,0.0,3,3,SOUTH,29.34529,-99.15091,320099413.0,False
1293,Pearson_Substation,PEARSON SUBSTATION,138.0,PQ,0.0,0.0,3,3,SOUTH,29.2629,-98.9241,320099410.0,False
1294,Hondo_Creek_Substation,HONDO CREEK SUBSTATION,138.0,PQ,0.0,0.0,3,3,SOUTH,29.27244,-99.0844,320099403.0,False
1295,Fort_Sam_Substation,FORT SAM SUBSTATION,138.0,PQ,0.0,0.0,3,3,SOUTH,29.4553,-98.43794,320038765.0,False
1297,Hot_Wells_Substation,HOT WELLS SUBSTATION,138.0,PQ,0.0,0.0,3,3,SOUTH,29.37012,-98.45487,319905621.0,False
1298,Dresden_Drive_Substation,DRESDEN DRIVE SUBSTATION,138.0,PQ,0.0,0.0,3,3,SOUTH,29.49873,-98.50815,319857250.0,False
1299,Los_Angeles_Heights_Substation,LOS ANGELES HEIGHTS SUBSTATION,138.0,PQ,0.0,0.0,3,3,SOUTH,29.46684,-98.52638,319857248.0,False
1300,Harlandale_Substation,HARLANDALE SUBSTATION,138.0,PQ,0.0,0.0,3,3,SOUTH,29.36332,-98.49595,319741933.0,False
1301,Rossville_Substation,ROSSVILLE SUBSTATION,138.0,PQ,0.0,0.0,3,3,SOUTH,29.16425,-98.68195,319406850.0,False
1302,Tri_County_Substation,TRI-COUNTY SUBSTATION,138.0,PQ,0.0,0.0,3,3,SOUTH,29.60987,-98.27096,319202883.0,False
1303,Arthur_Von_Rosenberg_Switchyard,ARTHUR VON ROSENBERG SWITCHYARD,345.0,PQ,0.0,0.0,3,3,SOUTH,29.25827,-98.38408,319115155.0,False
1304,Braunig_Switchyard,BRAUNIG SWITCHYARD,138.0,PQ,0.0,0.0,3,3,SOUTH,29.25807,-98.38302,319115059.0,False
1305,Cardinal_Lane_Substation,CARDINAL LANE SUBSTATION,138.0,PQ,0.0,0.0,3,3,SOUTH,30.23385,-97.76887,318904296.0,False
1306,Rittenhouse_Substation,RITTENHOUSE SUBSTATION,138.0,PQ,0.0,0.0,2,2,HOUSTON,29.86394,-95.37953,318762074.0,False
1307,Panther_Springs_Substation,PANTHER SPRINGS SUBSTATION,138.0,PQ,0.0,0.0,3,3,SOUTH,29.66542,-98.5177,318672309.0,False
1308,OCI_Alamo_1,OCI ALAMO 1,138.0,PQ,0.0,0.0,3,3,SOUTH,29.27125,-98.45578,318453563.0,False
1309,Medina_Base_Substation,MEDINA BASE SUBSTATION,138.0,PQ,0.0,0.0,3,3,SOUTH,29.38078,-98.63472,317852055.0,False
1310,Leon_Creek_Switchyard,LEON CREEK SWITCHYARD,138.0,PQ,0.0,0.0,3,3,SOUTH,29.35048,-98.57519,317830185.0,False
1311,Lytle_Substation_1311,LYTLE SUBSTATION,138.0,PQ,0.0,0.0,3,3,SOUTH,29.25076,-98.80427,315427707.0,False
1312,Castroville_Substation,CASTROVILLE SUBSTATION,138.0,PQ,0.0,0.0,3,3,SOUTH,29.35884,-98.81581,315427188.0,False
1313,Killeen_Park_Street_Substation,KILLEEN PARK STREET SUBSTATION,138.0,PQ,0.0,0.0,3,3,SOUTH,31.12575,-97.72947,315411906.0,False
1314,Ed_Bluestein_Substation,ED BLUESTEIN SUBSTATION,138.0,PQ,0.0,0.0,3,3,SOUTH,30.27055,-97.66213,313626243.0,False
1315,Sharpstown_Substation,SHARPSTOWN SUBSTATION,138.0,PQ,0.0,0.0,2,2,HOUSTON,29.70153,-95.48734,312676833.0,False
1316,Chocolate_Bayou_Substation_1316,CHOCOLATE BAYOU SUBSTATION,138.0,PQ,0.0,0.0,2,2,HOUSTON,29.62795,-95.35279,306832493.0,False
1317,Westheimer_Substation,WESTHEIMER SUBSTATION,138.0,PQ,0.0,0.0,2,2,HOUSTON,29.7367,-95.61737,304987725.0,False
1318,Clodine_Substation,CLODINE SUBSTATION,138.0,PQ,0.0,0.0,2,2,HOUSTON,29.67495,-95.621,304890197.0,False
1319,Pearland_Substation,PEARLAND SUBSTATION,138.0,PQ,0.0,0.0,2,2,HOUSTON,29.56011,-95.32266,304790218.0,False
1320,Holmes_Substation,HOLMES SUBSTATION,138.0,PQ,0.0,0.0,2,2,HOUSTON,29.67952,-95.3722,304533431.0,False
1321,El_Dorado_Substation,EL DORADO SUBSTATION,138.0,PQ,0.0,0.0,2,2,HOUSTON,29.56192,-95.14176,304523119.0,False
1322,Pearsall_Road_Substation,PEARSALL ROAD SUBSTATION,138.0,PQ,0.0,0.0,3,3,SOUTH,29.35692,-98.60168,303132185.0,False
1323,Hunt_Lane_Substation,HUNT LANE SUBSTATION,138.0,PQ,0.0,0.0,3,3,SOUTH,29.41506,-98.6673,301979794.0,False
1324,Killeen_Substation,KILLEEN SUBSTATION,138.0,PQ,0.0,0.0,3,3,SOUTH,31.10419,-97.7388,300648305.0,False
1325,Mueller_Substation,MUELLER SUBSTATION,138.0,PQ,0.0,0.0,3,3,SOUTH,30.28996,-97.68969,300572017.0,False
1326,Canyon_Rock_Substation,CANYON ROCK SUBSTATION,138.0,PQ,0.0,0.0,4,4,WEST,32.3865,-99.74731,299872174.0,False
1329,Harper_Road_Substation,HARPER ROAD SUBSTATION,138.0,PQ,0.0,0.0,3,3,SOUTH,30.07342,-99.15074,296811175.0,False
1331,East_Munday_Substation,EAST MUNDAY SUBSTATION,138.0,PQ,0.0,0.0,4,4,WEST,33.45341,-99.60305,295396060.0,False
1332,Stratton_Substation,STRATTON SUBSTATION,138.0,PQ,0.0,0.0,3,3,SOUTH,27.62186,-97.87928,294833330.0,False
1333,Locust_Substation,LOCUST SUBSTATION,138.0,PQ,0.0,0.0,1,1,NORTH,33.25508,-97.13281,293798937.0,False
1334,Sienna_Substation,SIENNA SUBSTATION,138.0,PQ,0.0,0.0,2,2,HOUSTON,29.53816,-95.56146,293342157.0,False
1336,Reading_Substation,READING SUBSTATION,138.0,PQ,0.0,0.0,2,2,HOUSTON,29.56372,-95.76249,288314536.0,False
1337,Pharoah_Substation,PHAROAH SUBSTATION,138.0,PQ,0.0,0.0,3,3,SOUTH,27.70458,-97.35443,286488367.0,False
1338,Yoakum_Gaetner_Road_Substation,YOAKUM GAETNER ROAD SUBSTATION,138.0,PQ,0.0,0.0,3,3,SOUTH,29.27973,-97.15677,286376519.0,False
1339,Moulton_Substation,MOULTON SUBSTATION,138.0,PQ,0.0,0.0,3,3,SOUTH,29.57438,-97.14027,286376518.0,False
1340,Luling_City_Substation,LULING CITY SUBSTATION,138.0,PQ,0.0,0.0,3,3,SOUTH,29.69747,-97.65436,286372348.0,False
1341,Sulphur_Springs_Substation,SULPHUR SPRINGS SUBSTATION,138.0,PQ,0.0,0.0,1,1,NORTH,33.13197,-95.61356,286177047.0,False
1342,Fairdale_Substation,FAIRDALE SUBSTATION,138.0,PQ,0.0,0.0,1,1,NORTH,32.91395,-96.66166,284642873.0,False
1343,Brand_Substation_1343,BRAND SUBSTATION,138.0,PQ,0.0,0.0,1,1,NORTH,32.95224,-96.63781,284642870.0,False
1344,Richardson_Spring_Creek_Substation,RICHARDSON SPRING CREEK SUBSTATION,138.0,PQ,0.0,0.0,1,1,NORTH,32.98322,-96.69639,284553834.0,False
1345,East_Richardson_Switching_Station,EAST RICHARDSON SWITCHING STATION,138.0,PQ,0.0,0.0,1,1,NORTH,32.95683,-96.70069,284553832.0,False
1346,Apollo_Substation_1346,APOLLO SUBSTATION,138.0,PQ,0.0,0.0,1,1,NORTH,32.95391,-96.67725,284553655.0,False
1347,Firewheel_Substation,FIREWHEEL SUBSTATION,138.0,PQ,0.0,0.0,1,1,NORTH,32.98132,-96.64038,284553653.0,False
1348,Santa_Anna_Substation,SANTA ANNA SUBSTATION,138.0,PQ,0.0,0.0,4,4,WEST,31.7398,-99.30495,284090802.0,False
1350,Mesquite_Station,MESQUITE STATION,138.0,PQ,0.0,0.0,1,1,NORTH,32.76017,-96.57562,279923870.0,False
1351,Lawson_Road_Substation,LAWSON ROAD SUBSTATION,138.0,PQ,0.0,0.0,1,1,NORTH,32.70778,-96.56313,279923864.0,False
1352,Southwest_Research_Institute_Substation,SOUTHWEST RESEARCH INSTITUTE SUBSTATION,138.0,PQ,0.0,0.0,3,3,SOUTH,29.43696,-98.61266,278460528.0,False
1353,Decker_Switchyard,DECKER SWITCHYARD,138.0,PQ,0.0,0.0,3,3,SOUTH,30.30518,-97.61411,276827871.0,False
1354,Giddings_Substation,GIDDINGS SUBSTATION,138.0,PQ,0.0,0.0,3,3,SOUTH,30.18431,-96.95126,275973436.0,False
1355,Bastrop_Substation,BASTROP SUBSTATION,138.0,PQ,0.0,0.0,3,3,SOUTH,30.13019,-97.32095,275116407.0,False
1356,Cibolo_Creek_Substation,CIBOLO CREEK SUBSTATION,138.0,PQ,0.0,0.0,3,3,SOUTH,29.66478,-98.38542,270492412.0,False
1357,Walnut_Creek_Substation,WALNUT CREEK SUBSTATION,138.0,PQ,0.0,0.0,3,3,SOUTH,30.27403,-97.65329,267171236.0,False
1358,Blodgett_Substation,BLODGETT SUBSTATION,138.0,PQ,0.0,0.0,2,2,HOUSTON,29.72085,-95.36435,260998169.0,False
1359,Steck_Substation,STECK SUBSTATION,138.0,PQ,0.0,0.0,3,3,SOUTH,30.36738,-97.7417,260647883.0,False
1360,Hickory_Substation,HICKORY SUBSTATION,138.0,PQ,0.0,0.0,1,1,NORTH,33.21516,-97.16176,260225238.0,False
1361,Central_Heights_Substation,CENTRAL HEIGHTS SUBSTATION,138.0,PQ,0.0,0.0,1,1,NORTH,31.72107,-94.63779,260122545.0,False
1362,Lufkin_Pershing_Street_Substation,LUFKIN PERSHING STREET SUBSTATION,138.0,PQ,0.0,0.0,1,1,NORTH,31.32756,-94.73559,259578781.0,False
1363,Hamilton_Substation,HAMILTON SUBSTATION,138.0,PQ,0.0,0.0,3,3,SOUTH,30.40088,-97.74436,258552060.0,False
1364,Batesville_Substation,BATESVILLE SUBSTATION,138.0,PQ,0.0,0.0,3,3,SOUTH,28.86288,-99.60801,256664895.0,False
1365,Edith_Clarke_Substation,EDITH CLARKE SUBSTATION,345.0,PQ,0.0,0.0,4,4,WEST,33.94389,-99.7744,256153397.0,False
1366,Texas_Cryptologic_Center_Substation,TEXAS CRYPTOLOGIC CENTER SUBSTATION,138.0,PQ,0.0,0.0,3,3,SOUTH,29.44804,-98.63879,254742665.0,False
1368,Weil_Tract_Substation,WEIL TRACT SUBSTATION,138.0,PQ,0.0,0.0,3,3,SOUTH,27.79678,-97.48559,252343129.0,False
1369,Westside_Substation,WESTSIDE SUBSTATION,138.0,PQ,0.0,0.0,3,3,SOUTH,27.7346,-97.45233,252343110.0,False
1370,Southside_Substation,SOUTHSIDE SUBSTATION,138.0,PQ,0.0,0.0,3,3,SOUTH,27.73192,-97.38339,252173830.0,False
1371,Magnesium_Plant_Substation,MAGNESIUM PLANT SUBSTATION,138.0,PQ,0.0,0.0,3,3,SOUTH,30.37334,-97.72262,245579688.0,False
1372,Angleton_Substation_1372,ANGLETON SUBSTATION,138.0,PQ,0.0,0.0,2,2,HOUSTON,29.22658,-95.42917,244479862.0,False
1373,Buffalo_Gap_1_3_Substation,BUFFALO GAP 1 & 3 SUBSTATION,138.0,PQ,0.0,0.0,4,4,WEST,32.29939,-100.1153,243664556.0,False
1374,South_Trent_Wind_Farm_Substation,SOUTH TRENT WIND FARM SUBSTATION,138.0,PQ,0.0,0.0,4,4,WEST,32.43307,-100.19353,243664554.0,False
1375,Buffalo_Gap_2_Substation,BUFFALO GAP 2 SUBSTATION,138.0,PQ,0.0,0.0,4,4,WEST,32.32828,-100.20768,243664553.0,False
1376,Georgetown_East_Substation,GEORGETOWN EAST SUBSTATION,138.0,PQ,0.0,0.0,3,3,SOUTH,30.62372,-97.6449,240078927.0,False
1377,Fair_Oaks_Ranch_Substation,FAIR OAKS RANCH SUBSTATION,138.0,PQ,0.0,0.0,3,3,SOUTH,29.73278,-98.61229,239512095.0,False
1378,Vega_Substation,VEGA SUBSTATION,138.0,PQ,0.0,0.0,3,3,SOUTH,30.24222,-97.86835,236885470.0,False
1380,Lake_Pauline_Substation,LAKE PAULINE SUBSTATION,138.0,PQ,0.0,0.0,4,4,WEST,34.25228,-99.68479,231066354.0,False
1381,Floresville_Substation,FLORESVILLE SUBSTATION,138.0,PQ,0.0,0.0,3,3,SOUTH,29.14112,-98.15406,230619874.0,False
1382,Bertram_Substation,BERTRAM SUBSTATION,138.0,PQ,0.0,0.0,3,3,SOUTH,30.75501,-98.05372,230616343.0,False
1383,Dewalt_Substation,DEWALT SUBSTATION,138.0,PQ,0.0,0.0,2,2,HOUSTON,29.60456,-95.56381,230199859.0,False
1384,Carson_Creek_Substation,CARSON CREEK SUBSTATION,138.0,PQ,0.0,0.0,3,3,SOUTH,30.20321,-97.68715,224820000.0,False
1385,Kingsbery_Substation,KINGSBERY SUBSTATION,138.0,PQ,0.0,0.0,3,3,SOUTH,30.26544,-97.68741,224819995.0,False
1386,Bee_Creek_Substation_1386,BEE CREEK SUBSTATION,138.0,PQ,0.0,0.0,3,3,SOUTH,30.29382,-97.78959,223939600.0,False
1387,Austin_Dam_Substation,AUSTIN DAM SUBSTATION,138.0,PQ,0.0,0.0,3,3,SOUTH,30.29336,-97.78439,223939599.0,False
1388,Buckeye_Substation,BUCKEYE SUBSTATION,138.0,PQ,0.0,0.0,3,3,SOUTH,29.4937,-98.52465,222973992.0,False
1389,USAA_1_Substation,USAA #1 SUBSTATION,138.0,PQ,0.0,0.0,3,3,SOUTH,29.53329,-98.57633,222973703.0,False
1390,USAA_2_Substation,USAA #2 SUBSTATION,138.0,PQ,0.0,0.0,3,3,SOUTH,29.53047,-98.57144,222973700.0,False
1391,Colton_Substation,COLTON SUBSTATION,138.0,PQ,0.0,0.0,3,3,SOUTH,30.13913,-97.679,217282853.0,False
1392,Pilot_Knob_Substation,PILOT KNOB SUBSTATION,138.0,PQ,0.0,0.0,3,3,SOUTH,30.16236,-97.68192,217282331.0,False
1393,Wolf_Lane_Substation,WOLF LANE SUBSTATION,138.0,PQ,0.0,0.0,3,3,SOUTH,30.13934,-97.56161,217281966.0,False
1394,Walden_Substation,WALDEN SUBSTATION,138.0,PQ,0.0,0.0,2,2,HOUSTON,30.3957,-95.62053,215312923.0,False
1395,April_Substation,APRIL SUBSTATION,138.0,PQ,0.0,0.0,2,2,HOUSTON,30.36904,-95.61463,215312914.0,False
1396,Velasco_Substation,VELASCO SUBSTATION,138.0,PQ,0.0,0.0,2,2,HOUSTON,28.98008,-95.36257,215254772.0,False
1397,DSM_Substation,DSM SUBSTATION,138.0,PQ,0.0,0.0,2,2,HOUSTON,29.01031,-95.36971,215254764.0,False
1398,Jarrell_East_Substation,JARRELL EAST SUBSTATION,138.0,PQ,0.0,0.0,3,3,SOUTH,30.79618,-97.61061,213204855.0,False
1399,Sonterra_Substation,SONTERRA SUBSTATION,138.0,PQ,0.0,0.0,3,3,SOUTH,30.80235,-97.60768,213201551.0,False
1400,Bergstrom_Substation,BERGSTROM SUBSTATION,138.0,PQ,0.0,0.0,3,3,SOUTH,30.21925,-97.67249,209060966.0,False
1401,Cedar_Valley_Substation_1401,CEDAR VALLEY SUBSTATION,138.0,PQ,0.0,0.0,3,3,SOUTH,30.22706,-97.9525,207313733.0,False
1402,Patton_Lane_Substation,PATTON LANE SUBSTATION,138.0,PQ,0.0,0.0,3,3,SOUTH,30.23816,-97.87042,207256326.0,False
1403,Salem_Walk_Substation,SALEM WALK SUBSTATION,138.0,PQ,0.0,0.0,3,3,SOUTH,30.21581,-97.79001,206176305.0,False
1404,Barton_Substation,BARTON SUBSTATION,138.0,PQ,0.0,0.0,3,3,SOUTH,30.26613,-97.8195,206176031.0,False
1406,Paleface_Substation,PALEFACE SUBSTATION,138.0,PQ,0.0,0.0,3,3,SOUTH,30.42673,-98.10867,206174800.0,False
1407,Commons_Ford_Substation,COMMONS FORD SUBSTATION,138.0,PQ,0.0,0.0,3,3,SOUTH,30.31547,-97.85473,206173699.0,False
1408,Hidden_Valley_Substation_1408,HIDDEN VALLEY SUBSTATION,138.0,PQ,0.0,0.0,3,3,SOUTH,30.38413,-97.90037,206173697.0,False
1409,North_Belt_Substation,NORTH BELT SUBSTATION,345.0,PQ,0.0,0.0,2,2,HOUSTON,29.94085,-95.36988,206130317.0,False
1410,Riverplace_Substation,RIVERPLACE SUBSTATION,138.0,PQ,0.0,0.0,3,3,SOUTH,30.39873,-97.8424,206126573.0,False
1411,Angus_Valley_Substation,ANGUS VALLEY SUBSTATION,138.0,PQ,0.0,0.0,3,3,SOUTH,30.40064,-97.77789,206125708.0,False
1412,Marshall_Ford_Upper_Switchyard,MARSHALL FORD UPPER SWITCHYARD,138.0,PQ,0.0,0.0,3,3,SOUTH,30.38923,-97.90917,206123264.0,False
1413,Seaholm_Substation,SEAHOLM SUBSTATION,138.0,PQ,0.0,0.0,3,3,SOUTH,30.26686,-97.75132,206121323.0,False
1414,Keith_Substation,KEITH SUBSTATION,138.0,PQ,0.0,0.0,1,1,NORTH,30.64915,-96.10148,206113388.0,False
1415,Gosling_Substation,GOSLING SUBSTATION,138.0,PQ,0.0,0.0,2,2,HOUSTON,30.18383,-95.49138,205392970.0,False
1416,Bentwater_Substation,BENTWATER SUBSTATION,138.0,PQ,0.0,0.0,2,2,HOUSTON,30.42657,-95.64683,205130466.0,False
1417,Magnolia_Anderson_Substation,MAGNOLIA ANDERSON SUBSTATION,138.0,PQ,0.0,0.0,1,1,NORTH,30.43612,-96.0021,205121596.0,False
1418,Cabaniss_Substation,CABANISS SUBSTATION,138.0,PQ,0.0,0.0,3,3,SOUTH,27.72042,-97.43787,204072444.0,False
1419,Wooldridge_Substation,WOOLDRIDGE SUBSTATION,138.0,PQ,0.0,0.0,3,3,SOUTH,27.68184,-97.35246,204031487.0,False
1420,Rodd_Field_Substation,RODD FIELD SUBSTATION,138.0,PQ,0.0,0.0,3,3,SOUTH,27.65913,-97.38243,204031484.0,False
1421,Airline_Substation,AIRLINE SUBSTATION,138.0,PQ,0.0,0.0,3,3,SOUTH,27.69551,-97.3739,203655558.0,False
1422,Holly_Substation,HOLLY SUBSTATION,138.0,PQ,0.0,0.0,3,3,SOUTH,27.70833,-97.39736,203621090.0,False
1423,Wheless_Lane_Substation,WHELESS LANE SUBSTATION,138.0,PQ,0.0,0.0,3,3,SOUTH,30.31314,-97.68505,202213277.0,False
1424,Terrell_Hills_Substation,TERRELL HILLS SUBSTATION,138.0,PQ,0.0,0.0,3,3,SOUTH,29.48666,-98.44703,196731262.0,False
1425,York_Creek_Substation,YORK CREEK SUBSTATION,138.0,PQ,0.0,0.0,3,3,SOUTH,29.73741,-97.95018,196198200.0,False
1426,McQueeney_Substation,MCQUEENEY SUBSTATION,138.0,PQ,0.0,0.0,3,3,SOUTH,29.58868,-98.04922,196190816.0,False
1427,Seguin_Substation,SEGUIN SUBSTATION,138.0,PQ,0.0,0.0,3,3,SOUTH,29.5944,-97.95633,196122554.0,False
1428,Capote_Substation,CAPOTE SUBSTATION,138.0,PQ,0.0,0.0,3,3,SOUTH,29.56831,-97.87835,196121203.0,False
1429,Olmos_Substation,OLMOS SUBSTATION,138.0,PQ,0.0,0.0,3,3,SOUTH,29.40057,-98.0717,196120176.0,False
1430,Rosenberg_Substation,ROSENBERG SUBSTATION,138.0,PQ,0.0,0.0,2,2,HOUSTON,29.56004,-95.80866,194946607.0,False
1431,Flatonia_Substation,FLATONIA SUBSTATION,138.0,PQ,0.0,0.0,3,3,SOUTH,29.67827,-97.10576,194910262.0,False
1432,Engle_Substation,ENGLE SUBSTATION,138.0,PQ,0.0,0.0,3,3,SOUTH,29.67458,-97.01314,194908632.0,False
1433,Rincon_Substation,RINCON SUBSTATION,138.0,PQ,0.0,0.0,3,3,SOUTH,27.98672,-97.32985,194687600.0,False
1434,Dupont_Switching_Station_1434,DUPONT SWITCHING STATION,138.0,PQ,0.0,0.0,3,3,SOUTH,27.90009,-97.24696,194687575.0,False
1435,Naval_Base_Substation,NAVAL BASE SUBSTATION,138.0,PQ,0.0,0.0,3,3,SOUTH,27.67886,-97.27227,193803695.0,False
1436,Spring_Creek_Substation,SPRING CREEK SUBSTATION,138.0,PQ,0.0,0.0,1,1,NORTH,30.5727,-96.26642,192808723.0,False
1437,Sandy_Creek_Substation,SANDY CREEK SUBSTATION,138.0,PQ,0.0,0.0,3,3,SOUTH,30.56918,-98.47765,192744655.0,False
1438,Wirtz_Substation,WIRTZ SUBSTATION,138.0,PQ,0.0,0.0,3,3,SOUTH,30.55951,-98.33757,192741276.0,False
1439,Ferguson_Substation,FERGUSON SUBSTATION,138.0,PQ,0.0,0.0,3,3,SOUTH,30.55548,-98.37149,192736943.0,False
1440,Nimitz_Substation,NIMITZ SUBSTATION,138.0,PQ,0.0,0.0,3,3,SOUTH,30.3068,-98.86587,192729242.0,False
1441,Horseshoe_Bay_Substation,HORSESHOE BAY SUBSTATION,138.0,PQ,0.0,0.0,3,3,SOUTH,30.53275,-98.39252,192729239.0,False
1442,Gillespie_Substation,GILLESPIE SUBSTATION,138.0,PQ,0.0,0.0,3,3,SOUTH,30.30524,-98.90406,192729237.0,False
1443,Mason_Substation_1443,MASON SUBSTATION,138.0,PQ,0.0,0.0,3,3,SOUTH,30.74803,-99.18526,192675806.0,False
1444,Fort_Mason_Substation,FORT MASON SUBSTATION,138.0,PQ,0.0,0.0,3,3,SOUTH,30.73771,-99.23191,192674614.0,False
1445,Yellowjacket_Substation,YELLOWJACKET SUBSTATION,138.0,PQ,0.0,0.0,4,4,WEST,30.93172,-99.78465,192667620.0,False
1446,San_Angelo_South_Substation,SAN ANGELO SOUTH SUBSTATION,138.0,PQ,0.0,0.0,4,4,WEST,31.42326,-100.45727,192592529.0,False
1447,Ben_Ficklin_Substation,BEN FICKLIN SUBSTATION,138.0,PQ,0.0,0.0,4,4,WEST,31.40226,-100.43823,192543746.0,False
1448,San_Angelo_Power_Station,SAN ANGELO POWER STATION,138.0,PQ,0.0,0.0,4,4,WEST,31.3951,-100.49306,192531359.0,False
1449,San_Angelo_Southland_Hills_Substation,SAN ANGELO SOUTHLAND HILLS SUBSTATION,138.0,PQ,0.0,0.0,4,4,WEST,31.40321,-100.49185,192531356.0,False
1450,San_Angelo_College_Hills_Substation,SAN ANGELO COLLEGE HILLS SUBSTATION,138.0,PQ,0.0,0.0,4,4,WEST,31.43277,-100.49523,192531350.0,False
1451,Seward_Junction_Substation,SEWARD JUNCTION SUBSTATION,138.0,PQ,0.0,0.0,3,3,SOUTH,30.63467,-97.85111,192364866.0,False
1452,Adamsville_Substation,ADAMSVILLE SUBSTATION,138.0,PQ,0.0,0.0,3,3,SOUTH,31.22983,-98.15938,191844006.0,False
1453,Vernon_Main_Street_Substation,VERNON MAIN STREET SUBSTATION,138.0,PQ,0.0,0.0,4,4,WEST,34.16346,-99.28533,190849285.0,False
1454,Sheriff_s_Posse_Substation,SHERIFF'S POSSE SUBSTATION,138.0,PQ,0.0,0.0,3,3,SOUTH,29.66452,-98.16265,190594587.0,False
1455,Hamilton_Wolfe_Road_Substation,HAMILTON WOLFE ROAD SUBSTATION,138.0,PQ,0.0,0.0,3,3,SOUTH,29.51523,-98.58829,188978172.0,False
1456,Escarpment_Substation,ESCARPMENT SUBSTATION,138.0,PQ,0.0,0.0,3,3,SOUTH,30.17993,-97.89474,188598924.0,False
1457,Pedernales_Substation,PEDERNALES SUBSTATION,138.0,PQ,0.0,0.0,3,3,SOUTH,30.24988,-97.72095,188455330.0,False
1458,Nameless_Substation,NAMELESS SUBSTATION,138.0,PQ,0.0,0.0,3,3,SOUTH,30.52814,-97.92837,186977835.0,False
1459,East_Plant_Substation,EAST PLANT SUBSTATION,230.0,PQ,0.0,0.0,4,4,WEST,35.21475,-101.8039,183504801.0,False
1460,Amarillo_South_Interchange,AMARILLO SOUTH INTERCHANGE,230.0,PQ,0.0,0.0,4,4,WEST,35.0997,-101.8637,183504247.0,False
1461,Wheeler_Substation,WHEELER SUBSTATION,230.0,PQ,0.0,0.0,4,4,WEST,35.37296,-100.24363,183502012.0,False
1462,Grapevine_Interchange,GRAPEVINE INTERCHANGE,230.0,PQ,0.0,0.0,4,4,WEST,35.40196,-100.89084,183493332.0,False
1464,Holly_Substation_1464,HOLLY SUBSTATION,230.0,PQ,0.0,0.0,4,4,WEST,33.52096,-101.79209,183475074.0,False
1465,Grassland_Interchange,GRASSLAND INTERCHANGE,230.0,PQ,0.0,0.0,4,4,WEST,33.18,-101.68499,183475072.0,False
1466,Lubbock_East_Interchange,LUBBOCK EAST INTERCHANGE,230.0,PQ,0.0,0.0,4,4,WEST,33.57121,-101.79132,183461223.0,False
1467,Lubbock_South_Interchange,LUBBOCK SOUTH INTERCHANGE,230.0,PQ,0.0,0.0,4,4,WEST,33.51161,-101.8262,183461222.0,False
1468,Jones_Station,JONES STATION,230.0,PQ,0.0,0.0,4,4,WEST,33.52271,-101.73903,183461221.0,False
1469,McDonald_Substation,MCDONALD SUBSTATION,230.0,PQ,0.0,0.0,4,4,WEST,33.58586,-101.95785,183461214.0,False
1470,Carlisle_Interchange,CARLISLE INTERCHANGE,230.0,PQ,0.0,0.0,4,4,WEST,33.59132,-101.96664,183461177.0,False
1472,Wildorado_Wind_Substation,WILDORADO WIND SUBSTATION,230.0,PQ,0.0,0.0,4,4,WEST,35.28204,-102.31627,182492464.0,False
1473,Midland_West_Substation,MIDLAND WEST SUBSTATION,138.0,PQ,0.0,0.0,4,4,WEST,31.99646,-102.12467,180523783.0,False
1474,Ector_Harper_Substation,ECTOR HARPER SUBSTATION,138.0,PQ,0.0,0.0,4,4,WEST,31.79837,-102.52806,180352141.0,False
1475,Odessa_Substation,ODESSA SUBSTATION,138.0,PQ,0.0,0.0,4,4,WEST,31.8483,-102.35429,180205546.0,False
1477,Glenhaven_Substation,GLENHAVEN SUBSTATION,138.0,PQ,0.0,0.0,4,4,WEST,31.89036,-102.3084,176730547.0,False
1478,Randall_County_Interchange,RANDALL COUNTY INTERCHANGE,230.0,PQ,0.0,0.0,4,4,WEST,35.14865,-101.77603,174868350.0,False
1479,Swisher,SWISHER,230.0,PQ,0.0,0.0,4,4,WEST,34.39904,-101.79539,174868348.0,False
1480,Nichols_Switchyard,NICHOLS SWITCHYARD,230.0,PQ,0.0,0.0,4,4,WEST,35.28368,-101.74497,174863805.0,False
1481,Harrington_Switchyard,HARRINGTON SWITCHYARD,230.0,PQ,0.0,0.0,4,4,WEST,35.29654,-101.74697,174863750.0,False
1482,La_Palma_345_kV_Substation,LA PALMA 345 KV SUBSTATION,345.0,PQ,0.0,0.0,3,3,SOUTH,26.14662,-97.64295,174789441.0,False
1483,North_Edinburg_Substation,NORTH EDINBURG SUBSTATION,345.0,PQ,0.0,0.0,3,3,SOUTH,26.34322,-98.18933,174789429.0,False
1484,Rio_Hondo_Substation,RIO HONDO SUBSTATION,345.0,PQ,0.0,0.0,3,3,SOUTH,26.27786,-97.61287,174719027.0,False
1485,F_Yturria_Substation,F. YTURRIA SUBSTATION,138.0,PQ,0.0,0.0,3,3,SOUTH,26.64104,-97.76554,174719026.0,False
1486,Gulf_Wind_Substation,GULF WIND SUBSTATION,345.0,PQ,0.0,0.0,3,3,SOUTH,27.0026,-97.58413,174716577.0,False
1487,Ajo_Switching_Station,AJO SWITCHING STATION,345.0,PQ,0.0,0.0,3,3,SOUTH,27.09194,-97.77427,174713049.0,False
1488,Lobo_Substation,LOBO SUBSTATION,345.0,PQ,0.0,0.0,3,3,SOUTH,27.57878,-99.27576,174711657.0,False
1489,Oxy_Petro_Substation,OXY PETRO SUBSTATION,138.0,PQ,0.0,0.0,3,3,SOUTH,27.81335,-97.5873,174705997.0,False
1490,Nelson_Sharpe_Substation,NELSON SHARPE SUBSTATION,345.0,PQ,0.0,0.0,3,3,SOUTH,27.5605,-97.66888,174705996.0,False
1491,McKenzie_Substation,MCKENZIE SUBSTATION,138.0,PQ,0.0,0.0,3,3,SOUTH,27.8058,-97.57139,174705983.0,False
1492,Whitepoint_Substation,WHITEPOINT SUBSTATION,345.0,PQ,0.0,0.0,3,3,SOUTH,27.93576,-97.36088,174702133.0,False
1493,Gohlke_Substation,GOHLKE SUBSTATION,138.0,PQ,0.0,0.0,3,3,SOUTH,28.74653,-96.73321,174702132.0,False
1494,Four_Corners_Substation,FOUR CORNERS SUBSTATION,138.0,PQ,0.0,0.0,3,3,SOUTH,28.87171,-97.16447,174682117.0,False
1495,Lon_Hill_Substation,LON HILL SUBSTATION,345.0,PQ,0.0,0.0,3,3,SOUTH,27.84468,-97.61612,174682093.0,False
1496,Coleto_Creek_Substation,COLETO CREEK SUBSTATION,345.0,PQ,0.0,0.0,3,3,SOUTH,28.71683,-97.21262,174682092.0,False
1497,Cypress_Creek_Substation,CYPRESS CREEK SUBSTATION,138.0,PQ,0.0,0.0,3,3,SOUTH,29.95925,-98.91345,174640836.0,False
1498,Pawnee_Substation,PAWNEE SUBSTATION,345.0,PQ,0.0,0.0,3,3,SOUTH,28.73974,-98.02428,174560152.0,False
1499,Irving_Grant_Street_Substation,IRVING GRANT STREET SUBSTATION,138.0,PQ,0.0,0.0,1,1,NORTH,32.81719,-96.94527,174532497.0,False
1500,Beck_Road_Substation,BECK ROAD SUBSTATION,138.0,PQ,0.0,0.0,3,3,SOUTH,29.38205,-98.31846,174509135.0,False
1502,O_W_Sommers_Switchyard,O. W. SOMMERS SWITCHYARD,138.0,PQ,0.0,0.0,3,3,SOUTH,29.31023,-98.32321,174509022.0,False
1503,San_Miguel_Switchyard_1503,SAN MIGUEL SWITCHYARD,345.0,PQ,0.0,0.0,3,3,SOUTH,28.70421,-98.47414,174405327.0,False
1504,North_Alvin_Substation,NORTH ALVIN SUBSTATION,138.0,PQ,0.0,0.0,2,2,HOUSTON,29.45896,-95.25767,174401064.0,False
1505,Magnolia_Substation_1505,MAGNOLIA SUBSTATION,138.0,PQ,0.0,0.0,2,2,HOUSTON,29.48846,-95.13393,174401050.0,False
1506,Blessing_Substation,BLESSING SUBSTATION,345.0,PQ,0.0,0.0,3,3,SOUTH,28.88657,-96.19069,174401034.0,False
1509,Dow_Substation,DOW SUBSTATION,345.0,PQ,0.0,0.0,2,2,HOUSTON,28.986,-95.35811,174377004.0,False
1510,Cibolo_Substation,CIBOLO SUBSTATION,138.0,PQ,0.0,0.0,3,3,SOUTH,29.5784,-98.2075,174336329.0,False
1511,Oasis_Substation,OASIS SUBSTATION,345.0,PQ,0.0,0.0,2,2,HOUSTON,29.45615,-95.30837,174317157.0,False
1512,Karsten_Substation,KARSTEN SUBSTATION,138.0,PQ,0.0,0.0,2,2,HOUSTON,29.49104,-95.42993,174317151.0,False
1513,Newgulf_Substation,NEWGULF SUBSTATION,138.0,PQ,0.0,0.0,3,3,SOUTH,29.23035,-95.91918,174260760.0,False
1514,Lolita_Substation,LOLITA SUBSTATION,138.0,PQ,0.0,0.0,3,3,SOUTH,28.85319,-96.55725,174252113.0,False
1515,Elm_Creek_Substation,ELM CREEK SUBSTATION,345.0,PQ,0.0,0.0,3,3,SOUTH,29.46735,-98.00018,174246148.0,False
1516,Guadalupe_Generating_Station,GUADALUPE GENERATING STATION,345.0,PQ,0.0,0.0,3,3,SOUTH,29.62328,-98.141,174246135.0,False
1517,Marion_Substation,MARION SUBSTATION,345.0,PQ,0.0,0.0,3,3,SOUTH,29.62073,-98.14887,174246028.0,False
1518,Boerne_Cico_Substation,BOERNE CICO SUBSTATION,138.0,PQ,0.0,0.0,3,3,SOUTH,29.77099,-98.7762,174205100.0,False
1519,Rio_Nogales_Switchyard,RIO NOGALES SWITCHYARD,345.0,PQ,0.0,0.0,3,3,SOUTH,29.59323,-97.97477,174198532.0,False
1520,Horse_Hollow_3_Substation,HORSE HOLLOW 3 SUBSTATION,138.0,PQ,0.0,0.0,4,4,WEST,32.26536,-100.28449,174192970.0,False
1521,Horse_Hollow_2_Substation,HORSE HOLLOW 2 SUBSTATION,138.0,PQ,0.0,0.0,4,4,WEST,32.26961,-100.1771,174192967.0,False
1522,River_Oaks_Substation,RIVER OAKS SUBSTATION,138.0,PQ,0.0,0.0,3,3,SOUTH,29.77787,-98.10582,174126772.0,False
1523,Kendall_CTEC_Substation,KENDALL CTEC SUBSTATION,138.0,PQ,0.0,0.0,3,3,SOUTH,29.98627,-98.88464,174126758.0,False
1524,Hutto_Switching_Station,HUTTO SWITCHING STATION,345.0,PQ,0.0,0.0,3,3,SOUTH,30.55139,-97.5611,174024844.0,False
1525,Bell_County_Switching_Station,BELL COUNTY SWITCHING STATION,138.0,PQ,0.0,0.0,3,3,SOUTH,31.01004,-97.39371,174019719.0,False
1526,Salado_Substation,SALADO SUBSTATION,138.0,PQ,0.0,0.0,3,3,SOUTH,30.97129,-97.5131,174019703.0,False
1527,Salado_Switching_Station,SALADO SWITCHING STATION,345.0,PQ,0.0,0.0,3,3,SOUTH,30.97219,-97.51083,174019698.0,False
1528,Killeen_Substation_1528,KILLEEN SUBSTATION,345.0,PQ,0.0,0.0,3,3,SOUTH,31.0397,-97.72313,174019658.0,False
1529,McCarty_Lane_Substation,MCCARTY LANE SUBSTATION,138.0,PQ,0.0,0.0,3,3,SOUTH,29.8268,-97.9649,174016505.0,False
1530,Mendoza_Substation,MENDOZA SUBSTATION,138.0,PQ,0.0,0.0,3,3,SOUTH,30.0036,-97.66746,173981661.0,False
1531,Lytton_Springs_Substation,LYTTON SPRINGS SUBSTATION,345.0,PQ,0.0,0.0,3,3,SOUTH,30.00544,-97.67367,173981611.0,False
1532,Hollywood_Park_Substation,HOLLYWOOD PARK SUBSTATION,138.0,PQ,0.0,0.0,3,3,SOUTH,29.59493,-98.47182,173558543.0,False
1533,Green_Mountain_Substation,GREEN MOUNTAIN SUBSTATION,138.0,PQ,0.0,0.0,3,3,SOUTH,29.62057,-98.33297,173397417.0,False
1534,Bushland_Interchange,BUSHLAND INTERCHANGE,230.0,PQ,0.0,0.0,4,4,WEST,35.14799,-102.09864,173382515.0,False
1535,Winchester_Substation,WINCHESTER SUBSTATION,138.0,PQ,0.0,0.0,3,3,SOUTH,30.04413,-96.98684,173301469.0,False
1536,Bastrop_Energy_Switchyard,BASTROP ENERGY SWITCHYARD,345.0,PQ,0.0,0.0,3,3,SOUTH,30.14561,-97.54847,173298456.0,False
1537,Tahitian_Village_Substation,TAHITIAN VILLAGE SUBSTATION,138.0,PQ,0.0,0.0,3,3,SOUTH,30.09124,-97.30591,173298455.0,False
1538,Bastrop_West_Substation,BASTROP WEST SUBSTATION,138.0,PQ,0.0,0.0,3,3,SOUTH,30.10182,-97.33528,173298450.0,False
1539,Bluebonnet_Substation,BLUEBONNET SUBSTATION,138.0,PQ,0.0,0.0,3,3,SOUTH,30.12207,-97.43448,173298441.0,False
1540,Garfield_Substation,GARFIELD SUBSTATION,345.0,PQ,0.0,0.0,3,3,SOUTH,30.14231,-97.54591,173298395.0,False
1541,Lost_Pines_Station,LOST PINES STATION,345.0,PQ,0.0,0.0,3,3,SOUTH,30.14789,-97.27295,173224882.0,False
1542,Gibbons_Creek_Station,GIBBONS CREEK STATION,138.0,PQ,0.0,0.0,1,1,NORTH,30.62119,-96.08658,173222808.0,False
1543,TNP_One_Substation,TNP ONE SUBSTATION,345.0,PQ,0.0,0.0,1,1,NORTH,31.09108,-96.69361,173222711.0,False
1544,Cedar_Hill_Substation_1544,CEDAR HILL SUBSTATION,138.0,PQ,0.0,0.0,3,3,SOUTH,30.31404,-97.37927,173171878.0,False
1545,Rogers_Substation,ROGERS SUBSTATION,138.0,PQ,0.0,0.0,3,3,SOUTH,30.91928,-97.20123,173163042.0,False
1546,Sandow_Station,SANDOW STATION,345.0,PQ,0.0,0.0,3,3,SOUTH,30.57752,-97.07657,173162986.0,False
1547,Nucor_Substation,NUCOR SUBSTATION,345.0,PQ,0.0,0.0,1,1,NORTH,31.35239,-96.16339,172727271.0,False
1548,Bear_Grass_Substation,BEAR GRASS SUBSTATION,138.0,PQ,0.0,0.0,1,1,NORTH,31.37706,-96.20634,172718057.0,False
1549,Oak_Grove_Substation,OAK GROVE SUBSTATION,345.0,PQ,0.0,0.0,1,1,NORTH,31.18369,-96.48421,172715380.0,False
1550,Lake_Whitney_Substation,LAKE WHITNEY SUBSTATION,138.0,PQ,0.0,0.0,1,1,NORTH,31.85965,-97.36725,172714154.0,False
1551,Rogers_Hill_Substation,ROGERS HILL SUBSTATION,138.0,PQ,0.0,0.0,1,1,NORTH,31.74611,-97.17729,172714150.0,False
1552,Whitney_Switching_Station,WHITNEY SWITCHING STATION,345.0,PQ,0.0,0.0,1,1,NORTH,31.86057,-97.36607,172714141.0,False
1553,Bosque_Switching_Station,BOSQUE SWITCHING STATION,345.0,PQ,0.0,0.0,1,1,NORTH,31.85795,-97.35888,172714140.0,False
1554,Temple_Switching_Station,TEMPLE SWITCHING STATION,345.0,PQ,0.0,0.0,3,3,SOUTH,31.07924,-97.30788,172709714.0,False
1555,Temple_Pecan_Creek_Substation,TEMPLE PECAN CREEK SUBSTATION,345.0,PQ,0.0,0.0,3,3,SOUTH,31.12979,-97.26079,172709713.0,False
1556,Tenaska_Frontier_Station,TENASKA FRONTIER STATION,345.0,PQ,0.0,0.0,1,1,NORTH,30.59398,-95.9186,172601776.0,False
1557,Forest_Grove_Substation,FOREST GROVE SUBSTATION,345.0,PQ,0.0,0.0,1,1,NORTH,32.23469,-95.94903,172588219.0,False
1558,Richland_Chambers_Substation,RICHLAND CHAMBERS SUBSTATION,345.0,PQ,0.0,0.0,1,1,NORTH,31.89033,-96.11317,172583750.0,False
1559,Big_Brown_Station,BIG BROWN STATION,345.0,PQ,0.0,0.0,1,1,NORTH,31.81986,-96.05755,172475137.0,False
1560,Tradinghouse_Substation,TRADINGHOUSE SUBSTATION,345.0,PQ,0.0,0.0,1,1,NORTH,31.57488,-96.96386,172472755.0,False
1561,Lufkin_Switching_Station,LUFKIN SWITCHING STATION,345.0,PQ,0.0,0.0,1,1,NORTH,31.37049,-94.76854,172471209.0,False
1562,Valley_Road_Substation,VALLEY ROAD SUBSTATION,138.0,PQ,0.0,0.0,3,3,SOUTH,29.23871,-98.42978,172451022.0,False
1563,TXU_Cedar_Hill_Substation,TXU CEDAR HILL SUBSTATION,138.0,PQ,0.0,0.0,1,1,NORTH,32.61494,-96.92432,172375008.0,False
1564,Crockett_Substation_1564,CROCKETT SUBSTATION,345.0,PQ,0.0,0.0,1,1,NORTH,31.36439,-95.39546,172365914.0,False
1565,Tenaska_Gateway_Station,TENASKA GATEWAY STATION,345.0,PQ,0.0,0.0,1,1,NORTH,32.01821,-94.6213,172364113.0,False
1566,North_Cleburne_Substation,NORTH CLEBURNE SUBSTATION,138.0,PQ,0.0,0.0,1,1,NORTH,32.38872,-97.38951,172362135.0,False
1567,Tyler_Substation,TYLER SUBSTATION,345.0,PQ,0.0,0.0,1,1,NORTH,32.27979,-95.34629,172356180.0,False
1568,Seagoville_Substation,SEAGOVILLE SUBSTATION,138.0,PQ,0.0,0.0,1,1,NORTH,32.67389,-96.54892,172349685.0,False
1569,Seagoville_Switching_Station,SEAGOVILLE SWITCHING STATION,345.0,PQ,0.0,0.0,1,1,NORTH,32.67354,-96.5462,172349683.0,False
1570,Shamburger_Substation,SHAMBURGER SUBSTATION,345.0,PQ,0.0,0.0,1,1,NORTH,32.41997,-95.25396,172344000.0,False
1571,Martin_Lake_Substation,MARTIN LAKE SUBSTATION,345.0,PQ,0.0,0.0,1,1,NORTH,32.25669,-94.57469,172343969.0,False
1572,McCree_Substation,MCCREE SUBSTATION,138.0,PQ,0.0,0.0,1,1,NORTH,32.87251,-96.66293,172319415.0,False
1573,Ben_Davis_Substation,BEN DAVIS SUBSTATION,345.0,PQ,0.0,0.0,1,1,NORTH,32.95761,-96.61178,172294938.0,False
1574,Gardendale_Substation,GARDENDALE SUBSTATION,345.0,PQ,0.0,0.0,4,4,WEST,32.03602,-102.25153,172246861.0,False
1575,Adobe_Meadows_Substation,ADOBE MEADOWS SUBSTATION,138.0,PQ,0.0,0.0,4,4,WEST,32.06262,-102.07316,172246840.0,False
1576,Ector_Hillmont_Substation,ECTOR HILLMONT SUBSTATION,138.0,PQ,0.0,0.0,4,4,WEST,31.92358,-102.43337,172246836.0,False
1577,Moss_Substation,MOSS SUBSTATION,345.0,PQ,0.0,0.0,4,4,WEST,31.81281,-102.4955,172246733.0,False
1578,Longshore_Substation,LONGSHORE SUBSTATION,345.0,PQ,0.0,0.0,4,4,WEST,32.10044,-101.45198,172212648.0,False
1579,Elbow_Creek_Wind_Farm,ELBOW CREEK WIND FARM,345.0,PQ,0.0,0.0,4,4,WEST,32.12411,-101.39602,172212626.0,False
1580,Quail_Substation,QUAIL SUBSTATION,345.0,PQ,0.0,0.0,4,4,WEST,31.84018,-102.31636,172212625.0,False
1581,Goat_Wind_Substation,GOAT WIND SUBSTATION,345.0,PQ,0.0,0.0,4,4,WEST,31.9409,-100.82703,172185188.0,False
1582,Gasconades_Creek_Substation,GASCONADES CREEK SUBSTATION,345.0,PQ,0.0,0.0,4,4,WEST,31.93953,-100.83003,172185178.0,False
1583,Divide_Substation,DIVIDE SUBSTATION,345.0,PQ,0.0,0.0,4,4,WEST,31.86991,-100.77735,172185176.0,False
1584,Twin_Buttes_Substation,TWIN BUTTES SUBSTATION,345.0,PQ,0.0,0.0,4,4,WEST,31.51399,-100.59779,172174900.0,False
1585,Parkway_Substation,PARKWAY SUBSTATION,138.0,PQ,0.0,0.0,3,3,SOUTH,29.58272,-98.29015,172104114.0,False
1586,Fratt_Substation,FRATT SUBSTATION,138.0,PQ,0.0,0.0,3,3,SOUTH,29.54832,-98.34331,172102340.0,False
1587,Austin_Road_Substation,AUSTIN ROAD SUBSTATION,138.0,PQ,0.0,0.0,3,3,SOUTH,29.50385,-98.40809,172099636.0,False
1588,Sulphur_Springs_Switching_Station,SULPHUR SPRINGS SWITCHING STATION,345.0,PQ,0.0,0.0,1,1,NORTH,33.08592,-95.6164,172047287.0,False
1589,Allen_Switching_Station,ALLEN SWITCHING STATION,345.0,PQ,0.0,0.0,1,1,NORTH,33.06025,-96.69999,172032306.0,False
1590,Royse_Substation,ROYSE SUBSTATION,345.0,PQ,0.0,0.0,1,1,NORTH,32.96895,-96.35095,172031354.0,False
1591,Harmony_Hills_Substation,HARMONY HILLS SUBSTATION,138.0,PQ,0.0,0.0,3,3,SOUTH,29.55379,-98.50595,171975904.0,False
1592,Sweetwater_Wind_5_Substation,SWEETWATER WIND 5 SUBSTATION,345.0,PQ,0.0,0.0,4,4,WEST,32.24221,-100.48762,171934656.0,False
1593,Loraine_Wind_Farm_Substation,LORAINE WIND FARM SUBSTATION,345.0,PQ,0.0,0.0,4,4,WEST,32.4452,-100.74587,171934655.0,False
1594,Sweetwater_Wind_4_Substation,SWEETWATER WIND 4 SUBSTATION,345.0,PQ,0.0,0.0,4,4,WEST,32.28598,-100.49512,171934653.0,False
1595,Sweetwater_Wind_3_Substation,SWEETWATER WIND 3 SUBSTATION,138.0,PQ,0.0,0.0,4,4,WEST,32.33801,-100.41988,171934652.0,False
1596,Bitter_Creek_Substation,BITTER CREEK SUBSTATION,345.0,PQ,0.0,0.0,4,4,WEST,32.43793,-100.35225,171926593.0,False
1597,Loraine_Substation,LORAINE SUBSTATION,345.0,PQ,0.0,0.0,4,4,WEST,32.3786,-100.72708,171926585.0,False
1598,Everman_Substation,EVERMAN SUBSTATION,345.0,PQ,0.0,0.0,1,1,NORTH,32.64001,-97.25149,171922716.0,False
1599,Monticello_substation,MONTICELLO SUBSTATION,345.0,PQ,0.0,0.0,1,1,NORTH,33.09192,-95.04203,171859709.0,False
1600,Wolf_Hollow_Substation_1600,WOLF HOLLOW SUBSTATION,345.0,PQ,0.0,0.0,1,1,NORTH,32.33549,-97.73217,171853245.0,False
1601,Comanche_Switching_Station_1601,COMANCHE SWITCHING STATION,345.0,PQ,0.0,0.0,1,1,NORTH,31.86908,-98.55358,171838228.0,False
1602,Callahan_Divide_Wind_Substation,CALLAHAN DIVIDE WIND SUBSTATION,138.0,PQ,0.0,0.0,4,4,WEST,32.30052,-99.97409,171818899.0,False
1603,San_Angelo_Red_Creek_Substation,SAN ANGELO RED CREEK SUBSTATION,345.0,PQ,0.0,0.0,4,4,WEST,31.52882,-100.32114,171818841.0,False
1604,Scurry_County_South_Substation,SCURRY COUNTY SOUTH SUBSTATION,345.0,PQ,0.0,0.0,4,4,WEST,32.59813,-100.86102,171807050.0,False
1605,Morgan_Creek_Substation,MORGAN CREEK SUBSTATION,345.0,PQ,0.0,0.0,4,4,WEST,32.33425,-100.91598,171802233.0,False
1606,Sweetwater_East_Substation,SWEETWATER EAST SUBSTATION,345.0,PQ,0.0,0.0,4,4,WEST,32.46402,-100.21651,171798857.0,False
1607,Roscoe_Wind_Farm_Substation,ROSCOE WIND FARM SUBSTATION,345.0,PQ,0.0,0.0,4,4,WEST,32.47004,-100.66598,171793197.0,False
1608,Inadale_Wind_Farm_Substation,INADALE WIND FARM SUBSTATION,345.0,PQ,0.0,0.0,4,4,WEST,32.49788,-100.59667,171793195.0,False
1609,Pyron_Wind_Farm_Substation,PYRON WIND FARM SUBSTATION,345.0,PQ,0.0,0.0,4,4,WEST,32.57978,-100.69245,171793192.0,False
1610,Champion_Wind_Farm_Substation,CHAMPION WIND FARM SUBSTATION,345.0,PQ,0.0,0.0,4,4,WEST,32.3988,-100.648,171793190.0,False
1611,Radium_Substation,RADIUM SUBSTATION,138.0,PQ,0.0,0.0,4,4,WEST,32.82686,-99.99353,171793188.0,False
1612,Tonkawa_Substation,TONKAWA SUBSTATION,345.0,PQ,0.0,0.0,4,4,WEST,32.53108,-100.6842,171793142.0,False
1613,Cook_Field_Road_Substation,COOK FIELD ROAD SUBSTATION,345.0,PQ,0.0,0.0,4,4,WEST,32.74993,-99.32809,171742086.0,False
1614,Hackberry_Wind_Substation,HACKBERRY WIND SUBSTATION,345.0,PQ,0.0,0.0,4,4,WEST,32.7685,-99.42276,171742083.0,False
1615,West_Plano_Substation,WEST PLANO SUBSTATION,345.0,PQ,0.0,0.0,1,1,NORTH,33.01275,-96.77736,171722571.0,False
1617,Hebron_Substation,HEBRON SUBSTATION,138.0,PQ,0.0,0.0,1,1,NORTH,33.04841,-96.90398,171718436.0,False
1618,Bridges_Substation,BRIDGES SUBSTATION,138.0,PQ,0.0,0.0,1,1,NORTH,33.12332,-96.85967,171718430.0,False
1620,Paris_Substation,PARIS SUBSTATION,345.0,PQ,0.0,0.0,1,1,NORTH,33.63918,-95.58059,171704766.0,False
1621,Valley_South_Substation,VALLEY SOUTH SUBSTATION,345.0,PQ,0.0,0.0,1,1,NORTH,33.61411,-96.37312,171694580.0,False
1622,Farmersville_Substation,FARMERSVILLE SUBSTATION,345.0,PQ,0.0,0.0,1,1,NORTH,33.19086,-96.33773,171694579.0,False
1623,Anna_Substation,ANNA SUBSTATION,345.0,PQ,0.0,0.0,1,1,NORTH,33.31793,-96.63889,171686777.0,False
1624,West_Denton_Substation,WEST DENTON SUBSTATION,345.0,PQ,0.0,0.0,1,1,NORTH,33.17603,-97.2194,171584597.0,False
1625,Jones_Street_Substation,JONES STREET SUBSTATION,138.0,PQ,0.0,0.0,1,1,NORTH,33.06416,-97.00398,171479465.0,False
1626,Highlands_Substation_1626,HIGHLANDS SUBSTATION,138.0,PQ,0.0,0.0,1,1,NORTH,33.07231,-97.03517,171478903.0,False
1627,Brazos_Electric_Substation,BRAZOS ELECTRIC SUBSTATION,138.0,PQ,0.0,0.0,1,1,NORTH,33.04857,-97.20643,171478900.0,False
1628,Roanoke_Substation,ROANOKE SUBSTATION,345.0,PQ,0.0,0.0,1,1,NORTH,32.99176,-97.26158,171478878.0,False
1629,Alliance_Substation,ALLIANCE SUBSTATION,345.0,PQ,0.0,0.0,1,1,NORTH,32.95684,-97.30599,171477446.0,False
1630,Azle_Substation,AZLE SUBSTATION,138.0,PQ,0.0,0.0,1,1,NORTH,32.8579,-97.51196,171476959.0,False
1631,Eagle_Mountain_Substation,EAGLE MOUNTAIN SUBSTATION,345.0,PQ,0.0,0.0,1,1,NORTH,32.90814,-97.47711,171476905.0,False
1632,Eagle_Mountain_Substation_138kV,EAGLE MOUNTAIN SUBSTATION (138KV),138.0,PQ,0.0,0.0,1,1,NORTH,32.9068,-97.47838,171476904.0,False
1633,Willow_Creek_Substation,WILLOW CREEK SUBSTATION,345.0,PQ,0.0,0.0,1,1,NORTH,33.05657,-97.91063,171435053.0,False
1634,Parker_Substation_1634,PARKER SUBSTATION,345.0,PQ,0.0,0.0,1,1,NORTH,32.80628,-97.67598,171435008.0,False
1635,Henderson_Substation,HENDERSON SUBSTATION,345.0,PQ,0.0,0.0,1,1,NORTH,33.1029,-97.95302,171423630.0,False
1636,Jacksboro_Substation,JACKSBORO SUBSTATION,345.0,PQ,0.0,0.0,1,1,NORTH,33.27741,-98.10678,171417054.0,False
1637,Graham_Substation,GRAHAM SUBSTATION,345.0,PQ,0.0,0.0,4,4,WEST,33.1387,-98.60977,171410588.0,False
1638,Bowman_Substation,BOWMAN SUBSTATION,345.0,PQ,0.0,0.0,4,4,WEST,33.81093,-98.60104,171410587.0,False
1639,Fisher_Road_Substation,FISHER ROAD SUBSTATION,345.0,PQ,0.0,0.0,4,4,WEST,33.88656,-98.42932,171321012.0,False
1640,Valley_Switching_Station_138_kV,VALLEY SWITCHING STATION (138 KV),138.0,PQ,0.0,0.0,1,1,NORTH,33.6291,-96.36809,168386140.0,False
1641,Kiowa_Switching_Station,KIOWA SWITCHING STATION,345.0,PQ,0.0,0.0,1,1,NORTH,33.6324,-96.35771,168386138.0,False
1642,Valley_Switching_Station_345_kV,VALLEY SWITCHING STATION (345 KV),345.0,PQ,0.0,0.0,1,1,NORTH,33.62741,-96.37022,168386137.0,False
1643,Deaf_Smith_Interchange,DEAF SMITH INTERCHANGE,230.0,PQ,0.0,0.0,4,4,WEST,34.82105,-102.3608,168217546.0,False
1644,Antelope_Station_Switchyard,ANTELOPE STATION SWITCHYARD,230.0,PQ,0.0,0.0,4,4,WEST,33.86563,-101.8427,168061176.0,False
1645,TUCO_Interchange,TUCO INTERCHANGE,345.0,PQ,0.0,0.0,4,4,WEST,33.8698,-101.84335,168061127.0,False
1646,Leander_Substation,LEANDER SUBSTATION,138.0,PQ,0.0,0.0,3,3,SOUTH,30.58564,-97.84147,165867452.0,False
1647,East_DC_Tie,EAST DC-TIE,345.0,PQ,0.0,0.0,1,1,NORTH,33.0583,-94.84432,165669465.0,False
1648,Oklaunion_South_Substation,OKLAUNION SOUTH SUBSTATION,345.0,PQ,0.0,0.0,4,4,WEST,34.08232,-99.18083,165665543.0,False
1649,Oklaunion_North_Substation,OKLAUNION NORTH SUBSTATION,345.0,PQ,0.0,0.0,4,4,WEST,34.08623,-99.18111,165665541.0,False
1650,Riley_Substation,RILEY SUBSTATION,345.0,PQ,0.0,0.0,4,4,WEST,34.08558,-99.14572,165665538.0,False
1651,North_DC_Tie,NORTH DC-TIE,345.0,PQ,0.0,0.0,4,4,WEST,34.08498,-99.18322,165665526.0,False
1653,Fredericksburg_Road_Substation,FREDERICKSBURG ROAD SUBSTATION,138.0,PQ,0.0,0.0,3,3,SOUTH,29.50278,-98.55978,165190305.0,False
1654,Bandera_Road_Substation,BANDERA ROAD SUBSTATION,138.0,PQ,0.0,0.0,3,3,SOUTH,29.49864,-98.61003,164855653.0,False
1655,Stonegate_Substation,STONEGATE SUBSTATION,138.0,PQ,0.0,0.0,3,3,SOUTH,29.67943,-98.45497,164434032.0,False
1656,Potter_County_Interchange,POTTER COUNTY INTERCHANGE,345.0,PQ,0.0,0.0,4,4,WEST,35.31048,-101.92327,164420609.0,False
1658,Broadview_Substation,BROADVIEW SUBSTATION,138.0,PQ,0.0,0.0,3,3,SOUTH,29.47885,-98.58628,163234808.0,False
1659,Panther_Creek_Wind_3_Substation,PANTHER CREEK WIND 3 SUBSTATION,345.0,PQ,0.0,0.0,4,4,WEST,31.98256,-101.13588,160421960.0,False
1660,Notrees_Substation,NOTREES SUBSTATION,138.0,PQ,0.0,0.0,4,4,WEST,31.99758,-102.83348,160420148.0,False
1661,Hill_Country_Substation,HILL COUNTRY SUBSTATION,345.0,PQ,0.0,0.0,3,3,SOUTH,29.61929,-98.57225,159253739.0,False
1662,Gilleland_Creek_Substation,GILLELAND CREEK SUBSTATION,345.0,PQ,0.0,0.0,3,3,SOUTH,30.41036,-97.57444,156262426.0,False
1663,Dessau_Substation,DESSAU SUBSTATION,138.0,PQ,0.0,0.0,3,3,SOUTH,30.37369,-97.64307,156262424.0,False
1664,Singleton_Substation,SINGLETON SUBSTATION,345.0,PQ,0.0,0.0,1,1,NORTH,30.66122,-95.97373,156059937.0,False
1665,Rocky_Creek_Substation,ROCKY CREEK SUBSTATION,345.0,PQ,0.0,0.0,1,1,NORTH,32.59575,-97.43979,155804001.0,False
1666,Eagle_Creek_Substation,EAGLE CREEK SUBSTATION,138.0,PQ,0.0,0.0,3,3,SOUTH,29.22481,-98.25379,155114926.0,False
1669,Brownwood_South_Substation,BROWNWOOD SOUTH SUBSTATION,138.0,PQ,0.0,0.0,1,1,NORTH,31.67609,-98.98194,151635610.0,False
1670,Bluffs_Substation,BLUFFS SUBSTATION,138.0,PQ,0.0,0.0,4,4,WEST,31.43557,-100.5071,148750387.0,False
1672,Liberty_Substation,LIBERTY SUBSTATION,138.0,PQ,0.0,0.0,2,2,HOUSTON,29.80705,-95.2856,147296805.0,False
1674,Aldine_Substation,ALDINE SUBSTATION,138.0,PQ,0.0,0.0,2,2,HOUSTON,29.90179,-95.37044,147292978.0,False
1675,New_Caney_Substation,NEW CANEY SUBSTATION,138.0,PQ,0.0,0.0,2,2,HOUSTON,30.13496,-95.21953,147217374.0,False
1676,Tamina_Substation,TAMINA SUBSTATION,138.0,PQ,0.0,0.0,2,2,HOUSTON,30.18712,-95.34669,147217370.0,False
1677,Parkway_Substation_1677,PARKWAY SUBSTATION,138.0,PQ,0.0,0.0,2,2,HOUSTON,30.09076,-95.1064,147217366.0,False
1678,Porter_Substation,PORTER SUBSTATION,230.0,PQ,0.0,0.0,2,2,HOUSTON,30.18679,-95.3422,147217365.0,False
1679,Betka_Substation,BETKA SUBSTATION,138.0,PQ,0.0,0.0,2,2,HOUSTON,30.0178,-95.86126,147216086.0,False
1680,Venus_Substation,VENUS SUBSTATION,345.0,PQ,0.0,0.0,1,1,NORTH,32.44417,-97.0728,147127242.0,False
1681,Lockhart_Substation,LOCKHART SUBSTATION,138.0,PQ,0.0,0.0,3,3,SOUTH,29.87066,-97.66137,146793326.0,False
1682,Clear_Springs_Substation,CLEAR SPRINGS SUBSTATION,345.0,PQ,0.0,0.0,3,3,SOUTH,29.65155,-98.01679,146760047.0,False
1683,Horse_Hollow_Generation_Tie,HORSE HOLLOW GENERATION TIE,345.0,PQ,0.0,0.0,3,3,SOUTH,29.9881,-98.8877,146741286.0,False
1684,Welfare_Substation,WELFARE SUBSTATION,138.0,PQ,0.0,0.0,3,3,SOUTH,29.88684,-98.76069,146741284.0,False
1685,Comfort_Substation,COMFORT SUBSTATION,138.0,PQ,0.0,0.0,3,3,SOUTH,29.97777,-98.90336,146741281.0,False
1687,Kendall_Substation,KENDALL SUBSTATION,345.0,PQ,0.0,0.0,3,3,SOUTH,29.9848,-98.88652,146741265.0,False
1688,Antler_Substation,ANTLER SUBSTATION,138.0,PQ,0.0,0.0,3,3,SOUTH,29.77683,-98.41336,146626137.0,False
1689,Fair_Oaks_Substation,FAIR OAKS SUBSTATION,138.0,PQ,0.0,0.0,3,3,SOUTH,29.79509,-98.59347,146626136.0,False
1690,Bergheim_Substation_1690,BERGHEIM SUBSTATION,138.0,PQ,0.0,0.0,3,3,SOUTH,29.78873,-98.52639,146626135.0,False
1691,Talley_Road_Substation,TALLEY ROAD SUBSTATION,138.0,PQ,0.0,0.0,3,3,SOUTH,29.52348,-98.80981,146177420.0,False
1692,Horse_Hollow_2_3_Switching_Station,HORSE HOLLOW 2 & 3 SWITCHING STATION,138.0,PQ,0.0,0.0,4,4,WEST,32.1934,-100.02816,142658721.0,False
1693,Bluff_Creek_Substation_1693,BLUFF CREEK SUBSTATION,345.0,PQ,0.0,0.0,4,4,WEST,32.1963,-100.02305,142658718.0,False
1694,Horse_Hollow_Kendall_Tie,HORSE HOLLOW KENDALL TIE,345.0,PQ,0.0,0.0,4,4,WEST,32.19013,-100.01701,142658716.0,False
1695,Horse_Hollow_1_2_Substation,HORSE HOLLOW 1 & 2 SUBSTATION,138.0,PQ,0.0,0.0,4,4,WEST,32.1992,-100.02348,142658715.0,False
1696,Lewisville_Substation,LEWISVILLE SUBSTATION,345.0,PQ,0.0,0.0,1,1,NORTH,33.06627,-97.01008,141723564.0,False
1698,Sunchase_Substation,SUNCHASE SUBSTATION,138.0,PQ,0.0,0.0,3,3,SOUTH,26.09034,-97.16536,139819442.0,False
1699,Eskota_Switching_Station,ESKOTA SWITCHING STATION,138.0,PQ,0.0,0.0,4,4,WEST,32.4921,-100.24284,137493307.0,False
1700,Zenith_Substation,ZENITH SUBSTATION,345.0,PQ,0.0,0.0,2,2,HOUSTON,29.9102,-95.77729,136353677.0,False
1701,Nacogdoches_Road_Substation,NACOGDOCHES ROAD SUBSTATION,138.0,PQ,0.0,0.0,3,3,SOUTH,29.53157,-98.42434,135364178.0,False
1702,Encino_Park_Substation,ENCINO PARK SUBSTATION,138.0,PQ,0.0,0.0,3,3,SOUTH,29.61578,-98.46967,133591190.0,False
1703,Fern_Street_Switchyard,FERN STREET SWITCHYARD,138.0,PQ,0.0,0.0,3,3,SOUTH,29.40475,-98.47949,132058415.0,False
1704,Laredo_Street_Substation,LAREDO STREET SUBSTATION,138.0,PQ,0.0,0.0,3,3,SOUTH,29.41551,-98.50199,131834789.0,False
1705,Five_Points_Substation,FIVE POINTS SUBSTATION,138.0,PQ,0.0,0.0,3,3,SOUTH,29.43724,-98.50677,131834769.0,False
1706,Brays_Substation,BRAYS SUBSTATION,138.0,PQ,0.0,0.0,2,2,HOUSTON,29.68385,-95.44788,129365973.0,False
1707,Haney_Substation,HANEY SUBSTATION,138.0,PQ,0.0,0.0,2,2,HOUSTON,29.82114,-94.99092,129320300.0,False
1708,Crosby_Substation,CROSBY SUBSTATION,138.0,PQ,0.0,0.0,2,2,HOUSTON,29.87269,-95.02068,129320299.0,False
1709,Humble_Substation,HUMBLE SUBSTATION,138.0,PQ,0.0,0.0,2,2,HOUSTON,29.99996,-95.23527,129316655.0,False
1710,Fairbanks_Substation,FAIRBANKS SUBSTATION,138.0,PQ,0.0,0.0,2,2,HOUSTON,29.90005,-95.50209,129161473.0,False
1711,Deihl_Substation,DEIHL SUBSTATION,138.0,PQ,0.0,0.0,2,2,HOUSTON,29.85451,-95.47601,129161388.0,False
1712,Hayes_Substation,HAYES SUBSTATION,138.0,PQ,0.0,0.0,2,2,HOUSTON,29.74644,-95.5745,129126616.0,False
1713,Alief_Substation,ALIEF SUBSTATION,138.0,PQ,0.0,0.0,2,2,HOUSTON,29.70047,-95.58181,129126612.0,False
1714,Stafford_Substation,STAFFORD SUBSTATION,138.0,PQ,0.0,0.0,2,2,HOUSTON,29.63384,-95.58925,129126606.0,False
1715,Knight_Substation,KNIGHT SUBSTATION,138.0,PQ,0.0,0.0,2,2,HOUSTON,29.67226,-95.41301,129126598.0,False
1716,Roark_Substation,ROARK SUBSTATION,138.0,PQ,0.0,0.0,2,2,HOUSTON,29.66609,-95.56137,129126591.0,False
1717,Missouri_City_Substation,MISSOURI CITY SUBSTATION,138.0,PQ,0.0,0.0,2,2,HOUSTON,29.61277,-95.53023,129126589.0,False
1718,Westwood_Substation,WESTWOOD SUBSTATION,138.0,PQ,0.0,0.0,2,2,HOUSTON,29.69004,-95.53673,129126575.0,False
1719,Jeanetta_Substation,JEANETTA SUBSTATION,345.0,PQ,0.0,0.0,2,2,HOUSTON,29.7183,-95.53677,129119326.0,False
1721,Hockley_Substation,HOCKLEY SUBSTATION,138.0,PQ,0.0,0.0,2,2,HOUSTON,30.02115,-95.84622,128704003.0,False
1722,White_Oak_Substation,WHITE OAK SUBSTATION,345.0,PQ,0.0,0.0,2,2,HOUSTON,29.81522,-95.43495,128672826.0,False
1723,Todd_Substation,TODD SUBSTATION,138.0,PQ,0.0,0.0,2,2,HOUSTON,29.81604,-95.48296,128672825.0,False
1724,Airline_Substation_1724,AIRLINE SUBSTATION,138.0,PQ,0.0,0.0,2,2,HOUSTON,29.81858,-95.38931,128672824.0,False
1725,Seguin_West_Substation,SEGUIN WEST SUBSTATION,138.0,PQ,0.0,0.0,3,3,SOUTH,29.58631,-97.98762,128372081.0,False
1726,Caterpillar_Substation,CATERPILLAR SUBSTATION,138.0,PQ,0.0,0.0,3,3,SOUTH,29.57904,-97.99747,128372077.0,False
1728,Hardy_Substation,HARDY SUBSTATION,138.0,PQ,0.0,0.0,2,2,HOUSTON,29.8186,-95.35326,128290599.0,False
1729,Treaschwig_Substation,TREASCHWIG SUBSTATION,138.0,PQ,0.0,0.0,2,2,HOUSTON,30.04393,-95.35087,127631386.0,False
1730,Orchard_Substation,ORCHARD SUBSTATION,138.0,PQ,0.0,0.0,2,2,HOUSTON,29.53932,-95.95385,127589338.0,False
1731,Brazos_Valley_Substation,BRAZOS VALLEY SUBSTATION,138.0,PQ,0.0,0.0,2,2,HOUSTON,29.62695,-95.81257,127588218.0,False
1732,Fort_Bend_Substation,FORT BEND SUBSTATION,138.0,PQ,0.0,0.0,2,2,HOUSTON,29.56324,-95.80045,127588217.0,False
1733,Flewellen_Substation,FLEWELLEN SUBSTATION,138.0,PQ,0.0,0.0,2,2,HOUSTON,29.69555,-95.82108,127588213.0,False
1734,Louetta_Substation,LOUETTA SUBSTATION,138.0,PQ,0.0,0.0,2,2,HOUSTON,30.04522,-95.48057,127581954.0,False
1736,Westfield_Substation,WESTFIELD SUBSTATION,138.0,PQ,0.0,0.0,2,2,HOUSTON,30.02069,-95.42202,127580892.0,False
1737,Cameron_Substation_1737,CAMERON SUBSTATION,138.0,PQ,0.0,0.0,2,2,HOUSTON,29.91878,-95.65007,127292635.0,False
1738,Kuykendahl_Substation,KUYKENDAHL SUBSTATION,345.0,PQ,0.0,0.0,2,2,HOUSTON,30.08897,-95.52671,127286699.0,False
1739,Rothwood_Substation,ROTHWOOD SUBSTATION,345.0,PQ,0.0,0.0,2,2,HOUSTON,30.09043,-95.49048,127286698.0,False
1740,Tomball_Substation,TOMBALL SUBSTATION,345.0,PQ,0.0,0.0,2,2,HOUSTON,30.09013,-95.60606,127286697.0,False
1741,Sim_Gideon_Station,SIM GIDEON STATION,138.0,PQ,0.0,0.0,3,3,SOUTH,30.14605,-97.26868,127247651.0,False
1742,Austrop_Substation,AUSTROP SUBSTATION,345.0,PQ,0.0,0.0,3,3,SOUTH,30.25109,-97.48718,127245722.0,False
1743,Webberville_Substation,WEBBERVILLE SUBSTATION,138.0,PQ,0.0,0.0,3,3,SOUTH,30.24886,-97.48795,127245721.0,False
1744,Minerva_Substation,MINERVA SUBSTATION,138.0,PQ,0.0,0.0,3,3,SOUTH,30.74592,-96.95453,127245540.0,False
1745,Klein_Substation,KLEIN SUBSTATION,138.0,PQ,0.0,0.0,2,2,HOUSTON,30.02365,-95.57025,127223861.0,False
1746,Sauer_Substation,SAUER SUBSTATION,138.0,PQ,0.0,0.0,2,2,HOUSTON,29.78869,-95.55266,126860816.0,False
1747,Eureka_Substation,EUREKA SUBSTATION,138.0,PQ,0.0,0.0,2,2,HOUSTON,29.79489,-95.43338,126832800.0,False
1748,San_Felipe_Substation,SAN FELIPE SUBSTATION,138.0,PQ,0.0,0.0,2,2,HOUSTON,29.7504,-95.44802,126832799.0,False
1749,Willow_Substation,WILLOW SUBSTATION,138.0,PQ,0.0,0.0,2,2,HOUSTON,29.99719,-95.56632,126515721.0,False
1751,Brittmoore_Substation,BRITTMOORE SUBSTATION,138.0,PQ,0.0,0.0,2,2,HOUSTON,29.79459,-95.5721,126452424.0,False
1752,Addicks_Substation,ADDICKS SUBSTATION,345.0,PQ,0.0,0.0,2,2,HOUSTON,29.8223,-95.57257,126444901.0,False
1753,Campbell_Substation,CAMPBELL SUBSTATION,138.0,PQ,0.0,0.0,2,2,HOUSTON,29.81834,-95.52481,126442969.0,False
1754,Rattlesnake_Road_Substation,RATTLESNAKE ROAD SUBSTATION,345.0,PQ,0.0,0.0,1,1,NORTH,31.47351,-96.96038,125920534.0,False
1755,Farrar_Substation,FARRAR SUBSTATION,138.0,PQ,0.0,0.0,1,1,NORTH,31.38411,-96.28193,125920533.0,False
1756,Groesbeck_Substation,GROESBECK SUBSTATION,138.0,PQ,0.0,0.0,1,1,NORTH,31.43764,-96.67746,125920521.0,False
1757,Robinson_Northwest_Substation,ROBINSON NORTHWEST SUBSTATION,138.0,PQ,0.0,0.0,1,1,NORTH,31.47334,-97.14125,125895679.0,False
1758,Pearsall_Switchyard,PEARSALL SWITCHYARD,138.0,PQ,0.0,0.0,3,3,SOUTH,28.9273,-99.09257,125729481.0,False
1759,Moore_Substation,MOORE SUBSTATION,138.0,PQ,0.0,0.0,3,3,SOUTH,29.07945,-99.04861,125726673.0,False
1760,Somerset_Substation,SOMERSET SUBSTATION,138.0,PQ,0.0,0.0,3,3,SOUTH,29.24212,-98.64938,125283126.0,False
1761,Hays_Energy_Station,HAYS ENERGY STATION,345.0,PQ,0.0,0.0,3,3,SOUTH,29.78281,-97.99042,124968451.0,False
1762,Gabriel_Substation,GABRIEL SUBSTATION,138.0,PQ,0.0,0.0,3,3,SOUTH,30.66729,-97.66146,122981720.0,False
1763,Georgetown_Substation,GEORGETOWN SUBSTATION,138.0,PQ,0.0,0.0,3,3,SOUTH,30.6326,-97.68714,122981718.0,False
1764,Lehigh_Substation,LEHIGH SUBSTATION,138.0,PQ,0.0,0.0,3,3,SOUTH,30.02896,-97.86598,122859871.0,False
1765,Oak_Ridge_Substation,OAK RIDGE SUBSTATION,138.0,PQ,0.0,0.0,2,2,HOUSTON,30.17006,-95.43888,121502970.0,False
1766,Burns_Substation,BURNS SUBSTATION,138.0,PQ,0.0,0.0,3,3,SOUTH,26.21917,-97.7344,120600269.0,False
1768,Fannin_Substation,FANNIN SUBSTATION,138.0,PQ,0.0,0.0,2,2,HOUSTON,29.6897,-95.40839,119424710.0,False
1769,Ballinger_Substation,BALLINGER SUBSTATION,138.0,PQ,0.0,0.0,4,4,WEST,31.74122,-99.94472,119137383.0,False
1770,Highway_46_Substation,HIGHWAY 46 SUBSTATION,138.0,PQ,0.0,0.0,3,3,SOUTH,29.75891,-98.2451,118151234.0,False
1771,Henne_Substation,HENNE SUBSTATION,138.0,PQ,0.0,0.0,3,3,SOUTH,29.77346,-98.05114,118151130.0,False
1772,TXI_Substation,TXI SUBSTATION,138.0,PQ,0.0,0.0,3,3,SOUTH,29.80326,-98.04076,118151124.0,False
1773,Comal_Substation,COMAL SUBSTATION,138.0,PQ,0.0,0.0,3,3,SOUTH,29.70683,-98.13527,117905333.0,False
1774,GPI_Substation,GPI SUBSTATION,138.0,PQ,0.0,0.0,3,3,SOUTH,29.67708,-98.17799,117894230.0,False
1775,Hortontown_Substation,HORTONTOWN SUBSTATION,138.0,PQ,0.0,0.0,3,3,SOUTH,29.71336,-98.09837,117893885.0,False
1776,Merida_Street_Substation,MERIDA STREET SUBSTATION,138.0,PQ,0.0,0.0,3,3,SOUTH,29.40972,-98.53977,117805121.0,False
1777,South_San_Antonio_Substation,SOUTH SAN ANTONIO SUBSTATION,138.0,PQ,0.0,0.0,3,3,SOUTH,29.36759,-98.53985,117805102.0,False
1778,Quintana_Road_Substation,QUINTANA ROAD SUBSTATION,138.0,PQ,0.0,0.0,3,3,SOUTH,29.37305,-98.55656,117805061.0,False
1779,Texas_Research_Substation,TEXAS RESEARCH SUBSTATION,138.0,PQ,0.0,0.0,3,3,SOUTH,29.42053,-98.78776,117089281.0,False
1780,Oaks_Substation,OAKS SUBSTATION,138.0,PQ,0.0,0.0,3,3,SOUTH,29.1311,-98.59072,116676002.0,False
1781,UTSA_Substation,UTSA SUBSTATION,138.0,PQ,0.0,0.0,3,3,SOUTH,29.58671,-98.62605,113645521.0,False
1782,La_Sierra_Substation,LA SIERRA SUBSTATION,138.0,PQ,0.0,0.0,3,3,SOUTH,29.61719,-98.60821,113645519.0,False
1783,Castle_Hills_Substation,CASTLE HILLS SUBSTATION,138.0,PQ,0.0,0.0,3,3,SOUTH,29.5386,-98.52591,113536580.0,False
1784,Medical_Center_Substation,MEDICAL CENTER SUBSTATION,138.0,PQ,0.0,0.0,3,3,SOUTH,29.52094,-98.57568,113536572.0,False
1785,De_Zavala_Road_Substation,DE ZAVALA ROAD SUBSTATION,138.0,PQ,0.0,0.0,3,3,SOUTH,29.57152,-98.56633,113536565.0,False
1786,VLSI_Substation,VLSI SUBSTATION,138.0,PQ,0.0,0.0,3,3,SOUTH,29.4734,-98.67853,112556046.0,False
1787,Westover_Hills_Substation,WESTOVER HILLS SUBSTATION,138.0,PQ,0.0,0.0,3,3,SOUTH,29.48104,-98.69436,112555981.0,False
1789,Westside_Substation_1789,WESTSIDE SUBSTATION,138.0,PQ,0.0,0.0,3,3,SOUTH,29.43978,-98.561,111665643.0,False
1790,Weiderstein_Substation,WEIDERSTEIN SUBSTATION,138.0,PQ,0.0,0.0,3,3,SOUTH,29.59919,-98.26515,111296249.0,False
1791,Skyline_Substation,SKYLINE SUBSTATION,345.0,PQ,0.0,0.0,3,3,SOUTH,29.57981,-98.40853,110564172.0,False
1792,Tenth_Street_Substation,TENTH STREET SUBSTATION,138.0,PQ,0.0,0.0,3,3,SOUTH,29.43264,-98.48005,110486675.0,False
1793,Olmos_Substation_1793,OLMOS SUBSTATION,138.0,PQ,0.0,0.0,3,3,SOUTH,29.48418,-98.49133,110435988.0,False
1794,Brooks_Field_Substation,BROOKS FIELD SUBSTATION,138.0,PQ,0.0,0.0,3,3,SOUTH,29.33468,-98.44971,110430992.0,False
1795,Saint_Hedwig_Substation,SAINT HEDWIG SUBSTATION,138.0,PQ,0.0,0.0,3,3,SOUTH,29.42729,-98.39662,110353267.0,False
1796,Holbrook_Substation,HOLBROOK SUBSTATION,138.0,PQ,0.0,0.0,3,3,SOUTH,29.46348,-98.4166,109019556.0,False
1797,Coliseum_Substation,COLISEUM SUBSTATION,138.0,PQ,0.0,0.0,3,3,SOUTH,29.43274,-98.4441,108962310.0,False
1798,Elmendorf_Substation,ELMENDORF SUBSTATION,138.0,PQ,0.0,0.0,3,3,SOUTH,29.27021,-98.32227,108178349.0,False
1799,Summit_Substation,SUMMIT SUBSTATION,138.0,PQ,0.0,0.0,3,3,SOUTH,30.39819,-97.7239,107498705.0,False
1800,Pipe_Creek_Substation,PIPE CREEK SUBSTATION,138.0,PQ,0.0,0.0,3,3,SOUTH,29.71546,-98.89899,106210970.0,False
1801,Howard_Substation,HOWARD SUBSTATION,138.0,PQ,0.0,0.0,3,3,SOUTH,29.28058,-98.57211,105422464.0,False
1803,Grandview_Substation_1803,GRANDVIEW SUBSTATION,138.0,PQ,0.0,0.0,3,3,SOUTH,29.40492,-98.44444,104551883.0,False
1805,Grissom_Road_Substation,GRISSOM ROAD SUBSTATION,138.0,PQ,0.0,0.0,3,3,SOUTH,29.47662,-98.64893,104222690.0,False
1806,Streich_Road_Substation,STREICH ROAD SUBSTATION,138.0,PQ,0.0,0.0,3,3,SOUTH,29.27569,-98.37413,104206366.0,False
1807,King_Substation,KING SUBSTATION,345.0,PQ,0.0,0.0,2,2,HOUSTON,29.91526,-95.21615,102326939.0,False
1808,New_Bremen_Substation,NEW BREMEN SUBSTATION,138.0,PQ,0.0,0.0,3,3,SOUTH,29.91971,-96.39927,101678153.0,False
1809,Willow_Springs_Substation,WILLOW SPRINGS SUBSTATION,138.0,PQ,0.0,0.0,3,3,SOUTH,29.95028,-96.61404,101677960.0,False
1810,Grimes_Substation,GRIMES SUBSTATION,345.0,PQ,0.0,0.0,1,1,NORTH,30.62408,-95.90912,101287105.0,False
1811,Limestone_Station,LIMESTONE STATION,345.0,PQ,0.0,0.0,1,1,NORTH,31.42377,-96.24711,100353514.0,False
1812,Dansby_Substation,DANSBY SUBSTATION,138.0,PQ,0.0,0.0,1,1,NORTH,30.72206,-96.45889,100306757.0,False
1813,Tabor_Substation,TABOR SUBSTATION,138.0,PQ,0.0,0.0,1,1,NORTH,30.71613,-96.36454,100103618.0,False
1814,College_Station_Switching_Station,COLLEGE STATION SWITCHING STATION,138.0,PQ,0.0,0.0,1,1,NORTH,30.62764,-96.29439,100103260.0,False
1815,East_Substation,EAST SUBSTATION,138.0,PQ,0.0,0.0,1,1,NORTH,30.65933,-96.29871,100103259.0,False
1816,Navasota_Substation,NAVASOTA SUBSTATION,138.0,PQ,0.0,0.0,1,1,NORTH,30.38296,-96.09092,100103255.0,False
1817,Ball_Park_Substation,BALL PARK SUBSTATION,138.0,PQ,0.0,0.0,3,3,SOUTH,29.39687,-98.48901,100076110.0,False
1818,Hillje_Substation,HILLJE SUBSTATION,345.0,PQ,0.0,0.0,3,3,SOUTH,29.03032,-96.23781,100064466.0,False
1819,South_Texas_Project_Tap,SOUTH TEXAS PROJECT TAP,138.0,PQ,0.0,0.0,3,3,SOUTH,28.8759,-96.10722,100054323.0,False
1820,Wharton_Substation,WHARTON SUBSTATION,138.0,PQ,0.0,0.0,3,3,SOUTH,29.3135,-96.10776,99952197.0,False
1821,Jewett_Substation,JEWETT SUBSTATION,345.0,PQ,0.0,0.0,1,1,NORTH,31.37077,-96.13328,99932982.0,False
1822,O_Brien_Substation,O'BRIEN SUBSTATION,345.0,PQ,0.0,0.0,2,2,HOUSTON,29.67299,-95.7177,99899145.0,False
1823,O_Brien_Substation_1823,O'BRIEN SUBSTATION,138.0,PQ,0.0,0.0,2,2,HOUSTON,29.67075,-95.71619,99899128.0,False
1824,Mason_Road_Substation,MASON ROAD SUBSTATION,138.0,PQ,0.0,0.0,2,2,HOUSTON,29.74537,-95.73895,99899126.0,False
1825,Franz_Substation,FRANZ SUBSTATION,138.0,PQ,0.0,0.0,2,2,HOUSTON,29.8028,-95.75386,99899121.0,False
1826,Crabb_River_Road_Substation,CRABB RIVER ROAD SUBSTATION,138.0,PQ,0.0,0.0,2,2,HOUSTON,29.56286,-95.69852,99899114.0,False
1827,Brenham_North_Substation,BRENHAM NORTH SUBSTATION,138.0,PQ,0.0,0.0,3,3,SOUTH,30.18169,-96.38188,99881513.0,False
1828,Glidden_Substation,GLIDDEN SUBSTATION,138.0,PQ,0.0,0.0,3,3,SOUTH,29.69679,-96.57193,98019896.0,False
1829,Brenham_Substation,BRENHAM SUBSTATION,138.0,PQ,0.0,0.0,3,3,SOUTH,30.15081,-96.3945,97974473.0,False
1830,Salem_Substation_1830,SALEM SUBSTATION,345.0,PQ,0.0,0.0,3,3,SOUTH,30.11121,-96.42544,97848904.0,False
1831,Waller_Substation_1831,WALLER SUBSTATION,138.0,PQ,0.0,0.0,2,2,HOUSTON,30.07651,-96.08329,97843788.0,False
1832,Highway_36_Substation,HIGHWAY 36 SUBSTATION,138.0,PQ,0.0,0.0,3,3,SOUTH,30.12259,-96.37383,97843772.0,False
1833,Chappel_Hill_Substation,CHAPPEL HILL SUBSTATION,138.0,PQ,0.0,0.0,3,3,SOUTH,30.13843,-96.32542,97843770.0,False
1835,Helotes_Substation,HELOTES SUBSTATION,138.0,PQ,0.0,0.0,3,3,SOUTH,29.54811,-98.68193,97043744.0,False
1836,Anderson_Substation,ANDERSON SUBSTATION,138.0,PQ,0.0,0.0,3,3,SOUTH,29.48404,-98.7183,97043742.0,False
1837,Cagnon_Road_Substation,CAGNON ROAD SUBSTATION,345.0,PQ,0.0,0.0,3,3,SOUTH,29.41656,-98.71812,96742192.0,False
1838,Bellville_South_Substation,BELLVILLE SOUTH SUBSTATION,138.0,PQ,0.0,0.0,3,3,SOUTH,29.92406,-96.25576,95672368.0,False
1839,Bellville_Substation,BELLVILLE SUBSTATION,138.0,PQ,0.0,0.0,3,3,SOUTH,29.95914,-96.26349,95672364.0,False
1840,Fayetteville_Substation,FAYETTEVILLE SUBSTATION,345.0,PQ,0.0,0.0,3,3,SOUTH,29.96263,-96.68771,95164445.0,False
1841,Peters_Substation,PETERS SUBSTATION,138.0,PQ,0.0,0.0,3,3,SOUTH,29.8482,-96.20063,95161875.0,False
1842,East_Bernard_Substation,EAST BERNARD SUBSTATION,138.0,PQ,0.0,0.0,3,3,SOUTH,29.52352,-96.07036,95146887.0,False
1843,Navasota_Substation_1843,NAVASOTA SUBSTATION,138.0,PQ,0.0,0.0,1,1,NORTH,30.37519,-96.02745,94977328.0,False
1844,Wallis_Substation,WALLIS SUBSTATION,138.0,PQ,0.0,0.0,3,3,SOUTH,29.63106,-96.07634,94434949.0,False
1845,Holman_Substation,HOLMAN SUBSTATION,345.0,PQ,0.0,0.0,3,3,SOUTH,29.79525,-96.87826,93770408.0,False
1846,Fayette_Plant_138_kV_Substation,FAYETTE PLANT 138 KV SUBSTATION,138.0,PQ,0.0,0.0,3,3,SOUTH,29.91236,-96.75529,93679334.0,False
1847,Fayette_Plant_1_Substation,FAYETTE PLANT #1 SUBSTATION,345.0,PQ,0.0,0.0,3,3,SOUTH,29.91829,-96.75489,93679327.0,False
1848,Sealy_Substation,SEALY SUBSTATION,138.0,PQ,0.0,0.0,3,3,SOUTH,29.77919,-96.1709,93627755.0,False
1849,Jack_Creek_Substation,JACK CREEK SUBSTATION,345.0,PQ,0.0,0.0,1,1,NORTH,30.85877,-96.25911,92504495.0,False
1850,Keith_Switching_Station,KEITH SWITCHING STATION,138.0,PQ,0.0,0.0,1,1,NORTH,30.65096,-96.09145,92504493.0,False
1851,Gibbons_Creek_Station_1851,GIBBONS CREEK STATION,345.0,PQ,0.0,0.0,1,1,NORTH,30.62267,-96.08213,92466556.0,False
1852,Kirby_Substation,KIRBY SUBSTATION,138.0,PQ,0.0,0.0,3,3,SOUTH,29.46568,-98.3924,91362579.0,False
1853,Webster_Substation,WEBSTER SUBSTATION,138.0,PQ,0.0,0.0,2,2,HOUSTON,29.52853,-95.1045,86163011.0,False
1854,Webster_Distribution_Substation,WEBSTER DISTRIBUTION SUBSTATION,138.0,PQ,0.0,0.0,2,2,HOUSTON,29.53888,-95.10748,86153144.0,False
1855,Orient_Substation,ORIENT SUBSTATION,138.0,PQ,0.0,0.0,4,4,WEST,31.654,-100.32691,85525320.0,False
1858,Pasadena_Substation,PASADENA SUBSTATION,138.0,PQ,0.0,0.0,2,2,HOUSTON,29.6903,-95.22306,54166848.0,False
1859,East_Side_Substation,EAST SIDE SUBSTATION,138.0,PQ,0.0,0.0,2,2,HOUSTON,29.74722,-95.35324,53848614.0,False
1860,Ellington_Substation,ELLINGTON SUBSTATION,138.0,PQ,0.0,0.0,2,2,HOUSTON,29.58829,-95.18072,53847131.0,False
1861,P_H_Robinson_Switching_Station,P. H. ROBINSON SWITCHING STATION,345.0,PQ,0.0,0.0,2,2,HOUSTON,29.48743,-94.98227,53759711.0,False
1862,Southeast_Substation_1862,SOUTHEAST SUBSTATION,138.0,PQ,0.0,0.0,2,2,HOUSTON,29.62972,-95.1512,53501067.0,False
1863,Armand_Substation,ARMAND SUBSTATION,138.0,PQ,0.0,0.0,2,2,HOUSTON,29.62412,-95.08811,53451401.0,False
1865,221_NASA_Substation,221 - NASA SUBSTATION,138.0,PQ,0.0,0.0,2,2,HOUSTON,29.56334,-95.08511,53290675.0,False
1866,Channelview_Cogen_Substation,CHANNELVIEW COGEN SUBSTATION,345.0,PQ,0.0,0.0,2,2,HOUSTON,29.83654,-95.12354,53151967.0,False
1867,Warvue_Substation,WARVUE SUBSTATION,138.0,PQ,0.0,0.0,2,2,HOUSTON,29.83695,-94.89324,52986064.0,False
1868,Mont_Belvieu_Substation,MONT BELVIEU SUBSTATION,138.0,PQ,0.0,0.0,2,2,HOUSTON,29.84024,-94.89413,52985910.0,False
1869,Spencer_Substation,SPENCER SUBSTATION,138.0,PQ,0.0,0.0,2,2,HOUSTON,29.65794,-95.19085,52071276.0,False
1870,Cardiff_Substation,CARDIFF SUBSTATION,138.0,PQ,0.0,0.0,2,2,HOUSTON,29.65371,-95.15489,52062586.0,False
1871,Garrott_Substation,GARROTT SUBSTATION,138.0,PQ,0.0,0.0,2,2,HOUSTON,29.73279,-95.38604,51823152.0,False
1872,Grant_Substation,GRANT SUBSTATION,138.0,PQ,0.0,0.0,2,2,HOUSTON,29.70333,-95.40172,51813102.0,False
1874,South_Houston_Substation,SOUTH HOUSTON SUBSTATION,138.0,PQ,0.0,0.0,2,2,HOUSTON,29.62905,-95.22523,46708373.0,False
1876,Garden_Villas_Substation,GARDEN VILLAS SUBSTATION,138.0,PQ,0.0,0.0,2,2,HOUSTON,29.65125,-95.31465,45765506.0,False
1877,Lomax_Substation,LOMAX SUBSTATION,138.0,PQ,0.0,0.0,2,2,HOUSTON,29.63391,-95.08429,45181498.0,False
1879,Powell_Substation,POWELL SUBSTATION,138.0,PQ,0.0,0.0,2,2,HOUSTON,29.62649,-95.03892,45169460.0,False
1880,University_Substation_1880,UNIVERSITY SUBSTATION,138.0,PQ,0.0,0.0,2,2,HOUSTON,29.71703,-95.33182,44953001.0,False
1882,Channelview_Substation,CHANNELVIEW SUBSTATION,138.0,PQ,0.0,0.0,2,2,HOUSTON,29.77555,-95.15091,41814633.0,False
1883,PEMEX_Substation,PEMEX SUBSTATION,138.0,PQ,0.0,0.0,2,2,HOUSTON,29.72211,-95.12395,41426636.0,False
1884,S_R_Bertron_Plant,S.R. BERTRON PLANT,138.0,PQ,0.0,0.0,2,2,HOUSTON,29.72527,-95.06049,41247852.0,False
1886,Baytown_Substation,BAYTOWN SUBSTATION,138.0,PQ,0.0,0.0,2,2,HOUSTON,29.73349,-95.00503,41017483.0,False
1888,Benbrook_Substation,BENBROOK SUBSTATION,345.0,PQ,0.0,0.0,1,1,NORTH,32.68532,-97.47123,40809434.0,False
1889,Cedar_Bayou_Plant_Substation,CEDAR BAYOU PLANT SUBSTATION,345.0,PQ,0.0,0.0,2,2,HOUSTON,29.74808,-94.92548,39962537.0,False
1891,Forney_Substation,FORNEY SUBSTATION,345.0,PQ,0.0,0.0,1,1,NORTH,32.75792,-96.48718,39952562.0,False
1892,East_Mesquite_Substation,EAST MESQUITE SUBSTATION,138.0,PQ,0.0,0.0,1,1,NORTH,32.77541,-96.57241,39950861.0,False
1893,South_Texas_Project_Switchyard,SOUTH TEXAS PROJECT SWITCHYARD,345.0,PQ,0.0,0.0,3,3,SOUTH,28.79973,-96.05052,39832667.0,False
1894,Decordova_Station,DECORDOVA STATION,138.0,PQ,0.0,0.0,1,1,NORTH,32.40269,-97.69747,39726351.0,False
1895,Comanche_Peak_Station,COMANCHE PEAK STATION,345.0,PQ,0.0,0.0,1,1,NORTH,32.29814,-97.78997,39683503.0,False
1896,W_A_Parish_Station_138_kV,W. A. PARISH STATION (138 KV),138.0,PQ,0.0,0.0,2,2,HOUSTON,29.48303,-95.63039,39610469.0,False
1897,Prairie_Creek_Substation,PRAIRIE CREEK SUBSTATION,138.0,PQ,0.0,0.0,1,1,NORTH,32.77718,-96.66338,39608609.0,False
1898,Wilmer_Substation,WILMER SUBSTATION,138.0,PQ,0.0,0.0,1,1,NORTH,32.58195,-96.68601,39583383.0,False
1899,Watermill_Substation,WATERMILL SUBSTATION,345.0,PQ,0.0,0.0,1,1,NORTH,32.55875,-96.72662,39353067.0,False
1900,Cedar_Crest_Switching_Station,CEDAR CREST SWITCHING STATION,138.0,PQ,0.0,0.0,1,1,NORTH,32.72181,-96.80416,39218950.0,False
1901,Canyon_Substation,CANYON SUBSTATION,138.0,PQ,0.0,0.0,3,3,SOUTH,29.91149,-97.90004,33692087.0,False
1902,Parkdale_Substation,PARKDALE SUBSTATION,138.0,PQ,0.0,0.0,1,1,NORTH,32.77561,-96.72417,32491158.0,False
1903,Sargent_Road_Substation,SARGENT ROAD SUBSTATION,345.0,PQ,0.0,0.0,1,1,NORTH,32.72784,-96.77416,32489853.0,False
1904,Wimberley_Substation,WIMBERLEY SUBSTATION,138.0,PQ,0.0,0.0,3,3,SOUTH,29.99966,-98.10271,32487648.0,False
1905,Redwood_Substation,REDWOOD SUBSTATION,138.0,PQ,0.0,0.0,3,3,SOUTH,29.8504,-97.94468,31110361.0,False
1906,San_Marcos_Substation,SAN MARCOS SUBSTATION,138.0,PQ,0.0,0.0,3,3,SOUTH,29.87761,-97.9181,31061180.0,False
1907,Spicewood_Substation,SPICEWOOD SUBSTATION,138.0,PQ,0.0,0.0,3,3,SOUTH,30.4202,-97.79693,31005299.0,False
1908,Industrial_Boulevard_Substation,INDUSTRIAL BOULEVARD SUBSTATION,138.0,PQ,0.0,0.0,1,1,NORTH,32.75919,-96.7894,30919939.0,False
1909,Tri_Corner_Substation,TRI-CORNER SUBSTATION,345.0,PQ,0.0,0.0,1,1,NORTH,32.55367,-96.53777,30916557.0,False
1910,Zorn_Substation,ZORN SUBSTATION,345.0,PQ,0.0,0.0,3,3,SOUTH,29.77339,-97.94985,30891667.0,False
1911,Strahan_Substation,STRAHAN SUBSTATION,138.0,PQ,0.0,0.0,3,3,SOUTH,29.88974,-97.93245,30887076.0,False
1912,Hilltop_Substation,HILLTOP SUBSTATION,138.0,PQ,0.0,0.0,3,3,SOUTH,29.89861,-97.94141,30886499.0,False
1913,Lake_Hubbard_Station,LAKE HUBBARD STATION,138.0,PQ,0.0,0.0,1,1,NORTH,32.83722,-96.54779,30741837.0,False
1914,Blockhouse_Substation,BLOCKHOUSE SUBSTATION,138.0,PQ,0.0,0.0,3,3,SOUTH,30.54844,-97.83836,29415736.0,False
1915,Avery_Ranch_Substation,AVERY RANCH SUBSTATION,138.0,PQ,0.0,0.0,3,3,SOUTH,30.49129,-97.78797,29402394.0,False
1916,Buttercup_Substation,BUTTERCUP SUBSTATION,138.0,PQ,0.0,0.0,3,3,SOUTH,30.48699,-97.82385,29402277.0,False
1917,Balcones_Substation_1917,BALCONES SUBSTATION,138.0,PQ,0.0,0.0,3,3,SOUTH,30.46117,-97.83006,29402185.0,False
1918,Whitestone_Substation,WHITESTONE SUBSTATION,138.0,PQ,0.0,0.0,3,3,SOUTH,30.52005,-97.83057,29169713.0,False
1919,Northwest_Carrollton_Substation,NORTHWEST CARROLLTON SUBSTATION,345.0,PQ,0.0,0.0,1,1,NORTH,32.98503,-96.93867,28740454.0,False
1920,800_900_Network_Substation,800/900 NETWORK SUBSTATION,138.0,PQ,0.0,0.0,1,1,NORTH,32.78731,-96.81371,28171765.0,False
1921,East_Levee_Substation,EAST LEVEE SUBSTATION,138.0,PQ,0.0,0.0,1,1,NORTH,32.78401,-96.81978,28171725.0,False
1922,West_Levee_Substation,WEST LEVEE SUBSTATION,345.0,PQ,0.0,0.0,1,1,NORTH,32.77799,-96.82609,28171670.0,False
1923,Mustang_Substation,MUSTANG SUBSTATION,138.0,PQ,0.0,0.0,4,4,WEST,32.45298,-102.37045,21664412.0,False
1924,Zapata_Substation,ZAPATA SUBSTATION,138.0,PQ,0.0,0.0,3,3,SOUTH,26.93281,-99.23361,21399591.0,False
1925,La_Quinta_Substation,LA QUINTA SUBSTATION,138.0,PQ,0.0,0.0,3,3,SOUTH,27.48743,-99.00695,21318419.0,False
1926,Encinal_Substation,ENCINAL SUBSTATION,138.0,PQ,0.0,0.0,3,3,SOUTH,28.04659,-99.35744,21307123.0,False
1927,Maverick_Substation,MAVERICK SUBSTATION,138.0,PQ,0.0,0.0,3,3,SOUTH,28.86668,-100.55059,21121944.0,False
1928,Escondido_Substation,ESCONDIDO SUBSTATION,138.0,PQ,0.0,0.0,3,3,SOUTH,28.72856,-100.47455,21114385.0,False
1929,Conoco_Chittam_Ranch_Substation,CONOCO-CHITTAM RANCH SUBSTATION,138.0,PQ,0.0,0.0,3,3,SOUTH,28.69641,-100.19725,21112570.0,False
1930,Eagle_Pass_Substation,EAGLE PASS SUBSTATION,138.0,PQ,0.0,0.0,3,3,SOUTH,28.71591,-100.49062,21108292.0,False
1931,Eagle_Hydro_Substation,EAGLE HYDRO SUBSTATION,138.0,PQ,0.0,0.0,3,3,SOUTH,28.82974,-100.55207,21107682.0,False
1932,Cotulla_Substation,COTULLA SUBSTATION,138.0,PQ,0.0,0.0,3,3,SOUTH,28.46085,-99.25114,21074103.0,False
1933,Holcomb_Substation,HOLCOMB SUBSTATION,138.0,PQ,0.0,0.0,3,3,SOUTH,28.03333,-99.36169,21073895.0,False
1934,Nixon_Substation_1934,NIXON SUBSTATION,138.0,PQ,0.0,0.0,3,3,SOUTH,29.30812,-97.74082,21024563.0,False
1935,Runge_Substation,RUNGE SUBSTATION,138.0,PQ,0.0,0.0,3,3,SOUTH,28.87057,-97.70154,21020281.0,False
1936,Paint_Creek_Substation,PAINT CREEK SUBSTATION,138.0,PQ,0.0,0.0,4,4,WEST,33.07995,-99.58056,20952215.0,False
1937,W_A_Parish_Station_345_kV,W. A. PARISH STATION (345 KV),345.0,PQ,0.0,0.0,2,2,HOUSTON,29.4809,-95.62368,20875804.0,False
1938,Big_Wells_Substation,BIG WELLS SUBSTATION,138.0,PQ,0.0,0.0,3,3,SOUTH,28.5653,-99.53586,20849578.0,False
1939,Cotulla_Substation_1939,COTULLA SUBSTATION,138.0,PQ,0.0,0.0,3,3,SOUTH,28.44815,-99.25512,20845821.0,False
1940,Rosita_Creek_Substation,ROSITA CREEK SUBSTATION,138.0,PQ,0.0,0.0,3,3,SOUTH,28.69918,-100.40533,20841019.0,False
1941,Fort_Lancaster,FORT LANCASTER,138.0,PQ,0.0,0.0,4,4,WEST,30.66348,-101.77889,20826073.0,False
1942,Jim_Payne_Substation,JIM PAYNE SUBSTATION,138.0,PQ,0.0,0.0,4,4,WEST,32.6541,-102.04005,20823823.0,False
1943,Friend_Ranch_Substation,FRIEND RANCH SUBSTATION,138.0,PQ,0.0,0.0,4,4,WEST,30.70791,-101.14316,20823200.0,False
1944,Shamrock_Substation_1944,SHAMROCK SUBSTATION,138.0,PQ,0.0,0.0,4,4,WEST,34.85383,-100.20967,20791723.0,False
1945,Wellington_Substation,WELLINGTON SUBSTATION,138.0,PQ,0.0,0.0,4,4,WEST,34.86324,-100.21133,20789069.0,False
1946,Olsen_Substation,OLSEN SUBSTATION,138.0,PQ,0.0,0.0,1,1,NORTH,31.77667,-97.56446,20697123.0,False
1947,Drouet_Substation,DROUET SUBSTATION,138.0,PQ,0.0,0.0,2,2,HOUSTON,29.66701,-95.28303,15341266.0,False
1951,OSM_1951,SPL_1951,138.0,PQ,0.0,0.0,1,1,NORTH,33.06135,-97.49351,1478651068.0,False
1952,OSM_1952,SPL_1952,138.0,PQ,0.0,0.0,1,1,NORTH,33.73362,-96.6058,1478466387.0,False
1953,OSM_1953,SPL_1953,138.0,PQ,0.0,0.0,1,1,NORTH,33.46495,-97.89477,1475420312.0,False
1955,OSM_1955,SPL_1955,138.0,PQ,0.0,0.0,1,1,NORTH,33.50932,-97.95375,1475174507.0,False
1958,OSM_1958,SPL_1958,138.0,PQ,0.0,0.0,4,4,WEST,33.8055,-98.68826,1473500718.0,False
1959,OSM_1959,SPL_1959,138.0,PQ,0.0,0.0,4,4,WEST,32.73106,-98.70199,1473258549.0,False
1960,OSM_1960,SPL_1960,138.0,PQ,0.0,0.0,4,4,WEST,32.46977,-98.75476,1473258547.0,False
1961,OSM_1961,SPL_1961,138.0,PQ,0.0,0.0,1,1,NORTH,33.51599,-95.34568,1472854569.0,False
1962,OSM_1962,SPL_1962,138.0,PQ,0.0,0.0,1,1,NORTH,33.13946,-95.49709,1469949200.0,False
1963,OSM_1963,SPL_1963,138.0,PQ,0.0,0.0,1,1,NORTH,33.22749,-95.3551,1469949197.0,False
1964,OSM_1964,SPL_1964,138.0,PQ,0.0,0.0,1,1,NORTH,33.35132,-95.17305,1469948272.0,False
1965,OSM_1965,SPL_1965,138.0,PQ,0.0,0.0,1,1,NORTH,33.34874,-95.20265,1469948269.0,False
1966,OSM_1966,SPL_1966,138.0,PQ,0.0,0.0,3,3,SOUTH,31.07055,-98.73449,1466469720.0,False
1968,OSM_1968,SPL_1968,345.0,PQ,0.0,0.0,1,1,NORTH,32.55174,-96.78384,1466130274.0,False
1969,OSM_1969,SPL_1969,138.0,PQ,0.0,0.0,1,1,NORTH,32.53874,-96.79522,1466130268.0,False
1970,OSM_1970,SPL_1970,138.0,PQ,0.0,0.0,1,1,NORTH,32.4393,-97.06264,1466128997.0,False
1971,OSM_1971,SPL_1971,345.0,PQ,0.0,0.0,1,1,NORTH,33.6324,-95.72278,1465125973.0,False
1972,OSM_1972,SPL_1972,138.0,PQ,0.0,0.0,4,4,WEST,33.84545,-98.5278,1464988734.0,False
1973,OSM_1973,SPL_1973,138.0,PQ,0.0,0.0,4,4,WEST,31.78425,-101.91388,1464956841.0,False
1974,OSM_1974,SPL_1974,138.0,PQ,0.0,0.0,1,1,NORTH,32.26466,-95.06091,1464602566.0,False
1975,OSM_1975,SPL_1975,138.0,PQ,0.0,0.0,4,4,WEST,31.09263,-103.22321,1463208965.0,False
1976,OSM_1976,SPL_1976,345.0,PQ,0.0,0.0,1,1,NORTH,32.39176,-97.48573,1462075735.0,False
1979,OSM_1979,SPL_1979,138.0,PQ,0.0,0.0,1,1,NORTH,32.52097,-97.23738,1456798932.0,False
1980,OSM_1980,SPL_1980,138.0,PQ,0.0,0.0,1,1,NORTH,32.5353,-97.25818,1456798929.0,False
1981,OSM_1981,SPL_1981,138.0,PQ,0.0,0.0,1,1,NORTH,32.51331,-97.2756,1456798928.0,False
1982,OSM_1982,SPL_1982,138.0,PQ,0.0,0.0,1,1,NORTH,32.46008,-97.77668,1456796678.0,False
1983,OSM_1983,SPL_1983,138.0,PQ,0.0,0.0,1,1,NORTH,32.46138,-97.8108,1456795684.0,False
1984,OSM_1984,SPL_1984,138.0,PQ,0.0,0.0,1,1,NORTH,32.46019,-97.41656,1456745111.0,False
1985,OSM_1985,SPL_1985,138.0,PQ,0.0,0.0,1,1,NORTH,32.76134,-97.70744,1456739177.0,False
1986,OSM_1986,SPL_1986,138.0,PQ,0.0,0.0,1,1,NORTH,32.74237,-97.7353,1456739175.0,False
1987,OSM_1987,SPL_1987,138.0,PQ,0.0,0.0,1,1,NORTH,32.74235,-97.75662,1456739173.0,False
1988,OSM_1988,SPL_1988,138.0,PQ,0.0,0.0,1,1,NORTH,32.67313,-97.93018,1456732087.0,False
1989,OSM_1989,SPL_1989,138.0,PQ,0.0,0.0,1,1,NORTH,32.59702,-98.09082,1455050986.0,False
1990,OSM_1990,SPL_1990,138.0,PQ,0.0,0.0,1,1,NORTH,32.61853,-98.05541,1455050984.0,False
1991,OSM_1991,SPL_1991,138.0,PQ,0.0,0.0,1,1,NORTH,32.80683,-98.15534,1455048927.0,False
1992,OSM_1992,SPL_1992,138.0,PQ,0.0,0.0,1,1,NORTH,33.02469,-97.68625,1455032883.0,False
1993,OSM_1993,SPL_1993,138.0,PQ,0.0,0.0,1,1,NORTH,33.09939,-97.86537,1455032880.0,False
1994,OSM_1994,SPL_1994,138.0,PQ,0.0,0.0,1,1,NORTH,32.89809,-97.82254,1454964288.0,False
1995,OSM_1995,SPL_1995,138.0,PQ,0.0,0.0,1,1,NORTH,32.67279,-97.58559,1454787789.0,False
1996,OSM_1996,SPL_1996,138.0,PQ,0.0,0.0,1,1,NORTH,32.66296,-97.68598,1454787788.0,False
1997,OSM_1997,SPL_1997,138.0,PQ,0.0,0.0,1,1,NORTH,32.46314,-97.54593,1454783645.0,False
1998,OSM_1998,SPL_1998,138.0,PQ,0.0,0.0,1,1,NORTH,32.43827,-97.68283,1454782639.0,False
1999,OSM_1999,SPL_1999,138.0,PQ,0.0,0.0,1,1,NORTH,32.47569,-97.68671,1454781100.0,False
2000,OSM_2000,SPL_2000,138.0,PQ,0.0,0.0,1,1,NORTH,32.45405,-97.73089,1454780391.0,False
2001,OSM_2001,SPL_2001,138.0,PQ,0.0,0.0,4,4,WEST,32.28564,-101.31304,1454774657.0,False
2002,OSM_2002,SPL_2002,138.0,PQ,0.0,0.0,4,4,WEST,32.49956,-101.67546,1454765015.0,False
2003,OSM_2003,SPL_2003,138.0,PQ,0.0,0.0,4,4,WEST,32.22264,-101.40607,1454736392.0,False
2005,OSM_2005,SPL_2005,138.0,PQ,0.0,0.0,4,4,WEST,31.8679,-101.74223,1454736386.0,False
2006,OSM_2006,SPL_2006,138.0,PQ,0.0,0.0,4,4,WEST,31.85747,-101.78105,1454736374.0,False
2007,OSM_2007,SPL_2007,138.0,PQ,0.0,0.0,4,4,WEST,31.92322,-102.17896,1454719409.0,False
2008,OSM_2008,SPL_2008,138.0,PQ,0.0,0.0,4,4,WEST,31.51028,-103.55079,1454570265.0,False
2009,OSM_2009,SPL_2009,138.0,PQ,0.0,0.0,4,4,WEST,31.41941,-103.55425,1454570030.0,False
2010,OSM_2010,SPL_2010,138.0,PQ,0.0,0.0,4,4,WEST,31.51299,-103.4502,1454568155.0,False
2011,OSM_2011,SPL_2011,138.0,PQ,0.0,0.0,4,4,WEST,31.87362,-103.8634,1454543118.0,False
2014,OSM_2014,SPL_2014,138.0,PQ,0.0,0.0,4,4,WEST,31.84689,-102.71944,1454528456.0,False
2015,OSM_2015,SPL_2015,138.0,PQ,0.0,0.0,4,4,WEST,31.75512,-103.19194,1454527761.0,False
2016,OSM_2016,SPL_2016,138.0,PQ,0.0,0.0,4,4,WEST,31.766,-103.24767,1454527462.0,False
2017,OSM_2017,SPL_2017,138.0,PQ,0.0,0.0,4,4,WEST,31.83403,-103.3011,1454527163.0,False
2018,OSM_2018,SPL_2018,138.0,PQ,0.0,0.0,4,4,WEST,31.79388,-103.25615,1454527160.0,False
2019,OSM_2019,SPL_2019,138.0,PQ,0.0,0.0,4,4,WEST,31.76995,-103.26936,1454527158.0,False
2020,OSM_2020,SPL_2020,138.0,PQ,0.0,0.0,4,4,WEST,31.76855,-103.27222,1454527155.0,False
2021,OSM_2021,SPL_2021,138.0,PQ,0.0,0.0,4,4,WEST,32.7452,-98.90613,1454058101.0,False
2026,OSM_2026,SPL_2026,138.0,PQ,0.0,0.0,4,4,WEST,32.85662,-100.99249,1452973269.0,False
2027,OSM_2027,SPL_2027,138.0,PQ,0.0,0.0,4,4,WEST,32.09218,-101.8845,1451840809.0,False
2028,OSM_2028,SPL_2028,345.0,PQ,0.0,0.0,2,2,HOUSTON,29.3967,-95.73797,1451277516.0,False
2029,OSM_2029,SPL_2029,138.0,PQ,0.0,0.0,1,1,NORTH,31.27869,-96.48905,1451076056.0,False
2030,OSM_2030,SPL_2030,138.0,PQ,0.0,0.0,1,1,NORTH,33.14107,-96.66179,1449267333.0,False
2031,OSM_2031,SPL_2031,138.0,PQ,0.0,0.0,3,3,SOUTH,29.61435,-97.962,1448719829.0,False
2032,OSM_2032,SPL_2032,138.0,PQ,0.0,0.0,3,3,SOUTH,29.65301,-98.0141,1448717353.0,False
2033,OSM_2033,SPL_2033,138.0,PQ,0.0,0.0,3,3,SOUTH,28.60603,-97.64651,1448534022.0,False
2034,OSM_2034,SPL_2034,138.0,PQ,0.0,0.0,3,3,SOUTH,26.14518,-97.6409,1448528555.0,False
2035,OSM_2035,SPL_2035,138.0,PQ,0.0,0.0,3,3,SOUTH,27.93501,-97.24813,1448341706.0,False
2036,OSM_2036,SPL_2036,138.0,PQ,0.0,0.0,3,3,SOUTH,27.90356,-97.26786,1448341695.0,False
2037,OSM_2037,SPL_2037,138.0,PQ,0.0,0.0,3,3,SOUTH,27.83904,-97.49698,1447047040.0,False
2038,OSM_2038,SPL_2038,138.0,PQ,0.0,0.0,3,3,SOUTH,27.6646,-97.36115,1447037719.0,False
2039,OSM_2039,SPL_2039,138.0,PQ,0.0,0.0,2,2,HOUSTON,29.72654,-95.1746,1445663578.0,False
2040,OSM_2040,SPL_2040,138.0,PQ,0.0,0.0,3,3,SOUTH,31.04425,-97.7135,1445661611.0,False
2041,OSM_2041,SPL_2041,138.0,PQ,0.0,0.0,3,3,SOUTH,29.37844,-98.99361,1445316801.0,False
2042,OSM_2042,SPL_2042,345.0,PQ,0.0,0.0,1,1,NORTH,32.39289,-97.68547,1441691892.0,False
2044,OSM_2044,SPL_2044,138.0,PQ,0.0,0.0,1,1,NORTH,33.20689,-96.00182,1441653699.0,False
2045,OSM_2045,SPL_2045,138.0,PQ,0.0,0.0,1,1,NORTH,33.03522,-96.20062,1441544720.0,False
2046,OSM_2046,SPL_2046,138.0,PQ,0.0,0.0,1,1,NORTH,33.05621,-96.23912,1441544718.0,False
2047,OSM_2047,SPL_2047,138.0,PQ,0.0,0.0,1,1,NORTH,33.01038,-96.28914,1441544716.0,False
2048,OSM_2048,SPL_2048,138.0,PQ,0.0,0.0,3,3,SOUTH,28.86458,-96.02495,1441539737.0,False
2049,OSM_2049,SPL_2049,345.0,PQ,0.0,0.0,3,3,SOUTH,30.99795,-96.99834,1441535856.0,False
2050,OSM_2050,SPL_2050,345.0,PQ,0.0,0.0,3,3,SOUTH,31.02751,-96.93267,1441535422.0,False
2051,OSM_2051,SPL_2051,345.0,PQ,0.0,0.0,3,3,SOUTH,31.04655,-96.85895,1441534767.0,False
2053,OSM_2053,SPL_2053,345.0,PQ,0.0,0.0,3,3,SOUTH,30.54527,-97.52165,1441533197.0,False
2054,OSM_2054,SPL_2054,345.0,PQ,0.0,0.0,3,3,SOUTH,26.66968,-99.01763,1432433081.0,False
2055,OSM_2055,SPL_2055,138.0,PQ,0.0,0.0,3,3,SOUTH,27.57734,-99.27568,1432429856.0,False
2056,OSM_2056,SPL_2056,138.0,PQ,0.0,0.0,3,3,SOUTH,29.33783,-98.32442,1432424765.0,False
2057,OSM_2057,SPL_2057,138.0,PQ,0.0,0.0,3,3,SOUTH,29.27034,-98.47943,1428418583.0,False
2058,OSM_2058,SPL_2058,345.0,PQ,0.0,0.0,3,3,SOUTH,29.27816,-98.57211,1428417852.0,False
2059,OSM_2059,SPL_2059,138.0,PQ,0.0,0.0,1,1,NORTH,32.99325,-95.17328,1421400428.0,False
2061,OSM_2061,SPL_2061,345.0,PQ,0.0,0.0,1,1,NORTH,31.7235,-96.8477,1365652133.0,False
2062,OSM_2062,SPL_2062,345.0,PQ,0.0,0.0,1,1,NORTH,31.74359,-96.88685,1365652131.0,False
2063,OSM_2063,SPL_2063,345.0,PQ,0.0,0.0,4,4,WEST,30.95874,-101.596,1365619568.0,False
2064,OSM_2064,SPL_2064,345.0,PQ,0.0,0.0,4,4,WEST,30.96582,-101.5858,1365618625.0,False
2065,OSM_2065,SPL_2065,138.0,PQ,0.0,0.0,1,1,NORTH,32.67802,-96.8832,1364144243.0,False
2066,OSM_2066,SPL_2066,138.0,PQ,0.0,0.0,1,1,NORTH,33.05828,-96.83123,1363954467.0,False
2067,OSM_2067,SPL_2067,138.0,PQ,0.0,0.0,1,1,NORTH,32.82885,-96.11286,1362436199.0,False
2068,OSM_2068,SPL_2068,138.0,PQ,0.0,0.0,1,1,NORTH,32.79356,-95.987,1362385169.0,False
2069,OSM_2069,SPL_2069,138.0,PQ,0.0,0.0,1,1,NORTH,33.14194,-96.23604,1362067056.0,False
2070,OSM_2070,SPL_2070,138.0,PQ,0.0,0.0,1,1,NORTH,33.0176,-96.41957,1362050200.0,False
2071,OSM_2071,SPL_2071,138.0,PQ,0.0,0.0,1,1,NORTH,33.01262,-96.42149,1362050196.0,False
2072,OSM_2072,SPL_2072,138.0,PQ,0.0,0.0,1,1,NORTH,32.90843,-96.7108,1362011207.0,False
2073,OSM_2073,SPL_2073,138.0,PQ,0.0,0.0,1,1,NORTH,32.91121,-96.74183,1360485802.0,False
2074,OSM_2074,SPL_2074,138.0,PQ,0.0,0.0,1,1,NORTH,32.94299,-96.82615,1360481176.0,False
2075,OSM_2075,SPL_2075,138.0,PQ,0.0,0.0,1,1,NORTH,32.80427,-96.46413,1360467528.0,False
2076,OSM_2076,SPL_2076,138.0,PQ,0.0,0.0,1,1,NORTH,32.66772,-96.61375,1360421629.0,False
2077,OSM_2077,SPL_2077,138.0,PQ,0.0,0.0,1,1,NORTH,32.60383,-96.69555,1360419211.0,False
2078,OSM_2078,SPL_2078,138.0,PQ,0.0,0.0,1,1,NORTH,32.6412,-96.64611,1360419209.0,False
2080,OSM_2080,SPL_2080,138.0,PQ,0.0,0.0,1,1,NORTH,32.73121,-96.65541,1360245089.0,False
2081,OSM_2081,SPL_2081,138.0,PQ,0.0,0.0,1,1,NORTH,32.79925,-96.68744,1360243782.0,False
2082,OSM_2082,SPL_2082,138.0,PQ,0.0,0.0,1,1,NORTH,32.5314,-96.85126,1360221299.0,False
2083,OSM_2083,SPL_2083,138.0,PQ,0.0,0.0,1,1,NORTH,32.52088,-97.01923,1356304382.0,False
2084,OSM_2084,SPL_2084,138.0,PQ,0.0,0.0,1,1,NORTH,32.51938,-97.00682,1356304380.0,False
2085,OSM_2085,SPL_2085,138.0,PQ,0.0,0.0,1,1,NORTH,32.51378,-96.97562,1356304379.0,False
2086,OSM_2086,SPL_2086,138.0,PQ,0.0,0.0,1,1,NORTH,32.72427,-97.03161,1356294644.0,False
2087,OSM_2087,SPL_2087,138.0,PQ,0.0,0.0,1,1,NORTH,32.74393,-96.80264,1356060807.0,False
2088,OSM_2088,SPL_2088,138.0,PQ,0.0,0.0,1,1,NORTH,32.74058,-96.92907,1356057877.0,False
2090,OSM_2090,SPL_2090,138.0,PQ,0.0,0.0,1,1,NORTH,32.89225,-96.90732,1355844441.0,False
2092,OSM_2092,SPL_2092,138.0,PQ,0.0,0.0,1,1,NORTH,32.90831,-97.4681,1354524056.0,False
2093,OSM_2093,SPL_2093,138.0,PQ,0.0,0.0,1,1,NORTH,33.03919,-97.41118,1354470954.0,False
2095,OSM_2095,SPL_2095,138.0,PQ,0.0,0.0,1,1,NORTH,32.75706,-97.16192,1354294355.0,False
2096,OSM_2096,SPL_2096,138.0,PQ,0.0,0.0,1,1,NORTH,32.15332,-97.37391,1352808062.0,False
2097,OSM_2097,SPL_2097,138.0,PQ,0.0,0.0,1,1,NORTH,32.28643,-97.30199,1352738316.0,False
2098,OSM_2098,SPL_2098,138.0,PQ,0.0,0.0,1,1,NORTH,32.2834,-97.29193,1352738313.0,False
2099,OSM_2099,SPL_2099,138.0,PQ,0.0,0.0,1,1,NORTH,32.22699,-97.31541,1352735509.0,False
2100,OSM_2100,SPL_2100,138.0,PQ,0.0,0.0,1,1,NORTH,31.97362,-97.3581,1352735503.0,False
2101,OSM_2101,SPL_2101,138.0,PQ,0.0,0.0,1,1,NORTH,31.51016,-97.18223,1352421453.0,False
2102,OSM_2102,SPL_2102,138.0,PQ,0.0,0.0,1,1,NORTH,31.51176,-97.18109,1352421448.0,False
2103,OSM_2103,SPL_2103,138.0,PQ,0.0,0.0,3,3,SOUTH,30.54556,-97.46331,1352416603.0,False
2104,OSM_2104,SPL_2104,138.0,PQ,0.0,0.0,3,3,SOUTH,30.46966,-97.35285,1352413497.0,False
2106,OSM_2106,SPL_2106,138.0,PQ,0.0,0.0,4,4,WEST,31.85672,-102.32366,1350767234.0,False
2107,OSM_2107,SPL_2107,138.0,PQ,0.0,0.0,4,4,WEST,31.83336,-102.1914,1350767232.0,False
2108,OSM_2108,SPL_2108,138.0,PQ,0.0,0.0,4,4,WEST,31.82447,-102.11864,1350767228.0,False
2109,OSM_2109,SPL_2109,138.0,PQ,0.0,0.0,4,4,WEST,31.51987,-101.80347,1350750886.0,False
2110,OSM_2110,SPL_2110,138.0,PQ,0.0,0.0,4,4,WEST,32.52977,-100.83203,1350547496.0,False
2111,OSM_2111,SPL_2111,345.0,PQ,0.0,0.0,3,3,SOUTH,27.1104,-99.40079,1350505623.0,False
2112,OSM_2112,SPL_2112,345.0,PQ,0.0,0.0,3,3,SOUTH,27.62872,-99.26864,1350503758.0,False
2113,OSM_2113,SPL_2113,345.0,PQ,0.0,0.0,2,2,HOUSTON,29.7124,-95.13556,1350437811.0,False
2114,OSM_2114,SPL_2114,138.0,PQ,0.0,0.0,4,4,WEST,31.93981,-102.01136,1348407428.0,False
2115,OSM_2115,SPL_2115,345.0,PQ,0.0,0.0,4,4,WEST,31.91487,-101.99875,1348406665.0,False
2116,OSM_2116,SPL_2116,138.0,PQ,0.0,0.0,4,4,WEST,32.01169,-102.02624,1348406658.0,False
2117,OSM_2117,SPL_2117,138.0,PQ,0.0,0.0,4,4,WEST,32.00828,-102.02519,1348406655.0,False
2118,OSM_2118,SPL_2118,138.0,PQ,0.0,0.0,4,4,WEST,32.03603,-102.2485,1347902252.0,False
2119,OSM_2119,SPL_2119,138.0,PQ,0.0,0.0,4,4,WEST,32.14464,-102.16314,1347850707.0,False
2120,OSM_2120,SPL_2120,138.0,PQ,0.0,0.0,4,4,WEST,32.1765,-102.18057,1347850700.0,False
2121,OSM_2121,SPL_2121,138.0,PQ,0.0,0.0,4,4,WEST,32.37712,-102.14271,1347843201.0,False
2122,OSM_2122,SPL_2122,138.0,PQ,0.0,0.0,4,4,WEST,32.44999,-102.16362,1347843194.0,False
2123,OSM_2123,SPL_2123,138.0,PQ,0.0,0.0,3,3,SOUTH,27.68008,-97.3376,1347824321.0,False
2124,OSM_2124,SPL_2124,138.0,PQ,0.0,0.0,1,1,NORTH,33.19743,-96.8101,1347796181.0,False
2125,OSM_2125,SPL_2125,138.0,PQ,0.0,0.0,1,1,NORTH,32.64387,-97.28472,1346307285.0,False
2126,OSM_2126,SPL_2126,138.0,PQ,0.0,0.0,4,4,WEST,33.59037,-99.70543,1346304215.0,False
2127,OSM_2127,SPL_2127,138.0,PQ,0.0,0.0,3,3,SOUTH,29.45122,-98.64006,1344369105.0,False
2128,OSM_2128,SPL_2128,138.0,PQ,0.0,0.0,1,1,NORTH,31.92145,-95.81759,1343193975.0,False
2129,OSM_2129,SPL_2129,138.0,PQ,0.0,0.0,1,1,NORTH,31.81389,-95.86645,1343193974.0,False
2131,OSM_2131,SPL_2131,345.0,PQ,0.0,0.0,4,4,WEST,32.40434,-99.10782,1342286231.0,False
2132,OSM_2132,SPL_2132,138.0,PQ,0.0,0.0,1,1,NORTH,32.66159,-96.86161,1341041575.0,False
2133,OSM_2133,SPL_2133,138.0,PQ,0.0,0.0,1,1,NORTH,32.66148,-96.91232,1341041573.0,False
2136,OSM_2136,SPL_2136,345.0,PQ,0.0,0.0,3,3,SOUTH,29.15879,-96.14274,1340872590.0,False
2137,OSM_2137,SPL_2137,345.0,PQ,0.0,0.0,3,3,SOUTH,29.11995,-96.10809,1340872584.0,False
2138,OSM_2138,SPL_2138,345.0,PQ,0.0,0.0,3,3,SOUTH,28.83514,-95.86135,1340871087.0,False
2139,OSM_2139,SPL_2139,138.0,PQ,0.0,0.0,1,1,NORTH,31.64225,-94.41154,1340751612.0,False
2141,OSM_2141,SPL_2141,138.0,PQ,0.0,0.0,4,4,WEST,34.01673,-98.56077,1339707956.0,False
2142,OSM_2142,SPL_2142,138.0,PQ,0.0,0.0,1,1,NORTH,33.70268,-95.95074,1339361040.0,False
2143,OSM_2143,SPL_2143,138.0,PQ,0.0,0.0,1,1,NORTH,33.63627,-95.93917,1339361036.0,False
2144,OSM_2144,SPL_2144,138.0,PQ,0.0,0.0,1,1,NORTH,32.95933,-97.72265,1339241801.0,False
2145,OSM_2145,SPL_2145,138.0,PQ,0.0,0.0,1,1,NORTH,32.88792,-97.70568,1339241796.0,False
2147,OSM_2147,SPL_2147,138.0,PQ,0.0,0.0,4,4,WEST,32.24193,-101.90542,1339156831.0,False
2148,OSM_2148,SPL_2148,138.0,PQ,0.0,0.0,1,1,NORTH,33.12925,-97.49641,1339108197.0,False
2149,OSM_2149,SPL_2149,138.0,PQ,0.0,0.0,1,1,NORTH,32.77313,-97.61083,1339092311.0,False
2150,OSM_2150,SPL_2150,138.0,PQ,0.0,0.0,1,1,NORTH,32.76806,-97.669,1339092307.0,False
2151,OSM_2151,SPL_2151,138.0,PQ,0.0,0.0,1,1,NORTH,32.92057,-97.86071,1339092294.0,False
2152,OSM_2152,SPL_2152,138.0,PQ,0.0,0.0,1,1,NORTH,33.09687,-98.00278,1339092290.0,False
2153,OSM_2153,SPL_2153,138.0,PQ,0.0,0.0,1,1,NORTH,32.96292,-97.67557,1339083773.0,False
2154,OSM_2154,SPL_2154,138.0,PQ,0.0,0.0,1,1,NORTH,32.90069,-96.31106,1339076592.0,False
2155,OSM_2155,SPL_2155,138.0,PQ,0.0,0.0,1,1,NORTH,33.00441,-96.07538,1339075308.0,False
2156,OSM_2156,SPL_2156,138.0,PQ,0.0,0.0,1,1,NORTH,32.93372,-96.11921,1339075301.0,False
2157,OSM_2157,SPL_2157,138.0,PQ,0.0,0.0,1,1,NORTH,32.91437,-96.25373,1339075299.0,False
2158,OSM_2158,SPL_2158,138.0,PQ,0.0,0.0,1,1,NORTH,32.91657,-96.35066,1339075294.0,False
2159,OSM_2159,SPL_2159,138.0,PQ,0.0,0.0,1,1,NORTH,33.5547,-96.25831,1339072060.0,False
2160,OSM_2160,SPL_2160,138.0,PQ,0.0,0.0,1,1,NORTH,33.48677,-97.18307,1339059222.0,False
2161,OSM_2161,SPL_2161,138.0,PQ,0.0,0.0,1,1,NORTH,33.49455,-97.04762,1339058551.0,False
2162,OSM_2162,SPL_2162,138.0,PQ,0.0,0.0,1,1,NORTH,33.64013,-97.32991,1338943681.0,False
2163,OSM_2163,SPL_2163,138.0,PQ,0.0,0.0,1,1,NORTH,33.22898,-97.07143,1338650870.0,False
2164,OSM_2164,SPL_2164,138.0,PQ,0.0,0.0,1,1,NORTH,33.21715,-97.21088,1338620077.0,False
2165,OSM_2165,SPL_2165,138.0,PQ,0.0,0.0,1,1,NORTH,33.21329,-97.21096,1338620074.0,False
2166,OSM_2166,SPL_2166,138.0,PQ,0.0,0.0,1,1,NORTH,33.7529,-96.84892,1338533651.0,False
2167,OSM_2167,SPL_2167,138.0,PQ,0.0,0.0,1,1,NORTH,33.01369,-96.70224,1338532385.0,False
2168,OSM_2168,SPL_2168,138.0,PQ,0.0,0.0,1,1,NORTH,32.92026,-96.7626,1338532285.0,False
2169,OSM_2169,SPL_2169,138.0,PQ,0.0,0.0,1,1,NORTH,33.00162,-96.72221,1338531922.0,False
2170,OSM_2170,SPL_2170,138.0,PQ,0.0,0.0,1,1,NORTH,31.95279,-97.06181,1338135200.0,False
2171,OSM_2171,SPL_2171,138.0,PQ,0.0,0.0,1,1,NORTH,32.5589,-96.77061,1337453010.0,False
2172,OSM_2172,SPL_2172,138.0,PQ,0.0,0.0,1,1,NORTH,32.48639,-95.85739,1337372622.0,False
2173,OSM_2173,SPL_2173,345.0,PQ,0.0,0.0,1,1,NORTH,32.23274,-96.70018,1337292650.0,False
2174,OSM_2174,SPL_2174,138.0,PQ,0.0,0.0,1,1,NORTH,32.04125,-96.20625,1337288964.0,False
2175,OSM_2175,SPL_2175,138.0,PQ,0.0,0.0,1,1,NORTH,32.03889,-96.2811,1337288962.0,False
2176,OSM_2176,SPL_2176,138.0,PQ,0.0,0.0,1,1,NORTH,32.53999,-96.31266,1337288126.0,False
2177,OSM_2177,SPL_2177,138.0,PQ,0.0,0.0,1,1,NORTH,31.71009,-96.18089,1337286947.0,False
2178,OSM_2178,SPL_2178,138.0,PQ,0.0,0.0,1,1,NORTH,31.71119,-96.21416,1337286944.0,False
2179,OSM_2179,SPL_2179,138.0,PQ,0.0,0.0,1,1,NORTH,31.69538,-96.21286,1337286942.0,False
2180,OSM_2180,SPL_2180,138.0,PQ,0.0,0.0,1,1,NORTH,31.8216,-95.51425,1337286556.0,False
2182,OSM_2182,SPL_2182,138.0,PQ,0.0,0.0,1,1,NORTH,32.05043,-95.39563,1337286550.0,False
2183,OSM_2183,SPL_2183,138.0,PQ,0.0,0.0,1,1,NORTH,32.1035,-95.52439,1337286546.0,False
2184,OSM_2184,SPL_2184,138.0,PQ,0.0,0.0,1,1,NORTH,32.173,-95.65093,1337286544.0,False
2185,OSM_2185,SPL_2185,138.0,PQ,0.0,0.0,1,1,NORTH,32.24628,-95.59421,1337286542.0,False
2186,OSM_2186,SPL_2186,138.0,PQ,0.0,0.0,1,1,NORTH,32.47236,-95.72575,1337284405.0,False
2187,OSM_2187,SPL_2187,138.0,PQ,0.0,0.0,1,1,NORTH,32.4718,-95.72145,1337284404.0,False
2188,OSM_2188,SPL_2188,138.0,PQ,0.0,0.0,1,1,NORTH,32.32881,-95.84798,1337284395.0,False
2189,OSM_2189,SPL_2189,138.0,PQ,0.0,0.0,1,1,NORTH,32.43445,-95.37143,1337278831.0,False
2190,OSM_2190,SPL_2190,138.0,PQ,0.0,0.0,1,1,NORTH,32.43083,-95.58236,1337278823.0,False
2191,OSM_2191,SPL_2191,138.0,PQ,0.0,0.0,1,1,NORTH,32.65505,-95.704,1337278816.0,False
2192,OSM_2192,SPL_2192,138.0,PQ,0.0,0.0,1,1,NORTH,32.61699,-95.67488,1337278814.0,False
2193,OSM_2193,SPL_2193,138.0,PQ,0.0,0.0,1,1,NORTH,32.10002,-97.331,1328526292.0,False
2194,OSM_2194,SPL_2194,138.0,PQ,0.0,0.0,1,1,NORTH,32.42725,-97.83639,1320550464.0,False
2195,OSM_2195,SPL_2195,138.0,PQ,0.0,0.0,1,1,NORTH,32.90284,-97.38648,1319707419.0,False
2196,OSM_2196,SPL_2196,138.0,PQ,0.0,0.0,1,1,NORTH,32.53861,-96.79979,1318653352.0,False
2197,OSM_2197,SPL_2197,138.0,PQ,0.0,0.0,1,1,NORTH,33.61495,-96.69975,1317406243.0,False
2198,OSM_2198,SPL_2198,138.0,PQ,0.0,0.0,1,1,NORTH,33.84644,-96.63077,1317400062.0,False
2200,OSM_2200,SPL_2200,138.0,PQ,0.0,0.0,1,1,NORTH,33.25589,-96.62657,1316549112.0,False
2201,OSM_2201,SPL_2201,138.0,PQ,0.0,0.0,1,1,NORTH,32.7314,-97.83949,1308958673.0,False
2202,OSM_2202,SPL_2202,138.0,PQ,0.0,0.0,1,1,NORTH,32.02998,-96.3723,1308932805.0,False
2203,OSM_2203,SPL_2203,138.0,PQ,0.0,0.0,1,1,NORTH,32.07192,-96.46379,1308932799.0,False
2205,OSM_2205,SPL_2205,138.0,PQ,0.0,0.0,1,1,NORTH,32.41934,-97.56695,1305323178.0,False
2206,OSM_2206,SPL_2206,138.0,PQ,0.0,0.0,1,1,NORTH,32.46049,-97.04526,1302777336.0,False
2208,OSM_2208,SPL_2208,138.0,PQ,0.0,0.0,1,1,NORTH,32.44095,-97.06896,1302774821.0,False
2209,OSM_2209,SPL_2209,138.0,PQ,0.0,0.0,1,1,NORTH,32.9831,-96.65164,1300765155.0,False
2210,OSM_2210,SPL_2210,138.0,PQ,0.0,0.0,2,2,HOUSTON,28.95428,-95.38245,1299535740.0,False
2211,OSM_2211,SPL_2211,138.0,PQ,0.0,0.0,1,1,NORTH,32.44403,-97.75228,1281263061.0,False
2213,OSM_2213,SPL_2213,138.0,PQ,0.0,0.0,1,1,NORTH,32.52629,-95.54007,1256980967.0,False
2214,OSM_2214,SPL_2214,345.0,PQ,0.0,0.0,4,4,WEST,33.10078,-98.89898,1251330678.0,False
2215,OSM_2215,SPL_2215,138.0,PQ,0.0,0.0,2,2,HOUSTON,30.36896,-95.4496,1250958076.0,False
2216,OSM_2216,SPL_2216,138.0,PQ,0.0,0.0,1,1,NORTH,33.19508,-96.43826,1248704260.0,False
2217,OSM_2217,SPL_2217,138.0,PQ,0.0,0.0,1,1,NORTH,32.26599,-94.9843,1241804205.0,False
2218,OSM_2218,SPL_2218,138.0,PQ,0.0,0.0,1,1,NORTH,32.16381,-95.40072,1241356820.0,False
2219,OSM_2219,SPL_2219,138.0,PQ,0.0,0.0,1,1,NORTH,32.20231,-97.35986,1237047829.0,False
2220,OSM_2220,SPL_2220,138.0,PQ,0.0,0.0,1,1,NORTH,32.49011,-95.42199,1226621534.0,False
2221,OSM_2221,SPL_2221,138.0,PQ,0.0,0.0,1,1,NORTH,32.38787,-95.3421,1219400274.0,False
2222,OSM_2222,SPL_2222,138.0,PQ,0.0,0.0,1,1,NORTH,32.39023,-95.33792,1219257914.0,False
2223,OSM_2223,SPL_2223,138.0,PQ,0.0,0.0,1,1,NORTH,32.3512,-95.31125,1219257913.0,False
2224,OSM_2224,SPL_2224,138.0,PQ,0.0,0.0,4,4,WEST,32.74757,-98.90299,1213744959.0,False
2225,OSM_2225,SPL_2225,138.0,PQ,0.0,0.0,4,4,WEST,32.89573,-98.77889,1213744957.0,False
2226,OSM_2226,SPL_2226,138.0,PQ,0.0,0.0,4,4,WEST,32.9122,-98.79163,1213744955.0,False
2228,OSM_2228,SPL_2228,345.0,PQ,0.0,0.0,4,4,WEST,33.17764,-99.57138,1213743968.0,False
2229,OSM_2229,SPL_2229,345.0,PQ,0.0,0.0,4,4,WEST,33.10222,-99.30644,1213743833.0,False
2230,OSM_2230,SPL_2230,345.0,PQ,0.0,0.0,4,4,WEST,33.2551,-99.52082,1213743378.0,False
2231,OSM_2231,SPL_2231,230.0,PQ,0.0,0.0,4,4,WEST,33.4914,-102.05806,1212751035.0,False
2234,OSM_2234,SPL_2234,345.0,PQ,0.0,0.0,4,4,WEST,31.73813,-101.2937,1191329509.0,False
2235,OSM_2235,SPL_2235,345.0,PQ,0.0,0.0,4,4,WEST,30.90925,-101.26321,1191329163.0,False
2236,OSM_2236,SPL_2236,345.0,PQ,0.0,0.0,1,1,NORTH,31.86444,-97.01577,1188600268.0,False
2237,OSM_2237,SPL_2237,138.0,PQ,0.0,0.0,1,1,NORTH,33.06148,-96.85953,1185830305.0,False
2238,OSM_2238,SPL_2238,138.0,PQ,0.0,0.0,1,1,NORTH,32.92674,-97.06019,1181945463.0,False
2239,OSM_2239,SPL_2239,138.0,PQ,0.0,0.0,1,1,NORTH,32.93297,-97.0604,1181945455.0,False
2240,OSM_2240,SPL_2240,138.0,PQ,0.0,0.0,3,3,SOUTH,30.54425,-97.78257,1179815778.0,False
2241,OSM_2241,SPL_2241,138.0,PQ,0.0,0.0,3,3,SOUTH,30.58511,-97.81048,1179815776.0,False
2242,OSM_2242,SPL_2242,138.0,PQ,0.0,0.0,1,1,NORTH,32.73461,-97.15126,1178487384.0,False
2245,OSM_2245,SPL_2245,138.0,PQ,0.0,0.0,2,2,HOUSTON,29.17341,-95.76098,1176937417.0,False
2246,OSM_2246,SPL_2246,161.0,PQ,0.0,0.0,1,1,NORTH,31.52958,-94.9198,1176628753.0,False
2247,OSM_2247,SPL_2247,138.0,PQ,0.0,0.0,1,1,NORTH,32.18475,-96.09843,1172774426.0,False
2248,OSM_2248,SPL_2248,138.0,PQ,0.0,0.0,1,1,NORTH,32.18063,-96.10758,1172774424.0,False
2249,OSM_2249,SPL_2249,138.0,PQ,0.0,0.0,1,1,NORTH,32.11494,-95.28683,1172743924.0,False
2250,OSM_2250,SPL_2250,138.0,PQ,0.0,0.0,4,4,WEST,32.00336,-102.03192,1167464448.0,False
2251,OSM_2251,SPL_2251,138.0,PQ,0.0,0.0,1,1,NORTH,31.58508,-94.81231,1167399067.0,False
2252,OSM_2252,SPL_2252,138.0,PQ,0.0,0.0,4,4,WEST,31.16156,-101.08095,1167299875.0,False
2253,OSM_2253,SPL_2253,138.0,PQ,0.0,0.0,3,3,SOUTH,30.41212,-97.57431,1167297825.0,False
2254,OSM_2254,SPL_2254,138.0,PQ,0.0,0.0,1,1,NORTH,30.70678,-96.06609,1163028696.0,False
2255,OSM_2255,SPL_2255,345.0,PQ,0.0,0.0,1,1,NORTH,31.89722,-96.4698,1162794463.0,False
2256,OSM_2256,SPL_2256,138.0,PQ,0.0,0.0,2,2,HOUSTON,29.19073,-95.66385,1161569242.0,False
2257,OSM_2257,SPL_2257,138.0,PQ,0.0,0.0,1,1,NORTH,33.15175,-96.8454,1161280460.0,False
2258,OSM_2258,SPL_2258,138.0,PQ,0.0,0.0,1,1,NORTH,32.35311,-97.38327,1159260051.0,False
2259,OSM_2259,SPL_2259,345.0,PQ,0.0,0.0,3,3,SOUTH,29.8963,-97.26971,1157940853.0,False
2260,OSM_2260,SPL_2260,138.0,PQ,0.0,0.0,1,1,NORTH,32.32955,-95.42168,1157665913.0,False
2261,OSM_2261,SPL_2261,345.0,PQ,0.0,0.0,1,1,NORTH,33.23477,-95.25803,1157434646.0,False
2262,OSM_2262,SPL_2262,138.0,PQ,0.0,0.0,1,1,NORTH,33.51618,-95.63695,1157165705.0,False
2264,OSM_2264,SPL_2264,138.0,PQ,0.0,0.0,1,1,NORTH,33.38775,-96.06767,1157165691.0,False
2265,OSM_2265,SPL_2265,345.0,PQ,0.0,0.0,4,4,WEST,34.09975,-99.19975,1156180416.0,False
2267,OSM_2267,SPL_2267,345.0,PQ,0.0,0.0,4,4,WEST,34.3788,-100.09062,1148040638.0,False
2268,OSM_2268,SPL_2268,138.0,PQ,0.0,0.0,1,1,NORTH,33.70564,-97.3532,1144482433.0,False
2270,OSM_2270,SPL_2270,345.0,PQ,0.0,0.0,4,4,WEST,35.13589,-102.27929,1144102241.0,False
2271,OSM_2271,SPL_2271,345.0,PQ,0.0,0.0,4,4,WEST,35.19896,-102.31057,1144102239.0,False
2272,OSM_2272,SPL_2272,345.0,PQ,0.0,0.0,1,1,NORTH,31.42711,-98.54037,1144096700.0,False
2273,OSM_2273,SPL_2273,345.0,PQ,0.0,0.0,1,1,NORTH,31.56208,-98.47946,1138144087.0,False
2274,OSM_2274,SPL_2274,345.0,PQ,0.0,0.0,4,4,WEST,33.15933,-99.27174,1137973640.0,False
2276,OSM_2276,SPL_2276,345.0,PQ,0.0,0.0,3,3,SOUTH,28.24257,-97.53015,1132627193.0,False
2277,OSM_2277,SPL_2277,345.0,PQ,0.0,0.0,1,1,NORTH,33.32602,-97.31413,1132496442.0,False
2279,OSM_2279,SPL_2279,345.0,PQ,0.0,0.0,1,1,NORTH,33.41499,-95.34982,1132203362.0,False
2280,OSM_2280,SPL_2280,345.0,PQ,0.0,0.0,1,1,NORTH,33.44743,-95.3445,1132200607.0,False
2281,OSM_2281,SPL_2281,345.0,PQ,0.0,0.0,1,1,NORTH,33.47472,-95.30062,1132200605.0,False
2282,OSM_2282,SPL_2282,345.0,PQ,0.0,0.0,4,4,WEST,30.96844,-101.46236,1130769452.0,False
2283,OSM_2283,SPL_2283,345.0,PQ,0.0,0.0,4,4,WEST,31.17161,-101.35775,1130769450.0,False
2285,OSM_2285,SPL_2285,345.0,PQ,0.0,0.0,4,4,WEST,30.98551,-101.71695,1130768440.0,False
2286,OSM_2286,SPL_2286,345.0,PQ,0.0,0.0,4,4,WEST,30.98913,-101.96242,1130768042.0,False
2287,OSM_2287,SPL_2287,345.0,PQ,0.0,0.0,4,4,WEST,33.77451,-100.87203,1130569621.0,False
2288,OSM_2288,SPL_2288,138.0,PQ,0.0,0.0,4,4,WEST,31.0943,-100.06073,1128364208.0,False
2290,OSM_2290,SPL_2290,138.0,PQ,0.0,0.0,4,4,WEST,32.36349,-102.9792,1128268425.0,False
2291,OSM_2291,SPL_2291,138.0,PQ,0.0,0.0,4,4,WEST,32.50243,-101.4727,1128087960.0,False
2292,OSM_2292,SPL_2292,138.0,PQ,0.0,0.0,1,1,NORTH,33.27457,-96.62881,1127558067.0,False
2293,OSM_2293,SPL_2293,138.0,PQ,0.0,0.0,1,1,NORTH,33.46618,-96.12023,1127411684.0,False
2294,OSM_2294,SPL_2294,138.0,PQ,0.0,0.0,1,1,NORTH,33.39783,-96.27491,1127411066.0,False
2296,OSM_2296,SPL_2296,138.0,PQ,0.0,0.0,1,1,NORTH,33.29447,-96.49118,1127406719.0,False
2298,OSM_2298,SPL_2298,138.0,PQ,0.0,0.0,1,1,NORTH,33.3182,-96.53228,1127405507.0,False
2299,OSM_2299,SPL_2299,138.0,PQ,0.0,0.0,1,1,NORTH,33.642,-96.57281,1127394347.0,False
2300,OSM_2300,SPL_2300,138.0,PQ,0.0,0.0,4,4,WEST,33.94283,-98.49815,1124325457.0,False
2301,OSM_2301,SPL_2301,138.0,PQ,0.0,0.0,4,4,WEST,33.95774,-98.55112,1124325453.0,False
2302,OSM_2302,SPL_2302,138.0,PQ,0.0,0.0,4,4,WEST,33.89697,-98.48459,1123167771.0,False
2303,OSM_2303,SPL_2303,138.0,PQ,0.0,0.0,1,1,NORTH,32.93907,-97.64364,1122955355.0,False
2304,OSM_2304,SPL_2304,138.0,PQ,0.0,0.0,1,1,NORTH,33.02747,-97.87107,1122955354.0,False
2305,OSM_2305,SPL_2305,138.0,PQ,0.0,0.0,1,1,NORTH,33.03318,-97.88166,1122955353.0,False
2306,OSM_2306,SPL_2306,138.0,PQ,0.0,0.0,1,1,NORTH,33.14269,-98.16151,1122955349.0,False
2307,OSM_2307,SPL_2307,345.0,PQ,0.0,0.0,4,4,WEST,33.73219,-99.72614,1122931505.0,False
2308,OSM_2308,SPL_2308,345.0,PQ,0.0,0.0,4,4,WEST,33.9293,-98.83163,1122931096.0,False
2309,OSM_2309,SPL_2309,345.0,PQ,0.0,0.0,4,4,WEST,33.47506,-101.74616,1122906560.0,False
2310,OSM_2310,SPL_2310,345.0,PQ,0.0,0.0,4,4,WEST,33.55667,-101.78481,1122906552.0,False
2311,OSM_2311,SPL_2311,345.0,PQ,0.0,0.0,4,4,WEST,33.89675,-101.81389,1122906548.0,False
2312,OSM_2312,SPL_2312,345.0,PQ,0.0,0.0,4,4,WEST,34.43143,-101.36263,1122906538.0,False
2313,OSM_2313,SPL_2313,345.0,PQ,0.0,0.0,4,4,WEST,35.2542,-101.3625,1122906535.0,False
2314,OSM_2314,SPL_2314,345.0,PQ,0.0,0.0,4,4,WEST,33.24625,-99.42102,1122190087.0,False
2316,OSM_2316,SPL_2316,138.0,PQ,0.0,0.0,1,1,NORTH,32.94871,-97.11809,1119717974.0,False
2317,OSM_2317,SPL_2317,345.0,PQ,0.0,0.0,2,2,HOUSTON,29.39352,-95.73368,1119460626.0,False
2319,OSM_2319,SPL_2319,345.0,PQ,0.0,0.0,2,2,HOUSTON,29.35995,-95.77074,1119460624.0,False
2320,OSM_2320,SPL_2320,345.0,PQ,0.0,0.0,2,2,HOUSTON,29.32762,-95.81388,1119460623.0,False
2321,OSM_2321,SPL_2321,138.0,PQ,0.0,0.0,4,4,WEST,33.22586,-98.53632,1113672592.0,False
2322,OSM_2322,SPL_2322,138.0,PQ,0.0,0.0,4,4,WEST,33.37218,-98.52233,1113672590.0,False
2323,OSM_2323,SPL_2323,138.0,PQ,0.0,0.0,4,4,WEST,33.93884,-98.58272,1112816235.0,False
2324,OSM_2324,SPL_2324,138.0,PQ,0.0,0.0,4,4,WEST,33.86039,-98.58685,1112816229.0,False
2325,OSM_2325,SPL_2325,138.0,PQ,0.0,0.0,4,4,WEST,33.84372,-98.47691,1112598605.0,False
2326,OSM_2326,SPL_2326,138.0,PQ,0.0,0.0,4,4,WEST,33.79574,-98.48337,1112598602.0,False
2327,OSM_2327,SPL_2327,138.0,PQ,0.0,0.0,1,1,NORTH,33.0054,-96.58651,1112562809.0,False
2328,OSM_2328,SPL_2328,138.0,PQ,0.0,0.0,4,4,WEST,33.36298,-98.77684,1112505719.0,False
2329,OSM_2329,SPL_2329,138.0,PQ,0.0,0.0,1,1,NORTH,33.25588,-97.20504,1112493254.0,False
2333,OSM_2333,SPL_2333,138.0,PQ,0.0,0.0,3,3,SOUTH,26.70406,-99.05187,1112286162.0,False
2334,OSM_2334,SPL_2334,138.0,PQ,0.0,0.0,3,3,SOUTH,26.68576,-99.11,1112286153.0,False
2335,OSM_2335,SPL_2335,345.0,PQ,0.0,0.0,4,4,WEST,33.74406,-99.67025,1112112902.0,False
2336,OSM_2336,SPL_2336,345.0,PQ,0.0,0.0,4,4,WEST,33.00776,-100.56064,1111863837.0,False
2337,OSM_2337,SPL_2337,138.0,PQ,0.0,0.0,1,1,NORTH,33.54958,-96.99937,1110902644.0,False
2338,OSM_2338,SPL_2338,138.0,PQ,0.0,0.0,1,1,NORTH,33.63292,-97.00597,1110902642.0,False
2339,OSM_2339,SPL_2339,138.0,PQ,0.0,0.0,1,1,NORTH,33.65091,-96.91462,1110902640.0,False
2340,OSM_2340,SPL_2340,138.0,PQ,0.0,0.0,1,1,NORTH,33.65357,-97.14797,1110902638.0,False
2341,OSM_2341,SPL_2341,345.0,PQ,0.0,0.0,4,4,WEST,32.87323,-100.58296,1110596056.0,False
2342,OSM_2342,SPL_2342,345.0,PQ,0.0,0.0,4,4,WEST,32.88465,-100.58664,1110596038.0,False
2343,OSM_2343,SPL_2343,230.0,PQ,0.0,0.0,4,4,WEST,33.93368,-101.67152,1108378159.0,False
2344,OSM_2344,SPL_2344,138.0,PQ,0.0,0.0,1,1,NORTH,32.94712,-97.38061,1107836423.0,False
2345,OSM_2345,SPL_2345,138.0,PQ,0.0,0.0,1,1,NORTH,33.26462,-96.76809,1107773443.0,False
2346,OSM_2346,SPL_2346,345.0,PQ,0.0,0.0,4,4,WEST,31.24955,-101.15566,1107738928.0,False
2347,OSM_2347,SPL_2347,138.0,PQ,0.0,0.0,4,4,WEST,31.09623,-100.03299,1107612363.0,False
2348,OSM_2348,SPL_2348,345.0,PQ,0.0,0.0,4,4,WEST,34.78657,-102.07304,1106488370.0,False
2349,OSM_2349,SPL_2349,138.0,PQ,0.0,0.0,4,4,WEST,32.38575,-102.94922,1106486301.0,False
2350,OSM_2350,SPL_2350,138.0,PQ,0.0,0.0,1,1,NORTH,33.20152,-97.10159,1105674554.0,False
2351,OSM_2351,SPL_2351,345.0,PQ,0.0,0.0,1,1,NORTH,33.55074,-97.33016,1105404316.0,False
2352,OSM_2352,SPL_2352,345.0,PQ,0.0,0.0,1,1,NORTH,33.46201,-97.29195,1105404314.0,False
2353,OSM_2353,SPL_2353,345.0,PQ,0.0,0.0,3,3,SOUTH,26.37954,-97.80996,1105085777.0,False
2354,OSM_2354,SPL_2354,345.0,PQ,0.0,0.0,4,4,WEST,33.60638,-99.64173,1105075140.0,False
2355,OSM_2355,SPL_2355,345.0,PQ,0.0,0.0,4,4,WEST,33.60366,-99.63605,1105075139.0,False
2356,OSM_2356,SPL_2356,138.0,PQ,0.0,0.0,1,1,NORTH,32.65876,-98.31034,1104531038.0,False
2357,OSM_2357,SPL_2357,345.0,PQ,0.0,0.0,1,1,NORTH,31.54099,-96.94113,1104529829.0,False
2358,OSM_2358,SPL_2358,345.0,PQ,0.0,0.0,1,1,NORTH,31.56755,-96.81257,1104529827.0,False
2359,OSM_2359,SPL_2359,345.0,PQ,0.0,0.0,4,4,WEST,31.06717,-101.94375,1104519148.0,False
2360,OSM_2360,SPL_2360,345.0,PQ,0.0,0.0,3,3,SOUTH,28.62349,-97.93526,1095745281.0,False
2362,OSM_2362,SPL_2362,345.0,PQ,0.0,0.0,3,3,SOUTH,28.57646,-97.95348,1095740610.0,False
2363,OSM_2363,SPL_2363,345.0,PQ,0.0,0.0,3,3,SOUTH,28.19903,-97.4448,1095737661.0,False
2364,OSM_2364,SPL_2364,345.0,PQ,0.0,0.0,3,3,SOUTH,28.21841,-97.55702,1095736961.0,False
2365,OSM_2365,SPL_2365,345.0,PQ,0.0,0.0,3,3,SOUTH,28.00148,-97.71484,1095702915.0,False
2366,OSM_2366,SPL_2366,345.0,PQ,0.0,0.0,3,3,SOUTH,28.00167,-97.71804,1095702914.0,False
2367,OSM_2367,SPL_2367,138.0,PQ,0.0,0.0,1,1,NORTH,33.64406,-95.62671,1095467493.0,False
2368,OSM_2368,SPL_2368,138.0,PQ,0.0,0.0,1,1,NORTH,33.6429,-95.34233,1095466318.0,False
2369,OSM_2369,SPL_2369,138.0,PQ,0.0,0.0,1,1,NORTH,33.64127,-95.38371,1095466317.0,False
2370,OSM_2370,SPL_2370,138.0,PQ,0.0,0.0,1,1,NORTH,33.66597,-95.5061,1095466314.0,False
2371,OSM_2371,SPL_2371,138.0,PQ,0.0,0.0,1,1,NORTH,33.69791,-95.55741,1095466306.0,False
2372,OSM_2372,SPL_2372,345.0,PQ,0.0,0.0,3,3,SOUTH,26.53983,-97.65959,1095440435.0,False
2373,OSM_2373,SPL_2373,345.0,PQ,0.0,0.0,3,3,SOUTH,26.2982,-97.77106,1095434697.0,False
2374,OSM_2374,SPL_2374,345.0,PQ,0.0,0.0,3,3,SOUTH,26.33355,-97.5274,1095433938.0,False
2375,OSM_2375,SPL_2375,345.0,PQ,0.0,0.0,3,3,SOUTH,26.35837,-97.7671,1095261646.0,False
2377,OSM_2377,SPL_2377,138.0,PQ,0.0,0.0,2,2,HOUSTON,29.24372,-95.43126,1092824590.0,False
2378,OSM_2378,SPL_2378,345.0,PQ,0.0,0.0,3,3,SOUTH,28.04435,-97.43834,1089997597.0,False
2379,OSM_2379,SPL_2379,138.0,PQ,0.0,0.0,3,3,SOUTH,27.90369,-97.25864,1089933617.0,False
2380,OSM_2380,SPL_2380,345.0,PQ,0.0,0.0,4,4,WEST,33.5359,-98.3422,1089930504.0,False
2382,OSM_2382,SPL_2382,345.0,PQ,0.0,0.0,3,3,SOUTH,28.12543,-97.7794,1089687516.0,False
2383,OSM_2383,SPL_2383,345.0,PQ,0.0,0.0,4,4,WEST,33.00159,-99.61476,1089582184.0,False
2385,OSM_2385,SPL_2385,345.0,PQ,0.0,0.0,4,4,WEST,32.79216,-99.9217,1089582171.0,False
2387,OSM_2387,SPL_2387,138.0,PQ,0.0,0.0,3,3,SOUTH,30.75223,-97.87864,1087366838.0,False
2389,OSM_2389,SPL_2389,345.0,PQ,0.0,0.0,1,1,NORTH,32.06255,-96.59306,1087366820.0,False
2390,OSM_2390,SPL_2390,345.0,PQ,0.0,0.0,4,4,WEST,30.97561,-102.25675,1087292815.0,False
2391,OSM_2391,SPL_2391,345.0,PQ,0.0,0.0,4,4,WEST,30.98002,-102.22904,1087292809.0,False
2392,OSM_2392,SPL_2392,345.0,PQ,0.0,0.0,4,4,WEST,32.12134,-102.52879,1087292803.0,False
2393,OSM_2393,SPL_2393,138.0,PQ,0.0,0.0,4,4,WEST,31.16981,-103.10922,1087292780.0,False
2395,OSM_2395,SPL_2395,138.0,PQ,0.0,0.0,4,4,WEST,31.11446,-103.25165,1087292776.0,False
2397,OSM_2397,SPL_2397,138.0,PQ,0.0,0.0,1,1,NORTH,33.01432,-97.07528,1084041611.0,False
2398,OSM_2398,SPL_2398,138.0,PQ,0.0,0.0,4,4,WEST,32.77409,-98.90138,1082444091.0,False
2399,OSM_2399,SPL_2399,138.0,PQ,0.0,0.0,1,1,NORTH,32.97057,-97.14272,1080965957.0,False
2400,OSM_2400,SPL_2400,138.0,PQ,0.0,0.0,1,1,NORTH,33.54966,-97.18001,1070460981.0,False
2401,OSM_2401,SPL_2401,138.0,PQ,0.0,0.0,1,1,NORTH,33.40486,-96.0756,1070460974.0,False
2402,OSM_2402,SPL_2402,138.0,PQ,0.0,0.0,1,1,NORTH,33.49497,-96.14561,1070460967.0,False
2403,OSM_2403,SPL_2403,138.0,PQ,0.0,0.0,4,4,WEST,33.86227,-98.58974,1070460933.0,False
2405,OSM_2405,SPL_2405,138.0,PQ,0.0,0.0,1,1,NORTH,33.30559,-96.63311,1062564183.0,False
2406,OSM_2406,SPL_2406,345.0,PQ,0.0,0.0,4,4,WEST,31.04892,-100.62242,1060913813.0,False
2407,OSM_2407,SPL_2407,345.0,PQ,0.0,0.0,4,4,WEST,31.25277,-99.79065,1060913809.0,False
2408,OSM_2408,SPL_2408,345.0,PQ,0.0,0.0,4,4,WEST,31.26065,-99.86895,1060913805.0,False
2409,OSM_2409,SPL_2409,345.0,PQ,0.0,0.0,4,4,WEST,31.44424,-99.8883,1060913802.0,False
2410,OSM_2410,SPL_2410,345.0,PQ,0.0,0.0,4,4,WEST,31.44701,-99.89146,1060913800.0,False
2411,OSM_2411,SPL_2411,345.0,PQ,0.0,0.0,4,4,WEST,31.83196,-100.71882,1060913797.0,False
2412,OSM_2412,SPL_2412,345.0,PQ,0.0,0.0,4,4,WEST,31.7929,-100.57521,1060913794.0,False
2413,OSM_2413,SPL_2413,345.0,PQ,0.0,0.0,4,4,WEST,34.20772,-99.51541,1060364775.0,False
2414,OSM_2414,SPL_2414,345.0,PQ,0.0,0.0,4,4,WEST,33.34419,-99.62455,1060364773.0,False
2415,OSM_2415,SPL_2415,345.0,PQ,0.0,0.0,4,4,WEST,33.37009,-99.59265,1060364771.0,False
2416,OSM_2416,SPL_2416,138.0,PQ,0.0,0.0,4,4,WEST,33.50969,-98.56462,1060364769.0,False
2417,OSM_2417,SPL_2417,138.0,PQ,0.0,0.0,4,4,WEST,33.53888,-98.52146,1060364767.0,False
2418,OSM_2418,SPL_2418,138.0,PQ,0.0,0.0,4,4,WEST,33.5211,-98.67842,1060364764.0,False
2419,OSM_2419,SPL_2419,138.0,PQ,0.0,0.0,3,3,SOUTH,26.28834,-97.49627,1060258409.0,False
2420,OSM_2420,SPL_2420,345.0,PQ,0.0,0.0,3,3,SOUTH,28.85501,-95.88808,1060258403.0,False
2421,OSM_2421,SPL_2421,345.0,PQ,0.0,0.0,3,3,SOUTH,26.94143,-97.64234,1060258402.0,False
2422,OSM_2422,SPL_2422,345.0,PQ,0.0,0.0,3,3,SOUTH,27.59191,-97.64606,1060258400.0,False
2423,OSM_2423,SPL_2423,345.0,PQ,0.0,0.0,3,3,SOUTH,26.64883,-99.03908,1060258398.0,False
2424,OSM_2424,SPL_2424,138.0,PQ,0.0,0.0,3,3,SOUTH,25.91439,-97.51958,1059880963.0,False
2428,OSM_2428,SPL_2428,345.0,PQ,0.0,0.0,4,4,WEST,32.86676,-100.8729,1059099054.0,False
2430,OSM_2430,SPL_2430,345.0,PQ,0.0,0.0,1,1,NORTH,33.46759,-95.37168,1058316820.0,False
2431,OSM_2431,SPL_2431,345.0,PQ,0.0,0.0,4,4,WEST,32.10194,-100.16713,1058313857.0,False
2432,OSM_2432,SPL_2432,138.0,PQ,0.0,0.0,4,4,WEST,31.71863,-102.70492,1058307636.0,False
2433,OSM_2433,SPL_2433,345.0,PQ,0.0,0.0,4,4,WEST,32.28811,-102.84058,1058281178.0,False
2434,OSM_2434,SPL_2434,345.0,PQ,0.0,0.0,4,4,WEST,32.28005,-102.87827,1058281176.0,False
2435,OSM_2435,SPL_2435,345.0,PQ,0.0,0.0,4,4,WEST,32.30235,-102.86154,1058281174.0,False
2436,OSM_2436,SPL_2436,345.0,PQ,0.0,0.0,1,1,NORTH,32.63926,-97.25556,1053891375.0,False
2437,OSM_2437,SPL_2437,345.0,PQ,0.0,0.0,4,4,WEST,33.62874,-101.87723,1021871870.0,False
2438,OSM_2438,SPL_2438,345.0,PQ,0.0,0.0,4,4,WEST,33.30347,-101.60071,1021859379.0,False
2439,OSM_2439,SPL_2439,345.0,PQ,0.0,0.0,4,4,WEST,33.15098,-101.68355,1021855841.0,False
2440,OSM_2440,SPL_2440,345.0,PQ,0.0,0.0,4,4,WEST,33.04046,-101.68562,1021855839.0,False
2441,OSM_2441,SPL_2441,138.0,PQ,0.0,0.0,1,1,NORTH,31.94248,-96.52536,1018394162.0,False
2442,OSM_2442,SPL_2442,138.0,PQ,0.0,0.0,1,1,NORTH,33.00956,-96.0708,1011244940.0,False
2443,OSM_2443,SPL_2443,345.0,PQ,0.0,0.0,1,1,NORTH,33.00277,-96.07688,1011244035.0,False
2444,OSM_2444,SPL_2444,138.0,PQ,0.0,0.0,1,1,NORTH,32.43724,-96.11346,1011139650.0,False
2445,OSM_2445,SPL_2445,138.0,PQ,0.0,0.0,1,1,NORTH,32.47906,-96.0305,1011139648.0,False
2446,OSM_2446,SPL_2446,138.0,PQ,0.0,0.0,1,1,NORTH,32.4724,-95.93729,1011139646.0,False
2447,OSM_2447,SPL_2447,345.0,PQ,0.0,0.0,3,3,SOUTH,26.52369,-98.74557,1010864084.0,False
2448,OSM_2448,SPL_2448,345.0,PQ,0.0,0.0,4,4,WEST,31.77437,-101.55901,1009212700.0,False
2449,OSM_2449,SPL_2449,345.0,PQ,0.0,0.0,4,4,WEST,31.75904,-101.6579,1009212698.0,False
2450,OSM_2450,SPL_2450,345.0,PQ,0.0,0.0,4,4,WEST,31.51656,-100.59883,1009208939.0,False
2451,OSM_2451,SPL_2451,345.0,PQ,0.0,0.0,3,3,SOUTH,31.23544,-99.42198,1009208929.0,False
2452,OSM_2452,SPL_2452,138.0,PQ,0.0,0.0,4,4,WEST,31.86975,-102.57439,1009182713.0,False
2457,OSM_2457,SPL_2457,138.0,PQ,0.0,0.0,4,4,WEST,31.77866,-103.43231,1009150343.0,False
2458,OSM_2458,SPL_2458,138.0,PQ,0.0,0.0,4,4,WEST,31.8178,-103.39455,1009150323.0,False
2459,OSM_2459,SPL_2459,138.0,PQ,0.0,0.0,4,4,WEST,31.77592,-103.10697,1009150319.0,False
2460,OSM_2460,SPL_2460,138.0,PQ,0.0,0.0,4,4,WEST,31.77882,-103.45576,1007582735.0,False
2461,OSM_2461,SPL_2461,138.0,PQ,0.0,0.0,4,4,WEST,31.27571,-103.44651,1007123845.0,False
2462,OSM_2462,SPL_2462,138.0,PQ,0.0,0.0,4,4,WEST,31.24078,-103.44535,1007123840.0,False
2463,OSM_2463,SPL_2463,138.0,PQ,0.0,0.0,4,4,WEST,31.64503,-103.32192,1007121398.0,False
2466,OSM_2466,SPL_2466,138.0,PQ,0.0,0.0,4,4,WEST,31.35606,-103.32844,1006929084.0,False
2468,OSM_2468,SPL_2468,138.0,PQ,0.0,0.0,4,4,WEST,31.4174,-103.1604,1006929077.0,False
2469,OSM_2469,SPL_2469,138.0,PQ,0.0,0.0,4,4,WEST,31.42255,-103.16185,1006929070.0,False
2470,OSM_2470,SPL_2470,138.0,PQ,0.0,0.0,4,4,WEST,31.55393,-103.12949,1006922805.0,False
2471,OSM_2471,SPL_2471,138.0,PQ,0.0,0.0,4,4,WEST,31.53942,-103.18299,1006922799.0,False
2472,OSM_2472,SPL_2472,138.0,PQ,0.0,0.0,4,4,WEST,31.52284,-103.18313,1006922798.0,False
2473,OSM_2473,SPL_2473,138.0,PQ,0.0,0.0,4,4,WEST,31.55653,-103.17978,1006922790.0,False
2475,OSM_2475,SPL_2475,138.0,PQ,0.0,0.0,4,4,WEST,31.2984,-103.10009,1006914156.0,False
2476,OSM_2476,SPL_2476,138.0,PQ,0.0,0.0,4,4,WEST,31.31747,-103.0967,1006914147.0,False
2477,OSM_2477,SPL_2477,138.0,PQ,0.0,0.0,4,4,WEST,31.34323,-103.07629,1006914143.0,False
2478,OSM_2478,SPL_2478,138.0,PQ,0.0,0.0,4,4,WEST,31.35253,-103.06777,1006914142.0,False
2479,OSM_2479,SPL_2479,138.0,PQ,0.0,0.0,4,4,WEST,31.33084,-103.02626,1006914128.0,False
2480,OSM_2480,SPL_2480,138.0,PQ,0.0,0.0,4,4,WEST,31.16757,-103.06614,1006914121.0,False
2481,OSM_2481,SPL_2481,138.0,PQ,0.0,0.0,1,1,NORTH,32.93689,-97.06118,1006861685.0,False
2485,OSM_2485,SPL_2485,138.0,PQ,0.0,0.0,4,4,WEST,31.26913,-103.08865,1006613098.0,False
2486,OSM_2486,SPL_2486,138.0,PQ,0.0,0.0,4,4,WEST,31.27653,-103.11292,1006613097.0,False
2488,OSM_2488,SPL_2488,138.0,PQ,0.0,0.0,4,4,WEST,31.60755,-102.79389,1006561809.0,False
2489,OSM_2489,SPL_2489,138.0,PQ,0.0,0.0,4,4,WEST,31.61752,-102.79222,1006561808.0,False
2490,OSM_2490,SPL_2490,138.0,PQ,0.0,0.0,4,4,WEST,31.64277,-102.69958,1006561802.0,False
2491,OSM_2491,SPL_2491,138.0,PQ,0.0,0.0,4,4,WEST,31.77831,-103.62683,1006404960.0,False
2495,OSM_2495,SPL_2495,138.0,PQ,0.0,0.0,4,4,WEST,31.68276,-103.70069,1006401478.0,False
2496,OSM_2496,SPL_2496,138.0,PQ,0.0,0.0,4,4,WEST,31.90413,-103.71008,1006401463.0,False
2499,OSM_2499,SPL_2499,138.0,PQ,0.0,0.0,4,4,WEST,31.80859,-103.98292,1006280001.0,False
2503,OSM_2503,SPL_2503,138.0,PQ,0.0,0.0,4,4,WEST,31.86259,-103.86322,1006279950.0,False
2504,OSM_2504,SPL_2504,138.0,PQ,0.0,0.0,4,4,WEST,31.86318,-103.85898,1006279949.0,False
2505,OSM_2505,SPL_2505,138.0,PQ,0.0,0.0,4,4,WEST,31.79338,-103.86142,1006279925.0,False
2506,OSM_2506,SPL_2506,345.0,PQ,0.0,0.0,4,4,WEST,31.01366,-102.30982,1006095188.0,False
2507,OSM_2507,SPL_2507,345.0,PQ,0.0,0.0,4,4,WEST,31.03363,-102.47166,1006095181.0,False
2508,OSM_2508,SPL_2508,138.0,PQ,0.0,0.0,1,1,NORTH,32.50316,-97.79761,997127102.0,False
2509,OSM_2509,SPL_2509,138.0,PQ,0.0,0.0,1,1,NORTH,33.07776,-96.09942,995463129.0,False
2510,OSM_2510,SPL_2510,138.0,PQ,0.0,0.0,1,1,NORTH,32.78726,-97.65607,993364695.0,False
2511,OSM_2511,SPL_2511,138.0,PQ,0.0,0.0,1,1,NORTH,33.22741,-97.16176,957693830.0,False
2512,OSM_2512,SPL_2512,138.0,PQ,0.0,0.0,1,1,NORTH,33.19961,-97.10123,919204096.0,False
2513,OSM_2513,SPL_2513,138.0,PQ,0.0,0.0,1,1,NORTH,32.57258,-96.94434,905995277.0,False
2515,OSM_2515,SPL_2515,138.0,PQ,0.0,0.0,1,1,NORTH,32.81936,-96.83366,900152573.0,False
2516,OSM_2516,SPL_2516,138.0,PQ,0.0,0.0,1,1,NORTH,32.53775,-95.86194,888023955.0,False
2518,OSM_2518,SPL_2518,138.0,PQ,0.0,0.0,1,1,NORTH,32.27466,-95.09811,886794017.0,False
2519,OSM_2519,SPL_2519,138.0,PQ,0.0,0.0,1,1,NORTH,32.27866,-95.977,886599251.0,False
2521,OSM_2521,SPL_2521,138.0,PQ,0.0,0.0,1,1,NORTH,32.39797,-97.91856,884310320.0,False
2522,OSM_2522,SPL_2522,138.0,PQ,0.0,0.0,1,1,NORTH,32.37424,-98.35463,884303554.0,False
2523,OSM_2523,SPL_2523,138.0,PQ,0.0,0.0,1,1,NORTH,33.24998,-97.15881,865564875.0,False
2525,OSM_2525,SPL_2525,138.0,PQ,0.0,0.0,4,4,WEST,31.97604,-103.54431,849925851.0,False
2527,OSM_2527,SPL_2527,138.0,PQ,0.0,0.0,4,4,WEST,31.80242,-103.24006,844424129.0,False
2531,OSM_2531,SPL_2531,138.0,PQ,0.0,0.0,1,1,NORTH,32.4444,-97.06463,844386859.0,False
2534,OSM_2534,SPL_2534,345.0,PQ,0.0,0.0,3,3,SOUTH,30.04343,-96.98308,843236579.0,False
2535,OSM_2535,SPL_2535,138.0,PQ,0.0,0.0,1,1,NORTH,33.23075,-97.07243,836910473.0,False
2536,OSM_2536,SPL_2536,138.0,PQ,0.0,0.0,1,1,NORTH,33.2452,-96.89352,836203180.0,False
2537,OSM_2537,SPL_2537,138.0,PQ,0.0,0.0,1,1,NORTH,33.42765,-96.54351,828415759.0,False
2538,OSM_2538,SPL_2538,138.0,PQ,0.0,0.0,3,3,SOUTH,27.93465,-97.36117,822485842.0,False
2539,OSM_2539,SPL_2539,138.0,PQ,0.0,0.0,3,3,SOUTH,28.34649,-99.67476,822462023.0,False
2540,OSM_2540,SPL_2540,138.0,PQ,0.0,0.0,1,1,NORTH,32.29759,-96.00777,798610658.0,False
2541,OSM_2541,SPL_2541,138.0,PQ,0.0,0.0,3,3,SOUTH,28.48127,-98.15657,797583811.0,False
2542,OSM_2542,SPL_2542,138.0,PQ,0.0,0.0,1,1,NORTH,32.27374,-95.06046,795222687.0,False
2545,OSM_2545,SPL_2545,138.0,PQ,0.0,0.0,1,1,NORTH,31.93823,-96.13464,771501428.0,False
2546,OSM_2546,SPL_2546,138.0,PQ,0.0,0.0,1,1,NORTH,32.79916,-98.06572,767306753.0,False
2547,OSM_2547,SPL_2547,138.0,PQ,0.0,0.0,1,1,NORTH,33.01192,-97.23591,766792496.0,False
2548,OSM_2548,SPL_2548,138.0,PQ,0.0,0.0,1,1,NORTH,32.732,-96.98655,763142576.0,False
2549,OSM_2549,SPL_2549,138.0,PQ,0.0,0.0,1,1,NORTH,32.826,-96.86235,760818556.0,False
2550,OSM_2550,SPL_2550,138.0,PQ,0.0,0.0,1,1,NORTH,32.23603,-95.56329,759933771.0,False
2551,OSM_2551,SPL_2551,345.0,PQ,0.0,0.0,3,3,SOUTH,31.25868,-99.5462,759008881.0,False
2552,OSM_2552,SPL_2552,138.0,PQ,0.0,0.0,1,1,NORTH,32.3158,-97.61347,755041264.0,False
2553,OSM_2553,SPL_2553,138.0,PQ,0.0,0.0,1,1,NORTH,32.31382,-97.52336,755041262.0,False
2554,OSM_2554,SPL_2554,138.0,PQ,0.0,0.0,1,1,NORTH,33.02907,-96.35674,754621637.0,False
2555,OSM_2555,SPL_2555,138.0,PQ,0.0,0.0,1,1,NORTH,33.1605,-96.40857,754620179.0,False
2556,OSM_2556,SPL_2556,138.0,PQ,0.0,0.0,1,1,NORTH,33.01281,-97.29465,749979978.0,False
2557,OSM_2557,SPL_2557,138.0,PQ,0.0,0.0,1,1,NORTH,32.80123,-97.31335,749014136.0,False
2558,OSM_2558,SPL_2558,138.0,PQ,0.0,0.0,1,1,NORTH,31.93879,-94.98914,748882246.0,False
2559,OSM_2559,SPL_2559,138.0,PQ,0.0,0.0,1,1,NORTH,31.83293,-94.90062,748882244.0,False
2560,OSM_2560,SPL_2560,138.0,PQ,0.0,0.0,1,1,NORTH,32.18587,-95.216,748880843.0,False
2561,OSM_2561,SPL_2561,138.0,PQ,0.0,0.0,1,1,NORTH,32.99745,-97.06191,741047017.0,False
2562,OSM_2562,SPL_2562,138.0,PQ,0.0,0.0,1,1,NORTH,33.20331,-97.13399,739644232.0,False
2563,OSM_2563,SPL_2563,138.0,PQ,0.0,0.0,1,1,NORTH,33.51784,-96.57607,736989188.0,False
2564,OSM_2564,SPL_2564,138.0,PQ,0.0,0.0,1,1,NORTH,32.8031,-97.90939,735193182.0,False
2565,OSM_2565,SPL_2565,138.0,PQ,0.0,0.0,1,1,NORTH,32.78127,-97.7966,735193181.0,False
2566,OSM_2566,SPL_2566,138.0,PQ,0.0,0.0,1,1,NORTH,33.02575,-97.26655,735129355.0,False
2567,OSM_2567,SPL_2567,138.0,PQ,0.0,0.0,1,1,NORTH,32.99977,-97.36073,735129351.0,False
2568,OSM_2568,SPL_2568,138.0,PQ,0.0,0.0,1,1,NORTH,33.03279,-97.34816,735129349.0,False
2573,OSM_2573,SPL_2573,138.0,PQ,0.0,0.0,1,1,NORTH,32.63195,-96.92664,715526601.0,False
2574,OSM_2574,SPL_2574,138.0,PQ,0.0,0.0,1,1,NORTH,33.00263,-96.99757,714446833.0,False
2575,OSM_2575,SPL_2575,138.0,PQ,0.0,0.0,1,1,NORTH,32.86219,-97.0208,708347317.0,False
2576,OSM_2576,SPL_2576,138.0,PQ,0.0,0.0,3,3,SOUTH,30.56877,-97.06958,704929106.0,False
2577,OSM_2577,SPL_2577,138.0,PQ,0.0,0.0,1,1,NORTH,32.61655,-95.99728,704233029.0,False
2578,OSM_2578,SPL_2578,138.0,PQ,0.0,0.0,1,1,NORTH,32.63024,-95.79326,704233028.0,False
2579,OSM_2579,SPL_2579,138.0,PQ,0.0,0.0,4,4,WEST,33.82896,-98.51954,703477673.0,False
2580,OSM_2580,SPL_2580,138.0,PQ,0.0,0.0,4,4,WEST,33.79046,-98.4848,703477669.0,False
2581,OSM_2581,SPL_2581,138.0,PQ,0.0,0.0,4,4,WEST,33.767,-98.40699,703477664.0,False
2582,OSM_2582,SPL_2582,138.0,PQ,0.0,0.0,1,1,NORTH,32.94994,-96.77136,694572766.0,False
2583,OSM_2583,SPL_2583,138.0,PQ,0.0,0.0,1,1,NORTH,32.8894,-95.21677,692249626.0,False
2584,OSM_2584,SPL_2584,698.0,PQ,0.0,0.0,1,1,NORTH,33.6139,-96.62905,691383409.0,False
2585,OSM_2585,SPL_2585,138.0,PQ,0.0,0.0,1,1,NORTH,33.55669,-96.61152,691383404.0,False
2587,OSM_2587,SPL_2587,138.0,PQ,0.0,0.0,1,1,NORTH,32.26682,-96.00297,687451461.0,False
2588,OSM_2588,SPL_2588,138.0,PQ,0.0,0.0,1,1,NORTH,32.34841,-98.05364,687431012.0,False
2589,OSM_2589,SPL_2589,138.0,PQ,0.0,0.0,1,1,NORTH,32.9331,-98.14688,687431011.0,False
2590,OSM_2590,SPL_2590,138.0,PQ,0.0,0.0,1,1,NORTH,32.7162,-97.93238,687429203.0,False
2591,OSM_2591,SPL_2591,138.0,PQ,0.0,0.0,1,1,NORTH,32.38792,-97.78599,687429200.0,False
2592,OSM_2592,SPL_2592,138.0,PQ,0.0,0.0,1,1,NORTH,32.41271,-97.86908,687429194.0,False
2593,OSM_2593,SPL_2593,138.0,PQ,0.0,0.0,1,1,NORTH,32.41013,-97.87087,687429193.0,False
2594,OSM_2594,SPL_2594,138.0,PQ,0.0,0.0,1,1,NORTH,32.60266,-97.8694,687429177.0,False
2597,OSM_2597,SPL_2597,345.0,PQ,0.0,0.0,4,4,WEST,33.51102,-98.3612,686972909.0,False
2598,OSM_2598,SPL_2598,138.0,PQ,0.0,0.0,4,4,WEST,31.48783,-103.52408,686864757.0,False
2599,OSM_2599,SPL_2599,138.0,PQ,0.0,0.0,4,4,WEST,31.84071,-101.97807,686137453.0,False
2600,OSM_2600,SPL_2600,138.0,PQ,0.0,0.0,4,4,WEST,31.83307,-103.90265,685937336.0,False
2601,OSM_2601,SPL_2601,138.0,PQ,0.0,0.0,1,1,NORTH,32.33457,-97.67318,685936476.0,False
2602,OSM_2602,SPL_2602,138.0,PQ,0.0,0.0,1,1,NORTH,32.49915,-97.55622,685745370.0,False
2603,OSM_2603,SPL_2603,138.0,PQ,0.0,0.0,1,1,NORTH,32.52206,-96.3738,682519860.0,False
2604,OSM_2604,SPL_2604,138.0,PQ,0.0,0.0,1,1,NORTH,32.59404,-96.49376,682519859.0,False
2605,OSM_2605,SPL_2605,138.0,PQ,0.0,0.0,1,1,NORTH,32.59676,-96.48834,682519858.0,False
2607,OSM_2607,SPL_2607,138.0,PQ,0.0,0.0,1,1,NORTH,32.79295,-97.2851,672525153.0,False
2608,OSM_2608,SPL_2608,138.0,PQ,0.0,0.0,1,1,NORTH,33.07019,-96.77659,672361105.0,False
2609,OSM_2609,SPL_2609,138.0,PQ,0.0,0.0,1,1,NORTH,32.98337,-96.65856,671637258.0,False
2610,OSM_2610,SPL_2610,138.0,PQ,0.0,0.0,1,1,NORTH,32.86687,-97.23878,670762696.0,False
2611,OSM_2611,SPL_2611,138.0,PQ,0.0,0.0,1,1,NORTH,32.81098,-97.15857,670564609.0,False
2612,OSM_2612,SPL_2612,138.0,PQ,0.0,0.0,1,1,NORTH,33.00522,-96.61398,667301641.0,False
2613,OSM_2613,SPL_2613,345.0,PQ,0.0,0.0,1,1,NORTH,32.68002,-97.08356,667275716.0,False
2614,OSM_2614,SPL_2614,138.0,PQ,0.0,0.0,1,1,NORTH,32.97384,-97.01221,667048849.0,False
2615,OSM_2615,SPL_2615,345.0,PQ,0.0,0.0,1,1,NORTH,32.65624,-97.13088,666189417.0,False
2616,OSM_2616,SPL_2616,138.0,PQ,0.0,0.0,1,1,NORTH,33.03091,-97.35054,665898008.0,False
2617,OSM_2617,SPL_2617,138.0,PQ,0.0,0.0,1,1,NORTH,32.79284,-97.22236,665412208.0,False
2618,OSM_2618,SPL_2618,138.0,PQ,0.0,0.0,1,1,NORTH,32.66185,-96.81534,664270035.0,False
2619,OSM_2619,SPL_2619,138.0,PQ,0.0,0.0,1,1,NORTH,32.45594,-97.02919,664032088.0,False
2620,OSM_2620,SPL_2620,138.0,PQ,0.0,0.0,1,1,NORTH,32.29479,-95.25974,663680217.0,False
2621,OSM_2621,SPL_2621,138.0,PQ,0.0,0.0,1,1,NORTH,32.65388,-96.8038,663206942.0,False
2622,OSM_2622,SPL_2622,138.0,PQ,0.0,0.0,4,4,WEST,33.9046,-98.54238,660540980.0,False
2623,OSM_2623,SPL_2623,138.0,PQ,0.0,0.0,4,4,WEST,33.11119,-98.5658,659950774.0,False
2624,OSM_2624,SPL_2624,138.0,PQ,0.0,0.0,1,1,NORTH,31.98457,-97.28448,658333083.0,False
2625,OSM_2625,SPL_2625,138.0,PQ,0.0,0.0,1,1,NORTH,32.82705,-95.97176,658268533.0,False
2626,OSM_2626,SPL_2626,138.0,PQ,0.0,0.0,1,1,NORTH,32.8174,-95.99894,658268528.0,False
2627,OSM_2627,SPL_2627,138.0,PQ,0.0,0.0,1,1,NORTH,32.8504,-96.00751,658268520.0,False
2628,OSM_2628,SPL_2628,138.0,PQ,0.0,0.0,1,1,NORTH,32.76878,-97.53119,657093979.0,False
2629,OSM_2629,SPL_2629,138.0,PQ,0.0,0.0,1,1,NORTH,32.72001,-97.03149,654614070.0,False
2631,OSM_2631,SPL_2631,138.0,PQ,0.0,0.0,1,1,NORTH,32.70279,-96.41667,652087964.0,False
2634,OSM_2634,SPL_2634,138.0,PQ,0.0,0.0,1,1,NORTH,32.76881,-97.12396,651592610.0,False
2635,OSM_2635,SPL_2635,345.0,PQ,0.0,0.0,2,2,HOUSTON,29.85501,-94.9275,650389295.0,False
2636,OSM_2636,SPL_2636,138.0,PQ,0.0,0.0,1,1,NORTH,31.6803,-94.54724,648340316.0,False
2637,OSM_2637,SPL_2637,138.0,PQ,0.0,0.0,1,1,NORTH,31.83559,-94.90276,647578148.0,False
2638,OSM_2638,SPL_2638,138.0,PQ,0.0,0.0,1,1,NORTH,32.84447,-96.99114,646972096.0,False
2639,OSM_2639,SPL_2639,138.0,PQ,0.0,0.0,1,1,NORTH,32.84432,-96.93487,643000275.0,False
2640,OSM_2640,SPL_2640,138.0,PQ,0.0,0.0,1,1,NORTH,32.71518,-97.0479,642744975.0,False
2641,OSM_2641,SPL_2641,138.0,PQ,0.0,0.0,1,1,NORTH,32.83407,-97.02103,642682066.0,False
2642,OSM_2642,SPL_2642,138.0,PQ,0.0,0.0,1,1,NORTH,32.78172,-97.70247,627314176.0,False
2643,OSM_2643,SPL_2643,138.0,PQ,0.0,0.0,1,1,NORTH,32.73441,-97.80129,627307606.0,False
2644,OSM_2644,SPL_2644,138.0,PQ,0.0,0.0,1,1,NORTH,32.73048,-97.87263,627305996.0,False
2645,OSM_2645,SPL_2645,138.0,PQ,0.0,0.0,4,4,WEST,33.1332,-98.55924,625891542.0,False
2646,OSM_2646,SPL_2646,138.0,PQ,0.0,0.0,1,1,NORTH,33.11244,-97.10409,623174269.0,False
2647,OSM_2647,SPL_2647,138.0,PQ,0.0,0.0,1,1,NORTH,32.95861,-95.27945,618429696.0,False
2648,OSM_2648,SPL_2648,138.0,PQ,0.0,0.0,1,1,NORTH,32.93018,-97.28243,614598184.0,False
2649,OSM_2649,SPL_2649,138.0,PQ,0.0,0.0,2,2,HOUSTON,29.72073,-95.07154,613955264.0,False
2650,OSM_2650,SPL_2650,138.0,PQ,0.0,0.0,1,1,NORTH,33.39943,-95.1563,602324725.0,False
2651,OSM_2651,SPL_2651,138.0,PQ,0.0,0.0,1,1,NORTH,31.81747,-94.85102,598500448.0,False
2652,OSM_2652,SPL_2652,138.0,PQ,0.0,0.0,1,1,NORTH,32.96254,-96.74411,598172381.0,False
2654,OSM_2654,SPL_2654,138.0,PQ,0.0,0.0,1,1,NORTH,32.74187,-97.06908,595433463.0,False
2655,OSM_2655,SPL_2655,138.0,PQ,0.0,0.0,1,1,NORTH,32.52433,-95.6701,594804463.0,False
2656,OSM_2656,SPL_2656,138.0,PQ,0.0,0.0,1,1,NORTH,32.11291,-95.14821,591695525.0,False
2657,OSM_2657,SPL_2657,138.0,PQ,0.0,0.0,1,1,NORTH,32.30551,-95.29539,591455079.0,False
2658,OSM_2658,SPL_2658,138.0,PQ,0.0,0.0,1,1,NORTH,32.46381,-95.45606,591165566.0,False
2659,OSM_2659,SPL_2659,138.0,PQ,0.0,0.0,1,1,NORTH,31.96741,-95.09366,589538191.0,False
2660,OSM_2660,SPL_2660,138.0,PQ,0.0,0.0,4,4,WEST,34.00031,-98.55586,588195455.0,False
2661,OSM_2661,SPL_2661,138.0,PQ,0.0,0.0,1,1,NORTH,32.06227,-96.42863,588164541.0,False
2662,OSM_2662,SPL_2662,138.0,PQ,0.0,0.0,2,2,HOUSTON,29.65309,-95.41335,585792970.0,False
2663,OSM_2663,SPL_2663,138.0,PQ,0.0,0.0,2,2,HOUSTON,29.60981,-95.18442,585069360.0,False
2665,OSM_2665,SPL_2665,138.0,PQ,0.0,0.0,2,2,HOUSTON,29.92097,-95.65466,583417872.0,False
2669,OSM_2669,SPL_2669,138.0,PQ,0.0,0.0,4,4,WEST,31.52345,-102.96737,576608785.0,False
2670,OSM_2670,SPL_2670,138.0,PQ,0.0,0.0,2,2,HOUSTON,30.20113,-95.25307,574956176.0,False
2671,OSM_2671,SPL_2671,138.0,PQ,0.0,0.0,4,4,WEST,32.39115,-98.97915,570716969.0,False
2672,OSM_2672,SPL_2672,138.0,PQ,0.0,0.0,1,1,NORTH,33.65524,-95.56861,564425902.0,False
2673,OSM_2673,SPL_2673,138.0,PQ,0.0,0.0,1,1,NORTH,32.80406,-98.09997,564162617.0,False
2674,OSM_2674,SPL_2674,138.0,PQ,0.0,0.0,1,1,NORTH,33.17789,-97.54668,561577219.0,False
2675,OSM_2675,SPL_2675,138.0,PQ,0.0,0.0,1,1,NORTH,33.01269,-96.49998,553361809.0,False
2676,OSM_2676,SPL_2676,138.0,PQ,0.0,0.0,1,1,NORTH,33.15118,-95.5659,550204008.0,False
2677,OSM_2677,SPL_2677,138.0,PQ,0.0,0.0,1,1,NORTH,33.11292,-96.13529,550186234.0,False
2678,OSM_2678,SPL_2678,138.0,PQ,0.0,0.0,1,1,NORTH,32.58585,-96.78166,550174108.0,False
2679,OSM_2679,SPL_2679,138.0,PQ,0.0,0.0,1,1,NORTH,32.60176,-96.82764,550156480.0,False
2680,OSM_2680,SPL_2680,138.0,PQ,0.0,0.0,1,1,NORTH,32.52784,-96.66933,550003541.0,False
2681,OSM_2681,SPL_2681,138.0,PQ,0.0,0.0,1,1,NORTH,32.43585,-96.80142,550002997.0,False
2682,OSM_2682,SPL_2682,138.0,PQ,0.0,0.0,1,1,NORTH,33.02189,-96.7158,543970691.0,False
2683,OSM_2683,SPL_2683,138.0,PQ,0.0,0.0,1,1,NORTH,33.21831,-96.61482,542621769.0,False
2684,OSM_2684,SPL_2684,138.0,PQ,0.0,0.0,1,1,NORTH,32.18494,-96.01505,538117207.0,False
2686,OSM_2686,SPL_2686,138.0,PQ,0.0,0.0,1,1,NORTH,32.23093,-95.83666,535902917.0,False
2687,OSM_2687,SPL_2687,138.0,PQ,0.0,0.0,1,1,NORTH,32.33493,-95.71209,535550671.0,False
2688,OSM_2688,SPL_2688,138.0,PQ,0.0,0.0,1,1,NORTH,32.4425,-96.83583,535135592.0,False
2689,OSM_2689,SPL_2689,138.0,PQ,0.0,0.0,1,1,NORTH,32.33511,-96.05478,533856034.0,False
2690,OSM_2690,SPL_2690,138.0,PQ,0.0,0.0,1,1,NORTH,32.35735,-96.10461,533856032.0,False
2691,OSM_2691,SPL_2691,138.0,PQ,0.0,0.0,1,1,NORTH,32.32296,-96.19776,533178583.0,False
2692,OSM_2692,SPL_2692,138.0,PQ,0.0,0.0,1,1,NORTH,33.22568,-97.09253,524729806.0,False
2693,OSM_2693,SPL_2693,138.0,PQ,0.0,0.0,1,1,NORTH,33.20863,-97.18174,524697125.0,False
2694,OSM_2694,SPL_2694,138.0,PQ,0.0,0.0,2,2,HOUSTON,28.98582,-95.3939,522624305.0,False
2695,OSM_2695,SPL_2695,138.0,PQ,0.0,0.0,2,2,HOUSTON,28.95568,-95.31679,522624207.0,False
2696,OSM_2696,SPL_2696,138.0,PQ,0.0,0.0,2,2,HOUSTON,28.97868,-95.34167,522624206.0,False
2697,OSM_2697,SPL_2697,138.0,PQ,0.0,0.0,2,2,HOUSTON,29.00369,-95.40598,522624047.0,False
2698,OSM_2698,SPL_2698,138.0,PQ,0.0,0.0,2,2,HOUSTON,28.99049,-95.40749,522623910.0,False
2699,OSM_2699,SPL_2699,138.0,PQ,0.0,0.0,4,4,WEST,31.95925,-101.92313,521837721.0,False
2700,OSM_2700,SPL_2700,138.0,PQ,0.0,0.0,1,1,NORTH,33.19931,-97.10906,521418873.0,False
2701,OSM_2701,SPL_2701,138.0,PQ,0.0,0.0,1,1,NORTH,33.00429,-96.68683,518658542.0,False
2702,OSM_2702,SPL_2702,138.0,PQ,0.0,0.0,1,1,NORTH,33.03625,-96.7101,518592656.0,False
2703,OSM_2703,SPL_2703,138.0,PQ,0.0,0.0,1,1,NORTH,33.18906,-96.6374,518432626.0,False
2704,OSM_2704,SPL_2704,138.0,PQ,0.0,0.0,1,1,NORTH,33.209,-96.64979,518402372.0,False
2705,OSM_2705,SPL_2705,138.0,PQ,0.0,0.0,1,1,NORTH,32.7832,-96.65997,517442747.0,False
2706,OSM_2706,SPL_2706,138.0,PQ,0.0,0.0,3,3,SOUTH,28.78406,-95.94393,515869179.0,False
2707,OSM_2707,SPL_2707,138.0,PQ,0.0,0.0,3,3,SOUTH,28.79302,-96.55342,515820346.0,False
2708,OSM_2708,SPL_2708,138.0,PQ,0.0,0.0,1,1,NORTH,32.41995,-96.83592,515727661.0,False
2709,OSM_2709,SPL_2709,138.0,PQ,0.0,0.0,3,3,SOUTH,28.68181,-96.94858,515589354.0,False
2710,OSM_2710,SPL_2710,138.0,PQ,0.0,0.0,3,3,SOUTH,28.68233,-96.95513,515589134.0,False
2711,OSM_2711,SPL_2711,138.0,PQ,0.0,0.0,3,3,SOUTH,28.67558,-96.95855,515589103.0,False
2713,OSM_2713,SPL_2713,138.0,PQ,0.0,0.0,3,3,SOUTH,27.88573,-97.2461,514740599.0,False
2716,OSM_2716,SPL_2716,138.0,PQ,0.0,0.0,1,1,NORTH,31.28374,-96.49965,511461911.0,False
2717,OSM_2717,SPL_2717,138.0,PQ,0.0,0.0,1,1,NORTH,31.04429,-96.68653,510537847.0,False
2718,OSM_2718,SPL_2718,138.0,PQ,0.0,0.0,3,3,SOUTH,30.56665,-97.06667,509640573.0,False
2719,OSM_2719,SPL_2719,345.0,PQ,0.0,0.0,4,4,WEST,34.06053,-101.18781,505843813.0,False
2721,OSM_2721,SPL_2721,138.0,PQ,0.0,0.0,3,3,SOUTH,30.68845,-98.39249,504635029.0,False
2722,OSM_2722,SPL_2722,138.0,PQ,0.0,0.0,1,1,NORTH,32.00146,-96.37582,504308810.0,False
2723,OSM_2723,SPL_2723,138.0,PQ,0.0,0.0,4,4,WEST,31.10873,-101.36638,503607842.0,False
2724,OSM_2724,SPL_2724,138.0,PQ,0.0,0.0,4,4,WEST,31.52341,-103.46136,501745965.0,False
2731,OSM_2731,SPL_2731,345.0,PQ,0.0,0.0,4,4,WEST,35.16674,-100.94016,498236284.0,False
2732,OSM_2732,SPL_2732,138.0,PQ,0.0,0.0,1,1,NORTH,32.69802,-95.8649,491803246.0,False
2734,OSM_2734,SPL_2734,138.0,PQ,0.0,0.0,3,3,SOUTH,27.56883,-97.82081,490190268.0,False
2735,OSM_2735,SPL_2735,138.0,PQ,0.0,0.0,3,3,SOUTH,27.7556,-97.81956,490190255.0,False
2738,OSM_2738,SPL_2738,138.0,PQ,0.0,0.0,3,3,SOUTH,27.81103,-97.59605,488508185.0,False
2739,OSM_2739,SPL_2739,138.0,PQ,0.0,0.0,3,3,SOUTH,27.80791,-97.42023,488508026.0,False
2740,OSM_2740,SPL_2740,138.0,PQ,0.0,0.0,3,3,SOUTH,27.80494,-97.42211,488508024.0,False
2741,OSM_2741,SPL_2741,138.0,PQ,0.0,0.0,3,3,SOUTH,27.83632,-97.49929,488507818.0,False
2742,OSM_2742,SPL_2742,138.0,PQ,0.0,0.0,1,1,NORTH,32.83609,-95.60497,485550069.0,False
2743,OSM_2743,SPL_2743,138.0,PQ,0.0,0.0,4,4,WEST,33.87379,-98.53452,480050256.0,False
2744,OSM_2744,SPL_2744,138.0,PQ,0.0,0.0,4,4,WEST,33.84424,-98.53239,479878928.0,False
2745,OSM_2745,SPL_2745,138.0,PQ,0.0,0.0,1,1,NORTH,33.01215,-96.66596,479746295.0,False
2746,OSM_2746,SPL_2746,138.0,PQ,0.0,0.0,1,1,NORTH,33.69385,-95.55566,478412024.0,False
2748,OSM_2748,SPL_2748,138.0,PQ,0.0,0.0,1,1,NORTH,32.54492,-96.17712,473663546.0,False
2750,OSM_2750,SPL_2750,138.0,PQ,0.0,0.0,1,1,NORTH,32.75173,-96.74748,473449207.0,False
2751,OSM_2751,SPL_2751,138.0,PQ,0.0,0.0,1,1,NORTH,32.70099,-96.83969,473441362.0,False
2752,OSM_2752,SPL_2752,138.0,PQ,0.0,0.0,1,1,NORTH,32.69931,-96.85834,473441359.0,False
2754,OSM_2754,SPL_2754,138.0,PQ,0.0,0.0,1,1,NORTH,32.84682,-95.75851,469581398.0,False
2755,OSM_2755,SPL_2755,138.0,PQ,0.0,0.0,1,1,NORTH,32.89954,-96.77017,469146854.0,False
2756,OSM_2756,SPL_2756,138.0,PQ,0.0,0.0,1,1,NORTH,32.8974,-96.79407,469146853.0,False
2759,OSM_2759,SPL_2759,138.0,PQ,0.0,0.0,1,1,NORTH,32.62593,-96.74174,469086785.0,False
2760,OSM_2760,SPL_2760,138.0,PQ,0.0,0.0,1,1,NORTH,32.66772,-96.77178,469086784.0,False
2761,OSM_2761,SPL_2761,138.0,PQ,0.0,0.0,1,1,NORTH,32.88899,-96.7374,468428085.0,False
2762,OSM_2762,SPL_2762,138.0,PQ,0.0,0.0,4,4,WEST,32.77417,-101.00448,467959346.0,False
2763,OSM_2763,SPL_2763,138.0,PQ,0.0,0.0,4,4,WEST,32.74753,-100.95796,467959307.0,False
2765,OSM_2765,SPL_2765,138.0,PQ,0.0,0.0,1,1,NORTH,32.74909,-96.85776,467374691.0,False
2766,OSM_2766,SPL_2766,138.0,PQ,0.0,0.0,1,1,NORTH,32.84419,-96.75213,467294202.0,False
2767,OSM_2767,SPL_2767,138.0,PQ,0.0,0.0,1,1,NORTH,32.70484,-96.76423,466733923.0,False
2768,OSM_2768,SPL_2768,138.0,PQ,0.0,0.0,1,1,NORTH,32.81276,-96.84768,465042532.0,False
2769,OSM_2769,SPL_2769,138.0,PQ,0.0,0.0,1,1,NORTH,31.13085,-97.83079,462426674.0,False
2770,OSM_2770,SPL_2770,138.0,PQ,0.0,0.0,1,1,NORTH,33.56267,-96.19934,460785062.0,False
2771,OSM_2771,SPL_2771,138.0,PQ,0.0,0.0,1,1,NORTH,33.58495,-96.21511,460785061.0,False
2772,OSM_2772,SPL_2772,138.0,PQ,0.0,0.0,1,1,NORTH,33.58874,-96.2358,460785059.0,False
2773,OSM_2773,SPL_2773,138.0,PQ,0.0,0.0,1,1,NORTH,33.62959,-96.41955,460785057.0,False
2778,OSM_2778,SPL_2778,138.0,PQ,0.0,0.0,4,4,WEST,32.08654,-101.28112,458134469.0,False
2779,OSM_2779,SPL_2779,138.0,PQ,0.0,0.0,4,4,WEST,32.17945,-102.19118,457948583.0,False
2780,OSM_2780,SPL_2780,138.0,PQ,0.0,0.0,4,4,WEST,32.02504,-101.27883,456417841.0,False
2781,OSM_2781,SPL_2781,138.0,PQ,0.0,0.0,1,1,NORTH,32.86828,-95.74762,455759181.0,False
2782,OSM_2782,SPL_2782,138.0,PQ,0.0,0.0,1,1,NORTH,32.39238,-97.39293,455340176.0,False
2783,OSM_2783,SPL_2783,138.0,PQ,0.0,0.0,2,2,HOUSTON,29.48069,-95.63046,455133210.0,False
2784,OSM_2784,SPL_2784,138.0,PQ,0.0,0.0,1,1,NORTH,33.0761,-97.45519,454866381.0,False
2786,OSM_2786,SPL_2786,138.0,PQ,0.0,0.0,1,1,NORTH,33.42844,-97.39843,454696193.0,False
2787,OSM_2787,SPL_2787,138.0,PQ,0.0,0.0,1,1,NORTH,33.54691,-97.03634,454696189.0,False
2788,OSM_2788,SPL_2788,138.0,PQ,0.0,0.0,1,1,NORTH,33.36456,-96.72483,454696160.0,False
2789,OSM_2789,SPL_2789,138.0,PQ,0.0,0.0,1,1,NORTH,33.40019,-96.71068,454696151.0,False
2790,OSM_2790,SPL_2790,138.0,PQ,0.0,0.0,1,1,NORTH,33.29037,-96.75715,454696147.0,False
2791,OSM_2791,SPL_2791,138.0,PQ,0.0,0.0,1,1,NORTH,33.02718,-97.00051,454696070.0,False
2792,OSM_2792,SPL_2792,138.0,PQ,0.0,0.0,1,1,NORTH,32.45959,-97.73454,454591258.0,False
2793,OSM_2793,SPL_2793,138.0,PQ,0.0,0.0,3,3,SOUTH,28.68787,-98.48193,452922067.0,False
2794,OSM_2794,SPL_2794,138.0,PQ,0.0,0.0,1,1,NORTH,32.7049,-96.89225,450147978.0,False
2795,OSM_2795,SPL_2795,138.0,PQ,0.0,0.0,1,1,NORTH,32.82979,-96.88332,450109815.0,False
2796,OSM_2796,SPL_2796,138.0,PQ,0.0,0.0,1,1,NORTH,32.76644,-96.80505,449914918.0,False
2797,OSM_2797,SPL_2797,138.0,PQ,0.0,0.0,1,1,NORTH,32.87962,-96.76527,449270233.0,False
2798,OSM_2798,SPL_2798,138.0,PQ,0.0,0.0,1,1,NORTH,32.90006,-96.8987,448568015.0,False
2799,OSM_2799,SPL_2799,138.0,PQ,0.0,0.0,1,1,NORTH,33.57538,-96.60554,444226270.0,False
2800,OSM_2800,SPL_2800,138.0,PQ,0.0,0.0,1,1,NORTH,33.62704,-96.86389,442929247.0,False
2801,OSM_2801,SPL_2801,138.0,PQ,0.0,0.0,1,1,NORTH,33.62882,-96.89954,442786429.0,False
2802,OSM_2802,SPL_2802,138.0,PQ,0.0,0.0,1,1,NORTH,33.60175,-96.45883,440720673.0,False
2803,OSM_2803,SPL_2803,138.0,PQ,0.0,0.0,1,1,NORTH,33.74166,-96.54503,440285219.0,False
2804,OSM_2804,SPL_2804,138.0,PQ,0.0,0.0,1,1,NORTH,33.78643,-96.55854,440284131.0,False
2805,OSM_2805,SPL_2805,138.0,PQ,0.0,0.0,1,1,NORTH,33.70813,-96.42873,440283814.0,False
2806,OSM_2806,SPL_2806,138.0,PQ,0.0,0.0,1,1,NORTH,32.931,-96.89976,427136174.0,False
2808,OSM_2808,SPL_2808,138.0,PQ,0.0,0.0,1,1,NORTH,33.00734,-96.83283,423658362.0,False
2809,OSM_2809,SPL_2809,138.0,PQ,0.0,0.0,1,1,NORTH,33.00884,-96.95816,421836505.0,False
2810,OSM_2810,SPL_2810,138.0,PQ,0.0,0.0,1,1,NORTH,32.72099,-96.8736,421692016.0,False
2811,OSM_2811,SPL_2811,138.0,PQ,0.0,0.0,1,1,NORTH,32.84785,-96.87175,421606106.0,False
2812,OSM_2812,SPL_2812,138.0,PQ,0.0,0.0,1,1,NORTH,32.9044,-96.08572,386887068.0,False
2813,OSM_2813,SPL_2813,138.0,PQ,0.0,0.0,1,1,NORTH,32.81658,-96.15982,386871485.0,False
2814,OSM_2814,SPL_2814,138.0,PQ,0.0,0.0,1,1,NORTH,32.64797,-96.46629,386839422.0,False
2815,OSM_2815,SPL_2815,138.0,PQ,0.0,0.0,1,1,NORTH,32.64248,-96.45245,386839420.0,False
2816,OSM_2816,SPL_2816,138.0,PQ,0.0,0.0,1,1,NORTH,32.66743,-96.39807,386838369.0,False
2817,OSM_2817,SPL_2817,138.0,PQ,0.0,0.0,1,1,NORTH,32.67029,-96.33168,386836604.0,False
2818,OSM_2818,SPL_2818,138.0,PQ,0.0,0.0,1,1,NORTH,32.40416,-96.24141,386836591.0,False
2819,OSM_2819,SPL_2819,138.0,PQ,0.0,0.0,1,1,NORTH,32.85769,-96.92483,384088433.0,False
2822,OSM_2822,SPL_2822,138.0,PQ,0.0,0.0,1,1,NORTH,33.13728,-96.66429,374959969.0,False
2826,OSM_2826,SPL_2826,138.0,PQ,0.0,0.0,1,1,NORTH,33.0643,-97.717,374356574.0,False
2827,OSM_2827,SPL_2827,138.0,PQ,0.0,0.0,1,1,NORTH,33.19695,-97.10485,374065818.0,False
2828,OSM_2828,SPL_2828,138.0,PQ,0.0,0.0,1,1,NORTH,32.52138,-97.14041,374062083.0,False
2830,OSM_2830,SPL_2830,138.0,PQ,0.0,0.0,1,1,NORTH,33.0967,-96.78722,362070191.0,False
2831,OSM_2831,SPL_2831,138.0,PQ,0.0,0.0,1,1,NORTH,32.99834,-96.77952,361215319.0,False
2832,OSM_2832,SPL_2832,138.0,PQ,0.0,0.0,1,1,NORTH,32.37178,-97.27915,353237121.0,False
2833,OSM_2833,SPL_2833,138.0,PQ,0.0,0.0,1,1,NORTH,32.41467,-97.32234,353237072.0,False
2834,OSM_2834,SPL_2834,138.0,PQ,0.0,0.0,1,1,NORTH,32.94173,-97.25606,348206335.0,False
2835,OSM_2835,SPL_2835,138.0,PQ,0.0,0.0,1,1,NORTH,32.96476,-97.26325,348206326.0,False
2837,OSM_2837,SPL_2837,138.0,PQ,0.0,0.0,1,1,NORTH,32.90516,-97.2245,348170416.0,False
2838,OSM_2838,SPL_2838,138.0,PQ,0.0,0.0,1,1,NORTH,33.15854,-97.08854,346938538.0,False
2839,OSM_2839,SPL_2839,138.0,PQ,0.0,0.0,1,1,NORTH,33.13542,-97.12613,346938537.0,False
2840,OSM_2840,SPL_2840,138.0,PQ,0.0,0.0,1,1,NORTH,32.34256,-97.21496,346878504.0,False
2841,OSM_2841,SPL_2841,138.0,PQ,0.0,0.0,1,1,NORTH,31.85652,-96.80023,346832060.0,False
2843,OSM_2843,SPL_2843,138.0,PQ,0.0,0.0,1,1,NORTH,32.83019,-97.26846,345576845.0,False
2844,OSM_2844,SPL_2844,138.0,PQ,0.0,0.0,1,1,NORTH,32.97649,-96.80105,345472992.0,False
2845,OSM_2845,SPL_2845,138.0,PQ,0.0,0.0,1,1,NORTH,32.93325,-96.84736,345472990.0,False
2846,OSM_2846,SPL_2846,138.0,PQ,0.0,0.0,1,1,NORTH,32.93151,-96.82207,345472986.0,False
2847,OSM_2847,SPL_2847,138.0,PQ,0.0,0.0,1,1,NORTH,32.34691,-95.34127,345041930.0,False
2848,OSM_2848,SPL_2848,138.0,PQ,0.0,0.0,4,4,WEST,29.46029,-101.02743,344546760.0,False
2849,OSM_2849,SPL_2849,138.0,PQ,0.0,0.0,3,3,SOUTH,28.93121,-99.0917,344086388.0,False
2850,OSM_2850,SPL_2850,138.0,PQ,0.0,0.0,1,1,NORTH,31.65211,-95.70658,344028189.0,False
2851,OSM_2851,SPL_2851,138.0,PQ,0.0,0.0,1,1,NORTH,31.65543,-95.70999,344028187.0,False
2852,OSM_2852,SPL_2852,138.0,PQ,0.0,0.0,1,1,NORTH,31.74768,-95.83075,344025038.0,False
2853,OSM_2853,SPL_2853,138.0,PQ,0.0,0.0,1,1,NORTH,31.59451,-95.76374,344024179.0,False
2854,OSM_2854,SPL_2854,138.0,PQ,0.0,0.0,1,1,NORTH,31.63293,-95.81388,344024177.0,False
2855,OSM_2855,SPL_2855,138.0,PQ,0.0,0.0,1,1,NORTH,32.73215,-96.25373,343387978.0,False
2856,OSM_2856,SPL_2856,138.0,PQ,0.0,0.0,1,1,NORTH,32.91019,-96.63648,343387972.0,False
2857,OSM_2857,SPL_2857,138.0,PQ,0.0,0.0,1,1,NORTH,33.02287,-96.52554,343235322.0,False
2858,OSM_2858,SPL_2858,138.0,PQ,0.0,0.0,1,1,NORTH,32.72745,-96.70061,343150314.0,False
2859,OSM_2859,SPL_2859,138.0,PQ,0.0,0.0,1,1,NORTH,32.70581,-96.68258,343150313.0,False
2860,OSM_2860,SPL_2860,138.0,PQ,0.0,0.0,1,1,NORTH,33.57426,-96.17507,343001252.0,False
2861,OSM_2861,SPL_2861,138.0,PQ,0.0,0.0,1,1,NORTH,32.80811,-96.83837,342897833.0,False
2862,OSM_2862,SPL_2862,138.0,PQ,0.0,0.0,1,1,NORTH,32.895,-96.99192,342737799.0,False
2863,OSM_2863,SPL_2863,138.0,PQ,0.0,0.0,1,1,NORTH,32.53437,-96.80563,342687363.0,False
2864,OSM_2864,SPL_2864,138.0,PQ,0.0,0.0,1,1,NORTH,32.45778,-96.87739,342687362.0,False
2865,OSM_2865,SPL_2865,138.0,PQ,0.0,0.0,1,1,NORTH,32.49437,-96.74164,342687361.0,False
2866,OSM_2866,SPL_2866,138.0,PQ,0.0,0.0,1,1,NORTH,32.60927,-96.85794,342687354.0,False
2867,OSM_2867,SPL_2867,138.0,PQ,0.0,0.0,1,1,NORTH,32.44463,-96.84607,342687333.0,False
2868,OSM_2868,SPL_2868,138.0,PQ,0.0,0.0,1,1,NORTH,32.45656,-97.0365,342357910.0,False
2869,OSM_2869,SPL_2869,138.0,PQ,0.0,0.0,1,1,NORTH,32.46604,-97.02598,342357909.0,False
2870,OSM_2870,SPL_2870,138.0,PQ,0.0,0.0,1,1,NORTH,32.69055,-97.36382,342357908.0,False
2871,OSM_2871,SPL_2871,138.0,PQ,0.0,0.0,1,1,NORTH,32.75523,-96.87463,341698284.0,False
2872,OSM_2872,SPL_2872,138.0,PQ,0.0,0.0,1,1,NORTH,32.77777,-96.87168,341698280.0,False
2873,OSM_2873,SPL_2873,138.0,PQ,0.0,0.0,1,1,NORTH,32.77416,-96.76546,341694713.0,False
2874,OSM_2874,SPL_2874,138.0,PQ,0.0,0.0,1,1,NORTH,32.97586,-96.84916,341282106.0,False
2875,OSM_2875,SPL_2875,138.0,PQ,0.0,0.0,1,1,NORTH,33.01213,-96.85689,341282104.0,False
2876,OSM_2876,SPL_2876,138.0,PQ,0.0,0.0,1,1,NORTH,32.96246,-96.81944,341282099.0,False
2877,OSM_2877,SPL_2877,138.0,PQ,0.0,0.0,1,1,NORTH,32.95618,-96.84833,341282090.0,False
2878,OSM_2878,SPL_2878,138.0,PQ,0.0,0.0,1,1,NORTH,32.92658,-97.02029,341162122.0,False
2879,OSM_2879,SPL_2879,138.0,PQ,0.0,0.0,3,3,SOUTH,29.8705,-98.19498,341093644.0,False
2880,OSM_2880,SPL_2880,138.0,PQ,0.0,0.0,1,1,NORTH,32.90078,-97.09102,341030397.0,False
2883,OSM_2883,SPL_2883,138.0,PQ,0.0,0.0,1,1,NORTH,32.75866,-97.35782,340991843.0,False
2884,OSM_2884,SPL_2884,138.0,PQ,0.0,0.0,1,1,NORTH,32.81845,-97.06368,340879853.0,False
2885,OSM_2885,SPL_2885,138.0,PQ,0.0,0.0,1,1,NORTH,32.46188,-97.38387,340879848.0,False
2886,OSM_2886,SPL_2886,138.0,PQ,0.0,0.0,1,1,NORTH,32.80569,-97.2232,340879844.0,False
2887,OSM_2887,SPL_2887,138.0,PQ,0.0,0.0,1,1,NORTH,32.49511,-97.42506,340879839.0,False
2888,OSM_2888,SPL_2888,138.0,PQ,0.0,0.0,1,1,NORTH,32.86556,-97.01172,340879792.0,False
2889,OSM_2889,SPL_2889,138.0,PQ,0.0,0.0,1,1,NORTH,32.87004,-97.05945,340879762.0,False
2890,OSM_2890,SPL_2890,138.0,PQ,0.0,0.0,1,1,NORTH,32.81358,-97.38272,340879757.0,False
2891,OSM_2891,SPL_2891,138.0,PQ,0.0,0.0,1,1,NORTH,32.58437,-97.17393,340879737.0,False
2892,OSM_2892,SPL_2892,138.0,PQ,0.0,0.0,1,1,NORTH,32.46398,-97.30549,340879729.0,False
2894,OSM_2894,SPL_2894,138.0,PQ,0.0,0.0,1,1,NORTH,32.846,-97.22651,340879662.0,False
2895,OSM_2895,SPL_2895,138.0,PQ,0.0,0.0,1,1,NORTH,32.85098,-97.1868,340879661.0,False
2896,OSM_2896,SPL_2896,138.0,PQ,0.0,0.0,1,1,NORTH,33.00402,-96.75404,340699622.0,False
2897,OSM_2897,SPL_2897,138.0,PQ,0.0,0.0,1,1,NORTH,32.675,-97.25444,340663534.0,False
2898,OSM_2898,SPL_2898,138.0,PQ,0.0,0.0,1,1,NORTH,32.71367,-97.11568,340641160.0,False
2899,OSM_2899,SPL_2899,138.0,PQ,0.0,0.0,1,1,NORTH,32.77833,-97.06661,340641147.0,False
2900,OSM_2900,SPL_2900,138.0,PQ,0.0,0.0,1,1,NORTH,32.76405,-97.07873,340641135.0,False
2903,OSM_2903,SPL_2903,138.0,PQ,0.0,0.0,1,1,NORTH,32.76449,-96.81864,340631516.0,False
2905,OSM_2905,SPL_2905,138.0,PQ,0.0,0.0,1,1,NORTH,32.82093,-96.73019,340433028.0,False
2906,OSM_2906,SPL_2906,138.0,PQ,0.0,0.0,2,2,HOUSTON,29.72708,-95.15428,340151341.0,False
2907,OSM_2907,SPL_2907,138.0,PQ,0.0,0.0,2,2,HOUSTON,29.83866,-94.92159,339237012.0,False
2912,OSM_2912,SPL_2912,138.0,PQ,0.0,0.0,2,2,HOUSTON,29.72909,-95.15037,338519270.0,False
2913,OSM_2913,SPL_2913,138.0,PQ,0.0,0.0,2,2,HOUSTON,29.82028,-95.12616,336837163.0,False
2915,OSM_2915,SPL_2915,138.0,PQ,0.0,0.0,1,1,NORTH,32.95926,-96.869,321513669.0,False
2916,OSM_2916,SPL_2916,138.0,PQ,0.0,0.0,1,1,NORTH,33.15535,-96.65528,312174904.0,False
2917,OSM_2917,SPL_2917,138.0,PQ,0.0,0.0,1,1,NORTH,33.14833,-96.67514,312154550.0,False
2918,OSM_2918,SPL_2918,138.0,PQ,0.0,0.0,1,1,NORTH,33.1331,-97.10464,293244449.0,False
2920,OSM_2920,SPL_2920,138.0,PQ,0.0,0.0,1,1,NORTH,32.76289,-96.7002,286608807.0,False
2922,OSM_2922,SPL_2922,138.0,PQ,0.0,0.0,1,1,NORTH,32.96211,-95.69413,286266009.0,False
2923,OSM_2923,SPL_2923,138.0,PQ,0.0,0.0,1,1,NORTH,33.01691,-95.65943,286266008.0,False
2924,OSM_2924,SPL_2924,138.0,PQ,0.0,0.0,1,1,NORTH,33.18452,-95.80343,286177046.0,False
2925,OSM_2925,SPL_2925,138.0,PQ,0.0,0.0,1,1,NORTH,32.96292,-96.53206,284514002.0,False
2926,OSM_2926,SPL_2926,138.0,PQ,0.0,0.0,1,1,NORTH,33.06791,-96.45152,283611943.0,False
2927,OSM_2927,SPL_2927,138.0,PQ,0.0,0.0,1,1,NORTH,33.16676,-96.17214,283611938.0,False
2928,OSM_2928,SPL_2928,138.0,PQ,0.0,0.0,1,1,NORTH,33.16922,-96.12573,283611932.0,False
2929,OSM_2929,SPL_2929,138.0,PQ,0.0,0.0,1,1,NORTH,33.3736,-96.06641,283011272.0,False
2930,OSM_2930,SPL_2930,138.0,PQ,0.0,0.0,1,1,NORTH,33.25844,-95.89876,283011263.0,False
2931,OSM_2931,SPL_2931,138.0,PQ,0.0,0.0,1,1,NORTH,33.25504,-95.91232,283011260.0,False
2932,OSM_2932,SPL_2932,138.0,PQ,0.0,0.0,1,1,NORTH,33.23144,-95.90677,276137246.0,False
2933,OSM_2933,SPL_2933,138.0,PQ,0.0,0.0,1,1,NORTH,33.83052,-96.85094,267625272.0,False
2934,OSM_2934,SPL_2934,138.0,PQ,0.0,0.0,4,4,WEST,34.05539,-99.67515,256156161.0,False
2935,OSM_2935,SPL_2935,138.0,PQ,0.0,0.0,1,1,NORTH,33.09827,-96.68061,256028929.0,False
2936,OSM_2936,SPL_2936,138.0,PQ,0.0,0.0,1,1,NORTH,33.63567,-97.14408,228018571.0,False
2937,OSM_2937,SPL_2937,138.0,PQ,0.0,0.0,1,1,NORTH,33.627,-97.11454,228018569.0,False
2938,OSM_2938,SPL_2938,138.0,PQ,0.0,0.0,1,1,NORTH,32.91458,-96.7687,221149551.0,False
2940,OSM_2940,SPL_2940,138.0,PQ,0.0,0.0,4,4,WEST,31.44989,-100.42794,192617530.0,False
2944,OSM_2944,SPL_2944,138.0,PQ,0.0,0.0,1,1,NORTH,32.32028,-97.40218,182470337.0,False
2945,OSM_2945,SPL_2945,138.0,PQ,0.0,0.0,1,1,NORTH,33.75892,-96.59193,175541596.0,False
2946,OSM_2946,SPL_2946,138.0,PQ,0.0,0.0,1,1,NORTH,33.67273,-96.61483,175541594.0,False
2947,OSM_2947,SPL_2947,138.0,PQ,0.0,0.0,1,1,NORTH,33.71592,-96.64777,175541589.0,False
2948,OSM_2948,SPL_2948,138.0,PQ,0.0,0.0,1,1,NORTH,33.6146,-96.62641,175541579.0,False
2949,OSM_2949,SPL_2949,138.0,PQ,0.0,0.0,1,1,NORTH,32.81603,-96.97449,174532498.0,False
2950,OSM_2950,SPL_2950,138.0,PQ,0.0,0.0,1,1,NORTH,32.74435,-97.03501,174525954.0,False
2951,OSM_2951,SPL_2951,138.0,PQ,0.0,0.0,1,1,NORTH,32.69059,-97.03492,174525936.0,False
2952,OSM_2952,SPL_2952,138.0,PQ,0.0,0.0,1,1,NORTH,32.75769,-97.03393,174525929.0,False
2953,OSM_2953,SPL_2953,138.0,PQ,0.0,0.0,1,1,NORTH,32.81531,-96.91555,172433998.0,False
2954,OSM_2954,SPL_2954,138.0,PQ,0.0,0.0,1,1,NORTH,32.88747,-96.93396,172433996.0,False
2955,OSM_2955,SPL_2955,345.0,PQ,0.0,0.0,1,1,NORTH,32.9082,-96.99212,172433995.0,False
2956,OSM_2956,SPL_2956,138.0,PQ,0.0,0.0,1,1,NORTH,32.90785,-96.94331,172433993.0,False
2957,OSM_2957,SPL_2957,138.0,PQ,0.0,0.0,1,1,NORTH,32.92874,-96.97105,172433992.0,False
2958,OSM_2958,SPL_2958,345.0,PQ,0.0,0.0,1,1,NORTH,32.78479,-96.8354,172433991.0,False
2959,OSM_2959,SPL_2959,345.0,PQ,0.0,0.0,1,1,NORTH,32.81531,-96.91856,172433955.0,False
2960,OSM_2960,SPL_2960,138.0,PQ,0.0,0.0,1,1,NORTH,32.64918,-96.95966,172375006.0,False
2961,OSM_2961,SPL_2961,138.0,PQ,0.0,0.0,1,1,NORTH,32.63201,-96.94602,172374996.0,False
2962,OSM_2962,SPL_2962,138.0,PQ,0.0,0.0,1,1,NORTH,32.57481,-96.86924,172374992.0,False
2963,OSM_2963,SPL_2963,345.0,PQ,0.0,0.0,1,1,NORTH,32.55819,-96.84345,172374966.0,False
2964,OSM_2964,SPL_2964,345.0,PQ,0.0,0.0,1,1,NORTH,31.9379,-94.99278,172365913.0,False
2965,OSM_2965,SPL_2965,345.0,PQ,0.0,0.0,1,1,NORTH,32.01489,-94.62416,172364111.0,False
2966,OSM_2966,SPL_2966,345.0,PQ,0.0,0.0,1,1,NORTH,32.0247,-94.6212,172364105.0,False
2967,OSM_2967,SPL_2967,138.0,PQ,0.0,0.0,1,1,NORTH,32.39758,-97.40823,172362138.0,False
2968,OSM_2968,SPL_2968,138.0,PQ,0.0,0.0,1,1,NORTH,32.41136,-97.45562,172362136.0,False
2969,OSM_2969,SPL_2969,345.0,PQ,0.0,0.0,1,1,NORTH,32.27754,-95.2576,172359353.0,False
2970,OSM_2970,SPL_2970,138.0,PQ,0.0,0.0,1,1,NORTH,32.27668,-95.19567,172359352.0,False
2971,OSM_2971,SPL_2971,138.0,PQ,0.0,0.0,1,1,NORTH,32.27969,-95.30743,172359348.0,False
2972,OSM_2972,SPL_2972,138.0,PQ,0.0,0.0,1,1,NORTH,32.44648,-95.57919,172356203.0,False
2973,OSM_2973,SPL_2973,138.0,PQ,0.0,0.0,1,1,NORTH,32.31819,-95.40638,172356198.0,False
2974,OSM_2974,SPL_2974,138.0,PQ,0.0,0.0,1,1,NORTH,32.77745,-96.47576,172312411.0,False
2975,OSM_2975,SPL_2975,138.0,PQ,0.0,0.0,1,1,NORTH,32.90073,-96.3814,172312409.0,False
2976,OSM_2976,SPL_2976,138.0,PQ,0.0,0.0,1,1,NORTH,32.85786,-96.42915,172312407.0,False
2977,OSM_2977,SPL_2977,138.0,PQ,0.0,0.0,1,1,NORTH,33.02549,-96.52767,172300673.0,False
2978,OSM_2978,SPL_2978,138.0,PQ,0.0,0.0,1,1,NORTH,33.02104,-96.52426,172300670.0,False
2979,OSM_2979,SPL_2979,345.0,PQ,0.0,0.0,4,4,WEST,31.83899,-102.32748,172212642.0,False
2980,OSM_2980,SPL_2980,345.0,PQ,0.0,0.0,4,4,WEST,31.87045,-100.83447,172185174.0,False
2981,OSM_2981,SPL_2981,138.0,PQ,0.0,0.0,1,1,NORTH,33.09497,-95.56877,172047299.0,False
2983,OSM_2983,SPL_2983,345.0,PQ,0.0,0.0,1,1,NORTH,32.63685,-97.214,172027711.0,False
2984,OSM_2984,SPL_2984,345.0,PQ,0.0,0.0,1,1,NORTH,32.55109,-97.07759,172027706.0,False
2985,OSM_2985,SPL_2985,138.0,PQ,0.0,0.0,1,1,NORTH,32.65729,-97.02688,172027700.0,False
2986,OSM_2986,SPL_2986,345.0,PQ,0.0,0.0,1,1,NORTH,32.66547,-96.96082,172027675.0,False
2987,OSM_2987,SPL_2987,138.0,PQ,0.0,0.0,1,1,NORTH,33.31481,-97.73026,171941221.0,False
2990,OSM_2990,SPL_2990,345.0,PQ,0.0,0.0,1,1,NORTH,33.63154,-95.58774,171900306.0,False
2991,OSM_2991,SPL_2991,138.0,PQ,0.0,0.0,1,1,NORTH,32.37882,-97.72689,171853242.0,False
2992,OSM_2992,SPL_2992,138.0,PQ,0.0,0.0,4,4,WEST,33.1033,-98.90567,171793193.0,False
2993,OSM_2993,SPL_2993,138.0,PQ,0.0,0.0,1,1,NORTH,33.01339,-96.7794,171722569.0,False
2995,OSM_2995,SPL_2995,345.0,PQ,0.0,0.0,1,1,NORTH,33.06141,-96.80659,171722567.0,False
2996,OSM_2996,SPL_2996,138.0,PQ,0.0,0.0,1,1,NORTH,33.63372,-96.15893,171704787.0,False
2997,OSM_2997,SPL_2997,138.0,PQ,0.0,0.0,1,1,NORTH,33.63261,-95.69837,171704785.0,False
2998,OSM_2998,SPL_2998,138.0,PQ,0.0,0.0,1,1,NORTH,33.63816,-95.59034,171704783.0,False
3000,OSM_3000,SPL_3000,138.0,PQ,0.0,0.0,1,1,NORTH,32.71983,-97.60096,171583253.0,False
3001,OSM_3001,SPL_3001,138.0,PQ,0.0,0.0,1,1,NORTH,33.06376,-97.00953,171479461.0,False
3002,OSM_3002,SPL_3002,138.0,PQ,0.0,0.0,1,1,NORTH,32.89709,-97.3745,171477443.0,False
3003,OSM_3003,SPL_3003,138.0,PQ,0.0,0.0,1,1,NORTH,32.84205,-97.42545,171476958.0,False
3004,OSM_3004,SPL_3004,138.0,PQ,0.0,0.0,1,1,NORTH,33.04436,-98.3394,171451771.0,False
3006,OSM_3006,SPL_3006,138.0,PQ,0.0,0.0,4,4,WEST,33.13469,-98.61117,171410641.0,False
3007,OSM_3007,SPL_3007,138.0,PQ,0.0,0.0,4,4,WEST,33.88691,-98.43151,171410632.0,False
3010,OSM_3010,SPL_3010,138.0,PQ,0.0,0.0,1,1,NORTH,33.31577,-96.594,147569609.0,False
3011,OSM_3011,SPL_3011,345.0,PQ,0.0,0.0,1,1,NORTH,32.71404,-97.0707,147135004.0,False
3012,OSM_3012,SPL_3012,345.0,PQ,0.0,0.0,1,1,NORTH,32.6052,-97.0808,147131475.0,False
3013,OSM_3013,SPL_3013,138.0,PQ,0.0,0.0,1,1,NORTH,32.72925,-96.99371,107415371.0,False
3015,OSM_3015,SPL_3015,138.0,PQ,0.0,0.0,1,1,NORTH,32.70211,-96.82377,104497471.0,False
3016,OSM_3016,SPL_3016,138.0,PQ,0.0,0.0,2,2,HOUSTON,29.82909,-94.92159,52907101.0,False
3018,OSM_3018,SPL_3018,138.0,PQ,0.0,0.0,2,2,HOUSTON,29.70103,-95.07273,51715260.0,False
3019,OSM_3019,SPL_3019,138.0,PQ,0.0,0.0,2,2,HOUSTON,29.695,-95.03964,51445934.0,False
3020,OSM_3020,SPL_3020,138.0,PQ,0.0,0.0,2,2,HOUSTON,29.72055,-95.22677,43705092.0,False
3021,OSM_3021,SPL_3021,138.0,PQ,0.0,0.0,1,1,NORTH,32.66879,-97.38932,43439628.0,False
3023,OSM_3023,SPL_3023,138.0,PQ,0.0,0.0,1,1,NORTH,32.74915,-97.47839,40910567.0,False
3024,OSM_3024,SPL_3024,138.0,PQ,0.0,0.0,1,1,NORTH,32.65807,-97.40288,40811240.0,False
3025,OSM_3025,SPL_3025,138.0,PQ,0.0,0.0,1,1,NORTH,32.67352,-97.41763,40810727.0,False
3026,OSM_3026,SPL_3026,345.0,PQ,0.0,0.0,2,2,HOUSTON,29.77391,-94.90284,39962322.0,False
3027,OSM_3027,SPL_3027,138.0,PQ,0.0,0.0,1,1,NORTH,32.77685,-96.64256,39902809.0,False
3028,OSM_3028,SPL_3028,138.0,PQ,0.0,0.0,1,1,NORTH,32.77556,-96.61847,39902774.0,False
3029,OSM_3029,SPL_3029,345.0,PQ,0.0,0.0,2,2,HOUSTON,29.47425,-95.62287,39610474.0,False
3030,OSM_3030,SPL_3030,138.0,PQ,0.0,0.0,1,1,NORTH,32.73482,-96.7783,32489874.0,False
3031,OSM_3031,SPL_3031,138.0,PQ,0.0,0.0,3,3,SOUTH,29.82273,-98.0036,32041691.0,False
3032,OSM_3032,SPL_3032,138.0,PQ,0.0,0.0,1,1,NORTH,32.72451,-96.9352,29185987.0,False
3034,OSM_3034,SPL_3034,345.0,PQ,0.0,0.0,1,1,NORTH,32.85763,-96.65362,28469952.0,False
3035,OSM_3035,SPL_3035,138.0,PQ,0.0,0.0,1,1,NORTH,32.7282,-97.21651,28267083.0,False
3036,OSM_3036,SPL_3036,345.0,PQ,0.0,0.0,1,1,NORTH,32.81504,-97.025,28174717.0,False
3037,OSM_3037,SPL_3037,345.0,PQ,0.0,0.0,4,4,WEST,31.83399,-102.32611,,True
3038,OSM_3038,SPL_3038,345.0,PQ,0.0,0.0,4,4,WEST,30.97479,-102.26532,,True
3039,OSM_3039,SPL_3039,345.0,PQ,0.0,0.0,3,3,SOUTH,30.25286,-97.49154,,True
3040,OSM_3040,SPL_3040,345.0,PQ,0.0,0.0,3,3,SOUTH,28.82786,-95.85912,,True
3041,OSM_3041,SPL_3041,345.0,PQ,0.0,0.0,1,1,NORTH,30.85433,-96.2553,,True
3042,OSM_3042,SPL_3042,345.0,PQ,0.0,0.0,1,1,NORTH,30.59076,-95.92436,,True
3043,OSM_3043,SPL_3043,345.0,PQ,0.0,0.0,2,2,HOUSTON,30.11788,-95.60172,,True
3044,OSM_3044,SPL_3044,345.0,PQ,0.0,0.0,1,1,NORTH,30.86275,-96.2607,,True
3045,OSM_3045,SPL_3045,345.0,PQ,0.0,0.0,3,3,SOUTH,29.26097,-98.4227,,True
3046,OSM_3046,SPL_3046,345.0,PQ,0.0,0.0,3,3,SOUTH,29.77018,-97.95604,,True
3047,OSM_3047,SPL_3047,345.0,PQ,0.0,0.0,3,3,SOUTH,29.76748,-97.95049,,True
3048,OSM_3048,SPL_3048,345.0,PQ,0.0,0.0,3,3,SOUTH,29.7732,-97.94503,,True
3049,OSM_3049,SPL_3049,345.0,PQ,0.0,0.0,3,3,SOUTH,30.4014,-97.5808,,True
3050,OSM_3050,SPL_3050,345.0,PQ,0.0,0.0,1,1,NORTH,31.46645,-96.9865,,True
3051,OSM_3051,SPL_3051,345.0,PQ,0.0,0.0,3,3,SOUTH,29.77479,-97.94507,,True
3052,OSM_3052,SPL_3052,345.0,PQ,0.0,0.0,3,3,SOUTH,27.95547,-97.50652,,True
3053,OSM_3053,SPL_3053,345.0,PQ,0.0,0.0,3,3,SOUTH,27.02731,-97.58485,,True
3054,OSM_3054,SPL_3054,345.0,PQ,0.0,0.0,3,3,SOUTH,27.06068,-97.65885,,True
3055,OSM_3055,SPL_3055,345.0,PQ,0.0,0.0,3,3,SOUTH,26.1168,-98.07949,,True
3056,OSM_3056,SPL_3056,345.0,PQ,0.0,0.0,3,3,SOUTH,26.42291,-98.62358,,True
3057,OSM_3057,SPL_3057,345.0,PQ,0.0,0.0,2,2,HOUSTON,29.72617,-95.45246,,True
3058,OSM_3058,SPL_3058,345.0,PQ,0.0,0.0,3,3,SOUTH,31.0475,-96.85352,,True
3059,OSM_3059,SPL_3059,345.0,PQ,0.0,0.0,3,3,SOUTH,31.03097,-96.93513,,True
3060,OSM_3060,SPL_3060,345.0,PQ,0.0,0.0,4,4,WEST,32.19499,-100.01843,,True
3061,OSM_3061,SPL_3061,345.0,PQ,0.0,0.0,4,4,WEST,31.76513,-102.45828,,True
3062,OSM_3062,SPL_3062,345.0,PQ,0.0,0.0,4,4,WEST,32.19345,-101.38283,,True
3063,OSM_3063,SPL_3063,345.0,PQ,0.0,0.0,4,4,WEST,35.25851,-101.36375,,True
3064,OSM_3064,SPL_3064,345.0,PQ,0.0,0.0,4,4,WEST,35.36725,-102.04597,,True
3065,OSM_3065,SPL_3065,345.0,PQ,0.0,0.0,4,4,WEST,34.40428,-101.58024,,True
3066,OSM_3066,SPL_3066,345.0,PQ,0.0,0.0,4,4,WEST,35.40069,-101.14369,,True
3067,OSM_3067,SPL_3067,345.0,PQ,0.0,0.0,4,4,WEST,31.8624,-102.22056,,True
3068,OSM_3068,SPL_3068,345.0,PQ,0.0,0.0,4,4,WEST,31.86323,-102.2173,,True
3069,OSM_3069,SPL_3069,345.0,PQ,0.0,0.0,4,4,WEST,31.76594,-102.46369,,True
3070,OSM_3070,SPL_3070,345.0,PQ,0.0,0.0,4,4,WEST,31.7612,-102.46223,,True
3071,OSM_3071,SPL_3071,345.0,PQ,0.0,0.0,4,4,WEST,32.87107,-100.57634,,True
3072,OSM_3072,SPL_3072,345.0,PQ,0.0,0.0,4,4,WEST,34.4043,-101.57269,,True
3073,OSM_3073,SPL_3073,345.0,PQ,0.0,0.0,1,1,NORTH,33.62175,-96.3655,,True
3074,OSM_3074,SPL_3074,345.0,PQ,0.0,0.0,4,4,WEST,33.09723,-99.30859,,True
3075,OSM_3075,SPL_3075,345.0,PQ,0.0,0.0,1,1,NORTH,32.92786,-96.97882,,True
3076,OSM_3076,SPL_3076,345.0,PQ,0.0,0.0,1,1,NORTH,32.81597,-96.90456,,True
3077,OSM_3077,SPL_3077,345.0,PQ,0.0,0.0,1,1,NORTH,32.66698,-96.52489,,True
3078,OSM_3078,SPL_3078,345.0,PQ,0.0,0.0,1,1,NORTH,32.29888,-97.7972,,True
3079,OSM_3079,SPL_3079,345.0,PQ,0.0,0.0,1,1,NORTH,32.38645,-97.68298,,True
3080,OSM_3080,SPL_3080,345.0,PQ,0.0,0.0,1,1,NORTH,32.67204,-96.5263,,True
3081,OSM_3081,SPL_3081,345.0,PQ,0.0,0.0,1,1,NORTH,32.66969,-96.52841,,True
3082,OSM_3082,SPL_3082,345.0,PQ,0.0,0.0,1,1,NORTH,32.64838,-97.54291,,True
3083,OSM_3083,SPL_3083,345.0,PQ,0.0,0.0,1,1,NORTH,31.4026,-96.44202,,True
3084,OSM_3084,SPL_3084,345.0,PQ,0.0,0.0,4,4,WEST,33.12947,-98.60762,,True
3085,OSM_3085,SPL_3085,345.0,PQ,0.0,0.0,1,1,NORTH,32.45548,-97.07512,,True
3086,OSM_3086,SPL_3086,345.0,PQ,0.0,0.0,1,1,NORTH,33.2727,-96.34693,,True
3087,OSM_3087,SPL_3087,345.0,PQ,0.0,0.0,1,1,NORTH,33.61901,-96.37334,,True
3088,OSM_3088,SPL_3088,345.0,PQ,0.0,0.0,1,1,NORTH,33.05508,-94.83739,,True
3089,OSM_3089,SPL_3089,345.0,PQ,0.0,0.0,4,4,WEST,33.11927,-98.61439,,True
3090,OSM_3090,SPL_3090,345.0,PQ,0.0,0.0,4,4,WEST,33.12283,-98.61156,,True
3091,OSM_3091,SPL_3091,345.0,PQ,0.0,0.0,1,1,NORTH,32.90433,-97.42481,,True
3092,OSM_3092,SPL_3092,345.0,PQ,0.0,0.0,1,1,NORTH,32.90575,-97.42118,,True
3093,OSM_3093,SPL_3093,345.0,PQ,0.0,0.0,1,1,NORTH,32.95954,-97.30164,,True
3094,OSM_3094,SPL_3094,345.0,PQ,0.0,0.0,1,1,NORTH,32.90598,-97.42669,,True
3095,OSM_3095,SPL_3095,345.0,PQ,0.0,0.0,1,1,NORTH,33.05435,-97.19353,,True
3096,OSM_3096,SPL_3096,345.0,PQ,0.0,0.0,1,1,NORTH,33.05183,-97.19309,,True
3097,OSM_3097,SPL_3097,345.0,PQ,0.0,0.0,1,1,NORTH,33.05403,-97.19059,,True
3098,OSM_3098,SPL_3098,345.0,PQ,0.0,0.0,1,1,NORTH,32.6459,-97.54836,,True
3099,OSM_3099,SPL_3099,345.0,PQ,0.0,0.0,1,1,NORTH,32.39043,-97.67771,,True
3100,OSM_3100,SPL_3100,345.0,PQ,0.0,0.0,1,1,NORTH,32.64516,-97.54368,,True
3101,OSM_3101,SPL_3101,345.0,PQ,0.0,0.0,1,1,NORTH,33.27554,-96.34446,,True
3102,OSM_3102,SPL_3102,345.0,PQ,0.0,0.0,1,1,NORTH,33.22752,-95.31458,,True
3103,OSM_3103,SPL_3103,345.0,PQ,0.0,0.0,1,1,NORTH,33.26931,-96.34394,,True
3104,OSM_3104,SPL_3104,345.0,PQ,0.0,0.0,1,1,NORTH,33.05537,-96.89884,,True
3105,OSM_3105,SPL_3105,345.0,PQ,0.0,0.0,1,1,NORTH,33.05835,-96.77658,,True
3106,OSM_3106,SPL_3106,345.0,PQ,0.0,0.0,1,1,NORTH,33.0607,-96.77323,,True
3107,OSM_3107,SPL_3107,345.0,PQ,0.0,0.0,1,1,NORTH,33.0608,-96.77917,,True
3108,OSM_3108,SPL_3108,345.0,PQ,0.0,0.0,1,1,NORTH,32.39873,-97.48391,,True
3109,OSM_3109,SPL_3109,345.0,PQ,0.0,0.0,1,1,NORTH,32.40304,-97.48219,,True
3111,OSM_3111,SPL_3111,345.0,PQ,0.0,0.0,1,1,NORTH,32.59222,-97.35472,,True
3112,OSM_3112,SPL_3112,345.0,PQ,0.0,0.0,1,1,NORTH,32.59252,-97.35874,,True
3113,OSM_3113,SPL_3113,345.0,PQ,0.0,0.0,1,1,NORTH,32.64068,-97.08701,,True
3114,OSM_3114,SPL_3114,345.0,PQ,0.0,0.0,1,1,NORTH,32.64258,-97.0852,,True
3115,OSM_3115,SPL_3115,345.0,PQ,0.0,0.0,1,1,NORTH,32.63868,-97.08405,,True
3116,OSM_3116,SPL_3116,345.0,PQ,0.0,0.0,1,1,NORTH,32.64207,-97.08273,,True
3117,OSM_3117,SPL_3117,345.0,PQ,0.0,0.0,1,1,NORTH,32.63256,-97.11184,,True
3118,OSM_3118,SPL_3118,345.0,PQ,0.0,0.0,1,1,NORTH,32.18374,-97.06258,,True
3119,OSM_3119,SPL_3119,345.0,PQ,0.0,0.0,1,1,NORTH,32.03529,-94.62643,,True
3120,OSM_3120,SPL_3120,345.0,PQ,0.0,0.0,1,1,NORTH,32.03116,-94.62902,,True
3121,OSM_3121,SPL_3121,345.0,PQ,0.0,0.0,1,1,NORTH,32.03123,-94.62574,,True
3122,OSM_3122,SPL_3122,345.0,PQ,0.0,0.0,1,1,NORTH,32.1263,-96.10563,,True
3123,OSM_3123,SPL_3123,345.0,PQ,0.0,0.0,1,1,NORTH,32.19534,-95.95836,,True
3124,OSM_3124,SPL_3124,345.0,PQ,0.0,0.0,1,1,NORTH,32.79118,-96.91449,,True
3125,OSM_3125,SPL_3125,345.0,PQ,0.0,0.0,1,1,NORTH,31.46817,-96.98477,,True
3126,OSM_3126,SPL_3126,345.0,PQ,0.0,0.0,1,1,NORTH,31.47366,-96.983,,True
3127,OSM_3127,SPL_3127,345.0,PQ,0.0,0.0,1,1,NORTH,31.89191,-97.00553,,True
3128,OSM_3128,SPL_3128,345.0,PQ,0.0,0.0,4,4,WEST,33.17497,-99.58057,,True
3129,OSM_3129,SPL_3129,345.0,PQ,0.0,0.0,1,1,NORTH,31.89603,-96.46517,,True
3130,OSM_3130,SPL_3130,345.0,PQ,0.0,0.0,4,4,WEST,32.34238,-99.05303,,True
3131,OSM_3131,SPL_3131,345.0,PQ,0.0,0.0,4,4,WEST,32.34534,-99.05475,,True
3132,OSM_3132,SPL_3132,345.0,PQ,0.0,0.0,4,4,WEST,32.34073,-99.05443,,True
3134,OSM_3134,SPL_3134,345.0,PQ,0.0,0.0,4,4,WEST,31.25735,-99.84436,,True
3135,OSM_3135,SPL_3135,345.0,PQ,0.0,0.0,4,4,WEST,33.93023,-98.82673,,True
3136,OSM_3136,SPL_3136,345.0,PQ,0.0,0.0,1,1,NORTH,33.42776,-95.33233,,True
3137,OSM_3137,SPL_3137,345.0,PQ,0.0,0.0,1,1,NORTH,33.42204,-95.33283,,True
3138,OSM_3138,SPL_3138,345.0,PQ,0.0,0.0,1,1,NORTH,33.4228,-95.32961,,True
3139,OSM_3139,SPL_3139,345.0,PQ,0.0,0.0,1,1,NORTH,31.90153,-96.46899,,True
3140,OSM_3140,SPL_3140,345.0,PQ,0.0,0.0,4,4,WEST,33.09725,-99.30436,,True
3141,OSM_3141,SPL_3141,345.0,PQ,0.0,0.0,4,4,WEST,33.1771,-99.57878,,True
3142,OSM_3142,SPL_3142,345.0,PQ,0.0,0.0,4,4,WEST,33.17984,-99.58061,,True
3143,OSM_3143,SPL_3143,345.0,PQ,0.0,0.0,4,4,WEST,32.40098,-99.10438,,True
3144,OSM_3144,SPL_3144,345.0,PQ,0.0,0.0,1,1,NORTH,32.18991,-97.06327,,True
3145,OSM_3145,SPL_3145,345.0,PQ,0.0,0.0,1,1,NORTH,33.22748,-95.31135,,True
3146,OSM_3146,SPL_3146,345.0,PQ,0.0,0.0,1,1,NORTH,32.44988,-97.07504,,True
3147,OSM_3147,SPL_3147,345.0,PQ,0.0,0.0,1,1,NORTH,32.45338,-97.07357,,True
3148,OSM_3148,SPL_3148,138.0,PQ,0.0,0.0,4,4,WEST,29.3742,-100.84911,,True
3149,OSM_3149,SPL_3149,138.0,PQ,0.0,0.0,4,4,WEST,31.13561,-102.2012,,True
3150,OSM_3150,SPL_3150,138.0,PQ,0.0,0.0,4,4,WEST,31.25023,-102.35446,,True
3151,OSM_3151,SPL_3151,138.0,PQ,0.0,0.0,3,3,SOUTH,28.63847,-100.21525,,True
3152,OSM_3152,SPL_3152,138.0,PQ,0.0,0.0,3,3,SOUTH,28.72587,-100.47375,,True
3153,OSM_3153,SPL_3153,138.0,PQ,0.0,0.0,3,3,SOUTH,28.83329,-100.54936,,True
3154,OSM_3154,SPL_3154,138.0,PQ,0.0,0.0,3,3,SOUTH,28.69391,-100.39996,,True
3155,OSM_3155,SPL_3155,138.0,PQ,0.0,0.0,4,4,WEST,31.17179,-101.81347,,True
3156,OSM_3156,SPL_3156,138.0,PQ,0.0,0.0,4,4,WEST,30.98054,-100.5459,,True
3157,OSM_3157,SPL_3157,138.0,PQ,0.0,0.0,4,4,WEST,31.39929,-100.49058,,True
3158,OSM_3158,SPL_3158,138.0,PQ,0.0,0.0,4,4,WEST,31.2326,-102.30689,,True
3159,OSM_3159,SPL_3159,138.0,PQ,0.0,0.0,4,4,WEST,31.15041,-102.22061,,True
3160,OSM_3160,SPL_3160,138.0,PQ,0.0,0.0,4,4,WEST,31.13809,-102.20467,,True
3161,OSM_3161,SPL_3161,138.0,PQ,0.0,0.0,4,4,WEST,31.15328,-102.2265,,True
3162,OSM_3162,SPL_3162,138.0,PQ,0.0,0.0,4,4,WEST,30.88283,-102.11859,,True
3163,OSM_3163,SPL_3163,138.0,PQ,0.0,0.0,4,4,WEST,31.09297,-102.36105,,True
3164,OSM_3164,SPL_3164,138.0,PQ,0.0,0.0,4,4,WEST,31.10977,-103.25404,,True
3165,OSM_3165,SPL_3165,138.0,PQ,0.0,0.0,4,4,WEST,30.92581,-102.95426,,True
3166,OSM_3166,SPL_3166,138.0,PQ,0.0,0.0,4,4,WEST,31.0824,-102.3661,,True
3167,OSM_3167,SPL_3167,138.0,PQ,0.0,0.0,4,4,WEST,30.98371,-102.41997,,True
3168,OSM_3168,SPL_3168,138.0,PQ,0.0,0.0,4,4,WEST,31.18482,-101.46143,,True
3169,OSM_3169,SPL_3169,138.0,PQ,0.0,0.0,4,4,WEST,31.11673,-103.2467,,True
3170,OSM_3170,SPL_3170,138.0,PQ,0.0,0.0,4,4,WEST,31.17203,-103.13668,,True
3171,OSM_3171,SPL_3171,138.0,PQ,0.0,0.0,3,3,SOUTH,30.1335,-97.32131,,True
3172,OSM_3172,SPL_3172,138.0,PQ,0.0,0.0,3,3,SOUTH,30.13824,-97.32035,,True
3173,OSM_3173,SPL_3173,138.0,PQ,0.0,0.0,3,3,SOUTH,30.3023,-97.33251,,True
3174,OSM_3174,SPL_3174,138.0,PQ,0.0,0.0,3,3,SOUTH,30.21878,-97.14233,,True
3175,OSM_3175,SPL_3175,138.0,PQ,0.0,0.0,3,3,SOUTH,30.04637,-96.994,,True
3176,OSM_3176,SPL_3176,138.0,PQ,0.0,0.0,3,3,SOUTH,30.11786,-97.29289,,True
3177,OSM_3177,SPL_3177,138.0,PQ,0.0,0.0,3,3,SOUTH,30.14887,-97.30934,,True
3178,OSM_3178,SPL_3178,138.0,PQ,0.0,0.0,3,3,SOUTH,29.60767,-98.43703,,True
3179,OSM_3179,SPL_3179,138.0,PQ,0.0,0.0,3,3,SOUTH,28.94849,-98.48501,,True
3180,OSM_3180,SPL_3180,138.0,PQ,0.0,0.0,3,3,SOUTH,30.57129,-98.29711,,True
3181,OSM_3181,SPL_3181,138.0,PQ,0.0,0.0,3,3,SOUTH,31.07564,-98.19966,,True
3182,OSM_3182,SPL_3182,138.0,PQ,0.0,0.0,3,3,SOUTH,30.57956,-98.33377,,True
3183,OSM_3183,SPL_3183,138.0,PQ,0.0,0.0,3,3,SOUTH,30.00306,-97.665,,True
3184,OSM_3184,SPL_3184,138.0,PQ,0.0,0.0,3,3,SOUTH,29.83908,-97.57316,,True
3185,OSM_3185,SPL_3185,138.0,PQ,0.0,0.0,3,3,SOUTH,29.79278,-98.01528,,True
3186,OSM_3186,SPL_3186,138.0,PQ,0.0,0.0,3,3,SOUTH,29.7892,-98.01476,,True
3187,OSM_3187,SPL_3187,138.0,PQ,0.0,0.0,1,1,NORTH,31.11303,-97.90073,,True
3188,OSM_3188,SPL_3188,138.0,PQ,0.0,0.0,3,3,SOUTH,29.30534,-97.74617,,True
3189,OSM_3189,SPL_3189,138.0,PQ,0.0,0.0,3,3,SOUTH,29.68942,-97.74407,,True
3190,OSM_3190,SPL_3190,138.0,PQ,0.0,0.0,3,3,SOUTH,26.3434,-98.19083,,True
3191,OSM_3191,SPL_3191,138.0,PQ,0.0,0.0,3,3,SOUTH,26.4504,-98.17198,,True
3192,OSM_3192,SPL_3192,138.0,PQ,0.0,0.0,3,3,SOUTH,29.90952,-97.8969,,True
3193,OSM_3193,SPL_3193,138.0,PQ,0.0,0.0,3,3,SOUTH,29.83813,-97.98374,,True
3194,OSM_3194,SPL_3194,138.0,PQ,0.0,0.0,2,2,HOUSTON,30.08652,-95.60573,,True
3195,OSM_3195,SPL_3195,138.0,PQ,0.0,0.0,2,2,HOUSTON,30.02636,-95.57239,,True
3196,OSM_3196,SPL_3196,138.0,PQ,0.0,0.0,3,3,SOUTH,30.00858,-99.01826,,True
3197,OSM_3197,SPL_3197,138.0,PQ,0.0,0.0,3,3,SOUTH,30.08917,-99.20554,,True
3198,OSM_3198,SPL_3198,138.0,PQ,0.0,0.0,3,3,SOUTH,30.00714,-99.02267,,True
3199,OSM_3199,SPL_3199,138.0,PQ,0.0,0.0,3,3,SOUTH,30.06024,-99.13824,,True
3200,OSM_3200,SPL_3200,138.0,PQ,0.0,0.0,3,3,SOUTH,30.01092,-99.02344,,True
3201,OSM_3201,SPL_3201,138.0,PQ,0.0,0.0,3,3,SOUTH,28.44205,-99.7559,,True
3202,OSM_3202,SPL_3202,138.0,PQ,0.0,0.0,3,3,SOUTH,30.56374,-97.39737,,True
3203,OSM_3203,SPL_3203,138.0,PQ,0.0,0.0,3,3,SOUTH,30.66819,-97.66527,,True
3204,OSM_3204,SPL_3204,138.0,PQ,0.0,0.0,3,3,SOUTH,30.56776,-97.39348,,True
3205,OSM_3205,SPL_3205,138.0,PQ,0.0,0.0,3,3,SOUTH,30.54816,-97.70306,,True
3206,OSM_3206,SPL_3206,138.0,PQ,0.0,0.0,3,3,SOUTH,30.41611,-97.35706,,True
3207,OSM_3207,SPL_3207,138.0,PQ,0.0,0.0,3,3,SOUTH,28.88719,-98.11504,,True
3208,OSM_3208,SPL_3208,138.0,PQ,0.0,0.0,3,3,SOUTH,26.14357,-97.6426,,True
3210,OSM_3210,SPL_3210,138.0,PQ,0.0,0.0,3,3,SOUTH,29.92961,-96.66037,,True
3211,OSM_3211,SPL_3211,138.0,PQ,0.0,0.0,3,3,SOUTH,28.90801,-97.62694,,True
3212,OSM_3212,SPL_3212,138.0,PQ,0.0,0.0,1,1,NORTH,30.62243,-95.91037,,True
3213,OSM_3213,SPL_3213,138.0,PQ,0.0,0.0,3,3,SOUTH,28.89311,-97.13302,,True
3214,OSM_3214,SPL_3214,138.0,PQ,0.0,0.0,3,3,SOUTH,27.6764,-99.51794,,True
3215,OSM_3215,SPL_3215,138.0,PQ,0.0,0.0,3,3,SOUTH,28.69919,-98.4733,,True
3216,OSM_3216,SPL_3216,138.0,PQ,0.0,0.0,3,3,SOUTH,29.24907,-98.84424,,True
3217,OSM_3217,SPL_3217,138.0,PQ,0.0,0.0,3,3,SOUTH,29.33319,-99.15037,,True
3218,OSM_3218,SPL_3218,138.0,PQ,0.0,0.0,3,3,SOUTH,27.83154,-97.61118,,True
3219,OSM_3219,SPL_3219,138.0,PQ,0.0,0.0,3,3,SOUTH,27.80076,-97.56402,,True
3220,OSM_3220,SPL_3220,138.0,PQ,0.0,0.0,1,1,NORTH,31.04917,-96.67695,,True
3221,OSM_3221,SPL_3221,138.0,PQ,0.0,0.0,1,1,NORTH,31.12312,-96.27024,,True
3222,OSM_3222,SPL_3222,138.0,PQ,0.0,0.0,3,3,SOUTH,27.96118,-97.39812,,True
3223,OSM_3223,SPL_3223,138.0,PQ,0.0,0.0,3,3,SOUTH,27.89758,-97.36022,,True
3224,OSM_3224,SPL_3224,230.0,PQ,0.0,0.0,2,2,HOUSTON,30.43538,-95.45396,,True
3225,OSM_3225,SPL_3225,138.0,PQ,0.0,0.0,2,2,HOUSTON,30.02147,-95.91879,,True
3226,OSM_3226,SPL_3226,138.0,PQ,0.0,0.0,3,3,SOUTH,30.10398,-96.73705,,True
3227,OSM_3227,SPL_3227,138.0,PQ,0.0,0.0,3,3,SOUTH,27.32904,-99.41867,,True
3228,OSM_3228,SPL_3228,138.0,PQ,0.0,0.0,3,3,SOUTH,27.43707,-98.8339,,True
3229,OSM_3229,SPL_3229,138.0,PQ,0.0,0.0,3,3,SOUTH,28.28738,-99.62678,,True
3230,OSM_3230,SPL_3230,138.0,PQ,0.0,0.0,3,3,SOUTH,27.50213,-99.4088,,True
3231,OSM_3231,SPL_3231,138.0,PQ,0.0,0.0,3,3,SOUTH,29.32143,-96.10654,,True
3232,OSM_3232,SPL_3232,138.0,PQ,0.0,0.0,3,3,SOUTH,27.57052,-99.40975,,True
3233,OSM_3233,SPL_3233,138.0,PQ,0.0,0.0,3,3,SOUTH,29.14477,-98.15873,,True
3234,OSM_3234,SPL_3234,230.0,PQ,0.0,0.0,2,2,HOUSTON,30.43826,-95.51712,,True
3235,OSM_3235,SPL_3235,230.0,PQ,0.0,0.0,2,2,HOUSTON,30.43338,-95.45552,,True
3236,OSM_3236,SPL_3236,230.0,PQ,0.0,0.0,2,2,HOUSTON,30.32763,-95.67895,,True
3237,OSM_3237,SPL_3237,138.0,PQ,0.0,0.0,2,2,HOUSTON,29.52751,-95.60271,,True
3238,OSM_3238,SPL_3238,138.0,PQ,0.0,0.0,2,2,HOUSTON,29.48931,-95.61403,,True
3239,OSM_3239,SPL_3239,138.0,PQ,0.0,0.0,2,2,HOUSTON,29.60225,-95.59035,,True
3240,OSM_3240,SPL_3240,138.0,PQ,0.0,0.0,2,2,HOUSTON,29.71085,-94.95266,,True
3242,OSM_3242,SPL_3242,138.0,PQ,0.0,0.0,2,2,HOUSTON,29.72297,-95.05638,,True
3243,OSM_3243,SPL_3243,138.0,PQ,0.0,0.0,2,2,HOUSTON,29.73931,-95.01934,,True
3244,OSM_3244,SPL_3244,138.0,PQ,0.0,0.0,2,2,HOUSTON,29.75902,-95.09907,,True
3245,OSM_3245,SPL_3245,138.0,PQ,0.0,0.0,2,2,HOUSTON,29.76211,-95.09946,,True
3246,OSM_3246,SPL_3246,138.0,PQ,0.0,0.0,2,2,HOUSTON,29.71655,-95.21984,,True
3247,OSM_3247,SPL_3247,138.0,PQ,0.0,0.0,2,2,HOUSTON,29.68671,-95.03912,,True
3248,OSM_3248,SPL_3248,138.0,PQ,0.0,0.0,2,2,HOUSTON,29.67264,-95.03968,,True
3249,OSM_3249,SPL_3249,138.0,PQ,0.0,0.0,2,2,HOUSTON,29.69273,-95.10311,,True
3250,OSM_3250,SPL_3250,138.0,PQ,0.0,0.0,2,2,HOUSTON,29.75736,-95.14462,,True
3251,OSM_3251,SPL_3251,138.0,PQ,0.0,0.0,2,2,HOUSTON,29.81861,-95.15407,,True
3252,OSM_3252,SPL_3252,138.0,PQ,0.0,0.0,2,2,HOUSTON,29.72114,-95.15425,,True
3253,OSM_3253,SPL_3253,138.0,PQ,0.0,0.0,2,2,HOUSTON,29.71979,-95.17507,,True
3254,OSM_3254,SPL_3254,138.0,PQ,0.0,0.0,2,2,HOUSTON,29.7203,-95.1501,,True
3255,OSM_3255,SPL_3255,138.0,PQ,0.0,0.0,2,2,HOUSTON,29.74726,-95.22896,,True
3256,OSM_3256,SPL_3256,138.0,PQ,0.0,0.0,2,2,HOUSTON,29.70803,-95.22436,,True
3257,OSM_3257,SPL_3257,138.0,PQ,0.0,0.0,2,2,HOUSTON,29.60315,-95.03344,,True
3258,OSM_3258,SPL_3258,138.0,PQ,0.0,0.0,2,2,HOUSTON,29.62773,-95.32864,,True
3259,OSM_3259,SPL_3259,138.0,PQ,0.0,0.0,2,2,HOUSTON,29.59994,-95.23274,,True
3260,OSM_3260,SPL_3260,138.0,PQ,0.0,0.0,2,2,HOUSTON,29.65051,-95.37252,,True
3261,OSM_3261,SPL_3261,138.0,PQ,0.0,0.0,2,2,HOUSTON,29.65201,-95.32761,,True
3262,OSM_3262,SPL_3262,138.0,PQ,0.0,0.0,2,2,HOUSTON,29.89271,-95.02351,,True
3263,OSM_3263,SPL_3263,138.0,PQ,0.0,0.0,2,2,HOUSTON,29.65834,-95.10218,,True
3264,OSM_3264,SPL_3264,138.0,PQ,0.0,0.0,2,2,HOUSTON,29.6537,-95.15168,,True
3265,OSM_3265,SPL_3265,138.0,PQ,0.0,0.0,2,2,HOUSTON,29.76835,-95.07289,,True
3266,OSM_3266,SPL_3266,138.0,PQ,0.0,0.0,2,2,HOUSTON,29.75005,-95.02148,,True
3267,OSM_3267,SPL_3267,138.0,PQ,0.0,0.0,2,2,HOUSTON,29.83102,-94.91028,,True
3268,OSM_3268,SPL_3268,138.0,PQ,0.0,0.0,2,2,HOUSTON,29.90268,-95.15087,,True
3269,OSM_3269,SPL_3269,138.0,PQ,0.0,0.0,2,2,HOUSTON,29.57543,-95.0991,,True
3270,OSM_3270,SPL_3270,138.0,PQ,0.0,0.0,2,2,HOUSTON,29.63468,-95.0944,,True
3271,OSM_3271,SPL_3271,138.0,PQ,0.0,0.0,2,2,HOUSTON,29.63911,-95.05854,,True
3272,OSM_3272,SPL_3272,138.0,PQ,0.0,0.0,2,2,HOUSTON,29.63469,-95.10159,,True
3273,OSM_3273,SPL_3273,138.0,PQ,0.0,0.0,2,2,HOUSTON,29.62828,-95.05807,,True
3274,OSM_3274,SPL_3274,138.0,PQ,0.0,0.0,2,2,HOUSTON,29.48875,-94.99247,,True
3275,OSM_3275,SPL_3275,138.0,PQ,0.0,0.0,2,2,HOUSTON,29.55657,-95.15063,,True
3276,OSM_3276,SPL_3276,138.0,PQ,0.0,0.0,2,2,HOUSTON,29.52741,-95.12216,,True
3277,OSM_3277,SPL_3277,138.0,PQ,0.0,0.0,2,2,HOUSTON,29.52784,-95.1209,,True
3278,OSM_3278,SPL_3278,138.0,PQ,0.0,0.0,2,2,HOUSTON,29.53454,-95.1122,,True
3279,OSM_3279,SPL_3279,138.0,PQ,0.0,0.0,2,2,HOUSTON,29.52588,-95.12051,,True
3280,OSM_3280,SPL_3280,138.0,PQ,0.0,0.0,2,2,HOUSTON,29.67379,-95.71982,,True
3281,OSM_3281,SPL_3281,138.0,PQ,0.0,0.0,3,3,SOUTH,29.52259,-98.38398,,True
3282,OSM_3282,SPL_3282,138.0,PQ,0.0,0.0,3,3,SOUTH,29.45445,-98.39319,,True
3283,OSM_3283,SPL_3283,138.0,PQ,0.0,0.0,3,3,SOUTH,29.47047,-98.39707,,True
3284,OSM_3284,SPL_3284,138.0,PQ,0.0,0.0,3,3,SOUTH,29.47238,-98.39425,,True
3285,OSM_3285,SPL_3285,138.0,PQ,0.0,0.0,1,1,NORTH,30.65009,-96.09566,,True
3286,OSM_3286,SPL_3286,138.0,PQ,0.0,0.0,2,2,HOUSTON,29.70224,-95.82446,,True
3287,OSM_3287,SPL_3287,138.0,PQ,0.0,0.0,3,3,SOUTH,29.88799,-96.27978,,True
3288,OSM_3288,SPL_3288,138.0,PQ,0.0,0.0,3,3,SOUTH,29.41506,-98.66278,,True
3289,OSM_3289,SPL_3289,138.0,PQ,0.0,0.0,3,3,SOUTH,29.46459,-98.66488,,True
3290,OSM_3290,SPL_3290,138.0,PQ,0.0,0.0,3,3,SOUTH,29.44123,-98.66812,,True
3291,OSM_3291,SPL_3291,138.0,PQ,0.0,0.0,3,3,SOUTH,29.41346,-98.66147,,True
3292,OSM_3292,SPL_3292,138.0,PQ,0.0,0.0,3,3,SOUTH,29.41503,-98.71949,,True
3293,OSM_3293,SPL_3293,138.0,PQ,0.0,0.0,3,3,SOUTH,29.41265,-98.50287,,True
3294,OSM_3294,SPL_3294,138.0,PQ,0.0,0.0,3,3,SOUTH,30.12409,-96.32269,,True
3295,OSM_3295,SPL_3295,138.0,PQ,0.0,0.0,3,3,SOUTH,30.14111,-96.32638,,True
3296,OSM_3296,SPL_3296,138.0,PQ,0.0,0.0,3,3,SOUTH,29.52466,-98.56852,,True
3297,OSM_3297,SPL_3297,138.0,PQ,0.0,0.0,2,2,HOUSTON,29.48318,-95.62827,,True
3298,OSM_3298,SPL_3298,138.0,PQ,0.0,0.0,2,2,HOUSTON,29.56336,-95.69452,,True
3299,OSM_3299,SPL_3299,138.0,PQ,0.0,0.0,3,3,SOUTH,29.2825,-96.08376,,True
3300,OSM_3300,SPL_3300,138.0,PQ,0.0,0.0,2,2,HOUSTON,29.51505,-95.12861,,True
3301,OSM_3301,SPL_3301,138.0,PQ,0.0,0.0,2,2,HOUSTON,29.36648,-94.96591,,True
3302,OSM_3302,SPL_3302,138.0,PQ,0.0,0.0,2,2,HOUSTON,29.36581,-94.96655,,True
3303,OSM_3303,SPL_3303,138.0,PQ,0.0,0.0,2,2,HOUSTON,29.28758,-94.86709,,True
3304,OSM_3304,SPL_3304,138.0,PQ,0.0,0.0,1,1,NORTH,30.65422,-96.26921,,True
3305,OSM_3305,SPL_3305,138.0,PQ,0.0,0.0,1,1,NORTH,30.61365,-96.20114,,True
3306,OSM_3306,SPL_3306,138.0,PQ,0.0,0.0,1,1,NORTH,30.7411,-96.34192,,True
3307,OSM_3307,SPL_3307,230.0,PQ,0.0,0.0,2,2,HOUSTON,30.43869,-95.52,,True
3308,OSM_3308,SPL_3308,230.0,PQ,0.0,0.0,2,2,HOUSTON,30.4295,-95.45344,,True
3309,OSM_3309,SPL_3309,138.0,PQ,0.0,0.0,2,2,HOUSTON,30.33906,-95.50901,,True
3310,OSM_3310,SPL_3310,138.0,PQ,0.0,0.0,2,2,HOUSTON,30.43955,-95.52212,,True
3311,OSM_3311,SPL_3311,138.0,PQ,0.0,0.0,1,1,NORTH,30.72864,-96.45233,,True
3312,OSM_3312,SPL_3312,138.0,PQ,0.0,0.0,3,3,SOUTH,29.31102,-98.32581,,True
3315,OSM_3315,SPL_3315,138.0,PQ,0.0,0.0,3,3,SOUTH,29.40723,-98.44354,,True
3316,OSM_3316,SPL_3316,138.0,PQ,0.0,0.0,3,3,SOUTH,29.43093,-98.44289,,True
3317,OSM_3317,SPL_3317,138.0,PQ,0.0,0.0,3,3,SOUTH,30.39652,-97.71329,,True
3318,OSM_3318,SPL_3318,138.0,PQ,0.0,0.0,3,3,SOUTH,30.39875,-97.72822,,True
3319,OSM_3319,SPL_3319,138.0,PQ,0.0,0.0,3,3,SOUTH,29.26189,-98.42525,,True
3320,OSM_3320,SPL_3320,138.0,PQ,0.0,0.0,3,3,SOUTH,29.26332,-98.43019,,True
3321,OSM_3321,SPL_3321,138.0,PQ,0.0,0.0,3,3,SOUTH,29.26067,-98.42747,,True
3322,OSM_3322,SPL_3322,138.0,PQ,0.0,0.0,3,3,SOUTH,30.42957,-97.68838,,True
3323,OSM_3323,SPL_3323,138.0,PQ,0.0,0.0,3,3,SOUTH,30.40743,-97.66045,,True
3324,OSM_3324,SPL_3324,138.0,PQ,0.0,0.0,3,3,SOUTH,30.40136,-97.80048,,True
3325,OSM_3325,SPL_3325,138.0,PQ,0.0,0.0,3,3,SOUTH,30.39672,-97.71492,,True
3326,OSM_3326,SPL_3326,138.0,PQ,0.0,0.0,3,3,SOUTH,29.45188,-98.43278,,True
3327,OSM_3327,SPL_3327,138.0,PQ,0.0,0.0,3,3,SOUTH,29.32542,-98.57618,,True
3328,OSM_3328,SPL_3328,138.0,PQ,0.0,0.0,3,3,SOUTH,29.34739,-98.57475,,True
3329,OSM_3329,SPL_3329,138.0,PQ,0.0,0.0,3,3,SOUTH,29.32086,-98.57228,,True
3330,OSM_3330,SPL_3330,138.0,PQ,0.0,0.0,3,3,SOUTH,29.32247,-98.40687,,True
3331,OSM_3331,SPL_3331,138.0,PQ,0.0,0.0,3,3,SOUTH,29.32328,-98.41055,,True
3333,OSM_3333,SPL_3333,138.0,PQ,0.0,0.0,3,3,SOUTH,29.43271,-98.44593,,True
3334,OSM_3334,SPL_3334,138.0,PQ,0.0,0.0,3,3,SOUTH,29.57845,-98.41047,,True
3335,OSM_3335,SPL_3335,138.0,PQ,0.0,0.0,3,3,SOUTH,29.60891,-98.6415,,True
3336,OSM_3336,SPL_3336,138.0,PQ,0.0,0.0,3,3,SOUTH,29.41308,-98.62538,,True
3337,OSM_3337,SPL_3337,138.0,PQ,0.0,0.0,3,3,SOUTH,29.41035,-98.64321,,True
3338,OSM_3338,SPL_3338,138.0,PQ,0.0,0.0,3,3,SOUTH,29.48002,-98.62828,,True
3339,OSM_3339,SPL_3339,138.0,PQ,0.0,0.0,3,3,SOUTH,29.53173,-98.58085,,True
3340,OSM_3340,SPL_3340,138.0,PQ,0.0,0.0,3,3,SOUTH,29.42131,-98.78314,,True
3341,OSM_3341,SPL_3341,138.0,PQ,0.0,0.0,3,3,SOUTH,29.37997,-98.8145,,True
3342,OSM_3342,SPL_3342,138.0,PQ,0.0,0.0,3,3,SOUTH,29.36927,-98.53894,,True
3343,OSM_3343,SPL_3343,138.0,PQ,0.0,0.0,2,2,HOUSTON,29.68514,-95.40345,,True
3344,OSM_3344,SPL_3344,138.0,PQ,0.0,0.0,3,3,SOUTH,29.44895,-98.32344,,True
3345,OSM_3345,SPL_3345,138.0,PQ,0.0,0.0,2,2,HOUSTON,29.82088,-95.57548,,True
3347,OSM_3347,SPL_3347,138.0,PQ,0.0,0.0,2,2,HOUSTON,29.93832,-95.5262,,True
3348,OSM_3348,SPL_3348,138.0,PQ,0.0,0.0,2,2,HOUSTON,30.00211,-95.55779,,True
3349,OSM_3349,SPL_3349,138.0,PQ,0.0,0.0,2,2,HOUSTON,29.79016,-95.62289,,True
3350,OSM_3350,SPL_3350,138.0,PQ,0.0,0.0,2,2,HOUSTON,29.91419,-95.67256,,True
3351,OSM_3351,SPL_3351,138.0,PQ,0.0,0.0,2,2,HOUSTON,29.9145,-95.65337,,True
3352,OSM_3352,SPL_3352,138.0,PQ,0.0,0.0,2,2,HOUSTON,29.91386,-95.69747,,True
3353,OSM_3353,SPL_3353,138.0,PQ,0.0,0.0,2,2,HOUSTON,30.09273,-95.48694,,True
3355,OSM_3355,SPL_3355,138.0,PQ,0.0,0.0,2,2,HOUSTON,30.06013,-95.51312,,True
3356,OSM_3356,SPL_3356,138.0,PQ,0.0,0.0,2,2,HOUSTON,29.6275,-95.8183,,True
3357,OSM_3357,SPL_3357,138.0,PQ,0.0,0.0,2,2,HOUSTON,30.01569,-95.40151,,True
3358,OSM_3358,SPL_3358,138.0,PQ,0.0,0.0,2,2,HOUSTON,30.01611,-95.33417,,True
3362,OSM_3362,SPL_3362,138.0,PQ,0.0,0.0,2,2,HOUSTON,29.8195,-95.35144,,True
3363,OSM_3363,SPL_3363,138.0,PQ,0.0,0.0,2,2,HOUSTON,29.86545,-95.36398,,True
3364,OSM_3364,SPL_3364,138.0,PQ,0.0,0.0,2,2,HOUSTON,29.81385,-95.43371,,True
3365,OSM_3365,SPL_3365,138.0,PQ,0.0,0.0,2,2,HOUSTON,30.02204,-95.81951,,True
3366,OSM_3366,SPL_3366,138.0,PQ,0.0,0.0,2,2,HOUSTON,30.0176,-95.84627,,True
3367,OSM_3367,SPL_3367,138.0,PQ,0.0,0.0,2,2,HOUSTON,29.72692,-95.4473,,True
3368,OSM_3368,SPL_3368,138.0,PQ,0.0,0.0,2,2,HOUSTON,29.71911,-95.53494,,True
3369,OSM_3369,SPL_3369,138.0,PQ,0.0,0.0,2,2,HOUSTON,29.66711,-95.48255,,True
3370,OSM_3370,SPL_3370,138.0,PQ,0.0,0.0,2,2,HOUSTON,29.71766,-95.57284,,True
3371,OSM_3371,SPL_3371,138.0,PQ,0.0,0.0,2,2,HOUSTON,29.67247,-95.40122,,True
3372,OSM_3372,SPL_3372,138.0,PQ,0.0,0.0,2,2,HOUSTON,29.98389,-95.37076,,True
3373,OSM_3373,SPL_3373,138.0,PQ,0.0,0.0,2,2,HOUSTON,29.96296,-95.37023,,True
3374,OSM_3374,SPL_3374,138.0,PQ,0.0,0.0,2,2,HOUSTON,29.93968,-95.33329,,True
3375,OSM_3375,SPL_3375,138.0,PQ,0.0,0.0,2,2,HOUSTON,29.9126,-95.21863,,True
3376,OSM_3376,SPL_3376,138.0,PQ,0.0,0.0,2,2,HOUSTON,30.00465,-95.05068,,True
3377,OSM_3377,SPL_3377,138.0,PQ,0.0,0.0,2,2,HOUSTON,29.72281,-95.44812,,True
3378,OSM_3378,SPL_3378,138.0,PQ,0.0,0.0,3,3,SOUTH,29.41384,-98.50429,,True
3379,OSM_3379,SPL_3379,138.0,PQ,0.0,0.0,3,3,SOUTH,29.58103,-98.40987,,True
3380,OSM_3380,SPL_3380,138.0,PQ,0.0,0.0,3,3,SOUTH,29.54974,-98.44942,,True
3381,OSM_3381,SPL_3381,230.0,PQ,0.0,0.0,2,2,HOUSTON,30.17132,-95.3153,,True
3382,OSM_3382,SPL_3382,138.0,PQ,0.0,0.0,3,3,SOUTH,29.51551,-98.54809,,True
3383,OSM_3383,SPL_3383,138.0,PQ,0.0,0.0,3,3,SOUTH,29.52904,-98.53443,,True
3384,OSM_3384,SPL_3384,138.0,PQ,0.0,0.0,3,3,SOUTH,29.55167,-98.50356,,True
3385,OSM_3385,SPL_3385,138.0,PQ,0.0,0.0,3,3,SOUTH,30.40771,-97.64994,,True
3386,OSM_3386,SPL_3386,138.0,PQ,0.0,0.0,3,3,SOUTH,30.37257,-97.64535,,True
3387,OSM_3387,SPL_3387,138.0,PQ,0.0,0.0,3,3,SOUTH,30.37688,-97.64341,,True
3388,OSM_3388,SPL_3388,138.0,PQ,0.0,0.0,3,3,SOUTH,30.30678,-97.60395,,True
3389,OSM_3389,SPL_3389,138.0,PQ,0.0,0.0,3,3,SOUTH,29.61783,-98.57214,,True
3390,OSM_3390,SPL_3390,138.0,PQ,0.0,0.0,3,3,SOUTH,29.61773,-98.57319,,True
3391,OSM_3391,SPL_3391,138.0,PQ,0.0,0.0,3,3,SOUTH,29.58123,-98.40544,,True
3392,OSM_3392,SPL_3392,138.0,PQ,0.0,0.0,3,3,SOUTH,29.51436,-98.34546,,True
3393,OSM_3393,SPL_3393,138.0,PQ,0.0,0.0,3,3,SOUTH,29.60212,-98.36638,,True
3394,OSM_3394,SPL_3394,138.0,PQ,0.0,0.0,3,3,SOUTH,30.38993,-97.90757,,True
3395,OSM_3395,SPL_3395,138.0,PQ,0.0,0.0,3,3,SOUTH,29.5115,-98.47497,,True
3396,OSM_3396,SPL_3396,138.0,PQ,0.0,0.0,3,3,SOUTH,29.4883,-98.49107,,True
3397,OSM_3397,SPL_3397,138.0,PQ,0.0,0.0,3,3,SOUTH,29.49282,-98.5224,,True
3399,OSM_3399,SPL_3399,138.0,PQ,0.0,0.0,3,3,SOUTH,29.57102,-98.30909,,True
3400,OSM_3400,SPL_3400,138.0,PQ,0.0,0.0,3,3,SOUTH,31.12804,-97.31899,,True
3401,OSM_3401,SPL_3401,138.0,PQ,0.0,0.0,1,1,NORTH,31.46539,-96.98649,,True
3402,OSM_3402,SPL_3402,138.0,PQ,0.0,0.0,3,3,SOUTH,30.56779,-97.06757,,True
3403,OSM_3403,SPL_3403,138.0,PQ,0.0,0.0,3,3,SOUTH,30.25214,-97.48967,,True
3404,OSM_3404,SPL_3404,138.0,PQ,0.0,0.0,3,3,SOUTH,30.09358,-97.2966,,True
3405,OSM_3405,SPL_3405,138.0,PQ,0.0,0.0,3,3,SOUTH,30.14424,-97.26735,,True
3406,OSM_3406,SPL_3406,138.0,PQ,0.0,0.0,3,3,SOUTH,29.77449,-97.95235,,True
3407,OSM_3407,SPL_3407,138.0,PQ,0.0,0.0,3,3,SOUTH,29.7938,-97.95758,,True
3408,OSM_3408,SPL_3408,138.0,PQ,0.0,0.0,3,3,SOUTH,29.7998,-97.95764,,True
3409,OSM_3409,SPL_3409,138.0,PQ,0.0,0.0,3,3,SOUTH,29.79677,-97.95753,,True
3410,OSM_3410,SPL_3410,138.0,PQ,0.0,0.0,3,3,SOUTH,30.96755,-97.49938,,True
3411,OSM_3411,SPL_3411,138.0,PQ,0.0,0.0,3,3,SOUTH,29.78874,-98.02052,,True
3412,OSM_3412,SPL_3412,138.0,PQ,0.0,0.0,2,2,HOUSTON,29.4874,-95.13779,,True
3413,OSM_3413,SPL_3413,138.0,PQ,0.0,0.0,3,3,SOUTH,29.51203,-98.34559,,True
3414,OSM_3414,SPL_3414,138.0,PQ,0.0,0.0,3,3,SOUTH,29.41505,-98.71637,,True
3415,OSM_3415,SPL_3415,138.0,PQ,0.0,0.0,3,3,SOUTH,29.97976,-98.89765,,True
3416,OSM_3416,SPL_3416,138.0,PQ,0.0,0.0,3,3,SOUTH,27.8148,-97.58433,,True
3417,OSM_3417,SPL_3417,138.0,PQ,0.0,0.0,3,3,SOUTH,27.81414,-97.58196,,True
3418,OSM_3418,SPL_3418,138.0,PQ,0.0,0.0,3,3,SOUTH,27.79885,-97.48579,,True
3419,OSM_3419,SPL_3419,138.0,PQ,0.0,0.0,3,3,SOUTH,26.27722,-97.61445,,True
3420,OSM_3420,SPL_3420,138.0,PQ,0.0,0.0,3,3,SOUTH,30.18468,-97.76555,,True
3421,OSM_3421,SPL_3421,138.0,PQ,0.0,0.0,3,3,SOUTH,25.92692,-97.52033,,True
3422,OSM_3422,SPL_3422,138.0,PQ,0.0,0.0,3,3,SOUTH,25.93362,-97.52026,,True
3423,OSM_3423,SPL_3423,138.0,PQ,0.0,0.0,3,3,SOUTH,29.66305,-98.16566,,True
3424,OSM_3424,SPL_3424,138.0,PQ,0.0,0.0,3,3,SOUTH,29.57838,-98.03236,,True
3425,OSM_3425,SPL_3425,138.0,PQ,0.0,0.0,1,1,NORTH,30.58471,-96.25461,,True
3426,OSM_3426,SPL_3426,138.0,PQ,0.0,0.0,3,3,SOUTH,29.48843,-98.06371,,True
3427,OSM_3427,SPL_3427,138.0,PQ,0.0,0.0,3,3,SOUTH,29.64283,-97.935,,True
3428,OSM_3428,SPL_3428,138.0,PQ,0.0,0.0,3,3,SOUTH,29.73948,-97.94964,,True
3430,OSM_3430,SPL_3430,138.0,PQ,0.0,0.0,3,3,SOUTH,27.85641,-97.60618,,True
3431,OSM_3431,SPL_3431,138.0,PQ,0.0,0.0,1,1,NORTH,30.60879,-95.94559,,True
3432,OSM_3432,SPL_3432,138.0,PQ,0.0,0.0,3,3,SOUTH,30.26498,-97.75113,,True
3433,OSM_3433,SPL_3433,138.0,PQ,0.0,0.0,3,3,SOUTH,30.40072,-97.79447,,True
3434,OSM_3434,SPL_3434,138.0,PQ,0.0,0.0,3,3,SOUTH,30.38431,-97.89709,,True
3435,OSM_3435,SPL_3435,138.0,PQ,0.0,0.0,3,3,SOUTH,30.39617,-97.86175,,True
3436,OSM_3436,SPL_3436,138.0,PQ,0.0,0.0,3,3,SOUTH,30.42784,-98.10995,,True
3437,OSM_3437,SPL_3437,138.0,PQ,0.0,0.0,3,3,SOUTH,30.39314,-97.91239,,True
3438,OSM_3438,SPL_3438,138.0,PQ,0.0,0.0,3,3,SOUTH,30.36908,-97.95855,,True
3439,OSM_3439,SPL_3439,138.0,PQ,0.0,0.0,3,3,SOUTH,30.37913,-97.93945,,True
3440,OSM_3440,SPL_3440,138.0,PQ,0.0,0.0,3,3,SOUTH,30.31068,-97.85448,,True
3441,OSM_3441,SPL_3441,138.0,PQ,0.0,0.0,2,2,HOUSTON,29.64971,-95.44718,,True
3442,OSM_3442,SPL_3442,138.0,PQ,0.0,0.0,2,2,HOUSTON,29.00955,-95.38827,,True
3443,OSM_3443,SPL_3443,138.0,PQ,0.0,0.0,2,2,HOUSTON,28.98635,-95.3677,,True
3444,OSM_3444,SPL_3444,138.0,PQ,0.0,0.0,2,2,HOUSTON,28.96177,-95.39478,,True
3445,OSM_3445,SPL_3445,138.0,PQ,0.0,0.0,2,2,HOUSTON,29.72168,-95.48762,,True
3446,OSM_3446,SPL_3446,138.0,PQ,0.0,0.0,2,2,HOUSTON,29.72201,-95.46186,,True
3447,OSM_3447,SPL_3447,138.0,PQ,0.0,0.0,3,3,SOUTH,27.72904,-97.38477,,True
3448,OSM_3448,SPL_3448,138.0,PQ,0.0,0.0,3,3,SOUTH,27.72618,-97.43338,,True
3449,OSM_3449,SPL_3449,138.0,PQ,0.0,0.0,3,3,SOUTH,27.75604,-97.45423,,True
3450,OSM_3450,SPL_3450,138.0,PQ,0.0,0.0,3,3,SOUTH,27.74981,-97.44,,True
3451,OSM_3451,SPL_3451,138.0,PQ,0.0,0.0,3,3,SOUTH,27.78771,-97.45327,,True
3452,OSM_3452,SPL_3452,138.0,PQ,0.0,0.0,2,2,HOUSTON,29.70352,-95.39928,,True
3453,OSM_3453,SPL_3453,138.0,PQ,0.0,0.0,3,3,SOUTH,29.42332,-98.60898,,True
3454,OSM_3454,SPL_3454,138.0,PQ,0.0,0.0,3,3,SOUTH,29.42686,-98.61163,,True
3455,OSM_3455,SPL_3455,138.0,PQ,0.0,0.0,3,3,SOUTH,30.27742,-97.64991,,True
3456,OSM_3456,SPL_3456,138.0,PQ,0.0,0.0,3,3,SOUTH,30.21414,-97.6164,,True
3457,OSM_3457,SPL_3457,138.0,PQ,0.0,0.0,3,3,SOUTH,29.68783,-98.44226,,True
3458,OSM_3458,SPL_3458,138.0,PQ,0.0,0.0,2,2,HOUSTON,29.60456,-95.56811,,True
3459,OSM_3459,SPL_3459,138.0,PQ,0.0,0.0,3,3,SOUTH,27.68611,-97.36018,,True
3461,OSM_3461,SPL_3461,138.0,PQ,0.0,0.0,2,2,HOUSTON,29.6278,-95.49653,,True
3462,OSM_3462,SPL_3462,138.0,PQ,0.0,0.0,1,1,NORTH,30.591,-96.42155,,True
3463,OSM_3463,SPL_3463,138.0,PQ,0.0,0.0,3,3,SOUTH,31.12182,-97.74293,,True
3464,OSM_3464,SPL_3464,138.0,PQ,0.0,0.0,2,2,HOUSTON,29.59912,-95.32524,,True
3465,OSM_3465,SPL_3465,138.0,PQ,0.0,0.0,2,2,HOUSTON,29.65195,-95.32903,,True
3466,OSM_3466,SPL_3466,138.0,PQ,0.0,0.0,2,2,HOUSTON,29.71339,-95.61971,,True
3467,OSM_3467,SPL_3467,138.0,PQ,0.0,0.0,2,2,HOUSTON,29.6284,-95.40284,,True
3468,OSM_3468,SPL_3468,138.0,PQ,0.0,0.0,3,3,SOUTH,30.26418,-97.66023,,True
3469,OSM_3469,SPL_3469,138.0,PQ,0.0,0.0,3,3,SOUTH,30.23004,-97.68954,,True
3470,OSM_3470,SPL_3470,138.0,PQ,0.0,0.0,2,2,HOUSTON,29.64705,-95.44722,,True
3471,OSM_3471,SPL_3471,138.0,PQ,0.0,0.0,3,3,SOUTH,30.07105,-97.78937,,True
3472,OSM_3472,SPL_3472,138.0,PQ,0.0,0.0,3,3,SOUTH,29.35275,-98.57633,,True
3473,OSM_3473,SPL_3473,138.0,PQ,0.0,0.0,3,3,SOUTH,29.36313,-98.50378,,True
3474,OSM_3474,SPL_3474,138.0,PQ,0.0,0.0,3,3,SOUTH,29.32199,-98.50137,,True
3476,OSM_3476,SPL_3476,138.0,PQ,0.0,0.0,3,3,SOUTH,29.2709,-98.53759,,True
3477,OSM_3477,SPL_3477,138.0,PQ,0.0,0.0,3,3,SOUTH,29.61745,-98.57075,,True
3478,OSM_3478,SPL_3478,138.0,PQ,0.0,0.0,3,3,SOUTH,29.41299,-98.6206,,True
3479,OSM_3479,SPL_3479,138.0,PQ,0.0,0.0,3,3,SOUTH,29.41324,-98.61182,,True
3480,OSM_3480,SPL_3480,138.0,PQ,0.0,0.0,3,3,SOUTH,29.39903,-98.57178,,True
3481,OSM_3481,SPL_3481,138.0,PQ,0.0,0.0,3,3,SOUTH,29.40794,-98.54027,,True
3482,OSM_3482,SPL_3482,138.0,PQ,0.0,0.0,3,3,SOUTH,29.49309,-98.50784,,True
3483,OSM_3483,SPL_3483,138.0,PQ,0.0,0.0,3,3,SOUTH,29.32254,-98.4473,,True
3484,OSM_3484,SPL_3484,138.0,PQ,0.0,0.0,3,3,SOUTH,29.56108,-98.42185,,True
3485,OSM_3485,SPL_3485,138.0,PQ,0.0,0.0,3,3,SOUTH,29.27017,-98.51295,,True
3486,OSM_3486,SPL_3486,138.0,PQ,0.0,0.0,3,3,SOUTH,30.00136,-99.09419,,True
3487,OSM_3487,SPL_3487,138.0,PQ,0.0,0.0,3,3,SOUTH,29.95621,-99.04713,,True
3489,OSM_3489,SPL_3489,138.0,PQ,0.0,0.0,2,2,HOUSTON,29.72068,-95.52041,,True
3491,OSM_3491,SPL_3491,138.0,PQ,0.0,0.0,2,2,HOUSTON,29.72447,-95.45118,,True
3492,OSM_3492,SPL_3492,138.0,PQ,0.0,0.0,3,3,SOUTH,28.79356,-96.94602,,True
3493,OSM_3493,SPL_3493,138.0,PQ,0.0,0.0,3,3,SOUTH,30.33803,-97.75405,,True
3495,OSM_3495,SPL_3495,138.0,PQ,0.0,0.0,2,2,HOUSTON,29.64543,-95.03932,,True
3496,OSM_3496,SPL_3496,138.0,PQ,0.0,0.0,2,2,HOUSTON,29.66376,-95.03983,,True
3497,OSM_3497,SPL_3497,138.0,PQ,0.0,0.0,2,2,HOUSTON,29.624,-95.03708,,True
3498,OSM_3498,SPL_3498,138.0,PQ,0.0,0.0,2,2,HOUSTON,30.00795,-95.09642,,True
3499,OSM_3499,SPL_3499,138.0,PQ,0.0,0.0,2,2,HOUSTON,29.93365,-95.21902,,True
3500,OSM_3500,SPL_3500,138.0,PQ,0.0,0.0,2,2,HOUSTON,30.00169,-95.17387,,True
3502,OSM_3502,SPL_3502,138.0,PQ,0.0,0.0,2,2,HOUSTON,29.9386,-95.43423,,True
3503,OSM_3503,SPL_3503,138.0,PQ,0.0,0.0,2,2,HOUSTON,29.82789,-94.91147,,True
3506,OSM_3506,SPL_3506,138.0,PQ,0.0,0.0,2,2,HOUSTON,29.0517,-95.35295,,True
3507,OSM_3507,SPL_3507,138.0,PQ,0.0,0.0,2,2,HOUSTON,29.72284,-95.36647,,True
3510,OSM_3510,SPL_3510,138.0,PQ,0.0,0.0,2,2,HOUSTON,29.72392,-95.45068,,True
3513,OSM_3513,SPL_3513,138.0,PQ,0.0,0.0,2,2,HOUSTON,29.69822,-95.38358,,True
3514,OSM_3514,SPL_3514,138.0,PQ,0.0,0.0,2,2,HOUSTON,29.93958,-95.36911,,True
3515,OSM_3515,SPL_3515,138.0,PQ,0.0,0.0,2,2,HOUSTON,29.65291,-95.22344,,True
3516,OSM_3516,SPL_3516,138.0,PQ,0.0,0.0,2,2,HOUSTON,29.43793,-95.20224,,True
3518,OSM_3518,SPL_3518,138.0,PQ,0.0,0.0,2,2,HOUSTON,29.66652,-95.53639,,True
3519,OSM_3519,SPL_3519,138.0,PQ,0.0,0.0,2,2,HOUSTON,29.81969,-95.11092,,True
3520,OSM_3520,SPL_3520,138.0,PQ,0.0,0.0,2,2,HOUSTON,29.87666,-95.11159,,True
3521,OSM_3521,SPL_3521,138.0,PQ,0.0,0.0,2,2,HOUSTON,29.81951,-95.11736,,True
3522,OSM_3522,SPL_3522,138.0,PQ,0.0,0.0,2,2,HOUSTON,29.81866,-95.22009,,True
3523,OSM_3523,SPL_3523,138.0,PQ,0.0,0.0,2,2,HOUSTON,29.24498,-95.68554,,True
3524,OSM_3524,SPL_3524,138.0,PQ,0.0,0.0,3,3,SOUTH,29.19335,-95.97423,,True
3525,OSM_3525,SPL_3525,138.0,PQ,0.0,0.0,2,2,HOUSTON,29.68517,-95.40012,,True
3526,OSM_3526,SPL_3526,138.0,PQ,0.0,0.0,2,2,HOUSTON,29.64952,-95.41387,,True
3527,OSM_3527,SPL_3527,138.0,PQ,0.0,0.0,2,2,HOUSTON,29.91391,-95.36993,,True
3528,OSM_3528,SPL_3528,138.0,PQ,0.0,0.0,2,2,HOUSTON,29.90817,-95.28756,,True
3529,OSM_3529,SPL_3529,138.0,PQ,0.0,0.0,2,2,HOUSTON,29.74227,-95.31113,,True
3530,OSM_3530,SPL_3530,138.0,PQ,0.0,0.0,2,2,HOUSTON,29.57404,-95.43338,,True
3531,OSM_3531,SPL_3531,138.0,PQ,0.0,0.0,2,2,HOUSTON,29.5805,-95.44676,,True
3532,OSM_3532,SPL_3532,138.0,PQ,0.0,0.0,2,2,HOUSTON,29.26823,-95.18998,,True
3533,OSM_3533,SPL_3533,138.0,PQ,0.0,0.0,2,2,HOUSTON,29.43514,-95.20335,,True
3534,OSM_3534,SPL_3534,138.0,PQ,0.0,0.0,2,2,HOUSTON,29.6575,-95.22355,,True
3535,OSM_3535,SPL_3535,138.0,PQ,0.0,0.0,2,2,HOUSTON,29.84099,-95.35402,,True
3536,OSM_3536,SPL_3536,138.0,PQ,0.0,0.0,2,2,HOUSTON,29.8605,-95.36276,,True
3539,OSM_3539,SPL_3539,138.0,PQ,0.0,0.0,2,2,HOUSTON,29.93796,-95.52307,,True
3540,OSM_3540,SPL_3540,138.0,PQ,0.0,0.0,2,2,HOUSTON,29.82376,-95.84034,,True
3541,OSM_3541,SPL_3541,138.0,PQ,0.0,0.0,2,2,HOUSTON,29.46656,-95.05175,,True
3542,OSM_3542,SPL_3542,138.0,PQ,0.0,0.0,2,2,HOUSTON,29.36409,-94.9205,,True
3543,OSM_3543,SPL_3543,230.0,PQ,0.0,0.0,2,2,HOUSTON,30.42537,-95.45358,,True
3544,OSM_3544,SPL_3544,230.0,PQ,0.0,0.0,2,2,HOUSTON,30.28677,-95.45251,,True
3545,OSM_3545,SPL_3545,230.0,PQ,0.0,0.0,2,2,HOUSTON,30.31477,-95.42741,,True
3546,OSM_3546,SPL_3546,138.0,PQ,0.0,0.0,2,2,HOUSTON,30.20672,-95.49356,,True
3547,OSM_3547,SPL_3547,230.0,PQ,0.0,0.0,2,2,HOUSTON,30.28566,-95.4534,,True
3548,OSM_3548,SPL_3548,230.0,PQ,0.0,0.0,2,2,HOUSTON,30.25407,-95.43605,,True
3549,OSM_3549,SPL_3549,138.0,PQ,0.0,0.0,2,2,HOUSTON,30.29175,-95.51838,,True
3550,OSM_3550,SPL_3550,138.0,PQ,0.0,0.0,3,3,SOUTH,30.21352,-97.73378,,True
3551,OSM_3551,SPL_3551,138.0,PQ,0.0,0.0,3,3,SOUTH,30.20906,-97.69415,,True
3552,OSM_3552,SPL_3552,138.0,PQ,0.0,0.0,3,3,SOUTH,30.20687,-97.71608,,True
3553,OSM_3553,SPL_3553,138.0,PQ,0.0,0.0,3,3,SOUTH,30.20941,-97.72495,,True
3554,OSM_3554,SPL_3554,138.0,PQ,0.0,0.0,3,3,SOUTH,30.3076,-97.61827,,True
3555,OSM_3555,SPL_3555,138.0,PQ,0.0,0.0,3,3,SOUTH,30.43147,-97.68625,,True
3556,OSM_3556,SPL_3556,138.0,PQ,0.0,0.0,3,3,SOUTH,30.16272,-97.77114,,True
3557,OSM_3557,SPL_3557,138.0,PQ,0.0,0.0,3,3,SOUTH,30.38409,-97.64297,,True
3558,OSM_3558,SPL_3558,138.0,PQ,0.0,0.0,3,3,SOUTH,30.34993,-97.64578,,True
3559,OSM_3559,SPL_3559,138.0,PQ,0.0,0.0,2,2,HOUSTON,29.63401,-95.05849,,True
3560,OSM_3560,SPL_3560,138.0,PQ,0.0,0.0,2,2,HOUSTON,29.64528,-95.055,,True
3561,OSM_3561,SPL_3561,138.0,PQ,0.0,0.0,3,3,SOUTH,29.65391,-98.01219,,True
3562,OSM_3562,SPL_3562,138.0,PQ,0.0,0.0,3,3,SOUTH,29.49994,-97.88519,,True
3563,OSM_3563,SPL_3563,138.0,PQ,0.0,0.0,3,3,SOUTH,29.59773,-98.03144,,True
3565,OSM_3565,SPL_3565,138.0,PQ,0.0,0.0,3,3,SOUTH,30.39752,-97.72002,,True
3566,OSM_3566,SPL_3566,138.0,PQ,0.0,0.0,3,3,SOUTH,30.37651,-97.73664,,True
3567,OSM_3567,SPL_3567,138.0,PQ,0.0,0.0,3,3,SOUTH,30.34319,-97.75163,,True
3568,OSM_3568,SPL_3568,138.0,PQ,0.0,0.0,3,3,SOUTH,30.52519,-97.6967,,True
3569,OSM_3569,SPL_3569,138.0,PQ,0.0,0.0,3,3,SOUTH,30.66034,-97.64193,,True
3570,OSM_3570,SPL_3570,138.0,PQ,0.0,0.0,3,3,SOUTH,30.39494,-98.07281,,True
3571,OSM_3571,SPL_3571,138.0,PQ,0.0,0.0,3,3,SOUTH,30.42559,-98.10766,,True
3572,OSM_3572,SPL_3572,138.0,PQ,0.0,0.0,3,3,SOUTH,30.61234,-98.20967,,True
3573,OSM_3573,SPL_3573,138.0,PQ,0.0,0.0,2,2,HOUSTON,29.75451,-95.20596,,True
3574,OSM_3574,SPL_3574,138.0,PQ,0.0,0.0,1,1,NORTH,31.37047,-97.35884,,True
3575,OSM_3575,SPL_3575,138.0,PQ,0.0,0.0,3,3,SOUTH,31.07832,-97.30905,,True
3576,OSM_3576,SPL_3576,138.0,PQ,0.0,0.0,3,3,SOUTH,31.12712,-97.32085,,True
3577,OSM_3577,SPL_3577,138.0,PQ,0.0,0.0,3,3,SOUTH,30.26876,-97.75579,,True
3578,OSM_3578,SPL_3578,138.0,PQ,0.0,0.0,3,3,SOUTH,30.38492,-97.899,,True
3579,OSM_3579,SPL_3579,138.0,PQ,0.0,0.0,3,3,SOUTH,30.36618,-97.96429,,True
3580,OSM_3580,SPL_3580,138.0,PQ,0.0,0.0,1,1,NORTH,30.57216,-96.2435,,True
3581,OSM_3581,SPL_3581,138.0,PQ,0.0,0.0,1,1,NORTH,30.58183,-96.25206,,True
3582,OSM_3582,SPL_3582,138.0,PQ,0.0,0.0,1,1,NORTH,30.6181,-96.28416,,True
3583,OSM_3583,SPL_3583,138.0,PQ,0.0,0.0,3,3,SOUTH,31.09434,-97.43775,,True
3584,OSM_3584,SPL_3584,138.0,PQ,0.0,0.0,3,3,SOUTH,28.65495,-99.19401,,True
3585,OSM_3585,SPL_3585,138.0,PQ,0.0,0.0,3,3,SOUTH,30.39919,-97.79137,,True
3586,OSM_3586,SPL_3586,138.0,PQ,0.0,0.0,2,2,HOUSTON,28.97366,-95.35076,,True
3587,OSM_3587,SPL_3587,138.0,PQ,0.0,0.0,3,3,SOUTH,30.2786,-97.54131,,True
3588,OSM_3588,SPL_3588,138.0,PQ,0.0,0.0,3,3,SOUTH,30.16191,-97.65724,,True
3589,OSM_3589,SPL_3589,138.0,PQ,0.0,0.0,3,3,SOUTH,29.05623,-97.77459,,True
3590,OSM_3590,SPL_3590,138.0,PQ,0.0,0.0,3,3,SOUTH,29.03416,-97.77815,,True
3592,OSM_3592,SPL_3592,138.0,PQ,0.0,0.0,3,3,SOUTH,31.10802,-97.78969,,True
3593,OSM_3593,SPL_3593,138.0,PQ,0.0,0.0,3,3,SOUTH,31.00949,-97.69922,,True
3594,OSM_3594,SPL_3594,138.0,PQ,0.0,0.0,3,3,SOUTH,31.10081,-97.70414,,True
3595,OSM_3595,SPL_3595,138.0,PQ,0.0,0.0,3,3,SOUTH,31.07466,-97.36124,,True
3596,OSM_3596,SPL_3596,138.0,PQ,0.0,0.0,3,3,SOUTH,30.16037,-97.65716,,True
3597,OSM_3597,SPL_3597,138.0,PQ,0.0,0.0,3,3,SOUTH,30.16068,-97.66012,,True
3598,OSM_3598,SPL_3598,138.0,PQ,0.0,0.0,3,3,SOUTH,30.27542,-97.53485,,True
3599,OSM_3599,SPL_3599,138.0,PQ,0.0,0.0,3,3,SOUTH,27.55956,-97.56251,,True
3600,OSM_3600,SPL_3600,138.0,PQ,0.0,0.0,3,3,SOUTH,27.69287,-97.37457,,True
3601,OSM_3601,SPL_3601,138.0,PQ,0.0,0.0,3,3,SOUTH,27.69725,-97.37416,,True
3602,OSM_3602,SPL_3602,138.0,PQ,0.0,0.0,3,3,SOUTH,27.84859,-97.61392,,True
3603,OSM_3603,SPL_3603,138.0,PQ,0.0,0.0,3,3,SOUTH,27.81282,-97.43163,,True
3604,OSM_3604,SPL_3604,138.0,PQ,0.0,0.0,3,3,SOUTH,27.79011,-97.452,,True
3605,OSM_3605,SPL_3605,138.0,PQ,0.0,0.0,3,3,SOUTH,27.80666,-97.5009,,True
3606,OSM_3606,SPL_3606,138.0,PQ,0.0,0.0,3,3,SOUTH,27.82805,-97.5184,,True
3607,OSM_3607,SPL_3607,138.0,PQ,0.0,0.0,3,3,SOUTH,27.8019,-97.48915,,True
3608,OSM_3608,SPL_3608,138.0,PQ,0.0,0.0,3,3,SOUTH,27.84612,-97.61734,,True
3609,OSM_3609,SPL_3609,138.0,PQ,0.0,0.0,1,1,NORTH,30.73852,-96.3426,,True
3610,OSM_3610,SPL_3610,138.0,PQ,0.0,0.0,1,1,NORTH,30.61117,-96.29187,,True
3611,OSM_3611,SPL_3611,138.0,PQ,0.0,0.0,1,1,NORTH,30.63638,-95.95436,,True
3612,OSM_3612,SPL_3612,138.0,PQ,0.0,0.0,3,3,SOUTH,30.37673,-97.94406,,True
3613,OSM_3613,SPL_3613,138.0,PQ,0.0,0.0,3,3,SOUTH,30.36004,-97.97614,,True
3614,OSM_3614,SPL_3614,138.0,PQ,0.0,0.0,3,3,SOUTH,30.3577,-97.98066,,True
3615,OSM_3615,SPL_3615,138.0,PQ,0.0,0.0,3,3,SOUTH,30.58441,-98.33049,,True
3616,OSM_3616,SPL_3616,138.0,PQ,0.0,0.0,3,3,SOUTH,30.7775,-98.23442,,True
3617,OSM_3617,SPL_3617,138.0,PQ,0.0,0.0,3,3,SOUTH,30.40072,-97.78986,,True
3618,OSM_3618,SPL_3618,138.0,PQ,0.0,0.0,3,3,SOUTH,30.38625,-97.9038,,True
3619,OSM_3619,SPL_3619,138.0,PQ,0.0,0.0,3,3,SOUTH,30.4743,-97.5953,,True
3620,OSM_3620,SPL_3620,138.0,PQ,0.0,0.0,3,3,SOUTH,30.56595,-97.06833,,True
3621,OSM_3621,SPL_3621,138.0,PQ,0.0,0.0,3,3,SOUTH,30.41747,-96.99883,,True
3622,OSM_3622,SPL_3622,138.0,PQ,0.0,0.0,3,3,SOUTH,29.32043,-97.0763,,True
3623,OSM_3623,SPL_3623,138.0,PQ,0.0,0.0,3,3,SOUTH,29.06643,-97.36546,,True
3624,OSM_3624,SPL_3624,138.0,PQ,0.0,0.0,3,3,SOUTH,26.32084,-97.60373,,True
3625,OSM_3625,SPL_3625,138.0,PQ,0.0,0.0,3,3,SOUTH,26.31068,-98.196,,True
3626,OSM_3626,SPL_3626,138.0,PQ,0.0,0.0,3,3,SOUTH,26.33376,-98.17004,,True
3627,OSM_3627,SPL_3627,138.0,PQ,0.0,0.0,3,3,SOUTH,26.32645,-98.08024,,True
3628,OSM_3628,SPL_3628,138.0,PQ,0.0,0.0,3,3,SOUTH,26.30908,-98.19628,,True
3629,OSM_3629,SPL_3629,138.0,PQ,0.0,0.0,3,3,SOUTH,26.25783,-98.29812,,True
3630,OSM_3630,SPL_3630,138.0,PQ,0.0,0.0,3,3,SOUTH,26.26488,-98.36081,,True
3631,OSM_3631,SPL_3631,138.0,PQ,0.0,0.0,3,3,SOUTH,26.1813,-98.28283,,True
3632,OSM_3632,SPL_3632,138.0,PQ,0.0,0.0,3,3,SOUTH,26.22031,-98.13907,,True
3633,OSM_3633,SPL_3633,138.0,PQ,0.0,0.0,3,3,SOUTH,26.23394,-98.00804,,True
3634,OSM_3634,SPL_3634,138.0,PQ,0.0,0.0,3,3,SOUTH,26.14341,-97.64285,,True
3635,OSM_3635,SPL_3635,138.0,PQ,0.0,0.0,3,3,SOUTH,25.93286,-97.47502,,True
3636,OSM_3636,SPL_3636,138.0,PQ,0.0,0.0,3,3,SOUTH,25.93719,-97.50782,,True
3637,OSM_3637,SPL_3637,138.0,PQ,0.0,0.0,3,3,SOUTH,25.93476,-97.48613,,True
3638,OSM_3638,SPL_3638,138.0,PQ,0.0,0.0,3,3,SOUTH,26.45974,-97.75634,,True
3640,OSM_3640,SPL_3640,138.0,PQ,0.0,0.0,3,3,SOUTH,27.91047,-97.2677,,True
3642,OSM_3642,SPL_3642,138.0,PQ,0.0,0.0,3,3,SOUTH,27.90864,-97.26619,,True
3643,OSM_3643,SPL_3643,138.0,PQ,0.0,0.0,3,3,SOUTH,27.90101,-97.2489,,True
3644,OSM_3644,SPL_3644,138.0,PQ,0.0,0.0,3,3,SOUTH,27.92651,-97.30895,,True
3645,OSM_3645,SPL_3645,138.0,PQ,0.0,0.0,3,3,SOUTH,28.68422,-96.95051,,True
3646,OSM_3646,SPL_3646,138.0,PQ,0.0,0.0,3,3,SOUTH,28.69069,-96.94381,,True
3647,OSM_3647,SPL_3647,138.0,PQ,0.0,0.0,3,3,SOUTH,29.10722,-96.53755,,True
3648,OSM_3648,SPL_3648,138.0,PQ,0.0,0.0,3,3,SOUTH,29.08379,-96.54029,,True
3649,OSM_3649,SPL_3649,138.0,PQ,0.0,0.0,3,3,SOUTH,29.15604,-96.14998,,True
3650,OSM_3650,SPL_3650,138.0,PQ,0.0,0.0,2,2,HOUSTON,28.95338,-95.43616,,True
3651,OSM_3651,SPL_3651,138.0,PQ,0.0,0.0,2,2,HOUSTON,28.95224,-95.31841,,True
3652,OSM_3652,SPL_3652,138.0,PQ,0.0,0.0,2,2,HOUSTON,29.00036,-95.3804,,True
3653,OSM_3653,SPL_3653,138.0,PQ,0.0,0.0,2,2,HOUSTON,28.93468,-95.34919,,True
3655,OSM_3655,SPL_3655,138.0,PQ,0.0,0.0,2,2,HOUSTON,28.98975,-95.40949,,True
3656,OSM_3656,SPL_3656,138.0,PQ,0.0,0.0,2,2,HOUSTON,28.95605,-95.38021,,True
3657,OSM_3657,SPL_3657,138.0,PQ,0.0,0.0,2,2,HOUSTON,29.72592,-95.45784,,True
3658,OSM_3658,SPL_3658,230.0,PQ,0.0,0.0,2,2,HOUSTON,30.2491,-95.43037,,True
3659,OSM_3659,SPL_3659,230.0,PQ,0.0,0.0,2,2,HOUSTON,30.22927,-95.40769,,True
3660,OSM_3660,SPL_3660,230.0,PQ,0.0,0.0,2,2,HOUSTON,30.22427,-95.40199,,True
3661,OSM_3661,SPL_3661,230.0,PQ,0.0,0.0,2,2,HOUSTON,30.18816,-95.3484,,True
3662,OSM_3662,SPL_3662,230.0,PQ,0.0,0.0,2,2,HOUSTON,30.31586,-95.42771,,True
3663,OSM_3663,SPL_3663,138.0,PQ,0.0,0.0,2,2,HOUSTON,30.39092,-95.51595,,True
3664,OSM_3664,SPL_3664,138.0,PQ,0.0,0.0,2,2,HOUSTON,30.33443,-95.50754,,True
3665,OSM_3665,SPL_3665,138.0,PQ,0.0,0.0,2,2,HOUSTON,30.30283,-95.49863,,True
3666,OSM_3666,SPL_3666,138.0,PQ,0.0,0.0,2,2,HOUSTON,30.2907,-95.50069,,True
3667,OSM_3667,SPL_3667,230.0,PQ,0.0,0.0,2,2,HOUSTON,30.3256,-95.67351,,True
3668,OSM_3668,SPL_3668,138.0,PQ,0.0,0.0,2,2,HOUSTON,30.11419,-95.16462,,True
3669,OSM_3669,SPL_3669,230.0,PQ,0.0,0.0,2,2,HOUSTON,30.18178,-95.33818,,True
3670,OSM_3670,SPL_3670,138.0,PQ,0.0,0.0,2,2,HOUSTON,30.14708,-95.84014,,True
3671,OSM_3671,SPL_3671,138.0,PQ,0.0,0.0,2,2,HOUSTON,29.82445,-95.7594,,True
3672,OSM_3672,SPL_3672,138.0,PQ,0.0,0.0,2,2,HOUSTON,29.18138,-95.6693,,True
3673,OSM_3673,SPL_3673,138.0,PQ,0.0,0.0,2,2,HOUSTON,29.2437,-95.42718,,True
3675,OSM_3675,SPL_3675,138.0,PQ,0.0,0.0,2,2,HOUSTON,29.4884,-94.98586,,True
3677,OSM_3677,SPL_3677,138.0,PQ,0.0,0.0,2,2,HOUSTON,29.62196,-95.10306,,True
3678,OSM_3678,SPL_3678,138.0,PQ,0.0,0.0,2,2,HOUSTON,29.61301,-95.11837,,True
3679,OSM_3679,SPL_3679,138.0,PQ,0.0,0.0,2,2,HOUSTON,29.59911,-95.19269,,True
3680,OSM_3680,SPL_3680,138.0,PQ,0.0,0.0,2,2,HOUSTON,29.68051,-95.01765,,True
3681,OSM_3681,SPL_3681,138.0,PQ,0.0,0.0,2,2,HOUSTON,29.67595,-95.0175,,True
3682,OSM_3682,SPL_3682,138.0,PQ,0.0,0.0,2,2,HOUSTON,29.64879,-95.44769,,True
3684,OSM_3684,SPL_3684,138.0,PQ,0.0,0.0,2,2,HOUSTON,29.93792,-95.53168,,True
3685,OSM_3685,SPL_3685,138.0,PQ,0.0,0.0,2,2,HOUSTON,29.7261,-95.45619,,True
3686,OSM_3686,SPL_3686,138.0,PQ,0.0,0.0,2,2,HOUSTON,29.72164,-95.5112,,True
3688,OSM_3688,SPL_3688,138.0,PQ,0.0,0.0,2,2,HOUSTON,29.72109,-95.51573,,True
3689,OSM_3689,SPL_3689,138.0,PQ,0.0,0.0,2,2,HOUSTON,29.93791,-95.52502,,True
3690,OSM_3690,SPL_3690,138.0,PQ,0.0,0.0,1,1,NORTH,31.37042,-96.13488,,True
3691,OSM_3691,SPL_3691,138.0,PQ,0.0,0.0,3,3,SOUTH,29.42114,-98.79124,,True
3692,OSM_3692,SPL_3692,138.0,PQ,0.0,0.0,3,3,SOUTH,29.45377,-98.32348,,True
3693,OSM_3693,SPL_3693,138.0,PQ,0.0,0.0,3,3,SOUTH,29.32237,-98.45417,,True
3694,OSM_3694,SPL_3694,138.0,PQ,0.0,0.0,3,3,SOUTH,29.3225,-98.44592,,True
3695,OSM_3695,SPL_3695,138.0,PQ,0.0,0.0,3,3,SOUTH,29.32184,-98.42356,,True
3696,OSM_3696,SPL_3696,138.0,PQ,0.0,0.0,3,3,SOUTH,29.32218,-98.42109,,True
3697,OSM_3697,SPL_3697,138.0,PQ,0.0,0.0,3,3,SOUTH,27.90314,-97.25592,,True
3698,OSM_3698,SPL_3698,138.0,PQ,0.0,0.0,3,3,SOUTH,30.55727,-97.48389,,True
3699,OSM_3699,SPL_3699,138.0,PQ,0.0,0.0,3,3,SOUTH,30.54563,-97.45233,,True
3700,OSM_3700,SPL_3700,138.0,PQ,0.0,0.0,3,3,SOUTH,30.54701,-97.46312,,True
3701,OSM_3701,SPL_3701,138.0,PQ,0.0,0.0,3,3,SOUTH,30.55682,-97.4889,,True
3703,OSM_3703,SPL_3703,138.0,PQ,0.0,0.0,3,3,SOUTH,27.90606,-97.26149,,True
3704,OSM_3704,SPL_3704,138.0,PQ,0.0,0.0,3,3,SOUTH,28.61009,-97.65268,,True
3707,OSM_3707,SPL_3707,138.0,PQ,0.0,0.0,4,4,WEST,31.77625,-103.40752,,True
3708,OSM_3708,SPL_3708,138.0,PQ,0.0,0.0,4,4,WEST,31.77727,-103.42731,,True
3709,OSM_3709,SPL_3709,138.0,PQ,0.0,0.0,4,4,WEST,31.78775,-103.61601,,True
3710,OSM_3710,SPL_3710,138.0,PQ,0.0,0.0,4,4,WEST,31.7802,-103.48412,,True
3711,OSM_3711,SPL_3711,138.0,PQ,0.0,0.0,4,4,WEST,31.4741,-102.32418,,True
3712,OSM_3712,SPL_3712,138.0,PQ,0.0,0.0,4,4,WEST,31.23532,-102.30692,,True
3714,OSM_3714,SPL_3714,138.0,PQ,0.0,0.0,4,4,WEST,32.54026,-102.19063,,True
3715,OSM_3715,SPL_3715,138.0,PQ,0.0,0.0,4,4,WEST,31.25506,-102.30716,,True
3716,OSM_3716,SPL_3716,138.0,PQ,0.0,0.0,4,4,WEST,32.27404,-101.44108,,True
3717,OSM_3717,SPL_3717,138.0,PQ,0.0,0.0,4,4,WEST,32.37001,-101.23712,,True
3718,OSM_3718,SPL_3718,138.0,PQ,0.0,0.0,4,4,WEST,32.03675,-101.39638,,True
3719,OSM_3719,SPL_3719,138.0,PQ,0.0,0.0,4,4,WEST,31.3998,-100.60339,,True
3720,OSM_3720,SPL_3720,230.0,PQ,0.0,0.0,4,4,WEST,35.62104,-101.48812,,True
3721,OSM_3721,SPL_3721,138.0,PQ,0.0,0.0,4,4,WEST,32.0629,-102.13423,,True
3722,OSM_3722,SPL_3722,138.0,PQ,0.0,0.0,4,4,WEST,32.38054,-100.71447,,True
3723,OSM_3723,SPL_3723,138.0,PQ,0.0,0.0,4,4,WEST,32.33581,-100.91198,,True
3724,OSM_3724,SPL_3724,138.0,PQ,0.0,0.0,4,4,WEST,32.66814,-100.90223,,True
3725,OSM_3725,SPL_3725,138.0,PQ,0.0,0.0,4,4,WEST,32.48508,-101.35829,,True
3726,OSM_3726,SPL_3726,230.0,PQ,0.0,0.0,4,4,WEST,35.31018,-101.9213,,True
3727,OSM_3727,SPL_3727,138.0,PQ,0.0,0.0,4,4,WEST,31.80388,-103.85678,,True
3728,OSM_3728,SPL_3728,138.0,PQ,0.0,0.0,4,4,WEST,31.80243,-103.82246,,True
3729,OSM_3729,SPL_3729,138.0,PQ,0.0,0.0,4,4,WEST,31.79244,-103.68054,,True
3730,OSM_3730,SPL_3730,138.0,PQ,0.0,0.0,4,4,WEST,31.50909,-103.44506,,True
3731,OSM_3731,SPL_3731,138.0,PQ,0.0,0.0,4,4,WEST,31.54894,-100.17739,,True
3732,OSM_3732,SPL_3732,138.0,PQ,0.0,0.0,4,4,WEST,31.7336,-102.53315,,True
3733,OSM_3733,SPL_3733,138.0,PQ,0.0,0.0,4,4,WEST,31.58924,-102.96456,,True
3734,OSM_3734,SPL_3734,138.0,PQ,0.0,0.0,4,4,WEST,31.69072,-102.72323,,True
3735,OSM_3735,SPL_3735,138.0,PQ,0.0,0.0,4,4,WEST,31.35496,-103.70336,,True
3736,OSM_3736,SPL_3736,138.0,PQ,0.0,0.0,4,4,WEST,31.51537,-103.45107,,True
3737,OSM_3737,SPL_3737,138.0,PQ,0.0,0.0,4,4,WEST,31.76919,-103.03733,,True
3738,OSM_3738,SPL_3738,138.0,PQ,0.0,0.0,4,4,WEST,31.91464,-103.00135,,True
3739,OSM_3739,SPL_3739,138.0,PQ,0.0,0.0,4,4,WEST,31.75969,-103.17401,,True
3740,OSM_3740,SPL_3740,138.0,PQ,0.0,0.0,4,4,WEST,31.77715,-103.10587,,True
3741,OSM_3741,SPL_3741,138.0,PQ,0.0,0.0,4,4,WEST,31.59035,-102.95392,,True
3742,OSM_3742,SPL_3742,138.0,PQ,0.0,0.0,4,4,WEST,32.29484,-102.64286,,True
3743,OSM_3743,SPL_3743,138.0,PQ,0.0,0.0,4,4,WEST,32.26113,-102.63382,,True
3744,OSM_3744,SPL_3744,138.0,PQ,0.0,0.0,4,4,WEST,32.15461,-102.59524,,True
3745,OSM_3745,SPL_3745,138.0,PQ,0.0,0.0,4,4,WEST,32.30965,-102.58695,,True
3746,OSM_3746,SPL_3746,138.0,PQ,0.0,0.0,4,4,WEST,32.26343,-102.63306,,True
3747,OSM_3747,SPL_3747,138.0,PQ,0.0,0.0,4,4,WEST,32.37331,-102.52925,,True
3748,OSM_3748,SPL_3748,138.0,PQ,0.0,0.0,4,4,WEST,31.903,-101.71473,,True
3749,OSM_3749,SPL_3749,138.0,PQ,0.0,0.0,4,4,WEST,31.84967,-101.94546,,True
3750,OSM_3750,SPL_3750,138.0,PQ,0.0,0.0,4,4,WEST,31.86645,-101.4719,,True
3751,OSM_3751,SPL_3751,138.0,PQ,0.0,0.0,4,4,WEST,32.67167,-100.95993,,True
3752,OSM_3752,SPL_3752,138.0,PQ,0.0,0.0,4,4,WEST,32.52323,-100.82966,,True
3753,OSM_3753,SPL_3753,138.0,PQ,0.0,0.0,4,4,WEST,32.44157,-100.40797,,True
3754,OSM_3754,SPL_3754,230.0,PQ,0.0,0.0,4,4,WEST,35.30888,-101.92191,,True
3755,OSM_3755,SPL_3755,138.0,PQ,0.0,0.0,4,4,WEST,31.83581,-102.33033,,True
3756,OSM_3756,SPL_3756,138.0,PQ,0.0,0.0,4,4,WEST,31.85242,-102.3395,,True
3757,OSM_3757,SPL_3757,138.0,PQ,0.0,0.0,4,4,WEST,31.85319,-102.33628,,True
3758,OSM_3758,SPL_3758,138.0,PQ,0.0,0.0,4,4,WEST,31.81765,-102.49661,,True
3759,OSM_3759,SPL_3759,138.0,PQ,0.0,0.0,4,4,WEST,31.60038,-102.96799,,True
3760,OSM_3760,SPL_3760,138.0,PQ,0.0,0.0,4,4,WEST,31.93346,-102.46403,,True
3761,OSM_3761,SPL_3761,138.0,PQ,0.0,0.0,4,4,WEST,32.00863,-102.35387,,True
3762,OSM_3762,SPL_3762,138.0,PQ,0.0,0.0,4,4,WEST,31.99878,-102.55482,,True
3763,OSM_3763,SPL_3763,138.0,PQ,0.0,0.0,4,4,WEST,32.0624,-102.13645,,True
3764,OSM_3764,SPL_3764,138.0,PQ,0.0,0.0,4,4,WEST,32.06364,-102.139,,True
3765,OSM_3765,SPL_3765,138.0,PQ,0.0,0.0,4,4,WEST,32.06137,-102.14084,,True
3766,OSM_3766,SPL_3766,138.0,PQ,0.0,0.0,4,4,WEST,32.05202,-102.1799,,True
3767,OSM_3767,SPL_3767,230.0,PQ,0.0,0.0,4,4,WEST,35.28989,-101.92075,,True
3768,OSM_3768,SPL_3768,230.0,PQ,0.0,0.0,4,4,WEST,35.28003,-101.75115,,True
3769,OSM_3769,SPL_3769,230.0,PQ,0.0,0.0,4,4,WEST,35.11178,-101.78006,,True
3770,OSM_3770,SPL_3770,230.0,PQ,0.0,0.0,4,4,WEST,35.14969,-101.77296,,True
3771,OSM_3771,SPL_3771,138.0,PQ,0.0,0.0,4,4,WEST,31.92987,-102.23982,,True
3772,OSM_3772,SPL_3772,230.0,PQ,0.0,0.0,4,4,WEST,33.57089,-101.74929,,True
3774,OSM_3774,SPL_3774,138.0,PQ,0.0,0.0,4,4,WEST,31.41961,-100.44227,,True
3775,OSM_3775,SPL_3775,138.0,PQ,0.0,0.0,4,4,WEST,32.21488,-99.99832,,True
3776,OSM_3776,SPL_3776,230.0,PQ,0.0,0.0,4,4,WEST,34.46524,-102.08935,,True
3777,OSM_3777,SPL_3777,138.0,PQ,0.0,0.0,4,4,WEST,32.22275,-102.67557,,True
3778,OSM_3778,SPL_3778,138.0,PQ,0.0,0.0,4,4,WEST,32.15125,-102.59416,,True
3779,OSM_3779,SPL_3779,138.0,PQ,0.0,0.0,4,4,WEST,32.56047,-101.59671,,True
3780,OSM_3780,SPL_3780,138.0,PQ,0.0,0.0,4,4,WEST,31.77235,-101.51494,,True
3781,OSM_3781,SPL_3781,138.0,PQ,0.0,0.0,4,4,WEST,32.24088,-101.90968,,True
3782,OSM_3782,SPL_3782,138.0,PQ,0.0,0.0,4,4,WEST,32.11042,-101.86832,,True
3783,OSM_3783,SPL_3783,138.0,PQ,0.0,0.0,4,4,WEST,32.08873,-101.87846,,True
3784,OSM_3784,SPL_3784,138.0,PQ,0.0,0.0,4,4,WEST,31.9429,-102.33186,,True
3785,OSM_3785,SPL_3785,138.0,PQ,0.0,0.0,4,4,WEST,31.80896,-102.34259,,True
3786,OSM_3786,SPL_3786,138.0,PQ,0.0,0.0,4,4,WEST,32.1271,-102.15941,,True
3787,OSM_3787,SPL_3787,138.0,PQ,0.0,0.0,4,4,WEST,31.87115,-102.41669,,True
3788,OSM_3788,SPL_3788,138.0,PQ,0.0,0.0,4,4,WEST,31.82703,-102.33317,,True
3789,OSM_3789,SPL_3789,138.0,PQ,0.0,0.0,4,4,WEST,31.8554,-102.31002,,True
3790,OSM_3790,SPL_3790,138.0,PQ,0.0,0.0,4,4,WEST,31.85211,-102.34101,,True
3791,OSM_3791,SPL_3791,138.0,PQ,0.0,0.0,4,4,WEST,31.8496,-102.35184,,True
3792,OSM_3792,SPL_3792,138.0,PQ,0.0,0.0,4,4,WEST,31.83509,-102.3339,,True
3794,OSM_3794,SPL_3794,138.0,PQ,0.0,0.0,4,4,WEST,31.87146,-102.39944,,True
3795,OSM_3795,SPL_3795,138.0,PQ,0.0,0.0,4,4,WEST,31.96329,-102.1776,,True
3797,OSM_3797,SPL_3797,138.0,PQ,0.0,0.0,4,4,WEST,32.01428,-102.04311,,True
3798,OSM_3798,SPL_3798,138.0,PQ,0.0,0.0,4,4,WEST,32.26098,-102.59288,,True
3799,OSM_3799,SPL_3799,138.0,PQ,0.0,0.0,4,4,WEST,32.13141,-102.47965,,True
3800,OSM_3800,SPL_3800,138.0,PQ,0.0,0.0,4,4,WEST,31.97284,-102.63442,,True
3801,OSM_3801,SPL_3801,138.0,PQ,0.0,0.0,4,4,WEST,32.19755,-102.22601,,True
3802,OSM_3802,SPL_3802,138.0,PQ,0.0,0.0,4,4,WEST,32.20128,-102.22687,,True
3803,OSM_3803,SPL_3803,138.0,PQ,0.0,0.0,4,4,WEST,32.19556,-102.22532,,True
3804,OSM_3804,SPL_3804,138.0,PQ,0.0,0.0,4,4,WEST,32.18128,-102.1933,,True
3805,OSM_3805,SPL_3805,138.0,PQ,0.0,0.0,4,4,WEST,32.14926,-102.16658,,True
3806,OSM_3806,SPL_3806,138.0,PQ,0.0,0.0,4,4,WEST,32.40407,-102.88515,,True
3810,OSM_3810,SPL_3810,138.0,PQ,0.0,0.0,4,4,WEST,32.26135,-102.63523,,True
3811,OSM_3811,SPL_3811,138.0,PQ,0.0,0.0,4,4,WEST,32.36034,-102.97914,,True
3812,OSM_3812,SPL_3812,138.0,PQ,0.0,0.0,4,4,WEST,32.14825,-102.80777,,True
3817,OSM_3817,SPL_3817,138.0,PQ,0.0,0.0,4,4,WEST,31.77605,-103.40356,,True
3818,OSM_3818,SPL_3818,138.0,PQ,0.0,0.0,4,4,WEST,31.58387,-102.9882,,True
3819,OSM_3819,SPL_3819,138.0,PQ,0.0,0.0,4,4,WEST,31.76561,-103.14227,,True
3820,OSM_3820,SPL_3820,138.0,PQ,0.0,0.0,4,4,WEST,31.84108,-102.72931,,True
3821,OSM_3821,SPL_3821,138.0,PQ,0.0,0.0,4,4,WEST,31.84307,-102.72663,,True
3822,OSM_3822,SPL_3822,138.0,PQ,0.0,0.0,4,4,WEST,31.77043,-103.0328,,True
3823,OSM_3823,SPL_3823,138.0,PQ,0.0,0.0,4,4,WEST,31.85699,-102.65136,,True
3824,OSM_3824,SPL_3824,138.0,PQ,0.0,0.0,4,4,WEST,31.84655,-102.71707,,True
3825,OSM_3825,SPL_3825,138.0,PQ,0.0,0.0,4,4,WEST,31.85763,-102.64653,,True
3827,OSM_3827,SPL_3827,138.0,PQ,0.0,0.0,4,4,WEST,31.61721,-102.90762,,True
3829,OSM_3829,SPL_3829,138.0,PQ,0.0,0.0,4,4,WEST,32.69918,-101.05222,,True
3830,OSM_3830,SPL_3830,138.0,PQ,0.0,0.0,4,4,WEST,32.84072,-100.92719,,True
3831,OSM_3831,SPL_3831,138.0,PQ,0.0,0.0,4,4,WEST,32.82629,-100.94484,,True
3832,OSM_3832,SPL_3832,138.0,PQ,0.0,0.0,4,4,WEST,32.83845,-100.92707,,True
3833,OSM_3833,SPL_3833,138.0,PQ,0.0,0.0,4,4,WEST,32.87409,-101.09744,,True
3834,OSM_3834,SPL_3834,138.0,PQ,0.0,0.0,4,4,WEST,34.66697,-100.20349,,True
3835,OSM_3835,SPL_3835,138.0,PQ,0.0,0.0,4,4,WEST,31.85351,-102.33494,,True
3836,OSM_3836,SPL_3836,138.0,PQ,0.0,0.0,4,4,WEST,31.85496,-102.30786,,True
3837,OSM_3837,SPL_3837,138.0,PQ,0.0,0.0,4,4,WEST,31.8541,-102.30371,,True
3838,OSM_3838,SPL_3838,138.0,PQ,0.0,0.0,4,4,WEST,31.83647,-102.20536,,True
3839,OSM_3839,SPL_3839,138.0,PQ,0.0,0.0,4,4,WEST,31.83723,-102.21125,,True
3840,OSM_3840,SPL_3840,138.0,PQ,0.0,0.0,4,4,WEST,31.83854,-102.20966,,True
3841,OSM_3841,SPL_3841,138.0,PQ,0.0,0.0,4,4,WEST,31.84235,-101.98168,,True
3842,OSM_3842,SPL_3842,138.0,PQ,0.0,0.0,4,4,WEST,31.90686,-102.20645,,True
3843,OSM_3843,SPL_3843,138.0,PQ,0.0,0.0,4,4,WEST,31.90776,-102.20251,,True
3844,OSM_3844,SPL_3844,138.0,PQ,0.0,0.0,4,4,WEST,31.74035,-102.25083,,True
3846,OSM_3846,SPL_3846,138.0,PQ,0.0,0.0,4,4,WEST,31.27548,-103.12675,,True
3847,OSM_3847,SPL_3847,138.0,PQ,0.0,0.0,4,4,WEST,31.80964,-104.04474,,True
3848,OSM_3848,SPL_3848,138.0,PQ,0.0,0.0,4,4,WEST,31.80849,-103.98668,,True
3849,OSM_3849,SPL_3849,138.0,PQ,0.0,0.0,4,4,WEST,31.5073,-103.46033,,True
3850,OSM_3850,SPL_3850,138.0,PQ,0.0,0.0,4,4,WEST,31.25238,-102.30712,,True
3851,OSM_3851,SPL_3851,138.0,PQ,0.0,0.0,4,4,WEST,31.58411,-102.99036,,True
3852,OSM_3852,SPL_3852,138.0,PQ,0.0,0.0,4,4,WEST,31.80728,-103.92922,,True
3853,OSM_3853,SPL_3853,138.0,PQ,0.0,0.0,4,4,WEST,31.80623,-103.90676,,True
3855,OSM_3855,SPL_3855,138.0,PQ,0.0,0.0,4,4,WEST,31.8051,-103.88253,,True
3856,OSM_3856,SPL_3856,138.0,PQ,0.0,0.0,4,4,WEST,31.85054,-103.87229,,True
3857,OSM_3857,SPL_3857,138.0,PQ,0.0,0.0,4,4,WEST,31.85932,-103.86297,,True
3858,OSM_3858,SPL_3858,138.0,PQ,0.0,0.0,4,4,WEST,31.85333,-103.87017,,True
3859,OSM_3859,SPL_3859,138.0,PQ,0.0,0.0,4,4,WEST,31.86578,-103.86314,,True
3860,OSM_3860,SPL_3860,138.0,PQ,0.0,0.0,4,4,WEST,31.87211,-103.86331,,True
3861,OSM_3861,SPL_3861,138.0,PQ,0.0,0.0,4,4,WEST,31.87615,-103.86543,,True
3864,OSM_3864,SPL_3864,138.0,PQ,0.0,0.0,4,4,WEST,31.80845,-103.97846,,True
3865,OSM_3865,SPL_3865,138.0,PQ,0.0,0.0,4,4,WEST,31.80743,-103.93294,,True
3866,OSM_3866,SPL_3866,138.0,PQ,0.0,0.0,4,4,WEST,31.80604,-103.90269,,True
3867,OSM_3867,SPL_3867,138.0,PQ,0.0,0.0,4,4,WEST,31.79274,-103.68459,,True
3869,OSM_3869,SPL_3869,138.0,PQ,0.0,0.0,4,4,WEST,31.79573,-103.72712,,True
3870,OSM_3870,SPL_3870,138.0,PQ,0.0,0.0,4,4,WEST,31.5161,-103.28001,,True
3871,OSM_3871,SPL_3871,138.0,PQ,0.0,0.0,4,4,WEST,31.50933,-103.46837,,True
3872,OSM_3872,SPL_3872,138.0,PQ,0.0,0.0,4,4,WEST,31.51014,-103.5128,,True
3873,OSM_3873,SPL_3873,138.0,PQ,0.0,0.0,4,4,WEST,31.51029,-103.52065,,True
3876,OSM_3876,SPL_3876,138.0,PQ,0.0,0.0,4,4,WEST,31.50957,-103.61353,,True
3877,OSM_3877,SPL_3877,138.0,PQ,0.0,0.0,4,4,WEST,31.51074,-103.55411,,True
3878,OSM_3878,SPL_3878,138.0,PQ,0.0,0.0,4,4,WEST,31.80161,-103.81571,,True
3879,OSM_3879,SPL_3879,138.0,PQ,0.0,0.0,4,4,WEST,31.79603,-103.73522,,True
3883,OSM_3883,SPL_3883,138.0,PQ,0.0,0.0,4,4,WEST,31.80547,-103.89031,,True
3884,OSM_3884,SPL_3884,138.0,PQ,0.0,0.0,4,4,WEST,31.80525,-103.88645,,True
3885,OSM_3885,SPL_3885,138.0,PQ,0.0,0.0,4,4,WEST,31.78442,-103.63571,,True
3886,OSM_3886,SPL_3886,138.0,PQ,0.0,0.0,4,4,WEST,31.78862,-103.62791,,True
3887,OSM_3887,SPL_3887,138.0,PQ,0.0,0.0,4,4,WEST,31.7882,-103.62367,,True
3889,OSM_3889,SPL_3889,138.0,PQ,0.0,0.0,4,4,WEST,31.27133,-103.09537,,True
3891,OSM_3891,SPL_3891,138.0,PQ,0.0,0.0,4,4,WEST,31.51695,-103.27587,,True
3892,OSM_3892,SPL_3892,138.0,PQ,0.0,0.0,4,4,WEST,31.53989,-103.17917,,True
3893,OSM_3893,SPL_3893,138.0,PQ,0.0,0.0,4,4,WEST,31.5378,-103.18715,,True
3894,OSM_3894,SPL_3894,138.0,PQ,0.0,0.0,4,4,WEST,31.5832,-102.99371,,True
3895,OSM_3895,SPL_3895,138.0,PQ,0.0,0.0,4,4,WEST,31.38521,-103.6666,,True
3897,OSM_3897,SPL_3897,138.0,PQ,0.0,0.0,4,4,WEST,31.38521,-103.66222,,True
3898,OSM_3898,SPL_3898,138.0,PQ,0.0,0.0,4,4,WEST,31.39524,-103.62888,,True
3900,OSM_3900,SPL_3900,138.0,PQ,0.0,0.0,4,4,WEST,31.35885,-103.70332,,True
3901,OSM_3901,SPL_3901,138.0,PQ,0.0,0.0,4,4,WEST,31.76825,-103.25326,,True
3902,OSM_3902,SPL_3902,138.0,PQ,0.0,0.0,4,4,WEST,31.76836,-103.25709,,True
3903,OSM_3903,SPL_3903,138.0,PQ,0.0,0.0,4,4,WEST,31.76642,-103.24348,,True
3904,OSM_3904,SPL_3904,138.0,PQ,0.0,0.0,4,4,WEST,31.77781,-103.43759,,True
3905,OSM_3905,SPL_3905,138.0,PQ,0.0,0.0,4,4,WEST,31.77854,-103.45184,,True
3906,OSM_3906,SPL_3906,138.0,PQ,0.0,0.0,4,4,WEST,31.77896,-103.45997,,True
3907,OSM_3907,SPL_3907,138.0,PQ,0.0,0.0,4,4,WEST,31.78,-103.48019,,True
3911,OSM_3911,SPL_3911,138.0,PQ,0.0,0.0,4,4,WEST,31.81423,-102.86039,,True
3912,OSM_3912,SPL_3912,138.0,PQ,0.0,0.0,4,4,WEST,31.81504,-102.85643,,True
3915,OSM_3915,SPL_3915,138.0,PQ,0.0,0.0,4,4,WEST,32.00685,-102.0311,,True
3916,OSM_3916,SPL_3916,138.0,PQ,0.0,0.0,4,4,WEST,32.01155,-102.04061,,True
3917,OSM_3917,SPL_3917,138.0,PQ,0.0,0.0,4,4,WEST,32.44612,-102.16161,,True
3918,OSM_3918,SPL_3918,138.0,PQ,0.0,0.0,4,4,WEST,32.44876,-102.16278,,True
3919,OSM_3919,SPL_3919,138.0,PQ,0.0,0.0,4,4,WEST,32.17918,-102.18755,,True
3920,OSM_3920,SPL_3920,138.0,PQ,0.0,0.0,4,4,WEST,32.13226,-102.16107,,True
3921,OSM_3921,SPL_3921,138.0,PQ,0.0,0.0,4,4,WEST,32.14075,-102.16383,,True
3922,OSM_3922,SPL_3922,138.0,PQ,0.0,0.0,4,4,WEST,31.95178,-102.01257,,True
3926,OSM_3926,SPL_3926,138.0,PQ,0.0,0.0,4,4,WEST,31.76888,-103.26685,,True
3927,OSM_3927,SPL_3927,138.0,PQ,0.0,0.0,4,4,WEST,31.78938,-103.27612,,True
3928,OSM_3928,SPL_3928,138.0,PQ,0.0,0.0,4,4,WEST,31.84536,-102.72206,,True
3929,OSM_3929,SPL_3929,138.0,PQ,0.0,0.0,4,4,WEST,31.95271,-104.09837,,True
3932,OSM_3932,SPL_3932,138.0,PQ,0.0,0.0,4,4,WEST,31.50759,-103.46198,,True
3933,OSM_3933,SPL_3933,138.0,PQ,0.0,0.0,4,4,WEST,31.51078,-103.54759,,True
3935,OSM_3935,SPL_3935,138.0,PQ,0.0,0.0,1,1,NORTH,33.37982,-95.69032,,True
3936,OSM_3936,SPL_3936,138.0,PQ,0.0,0.0,1,1,NORTH,33.26026,-95.8953,,True
3937,OSM_3937,SPL_3937,138.0,PQ,0.0,0.0,1,1,NORTH,33.21863,-97.21034,,True
3938,OSM_3938,SPL_3938,138.0,PQ,0.0,0.0,1,1,NORTH,32.46958,-97.41523,,True
3939,OSM_3939,SPL_3939,138.0,PQ,0.0,0.0,1,1,NORTH,32.31096,-97.37528,,True
3940,OSM_3940,SPL_3940,138.0,PQ,0.0,0.0,1,1,NORTH,32.82245,-97.70246,,True
3941,OSM_3941,SPL_3941,138.0,PQ,0.0,0.0,1,1,NORTH,32.88206,-97.66797,,True
3942,OSM_3942,SPL_3942,138.0,PQ,0.0,0.0,1,1,NORTH,32.4758,-97.88389,,True
3943,OSM_3943,SPL_3943,138.0,PQ,0.0,0.0,1,1,NORTH,32.88165,-97.66649,,True
3944,OSM_3944,SPL_3944,138.0,PQ,0.0,0.0,1,1,NORTH,32.7757,-97.69561,,True
3945,OSM_3945,SPL_3945,138.0,PQ,0.0,0.0,1,1,NORTH,33.23539,-97.77639,,True
3946,OSM_3946,SPL_3946,138.0,PQ,0.0,0.0,1,1,NORTH,33.26293,-97.79451,,True
3947,OSM_3947,SPL_3947,138.0,PQ,0.0,0.0,1,1,NORTH,33.23063,-97.63067,,True
3948,OSM_3948,SPL_3948,138.0,PQ,0.0,0.0,1,1,NORTH,33.3341,-97.71572,,True
3949,OSM_3949,SPL_3949,138.0,PQ,0.0,0.0,1,1,NORTH,31.28574,-94.68903,,True
3950,OSM_3950,SPL_3950,138.0,PQ,0.0,0.0,1,1,NORTH,31.28299,-94.77247,,True
3951,OSM_3951,SPL_3951,138.0,PQ,0.0,0.0,1,1,NORTH,31.37258,-94.74499,,True
3952,OSM_3952,SPL_3952,138.0,PQ,0.0,0.0,1,1,NORTH,31.35896,-94.76838,,True
3953,OSM_3953,SPL_3953,138.0,PQ,0.0,0.0,1,1,NORTH,31.85416,-97.3625,,True
3954,OSM_3954,SPL_3954,138.0,PQ,0.0,0.0,1,1,NORTH,31.6351,-98.92833,,True
3955,OSM_3955,SPL_3955,138.0,PQ,0.0,0.0,1,1,NORTH,31.88957,-98.59784,,True
3956,OSM_3956,SPL_3956,138.0,PQ,0.0,0.0,4,4,WEST,32.36192,-99.62251,,True
3957,OSM_3957,SPL_3957,138.0,PQ,0.0,0.0,1,1,NORTH,32.1893,-95.21508,,True
3958,OSM_3958,SPL_3958,138.0,PQ,0.0,0.0,4,4,WEST,33.76716,-98.37131,,True
3959,OSM_3959,SPL_3959,138.0,PQ,0.0,0.0,1,1,NORTH,31.70632,-98.95515,,True
3960,OSM_3960,SPL_3960,138.0,PQ,0.0,0.0,1,1,NORTH,31.88165,-98.59976,,True
3961,OSM_3961,SPL_3961,138.0,PQ,0.0,0.0,1,1,NORTH,33.65484,-97.09343,,True
3962,OSM_3962,SPL_3962,138.0,PQ,0.0,0.0,1,1,NORTH,33.55048,-97.09667,,True
3963,OSM_3963,SPL_3963,138.0,PQ,0.0,0.0,1,1,NORTH,33.54983,-97.12561,,True
3964,OSM_3964,SPL_3964,138.0,PQ,0.0,0.0,4,4,WEST,33.12278,-98.61198,,True
3965,OSM_3965,SPL_3965,138.0,PQ,0.0,0.0,4,4,WEST,32.74186,-98.70075,,True
3966,OSM_3966,SPL_3966,138.0,PQ,0.0,0.0,1,1,NORTH,33.62227,-96.37904,,True
3967,OSM_3967,SPL_3967,138.0,PQ,0.0,0.0,1,1,NORTH,32.20888,-98.25738,,True
3968,OSM_3968,SPL_3968,138.0,PQ,0.0,0.0,1,1,NORTH,33.62597,-96.84717,,True
3969,OSM_3969,SPL_3969,138.0,PQ,0.0,0.0,1,1,NORTH,33.57274,-96.61144,,True
3970,OSM_3970,SPL_3970,138.0,PQ,0.0,0.0,1,1,NORTH,32.12579,-96.10373,,True
3971,OSM_3971,SPL_3971,138.0,PQ,0.0,0.0,1,1,NORTH,32.0691,-96.22453,,True
3972,OSM_3972,SPL_3972,138.0,PQ,0.0,0.0,1,1,NORTH,31.9539,-97.28502,,True
3973,OSM_3973,SPL_3973,138.0,PQ,0.0,0.0,1,1,NORTH,32.19566,-95.95496,,True
3974,OSM_3974,SPL_3974,138.0,PQ,0.0,0.0,1,1,NORTH,31.42251,-95.67012,,True
3975,OSM_3975,SPL_3975,138.0,PQ,0.0,0.0,1,1,NORTH,31.34244,-95.62966,,True
3976,OSM_3976,SPL_3976,138.0,PQ,0.0,0.0,1,1,NORTH,32.51003,-97.78337,,True
3977,OSM_3977,SPL_3977,138.0,PQ,0.0,0.0,1,1,NORTH,31.55179,-95.85048,,True
3978,OSM_3978,SPL_3978,138.0,PQ,0.0,0.0,1,1,NORTH,31.37206,-96.13155,,True
3980,OSM_3980,SPL_3980,138.0,PQ,0.0,0.0,1,1,NORTH,31.56982,-94.64095,,True
3981,OSM_3981,SPL_3981,138.0,PQ,0.0,0.0,1,1,NORTH,31.56925,-94.69015,,True
3982,OSM_3982,SPL_3982,138.0,PQ,0.0,0.0,1,1,NORTH,31.58907,-94.6119,,True
3983,OSM_3983,SPL_3983,138.0,PQ,0.0,0.0,1,1,NORTH,31.58634,-94.61265,,True
3984,OSM_3984,SPL_3984,138.0,PQ,0.0,0.0,1,1,NORTH,31.19115,-94.79091,,True
3985,OSM_3985,SPL_3985,138.0,PQ,0.0,0.0,1,1,NORTH,32.75632,-95.81707,,True
3986,OSM_3986,SPL_3986,138.0,PQ,0.0,0.0,1,1,NORTH,31.73597,-94.62023,,True
3987,OSM_3987,SPL_3987,138.0,PQ,0.0,0.0,1,1,NORTH,32.53467,-95.27294,,True
3988,OSM_3988,SPL_3988,138.0,PQ,0.0,0.0,1,1,NORTH,33.30577,-95.25692,,True
3989,OSM_3989,SPL_3989,138.0,PQ,0.0,0.0,1,1,NORTH,33.666,-95.49234,,True
3990,OSM_3990,SPL_3990,138.0,PQ,0.0,0.0,4,4,WEST,32.53224,-99.68824,,True
3991,OSM_3991,SPL_3991,138.0,PQ,0.0,0.0,4,4,WEST,32.57946,-99.67686,,True
3992,OSM_3992,SPL_3992,138.0,PQ,0.0,0.0,1,1,NORTH,32.79057,-98.15544,,True
3993,OSM_3993,SPL_3993,138.0,PQ,0.0,0.0,1,1,NORTH,32.85771,-97.01391,,True
3994,OSM_3994,SPL_3994,138.0,PQ,0.0,0.0,1,1,NORTH,32.67458,-97.22819,,True
3995,OSM_3995,SPL_3995,138.0,PQ,0.0,0.0,1,1,NORTH,32.74215,-96.92776,,True
3996,OSM_3996,SPL_3996,138.0,PQ,0.0,0.0,1,1,NORTH,32.88906,-96.73048,,True
3997,OSM_3997,SPL_3997,138.0,PQ,0.0,0.0,1,1,NORTH,32.81617,-97.06438,,True
3999,OSM_3999,SPL_3999,138.0,PQ,0.0,0.0,1,1,NORTH,32.73609,-97.22402,,True
4000,OSM_4000,SPL_4000,138.0,PQ,0.0,0.0,1,1,NORTH,32.7777,-97.22201,,True
4001,OSM_4001,SPL_4001,138.0,PQ,0.0,0.0,1,1,NORTH,32.74105,-97.30087,,True
4004,OSM_4004,SPL_4004,138.0,PQ,0.0,0.0,1,1,NORTH,32.69672,-96.74863,,True
4005,OSM_4005,SPL_4005,138.0,PQ,0.0,0.0,1,1,NORTH,32.6807,-96.97034,,True
4006,OSM_4006,SPL_4006,138.0,PQ,0.0,0.0,1,1,NORTH,32.77708,-96.66091,,True
4007,OSM_4007,SPL_4007,138.0,PQ,0.0,0.0,1,1,NORTH,32.74416,-96.73881,,True
4008,OSM_4008,SPL_4008,138.0,PQ,0.0,0.0,1,1,NORTH,32.75207,-96.79204,,True
4009,OSM_4009,SPL_4009,138.0,PQ,0.0,0.0,1,1,NORTH,32.78136,-96.72943,,True
4010,OSM_4010,SPL_4010,138.0,PQ,0.0,0.0,1,1,NORTH,32.76103,-96.69965,,True
4011,OSM_4011,SPL_4011,138.0,PQ,0.0,0.0,1,1,NORTH,32.78109,-96.73313,,True
4012,OSM_4012,SPL_4012,138.0,PQ,0.0,0.0,1,1,NORTH,32.69507,-96.75335,,True
4013,OSM_4013,SPL_4013,138.0,PQ,0.0,0.0,1,1,NORTH,32.55878,-96.67454,,True
4014,OSM_4014,SPL_4014,138.0,PQ,0.0,0.0,1,1,NORTH,32.77943,-96.65461,,True
4015,OSM_4015,SPL_4015,138.0,PQ,0.0,0.0,1,1,NORTH,32.36574,-97.69626,,True
4016,OSM_4016,SPL_4016,138.0,PQ,0.0,0.0,1,1,NORTH,32.6871,-97.47082,,True
4017,OSM_4017,SPL_4017,138.0,PQ,0.0,0.0,1,1,NORTH,32.70851,-97.40724,,True
4018,OSM_4018,SPL_4018,138.0,PQ,0.0,0.0,1,1,NORTH,32.73737,-97.44977,,True
4019,OSM_4019,SPL_4019,138.0,PQ,0.0,0.0,1,1,NORTH,32.71041,-97.4026,,True
4020,OSM_4020,SPL_4020,138.0,PQ,0.0,0.0,1,1,NORTH,32.7229,-96.93489,,True
4022,OSM_4022,SPL_4022,138.0,PQ,0.0,0.0,4,4,WEST,32.19309,-100.01683,,True
4023,OSM_4023,SPL_4023,138.0,PQ,0.0,0.0,1,1,NORTH,32.45622,-97.04848,,True
4024,OSM_4024,SPL_4024,138.0,PQ,0.0,0.0,1,1,NORTH,32.71057,-97.15868,,True
4025,OSM_4025,SPL_4025,138.0,PQ,0.0,0.0,1,1,NORTH,32.74225,-97.07513,,True
4026,OSM_4026,SPL_4026,138.0,PQ,0.0,0.0,4,4,WEST,33.14738,-98.60917,,True
4027,OSM_4027,SPL_4027,138.0,PQ,0.0,0.0,4,4,WEST,33.81062,-98.54408,,True
4028,OSM_4028,SPL_4028,138.0,PQ,0.0,0.0,1,1,NORTH,33.10113,-97.95512,,True
4029,OSM_4029,SPL_4029,138.0,PQ,0.0,0.0,1,1,NORTH,33.09715,-97.95375,,True
4030,OSM_4030,SPL_4030,138.0,PQ,0.0,0.0,1,1,NORTH,32.90832,-97.45544,,True
4031,OSM_4031,SPL_4031,138.0,PQ,0.0,0.0,1,1,NORTH,32.76944,-97.48017,,True
4032,OSM_4032,SPL_4032,138.0,PQ,0.0,0.0,1,1,NORTH,32.9054,-97.42703,,True
4033,OSM_4033,SPL_4033,138.0,PQ,0.0,0.0,1,1,NORTH,32.90817,-97.46624,,True
4034,OSM_4034,SPL_4034,138.0,PQ,0.0,0.0,1,1,NORTH,32.84081,-97.3865,,True
4035,OSM_4035,SPL_4035,138.0,PQ,0.0,0.0,1,1,NORTH,33.02713,-96.96562,,True
4036,OSM_4036,SPL_4036,138.0,PQ,0.0,0.0,1,1,NORTH,33.31618,-96.59577,,True
4037,OSM_4037,SPL_4037,138.0,PQ,0.0,0.0,4,4,WEST,32.52337,-99.82314,,True
4038,OSM_4038,SPL_4038,138.0,PQ,0.0,0.0,1,1,NORTH,32.18615,-98.15543,,True
4039,OSM_4039,SPL_4039,138.0,PQ,0.0,0.0,1,1,NORTH,32.29638,-97.78995,,True
4040,OSM_4040,SPL_4040,138.0,PQ,0.0,0.0,1,1,NORTH,32.65628,-97.40371,,True
4041,OSM_4041,SPL_4041,138.0,PQ,0.0,0.0,1,1,NORTH,32.40328,-95.26321,,True
4042,OSM_4042,SPL_4042,138.0,PQ,0.0,0.0,1,1,NORTH,32.61141,-96.92047,,True
4043,OSM_4043,SPL_4043,138.0,PQ,0.0,0.0,1,1,NORTH,32.44759,-96.85235,,True
4045,OSM_4045,SPL_4045,138.0,PQ,0.0,0.0,1,1,NORTH,31.69875,-97.1001,,True
4046,OSM_4046,SPL_4046,138.0,PQ,0.0,0.0,1,1,NORTH,32.81411,-97.02351,,True
4047,OSM_4047,SPL_4047,138.0,PQ,0.0,0.0,1,1,NORTH,33.71519,-96.61257,,True
4048,OSM_4048,SPL_4048,138.0,PQ,0.0,0.0,1,1,NORTH,33.67552,-96.6252,,True
4049,OSM_4049,SPL_4049,138.0,PQ,0.0,0.0,1,1,NORTH,33.6536,-97.13953,,True
4050,OSM_4050,SPL_4050,138.0,PQ,0.0,0.0,1,1,NORTH,32.85369,-96.90924,,True
4051,OSM_4051,SPL_4051,138.0,PQ,0.0,0.0,1,1,NORTH,32.89304,-96.89991,,True
4052,OSM_4052,SPL_4052,138.0,PQ,0.0,0.0,1,1,NORTH,33.251,-95.91156,,True
4053,OSM_4053,SPL_4053,138.0,PQ,0.0,0.0,1,1,NORTH,33.26563,-95.9138,,True
4054,OSM_4054,SPL_4054,138.0,PQ,0.0,0.0,1,1,NORTH,33.1151,-96.18719,,True
4055,OSM_4055,SPL_4055,138.0,PQ,0.0,0.0,1,1,NORTH,33.05841,-96.23803,,True
4056,OSM_4056,SPL_4056,138.0,PQ,0.0,0.0,1,1,NORTH,32.94323,-96.59094,,True
4057,OSM_4057,SPL_4057,138.0,PQ,0.0,0.0,1,1,NORTH,32.87788,-96.5904,,True
4058,OSM_4058,SPL_4058,138.0,PQ,0.0,0.0,1,1,NORTH,32.94791,-96.59197,,True
4059,OSM_4059,SPL_4059,138.0,PQ,0.0,0.0,1,1,NORTH,33.0042,-96.69263,,True
4060,OSM_4060,SPL_4060,138.0,PQ,0.0,0.0,1,1,NORTH,32.90569,-96.54981,,True
4061,OSM_4061,SPL_4061,138.0,PQ,0.0,0.0,1,1,NORTH,32.7923,-96.68267,,True
4062,OSM_4062,SPL_4062,138.0,PQ,0.0,0.0,1,1,NORTH,32.91023,-96.66231,,True
4063,OSM_4063,SPL_4063,138.0,PQ,0.0,0.0,1,1,NORTH,31.33114,-94.67537,,True
4064,OSM_4064,SPL_4064,138.0,PQ,0.0,0.0,1,1,NORTH,31.35396,-94.65631,,True
4065,OSM_4065,SPL_4065,138.0,PQ,0.0,0.0,1,1,NORTH,32.65488,-95.69994,,True
4066,OSM_4066,SPL_4066,138.0,PQ,0.0,0.0,1,1,NORTH,33.14705,-96.14025,,True
4068,OSM_4068,SPL_4068,138.0,PQ,0.0,0.0,1,1,NORTH,32.63857,-95.31484,,True
4069,OSM_4069,SPL_4069,138.0,PQ,0.0,0.0,1,1,NORTH,32.90848,-96.76538,,True
4070,OSM_4070,SPL_4070,138.0,PQ,0.0,0.0,1,1,NORTH,32.91262,-96.76562,,True
4071,OSM_4071,SPL_4071,138.0,PQ,0.0,0.0,1,1,NORTH,32.91606,-96.76489,,True
4072,OSM_4072,SPL_4072,138.0,PQ,0.0,0.0,1,1,NORTH,32.76436,-97.07362,,True
4073,OSM_4073,SPL_4073,138.0,PQ,0.0,0.0,1,1,NORTH,32.74444,-97.07343,,True
4074,OSM_4074,SPL_4074,138.0,PQ,0.0,0.0,1,1,NORTH,33.00127,-96.72397,,True
4075,OSM_4075,SPL_4075,138.0,PQ,0.0,0.0,1,1,NORTH,32.38808,-97.37901,,True
4076,OSM_4076,SPL_4076,138.0,PQ,0.0,0.0,1,1,NORTH,32.8389,-97.38247,,True
4077,OSM_4077,SPL_4077,138.0,PQ,0.0,0.0,1,1,NORTH,32.87538,-97.35251,,True
4078,OSM_4078,SPL_4078,138.0,PQ,0.0,0.0,1,1,NORTH,32.73244,-97.22297,,True
4079,OSM_4079,SPL_4079,138.0,PQ,0.0,0.0,1,1,NORTH,32.73082,-97.22221,,True
4080,OSM_4080,SPL_4080,138.0,PQ,0.0,0.0,1,1,NORTH,32.87566,-97.31001,,True
4081,OSM_4081,SPL_4081,138.0,PQ,0.0,0.0,1,1,NORTH,32.85154,-97.16699,,True
4082,OSM_4082,SPL_4082,138.0,PQ,0.0,0.0,1,1,NORTH,32.80223,-97.32283,,True
4083,OSM_4083,SPL_4083,138.0,PQ,0.0,0.0,1,1,NORTH,32.81192,-97.32027,,True
4084,OSM_4084,SPL_4084,138.0,PQ,0.0,0.0,1,1,NORTH,32.85021,-97.16871,,True
4085,OSM_4085,SPL_4085,138.0,PQ,0.0,0.0,1,1,NORTH,32.82064,-97.32218,,True
4086,OSM_4086,SPL_4086,138.0,PQ,0.0,0.0,1,1,NORTH,32.85073,-97.16383,,True
4087,OSM_4087,SPL_4087,138.0,PQ,0.0,0.0,1,1,NORTH,32.82327,-97.32958,,True
4088,OSM_4088,SPL_4088,138.0,PQ,0.0,0.0,1,1,NORTH,32.78247,-97.32863,,True
4089,OSM_4089,SPL_4089,138.0,PQ,0.0,0.0,1,1,NORTH,32.8591,-97.12262,,True
4090,OSM_4090,SPL_4090,138.0,PQ,0.0,0.0,1,1,NORTH,32.73618,-97.44959,,True
4092,OSM_4092,SPL_4092,138.0,PQ,0.0,0.0,1,1,NORTH,32.87913,-97.18661,,True
4093,OSM_4093,SPL_4093,138.0,PQ,0.0,0.0,1,1,NORTH,32.85969,-97.12041,,True
4094,OSM_4094,SPL_4094,138.0,PQ,0.0,0.0,1,1,NORTH,32.92292,-97.26141,,True
4095,OSM_4095,SPL_4095,138.0,PQ,0.0,0.0,1,1,NORTH,33.15978,-96.77463,,True
4096,OSM_4096,SPL_4096,138.0,PQ,0.0,0.0,1,1,NORTH,33.1236,-96.8614,,True
4097,OSM_4097,SPL_4097,138.0,PQ,0.0,0.0,1,1,NORTH,33.05512,-96.89868,,True
4098,OSM_4098,SPL_4098,138.0,PQ,0.0,0.0,1,1,NORTH,33.19936,-96.81488,,True
4099,OSM_4099,SPL_4099,138.0,PQ,0.0,0.0,1,1,NORTH,32.97714,-96.94087,,True
4100,OSM_4100,SPL_4100,138.0,PQ,0.0,0.0,1,1,NORTH,32.9526,-96.96853,,True
4101,OSM_4101,SPL_4101,138.0,PQ,0.0,0.0,1,1,NORTH,33.19794,-96.81608,,True
4102,OSM_4102,SPL_4102,138.0,PQ,0.0,0.0,1,1,NORTH,32.97715,-96.91801,,True
4103,OSM_4103,SPL_4103,138.0,PQ,0.0,0.0,1,1,NORTH,33.19918,-96.87646,,True
4104,OSM_4104,SPL_4104,138.0,PQ,0.0,0.0,1,1,NORTH,32.97722,-96.9389,,True
4105,OSM_4105,SPL_4105,138.0,PQ,0.0,0.0,1,1,NORTH,33.2107,-96.89868,,True
4106,OSM_4106,SPL_4106,138.0,PQ,0.0,0.0,1,1,NORTH,33.27712,-96.99215,,True
4107,OSM_4107,SPL_4107,138.0,PQ,0.0,0.0,1,1,NORTH,33.00699,-96.84356,,True
4108,OSM_4108,SPL_4108,138.0,PQ,0.0,0.0,1,1,NORTH,32.9278,-96.96653,,True
4109,OSM_4109,SPL_4109,138.0,PQ,0.0,0.0,1,1,NORTH,32.93069,-96.96807,,True
4110,OSM_4110,SPL_4110,138.0,PQ,0.0,0.0,1,1,NORTH,33.06048,-96.77929,,True
4111,OSM_4111,SPL_4111,138.0,PQ,0.0,0.0,1,1,NORTH,33.01145,-96.77948,,True
4112,OSM_4112,SPL_4112,138.0,PQ,0.0,0.0,1,1,NORTH,33.06043,-96.77605,,True
4114,OSM_4114,SPL_4114,138.0,PQ,0.0,0.0,1,1,NORTH,33.01523,-96.7163,,True
4115,OSM_4115,SPL_4115,138.0,PQ,0.0,0.0,1,1,NORTH,33.00268,-96.71975,,True
4116,OSM_4116,SPL_4116,138.0,PQ,0.0,0.0,1,1,NORTH,33.00512,-96.6227,,True
4117,OSM_4117,SPL_4117,138.0,PQ,0.0,0.0,1,1,NORTH,33.02613,-97.01051,,True
4118,OSM_4118,SPL_4118,138.0,PQ,0.0,0.0,1,1,NORTH,32.98583,-97.01143,,True
4119,OSM_4119,SPL_4119,138.0,PQ,0.0,0.0,1,1,NORTH,32.60845,-96.64266,,True
4120,OSM_4120,SPL_4120,138.0,PQ,0.0,0.0,1,1,NORTH,32.65418,-96.5839,,True
4121,OSM_4121,SPL_4121,138.0,PQ,0.0,0.0,1,1,NORTH,32.72915,-96.72637,,True
4122,OSM_4122,SPL_4122,138.0,PQ,0.0,0.0,1,1,NORTH,32.72907,-96.71795,,True
4123,OSM_4123,SPL_4123,138.0,PQ,0.0,0.0,1,1,NORTH,32.45671,-97.04685,,True
4124,OSM_4124,SPL_4124,138.0,PQ,0.0,0.0,1,1,NORTH,32.60591,-96.69492,,True
4125,OSM_4125,SPL_4125,138.0,PQ,0.0,0.0,1,1,NORTH,32.66544,-96.72217,,True
4126,OSM_4126,SPL_4126,138.0,PQ,0.0,0.0,1,1,NORTH,32.95062,-96.97146,,True
4127,OSM_4127,SPL_4127,138.0,PQ,0.0,0.0,1,1,NORTH,32.9305,-96.97543,,True
4128,OSM_4128,SPL_4128,138.0,PQ,0.0,0.0,1,1,NORTH,32.92842,-96.978,,True
4129,OSM_4129,SPL_4129,138.0,PQ,0.0,0.0,1,1,NORTH,32.79656,-96.82025,,True
4130,OSM_4130,SPL_4130,138.0,PQ,0.0,0.0,1,1,NORTH,32.81359,-96.86012,,True
4131,OSM_4131,SPL_4131,138.0,PQ,0.0,0.0,1,1,NORTH,32.80566,-96.82892,,True
4132,OSM_4132,SPL_4132,138.0,PQ,0.0,0.0,1,1,NORTH,32.81003,-96.82416,,True
4133,OSM_4133,SPL_4133,138.0,PQ,0.0,0.0,1,1,NORTH,32.81333,-96.85675,,True
4134,OSM_4134,SPL_4134,138.0,PQ,0.0,0.0,1,1,NORTH,32.84077,-96.87007,,True
4135,OSM_4135,SPL_4135,138.0,PQ,0.0,0.0,1,1,NORTH,32.74216,-96.92949,,True
4136,OSM_4136,SPL_4136,138.0,PQ,0.0,0.0,1,1,NORTH,32.80881,-96.9104,,True
4137,OSM_4137,SPL_4137,138.0,PQ,0.0,0.0,1,1,NORTH,32.84364,-96.87125,,True
4138,OSM_4138,SPL_4138,138.0,PQ,0.0,0.0,1,1,NORTH,32.84636,-96.87896,,True
4139,OSM_4139,SPL_4139,138.0,PQ,0.0,0.0,1,1,NORTH,32.92962,-96.35111,,True
4140,OSM_4140,SPL_4140,138.0,PQ,0.0,0.0,1,1,NORTH,32.71984,-96.70004,,True
4141,OSM_4141,SPL_4141,138.0,PQ,0.0,0.0,1,1,NORTH,31.4268,-97.31138,,True
4142,OSM_4142,SPL_4142,138.0,PQ,0.0,0.0,1,1,NORTH,31.50669,-97.15956,,True
4143,OSM_4143,SPL_4143,138.0,PQ,0.0,0.0,1,1,NORTH,31.55508,-97.10366,,True
4144,OSM_4144,SPL_4144,138.0,PQ,0.0,0.0,1,1,NORTH,32.8198,-96.28263,,True
4145,OSM_4145,SPL_4145,138.0,PQ,0.0,0.0,1,1,NORTH,32.79193,-96.3407,,True
4146,OSM_4146,SPL_4146,138.0,PQ,0.0,0.0,4,4,WEST,32.19686,-100.02467,,True
4147,OSM_4147,SPL_4147,138.0,PQ,0.0,0.0,1,1,NORTH,31.48118,-97.192,,True
4148,OSM_4148,SPL_4148,138.0,PQ,0.0,0.0,1,1,NORTH,31.58589,-97.15052,,True
4149,OSM_4149,SPL_4149,138.0,PQ,0.0,0.0,1,1,NORTH,32.94704,-96.84745,,True
4150,OSM_4150,SPL_4150,138.0,PQ,0.0,0.0,1,1,NORTH,32.94656,-96.70484,,True
4151,OSM_4151,SPL_4151,138.0,PQ,0.0,0.0,1,1,NORTH,32.96148,-96.7172,,True
4152,OSM_4152,SPL_4152,138.0,PQ,0.0,0.0,1,1,NORTH,32.93372,-96.68256,,True
4153,OSM_4153,SPL_4153,138.0,PQ,0.0,0.0,1,1,NORTH,32.45554,-97.27431,,True
4154,OSM_4154,SPL_4154,138.0,PQ,0.0,0.0,1,1,NORTH,32.8949,-97.20033,,True
4155,OSM_4155,SPL_4155,138.0,PQ,0.0,0.0,1,1,NORTH,32.94178,-97.26119,,True
4156,OSM_4156,SPL_4156,138.0,PQ,0.0,0.0,1,1,NORTH,32.42641,-97.42009,,True
4157,OSM_4157,SPL_4157,138.0,PQ,0.0,0.0,1,1,NORTH,32.41745,-97.56243,,True
4158,OSM_4158,SPL_4158,138.0,PQ,0.0,0.0,1,1,NORTH,32.4918,-97.12234,,True
4159,OSM_4159,SPL_4159,138.0,PQ,0.0,0.0,1,1,NORTH,33.21758,-97.72946,,True
4160,OSM_4160,SPL_4160,138.0,PQ,0.0,0.0,1,1,NORTH,32.88386,-97.69454,,True
4161,OSM_4161,SPL_4161,138.0,PQ,0.0,0.0,1,1,NORTH,33.23317,-97.77598,,True
4162,OSM_4162,SPL_4162,138.0,PQ,0.0,0.0,1,1,NORTH,31.55742,-97.11045,,True
4163,OSM_4163,SPL_4163,138.0,PQ,0.0,0.0,1,1,NORTH,32.53508,-96.42323,,True
4164,OSM_4164,SPL_4164,138.0,PQ,0.0,0.0,1,1,NORTH,32.66668,-96.40035,,True
4165,OSM_4165,SPL_4165,138.0,PQ,0.0,0.0,1,1,NORTH,32.91543,-96.34929,,True
4166,OSM_4166,SPL_4166,138.0,PQ,0.0,0.0,1,1,NORTH,33.8139,-96.56923,,True
4169,OSM_4169,SPL_4169,138.0,PQ,0.0,0.0,1,1,NORTH,33.00904,-96.95319,,True
4170,OSM_4170,SPL_4170,138.0,PQ,0.0,0.0,1,1,NORTH,33.05311,-96.90127,,True
4171,OSM_4171,SPL_4171,138.0,PQ,0.0,0.0,1,1,NORTH,33.05584,-96.89975,,True
4172,OSM_4172,SPL_4172,138.0,PQ,0.0,0.0,1,1,NORTH,33.12362,-96.85587,,True
4173,OSM_4173,SPL_4173,138.0,PQ,0.0,0.0,1,1,NORTH,32.90551,-97.42497,,True
4174,OSM_4174,SPL_4174,138.0,PQ,0.0,0.0,1,1,NORTH,31.39735,-97.33442,,True
4175,OSM_4175,SPL_4175,138.0,PQ,0.0,0.0,1,1,NORTH,31.50082,-97.41644,,True
4176,OSM_4176,SPL_4176,138.0,PQ,0.0,0.0,1,1,NORTH,31.50505,-97.17475,,True
4177,OSM_4177,SPL_4177,138.0,PQ,0.0,0.0,1,1,NORTH,31.5009,-97.16321,,True
4178,OSM_4178,SPL_4178,138.0,PQ,0.0,0.0,1,1,NORTH,31.49374,-97.16586,,True
4179,OSM_4179,SPL_4179,138.0,PQ,0.0,0.0,1,1,NORTH,31.64721,-97.10472,,True
4180,OSM_4180,SPL_4180,138.0,PQ,0.0,0.0,1,1,NORTH,31.55523,-97.0142,,True
4181,OSM_4181,SPL_4181,138.0,PQ,0.0,0.0,1,1,NORTH,32.79928,-96.68208,,True
4182,OSM_4182,SPL_4182,138.0,PQ,0.0,0.0,1,1,NORTH,33.06005,-96.66997,,True
4183,OSM_4183,SPL_4183,138.0,PQ,0.0,0.0,1,1,NORTH,33.00387,-96.66537,,True
4186,OSM_4186,SPL_4186,138.0,PQ,0.0,0.0,4,4,WEST,31.7546,-99.77511,,True
4187,OSM_4187,SPL_4187,138.0,PQ,0.0,0.0,4,4,WEST,31.77496,-99.40301,,True
4188,OSM_4188,SPL_4188,138.0,PQ,0.0,0.0,1,1,NORTH,31.28577,-96.48675,,True
4189,OSM_4189,SPL_4189,138.0,PQ,0.0,0.0,1,1,NORTH,31.30734,-96.45354,,True
4190,OSM_4190,SPL_4190,138.0,PQ,0.0,0.0,1,1,NORTH,32.42505,-96.83573,,True
4191,OSM_4191,SPL_4191,138.0,PQ,0.0,0.0,4,4,WEST,32.5764,-99.67832,,True
4192,OSM_4192,SPL_4192,138.0,PQ,0.0,0.0,4,4,WEST,32.44812,-99.69909,,True
4193,OSM_4193,SPL_4193,138.0,PQ,0.0,0.0,4,4,WEST,32.45329,-99.69804,,True
4194,OSM_4194,SPL_4194,138.0,PQ,0.0,0.0,1,1,NORTH,32.20981,-98.25577,,True
4195,OSM_4195,SPL_4195,138.0,PQ,0.0,0.0,1,1,NORTH,32.18735,-98.15938,,True
4196,OSM_4196,SPL_4196,138.0,PQ,0.0,0.0,1,1,NORTH,32.43695,-96.09635,,True
4197,OSM_4197,SPL_4197,138.0,PQ,0.0,0.0,1,1,NORTH,33.1169,-95.53247,,True
4198,OSM_4198,SPL_4198,138.0,PQ,0.0,0.0,1,1,NORTH,32.27961,-95.29953,,True
4199,OSM_4199,SPL_4199,138.0,PQ,0.0,0.0,1,1,NORTH,33.0607,-96.61083,,True
4200,OSM_4200,SPL_4200,138.0,PQ,0.0,0.0,1,1,NORTH,32.66409,-96.96019,,True
4201,OSM_4201,SPL_4201,138.0,PQ,0.0,0.0,1,1,NORTH,33.20964,-96.63491,,True
4202,OSM_4202,SPL_4202,138.0,PQ,0.0,0.0,1,1,NORTH,32.84429,-96.91216,,True
4203,OSM_4203,SPL_4203,138.0,PQ,0.0,0.0,1,1,NORTH,33.132,-97.12174,,True
4204,OSM_4204,SPL_4204,138.0,PQ,0.0,0.0,4,4,WEST,32.91223,-98.77714,,True
4205,OSM_4205,SPL_4205,138.0,PQ,0.0,0.0,1,1,NORTH,32.66407,-97.87394,,True
4207,OSM_4207,SPL_4207,138.0,PQ,0.0,0.0,1,1,NORTH,32.81649,-96.99359,,True
4208,OSM_4208,SPL_4208,138.0,PQ,0.0,0.0,1,1,NORTH,32.79029,-96.34049,,True
4209,OSM_4209,SPL_4209,138.0,PQ,0.0,0.0,1,1,NORTH,32.94596,-97.06446,,True
4210,OSM_4210,SPL_4210,138.0,PQ,0.0,0.0,1,1,NORTH,32.60894,-95.1873,,True
4211,OSM_4211,SPL_4211,138.0,PQ,0.0,0.0,1,1,NORTH,33.15288,-96.65562,,True
4212,OSM_4212,SPL_4212,138.0,PQ,0.0,0.0,1,1,NORTH,32.82808,-96.88538,,True
4214,OSM_4214,SPL_4214,138.0,PQ,0.0,0.0,1,1,NORTH,32.99682,-97.35745,,True
4215,OSM_4215,SPL_4215,138.0,PQ,0.0,0.0,1,1,NORTH,32.99943,-97.35671,,True
4216,OSM_4216,SPL_4216,138.0,PQ,0.0,0.0,1,1,NORTH,32.99367,-97.2638,,True
4217,OSM_4217,SPL_4217,138.0,PQ,0.0,0.0,1,1,NORTH,32.81585,-97.70904,,True
4218,OSM_4218,SPL_4218,138.0,PQ,0.0,0.0,1,1,NORTH,33.55341,-96.63836,,True
4219,OSM_4219,SPL_4219,138.0,PQ,0.0,0.0,1,1,NORTH,32.8031,-97.31966,,True
4220,OSM_4220,SPL_4220,138.0,PQ,0.0,0.0,1,1,NORTH,33.01735,-97.2379,,True
4221,OSM_4221,SPL_4221,138.0,PQ,0.0,0.0,1,1,NORTH,33.02739,-96.35733,,True
4222,OSM_4222,SPL_4222,138.0,PQ,0.0,0.0,1,1,NORTH,33.19152,-96.43687,,True
4223,OSM_4223,SPL_4223,138.0,PQ,0.0,0.0,1,1,NORTH,32.82595,-96.85482,,True
4224,OSM_4224,SPL_4224,138.0,PQ,0.0,0.0,1,1,NORTH,32.23873,-95.60235,,True
4225,OSM_4225,SPL_4225,138.0,PQ,0.0,0.0,1,1,NORTH,33.56889,-96.6104,,True
4226,OSM_4226,SPL_4226,138.0,PQ,0.0,0.0,1,1,NORTH,32.78247,-97.32335,,True
4227,OSM_4227,SPL_4227,138.0,PQ,0.0,0.0,1,1,NORTH,33.76946,-96.59076,,True
4228,OSM_4228,SPL_4228,138.0,PQ,0.0,0.0,1,1,NORTH,32.19464,-95.96062,,True
4229,OSM_4229,SPL_4229,138.0,PQ,0.0,0.0,1,1,NORTH,32.05304,-96.44563,,True
4231,OSM_4231,SPL_4231,138.0,PQ,0.0,0.0,1,1,NORTH,33.51714,-95.65144,,True
4232,OSM_4232,SPL_4232,138.0,PQ,0.0,0.0,1,1,NORTH,33.4586,-95.66925,,True
4233,OSM_4233,SPL_4233,138.0,PQ,0.0,0.0,1,1,NORTH,33.01023,-96.95496,,True
4234,OSM_4234,SPL_4234,138.0,PQ,0.0,0.0,1,1,NORTH,32.80682,-97.67075,,True
4235,OSM_4235,SPL_4235,138.0,PQ,0.0,0.0,1,1,NORTH,32.803,-97.66414,,True
4236,OSM_4236,SPL_4236,138.0,PQ,0.0,0.0,1,1,NORTH,32.77664,-97.64522,,True
4237,OSM_4237,SPL_4237,138.0,PQ,0.0,0.0,1,1,NORTH,32.77667,-97.6472,,True
4238,OSM_4238,SPL_4238,138.0,PQ,0.0,0.0,1,1,NORTH,32.7575,-97.15476,,True
4239,OSM_4239,SPL_4239,138.0,PQ,0.0,0.0,1,1,NORTH,32.77233,-97.13604,,True
4240,OSM_4240,SPL_4240,138.0,PQ,0.0,0.0,1,1,NORTH,32.81267,-97.13963,,True
4241,OSM_4241,SPL_4241,138.0,PQ,0.0,0.0,1,1,NORTH,33.5011,-96.14328,,True
4242,OSM_4242,SPL_4242,138.0,PQ,0.0,0.0,1,1,NORTH,33.56166,-96.18466,,True
4243,OSM_4243,SPL_4243,138.0,PQ,0.0,0.0,1,1,NORTH,32.73124,-97.16935,,True
4244,OSM_4244,SPL_4244,138.0,PQ,0.0,0.0,1,1,NORTH,33.30225,-96.6322,,True
4245,OSM_4245,SPL_4245,138.0,PQ,0.0,0.0,1,1,NORTH,33.62708,-95.48653,,True
4246,OSM_4246,SPL_4246,138.0,PQ,0.0,0.0,1,1,NORTH,33.59179,-95.50074,,True
4247,OSM_4247,SPL_4247,138.0,PQ,0.0,0.0,1,1,NORTH,33.63432,-95.62756,,True
4248,OSM_4248,SPL_4248,138.0,PQ,0.0,0.0,4,4,WEST,33.89887,-98.45956,,True
4249,OSM_4249,SPL_4249,138.0,PQ,0.0,0.0,4,4,WEST,33.95785,-98.57605,,True
4250,OSM_4250,SPL_4250,138.0,PQ,0.0,0.0,4,4,WEST,33.95782,-98.55287,,True
4251,OSM_4251,SPL_4251,138.0,PQ,0.0,0.0,4,4,WEST,33.99613,-98.55561,,True
4252,OSM_4252,SPL_4252,138.0,PQ,0.0,0.0,1,1,NORTH,33.32194,-96.50346,,True
4253,OSM_4253,SPL_4253,138.0,PQ,0.0,0.0,1,1,NORTH,33.31599,-96.58961,,True
4254,OSM_4254,SPL_4254,138.0,PQ,0.0,0.0,1,1,NORTH,33.45414,-95.67065,,True
4255,OSM_4255,SPL_4255,138.0,PQ,0.0,0.0,1,1,NORTH,32.16904,-96.10056,,True
4256,OSM_4256,SPL_4256,138.0,PQ,0.0,0.0,4,4,WEST,33.13281,-98.56305,,True
4257,OSM_4257,SPL_4257,138.0,PQ,0.0,0.0,4,4,WEST,32.77204,-98.8418,,True
4258,OSM_4258,SPL_4258,138.0,PQ,0.0,0.0,1,1,NORTH,32.63817,-96.64567,,True
4259,OSM_4259,SPL_4259,138.0,PQ,0.0,0.0,1,1,NORTH,32.45822,-97.04385,,True
4260,OSM_4260,SPL_4260,138.0,PQ,0.0,0.0,1,1,NORTH,32.46439,-97.03049,,True
4261,OSM_4261,SPL_4261,138.0,PQ,0.0,0.0,1,1,NORTH,33.0035,-97.06214,,True
4262,OSM_4262,SPL_4262,138.0,PQ,0.0,0.0,1,1,NORTH,32.48096,-95.7265,,True
4263,OSM_4263,SPL_4263,138.0,PQ,0.0,0.0,1,1,NORTH,32.58672,-95.77692,,True
4264,OSM_4264,SPL_4264,138.0,PQ,0.0,0.0,1,1,NORTH,32.23869,-95.60421,,True
4265,OSM_4265,SPL_4265,138.0,PQ,0.0,0.0,1,1,NORTH,32.12659,-95.39656,,True
4266,OSM_4266,SPL_4266,138.0,PQ,0.0,0.0,1,1,NORTH,32.62426,-96.93167,,True
4267,OSM_4267,SPL_4267,138.0,PQ,0.0,0.0,1,1,NORTH,32.97469,-96.7367,,True
4268,OSM_4268,SPL_4268,138.0,PQ,0.0,0.0,1,1,NORTH,33.01564,-97.23877,,True
4269,OSM_4269,SPL_4269,138.0,PQ,0.0,0.0,1,1,NORTH,32.84105,-97.23898,,True
4273,OSM_4273,SPL_4273,138.0,PQ,0.0,0.0,1,1,NORTH,32.76664,-97.48018,,True
4274,OSM_4274,SPL_4274,138.0,PQ,0.0,0.0,1,1,NORTH,32.66219,-96.88189,,True
4275,OSM_4275,SPL_4275,138.0,PQ,0.0,0.0,1,1,NORTH,32.71057,-97.15456,,True
4277,OSM_4277,SPL_4277,138.0,PQ,0.0,0.0,1,1,NORTH,32.84079,-97.38,,True
4278,OSM_4278,SPL_4278,138.0,PQ,0.0,0.0,1,1,NORTH,32.86134,-97.0129,,True
4279,OSM_4279,SPL_4279,138.0,PQ,0.0,0.0,1,1,NORTH,32.95287,-96.97033,,True
4280,OSM_4280,SPL_4280,138.0,PQ,0.0,0.0,1,1,NORTH,32.80745,-96.91075,,True
4281,OSM_4281,SPL_4281,138.0,PQ,0.0,0.0,1,1,NORTH,32.79759,-96.9042,,True
4282,OSM_4282,SPL_4282,138.0,PQ,0.0,0.0,1,1,NORTH,32.75731,-96.78851,,True
4283,OSM_4283,SPL_4283,138.0,PQ,0.0,0.0,1,1,NORTH,32.75996,-96.78729,,True
4284,OSM_4284,SPL_4284,138.0,PQ,0.0,0.0,1,1,NORTH,32.69919,-96.96108,,True
4286,OSM_4286,SPL_4286,138.0,PQ,0.0,0.0,1,1,NORTH,32.73052,-96.99051,,True
4287,OSM_4287,SPL_4287,138.0,PQ,0.0,0.0,1,1,NORTH,32.72891,-96.99644,,True
4288,OSM_4288,SPL_4288,138.0,PQ,0.0,0.0,1,1,NORTH,32.51768,-96.9782,,True
4289,OSM_4289,SPL_4289,138.0,PQ,0.0,0.0,1,1,NORTH,32.66642,-96.77062,,True
4290,OSM_4290,SPL_4290,138.0,PQ,0.0,0.0,1,1,NORTH,32.77272,-96.70024,,True
4291,OSM_4291,SPL_4291,138.0,PQ,0.0,0.0,1,1,NORTH,32.78749,-96.70027,,True
4292,OSM_4292,SPL_4292,138.0,PQ,0.0,0.0,1,1,NORTH,32.71978,-96.68281,,True
4293,OSM_4293,SPL_4293,138.0,PQ,0.0,0.0,1,1,NORTH,32.93963,-96.76369,,True
4295,OSM_4295,SPL_4295,138.0,PQ,0.0,0.0,1,1,NORTH,33.05908,-96.77617,,True
4296,OSM_4296,SPL_4296,138.0,PQ,0.0,0.0,1,1,NORTH,33.06138,-96.77612,,True
4297,OSM_4297,SPL_4297,138.0,PQ,0.0,0.0,1,1,NORTH,33.10055,-96.7755,,True
4298,OSM_4298,SPL_4298,138.0,PQ,0.0,0.0,1,1,NORTH,33.01219,-96.95534,,True
4299,OSM_4299,SPL_4299,138.0,PQ,0.0,0.0,1,1,NORTH,33.3834,-95.69027,,True
4300,OSM_4300,SPL_4300,138.0,PQ,0.0,0.0,1,1,NORTH,32.90826,-97.47121,,True
4301,OSM_4301,SPL_4301,138.0,PQ,0.0,0.0,1,1,NORTH,33.20792,-97.60135,,True
