Date,Hour,Generator,Dispatch,Headroom,Unit State,Unit Cost
2024-01-08,0,CPSES_UNIT1,1269.0,0.0,True,10152.0
2024-01-08,0,CPSES_UNIT2,1269.0,0.0,True,10152.0
2024-01-08,0,STP_STP_G1,1228.5,136.5,True,9828.0
2024-01-08,0,STP_STP_G2,1228.5,136.5,True,9828.0
2024-01-08,0,COLETO_COLETOG1,0.0,0.0,False,0.0
2024-01-08,0,FPPYD1_FPP_G1,0.0,0.0,False,0.0
2024-01-08,0,FPPYD1_FPP_G2,0.0,0.0,False,0.0
2024-01-08,0,FPPYD2_FPP_G3,0.0,0.0,False,0.0
2024-01-08,0,CALAVERS_JKS1,0.0,0.0,False,0.0
2024-01-08,0,CALAVERS_JKS2,0.0,0.0,False,0.0
2024-01-08,0,LEG_LEG_G1,357.2,535.8,True,8930.0
2024-01-08,0,LEG_LEG_G2,382.72,574.0799999999999,True,9568.0
2024-01-08,0,MLSES_UNIT1,364.6395280399517,528.3604719600482,True,9115.9882
2024-01-08,0,MLSES_UNIT2,893.0,0.0,True,22325.0
2024-01-08,0,MLSES_UNIT3,893.0,0.0,True,22325.0
2024-01-08,0,OGSES_UNIT1A,0.0,0.0,False,0.0
2024-01-08,0,OGSES_UNIT2,0.0,0.0,False,0.0
2024-01-08,0,SANMIGL_G1,0.0,0.0,False,0.0
2024-01-08,0,SCES_UNIT1,0.0,0.0,False,0.0
2024-01-08,0,TNP_ONE_TNP_O_1,0.0,0.0,False,0.0
2024-01-08,0,TNP_ONE_TNP_O_2,0.0,0.0,False,0.0
2024-01-08,0,WAP_WAP_G5,293.64,440.46,True,7341.0
2024-01-08,0,WAP_WAP_G6,293.64,440.46,True,7341.0
2024-01-08,0,WAP_WAP_G7,245.84,368.76,True,6146.0
2024-01-08,0,WAP_WAP_G8,261.6,392.4,True,6540.0
2024-01-08,0,BRAUNIG_AVR1_CT1,0.0,0.0,False,0.0
2024-01-08,0,BRAUNIG_AVR1_CT2,0.0,0.0,False,0.0
2024-01-08,0,BRAUNIG_AVR1_ST,0.0,0.0,False,0.0
2024-01-08,0,ATKINS_ATKINSG7,0.0,0.0,False,0.0
2024-01-08,0,B_DAVIS_B_DAVIG3,0.0,0.0,False,0.0
2024-01-08,0,B_DAVIS_B_DAVIG4,0.0,0.0,False,0.0
2024-01-08,0,B_DAVIS_B_DAVIG1,0.0,0.0,False,0.0
2024-01-08,0,B_DAVIS_B_DAVIG2,0.0,0.0,False,0.0
2024-01-08,0,BASTEN_GTG1100,0.0,0.0,False,0.0
2024-01-08,0,BASTEN_GTG2100,0.0,0.0,False,0.0
2024-01-08,0,BASTEN_ST0100,0.0,0.0,False,0.0
2024-01-08,0,BCH_UNIT1,0.0,0.0,False,0.0
2024-01-08,0,BCH_UNIT2,0.0,0.0,False,0.0
2024-01-08,0,BCH_UNIT3,0.0,0.0,False,0.0
2024-01-08,0,BCH_UNIT4,0.0,0.0,False,0.0
2024-01-08,0,BCH_UNIT5,0.0,0.0,False,0.0
2024-01-08,0,BCH_UNIT6,0.0,0.0,False,0.0
2024-01-08,0,BCH_UNIT7,0.0,0.0,False,0.0
2024-01-08,0,BCH_UNIT8,0.0,0.0,False,0.0
2024-01-08,0,BOSQUESW_BSQSU_1,0.0,0.0,False,0.0
2024-01-08,0,BOSQUESW_BSQSU_2,0.0,0.0,False,0.0
2024-01-08,0,BOSQUESW_BSQSU_3,0.0,0.0,False,0.0
2024-01-08,0,BOSQUESW_BSQSU_4,0.0,0.0,False,0.0
2024-01-08,0,BOSQUESW_BSQSU_5,0.0,0.0,False,0.0
2024-01-08,0,BVE_UNIT1,0.0,0.0,False,0.0
2024-01-08,0,BVE_UNIT2,0.0,0.0,False,0.0
2024-01-08,0,BVE_UNIT3,0.0,0.0,False,0.0
2024-01-08,0,BTM_UNIT1,0.0,0.0,False,0.0
2024-01-08,0,BTM_UNIT2,0.0,0.0,False,0.0
2024-01-08,0,BTM_UNIT3,0.0,0.0,False,0.0
2024-01-08,0,BTM_UNIT4,0.0,0.0,False,0.0
2024-01-08,0,BTM_UNIT5,0.0,0.0,False,0.0
2024-01-08,0,BTM_UNIT6,0.0,0.0,False,0.0
2024-01-08,0,BTM_UNIT7,0.0,0.0,False,0.0
2024-01-08,0,BTM_UNIT8,0.0,0.0,False,0.0
2024-01-08,0,FLCNS_UNIT1,0.0,0.0,False,0.0
2024-01-08,0,FLCNS_UNIT2,0.0,0.0,False,0.0
2024-01-08,0,CALHOUN_UNIT1,0.0,0.0,False,0.0
2024-01-08,0,CALHOUN_UNIT2,0.0,0.0,False,0.0
2024-01-08,0,CHAMON_CTG_0101,0.0,0.0,False,0.0
2024-01-08,0,CHAMON_CTG_0301,0.0,0.0,False,0.0
2024-01-08,0,CBY4_CT41,61.5,143.5,True,1722.0
2024-01-08,0,CBY4_CT42,61.5,143.5,True,1722.0
2024-01-08,0,CBY4_ST04,61.5,143.5,True,1722.0
2024-01-08,0,CBY_CBY_G1,0.0,0.0,False,0.0
2024-01-08,0,CBY_CBY_G2,0.0,0.0,False,0.0
2024-01-08,0,CBEC_GT1,0.0,0.0,False,0.0
2024-01-08,0,CBEC_GT2,0.0,0.0,False,0.0
2024-01-08,0,CBEC_GT3,0.0,0.0,False,0.0
2024-01-08,0,CBEC_GT4,0.0,0.0,False,0.0
2024-01-08,0,CBEC_STG1,0.0,0.0,False,0.0
2024-01-08,0,CBEC_STG2,0.0,0.0,False,0.0
2024-01-08,0,CBECII_CT7,0.0,0.0,False,0.0
2024-01-08,0,CBECII_CT8,0.0,0.0,False,0.0
2024-01-08,0,CBECII_STG9,0.0,0.0,False,0.0
2024-01-08,0,CBEC_GT11,0.0,0.0,False,0.0
2024-01-08,0,CBEC_GT12,0.0,0.0,False,0.0
2024-01-08,0,CVC_CVC_G1,0.0,0.0,False,0.0
2024-01-08,0,CVC_CVC_G2,0.0,0.0,False,0.0
2024-01-08,0,CVC_CVC_G3,0.0,0.0,False,0.0
2024-01-08,0,CVC_CVC_G5,0.0,0.0,False,0.0
2024-01-08,0,DANSBY_DANSBYG2,0.0,0.0,False,0.0
2024-01-08,0,DANSBY_DANSBYG3,0.0,0.0,False,0.0
2024-01-08,0,DANSBY_DANSBYG1,0.0,0.0,False,0.0
2024-01-08,0,DECKER_DPGT_1,0.0,0.0,False,0.0
2024-01-08,0,DECKER_DPGT_2,0.0,0.0,False,0.0
2024-01-08,0,DECKER_DPGT_3,0.0,0.0,False,0.0
2024-01-08,0,DECKER_DPGT_4,0.0,0.0,False,0.0
2024-01-08,0,DCSES_CT10,0.0,0.0,False,0.0
2024-01-08,0,DCSES_CT20,0.0,0.0,False,0.0
2024-01-08,0,DCSES_CT30,0.0,0.0,False,0.0
2024-01-08,0,DCSES_CT40,0.0,0.0,False,0.0
2024-01-08,0,DDPEC_GT1,60.9,142.1,True,1705.2
2024-01-08,0,DDPEC_GT2,64.5,150.5,True,1806.0
2024-01-08,0,DDPEC_GT3,60.9,142.1,True,1705.2
2024-01-08,0,DDPEC_GT4,135.12860000000313,79.87139999999687,True,3783.6008
2024-01-08,0,DDPEC_GT6,199.0,0.0,True,5572.0
2024-01-08,0,DDPEC_ST1,290.0,0.0,True,8120.0
2024-01-08,0,DEC_AGR_A,0.0,0.0,False,0.0
2024-01-08,0,DEC_AGR_B,0.0,0.0,False,0.0
2024-01-08,0,DEC_AGR_C,0.0,0.0,False,0.0
2024-01-08,0,DEC_AGR_D,0.0,0.0,False,0.0
2024-01-08,0,ECEC_G1,0.0,0.0,False,0.0
2024-01-08,0,ECEC_G2,0.0,0.0,False,0.0
2024-01-08,0,ETCCS_CT1,0.0,0.0,False,0.0
2024-01-08,0,ETCCS_UNIT1,0.0,0.0,False,0.0
2024-01-08,0,AZ_AZ_G1,0.0,0.0,False,0.0
2024-01-08,0,AZ_AZ_G2,0.0,0.0,False,0.0
2024-01-08,0,AZ_AZ_G3,0.0,0.0,False,0.0
2024-01-08,0,AZ_AZ_G4,0.0,0.0,False,0.0
2024-01-08,0,FERGCC_FERGGT1,0.0,0.0,False,0.0
2024-01-08,0,FERGCC_FERGGT2,0.0,0.0,False,0.0
2024-01-08,0,FERGCC_FERGST1,0.0,0.0,False,0.0
2024-01-08,0,FRNYPP_GT11,0.0,0.0,False,0.0
2024-01-08,0,FRNYPP_GT12,0.0,0.0,False,0.0
2024-01-08,0,FRNYPP_GT13,0.0,0.0,False,0.0
2024-01-08,0,FRNYPP_GT21,0.0,0.0,False,0.0
2024-01-08,0,FRNYPP_GT22,0.0,0.0,False,0.0
2024-01-08,0,FRNYPP_GT23,0.0,0.0,False,0.0
2024-01-08,0,FRNYPP_ST10,0.0,0.0,False,0.0
2024-01-08,0,FRNYPP_ST20,0.0,0.0,False,0.0
2024-01-08,0,FREC_GT1,0.0,0.0,False,0.0
2024-01-08,0,FREC_GT2,0.0,0.0,False,0.0
2024-01-08,0,FREC_GT4,0.0,0.0,False,0.0
2024-01-08,0,FREC_GT5,0.0,0.0,False,0.0
2024-01-08,0,FREC_ST3,0.0,0.0,False,0.0
2024-01-08,0,FREC_ST6,0.0,0.0,False,0.0
2024-01-08,0,FEGC_UNIT1,0.0,0.0,False,0.0
2024-01-08,0,FRONT_EC_CT1,0.0,0.0,False,0.0
2024-01-08,0,FRONT_EC_CT2,0.0,0.0,False,0.0
2024-01-08,0,FRONT_EC_ST,0.0,0.0,False,0.0
2024-01-08,0,GRSES_UNIT1,0.0,0.0,False,0.0
2024-01-08,0,GRSES_UNIT2,0.0,0.0,False,0.0
2024-01-08,0,GBY_GBYGT73,0.0,0.0,False,0.0
2024-01-08,0,GBY_GBYGT74,0.0,0.0,False,0.0
2024-01-08,0,GBY_GBYGT81,0.0,0.0,False,0.0
2024-01-08,0,GBY_GBYGT82,0.0,0.0,False,0.0
2024-01-08,0,GBY_GBYGT83,0.0,0.0,False,0.0
2024-01-08,0,GBY_GBYGT84,0.0,0.0,False,0.0
2024-01-08,0,STEAM_ENGINE_1,0.0,0.0,False,0.0
2024-01-08,0,STEAM_ENGINE_2,0.0,0.0,False,0.0
2024-01-08,0,STEAM_ENGINE_3,0.0,0.0,False,0.0
2024-01-08,0,LGE_LGE_GT1,0.0,0.0,False,0.0
2024-01-08,0,LGE_LGE_GT2,0.0,0.0,False,0.0
2024-01-08,0,LGE_LGE_STG,0.0,0.0,False,0.0
2024-01-08,0,GUADG_GAS1,0.0,0.0,False,0.0
2024-01-08,0,GUADG_GAS2,0.0,0.0,False,0.0
2024-01-08,0,GUADG_GAS3,0.0,0.0,False,0.0
2024-01-08,0,GUADG_GAS4,0.0,0.0,False,0.0
2024-01-08,0,GUADG_STM5,0.0,0.0,False,0.0
2024-01-08,0,GUADG_STM6,0.0,0.0,False,0.0
2024-01-08,0,HLSES_UNIT3,0.0,0.0,False,0.0
2024-01-08,0,HLSES_UNIT4,0.0,0.0,False,0.0
2024-01-08,0,HLSES_UNIT5,0.0,0.0,False,0.0
2024-01-08,0,HAYSEN_HAYSENG1,0.0,0.0,False,0.0
2024-01-08,0,HAYSEN_HAYSENG2,0.0,0.0,False,0.0
2024-01-08,0,HAYSEN_HAYSENG3,0.0,0.0,False,0.0
2024-01-08,0,HAYSEN_HAYSENG4,0.0,0.0,False,0.0
2024-01-08,0,DUKE_DUKE_GT1,0.0,0.0,False,0.0
2024-01-08,0,DUKE_DUKE_GT2,0.0,0.0,False,0.0
2024-01-08,0,DUKE_DUKE_ST1,0.0,0.0,False,0.0
2024-01-08,0,JACKCNTY_CT1,0.0,0.0,False,0.0
2024-01-08,0,JACKCNTY_CT2,0.0,0.0,False,0.0
2024-01-08,0,JCKCNTY2_CT3,0.0,0.0,False,0.0
2024-01-08,0,JCKCNTY2_CT4,0.0,0.0,False,0.0
2024-01-08,0,JACKCNTY_STG,96.18,224.42000000000002,True,2693.04
2024-01-08,0,JCKCNTY2_ST2,0.0,0.0,False,0.0
2024-01-08,0,TEN_CT1,0.0,0.0,False,0.0
2024-01-08,0,TEN_STG,0.0,0.0,False,0.0
2024-01-08,0,LHSES_UNIT1,0.0,0.0,False,0.0
2024-01-08,0,LHSES_UNIT2A,0.0,0.0,False,0.0
2024-01-08,0,LPCCS_CT11,55.8,130.2,True,1562.4
2024-01-08,0,LPCCS_CT12,55.8,130.2,True,1562.4
2024-01-08,0,LPCCS_CT21,55.8,130.2,True,1562.4
2024-01-08,0,LPCCS_CT22,55.8,130.2,True,1562.4
2024-01-08,0,LPCCS_UNIT1,64.8,151.2,True,1814.4
2024-01-08,0,LPCCS_UNIT2,64.8,151.2,True,1814.4
2024-01-08,0,LARDVFTN_G4,0.0,0.0,False,0.0
2024-01-08,0,LARDVFTN_G5,0.0,0.0,False,0.0
2024-01-08,0,LEON_CRK_LCPCT1,0.0,0.0,False,0.0
2024-01-08,0,LEON_CRK_LCPCT2,0.0,0.0,False,0.0
2024-01-08,0,LEON_CRK_LCPCT3,0.0,0.0,False,0.0
2024-01-08,0,LEON_CRK_LCPCT4,0.0,0.0,False,0.0
2024-01-08,0,LIG_UNIT1,0.0,0.0,False,0.0
2024-01-08,0,LIG_UNIT2,0.0,0.0,False,0.0
2024-01-08,0,LOSTPI_LOSTPGT1,0.0,0.0,False,0.0
2024-01-08,0,LOSTPI_LOSTPGT2,0.0,0.0,False,0.0
2024-01-08,0,LOSTPI_LOSTPST1,0.0,0.0,False,0.0
2024-01-08,0,NEDIN_NEDIN_G1,0.0,0.0,False,0.0
2024-01-08,0,NEDIN_NEDIN_G2,0.0,0.0,False,0.0
2024-01-08,0,NEDIN_NEDIN_G3,0.0,0.0,False,0.0
2024-01-08,0,MDANP_CT1,0.0,0.0,False,0.0
2024-01-08,0,MDANP_CT2,0.0,0.0,False,0.0
2024-01-08,0,MDANP_CT3,0.0,0.0,False,0.0
2024-01-08,0,MDANP_CT4,0.0,0.0,False,0.0
2024-01-08,0,MDANP_CT5,0.0,0.0,False,0.0
2024-01-08,0,MDANP_CT6,0.0,0.0,False,0.0
2024-01-08,0,MGSES_CT1,0.0,0.0,False,0.0
2024-01-08,0,MGSES_CT2,0.0,0.0,False,0.0
2024-01-08,0,MGSES_CT3,0.0,0.0,False,0.0
2024-01-08,0,MGSES_CT4,0.0,0.0,False,0.0
2024-01-08,0,MGSES_CT5,0.0,0.0,False,0.0
2024-01-08,0,MGSES_CT6,0.0,0.0,False,0.0
2024-01-08,0,MCSES_UNIT6,0.0,0.0,False,0.0
2024-01-08,0,MCSES_UNIT7,0.0,0.0,False,0.0
2024-01-08,0,MCSES_UNIT8,0.0,0.0,False,0.0
2024-01-08,0,NUECES_B_NUECESG8,0.0,0.0,False,0.0
2024-01-08,0,NUECES_B_NUECESG9,0.0,0.0,False,0.0
2024-01-08,0,NUECES_B_NUECESG7,0.0,0.0,False,0.0
2024-01-08,0,CALAVERS_OWS1,0.0,0.0,False,0.0
2024-01-08,0,CALAVERS_OWS2,0.0,0.0,False,0.0
2024-01-08,0,OECCS_CT11,0.0,0.0,False,0.0
2024-01-08,0,OECCS_CT12,0.0,0.0,False,0.0
2024-01-08,0,OECCS_CT21,0.0,0.0,False,0.0
2024-01-08,0,OECCS_CT22,0.0,0.0,False,0.0
2024-01-08,0,OECCS_UNIT1,0.0,0.0,False,0.0
2024-01-08,0,OECCS_UNIT2,0.0,0.0,False,0.0
2024-01-08,0,VICTPRT2_UNIT1,0.0,0.0,False,0.0
2024-01-08,0,VICTPRT2_UNIT2,0.0,0.0,False,0.0
2024-01-08,0,PANDA_S_SHER1CT1,69.6,162.4,True,1948.8
2024-01-08,0,PANDA_S_SHER1CT2,69.6,162.4,True,1948.8
2024-01-08,0,PANDA_S_SHER1ST1,105.93,247.17000000000002,True,2966.04
2024-01-08,0,PANDA_T1_TMPL1CT1,0.0,0.0,False,0.0
2024-01-08,0,PANDA_T1_TMPL1CT2,0.0,0.0,False,0.0
2024-01-08,0,PANDA_T1_TMPL1ST1,0.0,0.0,False,0.0
2024-01-08,0,PANDA_T2_TMPL2CT1,0.0,0.0,False,0.0
2024-01-08,0,PANDA_T2_TMPL2CT2,0.0,0.0,False,0.0
2024-01-08,0,PANDA_T2_TMPL2ST1,0.0,0.0,False,0.0
2024-01-08,0,TNSKA_GT1,0.0,0.0,False,0.0
2024-01-08,0,TNSKA_GT2,0.0,0.0,False,0.0
2024-01-08,0,TNSKA_STG,0.0,0.0,False,0.0
2024-01-08,0,PSG_PSG_GT2,110.92714169209813,104.17285830790186,True,3105.96
2024-01-08,0,PSG_PSG_GT3,215.1,0.0,True,6022.8
2024-01-08,0,PSG_PSG_ST2,195.5,0.0,True,5474.0
2024-01-08,0,PEARSAL2_AGR_A,0.0,0.0,False,0.0
2024-01-08,0,PEARSAL2_AGR_B,0.0,0.0,False,0.0
2024-01-08,0,PEARSAL2_AGR_C,0.0,0.0,False,0.0
2024-01-08,0,PEARSAL2_AGR_D,0.0,0.0,False,0.0
2024-01-08,0,PB2SES_CT1,0.0,0.0,False,0.0
2024-01-08,0,PB2SES_CT2,0.0,0.0,False,0.0
2024-01-08,0,PB2SES_CT3,0.0,0.0,False,0.0
2024-01-08,0,PB2SES_CT4,0.0,0.0,False,0.0
2024-01-08,0,PB2SES_CT5,0.0,0.0,False,0.0
2024-01-08,0,PRO_UNIT1,0.0,0.0,False,0.0
2024-01-08,0,PRO_UNIT2,0.0,0.0,False,0.0
2024-01-08,0,PRO_UNIT3,0.0,0.0,False,0.0
2024-01-08,0,PRO_UNIT4,0.0,0.0,False,0.0
2024-01-08,0,PRO_UNIT5,0.0,0.0,False,0.0
2024-01-08,0,PRO_UNIT6,0.0,0.0,False,0.0
2024-01-08,0,PRO_UNIT7,0.0,0.0,False,0.0
2024-01-08,0,PRO_UNIT8,0.0,0.0,False,0.0
2024-01-08,0,BAC_CTG1,0.0,0.0,False,0.0
2024-01-08,0,BAC_CTG2,0.0,0.0,False,0.0
2024-01-08,0,BAC_CTG3,0.0,0.0,False,0.0
2024-01-08,0,BAC_CTG4,0.0,0.0,False,0.0
2024-01-08,0,BAC_CTG5,0.0,0.0,False,0.0
2024-01-08,0,BAC_CTG6,0.0,0.0,False,0.0
2024-01-08,0,STEAM1A_STEAM_1,0.0,0.0,False,0.0
2024-01-08,0,STEAM_STEAM_2,0.0,0.0,False,0.0
2024-01-08,0,STEAM_STEAM_3,0.0,0.0,False,0.0
2024-01-08,0,QALSW_GT1,0.0,0.0,False,0.0
2024-01-08,0,QALSW_GT2,0.0,0.0,False,0.0
2024-01-08,0,QALSW_GT3,0.0,0.0,False,0.0
2024-01-08,0,QALSW_GT4,0.0,0.0,False,0.0
2024-01-08,0,QALSW_STG1,0.0,0.0,False,0.0
2024-01-08,0,QALSW_STG2,0.0,0.0,False,0.0
2024-01-08,0,MIL_MILLERG4,0.0,0.0,False,0.0
2024-01-08,0,MIL_MILLERG5,0.0,0.0,False,0.0
2024-01-08,0,MIL_MILLERG1,0.0,0.0,False,0.0
2024-01-08,0,MIL_MILLERG2,0.0,0.0,False,0.0
2024-01-08,0,MIL_MILLERG3,0.0,0.0,False,0.0
2024-01-08,0,OLINGR_OLING_4,0.0,0.0,False,0.0
2024-01-08,0,OLINGR_OLING_2,0.0,0.0,False,0.0
2024-01-08,0,OLINGR_OLING_3,0.0,0.0,False,0.0
2024-01-08,0,RAB_UNIT1,0.0,0.0,False,0.0
2024-01-08,0,RAB_UNIT2,0.0,0.0,False,0.0
2024-01-08,0,RAB_UNIT3,0.0,0.0,False,0.0
2024-01-08,0,RAB_UNIT4,0.0,0.0,False,0.0
2024-01-08,0,RAB_UNIT5,0.0,0.0,False,0.0
2024-01-08,0,RAB_UNIT6,0.0,0.0,False,0.0
2024-01-08,0,RAB_UNIT7,0.0,0.0,False,0.0
2024-01-08,0,RAB_UNIT8,0.0,0.0,False,0.0
2024-01-08,0,REDGATE_AGR_A,0.0,0.0,False,0.0
2024-01-08,0,REDGATE_AGR_B,0.0,0.0,False,0.0
2024-01-08,0,REDGATE_AGR_C,0.0,0.0,False,0.0
2024-01-08,0,REDGATE_AGR_D,0.0,0.0,False,0.0
2024-01-08,0,JAD_UNIT1,0.0,0.0,False,0.0
2024-01-08,0,JAD_UNIT2,0.0,0.0,False,0.0
2024-01-08,0,JAD_UNIT3,0.0,0.0,False,0.0
2024-01-08,0,JAD_UNIT4,0.0,0.0,False,0.0
2024-01-08,0,JAD_UNIT5,0.0,0.0,False,0.0
2024-01-08,0,JAD_UNIT6,0.0,0.0,False,0.0
2024-01-08,0,JAD_UNIT7,0.0,0.0,False,0.0
2024-01-08,0,JAD_UNIT8,0.0,0.0,False,0.0
2024-01-08,0,RIONOG_CT1,0.0,0.0,False,0.0
2024-01-08,0,RIONOG_CT2,0.0,0.0,False,0.0
2024-01-08,0,RIONOG_CT3,0.0,0.0,False,0.0
2024-01-08,0,RIONOG_ST1,0.0,0.0,False,0.0
2024-01-08,0,RAYBURN_RAYBURG7,18.15,42.35,True,508.2
2024-01-08,0,RAYBURN_RAYBURG8,18.15,42.35,True,508.2
2024-01-08,0,RAYBURN_RAYBURG9,18.15,42.35,True,508.2
2024-01-08,0,RAYBURN_RAYBURG10,12.6,29.4,True,352.8
2024-01-08,0,SJS_SJS_G1,0.0,0.0,False,0.0
2024-01-08,0,SJS_SJS_G2,0.0,0.0,False,0.0
2024-01-08,0,SANDHSYD_SH1,0.0,0.0,False,0.0
2024-01-08,0,SANDHSYD_SH2,0.0,0.0,False,0.0
2024-01-08,0,SANDHSYD_SH3,0.0,0.0,False,0.0
2024-01-08,0,SANDHSYD_SH4,0.0,0.0,False,0.0
2024-01-08,0,SANDHSYD_SH_5A,0.0,0.0,False,0.0
2024-01-08,0,SANDHSYD_SH6,0.0,0.0,False,0.0
2024-01-08,0,SANDHSYD_SH7,0.0,0.0,False,0.0
2024-01-08,0,SANDHSYD_SH_5C,0.0,0.0,False,0.0
2024-01-08,0,SILASRAY_SILAS_10,0.0,0.0,False,0.0
2024-01-08,0,SILASRAY_SILAS_9,0.0,0.0,False,0.0
2024-01-08,0,SILASRAY_SILAS_6,0.0,0.0,False,0.0
2024-01-08,0,GIDEON_GIDEONG1,0.0,0.0,False,0.0
2024-01-08,0,GIDEON_GIDEONG2,0.0,0.0,False,0.0
2024-01-08,0,GIDEON_GIDEONG3,0.0,0.0,False,0.0
2024-01-08,0,SKY1_SKY1A,0.0,0.0,False,0.0
2024-01-08,0,SKY1_SKY1B,0.0,0.0,False,0.0
2024-01-08,0,SPNCER_SPNCE_4,0.0,0.0,False,0.0
2024-01-08,0,SPNCER_SPNCE_5,0.0,0.0,False,0.0
2024-01-08,0,SCSES_UNIT1A,0.0,0.0,False,0.0
2024-01-08,0,SCSES_UNIT2,0.0,0.0,False,0.0
2024-01-08,0,THW_THWGT_1,0.0,0.0,False,0.0
2024-01-08,0,THW_THWGT31,0.0,0.0,False,0.0
2024-01-08,0,THW_THWGT32,0.0,0.0,False,0.0
2024-01-08,0,THW_THWGT33,0.0,0.0,False,0.0
2024-01-08,0,THW_THWGT34,0.0,0.0,False,0.0
2024-01-08,0,THW_THWGT41,0.0,0.0,False,0.0
2024-01-08,0,THW_THWGT42,0.0,0.0,False,0.0
2024-01-08,0,THW_THWGT43,0.0,0.0,False,0.0
2024-01-08,0,THW_THWGT44,0.0,0.0,False,0.0
2024-01-08,0,THW_THWGT51,0.0,0.0,False,0.0
2024-01-08,0,THW_THWGT52,0.0,0.0,False,0.0
2024-01-08,0,THW_THWGT53,0.0,0.0,False,0.0
2024-01-08,0,THW_THWGT54,0.0,0.0,False,0.0
2024-01-08,0,THW_THWGT55,0.0,0.0,False,0.0
2024-01-08,0,THW_THWGT56,0.0,0.0,False,0.0
2024-01-08,0,THW_THWST_3,0.0,0.0,False,0.0
2024-01-08,0,THW_THWST_4,0.0,0.0,False,0.0
2024-01-08,0,TXCTY_CTA,129.1,0.0,True,3614.8
2024-01-08,0,TXCTY_CTB,129.1,0.0,True,3614.8
2024-01-08,0,TXCTY_CTC,129.1,0.0,True,3614.8
2024-01-08,0,TXCTY_ST,143.7,0.0,True,4023.6
2024-01-08,0,TGS_GT01,0.0,0.0,False,0.0
2024-01-08,0,TIMPP_AGR1,0.0,0.0,False,0.0
2024-01-08,0,TIMPP_AGR2,0.0,0.0,False,0.0
2024-01-08,0,TIMPP_AGR3,0.0,0.0,False,0.0
2024-01-08,0,TIMPP_AGR4,0.0,0.0,False,0.0
2024-01-08,0,TRSES_UNIT6,0.0,0.0,False,0.0
2024-01-08,0,TOPAZ_UNIT1,0.0,0.0,False,0.0
2024-01-08,0,TOPAZ_UNIT2,0.0,0.0,False,0.0
2024-01-08,0,TOPAZ_UNIT3,0.0,0.0,False,0.0
2024-01-08,0,TOPAZ_UNIT4,0.0,0.0,False,0.0
2024-01-08,0,TOPAZ_UNIT5,0.0,0.0,False,0.0
2024-01-08,0,TOPAZ_UNIT6,0.0,0.0,False,0.0
2024-01-08,0,TOPAZ_UNIT7,0.0,0.0,False,0.0
2024-01-08,0,TOPAZ_UNIT8,0.0,0.0,False,0.0
2024-01-08,0,TOPAZ_UNIT9,0.0,0.0,False,0.0
2024-01-08,0,TOPAZ_UNIT10,0.0,0.0,False,0.0
2024-01-08,0,BRAUNIG_VHB6CT5,0.0,0.0,False,0.0
2024-01-08,0,BRAUNIG_VHB6CT6,0.0,0.0,False,0.0
2024-01-08,0,BRAUNIG_VHB6CT7,0.0,0.0,False,0.0
2024-01-08,0,BRAUNIG_VHB6CT8,0.0,0.0,False,0.0
2024-01-08,0,CITYVICT_CTG01,0.0,0.0,False,0.0
2024-01-08,0,CITYVICT_CTG02,0.0,0.0,False,0.0
2024-01-08,0,VICTPORT_CTG01,0.0,0.0,False,0.0
2024-01-08,0,VICTPORT_CTG02,0.0,0.0,False,0.0
2024-01-08,0,VICTORIA_VICTORG6,0.0,0.0,False,0.0
2024-01-08,0,VICTORIA_VICTORG5,0.0,0.0,False,0.0
2024-01-08,0,WAP_WAPGT_1,0.0,0.0,False,0.0
2024-01-08,0,WAP_WAP_G1,0.0,0.0,False,0.0
2024-01-08,0,WAP_WAP_G2,0.0,0.0,False,0.0
2024-01-08,0,WAP_WAP_G3,0.0,0.0,False,0.0
2024-01-08,0,WAP_WAP_G4,0.0,0.0,False,0.0
2024-01-08,0,WFCOGEN_UNIT1,0.0,0.0,False,0.0
2024-01-08,0,WFCOGEN_UNIT2,0.0,0.0,False,0.0
2024-01-08,0,WFCOGEN_UNIT3,0.0,0.0,False,0.0
2024-01-08,0,WIPOPA_WPP_G1,0.0,0.0,False,0.0
2024-01-08,0,WIPOPA_WPP_G2,0.0,0.0,False,0.0
2024-01-08,0,WIPOPA_WPP_G3,0.0,0.0,False,0.0
2024-01-08,0,WIPOPA_WPP_G4,0.0,0.0,False,0.0
2024-01-08,0,WCPP_CT1,0.0,0.0,False,0.0
2024-01-08,0,WCPP_CT2,0.0,0.0,False,0.0
2024-01-08,0,WCPP_ST1,0.0,0.0,False,0.0
2024-01-08,0,WHCCS_CT1,0.0,0.0,False,0.0
2024-01-08,0,WHCCS_CT2,0.0,0.0,False,0.0
2024-01-08,0,WHCCS_STG,0.0,0.0,False,0.0
2024-01-08,0,WHCCS2_CT4,0.0,0.0,False,0.0
2024-01-08,0,WHCCS2_CT5,0.0,0.0,False,0.0
2024-01-08,0,WHCCS2_STG6,0.0,0.0,False,0.0
2024-01-08,0,NACPW_UNIT1,0.0,0.0,False,0.0
2024-01-08,0,HBR_2UNITS,0.0,0.0,False,0.0
2024-01-08,0,TRIRA_1UNIT,0.0,0.0,False,0.0
2024-01-08,0,78252_4UNITS,0.0,0.0,False,0.0
2024-01-08,0,SPRIN_4UNITS,0.0,0.0,False,0.0
2024-01-08,0,FREIH_2UNITS,0.0,0.0,False,0.0
2024-01-08,0,WSTHL_3UNITS,0.0,0.0,False,0.0
2024-01-08,0,FEGC_CTG2,0.0,0.0,False,0.0
2024-01-08,0,FEGC_CTG3,0.0,0.0,False,0.0
2024-01-08,0,FEGC_CTG4,0.0,0.0,False,0.0
2024-01-08,0,OLNEYTN_AGR1,0.0,0.0,False,0.0
2024-01-08,0,AMISTAD_AMISTAG1,37.9,0.0,True,37.9
2024-01-08,0,AMISTAD_AMISTAG2,37.9,0.0,True,37.9
2024-01-08,0,AUSTPL_AUSTING1,9.0,0.0,True,9.0
2024-01-08,0,AUSTPL_AUSTING2,9.0,0.0,True,9.0
2024-01-08,0,BUCHAN_BUCHANG1,18.299999999999997,3.552713678800501e-15,True,18.3
2024-01-08,0,BUCHAN_BUCHANG2,18.299999999999997,3.552713678800501e-15,True,18.3
2024-01-08,0,BUCHAN_BUCHANG3,18.299999999999997,3.552713678800501e-15,True,18.3
2024-01-08,0,DNDAM_DENISOG1,50.8,0.0,True,50.8
2024-01-08,0,DNDAM_DENISOG2,50.8,0.0,True,50.8
2024-01-08,0,FALCON_FALCONG1,12.0,0.0,True,12.0
2024-01-08,0,FALCON_FALCONG2,12.0,0.0,True,12.0
2024-01-08,0,FALCON_FALCONG3,12.0,0.0,True,12.0
2024-01-08,0,WIRTZ_WIRTZ_G1,29.0,0.0,True,29.0
2024-01-08,0,WIRTZ_WIRTZ_G2,29.0,0.0,True,29.0
2024-01-08,0,CANYHY_CANYHYG1,6.0,0.0,True,6.0
2024-01-08,0,INKSDA_INKS_G1,15.0,0.0,True,15.0
2024-01-08,0,MARBFA_MARBFAG1,21.0,0.0,True,21.0
2024-01-08,0,MARBFA_MARBFAG2,20.0,0.0,True,20.0
2024-01-08,0,MARSFO_MARSFOG1,36.0,0.0,True,36.0
2024-01-08,0,MARSFO_MARSFOG2,36.0,0.0,True,36.0
2024-01-08,0,MARSFO_MARSFOG3,36.0,0.0,True,36.0
2024-01-08,0,WND_WHITNEY1,22.0,0.0,True,22.0
2024-01-08,0,WND_WHITNEY2,22.0,0.0,True,22.0
2024-01-08,0,AEEC_ANTLP_1,0.0,0.0,False,0.0
2024-01-08,0,AEEC_ANTLP_2,0.0,0.0,False,0.0
2024-01-08,0,AEEC_ANTLP_3,0.0,0.0,False,0.0
2024-01-08,0,AEEC_ELK_1,0.0,0.0,False,0.0
2024-01-08,0,AEEC_ELK_2,0.0,0.0,False,0.0
2024-01-08,0,AEEC_ELK_3,0.0,0.0,False,0.0
2024-01-08,0,FTR_FTR_G1,0.0,0.0,False,0.0
2024-01-08,0,FTR_FTR_G2,0.0,0.0,False,0.0
2024-01-08,0,FTR_FTR_G3,0.0,0.0,False,0.0
2024-01-08,0,FTR_FTR_G4,0.0,0.0,False,0.0
2024-01-08,0,TGCCS_CT1,0.0,0.0,False,0.0
2024-01-08,0,TGCCS_CT2,0.0,0.0,False,0.0
2024-01-08,0,TGCCS_CT3,0.0,0.0,False,0.0
2024-01-08,0,TGCCS_UNIT4,0.0,0.0,False,0.0
2024-01-08,0,KMCHI_1CT101,55.5,129.5,True,1554.0
2024-01-08,0,KMCHI_1CT201,55.5,129.5,True,1554.0
2024-01-08,0,KMCHI_1ST,99.0,231.0,True,2772.0
2024-01-08,0,KMCHI_2CT101,55.5,129.5,True,1554.0
2024-01-08,0,KMCHI_2CT201,55.5,129.5,True,1554.0
2024-01-08,0,KMCHI_2ST,99.0,231.0,True,2772.0
2024-01-08,0,A4_DGR1,0.0,0.0,False,0.0
2024-01-08,0,A4_DGR2,0.0,0.0,False,0.0
2024-01-08,0,K2_DGR1,0.0,0.0,False,0.0
2024-01-08,0,K2_DGR2,0.0,0.0,False,0.0
2024-01-08,0,P2_DGR1,0.0,0.0,False,0.0
2024-01-08,0,P2_DGR2,0.0,0.0,False,0.0
2024-01-08,0,Q1_DGR1,0.0,0.0,False,0.0
2024-01-08,0,BRAUNIG_VHB3,0.0,0.0,False,0.0
2024-01-08,0,V2_DGR1,0.0,0.0,False,0.0
2024-01-08,0,V2_DGR2,0.0,0.0,False,0.0
2024-01-08,0,V2_DGR3,0.0,0.0,False,0.0
2024-01-08,0,V4_DGR1,0.0,0.0,False,0.0
2024-01-08,0,X1_DGR1,0.0,0.0,False,0.0
2024-01-08,0,Z0_DGR1,0.0,0.0,False,0.0
2024-01-08,0,Z0_DGR2,0.0,0.0,False,0.0
2024-01-08,0,Z5_DGR1,0.0,0.0,False,0.0
2024-01-08,0,DC_E,0.0,0.0,False,0.0
2024-01-08,0,DC_N,0.0,0.0,False,0.0
2024-01-08,0,DC_L,0.0,0.0,False,0.0
2024-01-08,0,DC_R,0.0,0.0,False,0.0
2024-01-08,0,CEDARVALE_GAS,0.0,0.0,False,0.0
2024-01-08,0,ENCHANTED_ROCK_NEWPP,0.0,0.0,False,0.0
2024-01-08,1,CPSES_UNIT1,1269.0,0.0,True,10152.0
2024-01-08,1,CPSES_UNIT2,1269.0,0.0,True,10152.0
2024-01-08,1,STP_STP_G1,1228.5,136.5,True,9828.0
2024-01-08,1,STP_STP_G2,1228.5,136.5,True,9828.0
2024-01-08,1,COLETO_COLETOG1,0.0,0.0,False,0.0
2024-01-08,1,FPPYD1_FPP_G1,0.0,0.0,False,0.0
2024-01-08,1,FPPYD1_FPP_G2,0.0,0.0,False,0.0
2024-01-08,1,FPPYD2_FPP_G3,0.0,0.0,False,0.0
2024-01-08,1,CALAVERS_JKS1,0.0,0.0,False,0.0
2024-01-08,1,CALAVERS_JKS2,0.0,0.0,False,0.0
2024-01-08,1,LEG_LEG_G1,357.2,535.8,True,8930.0
2024-01-08,1,LEG_LEG_G2,382.72,574.0799999999999,True,9568.0
2024-01-08,1,MLSES_UNIT1,357.2,535.8,True,8930.0
2024-01-08,1,MLSES_UNIT2,357.2,535.8,True,8930.0
2024-01-08,1,MLSES_UNIT3,863.8528566847331,29.14714331526693,True,21596.3214
2024-01-08,1,OGSES_UNIT1A,0.0,0.0,False,0.0
2024-01-08,1,OGSES_UNIT2,0.0,0.0,False,0.0
2024-01-08,1,SANMIGL_G1,0.0,0.0,False,0.0
2024-01-08,1,SCES_UNIT1,0.0,0.0,False,0.0
2024-01-08,1,TNP_ONE_TNP_O_1,0.0,0.0,False,0.0
2024-01-08,1,TNP_ONE_TNP_O_2,0.0,0.0,False,0.0
2024-01-08,1,WAP_WAP_G5,293.64,440.46,True,7341.0
2024-01-08,1,WAP_WAP_G6,293.64,440.46,True,7341.0
2024-01-08,1,WAP_WAP_G7,245.84,368.76,True,6146.0
2024-01-08,1,WAP_WAP_G8,261.6,392.4,True,6540.0
2024-01-08,1,BRAUNIG_AVR1_CT1,0.0,0.0,False,0.0
2024-01-08,1,BRAUNIG_AVR1_CT2,0.0,0.0,False,0.0
2024-01-08,1,BRAUNIG_AVR1_ST,0.0,0.0,False,0.0
2024-01-08,1,ATKINS_ATKINSG7,0.0,0.0,False,0.0
2024-01-08,1,B_DAVIS_B_DAVIG3,0.0,0.0,False,0.0
2024-01-08,1,B_DAVIS_B_DAVIG4,0.0,0.0,False,0.0
2024-01-08,1,B_DAVIS_B_DAVIG1,0.0,0.0,False,0.0
2024-01-08,1,B_DAVIS_B_DAVIG2,0.0,0.0,False,0.0
2024-01-08,1,BASTEN_GTG1100,0.0,0.0,False,0.0
2024-01-08,1,BASTEN_GTG2100,0.0,0.0,False,0.0
2024-01-08,1,BASTEN_ST0100,0.0,0.0,False,0.0
2024-01-08,1,BCH_UNIT1,0.0,0.0,False,0.0
2024-01-08,1,BCH_UNIT2,0.0,0.0,False,0.0
2024-01-08,1,BCH_UNIT3,0.0,0.0,False,0.0
2024-01-08,1,BCH_UNIT4,0.0,0.0,False,0.0
2024-01-08,1,BCH_UNIT5,0.0,0.0,False,0.0
2024-01-08,1,BCH_UNIT6,0.0,0.0,False,0.0
2024-01-08,1,BCH_UNIT7,0.0,0.0,False,0.0
2024-01-08,1,BCH_UNIT8,0.0,0.0,False,0.0
2024-01-08,1,BOSQUESW_BSQSU_1,0.0,0.0,False,0.0
2024-01-08,1,BOSQUESW_BSQSU_2,0.0,0.0,False,0.0
2024-01-08,1,BOSQUESW_BSQSU_3,0.0,0.0,False,0.0
2024-01-08,1,BOSQUESW_BSQSU_4,0.0,0.0,False,0.0
2024-01-08,1,BOSQUESW_BSQSU_5,0.0,0.0,False,0.0
2024-01-08,1,BVE_UNIT1,0.0,0.0,False,0.0
2024-01-08,1,BVE_UNIT2,0.0,0.0,False,0.0
2024-01-08,1,BVE_UNIT3,0.0,0.0,False,0.0
2024-01-08,1,BTM_UNIT1,0.0,0.0,False,0.0
2024-01-08,1,BTM_UNIT2,0.0,0.0,False,0.0
2024-01-08,1,BTM_UNIT3,0.0,0.0,False,0.0
2024-01-08,1,BTM_UNIT4,0.0,0.0,False,0.0
2024-01-08,1,BTM_UNIT5,0.0,0.0,False,0.0
2024-01-08,1,BTM_UNIT6,0.0,0.0,False,0.0
2024-01-08,1,BTM_UNIT7,0.0,0.0,False,0.0
2024-01-08,1,BTM_UNIT8,0.0,0.0,False,0.0
2024-01-08,1,FLCNS_UNIT1,0.0,0.0,False,0.0
2024-01-08,1,FLCNS_UNIT2,0.0,0.0,False,0.0
2024-01-08,1,CALHOUN_UNIT1,0.0,0.0,False,0.0
2024-01-08,1,CALHOUN_UNIT2,0.0,0.0,False,0.0
2024-01-08,1,CHAMON_CTG_0101,0.0,0.0,False,0.0
2024-01-08,1,CHAMON_CTG_0301,0.0,0.0,False,0.0
2024-01-08,1,CBY4_CT41,61.5,143.5,True,1722.0
2024-01-08,1,CBY4_CT42,61.5,143.5,True,1722.0
2024-01-08,1,CBY4_ST04,61.5,143.5,True,1722.0
2024-01-08,1,CBY_CBY_G1,0.0,0.0,False,0.0
2024-01-08,1,CBY_CBY_G2,0.0,0.0,False,0.0
2024-01-08,1,CBEC_GT1,0.0,0.0,False,0.0
2024-01-08,1,CBEC_GT2,0.0,0.0,False,0.0
2024-01-08,1,CBEC_GT3,0.0,0.0,False,0.0
2024-01-08,1,CBEC_GT4,0.0,0.0,False,0.0
2024-01-08,1,CBEC_STG1,0.0,0.0,False,0.0
2024-01-08,1,CBEC_STG2,0.0,0.0,False,0.0
2024-01-08,1,CBECII_CT7,0.0,0.0,False,0.0
2024-01-08,1,CBECII_CT8,0.0,0.0,False,0.0
2024-01-08,1,CBECII_STG9,0.0,0.0,False,0.0
2024-01-08,1,CBEC_GT11,0.0,0.0,False,0.0
2024-01-08,1,CBEC_GT12,0.0,0.0,False,0.0
2024-01-08,1,CVC_CVC_G1,0.0,0.0,False,0.0
2024-01-08,1,CVC_CVC_G2,0.0,0.0,False,0.0
2024-01-08,1,CVC_CVC_G3,0.0,0.0,False,0.0
2024-01-08,1,CVC_CVC_G5,0.0,0.0,False,0.0
2024-01-08,1,DANSBY_DANSBYG2,0.0,0.0,False,0.0
2024-01-08,1,DANSBY_DANSBYG3,0.0,0.0,False,0.0
2024-01-08,1,DANSBY_DANSBYG1,0.0,0.0,False,0.0
2024-01-08,1,DECKER_DPGT_1,0.0,0.0,False,0.0
2024-01-08,1,DECKER_DPGT_2,0.0,0.0,False,0.0
2024-01-08,1,DECKER_DPGT_3,0.0,0.0,False,0.0
2024-01-08,1,DECKER_DPGT_4,0.0,0.0,False,0.0
2024-01-08,1,DCSES_CT10,0.0,0.0,False,0.0
2024-01-08,1,DCSES_CT20,0.0,0.0,False,0.0
2024-01-08,1,DCSES_CT30,0.0,0.0,False,0.0
2024-01-08,1,DCSES_CT40,0.0,0.0,False,0.0
2024-01-08,1,DDPEC_GT1,60.9,142.1,True,1705.2
2024-01-08,1,DDPEC_GT2,64.5,150.5,True,1806.0
2024-01-08,1,DDPEC_GT3,60.9,142.1,True,1705.2
2024-01-08,1,DDPEC_GT4,64.5,150.5,True,1806.0
2024-01-08,1,DDPEC_GT6,184.4237813412446,14.576218658755408,True,5163.8659
2024-01-08,1,DDPEC_ST1,290.0,0.0,True,8120.0
2024-01-08,1,DEC_AGR_A,0.0,0.0,False,0.0
2024-01-08,1,DEC_AGR_B,0.0,0.0,False,0.0
2024-01-08,1,DEC_AGR_C,0.0,0.0,False,0.0
2024-01-08,1,DEC_AGR_D,0.0,0.0,False,0.0
2024-01-08,1,ECEC_G1,0.0,0.0,False,0.0
2024-01-08,1,ECEC_G2,0.0,0.0,False,0.0
2024-01-08,1,ETCCS_CT1,0.0,0.0,False,0.0
2024-01-08,1,ETCCS_UNIT1,0.0,0.0,False,0.0
2024-01-08,1,AZ_AZ_G1,0.0,0.0,False,0.0
2024-01-08,1,AZ_AZ_G2,0.0,0.0,False,0.0
2024-01-08,1,AZ_AZ_G3,0.0,0.0,False,0.0
2024-01-08,1,AZ_AZ_G4,0.0,0.0,False,0.0
2024-01-08,1,FERGCC_FERGGT1,0.0,0.0,False,0.0
2024-01-08,1,FERGCC_FERGGT2,0.0,0.0,False,0.0
2024-01-08,1,FERGCC_FERGST1,0.0,0.0,False,0.0
2024-01-08,1,FRNYPP_GT11,0.0,0.0,False,0.0
2024-01-08,1,FRNYPP_GT12,0.0,0.0,False,0.0
2024-01-08,1,FRNYPP_GT13,0.0,0.0,False,0.0
2024-01-08,1,FRNYPP_GT21,0.0,0.0,False,0.0
2024-01-08,1,FRNYPP_GT22,0.0,0.0,False,0.0
2024-01-08,1,FRNYPP_GT23,0.0,0.0,False,0.0
2024-01-08,1,FRNYPP_ST10,0.0,0.0,False,0.0
2024-01-08,1,FRNYPP_ST20,0.0,0.0,False,0.0
2024-01-08,1,FREC_GT1,0.0,0.0,False,0.0
2024-01-08,1,FREC_GT2,0.0,0.0,False,0.0
2024-01-08,1,FREC_GT4,0.0,0.0,False,0.0
2024-01-08,1,FREC_GT5,0.0,0.0,False,0.0
2024-01-08,1,FREC_ST3,0.0,0.0,False,0.0
2024-01-08,1,FREC_ST6,0.0,0.0,False,0.0
2024-01-08,1,FEGC_UNIT1,0.0,0.0,False,0.0
2024-01-08,1,FRONT_EC_CT1,0.0,0.0,False,0.0
2024-01-08,1,FRONT_EC_CT2,0.0,0.0,False,0.0
2024-01-08,1,FRONT_EC_ST,0.0,0.0,False,0.0
2024-01-08,1,GRSES_UNIT1,0.0,0.0,False,0.0
2024-01-08,1,GRSES_UNIT2,0.0,0.0,False,0.0
2024-01-08,1,GBY_GBYGT73,0.0,0.0,False,0.0
2024-01-08,1,GBY_GBYGT74,0.0,0.0,False,0.0
2024-01-08,1,GBY_GBYGT81,0.0,0.0,False,0.0
2024-01-08,1,GBY_GBYGT82,0.0,0.0,False,0.0
2024-01-08,1,GBY_GBYGT83,0.0,0.0,False,0.0
2024-01-08,1,GBY_GBYGT84,0.0,0.0,False,0.0
2024-01-08,1,STEAM_ENGINE_1,0.0,0.0,False,0.0
2024-01-08,1,STEAM_ENGINE_2,0.0,0.0,False,0.0
2024-01-08,1,STEAM_ENGINE_3,0.0,0.0,False,0.0
2024-01-08,1,LGE_LGE_GT1,0.0,0.0,False,0.0
2024-01-08,1,LGE_LGE_GT2,0.0,0.0,False,0.0
2024-01-08,1,LGE_LGE_STG,0.0,0.0,False,0.0
2024-01-08,1,GUADG_GAS1,0.0,0.0,False,0.0
2024-01-08,1,GUADG_GAS2,0.0,0.0,False,0.0
2024-01-08,1,GUADG_GAS3,0.0,0.0,False,0.0
2024-01-08,1,GUADG_GAS4,0.0,0.0,False,0.0
2024-01-08,1,GUADG_STM5,0.0,0.0,False,0.0
2024-01-08,1,GUADG_STM6,0.0,0.0,False,0.0
2024-01-08,1,HLSES_UNIT3,0.0,0.0,False,0.0
2024-01-08,1,HLSES_UNIT4,0.0,0.0,False,0.0
2024-01-08,1,HLSES_UNIT5,0.0,0.0,False,0.0
2024-01-08,1,HAYSEN_HAYSENG1,0.0,0.0,False,0.0
2024-01-08,1,HAYSEN_HAYSENG2,0.0,0.0,False,0.0
2024-01-08,1,HAYSEN_HAYSENG3,0.0,0.0,False,0.0
2024-01-08,1,HAYSEN_HAYSENG4,0.0,0.0,False,0.0
2024-01-08,1,DUKE_DUKE_GT1,0.0,0.0,False,0.0
2024-01-08,1,DUKE_DUKE_GT2,0.0,0.0,False,0.0
2024-01-08,1,DUKE_DUKE_ST1,0.0,0.0,False,0.0
2024-01-08,1,JACKCNTY_CT1,0.0,0.0,False,0.0
2024-01-08,1,JACKCNTY_CT2,0.0,0.0,False,0.0
2024-01-08,1,JCKCNTY2_CT3,0.0,0.0,False,0.0
2024-01-08,1,JCKCNTY2_CT4,0.0,0.0,False,0.0
2024-01-08,1,JACKCNTY_STG,96.18,224.42000000000002,True,2693.04
2024-01-08,1,JCKCNTY2_ST2,0.0,0.0,False,0.0
2024-01-08,1,TEN_CT1,0.0,0.0,False,0.0
2024-01-08,1,TEN_STG,0.0,0.0,False,0.0
2024-01-08,1,LHSES_UNIT1,0.0,0.0,False,0.0
2024-01-08,1,LHSES_UNIT2A,0.0,0.0,False,0.0
2024-01-08,1,LPCCS_CT11,55.8,130.2,True,1562.4
2024-01-08,1,LPCCS_CT12,55.8,130.2,True,1562.4
2024-01-08,1,LPCCS_CT21,55.8,130.2,True,1562.4
2024-01-08,1,LPCCS_CT22,55.8,130.2,True,1562.4
2024-01-08,1,LPCCS_UNIT1,64.8,151.2,True,1814.4
2024-01-08,1,LPCCS_UNIT2,64.8,151.2,True,1814.4
2024-01-08,1,LARDVFTN_G4,0.0,0.0,False,0.0
2024-01-08,1,LARDVFTN_G5,0.0,0.0,False,0.0
2024-01-08,1,LEON_CRK_LCPCT1,0.0,0.0,False,0.0
2024-01-08,1,LEON_CRK_LCPCT2,0.0,0.0,False,0.0
2024-01-08,1,LEON_CRK_LCPCT3,0.0,0.0,False,0.0
2024-01-08,1,LEON_CRK_LCPCT4,0.0,0.0,False,0.0
2024-01-08,1,LIG_UNIT1,0.0,0.0,False,0.0
2024-01-08,1,LIG_UNIT2,0.0,0.0,False,0.0
2024-01-08,1,LOSTPI_LOSTPGT1,0.0,0.0,False,0.0
2024-01-08,1,LOSTPI_LOSTPGT2,0.0,0.0,False,0.0
2024-01-08,1,LOSTPI_LOSTPST1,0.0,0.0,False,0.0
2024-01-08,1,NEDIN_NEDIN_G1,0.0,0.0,False,0.0
2024-01-08,1,NEDIN_NEDIN_G2,0.0,0.0,False,0.0
2024-01-08,1,NEDIN_NEDIN_G3,0.0,0.0,False,0.0
2024-01-08,1,MDANP_CT1,0.0,0.0,False,0.0
2024-01-08,1,MDANP_CT2,0.0,0.0,False,0.0
2024-01-08,1,MDANP_CT3,0.0,0.0,False,0.0
2024-01-08,1,MDANP_CT4,0.0,0.0,False,0.0
2024-01-08,1,MDANP_CT5,0.0,0.0,False,0.0
2024-01-08,1,MDANP_CT6,0.0,0.0,False,0.0
2024-01-08,1,MGSES_CT1,0.0,0.0,False,0.0
2024-01-08,1,MGSES_CT2,0.0,0.0,False,0.0
2024-01-08,1,MGSES_CT3,0.0,0.0,False,0.0
2024-01-08,1,MGSES_CT4,0.0,0.0,False,0.0
2024-01-08,1,MGSES_CT5,0.0,0.0,False,0.0
2024-01-08,1,MGSES_CT6,0.0,0.0,False,0.0
2024-01-08,1,MCSES_UNIT6,0.0,0.0,False,0.0
2024-01-08,1,MCSES_UNIT7,0.0,0.0,False,0.0
2024-01-08,1,MCSES_UNIT8,0.0,0.0,False,0.0
2024-01-08,1,NUECES_B_NUECESG8,0.0,0.0,False,0.0
2024-01-08,1,NUECES_B_NUECESG9,0.0,0.0,False,0.0
2024-01-08,1,NUECES_B_NUECESG7,0.0,0.0,False,0.0
2024-01-08,1,CALAVERS_OWS1,0.0,0.0,False,0.0
2024-01-08,1,CALAVERS_OWS2,0.0,0.0,False,0.0
2024-01-08,1,OECCS_CT11,0.0,0.0,False,0.0
2024-01-08,1,OECCS_CT12,0.0,0.0,False,0.0
2024-01-08,1,OECCS_CT21,0.0,0.0,False,0.0
2024-01-08,1,OECCS_CT22,0.0,0.0,False,0.0
2024-01-08,1,OECCS_UNIT1,0.0,0.0,False,0.0
2024-01-08,1,OECCS_UNIT2,0.0,0.0,False,0.0
2024-01-08,1,VICTPRT2_UNIT1,0.0,0.0,False,0.0
2024-01-08,1,VICTPRT2_UNIT2,0.0,0.0,False,0.0
2024-01-08,1,PANDA_S_SHER1CT1,69.6,162.4,True,1948.8
2024-01-08,1,PANDA_S_SHER1CT2,69.6,162.4,True,1948.8
2024-01-08,1,PANDA_S_SHER1ST1,105.93,247.17000000000002,True,2966.04
2024-01-08,1,PANDA_T1_TMPL1CT1,0.0,0.0,False,0.0
2024-01-08,1,PANDA_T1_TMPL1CT2,0.0,0.0,False,0.0
2024-01-08,1,PANDA_T1_TMPL1ST1,0.0,0.0,False,0.0
2024-01-08,1,PANDA_T2_TMPL2CT1,0.0,0.0,False,0.0
2024-01-08,1,PANDA_T2_TMPL2CT2,0.0,0.0,False,0.0
2024-01-08,1,PANDA_T2_TMPL2ST1,0.0,0.0,False,0.0
2024-01-08,1,TNSKA_GT1,0.0,0.0,False,0.0
2024-01-08,1,TNSKA_GT2,0.0,0.0,False,0.0
2024-01-08,1,TNSKA_STG,0.0,0.0,False,0.0
2024-01-08,1,PSG_PSG_GT2,215.1,0.0,True,6022.8
2024-01-08,1,PSG_PSG_GT3,215.1,0.0,True,6022.8
2024-01-08,1,PSG_PSG_ST2,195.5,0.0,True,5474.0
2024-01-08,1,PEARSAL2_AGR_A,0.0,0.0,False,0.0
2024-01-08,1,PEARSAL2_AGR_B,0.0,0.0,False,0.0
2024-01-08,1,PEARSAL2_AGR_C,0.0,0.0,False,0.0
2024-01-08,1,PEARSAL2_AGR_D,0.0,0.0,False,0.0
2024-01-08,1,PB2SES_CT1,0.0,0.0,False,0.0
2024-01-08,1,PB2SES_CT2,0.0,0.0,False,0.0
2024-01-08,1,PB2SES_CT3,0.0,0.0,False,0.0
2024-01-08,1,PB2SES_CT4,0.0,0.0,False,0.0
2024-01-08,1,PB2SES_CT5,0.0,0.0,False,0.0
2024-01-08,1,PRO_UNIT1,0.0,0.0,False,0.0
2024-01-08,1,PRO_UNIT2,0.0,0.0,False,0.0
2024-01-08,1,PRO_UNIT3,0.0,0.0,False,0.0
2024-01-08,1,PRO_UNIT4,0.0,0.0,False,0.0
2024-01-08,1,PRO_UNIT5,0.0,0.0,False,0.0
2024-01-08,1,PRO_UNIT6,0.0,0.0,False,0.0
2024-01-08,1,PRO_UNIT7,0.0,0.0,False,0.0
2024-01-08,1,PRO_UNIT8,0.0,0.0,False,0.0
2024-01-08,1,BAC_CTG1,0.0,0.0,False,0.0
2024-01-08,1,BAC_CTG2,0.0,0.0,False,0.0
2024-01-08,1,BAC_CTG3,0.0,0.0,False,0.0
2024-01-08,1,BAC_CTG4,0.0,0.0,False,0.0
2024-01-08,1,BAC_CTG5,0.0,0.0,False,0.0
2024-01-08,1,BAC_CTG6,0.0,0.0,False,0.0
2024-01-08,1,STEAM1A_STEAM_1,0.0,0.0,False,0.0
2024-01-08,1,STEAM_STEAM_2,0.0,0.0,False,0.0
2024-01-08,1,STEAM_STEAM_3,0.0,0.0,False,0.0
2024-01-08,1,QALSW_GT1,0.0,0.0,False,0.0
2024-01-08,1,QALSW_GT2,0.0,0.0,False,0.0
2024-01-08,1,QALSW_GT3,0.0,0.0,False,0.0
2024-01-08,1,QALSW_GT4,0.0,0.0,False,0.0
2024-01-08,1,QALSW_STG1,0.0,0.0,False,0.0
2024-01-08,1,QALSW_STG2,0.0,0.0,False,0.0
2024-01-08,1,MIL_MILLERG4,0.0,0.0,False,0.0
2024-01-08,1,MIL_MILLERG5,0.0,0.0,False,0.0
2024-01-08,1,MIL_MILLERG1,0.0,0.0,False,0.0
2024-01-08,1,MIL_MILLERG2,0.0,0.0,False,0.0
2024-01-08,1,MIL_MILLERG3,0.0,0.0,False,0.0
2024-01-08,1,OLINGR_OLING_4,0.0,0.0,False,0.0
2024-01-08,1,OLINGR_OLING_2,0.0,0.0,False,0.0
2024-01-08,1,OLINGR_OLING_3,0.0,0.0,False,0.0
2024-01-08,1,RAB_UNIT1,0.0,0.0,False,0.0
2024-01-08,1,RAB_UNIT2,0.0,0.0,False,0.0
2024-01-08,1,RAB_UNIT3,0.0,0.0,False,0.0
2024-01-08,1,RAB_UNIT4,0.0,0.0,False,0.0
2024-01-08,1,RAB_UNIT5,0.0,0.0,False,0.0
2024-01-08,1,RAB_UNIT6,0.0,0.0,False,0.0
2024-01-08,1,RAB_UNIT7,0.0,0.0,False,0.0
2024-01-08,1,RAB_UNIT8,0.0,0.0,False,0.0
2024-01-08,1,REDGATE_AGR_A,0.0,0.0,False,0.0
2024-01-08,1,REDGATE_AGR_B,0.0,0.0,False,0.0
2024-01-08,1,REDGATE_AGR_C,0.0,0.0,False,0.0
2024-01-08,1,REDGATE_AGR_D,0.0,0.0,False,0.0
2024-01-08,1,JAD_UNIT1,0.0,0.0,False,0.0
2024-01-08,1,JAD_UNIT2,0.0,0.0,False,0.0
2024-01-08,1,JAD_UNIT3,0.0,0.0,False,0.0
2024-01-08,1,JAD_UNIT4,0.0,0.0,False,0.0
2024-01-08,1,JAD_UNIT5,0.0,0.0,False,0.0
2024-01-08,1,JAD_UNIT6,0.0,0.0,False,0.0
2024-01-08,1,JAD_UNIT7,0.0,0.0,False,0.0
2024-01-08,1,JAD_UNIT8,0.0,0.0,False,0.0
2024-01-08,1,RIONOG_CT1,0.0,0.0,False,0.0
2024-01-08,1,RIONOG_CT2,0.0,0.0,False,0.0
2024-01-08,1,RIONOG_CT3,0.0,0.0,False,0.0
2024-01-08,1,RIONOG_ST1,0.0,0.0,False,0.0
2024-01-08,1,RAYBURN_RAYBURG7,18.15,42.35,True,508.2
2024-01-08,1,RAYBURN_RAYBURG8,18.15,42.35,True,508.2
2024-01-08,1,RAYBURN_RAYBURG9,18.15,42.35,True,508.2
2024-01-08,1,RAYBURN_RAYBURG10,12.6,29.4,True,352.8
2024-01-08,1,SJS_SJS_G1,0.0,0.0,False,0.0
2024-01-08,1,SJS_SJS_G2,0.0,0.0,False,0.0
2024-01-08,1,SANDHSYD_SH1,0.0,0.0,False,0.0
2024-01-08,1,SANDHSYD_SH2,0.0,0.0,False,0.0
2024-01-08,1,SANDHSYD_SH3,0.0,0.0,False,0.0
2024-01-08,1,SANDHSYD_SH4,0.0,0.0,False,0.0
2024-01-08,1,SANDHSYD_SH_5A,0.0,0.0,False,0.0
2024-01-08,1,SANDHSYD_SH6,0.0,0.0,False,0.0
2024-01-08,1,SANDHSYD_SH7,0.0,0.0,False,0.0
2024-01-08,1,SANDHSYD_SH_5C,0.0,0.0,False,0.0
2024-01-08,1,SILASRAY_SILAS_10,0.0,0.0,False,0.0
2024-01-08,1,SILASRAY_SILAS_9,0.0,0.0,False,0.0
2024-01-08,1,SILASRAY_SILAS_6,0.0,0.0,False,0.0
2024-01-08,1,GIDEON_GIDEONG1,0.0,0.0,False,0.0
2024-01-08,1,GIDEON_GIDEONG2,0.0,0.0,False,0.0
2024-01-08,1,GIDEON_GIDEONG3,0.0,0.0,False,0.0
2024-01-08,1,SKY1_SKY1A,0.0,0.0,False,0.0
2024-01-08,1,SKY1_SKY1B,0.0,0.0,False,0.0
2024-01-08,1,SPNCER_SPNCE_4,0.0,0.0,False,0.0
2024-01-08,1,SPNCER_SPNCE_5,0.0,0.0,False,0.0
2024-01-08,1,SCSES_UNIT1A,0.0,0.0,False,0.0
2024-01-08,1,SCSES_UNIT2,0.0,0.0,False,0.0
2024-01-08,1,THW_THWGT_1,0.0,0.0,False,0.0
2024-01-08,1,THW_THWGT31,0.0,0.0,False,0.0
2024-01-08,1,THW_THWGT32,0.0,0.0,False,0.0
2024-01-08,1,THW_THWGT33,0.0,0.0,False,0.0
2024-01-08,1,THW_THWGT34,0.0,0.0,False,0.0
2024-01-08,1,THW_THWGT41,0.0,0.0,False,0.0
2024-01-08,1,THW_THWGT42,0.0,0.0,False,0.0
2024-01-08,1,THW_THWGT43,0.0,0.0,False,0.0
2024-01-08,1,THW_THWGT44,0.0,0.0,False,0.0
2024-01-08,1,THW_THWGT51,0.0,0.0,False,0.0
2024-01-08,1,THW_THWGT52,0.0,0.0,False,0.0
2024-01-08,1,THW_THWGT53,0.0,0.0,False,0.0
2024-01-08,1,THW_THWGT54,0.0,0.0,False,0.0
2024-01-08,1,THW_THWGT55,0.0,0.0,False,0.0
2024-01-08,1,THW_THWGT56,0.0,0.0,False,0.0
2024-01-08,1,THW_THWST_3,0.0,0.0,False,0.0
2024-01-08,1,THW_THWST_4,0.0,0.0,False,0.0
2024-01-08,1,TXCTY_CTA,129.1,0.0,True,3614.8
2024-01-08,1,TXCTY_CTB,129.1,0.0,True,3614.8
2024-01-08,1,TXCTY_CTC,129.1,0.0,True,3614.8
2024-01-08,1,TXCTY_ST,143.7,0.0,True,4023.6
2024-01-08,1,TGS_GT01,0.0,0.0,False,0.0
2024-01-08,1,TIMPP_AGR1,0.0,0.0,False,0.0
2024-01-08,1,TIMPP_AGR2,0.0,0.0,False,0.0
2024-01-08,1,TIMPP_AGR3,0.0,0.0,False,0.0
2024-01-08,1,TIMPP_AGR4,0.0,0.0,False,0.0
2024-01-08,1,TRSES_UNIT6,0.0,0.0,False,0.0
2024-01-08,1,TOPAZ_UNIT1,0.0,0.0,False,0.0
2024-01-08,1,TOPAZ_UNIT2,0.0,0.0,False,0.0
2024-01-08,1,TOPAZ_UNIT3,0.0,0.0,False,0.0
2024-01-08,1,TOPAZ_UNIT4,0.0,0.0,False,0.0
2024-01-08,1,TOPAZ_UNIT5,0.0,0.0,False,0.0
2024-01-08,1,TOPAZ_UNIT6,0.0,0.0,False,0.0
2024-01-08,1,TOPAZ_UNIT7,0.0,0.0,False,0.0
2024-01-08,1,TOPAZ_UNIT8,0.0,0.0,False,0.0
2024-01-08,1,TOPAZ_UNIT9,0.0,0.0,False,0.0
2024-01-08,1,TOPAZ_UNIT10,0.0,0.0,False,0.0
2024-01-08,1,BRAUNIG_VHB6CT5,0.0,0.0,False,0.0
2024-01-08,1,BRAUNIG_VHB6CT6,0.0,0.0,False,0.0
2024-01-08,1,BRAUNIG_VHB6CT7,0.0,0.0,False,0.0
2024-01-08,1,BRAUNIG_VHB6CT8,0.0,0.0,False,0.0
2024-01-08,1,CITYVICT_CTG01,0.0,0.0,False,0.0
2024-01-08,1,CITYVICT_CTG02,0.0,0.0,False,0.0
2024-01-08,1,VICTPORT_CTG01,0.0,0.0,False,0.0
2024-01-08,1,VICTPORT_CTG02,0.0,0.0,False,0.0
2024-01-08,1,VICTORIA_VICTORG6,0.0,0.0,False,0.0
2024-01-08,1,VICTORIA_VICTORG5,0.0,0.0,False,0.0
2024-01-08,1,WAP_WAPGT_1,0.0,0.0,False,0.0
2024-01-08,1,WAP_WAP_G1,0.0,0.0,False,0.0
2024-01-08,1,WAP_WAP_G2,0.0,0.0,False,0.0
2024-01-08,1,WAP_WAP_G3,0.0,0.0,False,0.0
2024-01-08,1,WAP_WAP_G4,0.0,0.0,False,0.0
2024-01-08,1,WFCOGEN_UNIT1,0.0,0.0,False,0.0
2024-01-08,1,WFCOGEN_UNIT2,0.0,0.0,False,0.0
2024-01-08,1,WFCOGEN_UNIT3,0.0,0.0,False,0.0
2024-01-08,1,WIPOPA_WPP_G1,0.0,0.0,False,0.0
2024-01-08,1,WIPOPA_WPP_G2,0.0,0.0,False,0.0
2024-01-08,1,WIPOPA_WPP_G3,0.0,0.0,False,0.0
2024-01-08,1,WIPOPA_WPP_G4,0.0,0.0,False,0.0
2024-01-08,1,WCPP_CT1,0.0,0.0,False,0.0
2024-01-08,1,WCPP_CT2,0.0,0.0,False,0.0
2024-01-08,1,WCPP_ST1,0.0,0.0,False,0.0
2024-01-08,1,WHCCS_CT1,0.0,0.0,False,0.0
2024-01-08,1,WHCCS_CT2,0.0,0.0,False,0.0
2024-01-08,1,WHCCS_STG,0.0,0.0,False,0.0
2024-01-08,1,WHCCS2_CT4,0.0,0.0,False,0.0
2024-01-08,1,WHCCS2_CT5,0.0,0.0,False,0.0
2024-01-08,1,WHCCS2_STG6,0.0,0.0,False,0.0
2024-01-08,1,NACPW_UNIT1,0.0,0.0,False,0.0
2024-01-08,1,HBR_2UNITS,0.0,0.0,False,0.0
2024-01-08,1,TRIRA_1UNIT,0.0,0.0,False,0.0
2024-01-08,1,78252_4UNITS,0.0,0.0,False,0.0
2024-01-08,1,SPRIN_4UNITS,0.0,0.0,False,0.0
2024-01-08,1,FREIH_2UNITS,0.0,0.0,False,0.0
2024-01-08,1,WSTHL_3UNITS,0.0,0.0,False,0.0
2024-01-08,1,FEGC_CTG2,0.0,0.0,False,0.0
2024-01-08,1,FEGC_CTG3,0.0,0.0,False,0.0
2024-01-08,1,FEGC_CTG4,0.0,0.0,False,0.0
2024-01-08,1,OLNEYTN_AGR1,0.0,0.0,False,0.0
2024-01-08,1,AMISTAD_AMISTAG1,37.9,0.0,True,37.9
2024-01-08,1,AMISTAD_AMISTAG2,37.9,0.0,True,37.9
2024-01-08,1,AUSTPL_AUSTING1,9.0,0.0,True,9.0
2024-01-08,1,AUSTPL_AUSTING2,9.0,0.0,True,9.0
2024-01-08,1,BUCHAN_BUCHANG1,18.299999999999997,3.552713678800501e-15,True,18.3
2024-01-08,1,BUCHAN_BUCHANG2,18.299999999999997,3.552713678800501e-15,True,18.3
2024-01-08,1,BUCHAN_BUCHANG3,18.299999999999997,3.552713678800501e-15,True,18.3
2024-01-08,1,DNDAM_DENISOG1,50.8,0.0,True,50.8
2024-01-08,1,DNDAM_DENISOG2,50.8,0.0,True,50.8
2024-01-08,1,FALCON_FALCONG1,12.0,0.0,True,12.0
2024-01-08,1,FALCON_FALCONG2,12.0,0.0,True,12.0
2024-01-08,1,FALCON_FALCONG3,12.0,0.0,True,12.0
2024-01-08,1,WIRTZ_WIRTZ_G1,29.0,0.0,True,29.0
2024-01-08,1,WIRTZ_WIRTZ_G2,29.0,0.0,True,29.0
2024-01-08,1,CANYHY_CANYHYG1,6.0,0.0,True,6.0
2024-01-08,1,INKSDA_INKS_G1,15.0,0.0,True,15.0
2024-01-08,1,MARBFA_MARBFAG1,21.0,0.0,True,21.0
2024-01-08,1,MARBFA_MARBFAG2,20.0,0.0,True,20.0
2024-01-08,1,MARSFO_MARSFOG1,36.0,0.0,True,36.0
2024-01-08,1,MARSFO_MARSFOG2,36.0,0.0,True,36.0
2024-01-08,1,MARSFO_MARSFOG3,36.0,0.0,True,36.0
2024-01-08,1,WND_WHITNEY1,22.0,0.0,True,22.0
2024-01-08,1,WND_WHITNEY2,22.0,0.0,True,22.0
2024-01-08,1,AEEC_ANTLP_1,0.0,0.0,False,0.0
2024-01-08,1,AEEC_ANTLP_2,0.0,0.0,False,0.0
2024-01-08,1,AEEC_ANTLP_3,0.0,0.0,False,0.0
2024-01-08,1,AEEC_ELK_1,0.0,0.0,False,0.0
2024-01-08,1,AEEC_ELK_2,0.0,0.0,False,0.0
2024-01-08,1,AEEC_ELK_3,0.0,0.0,False,0.0
2024-01-08,1,FTR_FTR_G1,0.0,0.0,False,0.0
2024-01-08,1,FTR_FTR_G2,0.0,0.0,False,0.0
2024-01-08,1,FTR_FTR_G3,0.0,0.0,False,0.0
2024-01-08,1,FTR_FTR_G4,0.0,0.0,False,0.0
2024-01-08,1,TGCCS_CT1,0.0,0.0,False,0.0
2024-01-08,1,TGCCS_CT2,0.0,0.0,False,0.0
2024-01-08,1,TGCCS_CT3,0.0,0.0,False,0.0
2024-01-08,1,TGCCS_UNIT4,0.0,0.0,False,0.0
2024-01-08,1,KMCHI_1CT101,55.5,129.5,True,1554.0
2024-01-08,1,KMCHI_1CT201,55.5,129.5,True,1554.0
2024-01-08,1,KMCHI_1ST,99.0,231.0,True,2772.0
2024-01-08,1,KMCHI_2CT101,55.5,129.5,True,1554.0
2024-01-08,1,KMCHI_2CT201,55.5,129.5,True,1554.0
2024-01-08,1,KMCHI_2ST,99.0,231.0,True,2772.0
2024-01-08,1,A4_DGR1,0.0,0.0,False,0.0
2024-01-08,1,A4_DGR2,0.0,0.0,False,0.0
2024-01-08,1,K2_DGR1,0.0,0.0,False,0.0
2024-01-08,1,K2_DGR2,0.0,0.0,False,0.0
2024-01-08,1,P2_DGR1,0.0,0.0,False,0.0
2024-01-08,1,P2_DGR2,0.0,0.0,False,0.0
2024-01-08,1,Q1_DGR1,0.0,0.0,False,0.0
2024-01-08,1,BRAUNIG_VHB3,0.0,0.0,False,0.0
2024-01-08,1,V2_DGR1,0.0,0.0,False,0.0
2024-01-08,1,V2_DGR2,0.0,0.0,False,0.0
2024-01-08,1,V2_DGR3,0.0,0.0,False,0.0
2024-01-08,1,V4_DGR1,0.0,0.0,False,0.0
2024-01-08,1,X1_DGR1,0.0,0.0,False,0.0
2024-01-08,1,Z0_DGR1,0.0,0.0,False,0.0
2024-01-08,1,Z0_DGR2,0.0,0.0,False,0.0
2024-01-08,1,Z5_DGR1,0.0,0.0,False,0.0
2024-01-08,1,DC_E,0.0,0.0,False,0.0
2024-01-08,1,DC_N,0.0,0.0,False,0.0
2024-01-08,1,DC_L,0.0,0.0,False,0.0
2024-01-08,1,DC_R,0.0,0.0,False,0.0
2024-01-08,1,CEDARVALE_GAS,0.0,0.0,False,0.0
2024-01-08,1,ENCHANTED_ROCK_NEWPP,0.0,0.0,False,0.0
2024-01-08,2,CPSES_UNIT1,1269.0,0.0,True,10152.0
2024-01-08,2,CPSES_UNIT2,1269.0,0.0,True,10152.0
2024-01-08,2,STP_STP_G1,1228.5,136.5,True,9828.0
2024-01-08,2,STP_STP_G2,1228.5,136.5,True,9828.0
2024-01-08,2,COLETO_COLETOG1,0.0,0.0,False,0.0
2024-01-08,2,FPPYD1_FPP_G1,0.0,0.0,False,0.0
2024-01-08,2,FPPYD1_FPP_G2,0.0,0.0,False,0.0
2024-01-08,2,FPPYD2_FPP_G3,0.0,0.0,False,0.0
2024-01-08,2,CALAVERS_JKS1,0.0,0.0,False,0.0
2024-01-08,2,CALAVERS_JKS2,0.0,0.0,False,0.0
2024-01-08,2,LEG_LEG_G1,357.2,535.8,True,8930.0
2024-01-08,2,LEG_LEG_G2,382.72,574.0799999999999,True,9568.0
2024-01-08,2,MLSES_UNIT1,837.9313583818666,55.06864161813337,True,20948.284
2024-01-08,2,MLSES_UNIT2,357.2,535.8,True,8930.0
2024-01-08,2,MLSES_UNIT3,357.2,535.8,True,8930.0
2024-01-08,2,OGSES_UNIT1A,0.0,0.0,False,0.0
2024-01-08,2,OGSES_UNIT2,0.0,0.0,False,0.0
2024-01-08,2,SANMIGL_G1,0.0,0.0,False,0.0
2024-01-08,2,SCES_UNIT1,0.0,0.0,False,0.0
2024-01-08,2,TNP_ONE_TNP_O_1,0.0,0.0,False,0.0
2024-01-08,2,TNP_ONE_TNP_O_2,0.0,0.0,False,0.0
2024-01-08,2,WAP_WAP_G5,293.64,440.46,True,7341.0
2024-01-08,2,WAP_WAP_G6,422.5408953775092,311.5591046224908,True,10563.5224
2024-01-08,2,WAP_WAP_G7,245.84,368.76,True,6146.0
2024-01-08,2,WAP_WAP_G8,261.6,392.4,True,6540.0
2024-01-08,2,BRAUNIG_AVR1_CT1,0.0,0.0,False,0.0
2024-01-08,2,BRAUNIG_AVR1_CT2,0.0,0.0,False,0.0
2024-01-08,2,BRAUNIG_AVR1_ST,0.0,0.0,False,0.0
2024-01-08,2,ATKINS_ATKINSG7,0.0,0.0,False,0.0
2024-01-08,2,B_DAVIS_B_DAVIG3,0.0,0.0,False,0.0
2024-01-08,2,B_DAVIS_B_DAVIG4,0.0,0.0,False,0.0
2024-01-08,2,B_DAVIS_B_DAVIG1,0.0,0.0,False,0.0
2024-01-08,2,B_DAVIS_B_DAVIG2,0.0,0.0,False,0.0
2024-01-08,2,BASTEN_GTG1100,0.0,0.0,False,0.0
2024-01-08,2,BASTEN_GTG2100,0.0,0.0,False,0.0
2024-01-08,2,BASTEN_ST0100,0.0,0.0,False,0.0
2024-01-08,2,BCH_UNIT1,0.0,0.0,False,0.0
2024-01-08,2,BCH_UNIT2,0.0,0.0,False,0.0
2024-01-08,2,BCH_UNIT3,0.0,0.0,False,0.0
2024-01-08,2,BCH_UNIT4,0.0,0.0,False,0.0
2024-01-08,2,BCH_UNIT5,0.0,0.0,False,0.0
2024-01-08,2,BCH_UNIT6,0.0,0.0,False,0.0
2024-01-08,2,BCH_UNIT7,0.0,0.0,False,0.0
2024-01-08,2,BCH_UNIT8,0.0,0.0,False,0.0
2024-01-08,2,BOSQUESW_BSQSU_1,0.0,0.0,False,0.0
2024-01-08,2,BOSQUESW_BSQSU_2,0.0,0.0,False,0.0
2024-01-08,2,BOSQUESW_BSQSU_3,0.0,0.0,False,0.0
2024-01-08,2,BOSQUESW_BSQSU_4,0.0,0.0,False,0.0
2024-01-08,2,BOSQUESW_BSQSU_5,0.0,0.0,False,0.0
2024-01-08,2,BVE_UNIT1,0.0,0.0,False,0.0
2024-01-08,2,BVE_UNIT2,0.0,0.0,False,0.0
2024-01-08,2,BVE_UNIT3,0.0,0.0,False,0.0
2024-01-08,2,BTM_UNIT1,0.0,0.0,False,0.0
2024-01-08,2,BTM_UNIT2,0.0,0.0,False,0.0
2024-01-08,2,BTM_UNIT3,0.0,0.0,False,0.0
2024-01-08,2,BTM_UNIT4,0.0,0.0,False,0.0
2024-01-08,2,BTM_UNIT5,0.0,0.0,False,0.0
2024-01-08,2,BTM_UNIT6,0.0,0.0,False,0.0
2024-01-08,2,BTM_UNIT7,0.0,0.0,False,0.0
2024-01-08,2,BTM_UNIT8,0.0,0.0,False,0.0
2024-01-08,2,FLCNS_UNIT1,0.0,0.0,False,0.0
2024-01-08,2,FLCNS_UNIT2,0.0,0.0,False,0.0
2024-01-08,2,CALHOUN_UNIT1,0.0,0.0,False,0.0
2024-01-08,2,CALHOUN_UNIT2,0.0,0.0,False,0.0
2024-01-08,2,CHAMON_CTG_0101,0.0,0.0,False,0.0
2024-01-08,2,CHAMON_CTG_0301,0.0,0.0,False,0.0
2024-01-08,2,CBY4_CT41,61.5,143.5,True,1722.0
2024-01-08,2,CBY4_CT42,61.5,143.5,True,1722.0
2024-01-08,2,CBY4_ST04,61.5,143.5,True,1722.0
2024-01-08,2,CBY_CBY_G1,0.0,0.0,False,0.0
2024-01-08,2,CBY_CBY_G2,0.0,0.0,False,0.0
2024-01-08,2,CBEC_GT1,0.0,0.0,False,0.0
2024-01-08,2,CBEC_GT2,0.0,0.0,False,0.0
2024-01-08,2,CBEC_GT3,0.0,0.0,False,0.0
2024-01-08,2,CBEC_GT4,0.0,0.0,False,0.0
2024-01-08,2,CBEC_STG1,0.0,0.0,False,0.0
2024-01-08,2,CBEC_STG2,0.0,0.0,False,0.0
2024-01-08,2,CBECII_CT7,0.0,0.0,False,0.0
2024-01-08,2,CBECII_CT8,0.0,0.0,False,0.0
2024-01-08,2,CBECII_STG9,0.0,0.0,False,0.0
2024-01-08,2,CBEC_GT11,0.0,0.0,False,0.0
2024-01-08,2,CBEC_GT12,0.0,0.0,False,0.0
2024-01-08,2,CVC_CVC_G1,0.0,0.0,False,0.0
2024-01-08,2,CVC_CVC_G2,0.0,0.0,False,0.0
2024-01-08,2,CVC_CVC_G3,0.0,0.0,False,0.0
2024-01-08,2,CVC_CVC_G5,0.0,0.0,False,0.0
2024-01-08,2,DANSBY_DANSBYG2,0.0,0.0,False,0.0
2024-01-08,2,DANSBY_DANSBYG3,0.0,0.0,False,0.0
2024-01-08,2,DANSBY_DANSBYG1,0.0,0.0,False,0.0
2024-01-08,2,DECKER_DPGT_1,0.0,0.0,False,0.0
2024-01-08,2,DECKER_DPGT_2,0.0,0.0,False,0.0
2024-01-08,2,DECKER_DPGT_3,0.0,0.0,False,0.0
2024-01-08,2,DECKER_DPGT_4,0.0,0.0,False,0.0
2024-01-08,2,DCSES_CT10,0.0,0.0,False,0.0
2024-01-08,2,DCSES_CT20,0.0,0.0,False,0.0
2024-01-08,2,DCSES_CT30,0.0,0.0,False,0.0
2024-01-08,2,DCSES_CT40,0.0,0.0,False,0.0
2024-01-08,2,DDPEC_GT1,60.9,142.1,True,1705.2
2024-01-08,2,DDPEC_GT2,64.5,150.5,True,1806.0
2024-01-08,2,DDPEC_GT3,60.9,142.1,True,1705.2
2024-01-08,2,DDPEC_GT4,215.0,0.0,True,6020.0
2024-01-08,2,DDPEC_GT6,199.0,0.0,True,5572.0
2024-01-08,2,DDPEC_ST1,205.8768000000029,84.1231999999971,True,5764.5504
2024-01-08,2,DEC_AGR_A,0.0,0.0,False,0.0
2024-01-08,2,DEC_AGR_B,0.0,0.0,False,0.0
2024-01-08,2,DEC_AGR_C,0.0,0.0,False,0.0
2024-01-08,2,DEC_AGR_D,0.0,0.0,False,0.0
2024-01-08,2,ECEC_G1,0.0,0.0,False,0.0
2024-01-08,2,ECEC_G2,0.0,0.0,False,0.0
2024-01-08,2,ETCCS_CT1,0.0,0.0,False,0.0
2024-01-08,2,ETCCS_UNIT1,0.0,0.0,False,0.0
2024-01-08,2,AZ_AZ_G1,0.0,0.0,False,0.0
2024-01-08,2,AZ_AZ_G2,0.0,0.0,False,0.0
2024-01-08,2,AZ_AZ_G3,0.0,0.0,False,0.0
2024-01-08,2,AZ_AZ_G4,0.0,0.0,False,0.0
2024-01-08,2,FERGCC_FERGGT1,0.0,0.0,False,0.0
2024-01-08,2,FERGCC_FERGGT2,0.0,0.0,False,0.0
2024-01-08,2,FERGCC_FERGST1,0.0,0.0,False,0.0
2024-01-08,2,FRNYPP_GT11,0.0,0.0,False,0.0
2024-01-08,2,FRNYPP_GT12,0.0,0.0,False,0.0
2024-01-08,2,FRNYPP_GT13,0.0,0.0,False,0.0
2024-01-08,2,FRNYPP_GT21,0.0,0.0,False,0.0
2024-01-08,2,FRNYPP_GT22,0.0,0.0,False,0.0
2024-01-08,2,FRNYPP_GT23,0.0,0.0,False,0.0
2024-01-08,2,FRNYPP_ST10,0.0,0.0,False,0.0
2024-01-08,2,FRNYPP_ST20,0.0,0.0,False,0.0
2024-01-08,2,FREC_GT1,0.0,0.0,False,0.0
2024-01-08,2,FREC_GT2,0.0,0.0,False,0.0
2024-01-08,2,FREC_GT4,0.0,0.0,False,0.0
2024-01-08,2,FREC_GT5,0.0,0.0,False,0.0
2024-01-08,2,FREC_ST3,0.0,0.0,False,0.0
2024-01-08,2,FREC_ST6,0.0,0.0,False,0.0
2024-01-08,2,FEGC_UNIT1,0.0,0.0,False,0.0
2024-01-08,2,FRONT_EC_CT1,0.0,0.0,False,0.0
2024-01-08,2,FRONT_EC_CT2,0.0,0.0,False,0.0
2024-01-08,2,FRONT_EC_ST,0.0,0.0,False,0.0
2024-01-08,2,GRSES_UNIT1,0.0,0.0,False,0.0
2024-01-08,2,GRSES_UNIT2,0.0,0.0,False,0.0
2024-01-08,2,GBY_GBYGT73,0.0,0.0,False,0.0
2024-01-08,2,GBY_GBYGT74,0.0,0.0,False,0.0
2024-01-08,2,GBY_GBYGT81,0.0,0.0,False,0.0
2024-01-08,2,GBY_GBYGT82,0.0,0.0,False,0.0
2024-01-08,2,GBY_GBYGT83,0.0,0.0,False,0.0
2024-01-08,2,GBY_GBYGT84,0.0,0.0,False,0.0
2024-01-08,2,STEAM_ENGINE_1,0.0,0.0,False,0.0
2024-01-08,2,STEAM_ENGINE_2,0.0,0.0,False,0.0
2024-01-08,2,STEAM_ENGINE_3,0.0,0.0,False,0.0
2024-01-08,2,LGE_LGE_GT1,0.0,0.0,False,0.0
2024-01-08,2,LGE_LGE_GT2,0.0,0.0,False,0.0
2024-01-08,2,LGE_LGE_STG,0.0,0.0,False,0.0
2024-01-08,2,GUADG_GAS1,0.0,0.0,False,0.0
2024-01-08,2,GUADG_GAS2,0.0,0.0,False,0.0
2024-01-08,2,GUADG_GAS3,0.0,0.0,False,0.0
2024-01-08,2,GUADG_GAS4,0.0,0.0,False,0.0
2024-01-08,2,GUADG_STM5,0.0,0.0,False,0.0
2024-01-08,2,GUADG_STM6,0.0,0.0,False,0.0
2024-01-08,2,HLSES_UNIT3,0.0,0.0,False,0.0
2024-01-08,2,HLSES_UNIT4,0.0,0.0,False,0.0
2024-01-08,2,HLSES_UNIT5,0.0,0.0,False,0.0
2024-01-08,2,HAYSEN_HAYSENG1,0.0,0.0,False,0.0
2024-01-08,2,HAYSEN_HAYSENG2,0.0,0.0,False,0.0
2024-01-08,2,HAYSEN_HAYSENG3,0.0,0.0,False,0.0
2024-01-08,2,HAYSEN_HAYSENG4,0.0,0.0,False,0.0
2024-01-08,2,DUKE_DUKE_GT1,0.0,0.0,False,0.0
2024-01-08,2,DUKE_DUKE_GT2,0.0,0.0,False,0.0
2024-01-08,2,DUKE_DUKE_ST1,0.0,0.0,False,0.0
2024-01-08,2,JACKCNTY_CT1,0.0,0.0,False,0.0
2024-01-08,2,JACKCNTY_CT2,0.0,0.0,False,0.0
2024-01-08,2,JCKCNTY2_CT3,0.0,0.0,False,0.0
2024-01-08,2,JCKCNTY2_CT4,0.0,0.0,False,0.0
2024-01-08,2,JACKCNTY_STG,0.0,0.0,False,0.0
2024-01-08,2,JCKCNTY2_ST2,0.0,0.0,False,0.0
2024-01-08,2,TEN_CT1,0.0,0.0,False,0.0
2024-01-08,2,TEN_STG,0.0,0.0,False,0.0
2024-01-08,2,LHSES_UNIT1,0.0,0.0,False,0.0
2024-01-08,2,LHSES_UNIT2A,0.0,0.0,False,0.0
2024-01-08,2,LPCCS_CT11,55.8,130.2,True,1562.4
2024-01-08,2,LPCCS_CT12,55.8,130.2,True,1562.4
2024-01-08,2,LPCCS_CT21,55.8,130.2,True,1562.4
2024-01-08,2,LPCCS_CT22,55.8,130.2,True,1562.4
2024-01-08,2,LPCCS_UNIT1,64.8,151.2,True,1814.4
2024-01-08,2,LPCCS_UNIT2,64.8,151.2,True,1814.4
2024-01-08,2,LARDVFTN_G4,0.0,0.0,False,0.0
2024-01-08,2,LARDVFTN_G5,0.0,0.0,False,0.0
2024-01-08,2,LEON_CRK_LCPCT1,0.0,0.0,False,0.0
2024-01-08,2,LEON_CRK_LCPCT2,0.0,0.0,False,0.0
2024-01-08,2,LEON_CRK_LCPCT3,0.0,0.0,False,0.0
2024-01-08,2,LEON_CRK_LCPCT4,0.0,0.0,False,0.0
2024-01-08,2,LIG_UNIT1,0.0,0.0,False,0.0
2024-01-08,2,LIG_UNIT2,0.0,0.0,False,0.0
2024-01-08,2,LOSTPI_LOSTPGT1,0.0,0.0,False,0.0
2024-01-08,2,LOSTPI_LOSTPGT2,0.0,0.0,False,0.0
2024-01-08,2,LOSTPI_LOSTPST1,0.0,0.0,False,0.0
2024-01-08,2,NEDIN_NEDIN_G1,0.0,0.0,False,0.0
2024-01-08,2,NEDIN_NEDIN_G2,0.0,0.0,False,0.0
2024-01-08,2,NEDIN_NEDIN_G3,0.0,0.0,False,0.0
2024-01-08,2,MDANP_CT1,0.0,0.0,False,0.0
2024-01-08,2,MDANP_CT2,0.0,0.0,False,0.0
2024-01-08,2,MDANP_CT3,0.0,0.0,False,0.0
2024-01-08,2,MDANP_CT4,0.0,0.0,False,0.0
2024-01-08,2,MDANP_CT5,0.0,0.0,False,0.0
2024-01-08,2,MDANP_CT6,0.0,0.0,False,0.0
2024-01-08,2,MGSES_CT1,0.0,0.0,False,0.0
2024-01-08,2,MGSES_CT2,0.0,0.0,False,0.0
2024-01-08,2,MGSES_CT3,0.0,0.0,False,0.0
2024-01-08,2,MGSES_CT4,0.0,0.0,False,0.0
2024-01-08,2,MGSES_CT5,0.0,0.0,False,0.0
2024-01-08,2,MGSES_CT6,0.0,0.0,False,0.0
2024-01-08,2,MCSES_UNIT6,0.0,0.0,False,0.0
2024-01-08,2,MCSES_UNIT7,0.0,0.0,False,0.0
2024-01-08,2,MCSES_UNIT8,0.0,0.0,False,0.0
2024-01-08,2,NUECES_B_NUECESG8,0.0,0.0,False,0.0
2024-01-08,2,NUECES_B_NUECESG9,0.0,0.0,False,0.0
2024-01-08,2,NUECES_B_NUECESG7,0.0,0.0,False,0.0
2024-01-08,2,CALAVERS_OWS1,0.0,0.0,False,0.0
2024-01-08,2,CALAVERS_OWS2,0.0,0.0,False,0.0
2024-01-08,2,OECCS_CT11,0.0,0.0,False,0.0
2024-01-08,2,OECCS_CT12,0.0,0.0,False,0.0
2024-01-08,2,OECCS_CT21,0.0,0.0,False,0.0
2024-01-08,2,OECCS_CT22,0.0,0.0,False,0.0
2024-01-08,2,OECCS_UNIT1,0.0,0.0,False,0.0
2024-01-08,2,OECCS_UNIT2,0.0,0.0,False,0.0
2024-01-08,2,VICTPRT2_UNIT1,0.0,0.0,False,0.0
2024-01-08,2,VICTPRT2_UNIT2,0.0,0.0,False,0.0
2024-01-08,2,PANDA_S_SHER1CT1,69.6,162.4,True,1948.8
2024-01-08,2,PANDA_S_SHER1CT2,69.6,162.4,True,1948.8
2024-01-08,2,PANDA_S_SHER1ST1,105.93,247.17000000000002,True,2966.04
2024-01-08,2,PANDA_T1_TMPL1CT1,0.0,0.0,False,0.0
2024-01-08,2,PANDA_T1_TMPL1CT2,0.0,0.0,False,0.0
2024-01-08,2,PANDA_T1_TMPL1ST1,0.0,0.0,False,0.0
2024-01-08,2,PANDA_T2_TMPL2CT1,0.0,0.0,False,0.0
2024-01-08,2,PANDA_T2_TMPL2CT2,0.0,0.0,False,0.0
2024-01-08,2,PANDA_T2_TMPL2ST1,0.0,0.0,False,0.0
2024-01-08,2,TNSKA_GT1,0.0,0.0,False,0.0
2024-01-08,2,TNSKA_GT2,0.0,0.0,False,0.0
2024-01-08,2,TNSKA_STG,0.0,0.0,False,0.0
2024-01-08,2,PSG_PSG_GT2,134.07374526108765,81.02625473891233,True,3754.0649
2024-01-08,2,PSG_PSG_GT3,64.53,150.57,True,1806.84
2024-01-08,2,PSG_PSG_ST2,58.65,136.85,True,1642.2
2024-01-08,2,PEARSAL2_AGR_A,0.0,0.0,False,0.0
2024-01-08,2,PEARSAL2_AGR_B,0.0,0.0,False,0.0
2024-01-08,2,PEARSAL2_AGR_C,0.0,0.0,False,0.0
2024-01-08,2,PEARSAL2_AGR_D,0.0,0.0,False,0.0
2024-01-08,2,PB2SES_CT1,0.0,0.0,False,0.0
2024-01-08,2,PB2SES_CT2,0.0,0.0,False,0.0
2024-01-08,2,PB2SES_CT3,0.0,0.0,False,0.0
2024-01-08,2,PB2SES_CT4,0.0,0.0,False,0.0
2024-01-08,2,PB2SES_CT5,0.0,0.0,False,0.0
2024-01-08,2,PRO_UNIT1,0.0,0.0,False,0.0
2024-01-08,2,PRO_UNIT2,0.0,0.0,False,0.0
2024-01-08,2,PRO_UNIT3,0.0,0.0,False,0.0
2024-01-08,2,PRO_UNIT4,0.0,0.0,False,0.0
2024-01-08,2,PRO_UNIT5,0.0,0.0,False,0.0
2024-01-08,2,PRO_UNIT6,0.0,0.0,False,0.0
2024-01-08,2,PRO_UNIT7,0.0,0.0,False,0.0
2024-01-08,2,PRO_UNIT8,0.0,0.0,False,0.0
2024-01-08,2,BAC_CTG1,0.0,0.0,False,0.0
2024-01-08,2,BAC_CTG2,0.0,0.0,False,0.0
2024-01-08,2,BAC_CTG3,0.0,0.0,False,0.0
2024-01-08,2,BAC_CTG4,0.0,0.0,False,0.0
2024-01-08,2,BAC_CTG5,0.0,0.0,False,0.0
2024-01-08,2,BAC_CTG6,0.0,0.0,False,0.0
2024-01-08,2,STEAM1A_STEAM_1,0.0,0.0,False,0.0
2024-01-08,2,STEAM_STEAM_2,0.0,0.0,False,0.0
2024-01-08,2,STEAM_STEAM_3,0.0,0.0,False,0.0
2024-01-08,2,QALSW_GT1,0.0,0.0,False,0.0
2024-01-08,2,QALSW_GT2,0.0,0.0,False,0.0
2024-01-08,2,QALSW_GT3,0.0,0.0,False,0.0
2024-01-08,2,QALSW_GT4,0.0,0.0,False,0.0
2024-01-08,2,QALSW_STG1,0.0,0.0,False,0.0
2024-01-08,2,QALSW_STG2,0.0,0.0,False,0.0
2024-01-08,2,MIL_MILLERG4,0.0,0.0,False,0.0
2024-01-08,2,MIL_MILLERG5,0.0,0.0,False,0.0
2024-01-08,2,MIL_MILLERG1,0.0,0.0,False,0.0
2024-01-08,2,MIL_MILLERG2,0.0,0.0,False,0.0
2024-01-08,2,MIL_MILLERG3,0.0,0.0,False,0.0
2024-01-08,2,OLINGR_OLING_4,0.0,0.0,False,0.0
2024-01-08,2,OLINGR_OLING_2,0.0,0.0,False,0.0
2024-01-08,2,OLINGR_OLING_3,0.0,0.0,False,0.0
2024-01-08,2,RAB_UNIT1,0.0,0.0,False,0.0
2024-01-08,2,RAB_UNIT2,0.0,0.0,False,0.0
2024-01-08,2,RAB_UNIT3,0.0,0.0,False,0.0
2024-01-08,2,RAB_UNIT4,0.0,0.0,False,0.0
2024-01-08,2,RAB_UNIT5,0.0,0.0,False,0.0
2024-01-08,2,RAB_UNIT6,0.0,0.0,False,0.0
2024-01-08,2,RAB_UNIT7,0.0,0.0,False,0.0
2024-01-08,2,RAB_UNIT8,0.0,0.0,False,0.0
2024-01-08,2,REDGATE_AGR_A,0.0,0.0,False,0.0
2024-01-08,2,REDGATE_AGR_B,0.0,0.0,False,0.0
2024-01-08,2,REDGATE_AGR_C,0.0,0.0,False,0.0
2024-01-08,2,REDGATE_AGR_D,0.0,0.0,False,0.0
2024-01-08,2,JAD_UNIT1,0.0,0.0,False,0.0
2024-01-08,2,JAD_UNIT2,0.0,0.0,False,0.0
2024-01-08,2,JAD_UNIT3,0.0,0.0,False,0.0
2024-01-08,2,JAD_UNIT4,0.0,0.0,False,0.0
2024-01-08,2,JAD_UNIT5,0.0,0.0,False,0.0
2024-01-08,2,JAD_UNIT6,0.0,0.0,False,0.0
2024-01-08,2,JAD_UNIT7,0.0,0.0,False,0.0
2024-01-08,2,JAD_UNIT8,0.0,0.0,False,0.0
2024-01-08,2,RIONOG_CT1,0.0,0.0,False,0.0
2024-01-08,2,RIONOG_CT2,0.0,0.0,False,0.0
2024-01-08,2,RIONOG_CT3,0.0,0.0,False,0.0
2024-01-08,2,RIONOG_ST1,0.0,0.0,False,0.0
2024-01-08,2,RAYBURN_RAYBURG7,18.15,42.35,True,508.2
2024-01-08,2,RAYBURN_RAYBURG8,18.15,42.35,True,508.2
2024-01-08,2,RAYBURN_RAYBURG9,18.15,42.35,True,508.2
2024-01-08,2,RAYBURN_RAYBURG10,12.6,29.4,True,352.8
2024-01-08,2,SJS_SJS_G1,0.0,0.0,False,0.0
2024-01-08,2,SJS_SJS_G2,0.0,0.0,False,0.0
2024-01-08,2,SANDHSYD_SH1,0.0,0.0,False,0.0
2024-01-08,2,SANDHSYD_SH2,0.0,0.0,False,0.0
2024-01-08,2,SANDHSYD_SH3,0.0,0.0,False,0.0
2024-01-08,2,SANDHSYD_SH4,0.0,0.0,False,0.0
2024-01-08,2,SANDHSYD_SH_5A,0.0,0.0,False,0.0
2024-01-08,2,SANDHSYD_SH6,0.0,0.0,False,0.0
2024-01-08,2,SANDHSYD_SH7,0.0,0.0,False,0.0
2024-01-08,2,SANDHSYD_SH_5C,0.0,0.0,False,0.0
2024-01-08,2,SILASRAY_SILAS_10,0.0,0.0,False,0.0
2024-01-08,2,SILASRAY_SILAS_9,0.0,0.0,False,0.0
2024-01-08,2,SILASRAY_SILAS_6,0.0,0.0,False,0.0
2024-01-08,2,GIDEON_GIDEONG1,0.0,0.0,False,0.0
2024-01-08,2,GIDEON_GIDEONG2,0.0,0.0,False,0.0
2024-01-08,2,GIDEON_GIDEONG3,0.0,0.0,False,0.0
2024-01-08,2,SKY1_SKY1A,0.0,0.0,False,0.0
2024-01-08,2,SKY1_SKY1B,0.0,0.0,False,0.0
2024-01-08,2,SPNCER_SPNCE_4,0.0,0.0,False,0.0
2024-01-08,2,SPNCER_SPNCE_5,0.0,0.0,False,0.0
2024-01-08,2,SCSES_UNIT1A,0.0,0.0,False,0.0
2024-01-08,2,SCSES_UNIT2,0.0,0.0,False,0.0
2024-01-08,2,THW_THWGT_1,0.0,0.0,False,0.0
2024-01-08,2,THW_THWGT31,0.0,0.0,False,0.0
2024-01-08,2,THW_THWGT32,0.0,0.0,False,0.0
2024-01-08,2,THW_THWGT33,0.0,0.0,False,0.0
2024-01-08,2,THW_THWGT34,0.0,0.0,False,0.0
2024-01-08,2,THW_THWGT41,0.0,0.0,False,0.0
2024-01-08,2,THW_THWGT42,0.0,0.0,False,0.0
2024-01-08,2,THW_THWGT43,0.0,0.0,False,0.0
2024-01-08,2,THW_THWGT44,0.0,0.0,False,0.0
2024-01-08,2,THW_THWGT51,0.0,0.0,False,0.0
2024-01-08,2,THW_THWGT52,0.0,0.0,False,0.0
2024-01-08,2,THW_THWGT53,0.0,0.0,False,0.0
2024-01-08,2,THW_THWGT54,0.0,0.0,False,0.0
2024-01-08,2,THW_THWGT55,0.0,0.0,False,0.0
2024-01-08,2,THW_THWGT56,0.0,0.0,False,0.0
2024-01-08,2,THW_THWST_3,0.0,0.0,False,0.0
2024-01-08,2,THW_THWST_4,0.0,0.0,False,0.0
2024-01-08,2,TXCTY_CTA,129.1,0.0,True,3614.8
2024-01-08,2,TXCTY_CTB,129.1,0.0,True,3614.8
2024-01-08,2,TXCTY_CTC,129.1,0.0,True,3614.8
2024-01-08,2,TXCTY_ST,143.7,0.0,True,4023.6
2024-01-08,2,TGS_GT01,0.0,0.0,False,0.0
2024-01-08,2,TIMPP_AGR1,0.0,0.0,False,0.0
2024-01-08,2,TIMPP_AGR2,0.0,0.0,False,0.0
2024-01-08,2,TIMPP_AGR3,0.0,0.0,False,0.0
2024-01-08,2,TIMPP_AGR4,0.0,0.0,False,0.0
2024-01-08,2,TRSES_UNIT6,0.0,0.0,False,0.0
2024-01-08,2,TOPAZ_UNIT1,0.0,0.0,False,0.0
2024-01-08,2,TOPAZ_UNIT2,0.0,0.0,False,0.0
2024-01-08,2,TOPAZ_UNIT3,0.0,0.0,False,0.0
2024-01-08,2,TOPAZ_UNIT4,0.0,0.0,False,0.0
2024-01-08,2,TOPAZ_UNIT5,0.0,0.0,False,0.0
2024-01-08,2,TOPAZ_UNIT6,0.0,0.0,False,0.0
2024-01-08,2,TOPAZ_UNIT7,0.0,0.0,False,0.0
2024-01-08,2,TOPAZ_UNIT8,0.0,0.0,False,0.0
2024-01-08,2,TOPAZ_UNIT9,0.0,0.0,False,0.0
2024-01-08,2,TOPAZ_UNIT10,0.0,0.0,False,0.0
2024-01-08,2,BRAUNIG_VHB6CT5,0.0,0.0,False,0.0
2024-01-08,2,BRAUNIG_VHB6CT6,0.0,0.0,False,0.0
2024-01-08,2,BRAUNIG_VHB6CT7,0.0,0.0,False,0.0
2024-01-08,2,BRAUNIG_VHB6CT8,0.0,0.0,False,0.0
2024-01-08,2,CITYVICT_CTG01,0.0,0.0,False,0.0
2024-01-08,2,CITYVICT_CTG02,0.0,0.0,False,0.0
2024-01-08,2,VICTPORT_CTG01,0.0,0.0,False,0.0
2024-01-08,2,VICTPORT_CTG02,0.0,0.0,False,0.0
2024-01-08,2,VICTORIA_VICTORG6,0.0,0.0,False,0.0
2024-01-08,2,VICTORIA_VICTORG5,0.0,0.0,False,0.0
2024-01-08,2,WAP_WAPGT_1,0.0,0.0,False,0.0
2024-01-08,2,WAP_WAP_G1,0.0,0.0,False,0.0
2024-01-08,2,WAP_WAP_G2,0.0,0.0,False,0.0
2024-01-08,2,WAP_WAP_G3,0.0,0.0,False,0.0
2024-01-08,2,WAP_WAP_G4,0.0,0.0,False,0.0
2024-01-08,2,WFCOGEN_UNIT1,0.0,0.0,False,0.0
2024-01-08,2,WFCOGEN_UNIT2,0.0,0.0,False,0.0
2024-01-08,2,WFCOGEN_UNIT3,0.0,0.0,False,0.0
2024-01-08,2,WIPOPA_WPP_G1,0.0,0.0,False,0.0
2024-01-08,2,WIPOPA_WPP_G2,0.0,0.0,False,0.0
2024-01-08,2,WIPOPA_WPP_G3,0.0,0.0,False,0.0
2024-01-08,2,WIPOPA_WPP_G4,0.0,0.0,False,0.0
2024-01-08,2,WCPP_CT1,0.0,0.0,False,0.0
2024-01-08,2,WCPP_CT2,0.0,0.0,False,0.0
2024-01-08,2,WCPP_ST1,0.0,0.0,False,0.0
2024-01-08,2,WHCCS_CT1,0.0,0.0,False,0.0
2024-01-08,2,WHCCS_CT2,0.0,0.0,False,0.0
2024-01-08,2,WHCCS_STG,0.0,0.0,False,0.0
2024-01-08,2,WHCCS2_CT4,0.0,0.0,False,0.0
2024-01-08,2,WHCCS2_CT5,0.0,0.0,False,0.0
2024-01-08,2,WHCCS2_STG6,0.0,0.0,False,0.0
2024-01-08,2,NACPW_UNIT1,0.0,0.0,False,0.0
2024-01-08,2,HBR_2UNITS,0.0,0.0,False,0.0
2024-01-08,2,TRIRA_1UNIT,0.0,0.0,False,0.0
2024-01-08,2,78252_4UNITS,0.0,0.0,False,0.0
2024-01-08,2,SPRIN_4UNITS,0.0,0.0,False,0.0
2024-01-08,2,FREIH_2UNITS,0.0,0.0,False,0.0
2024-01-08,2,WSTHL_3UNITS,0.0,0.0,False,0.0
2024-01-08,2,FEGC_CTG2,0.0,0.0,False,0.0
2024-01-08,2,FEGC_CTG3,0.0,0.0,False,0.0
2024-01-08,2,FEGC_CTG4,0.0,0.0,False,0.0
2024-01-08,2,OLNEYTN_AGR1,0.0,0.0,False,0.0
2024-01-08,2,AMISTAD_AMISTAG1,37.9,0.0,True,37.9
2024-01-08,2,AMISTAD_AMISTAG2,37.9,0.0,True,37.9
2024-01-08,2,AUSTPL_AUSTING1,9.0,0.0,True,9.0
2024-01-08,2,AUSTPL_AUSTING2,9.0,0.0,True,9.0
2024-01-08,2,BUCHAN_BUCHANG1,18.299999999999997,3.552713678800501e-15,True,18.3
2024-01-08,2,BUCHAN_BUCHANG2,18.299999999999997,3.552713678800501e-15,True,18.3
2024-01-08,2,BUCHAN_BUCHANG3,18.299999999999997,3.552713678800501e-15,True,18.3
2024-01-08,2,DNDAM_DENISOG1,50.8,0.0,True,50.8
2024-01-08,2,DNDAM_DENISOG2,50.8,0.0,True,50.8
2024-01-08,2,FALCON_FALCONG1,12.0,0.0,True,12.0
2024-01-08,2,FALCON_FALCONG2,12.0,0.0,True,12.0
2024-01-08,2,FALCON_FALCONG3,12.0,0.0,True,12.0
2024-01-08,2,WIRTZ_WIRTZ_G1,29.0,0.0,True,29.0
2024-01-08,2,WIRTZ_WIRTZ_G2,29.0,0.0,True,29.0
2024-01-08,2,CANYHY_CANYHYG1,6.0,0.0,True,6.0
2024-01-08,2,INKSDA_INKS_G1,15.0,0.0,True,15.0
2024-01-08,2,MARBFA_MARBFAG1,21.0,0.0,True,21.0
2024-01-08,2,MARBFA_MARBFAG2,20.0,0.0,True,20.0
2024-01-08,2,MARSFO_MARSFOG1,36.0,0.0,True,36.0
2024-01-08,2,MARSFO_MARSFOG2,36.0,0.0,True,36.0
2024-01-08,2,MARSFO_MARSFOG3,36.0,0.0,True,36.0
2024-01-08,2,WND_WHITNEY1,22.0,0.0,True,22.0
2024-01-08,2,WND_WHITNEY2,22.0,0.0,True,22.0
2024-01-08,2,AEEC_ANTLP_1,0.0,0.0,False,0.0
2024-01-08,2,AEEC_ANTLP_2,0.0,0.0,False,0.0
2024-01-08,2,AEEC_ANTLP_3,0.0,0.0,False,0.0
2024-01-08,2,AEEC_ELK_1,0.0,0.0,False,0.0
2024-01-08,2,AEEC_ELK_2,0.0,0.0,False,0.0
2024-01-08,2,AEEC_ELK_3,0.0,0.0,False,0.0
2024-01-08,2,FTR_FTR_G1,0.0,0.0,False,0.0
2024-01-08,2,FTR_FTR_G2,0.0,0.0,False,0.0
2024-01-08,2,FTR_FTR_G3,0.0,0.0,False,0.0
2024-01-08,2,FTR_FTR_G4,0.0,0.0,False,0.0
2024-01-08,2,TGCCS_CT1,0.0,0.0,False,0.0
2024-01-08,2,TGCCS_CT2,0.0,0.0,False,0.0
2024-01-08,2,TGCCS_CT3,0.0,0.0,False,0.0
2024-01-08,2,TGCCS_UNIT4,0.0,0.0,False,0.0
2024-01-08,2,KMCHI_1CT101,55.5,129.5,True,1554.0
2024-01-08,2,KMCHI_1CT201,55.5,129.5,True,1554.0
2024-01-08,2,KMCHI_1ST,99.0,231.0,True,2772.0
2024-01-08,2,KMCHI_2CT101,55.5,129.5,True,1554.0
2024-01-08,2,KMCHI_2CT201,55.5,129.5,True,1554.0
2024-01-08,2,KMCHI_2ST,99.0,231.0,True,2772.0
2024-01-08,2,A4_DGR1,0.0,0.0,False,0.0
2024-01-08,2,A4_DGR2,0.0,0.0,False,0.0
2024-01-08,2,K2_DGR1,0.0,0.0,False,0.0
2024-01-08,2,K2_DGR2,0.0,0.0,False,0.0
2024-01-08,2,P2_DGR1,0.0,0.0,False,0.0
2024-01-08,2,P2_DGR2,0.0,0.0,False,0.0
2024-01-08,2,Q1_DGR1,0.0,0.0,False,0.0
2024-01-08,2,BRAUNIG_VHB3,0.0,0.0,False,0.0
2024-01-08,2,V2_DGR1,0.0,0.0,False,0.0
2024-01-08,2,V2_DGR2,0.0,0.0,False,0.0
2024-01-08,2,V2_DGR3,0.0,0.0,False,0.0
2024-01-08,2,V4_DGR1,0.0,0.0,False,0.0
2024-01-08,2,X1_DGR1,0.0,0.0,False,0.0
2024-01-08,2,Z0_DGR1,0.0,0.0,False,0.0
2024-01-08,2,Z0_DGR2,0.0,0.0,False,0.0
2024-01-08,2,Z5_DGR1,0.0,0.0,False,0.0
2024-01-08,2,DC_E,0.0,0.0,False,0.0
2024-01-08,2,DC_N,0.0,0.0,False,0.0
2024-01-08,2,DC_L,0.0,0.0,False,0.0
2024-01-08,2,DC_R,0.0,0.0,False,0.0
2024-01-08,2,CEDARVALE_GAS,0.0,0.0,False,0.0
2024-01-08,2,ENCHANTED_ROCK_NEWPP,0.0,0.0,False,0.0
2024-01-08,3,CPSES_UNIT1,1269.0,0.0,True,10152.0
2024-01-08,3,CPSES_UNIT2,1269.0,0.0,True,10152.0
2024-01-08,3,STP_STP_G1,1228.5,136.5,True,9828.0
2024-01-08,3,STP_STP_G2,1228.5,136.5,True,9828.0
2024-01-08,3,COLETO_COLETOG1,0.0,0.0,False,0.0
2024-01-08,3,FPPYD1_FPP_G1,0.0,0.0,False,0.0
2024-01-08,3,FPPYD1_FPP_G2,0.0,0.0,False,0.0
2024-01-08,3,FPPYD2_FPP_G3,0.0,0.0,False,0.0
2024-01-08,3,CALAVERS_JKS1,0.0,0.0,False,0.0
2024-01-08,3,CALAVERS_JKS2,0.0,0.0,False,0.0
2024-01-08,3,LEG_LEG_G1,357.2,535.8,True,8930.0
2024-01-08,3,LEG_LEG_G2,382.72,574.0799999999999,True,9568.0
2024-01-08,3,MLSES_UNIT1,357.2,535.8,True,8930.0
2024-01-08,3,MLSES_UNIT2,357.2,535.8,True,8930.0
2024-01-08,3,MLSES_UNIT3,836.702635873939,56.297364126060984,True,20917.5659
2024-01-08,3,OGSES_UNIT1A,0.0,0.0,False,0.0
2024-01-08,3,OGSES_UNIT2,0.0,0.0,False,0.0
2024-01-08,3,SANMIGL_G1,0.0,0.0,False,0.0
2024-01-08,3,SCES_UNIT1,0.0,0.0,False,0.0
2024-01-08,3,TNP_ONE_TNP_O_1,0.0,0.0,False,0.0
2024-01-08,3,TNP_ONE_TNP_O_2,0.0,0.0,False,0.0
2024-01-08,3,WAP_WAP_G5,293.64,440.46,True,7341.0
2024-01-08,3,WAP_WAP_G6,293.64,440.46000000000004,True,7341.0
2024-01-08,3,WAP_WAP_G7,245.84,368.76,True,6146.0
2024-01-08,3,WAP_WAP_G8,261.6,392.4,True,6540.0
2024-01-08,3,BRAUNIG_AVR1_CT1,0.0,0.0,False,0.0
2024-01-08,3,BRAUNIG_AVR1_CT2,0.0,0.0,False,0.0
2024-01-08,3,BRAUNIG_AVR1_ST,0.0,0.0,False,0.0
2024-01-08,3,ATKINS_ATKINSG7,0.0,0.0,False,0.0
2024-01-08,3,B_DAVIS_B_DAVIG3,0.0,0.0,False,0.0
2024-01-08,3,B_DAVIS_B_DAVIG4,0.0,0.0,False,0.0
2024-01-08,3,B_DAVIS_B_DAVIG1,0.0,0.0,False,0.0
2024-01-08,3,B_DAVIS_B_DAVIG2,0.0,0.0,False,0.0
2024-01-08,3,BASTEN_GTG1100,0.0,0.0,False,0.0
2024-01-08,3,BASTEN_GTG2100,0.0,0.0,False,0.0
2024-01-08,3,BASTEN_ST0100,0.0,0.0,False,0.0
2024-01-08,3,BCH_UNIT1,0.0,0.0,False,0.0
2024-01-08,3,BCH_UNIT2,0.0,0.0,False,0.0
2024-01-08,3,BCH_UNIT3,0.0,0.0,False,0.0
2024-01-08,3,BCH_UNIT4,0.0,0.0,False,0.0
2024-01-08,3,BCH_UNIT5,0.0,0.0,False,0.0
2024-01-08,3,BCH_UNIT6,0.0,0.0,False,0.0
2024-01-08,3,BCH_UNIT7,0.0,0.0,False,0.0
2024-01-08,3,BCH_UNIT8,0.0,0.0,False,0.0
2024-01-08,3,BOSQUESW_BSQSU_1,0.0,0.0,False,0.0
2024-01-08,3,BOSQUESW_BSQSU_2,0.0,0.0,False,0.0
2024-01-08,3,BOSQUESW_BSQSU_3,0.0,0.0,False,0.0
2024-01-08,3,BOSQUESW_BSQSU_4,0.0,0.0,False,0.0
2024-01-08,3,BOSQUESW_BSQSU_5,0.0,0.0,False,0.0
2024-01-08,3,BVE_UNIT1,0.0,0.0,False,0.0
2024-01-08,3,BVE_UNIT2,0.0,0.0,False,0.0
2024-01-08,3,BVE_UNIT3,0.0,0.0,False,0.0
2024-01-08,3,BTM_UNIT1,0.0,0.0,False,0.0
2024-01-08,3,BTM_UNIT2,0.0,0.0,False,0.0
2024-01-08,3,BTM_UNIT3,0.0,0.0,False,0.0
2024-01-08,3,BTM_UNIT4,0.0,0.0,False,0.0
2024-01-08,3,BTM_UNIT5,0.0,0.0,False,0.0
2024-01-08,3,BTM_UNIT6,0.0,0.0,False,0.0
2024-01-08,3,BTM_UNIT7,0.0,0.0,False,0.0
2024-01-08,3,BTM_UNIT8,0.0,0.0,False,0.0
2024-01-08,3,FLCNS_UNIT1,0.0,0.0,False,0.0
2024-01-08,3,FLCNS_UNIT2,0.0,0.0,False,0.0
2024-01-08,3,CALHOUN_UNIT1,0.0,0.0,False,0.0
2024-01-08,3,CALHOUN_UNIT2,0.0,0.0,False,0.0
2024-01-08,3,CHAMON_CTG_0101,0.0,0.0,False,0.0
2024-01-08,3,CHAMON_CTG_0301,0.0,0.0,False,0.0
2024-01-08,3,CBY4_CT41,61.5,143.5,True,1722.0
2024-01-08,3,CBY4_CT42,61.5,143.5,True,1722.0
2024-01-08,3,CBY4_ST04,61.5,143.5,True,1722.0
2024-01-08,3,CBY_CBY_G1,0.0,0.0,False,0.0
2024-01-08,3,CBY_CBY_G2,0.0,0.0,False,0.0
2024-01-08,3,CBEC_GT1,0.0,0.0,False,0.0
2024-01-08,3,CBEC_GT2,0.0,0.0,False,0.0
2024-01-08,3,CBEC_GT3,0.0,0.0,False,0.0
2024-01-08,3,CBEC_GT4,0.0,0.0,False,0.0
2024-01-08,3,CBEC_STG1,0.0,0.0,False,0.0
2024-01-08,3,CBEC_STG2,0.0,0.0,False,0.0
2024-01-08,3,CBECII_CT7,0.0,0.0,False,0.0
2024-01-08,3,CBECII_CT8,0.0,0.0,False,0.0
2024-01-08,3,CBECII_STG9,0.0,0.0,False,0.0
2024-01-08,3,CBEC_GT11,0.0,0.0,False,0.0
2024-01-08,3,CBEC_GT12,0.0,0.0,False,0.0
2024-01-08,3,CVC_CVC_G1,0.0,0.0,False,0.0
2024-01-08,3,CVC_CVC_G2,0.0,0.0,False,0.0
2024-01-08,3,CVC_CVC_G3,0.0,0.0,False,0.0
2024-01-08,3,CVC_CVC_G5,0.0,0.0,False,0.0
2024-01-08,3,DANSBY_DANSBYG2,0.0,0.0,False,0.0
2024-01-08,3,DANSBY_DANSBYG3,0.0,0.0,False,0.0
2024-01-08,3,DANSBY_DANSBYG1,0.0,0.0,False,0.0
2024-01-08,3,DECKER_DPGT_1,0.0,0.0,False,0.0
2024-01-08,3,DECKER_DPGT_2,0.0,0.0,False,0.0
2024-01-08,3,DECKER_DPGT_3,0.0,0.0,False,0.0
2024-01-08,3,DECKER_DPGT_4,0.0,0.0,False,0.0
2024-01-08,3,DCSES_CT10,0.0,0.0,False,0.0
2024-01-08,3,DCSES_CT20,0.0,0.0,False,0.0
2024-01-08,3,DCSES_CT30,0.0,0.0,False,0.0
2024-01-08,3,DCSES_CT40,0.0,0.0,False,0.0
2024-01-08,3,DDPEC_GT1,60.9,142.1,True,1705.2
2024-01-08,3,DDPEC_GT2,119.13240000000314,95.86759999999686,True,3335.7072
2024-01-08,3,DDPEC_GT3,60.9,142.1,True,1705.2
2024-01-08,3,DDPEC_GT4,215.0,0.0,True,6020.0
2024-01-08,3,DDPEC_GT6,59.7,139.3,True,1671.6
2024-01-08,3,DDPEC_ST1,290.0,0.0,True,8120.0
2024-01-08,3,DEC_AGR_A,0.0,0.0,False,0.0
2024-01-08,3,DEC_AGR_B,0.0,0.0,False,0.0
2024-01-08,3,DEC_AGR_C,0.0,0.0,False,0.0
2024-01-08,3,DEC_AGR_D,0.0,0.0,False,0.0
2024-01-08,3,ECEC_G1,0.0,0.0,False,0.0
2024-01-08,3,ECEC_G2,0.0,0.0,False,0.0
2024-01-08,3,ETCCS_CT1,0.0,0.0,False,0.0
2024-01-08,3,ETCCS_UNIT1,0.0,0.0,False,0.0
2024-01-08,3,AZ_AZ_G1,0.0,0.0,False,0.0
2024-01-08,3,AZ_AZ_G2,0.0,0.0,False,0.0
2024-01-08,3,AZ_AZ_G3,0.0,0.0,False,0.0
2024-01-08,3,AZ_AZ_G4,0.0,0.0,False,0.0
2024-01-08,3,FERGCC_FERGGT1,0.0,0.0,False,0.0
2024-01-08,3,FERGCC_FERGGT2,0.0,0.0,False,0.0
2024-01-08,3,FERGCC_FERGST1,0.0,0.0,False,0.0
2024-01-08,3,FRNYPP_GT11,0.0,0.0,False,0.0
2024-01-08,3,FRNYPP_GT12,0.0,0.0,False,0.0
2024-01-08,3,FRNYPP_GT13,0.0,0.0,False,0.0
2024-01-08,3,FRNYPP_GT21,0.0,0.0,False,0.0
2024-01-08,3,FRNYPP_GT22,0.0,0.0,False,0.0
2024-01-08,3,FRNYPP_GT23,0.0,0.0,False,0.0
2024-01-08,3,FRNYPP_ST10,0.0,0.0,False,0.0
2024-01-08,3,FRNYPP_ST20,0.0,0.0,False,0.0
2024-01-08,3,FREC_GT1,0.0,0.0,False,0.0
2024-01-08,3,FREC_GT2,0.0,0.0,False,0.0
2024-01-08,3,FREC_GT4,0.0,0.0,False,0.0
2024-01-08,3,FREC_GT5,0.0,0.0,False,0.0
2024-01-08,3,FREC_ST3,0.0,0.0,False,0.0
2024-01-08,3,FREC_ST6,0.0,0.0,False,0.0
2024-01-08,3,FEGC_UNIT1,0.0,0.0,False,0.0
2024-01-08,3,FRONT_EC_CT1,0.0,0.0,False,0.0
2024-01-08,3,FRONT_EC_CT2,0.0,0.0,False,0.0
2024-01-08,3,FRONT_EC_ST,0.0,0.0,False,0.0
2024-01-08,3,GRSES_UNIT1,0.0,0.0,False,0.0
2024-01-08,3,GRSES_UNIT2,0.0,0.0,False,0.0
2024-01-08,3,GBY_GBYGT73,0.0,0.0,False,0.0
2024-01-08,3,GBY_GBYGT74,0.0,0.0,False,0.0
2024-01-08,3,GBY_GBYGT81,0.0,0.0,False,0.0
2024-01-08,3,GBY_GBYGT82,0.0,0.0,False,0.0
2024-01-08,3,GBY_GBYGT83,0.0,0.0,False,0.0
2024-01-08,3,GBY_GBYGT84,0.0,0.0,False,0.0
2024-01-08,3,STEAM_ENGINE_1,0.0,0.0,False,0.0
2024-01-08,3,STEAM_ENGINE_2,0.0,0.0,False,0.0
2024-01-08,3,STEAM_ENGINE_3,0.0,0.0,False,0.0
2024-01-08,3,LGE_LGE_GT1,0.0,0.0,False,0.0
2024-01-08,3,LGE_LGE_GT2,0.0,0.0,False,0.0
2024-01-08,3,LGE_LGE_STG,0.0,0.0,False,0.0
2024-01-08,3,GUADG_GAS1,0.0,0.0,False,0.0
2024-01-08,3,GUADG_GAS2,0.0,0.0,False,0.0
2024-01-08,3,GUADG_GAS3,0.0,0.0,False,0.0
2024-01-08,3,GUADG_GAS4,0.0,0.0,False,0.0
2024-01-08,3,GUADG_STM5,0.0,0.0,False,0.0
2024-01-08,3,GUADG_STM6,0.0,0.0,False,0.0
2024-01-08,3,HLSES_UNIT3,0.0,0.0,False,0.0
2024-01-08,3,HLSES_UNIT4,0.0,0.0,False,0.0
2024-01-08,3,HLSES_UNIT5,0.0,0.0,False,0.0
2024-01-08,3,HAYSEN_HAYSENG1,0.0,0.0,False,0.0
2024-01-08,3,HAYSEN_HAYSENG2,0.0,0.0,False,0.0
2024-01-08,3,HAYSEN_HAYSENG3,0.0,0.0,False,0.0
2024-01-08,3,HAYSEN_HAYSENG4,0.0,0.0,False,0.0
2024-01-08,3,DUKE_DUKE_GT1,0.0,0.0,False,0.0
2024-01-08,3,DUKE_DUKE_GT2,0.0,0.0,False,0.0
2024-01-08,3,DUKE_DUKE_ST1,0.0,0.0,False,0.0
2024-01-08,3,JACKCNTY_CT1,0.0,0.0,False,0.0
2024-01-08,3,JACKCNTY_CT2,0.0,0.0,False,0.0
2024-01-08,3,JCKCNTY2_CT3,0.0,0.0,False,0.0
2024-01-08,3,JCKCNTY2_CT4,0.0,0.0,False,0.0
2024-01-08,3,JACKCNTY_STG,0.0,0.0,False,0.0
2024-01-08,3,JCKCNTY2_ST2,0.0,0.0,False,0.0
2024-01-08,3,TEN_CT1,0.0,0.0,False,0.0
2024-01-08,3,TEN_STG,0.0,0.0,False,0.0
2024-01-08,3,LHSES_UNIT1,0.0,0.0,False,0.0
2024-01-08,3,LHSES_UNIT2A,0.0,0.0,False,0.0
2024-01-08,3,LPCCS_CT11,55.8,130.2,True,1562.4
2024-01-08,3,LPCCS_CT12,55.8,130.2,True,1562.4
2024-01-08,3,LPCCS_CT21,55.8,130.2,True,1562.4
2024-01-08,3,LPCCS_CT22,55.8,130.2,True,1562.4
2024-01-08,3,LPCCS_UNIT1,64.8,151.2,True,1814.4
2024-01-08,3,LPCCS_UNIT2,64.8,151.2,True,1814.4
2024-01-08,3,LARDVFTN_G4,0.0,0.0,False,0.0
2024-01-08,3,LARDVFTN_G5,0.0,0.0,False,0.0
2024-01-08,3,LEON_CRK_LCPCT1,0.0,0.0,False,0.0
2024-01-08,3,LEON_CRK_LCPCT2,0.0,0.0,False,0.0
2024-01-08,3,LEON_CRK_LCPCT3,0.0,0.0,False,0.0
2024-01-08,3,LEON_CRK_LCPCT4,0.0,0.0,False,0.0
2024-01-08,3,LIG_UNIT1,0.0,0.0,False,0.0
2024-01-08,3,LIG_UNIT2,0.0,0.0,False,0.0
2024-01-08,3,LOSTPI_LOSTPGT1,0.0,0.0,False,0.0
2024-01-08,3,LOSTPI_LOSTPGT2,0.0,0.0,False,0.0
2024-01-08,3,LOSTPI_LOSTPST1,0.0,0.0,False,0.0
2024-01-08,3,NEDIN_NEDIN_G1,0.0,0.0,False,0.0
2024-01-08,3,NEDIN_NEDIN_G2,0.0,0.0,False,0.0
2024-01-08,3,NEDIN_NEDIN_G3,0.0,0.0,False,0.0
2024-01-08,3,MDANP_CT1,0.0,0.0,False,0.0
2024-01-08,3,MDANP_CT2,0.0,0.0,False,0.0
2024-01-08,3,MDANP_CT3,0.0,0.0,False,0.0
2024-01-08,3,MDANP_CT4,0.0,0.0,False,0.0
2024-01-08,3,MDANP_CT5,0.0,0.0,False,0.0
2024-01-08,3,MDANP_CT6,0.0,0.0,False,0.0
2024-01-08,3,MGSES_CT1,0.0,0.0,False,0.0
2024-01-08,3,MGSES_CT2,0.0,0.0,False,0.0
2024-01-08,3,MGSES_CT3,0.0,0.0,False,0.0
2024-01-08,3,MGSES_CT4,0.0,0.0,False,0.0
2024-01-08,3,MGSES_CT5,0.0,0.0,False,0.0
2024-01-08,3,MGSES_CT6,0.0,0.0,False,0.0
2024-01-08,3,MCSES_UNIT6,0.0,0.0,False,0.0
2024-01-08,3,MCSES_UNIT7,0.0,0.0,False,0.0
2024-01-08,3,MCSES_UNIT8,0.0,0.0,False,0.0
2024-01-08,3,NUECES_B_NUECESG8,0.0,0.0,False,0.0
2024-01-08,3,NUECES_B_NUECESG9,0.0,0.0,False,0.0
2024-01-08,3,NUECES_B_NUECESG7,0.0,0.0,False,0.0
2024-01-08,3,CALAVERS_OWS1,0.0,0.0,False,0.0
2024-01-08,3,CALAVERS_OWS2,0.0,0.0,False,0.0
2024-01-08,3,OECCS_CT11,0.0,0.0,False,0.0
2024-01-08,3,OECCS_CT12,0.0,0.0,False,0.0
2024-01-08,3,OECCS_CT21,0.0,0.0,False,0.0
2024-01-08,3,OECCS_CT22,0.0,0.0,False,0.0
2024-01-08,3,OECCS_UNIT1,0.0,0.0,False,0.0
2024-01-08,3,OECCS_UNIT2,0.0,0.0,False,0.0
2024-01-08,3,VICTPRT2_UNIT1,0.0,0.0,False,0.0
2024-01-08,3,VICTPRT2_UNIT2,0.0,0.0,False,0.0
2024-01-08,3,PANDA_S_SHER1CT1,69.6,162.4,True,1948.8
2024-01-08,3,PANDA_S_SHER1CT2,69.6,162.4,True,1948.8
2024-01-08,3,PANDA_S_SHER1ST1,105.93,247.17000000000002,True,2966.04
2024-01-08,3,PANDA_T1_TMPL1CT1,0.0,0.0,False,0.0
2024-01-08,3,PANDA_T1_TMPL1CT2,0.0,0.0,False,0.0
2024-01-08,3,PANDA_T1_TMPL1ST1,0.0,0.0,False,0.0
2024-01-08,3,PANDA_T2_TMPL2CT1,0.0,0.0,False,0.0
2024-01-08,3,PANDA_T2_TMPL2CT2,0.0,0.0,False,0.0
2024-01-08,3,PANDA_T2_TMPL2ST1,0.0,0.0,False,0.0
2024-01-08,3,TNSKA_GT1,0.0,0.0,False,0.0
2024-01-08,3,TNSKA_GT2,0.0,0.0,False,0.0
2024-01-08,3,TNSKA_STG,0.0,0.0,False,0.0
2024-01-08,3,PSG_PSG_GT2,169.62963625430447,45.47036374569552,True,4749.6298
2024-01-08,3,PSG_PSG_GT3,215.1,0.0,True,6022.8
2024-01-08,3,PSG_PSG_ST2,58.65,136.85,True,1642.2
2024-01-08,3,PEARSAL2_AGR_A,0.0,0.0,False,0.0
2024-01-08,3,PEARSAL2_AGR_B,0.0,0.0,False,0.0
2024-01-08,3,PEARSAL2_AGR_C,0.0,0.0,False,0.0
2024-01-08,3,PEARSAL2_AGR_D,0.0,0.0,False,0.0
2024-01-08,3,PB2SES_CT1,0.0,0.0,False,0.0
2024-01-08,3,PB2SES_CT2,0.0,0.0,False,0.0
2024-01-08,3,PB2SES_CT3,0.0,0.0,False,0.0
2024-01-08,3,PB2SES_CT4,0.0,0.0,False,0.0
2024-01-08,3,PB2SES_CT5,0.0,0.0,False,0.0
2024-01-08,3,PRO_UNIT1,0.0,0.0,False,0.0
2024-01-08,3,PRO_UNIT2,0.0,0.0,False,0.0
2024-01-08,3,PRO_UNIT3,0.0,0.0,False,0.0
2024-01-08,3,PRO_UNIT4,0.0,0.0,False,0.0
2024-01-08,3,PRO_UNIT5,0.0,0.0,False,0.0
2024-01-08,3,PRO_UNIT6,0.0,0.0,False,0.0
2024-01-08,3,PRO_UNIT7,0.0,0.0,False,0.0
2024-01-08,3,PRO_UNIT8,0.0,0.0,False,0.0
2024-01-08,3,BAC_CTG1,0.0,0.0,False,0.0
2024-01-08,3,BAC_CTG2,0.0,0.0,False,0.0
2024-01-08,3,BAC_CTG3,0.0,0.0,False,0.0
2024-01-08,3,BAC_CTG4,0.0,0.0,False,0.0
2024-01-08,3,BAC_CTG5,0.0,0.0,False,0.0
2024-01-08,3,BAC_CTG6,0.0,0.0,False,0.0
2024-01-08,3,STEAM1A_STEAM_1,0.0,0.0,False,0.0
2024-01-08,3,STEAM_STEAM_2,0.0,0.0,False,0.0
2024-01-08,3,STEAM_STEAM_3,0.0,0.0,False,0.0
2024-01-08,3,QALSW_GT1,0.0,0.0,False,0.0
2024-01-08,3,QALSW_GT2,0.0,0.0,False,0.0
2024-01-08,3,QALSW_GT3,0.0,0.0,False,0.0
2024-01-08,3,QALSW_GT4,0.0,0.0,False,0.0
2024-01-08,3,QALSW_STG1,0.0,0.0,False,0.0
2024-01-08,3,QALSW_STG2,0.0,0.0,False,0.0
2024-01-08,3,MIL_MILLERG4,0.0,0.0,False,0.0
2024-01-08,3,MIL_MILLERG5,0.0,0.0,False,0.0
2024-01-08,3,MIL_MILLERG1,0.0,0.0,False,0.0
2024-01-08,3,MIL_MILLERG2,0.0,0.0,False,0.0
2024-01-08,3,MIL_MILLERG3,0.0,0.0,False,0.0
2024-01-08,3,OLINGR_OLING_4,0.0,0.0,False,0.0
2024-01-08,3,OLINGR_OLING_2,0.0,0.0,False,0.0
2024-01-08,3,OLINGR_OLING_3,0.0,0.0,False,0.0
2024-01-08,3,RAB_UNIT1,0.0,0.0,False,0.0
2024-01-08,3,RAB_UNIT2,0.0,0.0,False,0.0
2024-01-08,3,RAB_UNIT3,0.0,0.0,False,0.0
2024-01-08,3,RAB_UNIT4,0.0,0.0,False,0.0
2024-01-08,3,RAB_UNIT5,0.0,0.0,False,0.0
2024-01-08,3,RAB_UNIT6,0.0,0.0,False,0.0
2024-01-08,3,RAB_UNIT7,0.0,0.0,False,0.0
2024-01-08,3,RAB_UNIT8,0.0,0.0,False,0.0
2024-01-08,3,REDGATE_AGR_A,0.0,0.0,False,0.0
2024-01-08,3,REDGATE_AGR_B,0.0,0.0,False,0.0
2024-01-08,3,REDGATE_AGR_C,0.0,0.0,False,0.0
2024-01-08,3,REDGATE_AGR_D,0.0,0.0,False,0.0
2024-01-08,3,JAD_UNIT1,0.0,0.0,False,0.0
2024-01-08,3,JAD_UNIT2,0.0,0.0,False,0.0
2024-01-08,3,JAD_UNIT3,0.0,0.0,False,0.0
2024-01-08,3,JAD_UNIT4,0.0,0.0,False,0.0
2024-01-08,3,JAD_UNIT5,0.0,0.0,False,0.0
2024-01-08,3,JAD_UNIT6,0.0,0.0,False,0.0
2024-01-08,3,JAD_UNIT7,0.0,0.0,False,0.0
2024-01-08,3,JAD_UNIT8,0.0,0.0,False,0.0
2024-01-08,3,RIONOG_CT1,0.0,0.0,False,0.0
2024-01-08,3,RIONOG_CT2,0.0,0.0,False,0.0
2024-01-08,3,RIONOG_CT3,0.0,0.0,False,0.0
2024-01-08,3,RIONOG_ST1,0.0,0.0,False,0.0
2024-01-08,3,RAYBURN_RAYBURG7,18.15,42.35,True,508.2
2024-01-08,3,RAYBURN_RAYBURG8,18.15,42.35,True,508.2
2024-01-08,3,RAYBURN_RAYBURG9,18.15,42.35,True,508.2
2024-01-08,3,RAYBURN_RAYBURG10,12.6,29.4,True,352.8
2024-01-08,3,SJS_SJS_G1,0.0,0.0,False,0.0
2024-01-08,3,SJS_SJS_G2,0.0,0.0,False,0.0
2024-01-08,3,SANDHSYD_SH1,0.0,0.0,False,0.0
2024-01-08,3,SANDHSYD_SH2,0.0,0.0,False,0.0
2024-01-08,3,SANDHSYD_SH3,0.0,0.0,False,0.0
2024-01-08,3,SANDHSYD_SH4,0.0,0.0,False,0.0
2024-01-08,3,SANDHSYD_SH_5A,0.0,0.0,False,0.0
2024-01-08,3,SANDHSYD_SH6,0.0,0.0,False,0.0
2024-01-08,3,SANDHSYD_SH7,0.0,0.0,False,0.0
2024-01-08,3,SANDHSYD_SH_5C,0.0,0.0,False,0.0
2024-01-08,3,SILASRAY_SILAS_10,0.0,0.0,False,0.0
2024-01-08,3,SILASRAY_SILAS_9,0.0,0.0,False,0.0
2024-01-08,3,SILASRAY_SILAS_6,0.0,0.0,False,0.0
2024-01-08,3,GIDEON_GIDEONG1,0.0,0.0,False,0.0
2024-01-08,3,GIDEON_GIDEONG2,0.0,0.0,False,0.0
2024-01-08,3,GIDEON_GIDEONG3,0.0,0.0,False,0.0
2024-01-08,3,SKY1_SKY1A,0.0,0.0,False,0.0
2024-01-08,3,SKY1_SKY1B,0.0,0.0,False,0.0
2024-01-08,3,SPNCER_SPNCE_4,0.0,0.0,False,0.0
2024-01-08,3,SPNCER_SPNCE_5,0.0,0.0,False,0.0
2024-01-08,3,SCSES_UNIT1A,0.0,0.0,False,0.0
2024-01-08,3,SCSES_UNIT2,0.0,0.0,False,0.0
2024-01-08,3,THW_THWGT_1,0.0,0.0,False,0.0
2024-01-08,3,THW_THWGT31,0.0,0.0,False,0.0
2024-01-08,3,THW_THWGT32,0.0,0.0,False,0.0
2024-01-08,3,THW_THWGT33,0.0,0.0,False,0.0
2024-01-08,3,THW_THWGT34,0.0,0.0,False,0.0
2024-01-08,3,THW_THWGT41,0.0,0.0,False,0.0
2024-01-08,3,THW_THWGT42,0.0,0.0,False,0.0
2024-01-08,3,THW_THWGT43,0.0,0.0,False,0.0
2024-01-08,3,THW_THWGT44,0.0,0.0,False,0.0
2024-01-08,3,THW_THWGT51,0.0,0.0,False,0.0
2024-01-08,3,THW_THWGT52,0.0,0.0,False,0.0
2024-01-08,3,THW_THWGT53,0.0,0.0,False,0.0
2024-01-08,3,THW_THWGT54,0.0,0.0,False,0.0
2024-01-08,3,THW_THWGT55,0.0,0.0,False,0.0
2024-01-08,3,THW_THWGT56,0.0,0.0,False,0.0
2024-01-08,3,THW_THWST_3,0.0,0.0,False,0.0
2024-01-08,3,THW_THWST_4,0.0,0.0,False,0.0
2024-01-08,3,TXCTY_CTA,129.1,0.0,True,3614.8
2024-01-08,3,TXCTY_CTB,129.1,0.0,True,3614.8
2024-01-08,3,TXCTY_CTC,129.1,0.0,True,3614.8
2024-01-08,3,TXCTY_ST,143.7,0.0,True,4023.6
2024-01-08,3,TGS_GT01,0.0,0.0,False,0.0
2024-01-08,3,TIMPP_AGR1,0.0,0.0,False,0.0
2024-01-08,3,TIMPP_AGR2,0.0,0.0,False,0.0
2024-01-08,3,TIMPP_AGR3,0.0,0.0,False,0.0
2024-01-08,3,TIMPP_AGR4,0.0,0.0,False,0.0
2024-01-08,3,TRSES_UNIT6,0.0,0.0,False,0.0
2024-01-08,3,TOPAZ_UNIT1,0.0,0.0,False,0.0
2024-01-08,3,TOPAZ_UNIT2,0.0,0.0,False,0.0
2024-01-08,3,TOPAZ_UNIT3,0.0,0.0,False,0.0
2024-01-08,3,TOPAZ_UNIT4,0.0,0.0,False,0.0
2024-01-08,3,TOPAZ_UNIT5,0.0,0.0,False,0.0
2024-01-08,3,TOPAZ_UNIT6,0.0,0.0,False,0.0
2024-01-08,3,TOPAZ_UNIT7,0.0,0.0,False,0.0
2024-01-08,3,TOPAZ_UNIT8,0.0,0.0,False,0.0
2024-01-08,3,TOPAZ_UNIT9,0.0,0.0,False,0.0
2024-01-08,3,TOPAZ_UNIT10,0.0,0.0,False,0.0
2024-01-08,3,BRAUNIG_VHB6CT5,0.0,0.0,False,0.0
2024-01-08,3,BRAUNIG_VHB6CT6,0.0,0.0,False,0.0
2024-01-08,3,BRAUNIG_VHB6CT7,0.0,0.0,False,0.0
2024-01-08,3,BRAUNIG_VHB6CT8,0.0,0.0,False,0.0
2024-01-08,3,CITYVICT_CTG01,0.0,0.0,False,0.0
2024-01-08,3,CITYVICT_CTG02,0.0,0.0,False,0.0
2024-01-08,3,VICTPORT_CTG01,0.0,0.0,False,0.0
2024-01-08,3,VICTPORT_CTG02,0.0,0.0,False,0.0
2024-01-08,3,VICTORIA_VICTORG6,0.0,0.0,False,0.0
2024-01-08,3,VICTORIA_VICTORG5,0.0,0.0,False,0.0
2024-01-08,3,WAP_WAPGT_1,0.0,0.0,False,0.0
2024-01-08,3,WAP_WAP_G1,0.0,0.0,False,0.0
2024-01-08,3,WAP_WAP_G2,0.0,0.0,False,0.0
2024-01-08,3,WAP_WAP_G3,0.0,0.0,False,0.0
2024-01-08,3,WAP_WAP_G4,0.0,0.0,False,0.0
2024-01-08,3,WFCOGEN_UNIT1,0.0,0.0,False,0.0
2024-01-08,3,WFCOGEN_UNIT2,0.0,0.0,False,0.0
2024-01-08,3,WFCOGEN_UNIT3,0.0,0.0,False,0.0
2024-01-08,3,WIPOPA_WPP_G1,0.0,0.0,False,0.0
2024-01-08,3,WIPOPA_WPP_G2,0.0,0.0,False,0.0
2024-01-08,3,WIPOPA_WPP_G3,0.0,0.0,False,0.0
2024-01-08,3,WIPOPA_WPP_G4,0.0,0.0,False,0.0
2024-01-08,3,WCPP_CT1,0.0,0.0,False,0.0
2024-01-08,3,WCPP_CT2,0.0,0.0,False,0.0
2024-01-08,3,WCPP_ST1,0.0,0.0,False,0.0
2024-01-08,3,WHCCS_CT1,0.0,0.0,False,0.0
2024-01-08,3,WHCCS_CT2,0.0,0.0,False,0.0
2024-01-08,3,WHCCS_STG,0.0,0.0,False,0.0
2024-01-08,3,WHCCS2_CT4,0.0,0.0,False,0.0
2024-01-08,3,WHCCS2_CT5,0.0,0.0,False,0.0
2024-01-08,3,WHCCS2_STG6,0.0,0.0,False,0.0
2024-01-08,3,NACPW_UNIT1,0.0,0.0,False,0.0
2024-01-08,3,HBR_2UNITS,0.0,0.0,False,0.0
2024-01-08,3,TRIRA_1UNIT,0.0,0.0,False,0.0
2024-01-08,3,78252_4UNITS,0.0,0.0,False,0.0
2024-01-08,3,SPRIN_4UNITS,0.0,0.0,False,0.0
2024-01-08,3,FREIH_2UNITS,0.0,0.0,False,0.0
2024-01-08,3,WSTHL_3UNITS,0.0,0.0,False,0.0
2024-01-08,3,FEGC_CTG2,0.0,0.0,False,0.0
2024-01-08,3,FEGC_CTG3,0.0,0.0,False,0.0
2024-01-08,3,FEGC_CTG4,0.0,0.0,False,0.0
2024-01-08,3,OLNEYTN_AGR1,0.0,0.0,False,0.0
2024-01-08,3,AMISTAD_AMISTAG1,37.9,0.0,True,37.9
2024-01-08,3,AMISTAD_AMISTAG2,37.9,0.0,True,37.9
2024-01-08,3,AUSTPL_AUSTING1,9.0,0.0,True,9.0
2024-01-08,3,AUSTPL_AUSTING2,9.0,0.0,True,9.0
2024-01-08,3,BUCHAN_BUCHANG1,18.299999999999997,3.552713678800501e-15,True,18.3
2024-01-08,3,BUCHAN_BUCHANG2,18.299999999999997,3.552713678800501e-15,True,18.3
2024-01-08,3,BUCHAN_BUCHANG3,18.299999999999997,3.552713678800501e-15,True,18.3
2024-01-08,3,DNDAM_DENISOG1,50.8,0.0,True,50.8
2024-01-08,3,DNDAM_DENISOG2,50.8,0.0,True,50.8
2024-01-08,3,FALCON_FALCONG1,12.000000000000004,-3.552713678800501e-15,True,12.0
2024-01-08,3,FALCON_FALCONG2,12.0,0.0,True,12.0
2024-01-08,3,FALCON_FALCONG3,12.0,0.0,True,12.0
2024-01-08,3,WIRTZ_WIRTZ_G1,29.0,0.0,True,29.0
2024-01-08,3,WIRTZ_WIRTZ_G2,29.0,0.0,True,29.0
2024-01-08,3,CANYHY_CANYHYG1,6.0,0.0,True,6.0
2024-01-08,3,INKSDA_INKS_G1,15.0,0.0,True,15.0
2024-01-08,3,MARBFA_MARBFAG1,21.0,0.0,True,21.0
2024-01-08,3,MARBFA_MARBFAG2,20.0,0.0,True,20.0
2024-01-08,3,MARSFO_MARSFOG1,36.0,0.0,True,36.0
2024-01-08,3,MARSFO_MARSFOG2,35.999999999999986,1.4210854715202004e-14,True,36.0
2024-01-08,3,MARSFO_MARSFOG3,36.0,0.0,True,36.0
2024-01-08,3,WND_WHITNEY1,22.0,0.0,True,22.0
2024-01-08,3,WND_WHITNEY2,22.0,0.0,True,22.0
2024-01-08,3,AEEC_ANTLP_1,0.0,0.0,False,0.0
2024-01-08,3,AEEC_ANTLP_2,0.0,0.0,False,0.0
2024-01-08,3,AEEC_ANTLP_3,0.0,0.0,False,0.0
2024-01-08,3,AEEC_ELK_1,0.0,0.0,False,0.0
2024-01-08,3,AEEC_ELK_2,0.0,0.0,False,0.0
2024-01-08,3,AEEC_ELK_3,0.0,0.0,False,0.0
2024-01-08,3,FTR_FTR_G1,0.0,0.0,False,0.0
2024-01-08,3,FTR_FTR_G2,0.0,0.0,False,0.0
2024-01-08,3,FTR_FTR_G3,0.0,0.0,False,0.0
2024-01-08,3,FTR_FTR_G4,0.0,0.0,False,0.0
2024-01-08,3,TGCCS_CT1,0.0,0.0,False,0.0
2024-01-08,3,TGCCS_CT2,0.0,0.0,False,0.0
2024-01-08,3,TGCCS_CT3,0.0,0.0,False,0.0
2024-01-08,3,TGCCS_UNIT4,0.0,0.0,False,0.0
2024-01-08,3,KMCHI_1CT101,55.5,129.5,True,1554.0
2024-01-08,3,KMCHI_1CT201,55.5,129.5,True,1554.0
2024-01-08,3,KMCHI_1ST,99.0,231.0,True,2772.0
2024-01-08,3,KMCHI_2CT101,55.5,129.5,True,1554.0
2024-01-08,3,KMCHI_2CT201,55.5,129.5,True,1554.0
2024-01-08,3,KMCHI_2ST,99.0,231.0,True,2772.0
2024-01-08,3,A4_DGR1,0.0,0.0,False,0.0
2024-01-08,3,A4_DGR2,0.0,0.0,False,0.0
2024-01-08,3,K2_DGR1,0.0,0.0,False,0.0
2024-01-08,3,K2_DGR2,0.0,0.0,False,0.0
2024-01-08,3,P2_DGR1,0.0,0.0,False,0.0
2024-01-08,3,P2_DGR2,0.0,0.0,False,0.0
2024-01-08,3,Q1_DGR1,0.0,0.0,False,0.0
2024-01-08,3,BRAUNIG_VHB3,0.0,0.0,False,0.0
2024-01-08,3,V2_DGR1,0.0,0.0,False,0.0
2024-01-08,3,V2_DGR2,0.0,0.0,False,0.0
2024-01-08,3,V2_DGR3,0.0,0.0,False,0.0
2024-01-08,3,V4_DGR1,0.0,0.0,False,0.0
2024-01-08,3,X1_DGR1,0.0,0.0,False,0.0
2024-01-08,3,Z0_DGR1,0.0,0.0,False,0.0
2024-01-08,3,Z0_DGR2,0.0,0.0,False,0.0
2024-01-08,3,Z5_DGR1,0.0,0.0,False,0.0
2024-01-08,3,DC_E,0.0,0.0,False,0.0
2024-01-08,3,DC_N,0.0,0.0,False,0.0
2024-01-08,3,DC_L,0.0,0.0,False,0.0
2024-01-08,3,DC_R,0.0,0.0,False,0.0
2024-01-08,3,CEDARVALE_GAS,0.0,0.0,False,0.0
2024-01-08,3,ENCHANTED_ROCK_NEWPP,0.0,0.0,False,0.0
2024-01-08,4,CPSES_UNIT1,1269.0000000000023,-2.2737367544323206e-12,True,10152.0
2024-01-08,4,CPSES_UNIT2,1269.0,0.0,True,10152.0
2024-01-08,4,STP_STP_G1,1228.5,136.5,True,9828.0
2024-01-08,4,STP_STP_G2,1228.5,136.5,True,9828.0
2024-01-08,4,COLETO_COLETOG1,0.0,0.0,False,0.0
2024-01-08,4,FPPYD1_FPP_G1,0.0,0.0,False,0.0
2024-01-08,4,FPPYD1_FPP_G2,0.0,0.0,False,0.0
2024-01-08,4,FPPYD2_FPP_G3,0.0,0.0,False,0.0
2024-01-08,4,CALAVERS_JKS1,0.0,0.0,False,0.0
2024-01-08,4,CALAVERS_JKS2,0.0,0.0,False,0.0
2024-01-08,4,LEG_LEG_G1,357.2,535.8,True,8930.0
2024-01-08,4,LEG_LEG_G2,382.72,574.0799999999999,True,9568.0
2024-01-08,4,MLSES_UNIT1,357.2,535.8,True,8930.0
2024-01-08,4,MLSES_UNIT2,893.0,0.0,True,22325.0
2024-01-08,4,MLSES_UNIT3,470.1356423661145,422.86435763388545,True,11753.3911
2024-01-08,4,OGSES_UNIT1A,0.0,0.0,False,0.0
2024-01-08,4,OGSES_UNIT2,0.0,0.0,False,0.0
2024-01-08,4,SANMIGL_G1,0.0,0.0,False,0.0
2024-01-08,4,SCES_UNIT1,0.0,0.0,False,0.0
2024-01-08,4,TNP_ONE_TNP_O_1,0.0,0.0,False,0.0
2024-01-08,4,TNP_ONE_TNP_O_2,0.0,0.0,False,0.0
2024-01-08,4,WAP_WAP_G5,293.64,440.46,True,7341.0
2024-01-08,4,WAP_WAP_G6,293.64,440.46,True,7341.0
2024-01-08,4,WAP_WAP_G7,245.84,368.76,True,6146.0
2024-01-08,4,WAP_WAP_G8,261.6,392.4,True,6540.0
2024-01-08,4,BRAUNIG_AVR1_CT1,0.0,0.0,False,0.0
2024-01-08,4,BRAUNIG_AVR1_CT2,0.0,0.0,False,0.0
2024-01-08,4,BRAUNIG_AVR1_ST,0.0,0.0,False,0.0
2024-01-08,4,ATKINS_ATKINSG7,0.0,0.0,False,0.0
2024-01-08,4,B_DAVIS_B_DAVIG3,0.0,0.0,False,0.0
2024-01-08,4,B_DAVIS_B_DAVIG4,0.0,0.0,False,0.0
2024-01-08,4,B_DAVIS_B_DAVIG1,0.0,0.0,False,0.0
2024-01-08,4,B_DAVIS_B_DAVIG2,0.0,0.0,False,0.0
2024-01-08,4,BASTEN_GTG1100,0.0,0.0,False,0.0
2024-01-08,4,BASTEN_GTG2100,0.0,0.0,False,0.0
2024-01-08,4,BASTEN_ST0100,0.0,0.0,False,0.0
2024-01-08,4,BCH_UNIT1,6.05,0.0,True,254.1
2024-01-08,4,BCH_UNIT2,0.0,0.0,False,0.0
2024-01-08,4,BCH_UNIT3,0.0,0.0,False,0.0
2024-01-08,4,BCH_UNIT4,0.0,0.0,False,0.0
2024-01-08,4,BCH_UNIT5,0.0,0.0,False,0.0
2024-01-08,4,BCH_UNIT6,0.0,0.0,False,0.0
2024-01-08,4,BCH_UNIT7,0.0,0.0,False,0.0
2024-01-08,4,BCH_UNIT8,0.0,0.0,False,0.0
2024-01-08,4,BOSQUESW_BSQSU_1,0.0,0.0,False,0.0
2024-01-08,4,BOSQUESW_BSQSU_2,0.0,0.0,False,0.0
2024-01-08,4,BOSQUESW_BSQSU_3,0.0,0.0,False,0.0
2024-01-08,4,BOSQUESW_BSQSU_4,0.0,0.0,False,0.0
2024-01-08,4,BOSQUESW_BSQSU_5,0.0,0.0,False,0.0
2024-01-08,4,BVE_UNIT1,0.0,0.0,False,0.0
2024-01-08,4,BVE_UNIT2,0.0,0.0,False,0.0
2024-01-08,4,BVE_UNIT3,0.0,0.0,False,0.0
2024-01-08,4,BTM_UNIT1,0.0,0.0,False,0.0
2024-01-08,4,BTM_UNIT2,0.0,0.0,False,0.0
2024-01-08,4,BTM_UNIT3,0.0,0.0,False,0.0
2024-01-08,4,BTM_UNIT4,0.0,0.0,False,0.0
2024-01-08,4,BTM_UNIT5,0.0,0.0,False,0.0
2024-01-08,4,BTM_UNIT6,0.0,0.0,False,0.0
2024-01-08,4,BTM_UNIT7,0.0,0.0,False,0.0
2024-01-08,4,BTM_UNIT8,0.0,0.0,False,0.0
2024-01-08,4,FLCNS_UNIT1,0.0,0.0,False,0.0
2024-01-08,4,FLCNS_UNIT2,0.0,0.0,False,0.0
2024-01-08,4,CALHOUN_UNIT1,0.0,0.0,False,0.0
2024-01-08,4,CALHOUN_UNIT2,0.0,0.0,False,0.0
2024-01-08,4,CHAMON_CTG_0101,0.0,0.0,False,0.0
2024-01-08,4,CHAMON_CTG_0301,0.0,0.0,False,0.0
2024-01-08,4,CBY4_CT41,61.5,143.5,True,1722.0
2024-01-08,4,CBY4_CT42,61.5,143.5,True,1722.0
2024-01-08,4,CBY4_ST04,61.5,143.5,True,1722.0
2024-01-08,4,CBY_CBY_G1,0.0,0.0,False,0.0
2024-01-08,4,CBY_CBY_G2,0.0,0.0,False,0.0
2024-01-08,4,CBEC_GT1,0.0,0.0,False,0.0
2024-01-08,4,CBEC_GT2,0.0,0.0,False,0.0
2024-01-08,4,CBEC_GT3,0.0,0.0,False,0.0
2024-01-08,4,CBEC_GT4,0.0,0.0,False,0.0
2024-01-08,4,CBEC_STG1,0.0,0.0,False,0.0
2024-01-08,4,CBEC_STG2,0.0,0.0,False,0.0
2024-01-08,4,CBECII_CT7,0.0,0.0,False,0.0
2024-01-08,4,CBECII_CT8,0.0,0.0,False,0.0
2024-01-08,4,CBECII_STG9,0.0,0.0,False,0.0
2024-01-08,4,CBEC_GT11,0.0,0.0,False,0.0
2024-01-08,4,CBEC_GT12,0.0,0.0,False,0.0
2024-01-08,4,CVC_CVC_G1,0.0,0.0,False,0.0
2024-01-08,4,CVC_CVC_G2,0.0,0.0,False,0.0
2024-01-08,4,CVC_CVC_G3,0.0,0.0,False,0.0
2024-01-08,4,CVC_CVC_G5,0.0,0.0,False,0.0
2024-01-08,4,DANSBY_DANSBYG2,0.0,0.0,False,0.0
2024-01-08,4,DANSBY_DANSBYG3,0.0,0.0,False,0.0
2024-01-08,4,DANSBY_DANSBYG1,0.0,0.0,False,0.0
2024-01-08,4,DECKER_DPGT_1,0.0,0.0,False,0.0
2024-01-08,4,DECKER_DPGT_2,0.0,0.0,False,0.0
2024-01-08,4,DECKER_DPGT_3,0.0,0.0,False,0.0
2024-01-08,4,DECKER_DPGT_4,0.0,0.0,False,0.0
2024-01-08,4,DCSES_CT10,0.0,0.0,False,0.0
2024-01-08,4,DCSES_CT20,0.0,0.0,False,0.0
2024-01-08,4,DCSES_CT30,0.0,0.0,False,0.0
2024-01-08,4,DCSES_CT40,0.0,0.0,False,0.0
2024-01-08,4,DDPEC_GT1,60.9,142.1,True,1705.2
2024-01-08,4,DDPEC_GT2,121.58460000000281,93.41539999999719,True,3404.3688
2024-01-08,4,DDPEC_GT3,60.9,142.1,True,1705.2
2024-01-08,4,DDPEC_GT4,215.0,0.0,True,6020.0
2024-01-08,4,DDPEC_GT6,59.7,139.3,True,1671.6
2024-01-08,4,DDPEC_ST1,290.0,0.0,True,8120.0
2024-01-08,4,DEC_AGR_A,0.0,0.0,False,0.0
2024-01-08,4,DEC_AGR_B,0.0,0.0,False,0.0
2024-01-08,4,DEC_AGR_C,0.0,0.0,False,0.0
2024-01-08,4,DEC_AGR_D,0.0,0.0,False,0.0
2024-01-08,4,ECEC_G1,0.0,0.0,False,0.0
2024-01-08,4,ECEC_G2,0.0,0.0,False,0.0
2024-01-08,4,ETCCS_CT1,0.0,0.0,False,0.0
2024-01-08,4,ETCCS_UNIT1,0.0,0.0,False,0.0
2024-01-08,4,AZ_AZ_G1,0.0,0.0,False,0.0
2024-01-08,4,AZ_AZ_G2,0.0,0.0,False,0.0
2024-01-08,4,AZ_AZ_G3,0.0,0.0,False,0.0
2024-01-08,4,AZ_AZ_G4,0.0,0.0,False,0.0
2024-01-08,4,FERGCC_FERGGT1,0.0,0.0,False,0.0
2024-01-08,4,FERGCC_FERGGT2,0.0,0.0,False,0.0
2024-01-08,4,FERGCC_FERGST1,0.0,0.0,False,0.0
2024-01-08,4,FRNYPP_GT11,0.0,0.0,False,0.0
2024-01-08,4,FRNYPP_GT12,0.0,0.0,False,0.0
2024-01-08,4,FRNYPP_GT13,0.0,0.0,False,0.0
2024-01-08,4,FRNYPP_GT21,0.0,0.0,False,0.0
2024-01-08,4,FRNYPP_GT22,0.0,0.0,False,0.0
2024-01-08,4,FRNYPP_GT23,0.0,0.0,False,0.0
2024-01-08,4,FRNYPP_ST10,0.0,0.0,False,0.0
2024-01-08,4,FRNYPP_ST20,0.0,0.0,False,0.0
2024-01-08,4,FREC_GT1,0.0,0.0,False,0.0
2024-01-08,4,FREC_GT2,0.0,0.0,False,0.0
2024-01-08,4,FREC_GT4,0.0,0.0,False,0.0
2024-01-08,4,FREC_GT5,0.0,0.0,False,0.0
2024-01-08,4,FREC_ST3,0.0,0.0,False,0.0
2024-01-08,4,FREC_ST6,0.0,0.0,False,0.0
2024-01-08,4,FEGC_UNIT1,0.0,0.0,False,0.0
2024-01-08,4,FRONT_EC_CT1,0.0,0.0,False,0.0
2024-01-08,4,FRONT_EC_CT2,0.0,0.0,False,0.0
2024-01-08,4,FRONT_EC_ST,0.0,0.0,False,0.0
2024-01-08,4,GRSES_UNIT1,0.0,0.0,False,0.0
2024-01-08,4,GRSES_UNIT2,0.0,0.0,False,0.0
2024-01-08,4,GBY_GBYGT73,0.0,0.0,False,0.0
2024-01-08,4,GBY_GBYGT74,0.0,0.0,False,0.0
2024-01-08,4,GBY_GBYGT81,0.0,0.0,False,0.0
2024-01-08,4,GBY_GBYGT82,0.0,0.0,False,0.0
2024-01-08,4,GBY_GBYGT83,0.0,0.0,False,0.0
2024-01-08,4,GBY_GBYGT84,0.0,0.0,False,0.0
2024-01-08,4,STEAM_ENGINE_1,0.0,0.0,False,0.0
2024-01-08,4,STEAM_ENGINE_2,0.0,0.0,False,0.0
2024-01-08,4,STEAM_ENGINE_3,0.0,0.0,False,0.0
2024-01-08,4,LGE_LGE_GT1,0.0,0.0,False,0.0
2024-01-08,4,LGE_LGE_GT2,0.0,0.0,False,0.0
2024-01-08,4,LGE_LGE_STG,0.0,0.0,False,0.0
2024-01-08,4,GUADG_GAS1,0.0,0.0,False,0.0
2024-01-08,4,GUADG_GAS2,0.0,0.0,False,0.0
2024-01-08,4,GUADG_GAS3,0.0,0.0,False,0.0
2024-01-08,4,GUADG_GAS4,0.0,0.0,False,0.0
2024-01-08,4,GUADG_STM5,0.0,0.0,False,0.0
2024-01-08,4,GUADG_STM6,0.0,0.0,False,0.0
2024-01-08,4,HLSES_UNIT3,0.0,0.0,False,0.0
2024-01-08,4,HLSES_UNIT4,0.0,0.0,False,0.0
2024-01-08,4,HLSES_UNIT5,0.0,0.0,False,0.0
2024-01-08,4,HAYSEN_HAYSENG1,0.0,0.0,False,0.0
2024-01-08,4,HAYSEN_HAYSENG2,0.0,0.0,False,0.0
2024-01-08,4,HAYSEN_HAYSENG3,0.0,0.0,False,0.0
2024-01-08,4,HAYSEN_HAYSENG4,0.0,0.0,False,0.0
2024-01-08,4,DUKE_DUKE_GT1,0.0,0.0,False,0.0
2024-01-08,4,DUKE_DUKE_GT2,0.0,0.0,False,0.0
2024-01-08,4,DUKE_DUKE_ST1,0.0,0.0,False,0.0
2024-01-08,4,JACKCNTY_CT1,59.67,0.0,True,1670.76
2024-01-08,4,JACKCNTY_CT2,59.67,0.0,True,1670.76
2024-01-08,4,JCKCNTY2_CT3,59.67,0.0,True,1670.76
2024-01-08,4,JCKCNTY2_CT4,59.67,0.0,True,1670.76
2024-01-08,4,JACKCNTY_STG,0.0,0.0,False,0.0
2024-01-08,4,JCKCNTY2_ST2,96.18,0.0,True,2693.04
2024-01-08,4,TEN_CT1,0.0,0.0,False,0.0
2024-01-08,4,TEN_STG,0.0,0.0,False,0.0
2024-01-08,4,LHSES_UNIT1,0.0,0.0,False,0.0
2024-01-08,4,LHSES_UNIT2A,0.0,0.0,False,0.0
2024-01-08,4,LPCCS_CT11,55.8,130.2,True,1562.4
2024-01-08,4,LPCCS_CT12,55.8,130.2,True,1562.4
2024-01-08,4,LPCCS_CT21,55.8,130.2,True,1562.4
2024-01-08,4,LPCCS_CT22,55.8,130.2,True,1562.4
2024-01-08,4,LPCCS_UNIT1,64.8,151.2,True,1814.4
2024-01-08,4,LPCCS_UNIT2,64.8,151.2,True,1814.4
2024-01-08,4,LARDVFTN_G4,0.0,0.0,False,0.0
2024-01-08,4,LARDVFTN_G5,0.0,0.0,False,0.0
2024-01-08,4,LEON_CRK_LCPCT1,0.0,0.0,False,0.0
2024-01-08,4,LEON_CRK_LCPCT2,0.0,0.0,False,0.0
2024-01-08,4,LEON_CRK_LCPCT3,0.0,0.0,False,0.0
2024-01-08,4,LEON_CRK_LCPCT4,0.0,0.0,False,0.0
2024-01-08,4,LIG_UNIT1,0.0,0.0,False,0.0
2024-01-08,4,LIG_UNIT2,0.0,0.0,False,0.0
2024-01-08,4,LOSTPI_LOSTPGT1,0.0,0.0,False,0.0
2024-01-08,4,LOSTPI_LOSTPGT2,0.0,0.0,False,0.0
2024-01-08,4,LOSTPI_LOSTPST1,0.0,0.0,False,0.0
2024-01-08,4,NEDIN_NEDIN_G1,0.0,0.0,False,0.0
2024-01-08,4,NEDIN_NEDIN_G2,0.0,0.0,False,0.0
2024-01-08,4,NEDIN_NEDIN_G3,0.0,0.0,False,0.0
2024-01-08,4,MDANP_CT1,0.0,0.0,False,0.0
2024-01-08,4,MDANP_CT2,0.0,0.0,False,0.0
2024-01-08,4,MDANP_CT3,0.0,0.0,False,0.0
2024-01-08,4,MDANP_CT4,0.0,0.0,False,0.0
2024-01-08,4,MDANP_CT5,0.0,0.0,False,0.0
2024-01-08,4,MDANP_CT6,0.0,0.0,False,0.0
2024-01-08,4,MGSES_CT1,0.0,0.0,False,0.0
2024-01-08,4,MGSES_CT2,0.0,0.0,False,0.0
2024-01-08,4,MGSES_CT3,0.0,0.0,False,0.0
2024-01-08,4,MGSES_CT4,0.0,0.0,False,0.0
2024-01-08,4,MGSES_CT5,0.0,0.0,False,0.0
2024-01-08,4,MGSES_CT6,0.0,0.0,False,0.0
2024-01-08,4,MCSES_UNIT6,0.0,0.0,False,0.0
2024-01-08,4,MCSES_UNIT7,0.0,0.0,False,0.0
2024-01-08,4,MCSES_UNIT8,0.0,0.0,False,0.0
2024-01-08,4,NUECES_B_NUECESG8,0.0,0.0,False,0.0
2024-01-08,4,NUECES_B_NUECESG9,0.0,0.0,False,0.0
2024-01-08,4,NUECES_B_NUECESG7,0.0,0.0,False,0.0
2024-01-08,4,CALAVERS_OWS1,0.0,0.0,False,0.0
2024-01-08,4,CALAVERS_OWS2,0.0,0.0,False,0.0
2024-01-08,4,OECCS_CT11,0.0,0.0,False,0.0
2024-01-08,4,OECCS_CT12,0.0,0.0,False,0.0
2024-01-08,4,OECCS_CT21,0.0,0.0,False,0.0
2024-01-08,4,OECCS_CT22,0.0,0.0,False,0.0
2024-01-08,4,OECCS_UNIT1,0.0,0.0,False,0.0
2024-01-08,4,OECCS_UNIT2,0.0,0.0,False,0.0
2024-01-08,4,VICTPRT2_UNIT1,0.0,0.0,False,0.0
2024-01-08,4,VICTPRT2_UNIT2,0.0,0.0,False,0.0
2024-01-08,4,PANDA_S_SHER1CT1,69.6,162.4,True,1948.8
2024-01-08,4,PANDA_S_SHER1CT2,69.6,162.4,True,1948.8
2024-01-08,4,PANDA_S_SHER1ST1,105.93,247.17000000000002,True,2966.04
2024-01-08,4,PANDA_T1_TMPL1CT1,0.0,0.0,False,0.0
2024-01-08,4,PANDA_T1_TMPL1CT2,0.0,0.0,False,0.0
2024-01-08,4,PANDA_T1_TMPL1ST1,0.0,0.0,False,0.0
2024-01-08,4,PANDA_T2_TMPL2CT1,0.0,0.0,False,0.0
2024-01-08,4,PANDA_T2_TMPL2CT2,0.0,0.0,False,0.0
2024-01-08,4,PANDA_T2_TMPL2ST1,0.0,0.0,False,0.0
2024-01-08,4,TNSKA_GT1,27.27,0.0,True,763.56
2024-01-08,4,TNSKA_GT2,27.27,0.0,True,763.56
2024-01-08,4,TNSKA_STG,27.0,0.0,True,756.0
2024-01-08,4,PSG_PSG_GT2,88.6016392681745,126.4983607318255,True,2480.8459
2024-01-08,4,PSG_PSG_GT3,215.1,0.0,True,6022.8
2024-01-08,4,PSG_PSG_ST2,195.5,0.0,True,5474.0
2024-01-08,4,PEARSAL2_AGR_A,0.0,0.0,False,0.0
2024-01-08,4,PEARSAL2_AGR_B,0.0,0.0,False,0.0
2024-01-08,4,PEARSAL2_AGR_C,0.0,0.0,False,0.0
2024-01-08,4,PEARSAL2_AGR_D,0.0,0.0,False,0.0
2024-01-08,4,PB2SES_CT1,0.0,0.0,False,0.0
2024-01-08,4,PB2SES_CT2,0.0,0.0,False,0.0
2024-01-08,4,PB2SES_CT3,0.0,0.0,False,0.0
2024-01-08,4,PB2SES_CT4,0.0,0.0,False,0.0
2024-01-08,4,PB2SES_CT5,0.0,0.0,False,0.0
2024-01-08,4,PRO_UNIT1,0.0,0.0,False,0.0
2024-01-08,4,PRO_UNIT2,0.0,0.0,False,0.0
2024-01-08,4,PRO_UNIT3,0.0,0.0,False,0.0
2024-01-08,4,PRO_UNIT4,0.0,0.0,False,0.0
2024-01-08,4,PRO_UNIT5,0.0,0.0,False,0.0
2024-01-08,4,PRO_UNIT6,0.0,0.0,False,0.0
2024-01-08,4,PRO_UNIT7,0.0,0.0,False,0.0
2024-01-08,4,PRO_UNIT8,0.0,0.0,False,0.0
2024-01-08,4,BAC_CTG1,0.0,0.0,False,0.0
2024-01-08,4,BAC_CTG2,0.0,0.0,False,0.0
2024-01-08,4,BAC_CTG3,0.0,0.0,False,0.0
2024-01-08,4,BAC_CTG4,0.0,0.0,False,0.0
2024-01-08,4,BAC_CTG5,0.0,0.0,False,0.0
2024-01-08,4,BAC_CTG6,0.0,0.0,False,0.0
2024-01-08,4,STEAM1A_STEAM_1,0.0,0.0,False,0.0
2024-01-08,4,STEAM_STEAM_2,0.0,0.0,False,0.0
2024-01-08,4,STEAM_STEAM_3,0.0,0.0,False,0.0
2024-01-08,4,QALSW_GT1,0.0,0.0,False,0.0
2024-01-08,4,QALSW_GT2,0.0,0.0,False,0.0
2024-01-08,4,QALSW_GT3,0.0,0.0,False,0.0
2024-01-08,4,QALSW_GT4,0.0,0.0,False,0.0
2024-01-08,4,QALSW_STG1,0.0,0.0,False,0.0
2024-01-08,4,QALSW_STG2,0.0,0.0,False,0.0
2024-01-08,4,MIL_MILLERG4,0.0,0.0,False,0.0
2024-01-08,4,MIL_MILLERG5,0.0,0.0,False,0.0
2024-01-08,4,MIL_MILLERG1,0.0,0.0,False,0.0
2024-01-08,4,MIL_MILLERG2,0.0,0.0,False,0.0
2024-01-08,4,MIL_MILLERG3,0.0,0.0,False,0.0
2024-01-08,4,OLINGR_OLING_4,0.0,0.0,False,0.0
2024-01-08,4,OLINGR_OLING_2,0.0,0.0,False,0.0
2024-01-08,4,OLINGR_OLING_3,0.0,0.0,False,0.0
2024-01-08,4,RAB_UNIT1,0.0,0.0,False,0.0
2024-01-08,4,RAB_UNIT2,0.0,0.0,False,0.0
2024-01-08,4,RAB_UNIT3,0.0,0.0,False,0.0
2024-01-08,4,RAB_UNIT4,0.0,0.0,False,0.0
2024-01-08,4,RAB_UNIT5,0.0,0.0,False,0.0
2024-01-08,4,RAB_UNIT6,0.0,0.0,False,0.0
2024-01-08,4,RAB_UNIT7,0.0,0.0,False,0.0
2024-01-08,4,RAB_UNIT8,0.0,0.0,False,0.0
2024-01-08,4,REDGATE_AGR_A,0.0,0.0,False,0.0
2024-01-08,4,REDGATE_AGR_B,0.0,0.0,False,0.0
2024-01-08,4,REDGATE_AGR_C,0.0,0.0,False,0.0
2024-01-08,4,REDGATE_AGR_D,0.0,0.0,False,0.0
2024-01-08,4,JAD_UNIT1,0.0,0.0,False,0.0
2024-01-08,4,JAD_UNIT2,0.0,0.0,False,0.0
2024-01-08,4,JAD_UNIT3,0.0,0.0,False,0.0
2024-01-08,4,JAD_UNIT4,0.0,0.0,False,0.0
2024-01-08,4,JAD_UNIT5,0.0,0.0,False,0.0
2024-01-08,4,JAD_UNIT6,0.0,0.0,False,0.0
2024-01-08,4,JAD_UNIT7,0.0,0.0,False,0.0
2024-01-08,4,JAD_UNIT8,0.0,0.0,False,0.0
2024-01-08,4,RIONOG_CT1,0.0,0.0,False,0.0
2024-01-08,4,RIONOG_CT2,0.0,0.0,False,0.0
2024-01-08,4,RIONOG_CT3,0.0,0.0,False,0.0
2024-01-08,4,RIONOG_ST1,0.0,0.0,False,0.0
2024-01-08,4,RAYBURN_RAYBURG7,18.15,42.35,True,508.2
2024-01-08,4,RAYBURN_RAYBURG8,18.15,42.35,True,508.2
2024-01-08,4,RAYBURN_RAYBURG9,18.15,42.35,True,508.2
2024-01-08,4,RAYBURN_RAYBURG10,12.6,29.4,True,352.8
2024-01-08,4,SJS_SJS_G1,0.0,0.0,False,0.0
2024-01-08,4,SJS_SJS_G2,0.0,0.0,False,0.0
2024-01-08,4,SANDHSYD_SH1,0.0,0.0,False,0.0
2024-01-08,4,SANDHSYD_SH2,0.0,0.0,False,0.0
2024-01-08,4,SANDHSYD_SH3,0.0,0.0,False,0.0
2024-01-08,4,SANDHSYD_SH4,0.0,0.0,False,0.0
2024-01-08,4,SANDHSYD_SH_5A,0.0,0.0,False,0.0
2024-01-08,4,SANDHSYD_SH6,0.0,0.0,False,0.0
2024-01-08,4,SANDHSYD_SH7,0.0,0.0,False,0.0
2024-01-08,4,SANDHSYD_SH_5C,0.0,0.0,False,0.0
2024-01-08,4,SILASRAY_SILAS_10,0.0,0.0,False,0.0
2024-01-08,4,SILASRAY_SILAS_9,0.0,0.0,False,0.0
2024-01-08,4,SILASRAY_SILAS_6,0.0,0.0,False,0.0
2024-01-08,4,GIDEON_GIDEONG1,0.0,0.0,False,0.0
2024-01-08,4,GIDEON_GIDEONG2,0.0,0.0,False,0.0
2024-01-08,4,GIDEON_GIDEONG3,0.0,0.0,False,0.0
2024-01-08,4,SKY1_SKY1A,0.0,0.0,False,0.0
2024-01-08,4,SKY1_SKY1B,0.0,0.0,False,0.0
2024-01-08,4,SPNCER_SPNCE_4,0.0,0.0,False,0.0
2024-01-08,4,SPNCER_SPNCE_5,0.0,0.0,False,0.0
2024-01-08,4,SCSES_UNIT1A,0.0,0.0,False,0.0
2024-01-08,4,SCSES_UNIT2,0.0,0.0,False,0.0
2024-01-08,4,THW_THWGT_1,0.0,0.0,False,0.0
2024-01-08,4,THW_THWGT31,0.0,0.0,False,0.0
2024-01-08,4,THW_THWGT32,0.0,0.0,False,0.0
2024-01-08,4,THW_THWGT33,0.0,0.0,False,0.0
2024-01-08,4,THW_THWGT34,0.0,0.0,False,0.0
2024-01-08,4,THW_THWGT41,0.0,0.0,False,0.0
2024-01-08,4,THW_THWGT42,0.0,0.0,False,0.0
2024-01-08,4,THW_THWGT43,0.0,0.0,False,0.0
2024-01-08,4,THW_THWGT44,0.0,0.0,False,0.0
2024-01-08,4,THW_THWGT51,0.0,0.0,False,0.0
2024-01-08,4,THW_THWGT52,0.0,0.0,False,0.0
2024-01-08,4,THW_THWGT53,0.0,0.0,False,0.0
2024-01-08,4,THW_THWGT54,0.0,0.0,False,0.0
2024-01-08,4,THW_THWGT55,0.0,0.0,False,0.0
2024-01-08,4,THW_THWGT56,0.0,0.0,False,0.0
2024-01-08,4,THW_THWST_3,0.0,0.0,False,0.0
2024-01-08,4,THW_THWST_4,0.0,0.0,False,0.0
2024-01-08,4,TXCTY_CTA,129.1,0.0,True,3614.8
2024-01-08,4,TXCTY_CTB,129.1,0.0,True,3614.8
2024-01-08,4,TXCTY_CTC,129.1,0.0,True,3614.8
2024-01-08,4,TXCTY_ST,143.7,0.0,True,4023.6
2024-01-08,4,TGS_GT01,0.0,0.0,False,0.0
2024-01-08,4,TIMPP_AGR1,0.0,0.0,False,0.0
2024-01-08,4,TIMPP_AGR2,0.0,0.0,False,0.0
2024-01-08,4,TIMPP_AGR3,0.0,0.0,False,0.0
2024-01-08,4,TIMPP_AGR4,0.0,0.0,False,0.0
2024-01-08,4,TRSES_UNIT6,0.0,0.0,False,0.0
2024-01-08,4,TOPAZ_UNIT1,0.0,0.0,False,0.0
2024-01-08,4,TOPAZ_UNIT2,0.0,0.0,False,0.0
2024-01-08,4,TOPAZ_UNIT3,0.0,0.0,False,0.0
2024-01-08,4,TOPAZ_UNIT4,0.0,0.0,False,0.0
2024-01-08,4,TOPAZ_UNIT5,0.0,0.0,False,0.0
2024-01-08,4,TOPAZ_UNIT6,0.0,0.0,False,0.0
2024-01-08,4,TOPAZ_UNIT7,0.0,0.0,False,0.0
2024-01-08,4,TOPAZ_UNIT8,0.0,0.0,False,0.0
2024-01-08,4,TOPAZ_UNIT9,0.0,0.0,False,0.0
2024-01-08,4,TOPAZ_UNIT10,0.0,0.0,False,0.0
2024-01-08,4,BRAUNIG_VHB6CT5,0.0,0.0,False,0.0
2024-01-08,4,BRAUNIG_VHB6CT6,0.0,0.0,False,0.0
2024-01-08,4,BRAUNIG_VHB6CT7,0.0,0.0,False,0.0
2024-01-08,4,BRAUNIG_VHB6CT8,0.0,0.0,False,0.0
2024-01-08,4,CITYVICT_CTG01,0.0,0.0,False,0.0
2024-01-08,4,CITYVICT_CTG02,0.0,0.0,False,0.0
2024-01-08,4,VICTPORT_CTG01,0.0,0.0,False,0.0
2024-01-08,4,VICTPORT_CTG02,0.0,0.0,False,0.0
2024-01-08,4,VICTORIA_VICTORG6,0.0,0.0,False,0.0
2024-01-08,4,VICTORIA_VICTORG5,0.0,0.0,False,0.0
2024-01-08,4,WAP_WAPGT_1,0.0,0.0,False,0.0
2024-01-08,4,WAP_WAP_G1,0.0,0.0,False,0.0
2024-01-08,4,WAP_WAP_G2,0.0,0.0,False,0.0
2024-01-08,4,WAP_WAP_G3,0.0,0.0,False,0.0
2024-01-08,4,WAP_WAP_G4,0.0,0.0,False,0.0
2024-01-08,4,WFCOGEN_UNIT1,0.0,0.0,False,0.0
2024-01-08,4,WFCOGEN_UNIT2,0.0,0.0,False,0.0
2024-01-08,4,WFCOGEN_UNIT3,0.0,0.0,False,0.0
2024-01-08,4,WIPOPA_WPP_G1,0.0,0.0,False,0.0
2024-01-08,4,WIPOPA_WPP_G2,0.0,0.0,False,0.0
2024-01-08,4,WIPOPA_WPP_G3,0.0,0.0,False,0.0
2024-01-08,4,WIPOPA_WPP_G4,0.0,0.0,False,0.0
2024-01-08,4,WCPP_CT1,0.0,0.0,False,0.0
2024-01-08,4,WCPP_CT2,0.0,0.0,False,0.0
2024-01-08,4,WCPP_ST1,0.0,0.0,False,0.0
2024-01-08,4,WHCCS_CT1,0.0,0.0,False,0.0
2024-01-08,4,WHCCS_CT2,0.0,0.0,False,0.0
2024-01-08,4,WHCCS_STG,0.0,0.0,False,0.0
2024-01-08,4,WHCCS2_CT4,0.0,0.0,False,0.0
2024-01-08,4,WHCCS2_CT5,0.0,0.0,False,0.0
2024-01-08,4,WHCCS2_STG6,0.0,0.0,False,0.0
2024-01-08,4,NACPW_UNIT1,0.0,0.0,False,0.0
2024-01-08,4,HBR_2UNITS,0.0,0.0,False,0.0
2024-01-08,4,TRIRA_1UNIT,0.0,0.0,False,0.0
2024-01-08,4,78252_4UNITS,0.0,0.0,False,0.0
2024-01-08,4,SPRIN_4UNITS,0.0,0.0,False,0.0
2024-01-08,4,FREIH_2UNITS,0.0,0.0,False,0.0
2024-01-08,4,WSTHL_3UNITS,0.0,0.0,False,0.0
2024-01-08,4,FEGC_CTG2,0.0,0.0,False,0.0
2024-01-08,4,FEGC_CTG3,0.0,0.0,False,0.0
2024-01-08,4,FEGC_CTG4,0.0,0.0,False,0.0
2024-01-08,4,OLNEYTN_AGR1,0.0,0.0,False,0.0
2024-01-08,4,AMISTAD_AMISTAG1,37.9,0.0,True,37.9
2024-01-08,4,AMISTAD_AMISTAG2,37.9,0.0,True,37.9
2024-01-08,4,AUSTPL_AUSTING1,9.0,0.0,True,9.0
2024-01-08,4,AUSTPL_AUSTING2,9.0,0.0,True,9.0
2024-01-08,4,BUCHAN_BUCHANG1,18.299999999999997,3.552713678800501e-15,True,18.3
2024-01-08,4,BUCHAN_BUCHANG2,18.299999999999997,3.552713678800501e-15,True,18.3
2024-01-08,4,BUCHAN_BUCHANG3,18.299999999999997,3.552713678800501e-15,True,18.3
2024-01-08,4,DNDAM_DENISOG1,50.8,0.0,True,50.8
2024-01-08,4,DNDAM_DENISOG2,50.8,0.0,True,50.8
2024-01-08,4,FALCON_FALCONG1,12.000000000000004,-3.552713678800501e-15,True,12.0
2024-01-08,4,FALCON_FALCONG2,12.0,0.0,True,12.0
2024-01-08,4,FALCON_FALCONG3,12.0,0.0,True,12.0
2024-01-08,4,WIRTZ_WIRTZ_G1,29.0,0.0,True,29.0
2024-01-08,4,WIRTZ_WIRTZ_G2,29.0,0.0,True,29.0
2024-01-08,4,CANYHY_CANYHYG1,6.0,0.0,True,6.0
2024-01-08,4,INKSDA_INKS_G1,15.0,0.0,True,15.0
2024-01-08,4,MARBFA_MARBFAG1,21.0,0.0,True,21.0
2024-01-08,4,MARBFA_MARBFAG2,20.0,0.0,True,20.0
2024-01-08,4,MARSFO_MARSFOG1,36.0,0.0,True,36.0
2024-01-08,4,MARSFO_MARSFOG2,36.0,0.0,True,36.0
2024-01-08,4,MARSFO_MARSFOG3,35.999999999999986,1.4210854715202004e-14,True,36.0
2024-01-08,4,WND_WHITNEY1,22.0,0.0,True,22.0
2024-01-08,4,WND_WHITNEY2,22.0,0.0,True,22.0
2024-01-08,4,AEEC_ANTLP_1,0.0,0.0,False,0.0
2024-01-08,4,AEEC_ANTLP_2,0.0,0.0,False,0.0
2024-01-08,4,AEEC_ANTLP_3,0.0,0.0,False,0.0
2024-01-08,4,AEEC_ELK_1,0.0,0.0,False,0.0
2024-01-08,4,AEEC_ELK_2,0.0,0.0,False,0.0
2024-01-08,4,AEEC_ELK_3,0.0,0.0,False,0.0
2024-01-08,4,FTR_FTR_G1,0.0,0.0,False,0.0
2024-01-08,4,FTR_FTR_G2,0.0,0.0,False,0.0
2024-01-08,4,FTR_FTR_G3,0.0,0.0,False,0.0
2024-01-08,4,FTR_FTR_G4,0.0,0.0,False,0.0
2024-01-08,4,TGCCS_CT1,0.0,0.0,False,0.0
2024-01-08,4,TGCCS_CT2,0.0,0.0,False,0.0
2024-01-08,4,TGCCS_CT3,0.0,0.0,False,0.0
2024-01-08,4,TGCCS_UNIT4,0.0,0.0,False,0.0
2024-01-08,4,KMCHI_1CT101,55.5,129.5,True,1554.0
2024-01-08,4,KMCHI_1CT201,55.5,129.5,True,1554.0
2024-01-08,4,KMCHI_1ST,99.0,231.0,True,2772.0
2024-01-08,4,KMCHI_2CT101,55.5,129.5,True,1554.0
2024-01-08,4,KMCHI_2CT201,55.5,129.5,True,1554.0
2024-01-08,4,KMCHI_2ST,99.0,231.0,True,2772.0
2024-01-08,4,A4_DGR1,0.0,0.0,False,0.0
2024-01-08,4,A4_DGR2,0.0,0.0,False,0.0
2024-01-08,4,K2_DGR1,0.0,0.0,False,0.0
2024-01-08,4,K2_DGR2,0.0,0.0,False,0.0
2024-01-08,4,P2_DGR1,0.0,0.0,False,0.0
2024-01-08,4,P2_DGR2,0.0,0.0,False,0.0
2024-01-08,4,Q1_DGR1,0.0,0.0,False,0.0
2024-01-08,4,BRAUNIG_VHB3,0.0,0.0,False,0.0
2024-01-08,4,V2_DGR1,0.0,0.0,False,0.0
2024-01-08,4,V2_DGR2,0.0,0.0,False,0.0
2024-01-08,4,V2_DGR3,0.0,0.0,False,0.0
2024-01-08,4,V4_DGR1,0.0,0.0,False,0.0
2024-01-08,4,X1_DGR1,0.0,0.0,False,0.0
2024-01-08,4,Z0_DGR1,0.0,0.0,False,0.0
2024-01-08,4,Z0_DGR2,0.0,0.0,False,0.0
2024-01-08,4,Z5_DGR1,0.0,0.0,False,0.0
2024-01-08,4,DC_E,0.0,0.0,False,0.0
2024-01-08,4,DC_N,0.0,0.0,False,0.0
2024-01-08,4,DC_L,0.0,0.0,False,0.0
2024-01-08,4,DC_R,0.0,0.0,False,0.0
2024-01-08,4,CEDARVALE_GAS,0.0,0.0,False,0.0
2024-01-08,4,ENCHANTED_ROCK_NEWPP,0.0,0.0,False,0.0
2024-01-08,5,CPSES_UNIT1,1269.0,0.0,True,10152.0
2024-01-08,5,CPSES_UNIT2,1269.0,0.0,True,10152.0
2024-01-08,5,STP_STP_G1,1228.5,136.5,True,9828.0
2024-01-08,5,STP_STP_G2,1228.5,136.5,True,9828.0
2024-01-08,5,COLETO_COLETOG1,0.0,0.0,False,0.0
2024-01-08,5,FPPYD1_FPP_G1,0.0,0.0,False,0.0
2024-01-08,5,FPPYD1_FPP_G2,0.0,0.0,False,0.0
2024-01-08,5,FPPYD2_FPP_G3,0.0,0.0,False,0.0
2024-01-08,5,CALAVERS_JKS1,0.0,0.0,False,0.0
2024-01-08,5,CALAVERS_JKS2,0.0,0.0,False,0.0
2024-01-08,5,LEG_LEG_G1,357.2,535.8,True,8930.0
2024-01-08,5,LEG_LEG_G2,382.72,574.0799999999999,True,9568.0
2024-01-08,5,MLSES_UNIT1,893.0,0.0,True,22325.0
2024-01-08,5,MLSES_UNIT2,893.0,0.0,True,22325.0
2024-01-08,5,MLSES_UNIT3,453.04632081945346,439.9536791805465,True,11326.158
2024-01-08,5,OGSES_UNIT1A,0.0,0.0,False,0.0
2024-01-08,5,OGSES_UNIT2,0.0,0.0,False,0.0
2024-01-08,5,SANMIGL_G1,0.0,0.0,False,0.0
2024-01-08,5,SCES_UNIT1,0.0,0.0,False,0.0
2024-01-08,5,TNP_ONE_TNP_O_1,0.0,0.0,False,0.0
2024-01-08,5,TNP_ONE_TNP_O_2,0.0,0.0,False,0.0
2024-01-08,5,WAP_WAP_G5,293.64,440.46,True,7341.0
2024-01-08,5,WAP_WAP_G6,293.64,440.46,True,7341.0
2024-01-08,5,WAP_WAP_G7,245.84,368.76,True,6146.0
2024-01-08,5,WAP_WAP_G8,261.6,392.4,True,6540.0
2024-01-08,5,BRAUNIG_AVR1_CT1,0.0,0.0,False,0.0
2024-01-08,5,BRAUNIG_AVR1_CT2,0.0,0.0,False,0.0
2024-01-08,5,BRAUNIG_AVR1_ST,0.0,0.0,False,0.0
2024-01-08,5,ATKINS_ATKINSG7,0.0,0.0,False,0.0
2024-01-08,5,B_DAVIS_B_DAVIG3,0.0,0.0,False,0.0
2024-01-08,5,B_DAVIS_B_DAVIG4,0.0,0.0,False,0.0
2024-01-08,5,B_DAVIS_B_DAVIG1,0.0,0.0,False,0.0
2024-01-08,5,B_DAVIS_B_DAVIG2,0.0,0.0,False,0.0
2024-01-08,5,BASTEN_GTG1100,0.0,0.0,False,0.0
2024-01-08,5,BASTEN_GTG2100,0.0,0.0,False,0.0
2024-01-08,5,BASTEN_ST0100,0.0,0.0,False,0.0
2024-01-08,5,BCH_UNIT1,6.05,54.45,True,254.1
2024-01-08,5,BCH_UNIT2,6.05,0.0,True,254.1
2024-01-08,5,BCH_UNIT3,6.05,0.0,True,254.1
2024-01-08,5,BCH_UNIT4,6.05,0.0,True,254.1
2024-01-08,5,BCH_UNIT5,6.05,0.0,True,254.1
2024-01-08,5,BCH_UNIT6,6.05,0.0,True,254.1
2024-01-08,5,BCH_UNIT7,6.05,0.0,True,254.1
2024-01-08,5,BCH_UNIT8,6.05,0.0,True,254.1
2024-01-08,5,BOSQUESW_BSQSU_1,0.0,0.0,False,0.0
2024-01-08,5,BOSQUESW_BSQSU_2,0.0,0.0,False,0.0
2024-01-08,5,BOSQUESW_BSQSU_3,0.0,0.0,False,0.0
2024-01-08,5,BOSQUESW_BSQSU_4,0.0,0.0,False,0.0
2024-01-08,5,BOSQUESW_BSQSU_5,0.0,0.0,False,0.0
2024-01-08,5,BVE_UNIT1,0.0,0.0,False,0.0
2024-01-08,5,BVE_UNIT2,0.0,0.0,False,0.0
2024-01-08,5,BVE_UNIT3,0.0,0.0,False,0.0
2024-01-08,5,BTM_UNIT1,0.0,0.0,False,0.0
2024-01-08,5,BTM_UNIT2,0.0,0.0,False,0.0
2024-01-08,5,BTM_UNIT3,0.0,0.0,False,0.0
2024-01-08,5,BTM_UNIT4,0.0,0.0,False,0.0
2024-01-08,5,BTM_UNIT5,0.0,0.0,False,0.0
2024-01-08,5,BTM_UNIT6,0.0,0.0,False,0.0
2024-01-08,5,BTM_UNIT7,0.0,0.0,False,0.0
2024-01-08,5,BTM_UNIT8,0.0,0.0,False,0.0
2024-01-08,5,FLCNS_UNIT1,0.0,0.0,False,0.0
2024-01-08,5,FLCNS_UNIT2,0.0,0.0,False,0.0
2024-01-08,5,CALHOUN_UNIT1,0.0,0.0,False,0.0
2024-01-08,5,CALHOUN_UNIT2,0.0,0.0,False,0.0
2024-01-08,5,CHAMON_CTG_0101,0.0,0.0,False,0.0
2024-01-08,5,CHAMON_CTG_0301,0.0,0.0,False,0.0
2024-01-08,5,CBY4_CT41,205.0,0.0,True,5740.0
2024-01-08,5,CBY4_CT42,205.0,0.0,True,5740.0
2024-01-08,5,CBY4_ST04,128.5088726603168,76.4911273396832,True,3598.2484
2024-01-08,5,CBY_CBY_G1,0.0,0.0,False,0.0
2024-01-08,5,CBY_CBY_G2,0.0,0.0,False,0.0
2024-01-08,5,CBEC_GT1,0.0,0.0,False,0.0
2024-01-08,5,CBEC_GT2,0.0,0.0,False,0.0
2024-01-08,5,CBEC_GT3,0.0,0.0,False,0.0
2024-01-08,5,CBEC_GT4,0.0,0.0,False,0.0
2024-01-08,5,CBEC_STG1,0.0,0.0,False,0.0
2024-01-08,5,CBEC_STG2,0.0,0.0,False,0.0
2024-01-08,5,CBECII_CT7,0.0,0.0,False,0.0
2024-01-08,5,CBECII_CT8,0.0,0.0,False,0.0
2024-01-08,5,CBECII_STG9,0.0,0.0,False,0.0
2024-01-08,5,CBEC_GT11,0.0,0.0,False,0.0
2024-01-08,5,CBEC_GT12,0.0,0.0,False,0.0
2024-01-08,5,CVC_CVC_G1,57.63,0.0,True,1613.64
2024-01-08,5,CVC_CVC_G2,57.63,0.0,True,1613.64
2024-01-08,5,CVC_CVC_G3,57.63,0.0,True,1613.64
2024-01-08,5,CVC_CVC_G5,45.0,0.0,True,1260.0
2024-01-08,5,DANSBY_DANSBYG2,0.0,0.0,False,0.0
2024-01-08,5,DANSBY_DANSBYG3,0.0,0.0,False,0.0
2024-01-08,5,DANSBY_DANSBYG1,0.0,0.0,False,0.0
2024-01-08,5,DECKER_DPGT_1,0.0,0.0,False,0.0
2024-01-08,5,DECKER_DPGT_2,0.0,0.0,False,0.0
2024-01-08,5,DECKER_DPGT_3,0.0,0.0,False,0.0
2024-01-08,5,DECKER_DPGT_4,0.0,0.0,False,0.0
2024-01-08,5,DCSES_CT10,0.0,0.0,False,0.0
2024-01-08,5,DCSES_CT20,0.0,0.0,False,0.0
2024-01-08,5,DCSES_CT30,0.0,0.0,False,0.0
2024-01-08,5,DCSES_CT40,0.0,0.0,False,0.0
2024-01-08,5,DDPEC_GT1,60.9,142.1,True,1705.2
2024-01-08,5,DDPEC_GT2,215.0,0.0,True,6020.0
2024-01-08,5,DDPEC_GT3,60.9,142.1,True,1705.2
2024-01-08,5,DDPEC_GT4,64.5,150.5,True,1806.0
2024-01-08,5,DDPEC_GT6,124.1914000000029,74.80859999999711,True,3477.3592
2024-01-08,5,DDPEC_ST1,290.0,0.0,True,8120.0
2024-01-08,5,DEC_AGR_A,0.0,0.0,False,0.0
2024-01-08,5,DEC_AGR_B,0.0,0.0,False,0.0
2024-01-08,5,DEC_AGR_C,0.0,0.0,False,0.0
2024-01-08,5,DEC_AGR_D,0.0,0.0,False,0.0
2024-01-08,5,ECEC_G1,0.0,0.0,False,0.0
2024-01-08,5,ECEC_G2,0.0,0.0,False,0.0
2024-01-08,5,ETCCS_CT1,0.0,0.0,False,0.0
2024-01-08,5,ETCCS_UNIT1,0.0,0.0,False,0.0
2024-01-08,5,AZ_AZ_G1,0.0,0.0,False,0.0
2024-01-08,5,AZ_AZ_G2,0.0,0.0,False,0.0
2024-01-08,5,AZ_AZ_G3,0.0,0.0,False,0.0
2024-01-08,5,AZ_AZ_G4,0.0,0.0,False,0.0
2024-01-08,5,FERGCC_FERGGT1,0.0,0.0,False,0.0
2024-01-08,5,FERGCC_FERGGT2,0.0,0.0,False,0.0
2024-01-08,5,FERGCC_FERGST1,0.0,0.0,False,0.0
2024-01-08,5,FRNYPP_GT11,0.0,0.0,False,0.0
2024-01-08,5,FRNYPP_GT12,0.0,0.0,False,0.0
2024-01-08,5,FRNYPP_GT13,0.0,0.0,False,0.0
2024-01-08,5,FRNYPP_GT21,0.0,0.0,False,0.0
2024-01-08,5,FRNYPP_GT22,0.0,0.0,False,0.0
2024-01-08,5,FRNYPP_GT23,0.0,0.0,False,0.0
2024-01-08,5,FRNYPP_ST10,0.0,0.0,False,0.0
2024-01-08,5,FRNYPP_ST20,0.0,0.0,False,0.0
2024-01-08,5,FREC_GT1,0.0,0.0,False,0.0
2024-01-08,5,FREC_GT2,0.0,0.0,False,0.0
2024-01-08,5,FREC_GT4,0.0,0.0,False,0.0
2024-01-08,5,FREC_GT5,0.0,0.0,False,0.0
2024-01-08,5,FREC_ST3,0.0,0.0,False,0.0
2024-01-08,5,FREC_ST6,0.0,0.0,False,0.0
2024-01-08,5,FEGC_UNIT1,0.0,0.0,False,0.0
2024-01-08,5,FRONT_EC_CT1,0.0,0.0,False,0.0
2024-01-08,5,FRONT_EC_CT2,0.0,0.0,False,0.0
2024-01-08,5,FRONT_EC_ST,0.0,0.0,False,0.0
2024-01-08,5,GRSES_UNIT1,0.0,0.0,False,0.0
2024-01-08,5,GRSES_UNIT2,0.0,0.0,False,0.0
2024-01-08,5,GBY_GBYGT73,0.0,0.0,False,0.0
2024-01-08,5,GBY_GBYGT74,0.0,0.0,False,0.0
2024-01-08,5,GBY_GBYGT81,0.0,0.0,False,0.0
2024-01-08,5,GBY_GBYGT82,0.0,0.0,False,0.0
2024-01-08,5,GBY_GBYGT83,0.0,0.0,False,0.0
2024-01-08,5,GBY_GBYGT84,0.0,0.0,False,0.0
2024-01-08,5,STEAM_ENGINE_1,0.0,0.0,False,0.0
2024-01-08,5,STEAM_ENGINE_2,0.0,0.0,False,0.0
2024-01-08,5,STEAM_ENGINE_3,0.0,0.0,False,0.0
2024-01-08,5,LGE_LGE_GT1,0.0,0.0,False,0.0
2024-01-08,5,LGE_LGE_GT2,0.0,0.0,False,0.0
2024-01-08,5,LGE_LGE_STG,0.0,0.0,False,0.0
2024-01-08,5,GUADG_GAS1,0.0,0.0,False,0.0
2024-01-08,5,GUADG_GAS2,0.0,0.0,False,0.0
2024-01-08,5,GUADG_GAS3,0.0,0.0,False,0.0
2024-01-08,5,GUADG_GAS4,0.0,0.0,False,0.0
2024-01-08,5,GUADG_STM5,0.0,0.0,False,0.0
2024-01-08,5,GUADG_STM6,0.0,0.0,False,0.0
2024-01-08,5,HLSES_UNIT3,0.0,0.0,False,0.0
2024-01-08,5,HLSES_UNIT4,0.0,0.0,False,0.0
2024-01-08,5,HLSES_UNIT5,0.0,0.0,False,0.0
2024-01-08,5,HAYSEN_HAYSENG1,0.0,0.0,False,0.0
2024-01-08,5,HAYSEN_HAYSENG2,0.0,0.0,False,0.0
2024-01-08,5,HAYSEN_HAYSENG3,0.0,0.0,False,0.0
2024-01-08,5,HAYSEN_HAYSENG4,0.0,0.0,False,0.0
2024-01-08,5,DUKE_DUKE_GT1,0.0,0.0,False,0.0
2024-01-08,5,DUKE_DUKE_GT2,0.0,0.0,False,0.0
2024-01-08,5,DUKE_DUKE_ST1,0.0,0.0,False,0.0
2024-01-08,5,JACKCNTY_CT1,59.67,139.23,True,1670.76
2024-01-08,5,JACKCNTY_CT2,59.67,139.23,True,1670.76
2024-01-08,5,JCKCNTY2_CT3,59.67,139.23,True,1670.76
2024-01-08,5,JCKCNTY2_CT4,59.67,139.23,True,1670.76
2024-01-08,5,JACKCNTY_STG,0.0,0.0,False,0.0
2024-01-08,5,JCKCNTY2_ST2,96.18,224.42000000000002,True,2693.04
2024-01-08,5,TEN_CT1,0.0,0.0,False,0.0
2024-01-08,5,TEN_STG,0.0,0.0,False,0.0
2024-01-08,5,LHSES_UNIT1,0.0,0.0,False,0.0
2024-01-08,5,LHSES_UNIT2A,0.0,0.0,False,0.0
2024-01-08,5,LPCCS_CT11,55.8,130.2,True,1562.4
2024-01-08,5,LPCCS_CT12,55.8,130.2,True,1562.4
2024-01-08,5,LPCCS_CT21,55.8,130.2,True,1562.4
2024-01-08,5,LPCCS_CT22,55.8,130.2,True,1562.4
2024-01-08,5,LPCCS_UNIT1,64.8,151.2,True,1814.4
2024-01-08,5,LPCCS_UNIT2,64.8,151.2,True,1814.4
2024-01-08,5,LARDVFTN_G4,0.0,0.0,False,0.0
2024-01-08,5,LARDVFTN_G5,0.0,0.0,False,0.0
2024-01-08,5,LEON_CRK_LCPCT1,0.0,0.0,False,0.0
2024-01-08,5,LEON_CRK_LCPCT2,0.0,0.0,False,0.0
2024-01-08,5,LEON_CRK_LCPCT3,0.0,0.0,False,0.0
2024-01-08,5,LEON_CRK_LCPCT4,0.0,0.0,False,0.0
2024-01-08,5,LIG_UNIT1,0.0,0.0,False,0.0
2024-01-08,5,LIG_UNIT2,0.0,0.0,False,0.0
2024-01-08,5,LOSTPI_LOSTPGT1,0.0,0.0,False,0.0
2024-01-08,5,LOSTPI_LOSTPGT2,0.0,0.0,False,0.0
2024-01-08,5,LOSTPI_LOSTPST1,0.0,0.0,False,0.0
2024-01-08,5,NEDIN_NEDIN_G1,0.0,0.0,False,0.0
2024-01-08,5,NEDIN_NEDIN_G2,0.0,0.0,False,0.0
2024-01-08,5,NEDIN_NEDIN_G3,0.0,0.0,False,0.0
2024-01-08,5,MDANP_CT1,0.0,0.0,False,0.0
2024-01-08,5,MDANP_CT2,0.0,0.0,False,0.0
2024-01-08,5,MDANP_CT3,0.0,0.0,False,0.0
2024-01-08,5,MDANP_CT4,0.0,0.0,False,0.0
2024-01-08,5,MDANP_CT5,0.0,0.0,False,0.0
2024-01-08,5,MDANP_CT6,0.0,0.0,False,0.0
2024-01-08,5,MGSES_CT1,0.0,0.0,False,0.0
2024-01-08,5,MGSES_CT2,0.0,0.0,False,0.0
2024-01-08,5,MGSES_CT3,0.0,0.0,False,0.0
2024-01-08,5,MGSES_CT4,0.0,0.0,False,0.0
2024-01-08,5,MGSES_CT5,0.0,0.0,False,0.0
2024-01-08,5,MGSES_CT6,0.0,0.0,False,0.0
2024-01-08,5,MCSES_UNIT6,0.0,0.0,False,0.0
2024-01-08,5,MCSES_UNIT7,0.0,0.0,False,0.0
2024-01-08,5,MCSES_UNIT8,0.0,0.0,False,0.0
2024-01-08,5,NUECES_B_NUECESG8,0.0,0.0,False,0.0
2024-01-08,5,NUECES_B_NUECESG9,0.0,0.0,False,0.0
2024-01-08,5,NUECES_B_NUECESG7,0.0,0.0,False,0.0
2024-01-08,5,CALAVERS_OWS1,0.0,0.0,False,0.0
2024-01-08,5,CALAVERS_OWS2,0.0,0.0,False,0.0
2024-01-08,5,OECCS_CT11,0.0,0.0,False,0.0
2024-01-08,5,OECCS_CT12,0.0,0.0,False,0.0
2024-01-08,5,OECCS_CT21,0.0,0.0,False,0.0
2024-01-08,5,OECCS_CT22,0.0,0.0,False,0.0
2024-01-08,5,OECCS_UNIT1,0.0,0.0,False,0.0
2024-01-08,5,OECCS_UNIT2,0.0,0.0,False,0.0
2024-01-08,5,VICTPRT2_UNIT1,0.0,0.0,False,0.0
2024-01-08,5,VICTPRT2_UNIT2,0.0,0.0,False,0.0
2024-01-08,5,PANDA_S_SHER1CT1,69.6,162.4,True,1948.8
2024-01-08,5,PANDA_S_SHER1CT2,69.6,162.4,True,1948.8
2024-01-08,5,PANDA_S_SHER1ST1,105.93,247.17000000000002,True,2966.04
2024-01-08,5,PANDA_T1_TMPL1CT1,0.0,0.0,False,0.0
2024-01-08,5,PANDA_T1_TMPL1CT2,0.0,0.0,False,0.0
2024-01-08,5,PANDA_T1_TMPL1ST1,0.0,0.0,False,0.0
2024-01-08,5,PANDA_T2_TMPL2CT1,0.0,0.0,False,0.0
2024-01-08,5,PANDA_T2_TMPL2CT2,0.0,0.0,False,0.0
2024-01-08,5,PANDA_T2_TMPL2ST1,0.0,0.0,False,0.0
2024-01-08,5,TNSKA_GT1,27.27,63.63000000000001,True,763.56
2024-01-08,5,TNSKA_GT2,27.27,63.63000000000001,True,763.56
2024-01-08,5,TNSKA_STG,27.0,63.0,True,756.0
2024-01-08,5,PSG_PSG_GT2,215.1,0.0,True,6022.8
2024-01-08,5,PSG_PSG_GT3,215.1,0.0,True,6022.8
2024-01-08,5,PSG_PSG_ST2,195.5,0.0,True,5474.0
2024-01-08,5,PEARSAL2_AGR_A,0.0,0.0,False,0.0
2024-01-08,5,PEARSAL2_AGR_B,0.0,0.0,False,0.0
2024-01-08,5,PEARSAL2_AGR_C,0.0,0.0,False,0.0
2024-01-08,5,PEARSAL2_AGR_D,0.0,0.0,False,0.0
2024-01-08,5,PB2SES_CT1,0.0,0.0,False,0.0
2024-01-08,5,PB2SES_CT2,0.0,0.0,False,0.0
2024-01-08,5,PB2SES_CT3,0.0,0.0,False,0.0
2024-01-08,5,PB2SES_CT4,0.0,0.0,False,0.0
2024-01-08,5,PB2SES_CT5,0.0,0.0,False,0.0
2024-01-08,5,PRO_UNIT1,0.0,0.0,False,0.0
2024-01-08,5,PRO_UNIT2,0.0,0.0,False,0.0
2024-01-08,5,PRO_UNIT3,0.0,0.0,False,0.0
2024-01-08,5,PRO_UNIT4,0.0,0.0,False,0.0
2024-01-08,5,PRO_UNIT5,0.0,0.0,False,0.0
2024-01-08,5,PRO_UNIT6,0.0,0.0,False,0.0
2024-01-08,5,PRO_UNIT7,0.0,0.0,False,0.0
2024-01-08,5,PRO_UNIT8,0.0,0.0,False,0.0
2024-01-08,5,BAC_CTG1,0.0,0.0,False,0.0
2024-01-08,5,BAC_CTG2,0.0,0.0,False,0.0
2024-01-08,5,BAC_CTG3,0.0,0.0,False,0.0
2024-01-08,5,BAC_CTG4,0.0,0.0,False,0.0
2024-01-08,5,BAC_CTG5,0.0,0.0,False,0.0
2024-01-08,5,BAC_CTG6,0.0,0.0,False,0.0
2024-01-08,5,STEAM1A_STEAM_1,0.0,0.0,False,0.0
2024-01-08,5,STEAM_STEAM_2,0.0,0.0,False,0.0
2024-01-08,5,STEAM_STEAM_3,0.0,0.0,False,0.0
2024-01-08,5,QALSW_GT1,0.0,0.0,False,0.0
2024-01-08,5,QALSW_GT2,0.0,0.0,False,0.0
2024-01-08,5,QALSW_GT3,0.0,0.0,False,0.0
2024-01-08,5,QALSW_GT4,0.0,0.0,False,0.0
2024-01-08,5,QALSW_STG1,0.0,0.0,False,0.0
2024-01-08,5,QALSW_STG2,0.0,0.0,False,0.0
2024-01-08,5,MIL_MILLERG4,0.0,0.0,False,0.0
2024-01-08,5,MIL_MILLERG5,0.0,0.0,False,0.0
2024-01-08,5,MIL_MILLERG1,0.0,0.0,False,0.0
2024-01-08,5,MIL_MILLERG2,0.0,0.0,False,0.0
2024-01-08,5,MIL_MILLERG3,0.0,0.0,False,0.0
2024-01-08,5,OLINGR_OLING_4,0.0,0.0,False,0.0
2024-01-08,5,OLINGR_OLING_2,0.0,0.0,False,0.0
2024-01-08,5,OLINGR_OLING_3,0.0,0.0,False,0.0
2024-01-08,5,RAB_UNIT1,0.0,0.0,False,0.0
2024-01-08,5,RAB_UNIT2,0.0,0.0,False,0.0
2024-01-08,5,RAB_UNIT3,0.0,0.0,False,0.0
2024-01-08,5,RAB_UNIT4,0.0,0.0,False,0.0
2024-01-08,5,RAB_UNIT5,0.0,0.0,False,0.0
2024-01-08,5,RAB_UNIT6,0.0,0.0,False,0.0
2024-01-08,5,RAB_UNIT7,0.0,0.0,False,0.0
2024-01-08,5,RAB_UNIT8,0.0,0.0,False,0.0
2024-01-08,5,REDGATE_AGR_A,0.0,0.0,False,0.0
2024-01-08,5,REDGATE_AGR_B,0.0,0.0,False,0.0
2024-01-08,5,REDGATE_AGR_C,0.0,0.0,False,0.0
2024-01-08,5,REDGATE_AGR_D,0.0,0.0,False,0.0
2024-01-08,5,JAD_UNIT1,0.0,0.0,False,0.0
2024-01-08,5,JAD_UNIT2,0.0,0.0,False,0.0
2024-01-08,5,JAD_UNIT3,0.0,0.0,False,0.0
2024-01-08,5,JAD_UNIT4,0.0,0.0,False,0.0
2024-01-08,5,JAD_UNIT5,0.0,0.0,False,0.0
2024-01-08,5,JAD_UNIT6,0.0,0.0,False,0.0
2024-01-08,5,JAD_UNIT7,0.0,0.0,False,0.0
2024-01-08,5,JAD_UNIT8,0.0,0.0,False,0.0
2024-01-08,5,RIONOG_CT1,0.0,0.0,False,0.0
2024-01-08,5,RIONOG_CT2,0.0,0.0,False,0.0
2024-01-08,5,RIONOG_CT3,0.0,0.0,False,0.0
2024-01-08,5,RIONOG_ST1,0.0,0.0,False,0.0
2024-01-08,5,RAYBURN_RAYBURG7,18.15,42.35,True,508.2
2024-01-08,5,RAYBURN_RAYBURG8,18.15,42.35,True,508.2
2024-01-08,5,RAYBURN_RAYBURG9,18.15,42.35,True,508.2
2024-01-08,5,RAYBURN_RAYBURG10,12.6,29.4,True,352.8
2024-01-08,5,SJS_SJS_G1,0.0,0.0,False,0.0
2024-01-08,5,SJS_SJS_G2,0.0,0.0,False,0.0
2024-01-08,5,SANDHSYD_SH1,0.0,0.0,False,0.0
2024-01-08,5,SANDHSYD_SH2,0.0,0.0,False,0.0
2024-01-08,5,SANDHSYD_SH3,0.0,0.0,False,0.0
2024-01-08,5,SANDHSYD_SH4,0.0,0.0,False,0.0
2024-01-08,5,SANDHSYD_SH_5A,0.0,0.0,False,0.0
2024-01-08,5,SANDHSYD_SH6,0.0,0.0,False,0.0
2024-01-08,5,SANDHSYD_SH7,0.0,0.0,False,0.0
2024-01-08,5,SANDHSYD_SH_5C,0.0,0.0,False,0.0
2024-01-08,5,SILASRAY_SILAS_10,0.0,0.0,False,0.0
2024-01-08,5,SILASRAY_SILAS_9,0.0,0.0,False,0.0
2024-01-08,5,SILASRAY_SILAS_6,0.0,0.0,False,0.0
2024-01-08,5,GIDEON_GIDEONG1,0.0,0.0,False,0.0
2024-01-08,5,GIDEON_GIDEONG2,0.0,0.0,False,0.0
2024-01-08,5,GIDEON_GIDEONG3,0.0,0.0,False,0.0
2024-01-08,5,SKY1_SKY1A,0.0,0.0,False,0.0
2024-01-08,5,SKY1_SKY1B,0.0,0.0,False,0.0
2024-01-08,5,SPNCER_SPNCE_4,0.0,0.0,False,0.0
2024-01-08,5,SPNCER_SPNCE_5,0.0,0.0,False,0.0
2024-01-08,5,SCSES_UNIT1A,0.0,0.0,False,0.0
2024-01-08,5,SCSES_UNIT2,0.0,0.0,False,0.0
2024-01-08,5,THW_THWGT_1,0.0,0.0,False,0.0
2024-01-08,5,THW_THWGT31,15.39,0.0,True,430.92
2024-01-08,5,THW_THWGT32,15.39,0.0,True,430.92
2024-01-08,5,THW_THWGT33,15.39,0.0,True,430.92
2024-01-08,5,THW_THWGT34,15.39,0.0,True,430.92
2024-01-08,5,THW_THWGT41,15.39,0.0,True,430.92
2024-01-08,5,THW_THWGT42,15.39,0.0,True,430.92
2024-01-08,5,THW_THWGT43,18.6,0.0,True,520.8
2024-01-08,5,THW_THWGT44,18.6,0.0,True,520.8
2024-01-08,5,THW_THWGT51,0.0,0.0,False,0.0
2024-01-08,5,THW_THWGT52,0.0,0.0,False,0.0
2024-01-08,5,THW_THWGT53,0.0,0.0,False,0.0
2024-01-08,5,THW_THWGT54,0.0,0.0,False,0.0
2024-01-08,5,THW_THWGT55,0.0,0.0,False,0.0
2024-01-08,5,THW_THWGT56,0.0,0.0,False,0.0
2024-01-08,5,THW_THWST_3,33.93,0.0,True,950.04
2024-01-08,5,THW_THWST_4,33.93,0.0,True,950.04
2024-01-08,5,TXCTY_CTA,129.1,0.0,True,3614.8
2024-01-08,5,TXCTY_CTB,129.1,0.0,True,3614.8
2024-01-08,5,TXCTY_CTC,129.1,0.0,True,3614.8
2024-01-08,5,TXCTY_ST,143.7,0.0,True,4023.6
2024-01-08,5,TGS_GT01,0.0,0.0,False,0.0
2024-01-08,5,TIMPP_AGR1,0.0,0.0,False,0.0
2024-01-08,5,TIMPP_AGR2,0.0,0.0,False,0.0
2024-01-08,5,TIMPP_AGR3,0.0,0.0,False,0.0
2024-01-08,5,TIMPP_AGR4,0.0,0.0,False,0.0
2024-01-08,5,TRSES_UNIT6,0.0,0.0,False,0.0
2024-01-08,5,TOPAZ_UNIT1,0.0,0.0,False,0.0
2024-01-08,5,TOPAZ_UNIT2,0.0,0.0,False,0.0
2024-01-08,5,TOPAZ_UNIT3,0.0,0.0,False,0.0
2024-01-08,5,TOPAZ_UNIT4,0.0,0.0,False,0.0
2024-01-08,5,TOPAZ_UNIT5,0.0,0.0,False,0.0
2024-01-08,5,TOPAZ_UNIT6,0.0,0.0,False,0.0
2024-01-08,5,TOPAZ_UNIT7,0.0,0.0,False,0.0
2024-01-08,5,TOPAZ_UNIT8,0.0,0.0,False,0.0
2024-01-08,5,TOPAZ_UNIT9,0.0,0.0,False,0.0
2024-01-08,5,TOPAZ_UNIT10,0.0,0.0,False,0.0
2024-01-08,5,BRAUNIG_VHB6CT5,0.0,0.0,False,0.0
2024-01-08,5,BRAUNIG_VHB6CT6,0.0,0.0,False,0.0
2024-01-08,5,BRAUNIG_VHB6CT7,0.0,0.0,False,0.0
2024-01-08,5,BRAUNIG_VHB6CT8,0.0,0.0,False,0.0
2024-01-08,5,CITYVICT_CTG01,0.0,0.0,False,0.0
2024-01-08,5,CITYVICT_CTG02,0.0,0.0,False,0.0
2024-01-08,5,VICTPORT_CTG01,0.0,0.0,False,0.0
2024-01-08,5,VICTPORT_CTG02,0.0,0.0,False,0.0
2024-01-08,5,VICTORIA_VICTORG6,0.0,0.0,False,0.0
2024-01-08,5,VICTORIA_VICTORG5,0.0,0.0,False,0.0
2024-01-08,5,WAP_WAPGT_1,0.0,0.0,False,0.0
2024-01-08,5,WAP_WAP_G1,0.0,0.0,False,0.0
2024-01-08,5,WAP_WAP_G2,0.0,0.0,False,0.0
2024-01-08,5,WAP_WAP_G3,0.0,0.0,False,0.0
2024-01-08,5,WAP_WAP_G4,0.0,0.0,False,0.0
2024-01-08,5,WFCOGEN_UNIT1,0.0,0.0,False,0.0
2024-01-08,5,WFCOGEN_UNIT2,0.0,0.0,False,0.0
2024-01-08,5,WFCOGEN_UNIT3,0.0,0.0,False,0.0
2024-01-08,5,WIPOPA_WPP_G1,0.0,0.0,False,0.0
2024-01-08,5,WIPOPA_WPP_G2,0.0,0.0,False,0.0
2024-01-08,5,WIPOPA_WPP_G3,0.0,0.0,False,0.0
2024-01-08,5,WIPOPA_WPP_G4,0.0,0.0,False,0.0
2024-01-08,5,WCPP_CT1,82.5,0.0,True,2310.0
2024-01-08,5,WCPP_CT2,82.5,0.0,True,2310.0
2024-01-08,5,WCPP_ST1,89.4,0.0,True,2503.2
2024-01-08,5,WHCCS_CT1,0.0,0.0,False,0.0
2024-01-08,5,WHCCS_CT2,0.0,0.0,False,0.0
2024-01-08,5,WHCCS_STG,0.0,0.0,False,0.0
2024-01-08,5,WHCCS2_CT4,0.0,0.0,False,0.0
2024-01-08,5,WHCCS2_CT5,0.0,0.0,False,0.0
2024-01-08,5,WHCCS2_STG6,0.0,0.0,False,0.0
2024-01-08,5,NACPW_UNIT1,0.0,0.0,False,0.0
2024-01-08,5,HBR_2UNITS,0.0,0.0,False,0.0
2024-01-08,5,TRIRA_1UNIT,0.0,0.0,False,0.0
2024-01-08,5,78252_4UNITS,0.0,0.0,False,0.0
2024-01-08,5,SPRIN_4UNITS,0.0,0.0,False,0.0
2024-01-08,5,FREIH_2UNITS,0.0,0.0,False,0.0
2024-01-08,5,WSTHL_3UNITS,0.0,0.0,False,0.0
2024-01-08,5,FEGC_CTG2,0.0,0.0,False,0.0
2024-01-08,5,FEGC_CTG3,0.0,0.0,False,0.0
2024-01-08,5,FEGC_CTG4,0.0,0.0,False,0.0
2024-01-08,5,OLNEYTN_AGR1,0.0,0.0,False,0.0
2024-01-08,5,AMISTAD_AMISTAG1,37.9,0.0,True,37.9
2024-01-08,5,AMISTAD_AMISTAG2,37.9,0.0,True,37.9
2024-01-08,5,AUSTPL_AUSTING1,9.0,0.0,True,9.0
2024-01-08,5,AUSTPL_AUSTING2,9.0,0.0,True,9.0
2024-01-08,5,BUCHAN_BUCHANG1,18.299999999999997,3.552713678800501e-15,True,18.3
2024-01-08,5,BUCHAN_BUCHANG2,18.299999999999997,3.552713678800501e-15,True,18.3
2024-01-08,5,BUCHAN_BUCHANG3,18.299999999999997,3.552713678800501e-15,True,18.3
2024-01-08,5,DNDAM_DENISOG1,50.8,0.0,True,50.8
2024-01-08,5,DNDAM_DENISOG2,50.8,0.0,True,50.8
2024-01-08,5,FALCON_FALCONG1,12.0,0.0,True,12.0
2024-01-08,5,FALCON_FALCONG2,12.0,0.0,True,12.0
2024-01-08,5,FALCON_FALCONG3,12.0,0.0,True,12.0
2024-01-08,5,WIRTZ_WIRTZ_G1,29.0,0.0,True,29.0
2024-01-08,5,WIRTZ_WIRTZ_G2,29.0,0.0,True,29.0
2024-01-08,5,CANYHY_CANYHYG1,6.0,0.0,True,6.0
2024-01-08,5,INKSDA_INKS_G1,15.0,0.0,True,15.0
2024-01-08,5,MARBFA_MARBFAG1,21.0,0.0,True,21.0
2024-01-08,5,MARBFA_MARBFAG2,20.0,0.0,True,20.0
2024-01-08,5,MARSFO_MARSFOG1,36.0,0.0,True,36.0
2024-01-08,5,MARSFO_MARSFOG2,36.0,0.0,True,36.0
2024-01-08,5,MARSFO_MARSFOG3,36.0,0.0,True,36.0
2024-01-08,5,WND_WHITNEY1,22.0,0.0,True,22.0
2024-01-08,5,WND_WHITNEY2,22.0,0.0,True,22.0
2024-01-08,5,AEEC_ANTLP_1,0.0,0.0,False,0.0
2024-01-08,5,AEEC_ANTLP_2,0.0,0.0,False,0.0
2024-01-08,5,AEEC_ANTLP_3,0.0,0.0,False,0.0
2024-01-08,5,AEEC_ELK_1,0.0,0.0,False,0.0
2024-01-08,5,AEEC_ELK_2,0.0,0.0,False,0.0
2024-01-08,5,AEEC_ELK_3,0.0,0.0,False,0.0
2024-01-08,5,FTR_FTR_G1,0.0,0.0,False,0.0
2024-01-08,5,FTR_FTR_G2,0.0,0.0,False,0.0
2024-01-08,5,FTR_FTR_G3,0.0,0.0,False,0.0
2024-01-08,5,FTR_FTR_G4,0.0,0.0,False,0.0
2024-01-08,5,TGCCS_CT1,0.0,0.0,False,0.0
2024-01-08,5,TGCCS_CT2,0.0,0.0,False,0.0
2024-01-08,5,TGCCS_CT3,0.0,0.0,False,0.0
2024-01-08,5,TGCCS_UNIT4,0.0,0.0,False,0.0
2024-01-08,5,KMCHI_1CT101,55.5,129.5,True,1554.0
2024-01-08,5,KMCHI_1CT201,55.5,129.5,True,1554.0
2024-01-08,5,KMCHI_1ST,99.0,231.0,True,2772.0
2024-01-08,5,KMCHI_2CT101,55.5,129.5,True,1554.0
2024-01-08,5,KMCHI_2CT201,55.5,129.5,True,1554.0
2024-01-08,5,KMCHI_2ST,99.0,231.0,True,2772.0
2024-01-08,5,A4_DGR1,0.0,0.0,False,0.0
2024-01-08,5,A4_DGR2,0.0,0.0,False,0.0
2024-01-08,5,K2_DGR1,0.0,0.0,False,0.0
2024-01-08,5,K2_DGR2,0.0,0.0,False,0.0
2024-01-08,5,P2_DGR1,0.0,0.0,False,0.0
2024-01-08,5,P2_DGR2,0.0,0.0,False,0.0
2024-01-08,5,Q1_DGR1,0.0,0.0,False,0.0
2024-01-08,5,BRAUNIG_VHB3,0.0,0.0,False,0.0
2024-01-08,5,V2_DGR1,0.0,0.0,False,0.0
2024-01-08,5,V2_DGR2,0.0,0.0,False,0.0
2024-01-08,5,V2_DGR3,0.0,0.0,False,0.0
2024-01-08,5,V4_DGR1,0.0,0.0,False,0.0
2024-01-08,5,X1_DGR1,0.0,0.0,False,0.0
2024-01-08,5,Z0_DGR1,0.0,0.0,False,0.0
2024-01-08,5,Z0_DGR2,0.0,0.0,False,0.0
2024-01-08,5,Z5_DGR1,0.0,0.0,False,0.0
2024-01-08,5,DC_E,0.0,0.0,False,0.0
2024-01-08,5,DC_N,0.0,0.0,False,0.0
2024-01-08,5,DC_L,0.0,0.0,False,0.0
2024-01-08,5,DC_R,0.0,0.0,False,0.0
2024-01-08,5,CEDARVALE_GAS,0.0,0.0,False,0.0
2024-01-08,5,ENCHANTED_ROCK_NEWPP,0.0,0.0,False,0.0
2024-01-08,6,CPSES_UNIT1,1269.0,0.0,True,10152.0
2024-01-08,6,CPSES_UNIT2,1269.0,0.0,True,10152.0
2024-01-08,6,STP_STP_G1,1365.0,0.0,True,10920.0
2024-01-08,6,STP_STP_G2,1365.0,0.0,True,10920.0
2024-01-08,6,COLETO_COLETOG1,0.0,0.0,False,0.0
2024-01-08,6,FPPYD1_FPP_G1,0.0,0.0,False,0.0
2024-01-08,6,FPPYD1_FPP_G2,0.0,0.0,False,0.0
2024-01-08,6,FPPYD2_FPP_G3,0.0,0.0,False,0.0
2024-01-08,6,CALAVERS_JKS1,0.0,0.0,False,0.0
2024-01-08,6,CALAVERS_JKS2,0.0,0.0,False,0.0
2024-01-08,6,LEG_LEG_G1,357.2,535.8,True,8930.0
2024-01-08,6,LEG_LEG_G2,382.72,574.0799999999999,True,9568.0
2024-01-08,6,MLSES_UNIT1,893.0,0.0,True,22325.0
2024-01-08,6,MLSES_UNIT2,893.0,0.0,True,22325.0
2024-01-08,6,MLSES_UNIT3,893.0,0.0,True,22325.0
2024-01-08,6,OGSES_UNIT1A,0.0,0.0,False,0.0
2024-01-08,6,OGSES_UNIT2,0.0,0.0,False,0.0
2024-01-08,6,SANMIGL_G1,0.0,0.0,False,0.0
2024-01-08,6,SCES_UNIT1,0.0,0.0,False,0.0
2024-01-08,6,TNP_ONE_TNP_O_1,0.0,0.0,False,0.0
2024-01-08,6,TNP_ONE_TNP_O_2,0.0,0.0,False,0.0
2024-01-08,6,WAP_WAP_G5,734.1,-5.684341886080802e-14,True,18352.5
2024-01-08,6,WAP_WAP_G6,455.58304507455887,278.5169549254411,True,11389.5761
2024-01-08,6,WAP_WAP_G7,614.6,0.0,True,15365.0
2024-01-08,6,WAP_WAP_G8,654.0,0.0,True,16350.0
2024-01-08,6,BRAUNIG_AVR1_CT1,0.0,0.0,False,0.0
2024-01-08,6,BRAUNIG_AVR1_CT2,0.0,0.0,False,0.0
2024-01-08,6,BRAUNIG_AVR1_ST,0.0,0.0,False,0.0
2024-01-08,6,ATKINS_ATKINSG7,0.0,0.0,False,0.0
2024-01-08,6,B_DAVIS_B_DAVIG3,0.0,0.0,False,0.0
2024-01-08,6,B_DAVIS_B_DAVIG4,0.0,0.0,False,0.0
2024-01-08,6,B_DAVIS_B_DAVIG1,0.0,0.0,False,0.0
2024-01-08,6,B_DAVIS_B_DAVIG2,0.0,0.0,False,0.0
2024-01-08,6,BASTEN_GTG1100,0.0,0.0,False,0.0
2024-01-08,6,BASTEN_GTG2100,0.0,0.0,False,0.0
2024-01-08,6,BASTEN_ST0100,0.0,0.0,False,0.0
2024-01-08,6,BCH_UNIT1,6.05,54.45,True,254.1
2024-01-08,6,BCH_UNIT2,6.05,54.45,True,254.1
2024-01-08,6,BCH_UNIT3,6.05,54.45,True,254.1
2024-01-08,6,BCH_UNIT4,6.05,54.45,True,254.1
2024-01-08,6,BCH_UNIT5,6.05,54.45,True,254.1
2024-01-08,6,BCH_UNIT6,6.05,54.45,True,254.1
2024-01-08,6,BCH_UNIT7,6.05,54.45,True,254.1
2024-01-08,6,BCH_UNIT8,6.05,54.45,True,254.1
2024-01-08,6,BOSQUESW_BSQSU_1,0.0,0.0,False,0.0
2024-01-08,6,BOSQUESW_BSQSU_2,0.0,0.0,False,0.0
2024-01-08,6,BOSQUESW_BSQSU_3,0.0,0.0,False,0.0
2024-01-08,6,BOSQUESW_BSQSU_4,0.0,0.0,False,0.0
2024-01-08,6,BOSQUESW_BSQSU_5,0.0,0.0,False,0.0
2024-01-08,6,BVE_UNIT1,0.0,0.0,False,0.0
2024-01-08,6,BVE_UNIT2,0.0,0.0,False,0.0
2024-01-08,6,BVE_UNIT3,0.0,0.0,False,0.0
2024-01-08,6,BTM_UNIT1,0.0,0.0,False,0.0
2024-01-08,6,BTM_UNIT2,0.0,0.0,False,0.0
2024-01-08,6,BTM_UNIT3,0.0,0.0,False,0.0
2024-01-08,6,BTM_UNIT4,0.0,0.0,False,0.0
2024-01-08,6,BTM_UNIT5,0.0,0.0,False,0.0
2024-01-08,6,BTM_UNIT6,0.0,0.0,False,0.0
2024-01-08,6,BTM_UNIT7,0.0,0.0,False,0.0
2024-01-08,6,BTM_UNIT8,0.0,0.0,False,0.0
2024-01-08,6,FLCNS_UNIT1,0.0,0.0,False,0.0
2024-01-08,6,FLCNS_UNIT2,0.0,0.0,False,0.0
2024-01-08,6,CALHOUN_UNIT1,0.0,0.0,False,0.0
2024-01-08,6,CALHOUN_UNIT2,0.0,0.0,False,0.0
2024-01-08,6,CHAMON_CTG_0101,0.0,0.0,False,0.0
2024-01-08,6,CHAMON_CTG_0301,0.0,0.0,False,0.0
2024-01-08,6,CBY4_CT41,205.0,0.0,True,5740.0
2024-01-08,6,CBY4_CT42,61.5,143.5,True,1722.0
2024-01-08,6,CBY4_ST04,172.66780716948324,32.33219283051676,True,4834.6986
2024-01-08,6,CBY_CBY_G1,0.0,0.0,False,0.0
2024-01-08,6,CBY_CBY_G2,0.0,0.0,False,0.0
2024-01-08,6,CBEC_GT1,0.0,0.0,False,0.0
2024-01-08,6,CBEC_GT2,0.0,0.0,False,0.0
2024-01-08,6,CBEC_GT3,0.0,0.0,False,0.0
2024-01-08,6,CBEC_GT4,0.0,0.0,False,0.0
2024-01-08,6,CBEC_STG1,0.0,0.0,False,0.0
2024-01-08,6,CBEC_STG2,0.0,0.0,False,0.0
2024-01-08,6,CBECII_CT7,0.0,0.0,False,0.0
2024-01-08,6,CBECII_CT8,0.0,0.0,False,0.0
2024-01-08,6,CBECII_STG9,0.0,0.0,False,0.0
2024-01-08,6,CBEC_GT11,0.0,0.0,False,0.0
2024-01-08,6,CBEC_GT12,0.0,0.0,False,0.0
2024-01-08,6,CVC_CVC_G1,57.63,134.47,True,1613.64
2024-01-08,6,CVC_CVC_G2,57.63,134.47,True,1613.64
2024-01-08,6,CVC_CVC_G3,57.63,134.47,True,1613.64
2024-01-08,6,CVC_CVC_G5,45.0,105.0,True,1260.0
2024-01-08,6,DANSBY_DANSBYG2,0.0,0.0,False,0.0
2024-01-08,6,DANSBY_DANSBYG3,0.0,0.0,False,0.0
2024-01-08,6,DANSBY_DANSBYG1,0.0,0.0,False,0.0
2024-01-08,6,DECKER_DPGT_1,0.0,0.0,False,0.0
2024-01-08,6,DECKER_DPGT_2,0.0,0.0,False,0.0
2024-01-08,6,DECKER_DPGT_3,0.0,0.0,False,0.0
2024-01-08,6,DECKER_DPGT_4,0.0,0.0,False,0.0
2024-01-08,6,DCSES_CT10,0.0,0.0,False,0.0
2024-01-08,6,DCSES_CT20,0.0,0.0,False,0.0
2024-01-08,6,DCSES_CT30,0.0,0.0,False,0.0
2024-01-08,6,DCSES_CT40,0.0,0.0,False,0.0
2024-01-08,6,DDPEC_GT1,60.9,142.1,True,1705.2
2024-01-08,6,DDPEC_GT2,201.91900000000277,13.080999999997232,True,5653.732
2024-01-08,6,DDPEC_GT3,60.9,142.1,True,1705.2
2024-01-08,6,DDPEC_GT4,215.0,0.0,True,6020.0
2024-01-08,6,DDPEC_GT6,199.0,0.0,True,5572.0
2024-01-08,6,DDPEC_ST1,87.0,203.0,True,2436.0
2024-01-08,6,DEC_AGR_A,0.0,0.0,False,0.0
2024-01-08,6,DEC_AGR_B,0.0,0.0,False,0.0
2024-01-08,6,DEC_AGR_C,0.0,0.0,False,0.0
2024-01-08,6,DEC_AGR_D,0.0,0.0,False,0.0
2024-01-08,6,ECEC_G1,0.0,0.0,False,0.0
2024-01-08,6,ECEC_G2,0.0,0.0,False,0.0
2024-01-08,6,ETCCS_CT1,0.0,0.0,False,0.0
2024-01-08,6,ETCCS_UNIT1,0.0,0.0,False,0.0
2024-01-08,6,AZ_AZ_G1,0.0,0.0,False,0.0
2024-01-08,6,AZ_AZ_G2,0.0,0.0,False,0.0
2024-01-08,6,AZ_AZ_G3,0.0,0.0,False,0.0
2024-01-08,6,AZ_AZ_G4,0.0,0.0,False,0.0
2024-01-08,6,FERGCC_FERGGT1,0.0,0.0,False,0.0
2024-01-08,6,FERGCC_FERGGT2,0.0,0.0,False,0.0
2024-01-08,6,FERGCC_FERGST1,0.0,0.0,False,0.0
2024-01-08,6,FRNYPP_GT11,59.01,0.0,True,1652.28
2024-01-08,6,FRNYPP_GT12,59.01,0.0,True,1652.28
2024-01-08,6,FRNYPP_GT13,59.01,0.0,True,1652.28
2024-01-08,6,FRNYPP_GT21,59.01,0.0,True,1652.28
2024-01-08,6,FRNYPP_GT22,59.01,0.0,True,1652.28
2024-01-08,6,FRNYPP_GT23,59.01,0.0,True,1652.28
2024-01-08,6,FRNYPP_ST10,126.6,0.0,True,3544.8
2024-01-08,6,FRNYPP_ST20,0.0,0.0,False,0.0
2024-01-08,6,FREC_GT1,0.0,0.0,False,0.0
2024-01-08,6,FREC_GT2,0.0,0.0,False,0.0
2024-01-08,6,FREC_GT4,0.0,0.0,False,0.0
2024-01-08,6,FREC_GT5,0.0,0.0,False,0.0
2024-01-08,6,FREC_ST3,0.0,0.0,False,0.0
2024-01-08,6,FREC_ST6,0.0,0.0,False,0.0
2024-01-08,6,FEGC_UNIT1,0.0,0.0,False,0.0
2024-01-08,6,FRONT_EC_CT1,0.0,0.0,False,0.0
2024-01-08,6,FRONT_EC_CT2,0.0,0.0,False,0.0
2024-01-08,6,FRONT_EC_ST,0.0,0.0,False,0.0
2024-01-08,6,GRSES_UNIT1,0.0,0.0,False,0.0
2024-01-08,6,GRSES_UNIT2,0.0,0.0,False,0.0
2024-01-08,6,GBY_GBYGT73,0.0,0.0,False,0.0
2024-01-08,6,GBY_GBYGT74,0.0,0.0,False,0.0
2024-01-08,6,GBY_GBYGT81,0.0,0.0,False,0.0
2024-01-08,6,GBY_GBYGT82,0.0,0.0,False,0.0
2024-01-08,6,GBY_GBYGT83,0.0,0.0,False,0.0
2024-01-08,6,GBY_GBYGT84,0.0,0.0,False,0.0
2024-01-08,6,STEAM_ENGINE_1,0.0,0.0,False,0.0
2024-01-08,6,STEAM_ENGINE_2,0.0,0.0,False,0.0
2024-01-08,6,STEAM_ENGINE_3,0.0,0.0,False,0.0
2024-01-08,6,LGE_LGE_GT1,0.0,0.0,False,0.0
2024-01-08,6,LGE_LGE_GT2,0.0,0.0,False,0.0
2024-01-08,6,LGE_LGE_STG,0.0,0.0,False,0.0
2024-01-08,6,GUADG_GAS1,0.0,0.0,False,0.0
2024-01-08,6,GUADG_GAS2,0.0,0.0,False,0.0
2024-01-08,6,GUADG_GAS3,0.0,0.0,False,0.0
2024-01-08,6,GUADG_GAS4,0.0,0.0,False,0.0
2024-01-08,6,GUADG_STM5,0.0,0.0,False,0.0
2024-01-08,6,GUADG_STM6,0.0,0.0,False,0.0
2024-01-08,6,HLSES_UNIT3,0.0,0.0,False,0.0
2024-01-08,6,HLSES_UNIT4,0.0,0.0,False,0.0
2024-01-08,6,HLSES_UNIT5,0.0,0.0,False,0.0
2024-01-08,6,HAYSEN_HAYSENG1,0.0,0.0,False,0.0
2024-01-08,6,HAYSEN_HAYSENG2,0.0,0.0,False,0.0
2024-01-08,6,HAYSEN_HAYSENG3,0.0,0.0,False,0.0
2024-01-08,6,HAYSEN_HAYSENG4,0.0,0.0,False,0.0
2024-01-08,6,DUKE_DUKE_GT1,0.0,0.0,False,0.0
2024-01-08,6,DUKE_DUKE_GT2,0.0,0.0,False,0.0
2024-01-08,6,DUKE_DUKE_ST1,0.0,0.0,False,0.0
2024-01-08,6,JACKCNTY_CT1,59.67,139.23,True,1670.76
2024-01-08,6,JACKCNTY_CT2,59.67,139.23,True,1670.76
2024-01-08,6,JCKCNTY2_CT3,59.67,139.23,True,1670.76
2024-01-08,6,JCKCNTY2_CT4,59.67,139.23,True,1670.76
2024-01-08,6,JACKCNTY_STG,96.18,0.0,True,2693.04
2024-01-08,6,JCKCNTY2_ST2,96.18,224.42000000000002,True,2693.04
2024-01-08,6,TEN_CT1,0.0,0.0,False,0.0
2024-01-08,6,TEN_STG,0.0,0.0,False,0.0
2024-01-08,6,LHSES_UNIT1,0.0,0.0,False,0.0
2024-01-08,6,LHSES_UNIT2A,0.0,0.0,False,0.0
2024-01-08,6,LPCCS_CT11,55.8,130.2,True,1562.4
2024-01-08,6,LPCCS_CT12,55.8,130.2,True,1562.4
2024-01-08,6,LPCCS_CT21,55.8,130.2,True,1562.4
2024-01-08,6,LPCCS_CT22,55.8,130.2,True,1562.4
2024-01-08,6,LPCCS_UNIT1,64.8,151.2,True,1814.4
2024-01-08,6,LPCCS_UNIT2,64.8,151.2,True,1814.4
2024-01-08,6,LARDVFTN_G4,0.0,0.0,False,0.0
2024-01-08,6,LARDVFTN_G5,0.0,0.0,False,0.0
2024-01-08,6,LEON_CRK_LCPCT1,0.0,0.0,False,0.0
2024-01-08,6,LEON_CRK_LCPCT2,0.0,0.0,False,0.0
2024-01-08,6,LEON_CRK_LCPCT3,0.0,0.0,False,0.0
2024-01-08,6,LEON_CRK_LCPCT4,0.0,0.0,False,0.0
2024-01-08,6,LIG_UNIT1,0.0,0.0,False,0.0
2024-01-08,6,LIG_UNIT2,0.0,0.0,False,0.0
2024-01-08,6,LOSTPI_LOSTPGT1,0.0,0.0,False,0.0
2024-01-08,6,LOSTPI_LOSTPGT2,0.0,0.0,False,0.0
2024-01-08,6,LOSTPI_LOSTPST1,0.0,0.0,False,0.0
2024-01-08,6,NEDIN_NEDIN_G1,0.0,0.0,False,0.0
2024-01-08,6,NEDIN_NEDIN_G2,0.0,0.0,False,0.0
2024-01-08,6,NEDIN_NEDIN_G3,0.0,0.0,False,0.0
2024-01-08,6,MDANP_CT1,0.0,0.0,False,0.0
2024-01-08,6,MDANP_CT2,0.0,0.0,False,0.0
2024-01-08,6,MDANP_CT3,0.0,0.0,False,0.0
2024-01-08,6,MDANP_CT4,0.0,0.0,False,0.0
2024-01-08,6,MDANP_CT5,0.0,0.0,False,0.0
2024-01-08,6,MDANP_CT6,0.0,0.0,False,0.0
2024-01-08,6,MGSES_CT1,0.0,0.0,False,0.0
2024-01-08,6,MGSES_CT2,0.0,0.0,False,0.0
2024-01-08,6,MGSES_CT3,0.0,0.0,False,0.0
2024-01-08,6,MGSES_CT4,0.0,0.0,False,0.0
2024-01-08,6,MGSES_CT5,0.0,0.0,False,0.0
2024-01-08,6,MGSES_CT6,0.0,0.0,False,0.0
2024-01-08,6,MCSES_UNIT6,0.0,0.0,False,0.0
2024-01-08,6,MCSES_UNIT7,0.0,0.0,False,0.0
2024-01-08,6,MCSES_UNIT8,0.0,0.0,False,0.0
2024-01-08,6,NUECES_B_NUECESG8,0.0,0.0,False,0.0
2024-01-08,6,NUECES_B_NUECESG9,0.0,0.0,False,0.0
2024-01-08,6,NUECES_B_NUECESG7,0.0,0.0,False,0.0
2024-01-08,6,CALAVERS_OWS1,0.0,0.0,False,0.0
2024-01-08,6,CALAVERS_OWS2,0.0,0.0,False,0.0
2024-01-08,6,OECCS_CT11,0.0,0.0,False,0.0
2024-01-08,6,OECCS_CT12,0.0,0.0,False,0.0
2024-01-08,6,OECCS_CT21,0.0,0.0,False,0.0
2024-01-08,6,OECCS_CT22,0.0,0.0,False,0.0
2024-01-08,6,OECCS_UNIT1,0.0,0.0,False,0.0
2024-01-08,6,OECCS_UNIT2,0.0,0.0,False,0.0
2024-01-08,6,VICTPRT2_UNIT1,0.0,0.0,False,0.0
2024-01-08,6,VICTPRT2_UNIT2,0.0,0.0,False,0.0
2024-01-08,6,PANDA_S_SHER1CT1,183.13431982714278,48.865680172857225,True,5127.761
2024-01-08,6,PANDA_S_SHER1CT2,69.6,162.4,True,1948.8
2024-01-08,6,PANDA_S_SHER1ST1,105.93,247.17000000000002,True,2966.04
2024-01-08,6,PANDA_T1_TMPL1CT1,0.0,0.0,False,0.0
2024-01-08,6,PANDA_T1_TMPL1CT2,0.0,0.0,False,0.0
2024-01-08,6,PANDA_T1_TMPL1ST1,0.0,0.0,False,0.0
2024-01-08,6,PANDA_T2_TMPL2CT1,0.0,0.0,False,0.0
2024-01-08,6,PANDA_T2_TMPL2CT2,0.0,0.0,False,0.0
2024-01-08,6,PANDA_T2_TMPL2ST1,0.0,0.0,False,0.0
2024-01-08,6,TNSKA_GT1,27.27,63.63000000000001,True,763.56
2024-01-08,6,TNSKA_GT2,27.27,63.63000000000001,True,763.56
2024-01-08,6,TNSKA_STG,27.0,63.0,True,756.0
2024-01-08,6,PSG_PSG_GT2,215.1,0.0,True,6022.8
2024-01-08,6,PSG_PSG_GT3,215.1,0.0,True,6022.8
2024-01-08,6,PSG_PSG_ST2,195.5,0.0,True,5474.0
2024-01-08,6,PEARSAL2_AGR_A,0.0,0.0,False,0.0
2024-01-08,6,PEARSAL2_AGR_B,0.0,0.0,False,0.0
2024-01-08,6,PEARSAL2_AGR_C,0.0,0.0,False,0.0
2024-01-08,6,PEARSAL2_AGR_D,0.0,0.0,False,0.0
2024-01-08,6,PB2SES_CT1,0.0,0.0,False,0.0
2024-01-08,6,PB2SES_CT2,0.0,0.0,False,0.0
2024-01-08,6,PB2SES_CT3,0.0,0.0,False,0.0
2024-01-08,6,PB2SES_CT4,0.0,0.0,False,0.0
2024-01-08,6,PB2SES_CT5,0.0,0.0,False,0.0
2024-01-08,6,PRO_UNIT1,0.0,0.0,False,0.0
2024-01-08,6,PRO_UNIT2,0.0,0.0,False,0.0
2024-01-08,6,PRO_UNIT3,0.0,0.0,False,0.0
2024-01-08,6,PRO_UNIT4,0.0,0.0,False,0.0
2024-01-08,6,PRO_UNIT5,0.0,0.0,False,0.0
2024-01-08,6,PRO_UNIT6,0.0,0.0,False,0.0
2024-01-08,6,PRO_UNIT7,0.0,0.0,False,0.0
2024-01-08,6,PRO_UNIT8,0.0,0.0,False,0.0
2024-01-08,6,BAC_CTG1,0.0,0.0,False,0.0
2024-01-08,6,BAC_CTG2,0.0,0.0,False,0.0
2024-01-08,6,BAC_CTG3,0.0,0.0,False,0.0
2024-01-08,6,BAC_CTG4,0.0,0.0,False,0.0
2024-01-08,6,BAC_CTG5,0.0,0.0,False,0.0
2024-01-08,6,BAC_CTG6,0.0,0.0,False,0.0
2024-01-08,6,STEAM1A_STEAM_1,0.0,0.0,False,0.0
2024-01-08,6,STEAM_STEAM_2,0.0,0.0,False,0.0
2024-01-08,6,STEAM_STEAM_3,0.0,0.0,False,0.0
2024-01-08,6,QALSW_GT1,0.0,0.0,False,0.0
2024-01-08,6,QALSW_GT2,0.0,0.0,False,0.0
2024-01-08,6,QALSW_GT3,0.0,0.0,False,0.0
2024-01-08,6,QALSW_GT4,0.0,0.0,False,0.0
2024-01-08,6,QALSW_STG1,0.0,0.0,False,0.0
2024-01-08,6,QALSW_STG2,0.0,0.0,False,0.0
2024-01-08,6,MIL_MILLERG4,0.0,0.0,False,0.0
2024-01-08,6,MIL_MILLERG5,0.0,0.0,False,0.0
2024-01-08,6,MIL_MILLERG1,0.0,0.0,False,0.0
2024-01-08,6,MIL_MILLERG2,0.0,0.0,False,0.0
2024-01-08,6,MIL_MILLERG3,0.0,0.0,False,0.0
2024-01-08,6,OLINGR_OLING_4,0.0,0.0,False,0.0
2024-01-08,6,OLINGR_OLING_2,0.0,0.0,False,0.0
2024-01-08,6,OLINGR_OLING_3,0.0,0.0,False,0.0
2024-01-08,6,RAB_UNIT1,0.0,0.0,False,0.0
2024-01-08,6,RAB_UNIT2,0.0,0.0,False,0.0
2024-01-08,6,RAB_UNIT3,0.0,0.0,False,0.0
2024-01-08,6,RAB_UNIT4,0.0,0.0,False,0.0
2024-01-08,6,RAB_UNIT5,0.0,0.0,False,0.0
2024-01-08,6,RAB_UNIT6,0.0,0.0,False,0.0
2024-01-08,6,RAB_UNIT7,0.0,0.0,False,0.0
2024-01-08,6,RAB_UNIT8,0.0,0.0,False,0.0
2024-01-08,6,REDGATE_AGR_A,0.0,0.0,False,0.0
2024-01-08,6,REDGATE_AGR_B,0.0,0.0,False,0.0
2024-01-08,6,REDGATE_AGR_C,0.0,0.0,False,0.0
2024-01-08,6,REDGATE_AGR_D,0.0,0.0,False,0.0
2024-01-08,6,JAD_UNIT1,0.0,0.0,False,0.0
2024-01-08,6,JAD_UNIT2,0.0,0.0,False,0.0
2024-01-08,6,JAD_UNIT3,0.0,0.0,False,0.0
2024-01-08,6,JAD_UNIT4,0.0,0.0,False,0.0
2024-01-08,6,JAD_UNIT5,0.0,0.0,False,0.0
2024-01-08,6,JAD_UNIT6,0.0,0.0,False,0.0
2024-01-08,6,JAD_UNIT7,0.0,0.0,False,0.0
2024-01-08,6,JAD_UNIT8,0.0,0.0,False,0.0
2024-01-08,6,RIONOG_CT1,0.0,0.0,False,0.0
2024-01-08,6,RIONOG_CT2,0.0,0.0,False,0.0
2024-01-08,6,RIONOG_CT3,0.0,0.0,False,0.0
2024-01-08,6,RIONOG_ST1,0.0,0.0,False,0.0
2024-01-08,6,RAYBURN_RAYBURG7,18.15,42.35,True,508.2
2024-01-08,6,RAYBURN_RAYBURG8,18.15,42.35,True,508.2
2024-01-08,6,RAYBURN_RAYBURG9,18.15,42.35,True,508.2
2024-01-08,6,RAYBURN_RAYBURG10,12.6,29.4,True,352.8
2024-01-08,6,SJS_SJS_G1,0.0,0.0,False,0.0
2024-01-08,6,SJS_SJS_G2,0.0,0.0,False,0.0
2024-01-08,6,SANDHSYD_SH1,0.0,0.0,False,0.0
2024-01-08,6,SANDHSYD_SH2,0.0,0.0,False,0.0
2024-01-08,6,SANDHSYD_SH3,0.0,0.0,False,0.0
2024-01-08,6,SANDHSYD_SH4,0.0,0.0,False,0.0
2024-01-08,6,SANDHSYD_SH_5A,0.0,0.0,False,0.0
2024-01-08,6,SANDHSYD_SH6,0.0,0.0,False,0.0
2024-01-08,6,SANDHSYD_SH7,0.0,0.0,False,0.0
2024-01-08,6,SANDHSYD_SH_5C,0.0,0.0,False,0.0
2024-01-08,6,SILASRAY_SILAS_10,0.0,0.0,False,0.0
2024-01-08,6,SILASRAY_SILAS_9,0.0,0.0,False,0.0
2024-01-08,6,SILASRAY_SILAS_6,0.0,0.0,False,0.0
2024-01-08,6,GIDEON_GIDEONG1,0.0,0.0,False,0.0
2024-01-08,6,GIDEON_GIDEONG2,0.0,0.0,False,0.0
2024-01-08,6,GIDEON_GIDEONG3,0.0,0.0,False,0.0
2024-01-08,6,SKY1_SKY1A,0.0,0.0,False,0.0
2024-01-08,6,SKY1_SKY1B,0.0,0.0,False,0.0
2024-01-08,6,SPNCER_SPNCE_4,0.0,0.0,False,0.0
2024-01-08,6,SPNCER_SPNCE_5,0.0,0.0,False,0.0
2024-01-08,6,SCSES_UNIT1A,0.0,0.0,False,0.0
2024-01-08,6,SCSES_UNIT2,0.0,0.0,False,0.0
2024-01-08,6,THW_THWGT_1,0.0,0.0,False,0.0
2024-01-08,6,THW_THWGT31,15.39,35.91,True,430.92
2024-01-08,6,THW_THWGT32,15.39,35.91,True,430.92
2024-01-08,6,THW_THWGT33,15.39,35.91,True,430.92
2024-01-08,6,THW_THWGT34,15.39,35.91,True,430.92
2024-01-08,6,THW_THWGT41,15.39,35.91,True,430.92
2024-01-08,6,THW_THWGT42,15.39,35.91,True,430.92
2024-01-08,6,THW_THWGT43,18.6,43.4,True,520.8
2024-01-08,6,THW_THWGT44,18.6,43.4,True,520.8
2024-01-08,6,THW_THWGT51,0.0,0.0,False,0.0
2024-01-08,6,THW_THWGT52,0.0,0.0,False,0.0
2024-01-08,6,THW_THWGT53,0.0,0.0,False,0.0
2024-01-08,6,THW_THWGT54,0.0,0.0,False,0.0
2024-01-08,6,THW_THWGT55,0.0,0.0,False,0.0
2024-01-08,6,THW_THWGT56,0.0,0.0,False,0.0
2024-01-08,6,THW_THWST_3,33.93,79.16999999999999,True,950.04
2024-01-08,6,THW_THWST_4,33.93,79.16999999999999,True,950.04
2024-01-08,6,TXCTY_CTA,129.1,0.0,True,3614.8
2024-01-08,6,TXCTY_CTB,129.1,0.0,True,3614.8
2024-01-08,6,TXCTY_CTC,129.1,0.0,True,3614.8
2024-01-08,6,TXCTY_ST,143.7,0.0,True,4023.6
2024-01-08,6,TGS_GT01,0.0,0.0,False,0.0
2024-01-08,6,TIMPP_AGR1,0.0,0.0,False,0.0
2024-01-08,6,TIMPP_AGR2,0.0,0.0,False,0.0
2024-01-08,6,TIMPP_AGR3,0.0,0.0,False,0.0
2024-01-08,6,TIMPP_AGR4,0.0,0.0,False,0.0
2024-01-08,6,TRSES_UNIT6,0.0,0.0,False,0.0
2024-01-08,6,TOPAZ_UNIT1,0.0,0.0,False,0.0
2024-01-08,6,TOPAZ_UNIT2,0.0,0.0,False,0.0
2024-01-08,6,TOPAZ_UNIT3,0.0,0.0,False,0.0
2024-01-08,6,TOPAZ_UNIT4,0.0,0.0,False,0.0
2024-01-08,6,TOPAZ_UNIT5,0.0,0.0,False,0.0
2024-01-08,6,TOPAZ_UNIT6,0.0,0.0,False,0.0
2024-01-08,6,TOPAZ_UNIT7,0.0,0.0,False,0.0
2024-01-08,6,TOPAZ_UNIT8,0.0,0.0,False,0.0
2024-01-08,6,TOPAZ_UNIT9,0.0,0.0,False,0.0
2024-01-08,6,TOPAZ_UNIT10,0.0,0.0,False,0.0
2024-01-08,6,BRAUNIG_VHB6CT5,0.0,0.0,False,0.0
2024-01-08,6,BRAUNIG_VHB6CT6,0.0,0.0,False,0.0
2024-01-08,6,BRAUNIG_VHB6CT7,0.0,0.0,False,0.0
2024-01-08,6,BRAUNIG_VHB6CT8,0.0,0.0,False,0.0
2024-01-08,6,CITYVICT_CTG01,0.0,0.0,False,0.0
2024-01-08,6,CITYVICT_CTG02,0.0,0.0,False,0.0
2024-01-08,6,VICTPORT_CTG01,0.0,0.0,False,0.0
2024-01-08,6,VICTPORT_CTG02,0.0,0.0,False,0.0
2024-01-08,6,VICTORIA_VICTORG6,0.0,0.0,False,0.0
2024-01-08,6,VICTORIA_VICTORG5,0.0,0.0,False,0.0
2024-01-08,6,WAP_WAPGT_1,0.0,0.0,False,0.0
2024-01-08,6,WAP_WAP_G1,0.0,0.0,False,0.0
2024-01-08,6,WAP_WAP_G2,0.0,0.0,False,0.0
2024-01-08,6,WAP_WAP_G3,0.0,0.0,False,0.0
2024-01-08,6,WAP_WAP_G4,0.0,0.0,False,0.0
2024-01-08,6,WFCOGEN_UNIT1,0.0,0.0,False,0.0
2024-01-08,6,WFCOGEN_UNIT2,0.0,0.0,False,0.0
2024-01-08,6,WFCOGEN_UNIT3,0.0,0.0,False,0.0
2024-01-08,6,WIPOPA_WPP_G1,0.0,0.0,False,0.0
2024-01-08,6,WIPOPA_WPP_G2,0.0,0.0,False,0.0
2024-01-08,6,WIPOPA_WPP_G3,0.0,0.0,False,0.0
2024-01-08,6,WIPOPA_WPP_G4,0.0,0.0,False,0.0
2024-01-08,6,WCPP_CT1,82.5,192.5,True,2310.0
2024-01-08,6,WCPP_CT2,82.5,192.5,True,2310.0
2024-01-08,6,WCPP_ST1,89.4,208.6,True,2503.2
2024-01-08,6,WHCCS_CT1,0.0,0.0,False,0.0
2024-01-08,6,WHCCS_CT2,0.0,0.0,False,0.0
2024-01-08,6,WHCCS_STG,0.0,0.0,False,0.0
2024-01-08,6,WHCCS2_CT4,0.0,0.0,False,0.0
2024-01-08,6,WHCCS2_CT5,0.0,0.0,False,0.0
2024-01-08,6,WHCCS2_STG6,0.0,0.0,False,0.0
2024-01-08,6,NACPW_UNIT1,0.0,0.0,False,0.0
2024-01-08,6,HBR_2UNITS,0.0,0.0,False,0.0
2024-01-08,6,TRIRA_1UNIT,0.0,0.0,False,0.0
2024-01-08,6,78252_4UNITS,0.0,0.0,False,0.0
2024-01-08,6,SPRIN_4UNITS,0.0,0.0,False,0.0
2024-01-08,6,FREIH_2UNITS,0.0,0.0,False,0.0
2024-01-08,6,WSTHL_3UNITS,0.0,0.0,False,0.0
2024-01-08,6,FEGC_CTG2,0.0,0.0,False,0.0
2024-01-08,6,FEGC_CTG3,0.0,0.0,False,0.0
2024-01-08,6,FEGC_CTG4,0.0,0.0,False,0.0
2024-01-08,6,OLNEYTN_AGR1,0.0,0.0,False,0.0
2024-01-08,6,AMISTAD_AMISTAG1,37.9,0.0,True,37.9
2024-01-08,6,AMISTAD_AMISTAG2,37.9,0.0,True,37.9
2024-01-08,6,AUSTPL_AUSTING1,9.0,0.0,True,9.0
2024-01-08,6,AUSTPL_AUSTING2,9.0,0.0,True,9.0
2024-01-08,6,BUCHAN_BUCHANG1,18.299999999999997,3.552713678800501e-15,True,18.3
2024-01-08,6,BUCHAN_BUCHANG2,18.299999999999997,3.552713678800501e-15,True,18.3
2024-01-08,6,BUCHAN_BUCHANG3,18.299999999999997,3.552713678800501e-15,True,18.3
2024-01-08,6,DNDAM_DENISOG1,50.8,0.0,True,50.8
2024-01-08,6,DNDAM_DENISOG2,50.8,0.0,True,50.8
2024-01-08,6,FALCON_FALCONG1,12.0,0.0,True,12.0
2024-01-08,6,FALCON_FALCONG2,12.0,0.0,True,12.0
2024-01-08,6,FALCON_FALCONG3,12.0,0.0,True,12.0
2024-01-08,6,WIRTZ_WIRTZ_G1,29.0,0.0,True,29.0
2024-01-08,6,WIRTZ_WIRTZ_G2,29.0,0.0,True,29.0
2024-01-08,6,CANYHY_CANYHYG1,6.0,0.0,True,6.0
2024-01-08,6,INKSDA_INKS_G1,15.0,0.0,True,15.0
2024-01-08,6,MARBFA_MARBFAG1,21.0,0.0,True,21.0
2024-01-08,6,MARBFA_MARBFAG2,20.0,0.0,True,20.0
2024-01-08,6,MARSFO_MARSFOG1,36.0,0.0,True,36.0
2024-01-08,6,MARSFO_MARSFOG2,36.0,0.0,True,36.0
2024-01-08,6,MARSFO_MARSFOG3,36.0,0.0,True,36.0
2024-01-08,6,WND_WHITNEY1,22.0,0.0,True,22.0
2024-01-08,6,WND_WHITNEY2,22.0,0.0,True,22.0
2024-01-08,6,AEEC_ANTLP_1,0.0,0.0,False,0.0
2024-01-08,6,AEEC_ANTLP_2,0.0,0.0,False,0.0
2024-01-08,6,AEEC_ANTLP_3,0.0,0.0,False,0.0
2024-01-08,6,AEEC_ELK_1,0.0,0.0,False,0.0
2024-01-08,6,AEEC_ELK_2,0.0,0.0,False,0.0
2024-01-08,6,AEEC_ELK_3,0.0,0.0,False,0.0
2024-01-08,6,FTR_FTR_G1,0.0,0.0,False,0.0
2024-01-08,6,FTR_FTR_G2,0.0,0.0,False,0.0
2024-01-08,6,FTR_FTR_G3,0.0,0.0,False,0.0
2024-01-08,6,FTR_FTR_G4,0.0,0.0,False,0.0
2024-01-08,6,TGCCS_CT1,0.0,0.0,False,0.0
2024-01-08,6,TGCCS_CT2,0.0,0.0,False,0.0
2024-01-08,6,TGCCS_CT3,0.0,0.0,False,0.0
2024-01-08,6,TGCCS_UNIT4,0.0,0.0,False,0.0
2024-01-08,6,KMCHI_1CT101,55.5,129.5,True,1554.0
2024-01-08,6,KMCHI_1CT201,55.5,129.5,True,1554.0
2024-01-08,6,KMCHI_1ST,99.0,231.0,True,2772.0
2024-01-08,6,KMCHI_2CT101,55.5,129.5,True,1554.0
2024-01-08,6,KMCHI_2CT201,55.5,129.5,True,1554.0
2024-01-08,6,KMCHI_2ST,99.0,231.0,True,2772.0
2024-01-08,6,A4_DGR1,0.0,0.0,False,0.0
2024-01-08,6,A4_DGR2,0.0,0.0,False,0.0
2024-01-08,6,K2_DGR1,0.0,0.0,False,0.0
2024-01-08,6,K2_DGR2,0.0,0.0,False,0.0
2024-01-08,6,P2_DGR1,0.0,0.0,False,0.0
2024-01-08,6,P2_DGR2,0.0,0.0,False,0.0
2024-01-08,6,Q1_DGR1,0.0,0.0,False,0.0
2024-01-08,6,BRAUNIG_VHB3,0.0,0.0,False,0.0
2024-01-08,6,V2_DGR1,0.0,0.0,False,0.0
2024-01-08,6,V2_DGR2,0.0,0.0,False,0.0
2024-01-08,6,V2_DGR3,0.0,0.0,False,0.0
2024-01-08,6,V4_DGR1,0.0,0.0,False,0.0
2024-01-08,6,X1_DGR1,0.0,0.0,False,0.0
2024-01-08,6,Z0_DGR1,0.0,0.0,False,0.0
2024-01-08,6,Z0_DGR2,0.0,0.0,False,0.0
2024-01-08,6,Z5_DGR1,0.0,0.0,False,0.0
2024-01-08,6,DC_E,0.0,0.0,False,0.0
2024-01-08,6,DC_N,0.0,0.0,False,0.0
2024-01-08,6,DC_L,0.0,0.0,False,0.0
2024-01-08,6,DC_R,0.0,0.0,False,0.0
2024-01-08,6,CEDARVALE_GAS,0.0,0.0,False,0.0
2024-01-08,6,ENCHANTED_ROCK_NEWPP,0.0,0.0,False,0.0
2024-01-08,7,CPSES_UNIT1,1269.0,0.0,True,10152.0
2024-01-08,7,CPSES_UNIT2,1269.0,0.0,True,10152.0
2024-01-08,7,STP_STP_G1,1365.0,0.0,True,10920.0
2024-01-08,7,STP_STP_G2,1365.0,0.0,True,10920.0
2024-01-08,7,COLETO_COLETOG1,0.0,0.0,False,0.0
2024-01-08,7,FPPYD1_FPP_G1,0.0,0.0,False,0.0
2024-01-08,7,FPPYD1_FPP_G2,0.0,0.0,False,0.0
2024-01-08,7,FPPYD2_FPP_G3,0.0,0.0,False,0.0
2024-01-08,7,CALAVERS_JKS1,0.0,0.0,False,0.0
2024-01-08,7,CALAVERS_JKS2,0.0,0.0,False,0.0
2024-01-08,7,LEG_LEG_G1,357.2,535.8,True,8930.0
2024-01-08,7,LEG_LEG_G2,382.72,574.0799999999999,True,9568.0
2024-01-08,7,MLSES_UNIT1,893.0,0.0,True,22325.0
2024-01-08,7,MLSES_UNIT2,893.0,0.0,True,22325.0
2024-01-08,7,MLSES_UNIT3,893.0,0.0,True,22325.0
2024-01-08,7,OGSES_UNIT1A,0.0,0.0,False,0.0
2024-01-08,7,OGSES_UNIT2,0.0,0.0,False,0.0
2024-01-08,7,SANMIGL_G1,0.0,0.0,False,0.0
2024-01-08,7,SCES_UNIT1,0.0,0.0,False,0.0
2024-01-08,7,TNP_ONE_TNP_O_1,0.0,0.0,False,0.0
2024-01-08,7,TNP_ONE_TNP_O_2,0.0,0.0,False,0.0
2024-01-08,7,WAP_WAP_G5,734.1,0.0,True,18352.5
2024-01-08,7,WAP_WAP_G6,734.1000000000001,-1.1368683772161603e-13,True,18352.5
2024-01-08,7,WAP_WAP_G7,614.6,0.0,True,15365.0
2024-01-08,7,WAP_WAP_G8,654.0,0.0,True,16350.0
2024-01-08,7,BRAUNIG_AVR1_CT1,0.0,0.0,False,0.0
2024-01-08,7,BRAUNIG_AVR1_CT2,0.0,0.0,False,0.0
2024-01-08,7,BRAUNIG_AVR1_ST,0.0,0.0,False,0.0
2024-01-08,7,ATKINS_ATKINSG7,0.0,0.0,False,0.0
2024-01-08,7,B_DAVIS_B_DAVIG3,0.0,0.0,False,0.0
2024-01-08,7,B_DAVIS_B_DAVIG4,0.0,0.0,False,0.0
2024-01-08,7,B_DAVIS_B_DAVIG1,0.0,0.0,False,0.0
2024-01-08,7,B_DAVIS_B_DAVIG2,0.0,0.0,False,0.0
2024-01-08,7,BASTEN_GTG1100,0.0,0.0,False,0.0
2024-01-08,7,BASTEN_GTG2100,0.0,0.0,False,0.0
2024-01-08,7,BASTEN_ST0100,0.0,0.0,False,0.0
2024-01-08,7,BCH_UNIT1,6.05,54.45,True,254.1
2024-01-08,7,BCH_UNIT2,6.05,54.45,True,254.1
2024-01-08,7,BCH_UNIT3,6.05,54.45,True,254.1
2024-01-08,7,BCH_UNIT4,6.05,54.45,True,254.1
2024-01-08,7,BCH_UNIT5,6.05,54.45,True,254.1
2024-01-08,7,BCH_UNIT6,6.05,54.45,True,254.1
2024-01-08,7,BCH_UNIT7,6.05,54.45,True,254.1
2024-01-08,7,BCH_UNIT8,6.05,54.45,True,254.1
2024-01-08,7,BOSQUESW_BSQSU_1,0.0,0.0,False,0.0
2024-01-08,7,BOSQUESW_BSQSU_2,0.0,0.0,False,0.0
2024-01-08,7,BOSQUESW_BSQSU_3,0.0,0.0,False,0.0
2024-01-08,7,BOSQUESW_BSQSU_4,0.0,0.0,False,0.0
2024-01-08,7,BOSQUESW_BSQSU_5,0.0,0.0,False,0.0
2024-01-08,7,BVE_UNIT1,0.0,0.0,False,0.0
2024-01-08,7,BVE_UNIT2,0.0,0.0,False,0.0
2024-01-08,7,BVE_UNIT3,0.0,0.0,False,0.0
2024-01-08,7,BTM_UNIT1,0.0,0.0,False,0.0
2024-01-08,7,BTM_UNIT2,0.0,0.0,False,0.0
2024-01-08,7,BTM_UNIT3,0.0,0.0,False,0.0
2024-01-08,7,BTM_UNIT4,0.0,0.0,False,0.0
2024-01-08,7,BTM_UNIT5,0.0,0.0,False,0.0
2024-01-08,7,BTM_UNIT6,0.0,0.0,False,0.0
2024-01-08,7,BTM_UNIT7,0.0,0.0,False,0.0
2024-01-08,7,BTM_UNIT8,0.0,0.0,False,0.0
2024-01-08,7,FLCNS_UNIT1,0.0,0.0,False,0.0
2024-01-08,7,FLCNS_UNIT2,0.0,0.0,False,0.0
2024-01-08,7,CALHOUN_UNIT1,0.0,0.0,False,0.0
2024-01-08,7,CALHOUN_UNIT2,0.0,0.0,False,0.0
2024-01-08,7,CHAMON_CTG_0101,0.0,0.0,False,0.0
2024-01-08,7,CHAMON_CTG_0301,0.0,0.0,False,0.0
2024-01-08,7,CBY4_CT41,61.5,143.5,True,1722.0
2024-01-08,7,CBY4_CT42,173.6105332952111,31.3894667047889,True,4861.0949
2024-01-08,7,CBY4_ST04,205.0,0.0,True,5740.0
2024-01-08,7,CBY_CBY_G1,0.0,0.0,False,0.0
2024-01-08,7,CBY_CBY_G2,0.0,0.0,False,0.0
2024-01-08,7,CBEC_GT1,0.0,0.0,False,0.0
2024-01-08,7,CBEC_GT2,0.0,0.0,False,0.0
2024-01-08,7,CBEC_GT3,0.0,0.0,False,0.0
2024-01-08,7,CBEC_GT4,0.0,0.0,False,0.0
2024-01-08,7,CBEC_STG1,0.0,0.0,False,0.0
2024-01-08,7,CBEC_STG2,0.0,0.0,False,0.0
2024-01-08,7,CBECII_CT7,0.0,0.0,False,0.0
2024-01-08,7,CBECII_CT8,0.0,0.0,False,0.0
2024-01-08,7,CBECII_STG9,0.0,0.0,False,0.0
2024-01-08,7,CBEC_GT11,0.0,0.0,False,0.0
2024-01-08,7,CBEC_GT12,0.0,0.0,False,0.0
2024-01-08,7,CVC_CVC_G1,57.63,134.47,True,1613.64
2024-01-08,7,CVC_CVC_G2,57.63,134.47,True,1613.64
2024-01-08,7,CVC_CVC_G3,57.63,134.47,True,1613.64
2024-01-08,7,CVC_CVC_G5,45.0,105.0,True,1260.0
2024-01-08,7,DANSBY_DANSBYG2,0.0,0.0,False,0.0
2024-01-08,7,DANSBY_DANSBYG3,0.0,0.0,False,0.0
2024-01-08,7,DANSBY_DANSBYG1,0.0,0.0,False,0.0
2024-01-08,7,DECKER_DPGT_1,0.0,0.0,False,0.0
2024-01-08,7,DECKER_DPGT_2,0.0,0.0,False,0.0
2024-01-08,7,DECKER_DPGT_3,0.0,0.0,False,0.0
2024-01-08,7,DECKER_DPGT_4,0.0,0.0,False,0.0
2024-01-08,7,DCSES_CT10,0.0,0.0,False,0.0
2024-01-08,7,DCSES_CT20,0.0,0.0,False,0.0
2024-01-08,7,DCSES_CT30,0.0,0.0,False,0.0
2024-01-08,7,DCSES_CT40,0.0,0.0,False,0.0
2024-01-08,7,DDPEC_GT1,60.9,142.1,True,1705.2
2024-01-08,7,DDPEC_GT2,215.0,0.0,True,6020.0
2024-01-08,7,DDPEC_GT3,60.9,142.1,True,1705.2
2024-01-08,7,DDPEC_GT4,64.5,150.5,True,1806.0
2024-01-08,7,DDPEC_GT6,138.2866000000032,60.713399999996795,True,3872.0248
2024-01-08,7,DDPEC_ST1,290.0,0.0,True,8120.0
2024-01-08,7,DEC_AGR_A,0.0,0.0,False,0.0
2024-01-08,7,DEC_AGR_B,0.0,0.0,False,0.0
2024-01-08,7,DEC_AGR_C,0.0,0.0,False,0.0
2024-01-08,7,DEC_AGR_D,0.0,0.0,False,0.0
2024-01-08,7,ECEC_G1,0.0,0.0,False,0.0
2024-01-08,7,ECEC_G2,0.0,0.0,False,0.0
2024-01-08,7,ETCCS_CT1,0.0,0.0,False,0.0
2024-01-08,7,ETCCS_UNIT1,0.0,0.0,False,0.0
2024-01-08,7,AZ_AZ_G1,0.0,0.0,False,0.0
2024-01-08,7,AZ_AZ_G2,0.0,0.0,False,0.0
2024-01-08,7,AZ_AZ_G3,0.0,0.0,False,0.0
2024-01-08,7,AZ_AZ_G4,0.0,0.0,False,0.0
2024-01-08,7,FERGCC_FERGGT1,0.0,0.0,False,0.0
2024-01-08,7,FERGCC_FERGGT2,0.0,0.0,False,0.0
2024-01-08,7,FERGCC_FERGST1,0.0,0.0,False,0.0
2024-01-08,7,FRNYPP_GT11,59.01,137.69,True,1652.28
2024-01-08,7,FRNYPP_GT12,59.01,137.69,True,1652.28
2024-01-08,7,FRNYPP_GT13,59.01,137.69,True,1652.28
2024-01-08,7,FRNYPP_GT21,59.01,137.69,True,1652.28
2024-01-08,7,FRNYPP_GT22,59.01,137.69,True,1652.28
2024-01-08,7,FRNYPP_GT23,59.01,137.69,True,1652.28
2024-01-08,7,FRNYPP_ST10,126.6,295.4,True,3544.8
2024-01-08,7,FRNYPP_ST20,0.0,0.0,False,0.0
2024-01-08,7,FREC_GT1,0.0,0.0,False,0.0
2024-01-08,7,FREC_GT2,0.0,0.0,False,0.0
2024-01-08,7,FREC_GT4,0.0,0.0,False,0.0
2024-01-08,7,FREC_GT5,0.0,0.0,False,0.0
2024-01-08,7,FREC_ST3,0.0,0.0,False,0.0
2024-01-08,7,FREC_ST6,0.0,0.0,False,0.0
2024-01-08,7,FEGC_UNIT1,0.0,0.0,False,0.0
2024-01-08,7,FRONT_EC_CT1,0.0,0.0,False,0.0
2024-01-08,7,FRONT_EC_CT2,0.0,0.0,False,0.0
2024-01-08,7,FRONT_EC_ST,0.0,0.0,False,0.0
2024-01-08,7,GRSES_UNIT1,0.0,0.0,False,0.0
2024-01-08,7,GRSES_UNIT2,0.0,0.0,False,0.0
2024-01-08,7,GBY_GBYGT73,0.0,0.0,False,0.0
2024-01-08,7,GBY_GBYGT74,0.0,0.0,False,0.0
2024-01-08,7,GBY_GBYGT81,0.0,0.0,False,0.0
2024-01-08,7,GBY_GBYGT82,0.0,0.0,False,0.0
2024-01-08,7,GBY_GBYGT83,0.0,0.0,False,0.0
2024-01-08,7,GBY_GBYGT84,0.0,0.0,False,0.0
2024-01-08,7,STEAM_ENGINE_1,0.0,0.0,False,0.0
2024-01-08,7,STEAM_ENGINE_2,0.0,0.0,False,0.0
2024-01-08,7,STEAM_ENGINE_3,0.0,0.0,False,0.0
2024-01-08,7,LGE_LGE_GT1,0.0,0.0,False,0.0
2024-01-08,7,LGE_LGE_GT2,0.0,0.0,False,0.0
2024-01-08,7,LGE_LGE_STG,0.0,0.0,False,0.0
2024-01-08,7,GUADG_GAS1,0.0,0.0,False,0.0
2024-01-08,7,GUADG_GAS2,0.0,0.0,False,0.0
2024-01-08,7,GUADG_GAS3,0.0,0.0,False,0.0
2024-01-08,7,GUADG_GAS4,0.0,0.0,False,0.0
2024-01-08,7,GUADG_STM5,0.0,0.0,False,0.0
2024-01-08,7,GUADG_STM6,0.0,0.0,False,0.0
2024-01-08,7,HLSES_UNIT3,0.0,0.0,False,0.0
2024-01-08,7,HLSES_UNIT4,0.0,0.0,False,0.0
2024-01-08,7,HLSES_UNIT5,0.0,0.0,False,0.0
2024-01-08,7,HAYSEN_HAYSENG1,0.0,0.0,False,0.0
2024-01-08,7,HAYSEN_HAYSENG2,0.0,0.0,False,0.0
2024-01-08,7,HAYSEN_HAYSENG3,0.0,0.0,False,0.0
2024-01-08,7,HAYSEN_HAYSENG4,0.0,0.0,False,0.0
2024-01-08,7,DUKE_DUKE_GT1,0.0,0.0,False,0.0
2024-01-08,7,DUKE_DUKE_GT2,0.0,0.0,False,0.0
2024-01-08,7,DUKE_DUKE_ST1,0.0,0.0,False,0.0
2024-01-08,7,JACKCNTY_CT1,59.67,139.23,True,1670.76
2024-01-08,7,JACKCNTY_CT2,59.67,139.23,True,1670.76
2024-01-08,7,JCKCNTY2_CT3,59.67,139.23,True,1670.76
2024-01-08,7,JCKCNTY2_CT4,59.67,139.23,True,1670.76
2024-01-08,7,JACKCNTY_STG,96.18,224.42000000000002,True,2693.04
2024-01-08,7,JCKCNTY2_ST2,96.18,224.42000000000002,True,2693.04
2024-01-08,7,TEN_CT1,0.0,0.0,False,0.0
2024-01-08,7,TEN_STG,0.0,0.0,False,0.0
2024-01-08,7,LHSES_UNIT1,0.0,0.0,False,0.0
2024-01-08,7,LHSES_UNIT2A,0.0,0.0,False,0.0
2024-01-08,7,LPCCS_CT11,55.8,130.2,True,1562.4
2024-01-08,7,LPCCS_CT12,55.8,130.2,True,1562.4
2024-01-08,7,LPCCS_CT21,55.8,130.2,True,1562.4
2024-01-08,7,LPCCS_CT22,55.8,130.2,True,1562.4
2024-01-08,7,LPCCS_UNIT1,64.8,151.2,True,1814.4
2024-01-08,7,LPCCS_UNIT2,64.8,151.2,True,1814.4
2024-01-08,7,LARDVFTN_G4,0.0,0.0,False,0.0
2024-01-08,7,LARDVFTN_G5,0.0,0.0,False,0.0
2024-01-08,7,LEON_CRK_LCPCT1,0.0,0.0,False,0.0
2024-01-08,7,LEON_CRK_LCPCT2,0.0,0.0,False,0.0
2024-01-08,7,LEON_CRK_LCPCT3,0.0,0.0,False,0.0
2024-01-08,7,LEON_CRK_LCPCT4,0.0,0.0,False,0.0
2024-01-08,7,LIG_UNIT1,0.0,0.0,False,0.0
2024-01-08,7,LIG_UNIT2,0.0,0.0,False,0.0
2024-01-08,7,LOSTPI_LOSTPGT1,0.0,0.0,False,0.0
2024-01-08,7,LOSTPI_LOSTPGT2,0.0,0.0,False,0.0
2024-01-08,7,LOSTPI_LOSTPST1,0.0,0.0,False,0.0
2024-01-08,7,NEDIN_NEDIN_G1,0.0,0.0,False,0.0
2024-01-08,7,NEDIN_NEDIN_G2,0.0,0.0,False,0.0
2024-01-08,7,NEDIN_NEDIN_G3,0.0,0.0,False,0.0
2024-01-08,7,MDANP_CT1,0.0,0.0,False,0.0
2024-01-08,7,MDANP_CT2,0.0,0.0,False,0.0
2024-01-08,7,MDANP_CT3,0.0,0.0,False,0.0
2024-01-08,7,MDANP_CT4,0.0,0.0,False,0.0
2024-01-08,7,MDANP_CT5,0.0,0.0,False,0.0
2024-01-08,7,MDANP_CT6,0.0,0.0,False,0.0
2024-01-08,7,MGSES_CT1,0.0,0.0,False,0.0
2024-01-08,7,MGSES_CT2,0.0,0.0,False,0.0
2024-01-08,7,MGSES_CT3,0.0,0.0,False,0.0
2024-01-08,7,MGSES_CT4,0.0,0.0,False,0.0
2024-01-08,7,MGSES_CT5,0.0,0.0,False,0.0
2024-01-08,7,MGSES_CT6,0.0,0.0,False,0.0
2024-01-08,7,MCSES_UNIT6,0.0,0.0,False,0.0
2024-01-08,7,MCSES_UNIT7,0.0,0.0,False,0.0
2024-01-08,7,MCSES_UNIT8,0.0,0.0,False,0.0
2024-01-08,7,NUECES_B_NUECESG8,0.0,0.0,False,0.0
2024-01-08,7,NUECES_B_NUECESG9,0.0,0.0,False,0.0
2024-01-08,7,NUECES_B_NUECESG7,0.0,0.0,False,0.0
2024-01-08,7,CALAVERS_OWS1,0.0,0.0,False,0.0
2024-01-08,7,CALAVERS_OWS2,0.0,0.0,False,0.0
2024-01-08,7,OECCS_CT11,0.0,0.0,False,0.0
2024-01-08,7,OECCS_CT12,0.0,0.0,False,0.0
2024-01-08,7,OECCS_CT21,0.0,0.0,False,0.0
2024-01-08,7,OECCS_CT22,0.0,0.0,False,0.0
2024-01-08,7,OECCS_UNIT1,0.0,0.0,False,0.0
2024-01-08,7,OECCS_UNIT2,0.0,0.0,False,0.0
2024-01-08,7,VICTPRT2_UNIT1,0.0,0.0,False,0.0
2024-01-08,7,VICTPRT2_UNIT2,0.0,0.0,False,0.0
2024-01-08,7,PANDA_S_SHER1CT1,232.0,0.0,True,6496.0
2024-01-08,7,PANDA_S_SHER1CT2,232.0,0.0,True,6496.0
2024-01-08,7,PANDA_S_SHER1ST1,353.1,0.0,True,9886.8
2024-01-08,7,PANDA_T1_TMPL1CT1,0.0,0.0,False,0.0
2024-01-08,7,PANDA_T1_TMPL1CT2,0.0,0.0,False,0.0
2024-01-08,7,PANDA_T1_TMPL1ST1,0.0,0.0,False,0.0
2024-01-08,7,PANDA_T2_TMPL2CT1,0.0,0.0,False,0.0
2024-01-08,7,PANDA_T2_TMPL2CT2,0.0,0.0,False,0.0
2024-01-08,7,PANDA_T2_TMPL2ST1,0.0,0.0,False,0.0
2024-01-08,7,TNSKA_GT1,27.27,63.63000000000001,True,763.56
2024-01-08,7,TNSKA_GT2,27.27,63.63000000000001,True,763.56
2024-01-08,7,TNSKA_STG,27.0,63.0,True,756.0
2024-01-08,7,PSG_PSG_GT2,215.1,0.0,True,6022.8
2024-01-08,7,PSG_PSG_GT3,215.1,0.0,True,6022.8
2024-01-08,7,PSG_PSG_ST2,195.5,0.0,True,5474.0
2024-01-08,7,PEARSAL2_AGR_A,0.0,0.0,False,0.0
2024-01-08,7,PEARSAL2_AGR_B,0.0,0.0,False,0.0
2024-01-08,7,PEARSAL2_AGR_C,0.0,0.0,False,0.0
2024-01-08,7,PEARSAL2_AGR_D,0.0,0.0,False,0.0
2024-01-08,7,PB2SES_CT1,0.0,0.0,False,0.0
2024-01-08,7,PB2SES_CT2,0.0,0.0,False,0.0
2024-01-08,7,PB2SES_CT3,0.0,0.0,False,0.0
2024-01-08,7,PB2SES_CT4,0.0,0.0,False,0.0
2024-01-08,7,PB2SES_CT5,0.0,0.0,False,0.0
2024-01-08,7,PRO_UNIT1,0.0,0.0,False,0.0
2024-01-08,7,PRO_UNIT2,0.0,0.0,False,0.0
2024-01-08,7,PRO_UNIT3,0.0,0.0,False,0.0
2024-01-08,7,PRO_UNIT4,0.0,0.0,False,0.0
2024-01-08,7,PRO_UNIT5,0.0,0.0,False,0.0
2024-01-08,7,PRO_UNIT6,0.0,0.0,False,0.0
2024-01-08,7,PRO_UNIT7,0.0,0.0,False,0.0
2024-01-08,7,PRO_UNIT8,0.0,0.0,False,0.0
2024-01-08,7,BAC_CTG1,0.0,0.0,False,0.0
2024-01-08,7,BAC_CTG2,0.0,0.0,False,0.0
2024-01-08,7,BAC_CTG3,0.0,0.0,False,0.0
2024-01-08,7,BAC_CTG4,0.0,0.0,False,0.0
2024-01-08,7,BAC_CTG5,0.0,0.0,False,0.0
2024-01-08,7,BAC_CTG6,0.0,0.0,False,0.0
2024-01-08,7,STEAM1A_STEAM_1,0.0,0.0,False,0.0
2024-01-08,7,STEAM_STEAM_2,0.0,0.0,False,0.0
2024-01-08,7,STEAM_STEAM_3,0.0,0.0,False,0.0
2024-01-08,7,QALSW_GT1,0.0,0.0,False,0.0
2024-01-08,7,QALSW_GT2,0.0,0.0,False,0.0
2024-01-08,7,QALSW_GT3,0.0,0.0,False,0.0
2024-01-08,7,QALSW_GT4,0.0,0.0,False,0.0
2024-01-08,7,QALSW_STG1,0.0,0.0,False,0.0
2024-01-08,7,QALSW_STG2,0.0,0.0,False,0.0
2024-01-08,7,MIL_MILLERG4,0.0,0.0,False,0.0
2024-01-08,7,MIL_MILLERG5,0.0,0.0,False,0.0
2024-01-08,7,MIL_MILLERG1,0.0,0.0,False,0.0
2024-01-08,7,MIL_MILLERG2,0.0,0.0,False,0.0
2024-01-08,7,MIL_MILLERG3,0.0,0.0,False,0.0
2024-01-08,7,OLINGR_OLING_4,0.0,0.0,False,0.0
2024-01-08,7,OLINGR_OLING_2,0.0,0.0,False,0.0
2024-01-08,7,OLINGR_OLING_3,0.0,0.0,False,0.0
2024-01-08,7,RAB_UNIT1,0.0,0.0,False,0.0
2024-01-08,7,RAB_UNIT2,0.0,0.0,False,0.0
2024-01-08,7,RAB_UNIT3,0.0,0.0,False,0.0
2024-01-08,7,RAB_UNIT4,0.0,0.0,False,0.0
2024-01-08,7,RAB_UNIT5,0.0,0.0,False,0.0
2024-01-08,7,RAB_UNIT6,0.0,0.0,False,0.0
2024-01-08,7,RAB_UNIT7,0.0,0.0,False,0.0
2024-01-08,7,RAB_UNIT8,0.0,0.0,False,0.0
2024-01-08,7,REDGATE_AGR_A,0.0,0.0,False,0.0
2024-01-08,7,REDGATE_AGR_B,0.0,0.0,False,0.0
2024-01-08,7,REDGATE_AGR_C,0.0,0.0,False,0.0
2024-01-08,7,REDGATE_AGR_D,0.0,0.0,False,0.0
2024-01-08,7,JAD_UNIT1,0.0,0.0,False,0.0
2024-01-08,7,JAD_UNIT2,0.0,0.0,False,0.0
2024-01-08,7,JAD_UNIT3,0.0,0.0,False,0.0
2024-01-08,7,JAD_UNIT4,0.0,0.0,False,0.0
2024-01-08,7,JAD_UNIT5,0.0,0.0,False,0.0
2024-01-08,7,JAD_UNIT6,0.0,0.0,False,0.0
2024-01-08,7,JAD_UNIT7,0.0,0.0,False,0.0
2024-01-08,7,JAD_UNIT8,0.0,0.0,False,0.0
2024-01-08,7,RIONOG_CT1,0.0,0.0,False,0.0
2024-01-08,7,RIONOG_CT2,0.0,0.0,False,0.0
2024-01-08,7,RIONOG_CT3,0.0,0.0,False,0.0
2024-01-08,7,RIONOG_ST1,0.0,0.0,False,0.0
2024-01-08,7,RAYBURN_RAYBURG7,30.44563369053551,30.05436630946449,True,852.4777
2024-01-08,7,RAYBURN_RAYBURG8,60.5,0.0,True,1694.0
2024-01-08,7,RAYBURN_RAYBURG9,60.5,0.0,True,1694.0
2024-01-08,7,RAYBURN_RAYBURG10,12.6,29.4,True,352.8
2024-01-08,7,SJS_SJS_G1,0.0,0.0,False,0.0
2024-01-08,7,SJS_SJS_G2,0.0,0.0,False,0.0
2024-01-08,7,SANDHSYD_SH1,0.0,0.0,False,0.0
2024-01-08,7,SANDHSYD_SH2,0.0,0.0,False,0.0
2024-01-08,7,SANDHSYD_SH3,0.0,0.0,False,0.0
2024-01-08,7,SANDHSYD_SH4,0.0,0.0,False,0.0
2024-01-08,7,SANDHSYD_SH_5A,0.0,0.0,False,0.0
2024-01-08,7,SANDHSYD_SH6,0.0,0.0,False,0.0
2024-01-08,7,SANDHSYD_SH7,0.0,0.0,False,0.0
2024-01-08,7,SANDHSYD_SH_5C,0.0,0.0,False,0.0
2024-01-08,7,SILASRAY_SILAS_10,0.0,0.0,False,0.0
2024-01-08,7,SILASRAY_SILAS_9,0.0,0.0,False,0.0
2024-01-08,7,SILASRAY_SILAS_6,0.0,0.0,False,0.0
2024-01-08,7,GIDEON_GIDEONG1,0.0,0.0,False,0.0
2024-01-08,7,GIDEON_GIDEONG2,0.0,0.0,False,0.0
2024-01-08,7,GIDEON_GIDEONG3,0.0,0.0,False,0.0
2024-01-08,7,SKY1_SKY1A,0.0,0.0,False,0.0
2024-01-08,7,SKY1_SKY1B,0.0,0.0,False,0.0
2024-01-08,7,SPNCER_SPNCE_4,0.0,0.0,False,0.0
2024-01-08,7,SPNCER_SPNCE_5,0.0,0.0,False,0.0
2024-01-08,7,SCSES_UNIT1A,0.0,0.0,False,0.0
2024-01-08,7,SCSES_UNIT2,0.0,0.0,False,0.0
2024-01-08,7,THW_THWGT_1,0.0,0.0,False,0.0
2024-01-08,7,THW_THWGT31,15.39,35.91,True,430.92
2024-01-08,7,THW_THWGT32,15.39,35.91,True,430.92
2024-01-08,7,THW_THWGT33,15.39,35.91,True,430.92
2024-01-08,7,THW_THWGT34,15.39,35.91,True,430.92
2024-01-08,7,THW_THWGT41,15.39,35.91,True,430.92
2024-01-08,7,THW_THWGT42,15.39,35.91,True,430.92
2024-01-08,7,THW_THWGT43,18.6,43.4,True,520.8
2024-01-08,7,THW_THWGT44,18.6,43.4,True,520.8
2024-01-08,7,THW_THWGT51,0.0,0.0,False,0.0
2024-01-08,7,THW_THWGT52,0.0,0.0,False,0.0
2024-01-08,7,THW_THWGT53,0.0,0.0,False,0.0
2024-01-08,7,THW_THWGT54,0.0,0.0,False,0.0
2024-01-08,7,THW_THWGT55,0.0,0.0,False,0.0
2024-01-08,7,THW_THWGT56,0.0,0.0,False,0.0
2024-01-08,7,THW_THWST_3,33.93,79.16999999999999,True,950.04
2024-01-08,7,THW_THWST_4,33.93,79.16999999999999,True,950.04
2024-01-08,7,TXCTY_CTA,129.1,0.0,True,3614.8
2024-01-08,7,TXCTY_CTB,129.1,0.0,True,3614.8
2024-01-08,7,TXCTY_CTC,129.1,0.0,True,3614.8
2024-01-08,7,TXCTY_ST,143.7,0.0,True,4023.6
2024-01-08,7,TGS_GT01,0.0,0.0,False,0.0
2024-01-08,7,TIMPP_AGR1,0.0,0.0,False,0.0
2024-01-08,7,TIMPP_AGR2,0.0,0.0,False,0.0
2024-01-08,7,TIMPP_AGR3,0.0,0.0,False,0.0
2024-01-08,7,TIMPP_AGR4,0.0,0.0,False,0.0
2024-01-08,7,TRSES_UNIT6,0.0,0.0,False,0.0
2024-01-08,7,TOPAZ_UNIT1,0.0,0.0,False,0.0
2024-01-08,7,TOPAZ_UNIT2,0.0,0.0,False,0.0
2024-01-08,7,TOPAZ_UNIT3,0.0,0.0,False,0.0
2024-01-08,7,TOPAZ_UNIT4,0.0,0.0,False,0.0
2024-01-08,7,TOPAZ_UNIT5,0.0,0.0,False,0.0
2024-01-08,7,TOPAZ_UNIT6,0.0,0.0,False,0.0
2024-01-08,7,TOPAZ_UNIT7,0.0,0.0,False,0.0
2024-01-08,7,TOPAZ_UNIT8,0.0,0.0,False,0.0
2024-01-08,7,TOPAZ_UNIT9,0.0,0.0,False,0.0
2024-01-08,7,TOPAZ_UNIT10,0.0,0.0,False,0.0
2024-01-08,7,BRAUNIG_VHB6CT5,0.0,0.0,False,0.0
2024-01-08,7,BRAUNIG_VHB6CT6,0.0,0.0,False,0.0
2024-01-08,7,BRAUNIG_VHB6CT7,0.0,0.0,False,0.0
2024-01-08,7,BRAUNIG_VHB6CT8,0.0,0.0,False,0.0
2024-01-08,7,CITYVICT_CTG01,0.0,0.0,False,0.0
2024-01-08,7,CITYVICT_CTG02,0.0,0.0,False,0.0
2024-01-08,7,VICTPORT_CTG01,0.0,0.0,False,0.0
2024-01-08,7,VICTPORT_CTG02,0.0,0.0,False,0.0
2024-01-08,7,VICTORIA_VICTORG6,0.0,0.0,False,0.0
2024-01-08,7,VICTORIA_VICTORG5,0.0,0.0,False,0.0
2024-01-08,7,WAP_WAPGT_1,0.0,0.0,False,0.0
2024-01-08,7,WAP_WAP_G1,0.0,0.0,False,0.0
2024-01-08,7,WAP_WAP_G2,0.0,0.0,False,0.0
2024-01-08,7,WAP_WAP_G3,0.0,0.0,False,0.0
2024-01-08,7,WAP_WAP_G4,0.0,0.0,False,0.0
2024-01-08,7,WFCOGEN_UNIT1,0.0,0.0,False,0.0
2024-01-08,7,WFCOGEN_UNIT2,0.0,0.0,False,0.0
2024-01-08,7,WFCOGEN_UNIT3,0.0,0.0,False,0.0
2024-01-08,7,WIPOPA_WPP_G1,0.0,0.0,False,0.0
2024-01-08,7,WIPOPA_WPP_G2,0.0,0.0,False,0.0
2024-01-08,7,WIPOPA_WPP_G3,0.0,0.0,False,0.0
2024-01-08,7,WIPOPA_WPP_G4,0.0,0.0,False,0.0
2024-01-08,7,WCPP_CT1,82.5,192.5,True,2310.0
2024-01-08,7,WCPP_CT2,82.5,192.5,True,2310.0
2024-01-08,7,WCPP_ST1,89.4,208.6,True,2503.2
2024-01-08,7,WHCCS_CT1,0.0,0.0,False,0.0
2024-01-08,7,WHCCS_CT2,0.0,0.0,False,0.0
2024-01-08,7,WHCCS_STG,0.0,0.0,False,0.0
2024-01-08,7,WHCCS2_CT4,0.0,0.0,False,0.0
2024-01-08,7,WHCCS2_CT5,0.0,0.0,False,0.0
2024-01-08,7,WHCCS2_STG6,0.0,0.0,False,0.0
2024-01-08,7,NACPW_UNIT1,0.0,0.0,False,0.0
2024-01-08,7,HBR_2UNITS,0.0,0.0,False,0.0
2024-01-08,7,TRIRA_1UNIT,0.0,0.0,False,0.0
2024-01-08,7,78252_4UNITS,0.0,0.0,False,0.0
2024-01-08,7,SPRIN_4UNITS,0.0,0.0,False,0.0
2024-01-08,7,FREIH_2UNITS,0.0,0.0,False,0.0
2024-01-08,7,WSTHL_3UNITS,0.0,0.0,False,0.0
2024-01-08,7,FEGC_CTG2,0.0,0.0,False,0.0
2024-01-08,7,FEGC_CTG3,0.0,0.0,False,0.0
2024-01-08,7,FEGC_CTG4,0.0,0.0,False,0.0
2024-01-08,7,OLNEYTN_AGR1,0.0,0.0,False,0.0
2024-01-08,7,AMISTAD_AMISTAG1,37.9,0.0,True,37.9
2024-01-08,7,AMISTAD_AMISTAG2,37.9,0.0,True,37.9
2024-01-08,7,AUSTPL_AUSTING1,9.0,0.0,True,9.0
2024-01-08,7,AUSTPL_AUSTING2,9.0,0.0,True,9.0
2024-01-08,7,BUCHAN_BUCHANG1,18.299999999999997,3.552713678800501e-15,True,18.3
2024-01-08,7,BUCHAN_BUCHANG2,18.299999999999997,3.552713678800501e-15,True,18.3
2024-01-08,7,BUCHAN_BUCHANG3,18.299999999999997,3.552713678800501e-15,True,18.3
2024-01-08,7,DNDAM_DENISOG1,50.8,0.0,True,50.8
2024-01-08,7,DNDAM_DENISOG2,50.8,0.0,True,50.8
2024-01-08,7,FALCON_FALCONG1,12.0,0.0,True,12.0
2024-01-08,7,FALCON_FALCONG2,12.0,0.0,True,12.0
2024-01-08,7,FALCON_FALCONG3,12.0,0.0,True,12.0
2024-01-08,7,WIRTZ_WIRTZ_G1,29.0,0.0,True,29.0
2024-01-08,7,WIRTZ_WIRTZ_G2,29.0,0.0,True,29.0
2024-01-08,7,CANYHY_CANYHYG1,6.0,0.0,True,6.0
2024-01-08,7,INKSDA_INKS_G1,15.0,0.0,True,15.0
2024-01-08,7,MARBFA_MARBFAG1,21.0,0.0,True,21.0
2024-01-08,7,MARBFA_MARBFAG2,20.0,0.0,True,20.0
2024-01-08,7,MARSFO_MARSFOG1,36.0,0.0,True,36.0
2024-01-08,7,MARSFO_MARSFOG2,36.0,0.0,True,36.0
2024-01-08,7,MARSFO_MARSFOG3,36.0,0.0,True,36.0
2024-01-08,7,WND_WHITNEY1,22.0,0.0,True,22.0
2024-01-08,7,WND_WHITNEY2,22.0,0.0,True,22.0
2024-01-08,7,AEEC_ANTLP_1,0.0,0.0,False,0.0
2024-01-08,7,AEEC_ANTLP_2,0.0,0.0,False,0.0
2024-01-08,7,AEEC_ANTLP_3,0.0,0.0,False,0.0
2024-01-08,7,AEEC_ELK_1,0.0,0.0,False,0.0
2024-01-08,7,AEEC_ELK_2,0.0,0.0,False,0.0
2024-01-08,7,AEEC_ELK_3,0.0,0.0,False,0.0
2024-01-08,7,FTR_FTR_G1,0.0,0.0,False,0.0
2024-01-08,7,FTR_FTR_G2,0.0,0.0,False,0.0
2024-01-08,7,FTR_FTR_G3,0.0,0.0,False,0.0
2024-01-08,7,FTR_FTR_G4,0.0,0.0,False,0.0
2024-01-08,7,TGCCS_CT1,0.0,0.0,False,0.0
2024-01-08,7,TGCCS_CT2,0.0,0.0,False,0.0
2024-01-08,7,TGCCS_CT3,0.0,0.0,False,0.0
2024-01-08,7,TGCCS_UNIT4,0.0,0.0,False,0.0
2024-01-08,7,KMCHI_1CT101,55.5,129.5,True,1554.0
2024-01-08,7,KMCHI_1CT201,55.5,129.5,True,1554.0
2024-01-08,7,KMCHI_1ST,330.0,0.0,True,9240.0
2024-01-08,7,KMCHI_2CT101,55.5,129.5,True,1554.0
2024-01-08,7,KMCHI_2CT201,55.5,129.5,True,1554.0
2024-01-08,7,KMCHI_2ST,99.0,231.0,True,2772.0
2024-01-08,7,A4_DGR1,0.0,0.0,False,0.0
2024-01-08,7,A4_DGR2,0.0,0.0,False,0.0
2024-01-08,7,K2_DGR1,0.0,0.0,False,0.0
2024-01-08,7,K2_DGR2,0.0,0.0,False,0.0
2024-01-08,7,P2_DGR1,0.0,0.0,False,0.0
2024-01-08,7,P2_DGR2,0.0,0.0,False,0.0
2024-01-08,7,Q1_DGR1,0.0,0.0,False,0.0
2024-01-08,7,BRAUNIG_VHB3,0.0,0.0,False,0.0
2024-01-08,7,V2_DGR1,0.0,0.0,False,0.0
2024-01-08,7,V2_DGR2,0.0,0.0,False,0.0
2024-01-08,7,V2_DGR3,0.0,0.0,False,0.0
2024-01-08,7,V4_DGR1,0.0,0.0,False,0.0
2024-01-08,7,X1_DGR1,0.0,0.0,False,0.0
2024-01-08,7,Z0_DGR1,0.0,0.0,False,0.0
2024-01-08,7,Z0_DGR2,0.0,0.0,False,0.0
2024-01-08,7,Z5_DGR1,0.0,0.0,False,0.0
2024-01-08,7,DC_E,0.0,0.0,False,0.0
2024-01-08,7,DC_N,0.0,0.0,False,0.0
2024-01-08,7,DC_L,0.0,0.0,False,0.0
2024-01-08,7,DC_R,0.0,0.0,False,0.0
2024-01-08,7,CEDARVALE_GAS,0.0,0.0,False,0.0
2024-01-08,7,ENCHANTED_ROCK_NEWPP,0.0,0.0,False,0.0
2024-01-08,8,CPSES_UNIT1,1269.0,0.0,True,10152.0
2024-01-08,8,CPSES_UNIT2,1269.0,0.0,True,10152.0
2024-01-08,8,STP_STP_G1,1365.0,0.0,True,10920.0
2024-01-08,8,STP_STP_G2,1365.0,0.0,True,10920.0
2024-01-08,8,COLETO_COLETOG1,0.0,0.0,False,0.0
2024-01-08,8,FPPYD1_FPP_G1,0.0,0.0,False,0.0
2024-01-08,8,FPPYD1_FPP_G2,0.0,0.0,False,0.0
2024-01-08,8,FPPYD2_FPP_G3,0.0,0.0,False,0.0
2024-01-08,8,CALAVERS_JKS1,0.0,0.0,False,0.0
2024-01-08,8,CALAVERS_JKS2,0.0,0.0,False,0.0
2024-01-08,8,LEG_LEG_G1,357.2,535.8,True,8930.0
2024-01-08,8,LEG_LEG_G2,382.72,574.0799999999999,True,9568.0
2024-01-08,8,MLSES_UNIT1,893.0,0.0,True,22325.0
2024-01-08,8,MLSES_UNIT2,893.0,0.0,True,22325.0
2024-01-08,8,MLSES_UNIT3,893.0,0.0,True,22325.0
2024-01-08,8,OGSES_UNIT1A,0.0,0.0,False,0.0
2024-01-08,8,OGSES_UNIT2,0.0,0.0,False,0.0
2024-01-08,8,SANMIGL_G1,0.0,0.0,False,0.0
2024-01-08,8,SCES_UNIT1,0.0,0.0,False,0.0
2024-01-08,8,TNP_ONE_TNP_O_1,0.0,0.0,False,0.0
2024-01-08,8,TNP_ONE_TNP_O_2,0.0,0.0,False,0.0
2024-01-08,8,WAP_WAP_G5,734.1,0.0,True,18352.5
2024-01-08,8,WAP_WAP_G6,734.1,0.0,True,18352.5
2024-01-08,8,WAP_WAP_G7,614.6,0.0,True,15365.0
2024-01-08,8,WAP_WAP_G8,654.0,0.0,True,16350.0
2024-01-08,8,BRAUNIG_AVR1_CT1,0.0,0.0,False,0.0
2024-01-08,8,BRAUNIG_AVR1_CT2,0.0,0.0,False,0.0
2024-01-08,8,BRAUNIG_AVR1_ST,0.0,0.0,False,0.0
2024-01-08,8,ATKINS_ATKINSG7,0.0,0.0,False,0.0
2024-01-08,8,B_DAVIS_B_DAVIG3,0.0,0.0,False,0.0
2024-01-08,8,B_DAVIS_B_DAVIG4,0.0,0.0,False,0.0
2024-01-08,8,B_DAVIS_B_DAVIG1,0.0,0.0,False,0.0
2024-01-08,8,B_DAVIS_B_DAVIG2,0.0,0.0,False,0.0
2024-01-08,8,BASTEN_GTG1100,0.0,0.0,False,0.0
2024-01-08,8,BASTEN_GTG2100,0.0,0.0,False,0.0
2024-01-08,8,BASTEN_ST0100,0.0,0.0,False,0.0
2024-01-08,8,BCH_UNIT1,6.05,54.45,True,254.1
2024-01-08,8,BCH_UNIT2,6.05,54.45,True,254.1
2024-01-08,8,BCH_UNIT3,6.05,54.45,True,254.1
2024-01-08,8,BCH_UNIT4,6.05,54.45,True,254.1
2024-01-08,8,BCH_UNIT5,6.05,54.45,True,254.1
2024-01-08,8,BCH_UNIT6,6.05,54.45,True,254.1
2024-01-08,8,BCH_UNIT7,6.05,54.45,True,254.1
2024-01-08,8,BCH_UNIT8,6.05,54.45,True,254.1
2024-01-08,8,BOSQUESW_BSQSU_1,0.0,0.0,False,0.0
2024-01-08,8,BOSQUESW_BSQSU_2,0.0,0.0,False,0.0
2024-01-08,8,BOSQUESW_BSQSU_3,0.0,0.0,False,0.0
2024-01-08,8,BOSQUESW_BSQSU_4,0.0,0.0,False,0.0
2024-01-08,8,BOSQUESW_BSQSU_5,0.0,0.0,False,0.0
2024-01-08,8,BVE_UNIT1,0.0,0.0,False,0.0
2024-01-08,8,BVE_UNIT2,0.0,0.0,False,0.0
2024-01-08,8,BVE_UNIT3,0.0,0.0,False,0.0
2024-01-08,8,BTM_UNIT1,0.0,0.0,False,0.0
2024-01-08,8,BTM_UNIT2,0.0,0.0,False,0.0
2024-01-08,8,BTM_UNIT3,0.0,0.0,False,0.0
2024-01-08,8,BTM_UNIT4,0.0,0.0,False,0.0
2024-01-08,8,BTM_UNIT5,0.0,0.0,False,0.0
2024-01-08,8,BTM_UNIT6,0.0,0.0,False,0.0
2024-01-08,8,BTM_UNIT7,0.0,0.0,False,0.0
2024-01-08,8,BTM_UNIT8,0.0,0.0,False,0.0
2024-01-08,8,FLCNS_UNIT1,0.0,0.0,False,0.0
2024-01-08,8,FLCNS_UNIT2,0.0,0.0,False,0.0
2024-01-08,8,CALHOUN_UNIT1,0.0,0.0,False,0.0
2024-01-08,8,CALHOUN_UNIT2,0.0,0.0,False,0.0
2024-01-08,8,CHAMON_CTG_0101,0.0,0.0,False,0.0
2024-01-08,8,CHAMON_CTG_0301,0.0,0.0,False,0.0
2024-01-08,8,CBY4_CT41,205.0,0.0,True,5740.0
2024-01-08,8,CBY4_CT42,132.42277534978575,72.57722465021425,True,3707.8377
2024-01-08,8,CBY4_ST04,205.0,0.0,True,5740.0
2024-01-08,8,CBY_CBY_G1,0.0,0.0,False,0.0
2024-01-08,8,CBY_CBY_G2,0.0,0.0,False,0.0
2024-01-08,8,CBEC_GT1,0.0,0.0,False,0.0
2024-01-08,8,CBEC_GT2,0.0,0.0,False,0.0
2024-01-08,8,CBEC_GT3,0.0,0.0,False,0.0
2024-01-08,8,CBEC_GT4,0.0,0.0,False,0.0
2024-01-08,8,CBEC_STG1,0.0,0.0,False,0.0
2024-01-08,8,CBEC_STG2,0.0,0.0,False,0.0
2024-01-08,8,CBECII_CT7,0.0,0.0,False,0.0
2024-01-08,8,CBECII_CT8,0.0,0.0,False,0.0
2024-01-08,8,CBECII_STG9,0.0,0.0,False,0.0
2024-01-08,8,CBEC_GT11,0.0,0.0,False,0.0
2024-01-08,8,CBEC_GT12,0.0,0.0,False,0.0
2024-01-08,8,CVC_CVC_G1,57.63,134.47,True,1613.64
2024-01-08,8,CVC_CVC_G2,57.63,134.47,True,1613.64
2024-01-08,8,CVC_CVC_G3,57.63,134.47,True,1613.64
2024-01-08,8,CVC_CVC_G5,45.0,105.0,True,1260.0
2024-01-08,8,DANSBY_DANSBYG2,0.0,0.0,False,0.0
2024-01-08,8,DANSBY_DANSBYG3,0.0,0.0,False,0.0
2024-01-08,8,DANSBY_DANSBYG1,0.0,0.0,False,0.0
2024-01-08,8,DECKER_DPGT_1,0.0,0.0,False,0.0
2024-01-08,8,DECKER_DPGT_2,0.0,0.0,False,0.0
2024-01-08,8,DECKER_DPGT_3,0.0,0.0,False,0.0
2024-01-08,8,DECKER_DPGT_4,0.0,0.0,False,0.0
2024-01-08,8,DCSES_CT10,0.0,0.0,False,0.0
2024-01-08,8,DCSES_CT20,0.0,0.0,False,0.0
2024-01-08,8,DCSES_CT30,0.0,0.0,False,0.0
2024-01-08,8,DCSES_CT40,0.0,0.0,False,0.0
2024-01-08,8,DDPEC_GT1,60.9,142.1,True,1705.2
2024-01-08,8,DDPEC_GT2,215.0,0.0,True,6020.0
2024-01-08,8,DDPEC_GT3,60.9,142.1,True,1705.2
2024-01-08,8,DDPEC_GT4,64.5,150.5,True,1806.0
2024-01-08,8,DDPEC_GT6,140.114600000003,58.88539999999699,True,3923.2088
2024-01-08,8,DDPEC_ST1,290.0,0.0,True,8120.0
2024-01-08,8,DEC_AGR_A,0.0,0.0,False,0.0
2024-01-08,8,DEC_AGR_B,0.0,0.0,False,0.0
2024-01-08,8,DEC_AGR_C,0.0,0.0,False,0.0
2024-01-08,8,DEC_AGR_D,0.0,0.0,False,0.0
2024-01-08,8,ECEC_G1,0.0,0.0,False,0.0
2024-01-08,8,ECEC_G2,0.0,0.0,False,0.0
2024-01-08,8,ETCCS_CT1,0.0,0.0,False,0.0
2024-01-08,8,ETCCS_UNIT1,0.0,0.0,False,0.0
2024-01-08,8,AZ_AZ_G1,0.0,0.0,False,0.0
2024-01-08,8,AZ_AZ_G2,0.0,0.0,False,0.0
2024-01-08,8,AZ_AZ_G3,0.0,0.0,False,0.0
2024-01-08,8,AZ_AZ_G4,0.0,0.0,False,0.0
2024-01-08,8,FERGCC_FERGGT1,0.0,0.0,False,0.0
2024-01-08,8,FERGCC_FERGGT2,0.0,0.0,False,0.0
2024-01-08,8,FERGCC_FERGST1,0.0,0.0,False,0.0
2024-01-08,8,FRNYPP_GT11,59.01,137.69,True,1652.28
2024-01-08,8,FRNYPP_GT12,59.01,137.69,True,1652.28
2024-01-08,8,FRNYPP_GT13,59.01,137.69,True,1652.28
2024-01-08,8,FRNYPP_GT21,59.01,137.69,True,1652.28
2024-01-08,8,FRNYPP_GT22,59.01,137.69,True,1652.28
2024-01-08,8,FRNYPP_GT23,59.01,137.69,True,1652.28
2024-01-08,8,FRNYPP_ST10,126.6,295.4,True,3544.8
2024-01-08,8,FRNYPP_ST20,0.0,0.0,False,0.0
2024-01-08,8,FREC_GT1,0.0,0.0,False,0.0
2024-01-08,8,FREC_GT2,0.0,0.0,False,0.0
2024-01-08,8,FREC_GT4,0.0,0.0,False,0.0
2024-01-08,8,FREC_GT5,0.0,0.0,False,0.0
2024-01-08,8,FREC_ST3,0.0,0.0,False,0.0
2024-01-08,8,FREC_ST6,0.0,0.0,False,0.0
2024-01-08,8,FEGC_UNIT1,0.0,0.0,False,0.0
2024-01-08,8,FRONT_EC_CT1,0.0,0.0,False,0.0
2024-01-08,8,FRONT_EC_CT2,0.0,0.0,False,0.0
2024-01-08,8,FRONT_EC_ST,0.0,0.0,False,0.0
2024-01-08,8,GRSES_UNIT1,0.0,0.0,False,0.0
2024-01-08,8,GRSES_UNIT2,0.0,0.0,False,0.0
2024-01-08,8,GBY_GBYGT73,0.0,0.0,False,0.0
2024-01-08,8,GBY_GBYGT74,0.0,0.0,False,0.0
2024-01-08,8,GBY_GBYGT81,0.0,0.0,False,0.0
2024-01-08,8,GBY_GBYGT82,0.0,0.0,False,0.0
2024-01-08,8,GBY_GBYGT83,0.0,0.0,False,0.0
2024-01-08,8,GBY_GBYGT84,0.0,0.0,False,0.0
2024-01-08,8,STEAM_ENGINE_1,0.0,0.0,False,0.0
2024-01-08,8,STEAM_ENGINE_2,0.0,0.0,False,0.0
2024-01-08,8,STEAM_ENGINE_3,0.0,0.0,False,0.0
2024-01-08,8,LGE_LGE_GT1,0.0,0.0,False,0.0
2024-01-08,8,LGE_LGE_GT2,0.0,0.0,False,0.0
2024-01-08,8,LGE_LGE_STG,0.0,0.0,False,0.0
2024-01-08,8,GUADG_GAS1,0.0,0.0,False,0.0
2024-01-08,8,GUADG_GAS2,0.0,0.0,False,0.0
2024-01-08,8,GUADG_GAS3,0.0,0.0,False,0.0
2024-01-08,8,GUADG_GAS4,0.0,0.0,False,0.0
2024-01-08,8,GUADG_STM5,0.0,0.0,False,0.0
2024-01-08,8,GUADG_STM6,0.0,0.0,False,0.0
2024-01-08,8,HLSES_UNIT3,0.0,0.0,False,0.0
2024-01-08,8,HLSES_UNIT4,0.0,0.0,False,0.0
2024-01-08,8,HLSES_UNIT5,0.0,0.0,False,0.0
2024-01-08,8,HAYSEN_HAYSENG1,0.0,0.0,False,0.0
2024-01-08,8,HAYSEN_HAYSENG2,0.0,0.0,False,0.0
2024-01-08,8,HAYSEN_HAYSENG3,0.0,0.0,False,0.0
2024-01-08,8,HAYSEN_HAYSENG4,0.0,0.0,False,0.0
2024-01-08,8,DUKE_DUKE_GT1,0.0,0.0,False,0.0
2024-01-08,8,DUKE_DUKE_GT2,0.0,0.0,False,0.0
2024-01-08,8,DUKE_DUKE_ST1,0.0,0.0,False,0.0
2024-01-08,8,JACKCNTY_CT1,59.67,139.23,True,1670.76
2024-01-08,8,JACKCNTY_CT2,59.67,139.23,True,1670.76
2024-01-08,8,JCKCNTY2_CT3,59.67,139.23,True,1670.76
2024-01-08,8,JCKCNTY2_CT4,59.67,139.23,True,1670.76
2024-01-08,8,JACKCNTY_STG,96.18,224.42000000000002,True,2693.04
2024-01-08,8,JCKCNTY2_ST2,96.18,224.42000000000002,True,2693.04
2024-01-08,8,TEN_CT1,0.0,0.0,False,0.0
2024-01-08,8,TEN_STG,0.0,0.0,False,0.0
2024-01-08,8,LHSES_UNIT1,0.0,0.0,False,0.0
2024-01-08,8,LHSES_UNIT2A,0.0,0.0,False,0.0
2024-01-08,8,LPCCS_CT11,55.8,130.2,True,1562.4
2024-01-08,8,LPCCS_CT12,55.8,130.2,True,1562.4
2024-01-08,8,LPCCS_CT21,55.8,130.2,True,1562.4
2024-01-08,8,LPCCS_CT22,55.8,130.2,True,1562.4
2024-01-08,8,LPCCS_UNIT1,64.8,151.2,True,1814.4
2024-01-08,8,LPCCS_UNIT2,64.8,151.2,True,1814.4
2024-01-08,8,LARDVFTN_G4,0.0,0.0,False,0.0
2024-01-08,8,LARDVFTN_G5,0.0,0.0,False,0.0
2024-01-08,8,LEON_CRK_LCPCT1,0.0,0.0,False,0.0
2024-01-08,8,LEON_CRK_LCPCT2,0.0,0.0,False,0.0
2024-01-08,8,LEON_CRK_LCPCT3,0.0,0.0,False,0.0
2024-01-08,8,LEON_CRK_LCPCT4,0.0,0.0,False,0.0
2024-01-08,8,LIG_UNIT1,0.0,0.0,False,0.0
2024-01-08,8,LIG_UNIT2,0.0,0.0,False,0.0
2024-01-08,8,LOSTPI_LOSTPGT1,0.0,0.0,False,0.0
2024-01-08,8,LOSTPI_LOSTPGT2,0.0,0.0,False,0.0
2024-01-08,8,LOSTPI_LOSTPST1,0.0,0.0,False,0.0
2024-01-08,8,NEDIN_NEDIN_G1,0.0,0.0,False,0.0
2024-01-08,8,NEDIN_NEDIN_G2,0.0,0.0,False,0.0
2024-01-08,8,NEDIN_NEDIN_G3,0.0,0.0,False,0.0
2024-01-08,8,MDANP_CT1,0.0,0.0,False,0.0
2024-01-08,8,MDANP_CT2,0.0,0.0,False,0.0
2024-01-08,8,MDANP_CT3,0.0,0.0,False,0.0
2024-01-08,8,MDANP_CT4,0.0,0.0,False,0.0
2024-01-08,8,MDANP_CT5,0.0,0.0,False,0.0
2024-01-08,8,MDANP_CT6,0.0,0.0,False,0.0
2024-01-08,8,MGSES_CT1,0.0,0.0,False,0.0
2024-01-08,8,MGSES_CT2,0.0,0.0,False,0.0
2024-01-08,8,MGSES_CT3,0.0,0.0,False,0.0
2024-01-08,8,MGSES_CT4,0.0,0.0,False,0.0
2024-01-08,8,MGSES_CT5,0.0,0.0,False,0.0
2024-01-08,8,MGSES_CT6,0.0,0.0,False,0.0
2024-01-08,8,MCSES_UNIT6,0.0,0.0,False,0.0
2024-01-08,8,MCSES_UNIT7,0.0,0.0,False,0.0
2024-01-08,8,MCSES_UNIT8,0.0,0.0,False,0.0
2024-01-08,8,NUECES_B_NUECESG8,0.0,0.0,False,0.0
2024-01-08,8,NUECES_B_NUECESG9,0.0,0.0,False,0.0
2024-01-08,8,NUECES_B_NUECESG7,0.0,0.0,False,0.0
2024-01-08,8,CALAVERS_OWS1,0.0,0.0,False,0.0
2024-01-08,8,CALAVERS_OWS2,0.0,0.0,False,0.0
2024-01-08,8,OECCS_CT11,0.0,0.0,False,0.0
2024-01-08,8,OECCS_CT12,0.0,0.0,False,0.0
2024-01-08,8,OECCS_CT21,0.0,0.0,False,0.0
2024-01-08,8,OECCS_CT22,0.0,0.0,False,0.0
2024-01-08,8,OECCS_UNIT1,0.0,0.0,False,0.0
2024-01-08,8,OECCS_UNIT2,0.0,0.0,False,0.0
2024-01-08,8,VICTPRT2_UNIT1,0.0,0.0,False,0.0
2024-01-08,8,VICTPRT2_UNIT2,0.0,0.0,False,0.0
2024-01-08,8,PANDA_S_SHER1CT1,232.0,0.0,True,6496.0
2024-01-08,8,PANDA_S_SHER1CT2,232.0,0.0,True,6496.0
2024-01-08,8,PANDA_S_SHER1ST1,353.1,0.0,True,9886.8
2024-01-08,8,PANDA_T1_TMPL1CT1,0.0,0.0,False,0.0
2024-01-08,8,PANDA_T1_TMPL1CT2,0.0,0.0,False,0.0
2024-01-08,8,PANDA_T1_TMPL1ST1,0.0,0.0,False,0.0
2024-01-08,8,PANDA_T2_TMPL2CT1,0.0,0.0,False,0.0
2024-01-08,8,PANDA_T2_TMPL2CT2,0.0,0.0,False,0.0
2024-01-08,8,PANDA_T2_TMPL2ST1,0.0,0.0,False,0.0
2024-01-08,8,TNSKA_GT1,27.27,63.63000000000001,True,763.56
2024-01-08,8,TNSKA_GT2,27.27,63.63000000000001,True,763.56
2024-01-08,8,TNSKA_STG,27.0,63.0,True,756.0
2024-01-08,8,PSG_PSG_GT2,215.1,0.0,True,6022.8
2024-01-08,8,PSG_PSG_GT3,215.1,0.0,True,6022.8
2024-01-08,8,PSG_PSG_ST2,195.5,0.0,True,5474.0
2024-01-08,8,PEARSAL2_AGR_A,0.0,0.0,False,0.0
2024-01-08,8,PEARSAL2_AGR_B,0.0,0.0,False,0.0
2024-01-08,8,PEARSAL2_AGR_C,0.0,0.0,False,0.0
2024-01-08,8,PEARSAL2_AGR_D,0.0,0.0,False,0.0
2024-01-08,8,PB2SES_CT1,0.0,0.0,False,0.0
2024-01-08,8,PB2SES_CT2,0.0,0.0,False,0.0
2024-01-08,8,PB2SES_CT3,0.0,0.0,False,0.0
2024-01-08,8,PB2SES_CT4,0.0,0.0,False,0.0
2024-01-08,8,PB2SES_CT5,0.0,0.0,False,0.0
2024-01-08,8,PRO_UNIT1,0.0,0.0,False,0.0
2024-01-08,8,PRO_UNIT2,0.0,0.0,False,0.0
2024-01-08,8,PRO_UNIT3,0.0,0.0,False,0.0
2024-01-08,8,PRO_UNIT4,0.0,0.0,False,0.0
2024-01-08,8,PRO_UNIT5,0.0,0.0,False,0.0
2024-01-08,8,PRO_UNIT6,0.0,0.0,False,0.0
2024-01-08,8,PRO_UNIT7,0.0,0.0,False,0.0
2024-01-08,8,PRO_UNIT8,0.0,0.0,False,0.0
2024-01-08,8,BAC_CTG1,0.0,0.0,False,0.0
2024-01-08,8,BAC_CTG2,0.0,0.0,False,0.0
2024-01-08,8,BAC_CTG3,0.0,0.0,False,0.0
2024-01-08,8,BAC_CTG4,0.0,0.0,False,0.0
2024-01-08,8,BAC_CTG5,0.0,0.0,False,0.0
2024-01-08,8,BAC_CTG6,0.0,0.0,False,0.0
2024-01-08,8,STEAM1A_STEAM_1,0.0,0.0,False,0.0
2024-01-08,8,STEAM_STEAM_2,0.0,0.0,False,0.0
2024-01-08,8,STEAM_STEAM_3,0.0,0.0,False,0.0
2024-01-08,8,QALSW_GT1,0.0,0.0,False,0.0
2024-01-08,8,QALSW_GT2,0.0,0.0,False,0.0
2024-01-08,8,QALSW_GT3,0.0,0.0,False,0.0
2024-01-08,8,QALSW_GT4,0.0,0.0,False,0.0
2024-01-08,8,QALSW_STG1,0.0,0.0,False,0.0
2024-01-08,8,QALSW_STG2,0.0,0.0,False,0.0
2024-01-08,8,MIL_MILLERG4,0.0,0.0,False,0.0
2024-01-08,8,MIL_MILLERG5,0.0,0.0,False,0.0
2024-01-08,8,MIL_MILLERG1,0.0,0.0,False,0.0
2024-01-08,8,MIL_MILLERG2,0.0,0.0,False,0.0
2024-01-08,8,MIL_MILLERG3,0.0,0.0,False,0.0
2024-01-08,8,OLINGR_OLING_4,0.0,0.0,False,0.0
2024-01-08,8,OLINGR_OLING_2,0.0,0.0,False,0.0
2024-01-08,8,OLINGR_OLING_3,0.0,0.0,False,0.0
2024-01-08,8,RAB_UNIT1,0.0,0.0,False,0.0
2024-01-08,8,RAB_UNIT2,0.0,0.0,False,0.0
2024-01-08,8,RAB_UNIT3,0.0,0.0,False,0.0
2024-01-08,8,RAB_UNIT4,0.0,0.0,False,0.0
2024-01-08,8,RAB_UNIT5,0.0,0.0,False,0.0
2024-01-08,8,RAB_UNIT6,0.0,0.0,False,0.0
2024-01-08,8,RAB_UNIT7,0.0,0.0,False,0.0
2024-01-08,8,RAB_UNIT8,0.0,0.0,False,0.0
2024-01-08,8,REDGATE_AGR_A,0.0,0.0,False,0.0
2024-01-08,8,REDGATE_AGR_B,0.0,0.0,False,0.0
2024-01-08,8,REDGATE_AGR_C,0.0,0.0,False,0.0
2024-01-08,8,REDGATE_AGR_D,0.0,0.0,False,0.0
2024-01-08,8,JAD_UNIT1,0.0,0.0,False,0.0
2024-01-08,8,JAD_UNIT2,0.0,0.0,False,0.0
2024-01-08,8,JAD_UNIT3,0.0,0.0,False,0.0
2024-01-08,8,JAD_UNIT4,0.0,0.0,False,0.0
2024-01-08,8,JAD_UNIT5,0.0,0.0,False,0.0
2024-01-08,8,JAD_UNIT6,0.0,0.0,False,0.0
2024-01-08,8,JAD_UNIT7,0.0,0.0,False,0.0
2024-01-08,8,JAD_UNIT8,0.0,0.0,False,0.0
2024-01-08,8,RIONOG_CT1,0.0,0.0,False,0.0
2024-01-08,8,RIONOG_CT2,0.0,0.0,False,0.0
2024-01-08,8,RIONOG_CT3,0.0,0.0,False,0.0
2024-01-08,8,RIONOG_ST1,0.0,0.0,False,0.0
2024-01-08,8,RAYBURN_RAYBURG7,52.089073588259474,8.410926411740526,True,1458.4941
2024-01-08,8,RAYBURN_RAYBURG8,18.15,42.35,True,508.2
2024-01-08,8,RAYBURN_RAYBURG9,18.15,42.35,True,508.2
2024-01-08,8,RAYBURN_RAYBURG10,12.6,29.4,True,352.8
2024-01-08,8,SJS_SJS_G1,0.0,0.0,False,0.0
2024-01-08,8,SJS_SJS_G2,0.0,0.0,False,0.0
2024-01-08,8,SANDHSYD_SH1,0.0,0.0,False,0.0
2024-01-08,8,SANDHSYD_SH2,0.0,0.0,False,0.0
2024-01-08,8,SANDHSYD_SH3,0.0,0.0,False,0.0
2024-01-08,8,SANDHSYD_SH4,0.0,0.0,False,0.0
2024-01-08,8,SANDHSYD_SH_5A,0.0,0.0,False,0.0
2024-01-08,8,SANDHSYD_SH6,0.0,0.0,False,0.0
2024-01-08,8,SANDHSYD_SH7,0.0,0.0,False,0.0
2024-01-08,8,SANDHSYD_SH_5C,0.0,0.0,False,0.0
2024-01-08,8,SILASRAY_SILAS_10,0.0,0.0,False,0.0
2024-01-08,8,SILASRAY_SILAS_9,0.0,0.0,False,0.0
2024-01-08,8,SILASRAY_SILAS_6,0.0,0.0,False,0.0
2024-01-08,8,GIDEON_GIDEONG1,0.0,0.0,False,0.0
2024-01-08,8,GIDEON_GIDEONG2,0.0,0.0,False,0.0
2024-01-08,8,GIDEON_GIDEONG3,0.0,0.0,False,0.0
2024-01-08,8,SKY1_SKY1A,0.0,0.0,False,0.0
2024-01-08,8,SKY1_SKY1B,0.0,0.0,False,0.0
2024-01-08,8,SPNCER_SPNCE_4,0.0,0.0,False,0.0
2024-01-08,8,SPNCER_SPNCE_5,0.0,0.0,False,0.0
2024-01-08,8,SCSES_UNIT1A,0.0,0.0,False,0.0
2024-01-08,8,SCSES_UNIT2,0.0,0.0,False,0.0
2024-01-08,8,THW_THWGT_1,0.0,0.0,False,0.0
2024-01-08,8,THW_THWGT31,15.39,35.91,True,430.92
2024-01-08,8,THW_THWGT32,15.39,35.91,True,430.92
2024-01-08,8,THW_THWGT33,15.39,35.91,True,430.92
2024-01-08,8,THW_THWGT34,15.39,35.91,True,430.92
2024-01-08,8,THW_THWGT41,15.39,35.91,True,430.92
2024-01-08,8,THW_THWGT42,15.39,35.91,True,430.92
2024-01-08,8,THW_THWGT43,18.6,43.4,True,520.8
2024-01-08,8,THW_THWGT44,18.6,43.4,True,520.8
2024-01-08,8,THW_THWGT51,0.0,0.0,False,0.0
2024-01-08,8,THW_THWGT52,0.0,0.0,False,0.0
2024-01-08,8,THW_THWGT53,0.0,0.0,False,0.0
2024-01-08,8,THW_THWGT54,0.0,0.0,False,0.0
2024-01-08,8,THW_THWGT55,0.0,0.0,False,0.0
2024-01-08,8,THW_THWGT56,0.0,0.0,False,0.0
2024-01-08,8,THW_THWST_3,33.93,79.16999999999999,True,950.04
2024-01-08,8,THW_THWST_4,33.93,79.16999999999999,True,950.04
2024-01-08,8,TXCTY_CTA,129.1,0.0,True,3614.8
2024-01-08,8,TXCTY_CTB,129.1,0.0,True,3614.8
2024-01-08,8,TXCTY_CTC,129.1,0.0,True,3614.8
2024-01-08,8,TXCTY_ST,143.7,0.0,True,4023.6
2024-01-08,8,TGS_GT01,0.0,0.0,False,0.0
2024-01-08,8,TIMPP_AGR1,0.0,0.0,False,0.0
2024-01-08,8,TIMPP_AGR2,0.0,0.0,False,0.0
2024-01-08,8,TIMPP_AGR3,0.0,0.0,False,0.0
2024-01-08,8,TIMPP_AGR4,0.0,0.0,False,0.0
2024-01-08,8,TRSES_UNIT6,0.0,0.0,False,0.0
2024-01-08,8,TOPAZ_UNIT1,0.0,0.0,False,0.0
2024-01-08,8,TOPAZ_UNIT2,0.0,0.0,False,0.0
2024-01-08,8,TOPAZ_UNIT3,0.0,0.0,False,0.0
2024-01-08,8,TOPAZ_UNIT4,0.0,0.0,False,0.0
2024-01-08,8,TOPAZ_UNIT5,0.0,0.0,False,0.0
2024-01-08,8,TOPAZ_UNIT6,0.0,0.0,False,0.0
2024-01-08,8,TOPAZ_UNIT7,0.0,0.0,False,0.0
2024-01-08,8,TOPAZ_UNIT8,0.0,0.0,False,0.0
2024-01-08,8,TOPAZ_UNIT9,0.0,0.0,False,0.0
2024-01-08,8,TOPAZ_UNIT10,0.0,0.0,False,0.0
2024-01-08,8,BRAUNIG_VHB6CT5,0.0,0.0,False,0.0
2024-01-08,8,BRAUNIG_VHB6CT6,0.0,0.0,False,0.0
2024-01-08,8,BRAUNIG_VHB6CT7,0.0,0.0,False,0.0
2024-01-08,8,BRAUNIG_VHB6CT8,0.0,0.0,False,0.0
2024-01-08,8,CITYVICT_CTG01,0.0,0.0,False,0.0
2024-01-08,8,CITYVICT_CTG02,0.0,0.0,False,0.0
2024-01-08,8,VICTPORT_CTG01,0.0,0.0,False,0.0
2024-01-08,8,VICTPORT_CTG02,0.0,0.0,False,0.0
2024-01-08,8,VICTORIA_VICTORG6,0.0,0.0,False,0.0
2024-01-08,8,VICTORIA_VICTORG5,0.0,0.0,False,0.0
2024-01-08,8,WAP_WAPGT_1,0.0,0.0,False,0.0
2024-01-08,8,WAP_WAP_G1,0.0,0.0,False,0.0
2024-01-08,8,WAP_WAP_G2,0.0,0.0,False,0.0
2024-01-08,8,WAP_WAP_G3,0.0,0.0,False,0.0
2024-01-08,8,WAP_WAP_G4,0.0,0.0,False,0.0
2024-01-08,8,WFCOGEN_UNIT1,0.0,0.0,False,0.0
2024-01-08,8,WFCOGEN_UNIT2,0.0,0.0,False,0.0
2024-01-08,8,WFCOGEN_UNIT3,0.0,0.0,False,0.0
2024-01-08,8,WIPOPA_WPP_G1,0.0,0.0,False,0.0
2024-01-08,8,WIPOPA_WPP_G2,0.0,0.0,False,0.0
2024-01-08,8,WIPOPA_WPP_G3,0.0,0.0,False,0.0
2024-01-08,8,WIPOPA_WPP_G4,0.0,0.0,False,0.0
2024-01-08,8,WCPP_CT1,82.5,192.5,True,2310.0
2024-01-08,8,WCPP_CT2,82.5,192.5,True,2310.0
2024-01-08,8,WCPP_ST1,89.4,208.6,True,2503.2
2024-01-08,8,WHCCS_CT1,0.0,0.0,False,0.0
2024-01-08,8,WHCCS_CT2,0.0,0.0,False,0.0
2024-01-08,8,WHCCS_STG,0.0,0.0,False,0.0
2024-01-08,8,WHCCS2_CT4,0.0,0.0,False,0.0
2024-01-08,8,WHCCS2_CT5,0.0,0.0,False,0.0
2024-01-08,8,WHCCS2_STG6,0.0,0.0,False,0.0
2024-01-08,8,NACPW_UNIT1,0.0,0.0,False,0.0
2024-01-08,8,HBR_2UNITS,0.0,0.0,False,0.0
2024-01-08,8,TRIRA_1UNIT,0.0,0.0,False,0.0
2024-01-08,8,78252_4UNITS,0.0,0.0,False,0.0
2024-01-08,8,SPRIN_4UNITS,0.0,0.0,False,0.0
2024-01-08,8,FREIH_2UNITS,0.0,0.0,False,0.0
2024-01-08,8,WSTHL_3UNITS,0.0,0.0,False,0.0
2024-01-08,8,FEGC_CTG2,0.0,0.0,False,0.0
2024-01-08,8,FEGC_CTG3,0.0,0.0,False,0.0
2024-01-08,8,FEGC_CTG4,0.0,0.0,False,0.0
2024-01-08,8,OLNEYTN_AGR1,0.0,0.0,False,0.0
2024-01-08,8,AMISTAD_AMISTAG1,37.9,0.0,True,37.9
2024-01-08,8,AMISTAD_AMISTAG2,37.9,0.0,True,37.9
2024-01-08,8,AUSTPL_AUSTING1,9.0,0.0,True,9.0
2024-01-08,8,AUSTPL_AUSTING2,9.0,0.0,True,9.0
2024-01-08,8,BUCHAN_BUCHANG1,18.299999999999997,3.552713678800501e-15,True,18.3
2024-01-08,8,BUCHAN_BUCHANG2,18.299999999999997,3.552713678800501e-15,True,18.3
2024-01-08,8,BUCHAN_BUCHANG3,18.299999999999997,3.552713678800501e-15,True,18.3
2024-01-08,8,DNDAM_DENISOG1,50.8,0.0,True,50.8
2024-01-08,8,DNDAM_DENISOG2,50.8,0.0,True,50.8
2024-01-08,8,FALCON_FALCONG1,12.0,0.0,True,12.0
2024-01-08,8,FALCON_FALCONG2,12.0,0.0,True,12.0
2024-01-08,8,FALCON_FALCONG3,12.0,0.0,True,12.0
2024-01-08,8,WIRTZ_WIRTZ_G1,29.0,0.0,True,29.0
2024-01-08,8,WIRTZ_WIRTZ_G2,29.0,0.0,True,29.0
2024-01-08,8,CANYHY_CANYHYG1,6.0,0.0,True,6.0
2024-01-08,8,INKSDA_INKS_G1,15.0,0.0,True,15.0
2024-01-08,8,MARBFA_MARBFAG1,21.0,0.0,True,21.0
2024-01-08,8,MARBFA_MARBFAG2,20.0,0.0,True,20.0
2024-01-08,8,MARSFO_MARSFOG1,36.0,0.0,True,36.0
2024-01-08,8,MARSFO_MARSFOG2,36.0,0.0,True,36.0
2024-01-08,8,MARSFO_MARSFOG3,36.0,0.0,True,36.0
2024-01-08,8,WND_WHITNEY1,22.0,0.0,True,22.0
2024-01-08,8,WND_WHITNEY2,22.0,0.0,True,22.0
2024-01-08,8,AEEC_ANTLP_1,0.0,0.0,False,0.0
2024-01-08,8,AEEC_ANTLP_2,0.0,0.0,False,0.0
2024-01-08,8,AEEC_ANTLP_3,0.0,0.0,False,0.0
2024-01-08,8,AEEC_ELK_1,0.0,0.0,False,0.0
2024-01-08,8,AEEC_ELK_2,0.0,0.0,False,0.0
2024-01-08,8,AEEC_ELK_3,0.0,0.0,False,0.0
2024-01-08,8,FTR_FTR_G1,0.0,0.0,False,0.0
2024-01-08,8,FTR_FTR_G2,0.0,0.0,False,0.0
2024-01-08,8,FTR_FTR_G3,0.0,0.0,False,0.0
2024-01-08,8,FTR_FTR_G4,0.0,0.0,False,0.0
2024-01-08,8,TGCCS_CT1,0.0,0.0,False,0.0
2024-01-08,8,TGCCS_CT2,0.0,0.0,False,0.0
2024-01-08,8,TGCCS_CT3,0.0,0.0,False,0.0
2024-01-08,8,TGCCS_UNIT4,0.0,0.0,False,0.0
2024-01-08,8,KMCHI_1CT101,55.5,129.5,True,1554.0
2024-01-08,8,KMCHI_1CT201,185.0,0.0,True,5180.0
2024-01-08,8,KMCHI_1ST,330.0,0.0,True,9240.0
2024-01-08,8,KMCHI_2CT101,55.5,129.5,True,1554.0
2024-01-08,8,KMCHI_2CT201,55.5,129.5,True,1554.0
2024-01-08,8,KMCHI_2ST,99.0,231.0,True,2772.0
2024-01-08,8,A4_DGR1,0.0,0.0,False,0.0
2024-01-08,8,A4_DGR2,0.0,0.0,False,0.0
2024-01-08,8,K2_DGR1,0.0,0.0,False,0.0
2024-01-08,8,K2_DGR2,0.0,0.0,False,0.0
2024-01-08,8,P2_DGR1,0.0,0.0,False,0.0
2024-01-08,8,P2_DGR2,0.0,0.0,False,0.0
2024-01-08,8,Q1_DGR1,0.0,0.0,False,0.0
2024-01-08,8,BRAUNIG_VHB3,0.0,0.0,False,0.0
2024-01-08,8,V2_DGR1,0.0,0.0,False,0.0
2024-01-08,8,V2_DGR2,0.0,0.0,False,0.0
2024-01-08,8,V2_DGR3,0.0,0.0,False,0.0
2024-01-08,8,V4_DGR1,0.0,0.0,False,0.0
2024-01-08,8,X1_DGR1,0.0,0.0,False,0.0
2024-01-08,8,Z0_DGR1,0.0,0.0,False,0.0
2024-01-08,8,Z0_DGR2,0.0,0.0,False,0.0
2024-01-08,8,Z5_DGR1,0.0,0.0,False,0.0
2024-01-08,8,DC_E,0.0,0.0,False,0.0
2024-01-08,8,DC_N,0.0,0.0,False,0.0
2024-01-08,8,DC_L,0.0,0.0,False,0.0
2024-01-08,8,DC_R,0.0,0.0,False,0.0
2024-01-08,8,CEDARVALE_GAS,0.0,0.0,False,0.0
2024-01-08,8,ENCHANTED_ROCK_NEWPP,0.0,0.0,False,0.0
2024-01-08,9,CPSES_UNIT1,1269.0,0.0,True,10152.0
2024-01-08,9,CPSES_UNIT2,1269.0,0.0,True,10152.0
2024-01-08,9,STP_STP_G1,1365.0,0.0,True,10920.0
2024-01-08,9,STP_STP_G2,1355.3287963939797,9.671203606020299,True,10842.6304
2024-01-08,9,COLETO_COLETOG1,0.0,0.0,False,0.0
2024-01-08,9,FPPYD1_FPP_G1,0.0,0.0,False,0.0
2024-01-08,9,FPPYD1_FPP_G2,0.0,0.0,False,0.0
2024-01-08,9,FPPYD2_FPP_G3,0.0,0.0,False,0.0
2024-01-08,9,CALAVERS_JKS1,0.0,0.0,False,0.0
2024-01-08,9,CALAVERS_JKS2,0.0,0.0,False,0.0
2024-01-08,9,LEG_LEG_G1,357.2,535.8,True,8930.0
2024-01-08,9,LEG_LEG_G2,382.72,574.0799999999999,True,9568.0
2024-01-08,9,MLSES_UNIT1,893.0,0.0,True,22325.0
2024-01-08,9,MLSES_UNIT2,893.0,0.0,True,22325.0
2024-01-08,9,MLSES_UNIT3,893.0,0.0,True,22325.0
2024-01-08,9,OGSES_UNIT1A,0.0,0.0,False,0.0
2024-01-08,9,OGSES_UNIT2,0.0,0.0,False,0.0
2024-01-08,9,SANMIGL_G1,0.0,0.0,False,0.0
2024-01-08,9,SCES_UNIT1,0.0,0.0,False,0.0
2024-01-08,9,TNP_ONE_TNP_O_1,0.0,0.0,False,0.0
2024-01-08,9,TNP_ONE_TNP_O_2,0.0,0.0,False,0.0
2024-01-08,9,WAP_WAP_G5,734.1,0.0,True,18352.5
2024-01-08,9,WAP_WAP_G6,475.6165731878689,258.48342681213114,True,11890.4143
2024-01-08,9,WAP_WAP_G7,614.6,0.0,True,15365.0
2024-01-08,9,WAP_WAP_G8,654.0,0.0,True,16350.0
2024-01-08,9,BRAUNIG_AVR1_CT1,0.0,0.0,False,0.0
2024-01-08,9,BRAUNIG_AVR1_CT2,0.0,0.0,False,0.0
2024-01-08,9,BRAUNIG_AVR1_ST,0.0,0.0,False,0.0
2024-01-08,9,ATKINS_ATKINSG7,0.0,0.0,False,0.0
2024-01-08,9,B_DAVIS_B_DAVIG3,0.0,0.0,False,0.0
2024-01-08,9,B_DAVIS_B_DAVIG4,0.0,0.0,False,0.0
2024-01-08,9,B_DAVIS_B_DAVIG1,0.0,0.0,False,0.0
2024-01-08,9,B_DAVIS_B_DAVIG2,0.0,0.0,False,0.0
2024-01-08,9,BASTEN_GTG1100,0.0,0.0,False,0.0
2024-01-08,9,BASTEN_GTG2100,0.0,0.0,False,0.0
2024-01-08,9,BASTEN_ST0100,0.0,0.0,False,0.0
2024-01-08,9,BCH_UNIT1,6.05,54.45,True,254.1
2024-01-08,9,BCH_UNIT2,6.05,54.45,True,254.1
2024-01-08,9,BCH_UNIT3,6.05,54.45,True,254.1
2024-01-08,9,BCH_UNIT4,6.05,54.45,True,254.1
2024-01-08,9,BCH_UNIT5,6.05,54.45,True,254.1
2024-01-08,9,BCH_UNIT6,6.05,54.45,True,254.1
2024-01-08,9,BCH_UNIT7,6.05,54.45,True,254.1
2024-01-08,9,BCH_UNIT8,6.05,54.45,True,254.1
2024-01-08,9,BOSQUESW_BSQSU_1,0.0,0.0,False,0.0
2024-01-08,9,BOSQUESW_BSQSU_2,0.0,0.0,False,0.0
2024-01-08,9,BOSQUESW_BSQSU_3,0.0,0.0,False,0.0
2024-01-08,9,BOSQUESW_BSQSU_4,0.0,0.0,False,0.0
2024-01-08,9,BOSQUESW_BSQSU_5,0.0,0.0,False,0.0
2024-01-08,9,BVE_UNIT1,0.0,0.0,False,0.0
2024-01-08,9,BVE_UNIT2,0.0,0.0,False,0.0
2024-01-08,9,BVE_UNIT3,0.0,0.0,False,0.0
2024-01-08,9,BTM_UNIT1,0.0,0.0,False,0.0
2024-01-08,9,BTM_UNIT2,0.0,0.0,False,0.0
2024-01-08,9,BTM_UNIT3,0.0,0.0,False,0.0
2024-01-08,9,BTM_UNIT4,0.0,0.0,False,0.0
2024-01-08,9,BTM_UNIT5,0.0,0.0,False,0.0
2024-01-08,9,BTM_UNIT6,0.0,0.0,False,0.0
2024-01-08,9,BTM_UNIT7,0.0,0.0,False,0.0
2024-01-08,9,BTM_UNIT8,0.0,0.0,False,0.0
2024-01-08,9,FLCNS_UNIT1,0.0,0.0,False,0.0
2024-01-08,9,FLCNS_UNIT2,0.0,0.0,False,0.0
2024-01-08,9,CALHOUN_UNIT1,0.0,0.0,False,0.0
2024-01-08,9,CALHOUN_UNIT2,0.0,0.0,False,0.0
2024-01-08,9,CHAMON_CTG_0101,0.0,0.0,False,0.0
2024-01-08,9,CHAMON_CTG_0301,0.0,0.0,False,0.0
2024-01-08,9,CBY4_CT41,205.0,0.0,True,5740.0
2024-01-08,9,CBY4_CT42,205.0,0.0,True,5740.0
2024-01-08,9,CBY4_ST04,205.0,0.0,True,5740.0
2024-01-08,9,CBY_CBY_G1,0.0,0.0,False,0.0
2024-01-08,9,CBY_CBY_G2,0.0,0.0,False,0.0
2024-01-08,9,CBEC_GT1,0.0,0.0,False,0.0
2024-01-08,9,CBEC_GT2,0.0,0.0,False,0.0
2024-01-08,9,CBEC_GT3,0.0,0.0,False,0.0
2024-01-08,9,CBEC_GT4,0.0,0.0,False,0.0
2024-01-08,9,CBEC_STG1,0.0,0.0,False,0.0
2024-01-08,9,CBEC_STG2,0.0,0.0,False,0.0
2024-01-08,9,CBECII_CT7,0.0,0.0,False,0.0
2024-01-08,9,CBECII_CT8,0.0,0.0,False,0.0
2024-01-08,9,CBECII_STG9,0.0,0.0,False,0.0
2024-01-08,9,CBEC_GT11,0.0,0.0,False,0.0
2024-01-08,9,CBEC_GT12,0.0,0.0,False,0.0
2024-01-08,9,CVC_CVC_G1,57.63,134.47,True,1613.64
2024-01-08,9,CVC_CVC_G2,57.63,134.47,True,1613.64
2024-01-08,9,CVC_CVC_G3,57.63,134.47,True,1613.64
2024-01-08,9,CVC_CVC_G5,45.0,105.0,True,1260.0
2024-01-08,9,DANSBY_DANSBYG2,0.0,0.0,False,0.0
2024-01-08,9,DANSBY_DANSBYG3,0.0,0.0,False,0.0
2024-01-08,9,DANSBY_DANSBYG1,0.0,0.0,False,0.0
2024-01-08,9,DECKER_DPGT_1,0.0,0.0,False,0.0
2024-01-08,9,DECKER_DPGT_2,0.0,0.0,False,0.0
2024-01-08,9,DECKER_DPGT_3,0.0,0.0,False,0.0
2024-01-08,9,DECKER_DPGT_4,0.0,0.0,False,0.0
2024-01-08,9,DCSES_CT10,0.0,0.0,False,0.0
2024-01-08,9,DCSES_CT20,0.0,0.0,False,0.0
2024-01-08,9,DCSES_CT30,0.0,0.0,False,0.0
2024-01-08,9,DCSES_CT40,0.0,0.0,False,0.0
2024-01-08,9,DDPEC_GT1,60.9,142.1,True,1705.2
2024-01-08,9,DDPEC_GT2,215.0,0.0,True,6020.0
2024-01-08,9,DDPEC_GT3,60.9,142.1,True,1705.2
2024-01-08,9,DDPEC_GT4,64.5,150.5,True,1806.0
2024-01-08,9,DDPEC_GT6,141.12500000000313,57.874999999996874,True,3951.5
2024-01-08,9,DDPEC_ST1,290.0,0.0,True,8120.0
2024-01-08,9,DEC_AGR_A,0.0,0.0,False,0.0
2024-01-08,9,DEC_AGR_B,0.0,0.0,False,0.0
2024-01-08,9,DEC_AGR_C,0.0,0.0,False,0.0
2024-01-08,9,DEC_AGR_D,0.0,0.0,False,0.0
2024-01-08,9,ECEC_G1,0.0,0.0,False,0.0
2024-01-08,9,ECEC_G2,0.0,0.0,False,0.0
2024-01-08,9,ETCCS_CT1,0.0,0.0,False,0.0
2024-01-08,9,ETCCS_UNIT1,0.0,0.0,False,0.0
2024-01-08,9,AZ_AZ_G1,0.0,0.0,False,0.0
2024-01-08,9,AZ_AZ_G2,0.0,0.0,False,0.0
2024-01-08,9,AZ_AZ_G3,0.0,0.0,False,0.0
2024-01-08,9,AZ_AZ_G4,0.0,0.0,False,0.0
2024-01-08,9,FERGCC_FERGGT1,0.0,0.0,False,0.0
2024-01-08,9,FERGCC_FERGGT2,0.0,0.0,False,0.0
2024-01-08,9,FERGCC_FERGST1,0.0,0.0,False,0.0
2024-01-08,9,FRNYPP_GT11,59.01,137.69,True,1652.28
2024-01-08,9,FRNYPP_GT12,59.01,137.69,True,1652.28
2024-01-08,9,FRNYPP_GT13,59.01,137.69,True,1652.28
2024-01-08,9,FRNYPP_GT21,59.01,137.69,True,1652.28
2024-01-08,9,FRNYPP_GT22,59.01,137.69,True,1652.28
2024-01-08,9,FRNYPP_GT23,59.01,137.69,True,1652.28
2024-01-08,9,FRNYPP_ST10,126.6,295.4,True,3544.8
2024-01-08,9,FRNYPP_ST20,0.0,0.0,False,0.0
2024-01-08,9,FREC_GT1,0.0,0.0,False,0.0
2024-01-08,9,FREC_GT2,0.0,0.0,False,0.0
2024-01-08,9,FREC_GT4,0.0,0.0,False,0.0
2024-01-08,9,FREC_GT5,0.0,0.0,False,0.0
2024-01-08,9,FREC_ST3,0.0,0.0,False,0.0
2024-01-08,9,FREC_ST6,0.0,0.0,False,0.0
2024-01-08,9,FEGC_UNIT1,0.0,0.0,False,0.0
2024-01-08,9,FRONT_EC_CT1,0.0,0.0,False,0.0
2024-01-08,9,FRONT_EC_CT2,0.0,0.0,False,0.0
2024-01-08,9,FRONT_EC_ST,0.0,0.0,False,0.0
2024-01-08,9,GRSES_UNIT1,0.0,0.0,False,0.0
2024-01-08,9,GRSES_UNIT2,0.0,0.0,False,0.0
2024-01-08,9,GBY_GBYGT73,0.0,0.0,False,0.0
2024-01-08,9,GBY_GBYGT74,0.0,0.0,False,0.0
2024-01-08,9,GBY_GBYGT81,0.0,0.0,False,0.0
2024-01-08,9,GBY_GBYGT82,0.0,0.0,False,0.0
2024-01-08,9,GBY_GBYGT83,0.0,0.0,False,0.0
2024-01-08,9,GBY_GBYGT84,0.0,0.0,False,0.0
2024-01-08,9,STEAM_ENGINE_1,0.0,0.0,False,0.0
2024-01-08,9,STEAM_ENGINE_2,0.0,0.0,False,0.0
2024-01-08,9,STEAM_ENGINE_3,0.0,0.0,False,0.0
2024-01-08,9,LGE_LGE_GT1,0.0,0.0,False,0.0
2024-01-08,9,LGE_LGE_GT2,0.0,0.0,False,0.0
2024-01-08,9,LGE_LGE_STG,0.0,0.0,False,0.0
2024-01-08,9,GUADG_GAS1,0.0,0.0,False,0.0
2024-01-08,9,GUADG_GAS2,0.0,0.0,False,0.0
2024-01-08,9,GUADG_GAS3,0.0,0.0,False,0.0
2024-01-08,9,GUADG_GAS4,0.0,0.0,False,0.0
2024-01-08,9,GUADG_STM5,0.0,0.0,False,0.0
2024-01-08,9,GUADG_STM6,0.0,0.0,False,0.0
2024-01-08,9,HLSES_UNIT3,0.0,0.0,False,0.0
2024-01-08,9,HLSES_UNIT4,0.0,0.0,False,0.0
2024-01-08,9,HLSES_UNIT5,0.0,0.0,False,0.0
2024-01-08,9,HAYSEN_HAYSENG1,0.0,0.0,False,0.0
2024-01-08,9,HAYSEN_HAYSENG2,0.0,0.0,False,0.0
2024-01-08,9,HAYSEN_HAYSENG3,0.0,0.0,False,0.0
2024-01-08,9,HAYSEN_HAYSENG4,0.0,0.0,False,0.0
2024-01-08,9,DUKE_DUKE_GT1,0.0,0.0,False,0.0
2024-01-08,9,DUKE_DUKE_GT2,0.0,0.0,False,0.0
2024-01-08,9,DUKE_DUKE_ST1,0.0,0.0,False,0.0
2024-01-08,9,JACKCNTY_CT1,59.67,139.23,True,1670.76
2024-01-08,9,JACKCNTY_CT2,59.67,139.23,True,1670.76
2024-01-08,9,JCKCNTY2_CT3,59.67,139.23,True,1670.76
2024-01-08,9,JCKCNTY2_CT4,59.67,139.23,True,1670.76
2024-01-08,9,JACKCNTY_STG,96.18,224.42000000000002,True,2693.04
2024-01-08,9,JCKCNTY2_ST2,96.18,224.42000000000002,True,2693.04
2024-01-08,9,TEN_CT1,0.0,0.0,False,0.0
2024-01-08,9,TEN_STG,0.0,0.0,False,0.0
2024-01-08,9,LHSES_UNIT1,0.0,0.0,False,0.0
2024-01-08,9,LHSES_UNIT2A,0.0,0.0,False,0.0
2024-01-08,9,LPCCS_CT11,55.8,130.2,True,1562.4
2024-01-08,9,LPCCS_CT12,55.8,130.2,True,1562.4
2024-01-08,9,LPCCS_CT21,55.8,130.2,True,1562.4
2024-01-08,9,LPCCS_CT22,55.8,130.2,True,1562.4
2024-01-08,9,LPCCS_UNIT1,64.8,151.2,True,1814.4
2024-01-08,9,LPCCS_UNIT2,64.8,151.2,True,1814.4
2024-01-08,9,LARDVFTN_G4,0.0,0.0,False,0.0
2024-01-08,9,LARDVFTN_G5,0.0,0.0,False,0.0
2024-01-08,9,LEON_CRK_LCPCT1,0.0,0.0,False,0.0
2024-01-08,9,LEON_CRK_LCPCT2,0.0,0.0,False,0.0
2024-01-08,9,LEON_CRK_LCPCT3,0.0,0.0,False,0.0
2024-01-08,9,LEON_CRK_LCPCT4,0.0,0.0,False,0.0
2024-01-08,9,LIG_UNIT1,0.0,0.0,False,0.0
2024-01-08,9,LIG_UNIT2,0.0,0.0,False,0.0
2024-01-08,9,LOSTPI_LOSTPGT1,0.0,0.0,False,0.0
2024-01-08,9,LOSTPI_LOSTPGT2,0.0,0.0,False,0.0
2024-01-08,9,LOSTPI_LOSTPST1,0.0,0.0,False,0.0
2024-01-08,9,NEDIN_NEDIN_G1,0.0,0.0,False,0.0
2024-01-08,9,NEDIN_NEDIN_G2,0.0,0.0,False,0.0
2024-01-08,9,NEDIN_NEDIN_G3,0.0,0.0,False,0.0
2024-01-08,9,MDANP_CT1,0.0,0.0,False,0.0
2024-01-08,9,MDANP_CT2,0.0,0.0,False,0.0
2024-01-08,9,MDANP_CT3,0.0,0.0,False,0.0
2024-01-08,9,MDANP_CT4,0.0,0.0,False,0.0
2024-01-08,9,MDANP_CT5,0.0,0.0,False,0.0
2024-01-08,9,MDANP_CT6,0.0,0.0,False,0.0
2024-01-08,9,MGSES_CT1,0.0,0.0,False,0.0
2024-01-08,9,MGSES_CT2,0.0,0.0,False,0.0
2024-01-08,9,MGSES_CT3,0.0,0.0,False,0.0
2024-01-08,9,MGSES_CT4,0.0,0.0,False,0.0
2024-01-08,9,MGSES_CT5,0.0,0.0,False,0.0
2024-01-08,9,MGSES_CT6,0.0,0.0,False,0.0
2024-01-08,9,MCSES_UNIT6,0.0,0.0,False,0.0
2024-01-08,9,MCSES_UNIT7,0.0,0.0,False,0.0
2024-01-08,9,MCSES_UNIT8,0.0,0.0,False,0.0
2024-01-08,9,NUECES_B_NUECESG8,0.0,0.0,False,0.0
2024-01-08,9,NUECES_B_NUECESG9,0.0,0.0,False,0.0
2024-01-08,9,NUECES_B_NUECESG7,0.0,0.0,False,0.0
2024-01-08,9,CALAVERS_OWS1,0.0,0.0,False,0.0
2024-01-08,9,CALAVERS_OWS2,0.0,0.0,False,0.0
2024-01-08,9,OECCS_CT11,0.0,0.0,False,0.0
2024-01-08,9,OECCS_CT12,0.0,0.0,False,0.0
2024-01-08,9,OECCS_CT21,0.0,0.0,False,0.0
2024-01-08,9,OECCS_CT22,0.0,0.0,False,0.0
2024-01-08,9,OECCS_UNIT1,0.0,0.0,False,0.0
2024-01-08,9,OECCS_UNIT2,0.0,0.0,False,0.0
2024-01-08,9,VICTPRT2_UNIT1,0.0,0.0,False,0.0
2024-01-08,9,VICTPRT2_UNIT2,0.0,0.0,False,0.0
2024-01-08,9,PANDA_S_SHER1CT1,232.0,0.0,True,6496.0
2024-01-08,9,PANDA_S_SHER1CT2,232.0,0.0,True,6496.0
2024-01-08,9,PANDA_S_SHER1ST1,105.93,247.17000000000002,True,2966.04
2024-01-08,9,PANDA_T1_TMPL1CT1,0.0,0.0,False,0.0
2024-01-08,9,PANDA_T1_TMPL1CT2,0.0,0.0,False,0.0
2024-01-08,9,PANDA_T1_TMPL1ST1,0.0,0.0,False,0.0
2024-01-08,9,PANDA_T2_TMPL2CT1,0.0,0.0,False,0.0
2024-01-08,9,PANDA_T2_TMPL2CT2,0.0,0.0,False,0.0
2024-01-08,9,PANDA_T2_TMPL2ST1,0.0,0.0,False,0.0
2024-01-08,9,TNSKA_GT1,27.27,63.63000000000001,True,763.56
2024-01-08,9,TNSKA_GT2,27.27,63.63000000000001,True,763.56
2024-01-08,9,TNSKA_STG,27.0,63.0,True,756.0
2024-01-08,9,PSG_PSG_GT2,215.1,0.0,True,6022.8
2024-01-08,9,PSG_PSG_GT3,215.1,0.0,True,6022.8
2024-01-08,9,PSG_PSG_ST2,195.5,0.0,True,5474.0
2024-01-08,9,PEARSAL2_AGR_A,0.0,0.0,False,0.0
2024-01-08,9,PEARSAL2_AGR_B,0.0,0.0,False,0.0
2024-01-08,9,PEARSAL2_AGR_C,0.0,0.0,False,0.0
2024-01-08,9,PEARSAL2_AGR_D,0.0,0.0,False,0.0
2024-01-08,9,PB2SES_CT1,0.0,0.0,False,0.0
2024-01-08,9,PB2SES_CT2,0.0,0.0,False,0.0
2024-01-08,9,PB2SES_CT3,0.0,0.0,False,0.0
2024-01-08,9,PB2SES_CT4,0.0,0.0,False,0.0
2024-01-08,9,PB2SES_CT5,0.0,0.0,False,0.0
2024-01-08,9,PRO_UNIT1,0.0,0.0,False,0.0
2024-01-08,9,PRO_UNIT2,0.0,0.0,False,0.0
2024-01-08,9,PRO_UNIT3,0.0,0.0,False,0.0
2024-01-08,9,PRO_UNIT4,0.0,0.0,False,0.0
2024-01-08,9,PRO_UNIT5,0.0,0.0,False,0.0
2024-01-08,9,PRO_UNIT6,0.0,0.0,False,0.0
2024-01-08,9,PRO_UNIT7,0.0,0.0,False,0.0
2024-01-08,9,PRO_UNIT8,0.0,0.0,False,0.0
2024-01-08,9,BAC_CTG1,0.0,0.0,False,0.0
2024-01-08,9,BAC_CTG2,0.0,0.0,False,0.0
2024-01-08,9,BAC_CTG3,0.0,0.0,False,0.0
2024-01-08,9,BAC_CTG4,0.0,0.0,False,0.0
2024-01-08,9,BAC_CTG5,0.0,0.0,False,0.0
2024-01-08,9,BAC_CTG6,0.0,0.0,False,0.0
2024-01-08,9,STEAM1A_STEAM_1,0.0,0.0,False,0.0
2024-01-08,9,STEAM_STEAM_2,0.0,0.0,False,0.0
2024-01-08,9,STEAM_STEAM_3,0.0,0.0,False,0.0
2024-01-08,9,QALSW_GT1,0.0,0.0,False,0.0
2024-01-08,9,QALSW_GT2,0.0,0.0,False,0.0
2024-01-08,9,QALSW_GT3,0.0,0.0,False,0.0
2024-01-08,9,QALSW_GT4,0.0,0.0,False,0.0
2024-01-08,9,QALSW_STG1,0.0,0.0,False,0.0
2024-01-08,9,QALSW_STG2,0.0,0.0,False,0.0
2024-01-08,9,MIL_MILLERG4,0.0,0.0,False,0.0
2024-01-08,9,MIL_MILLERG5,0.0,0.0,False,0.0
2024-01-08,9,MIL_MILLERG1,0.0,0.0,False,0.0
2024-01-08,9,MIL_MILLERG2,0.0,0.0,False,0.0
2024-01-08,9,MIL_MILLERG3,0.0,0.0,False,0.0
2024-01-08,9,OLINGR_OLING_4,0.0,0.0,False,0.0
2024-01-08,9,OLINGR_OLING_2,0.0,0.0,False,0.0
2024-01-08,9,OLINGR_OLING_3,0.0,0.0,False,0.0
2024-01-08,9,RAB_UNIT1,0.0,0.0,False,0.0
2024-01-08,9,RAB_UNIT2,0.0,0.0,False,0.0
2024-01-08,9,RAB_UNIT3,0.0,0.0,False,0.0
2024-01-08,9,RAB_UNIT4,0.0,0.0,False,0.0
2024-01-08,9,RAB_UNIT5,0.0,0.0,False,0.0
2024-01-08,9,RAB_UNIT6,0.0,0.0,False,0.0
2024-01-08,9,RAB_UNIT7,0.0,0.0,False,0.0
2024-01-08,9,RAB_UNIT8,0.0,0.0,False,0.0
2024-01-08,9,REDGATE_AGR_A,0.0,0.0,False,0.0
2024-01-08,9,REDGATE_AGR_B,0.0,0.0,False,0.0
2024-01-08,9,REDGATE_AGR_C,0.0,0.0,False,0.0
2024-01-08,9,REDGATE_AGR_D,0.0,0.0,False,0.0
2024-01-08,9,JAD_UNIT1,0.0,0.0,False,0.0
2024-01-08,9,JAD_UNIT2,0.0,0.0,False,0.0
2024-01-08,9,JAD_UNIT3,0.0,0.0,False,0.0
2024-01-08,9,JAD_UNIT4,0.0,0.0,False,0.0
2024-01-08,9,JAD_UNIT5,0.0,0.0,False,0.0
2024-01-08,9,JAD_UNIT6,0.0,0.0,False,0.0
2024-01-08,9,JAD_UNIT7,0.0,0.0,False,0.0
2024-01-08,9,JAD_UNIT8,0.0,0.0,False,0.0
2024-01-08,9,RIONOG_CT1,0.0,0.0,False,0.0
2024-01-08,9,RIONOG_CT2,0.0,0.0,False,0.0
2024-01-08,9,RIONOG_CT3,0.0,0.0,False,0.0
2024-01-08,9,RIONOG_ST1,0.0,0.0,False,0.0
2024-01-08,9,RAYBURN_RAYBURG7,52.690833297020696,7.809166702979304,True,1475.3433
2024-01-08,9,RAYBURN_RAYBURG8,60.5,0.0,True,1694.0
2024-01-08,9,RAYBURN_RAYBURG9,18.15,42.35,True,508.2
2024-01-08,9,RAYBURN_RAYBURG10,12.6,29.4,True,352.8
2024-01-08,9,SJS_SJS_G1,0.0,0.0,False,0.0
2024-01-08,9,SJS_SJS_G2,0.0,0.0,False,0.0
2024-01-08,9,SANDHSYD_SH1,0.0,0.0,False,0.0
2024-01-08,9,SANDHSYD_SH2,0.0,0.0,False,0.0
2024-01-08,9,SANDHSYD_SH3,0.0,0.0,False,0.0
2024-01-08,9,SANDHSYD_SH4,0.0,0.0,False,0.0
2024-01-08,9,SANDHSYD_SH_5A,0.0,0.0,False,0.0
2024-01-08,9,SANDHSYD_SH6,0.0,0.0,False,0.0
2024-01-08,9,SANDHSYD_SH7,0.0,0.0,False,0.0
2024-01-08,9,SANDHSYD_SH_5C,0.0,0.0,False,0.0
2024-01-08,9,SILASRAY_SILAS_10,0.0,0.0,False,0.0
2024-01-08,9,SILASRAY_SILAS_9,0.0,0.0,False,0.0
2024-01-08,9,SILASRAY_SILAS_6,0.0,0.0,False,0.0
2024-01-08,9,GIDEON_GIDEONG1,0.0,0.0,False,0.0
2024-01-08,9,GIDEON_GIDEONG2,0.0,0.0,False,0.0
2024-01-08,9,GIDEON_GIDEONG3,0.0,0.0,False,0.0
2024-01-08,9,SKY1_SKY1A,0.0,0.0,False,0.0
2024-01-08,9,SKY1_SKY1B,0.0,0.0,False,0.0
2024-01-08,9,SPNCER_SPNCE_4,0.0,0.0,False,0.0
2024-01-08,9,SPNCER_SPNCE_5,0.0,0.0,False,0.0
2024-01-08,9,SCSES_UNIT1A,0.0,0.0,False,0.0
2024-01-08,9,SCSES_UNIT2,0.0,0.0,False,0.0
2024-01-08,9,THW_THWGT_1,0.0,0.0,False,0.0
2024-01-08,9,THW_THWGT31,15.39,35.91,True,430.92
2024-01-08,9,THW_THWGT32,15.39,35.91,True,430.92
2024-01-08,9,THW_THWGT33,15.39,35.91,True,430.92
2024-01-08,9,THW_THWGT34,15.39,35.91,True,430.92
2024-01-08,9,THW_THWGT41,15.39,35.91,True,430.92
2024-01-08,9,THW_THWGT42,15.39,35.91,True,430.92
2024-01-08,9,THW_THWGT43,18.6,43.4,True,520.8
2024-01-08,9,THW_THWGT44,18.6,43.4,True,520.8
2024-01-08,9,THW_THWGT51,0.0,0.0,False,0.0
2024-01-08,9,THW_THWGT52,0.0,0.0,False,0.0
2024-01-08,9,THW_THWGT53,0.0,0.0,False,0.0
2024-01-08,9,THW_THWGT54,0.0,0.0,False,0.0
2024-01-08,9,THW_THWGT55,0.0,0.0,False,0.0
2024-01-08,9,THW_THWGT56,0.0,0.0,False,0.0
2024-01-08,9,THW_THWST_3,33.93,79.16999999999999,True,950.04
2024-01-08,9,THW_THWST_4,33.93,79.16999999999999,True,950.04
2024-01-08,9,TXCTY_CTA,129.1,0.0,True,3614.8
2024-01-08,9,TXCTY_CTB,129.1,0.0,True,3614.8
2024-01-08,9,TXCTY_CTC,129.1,0.0,True,3614.8
2024-01-08,9,TXCTY_ST,143.7,0.0,True,4023.6
2024-01-08,9,TGS_GT01,0.0,0.0,False,0.0
2024-01-08,9,TIMPP_AGR1,0.0,0.0,False,0.0
2024-01-08,9,TIMPP_AGR2,0.0,0.0,False,0.0
2024-01-08,9,TIMPP_AGR3,0.0,0.0,False,0.0
2024-01-08,9,TIMPP_AGR4,0.0,0.0,False,0.0
2024-01-08,9,TRSES_UNIT6,0.0,0.0,False,0.0
2024-01-08,9,TOPAZ_UNIT1,0.0,0.0,False,0.0
2024-01-08,9,TOPAZ_UNIT2,0.0,0.0,False,0.0
2024-01-08,9,TOPAZ_UNIT3,0.0,0.0,False,0.0
2024-01-08,9,TOPAZ_UNIT4,0.0,0.0,False,0.0
2024-01-08,9,TOPAZ_UNIT5,0.0,0.0,False,0.0
2024-01-08,9,TOPAZ_UNIT6,0.0,0.0,False,0.0
2024-01-08,9,TOPAZ_UNIT7,0.0,0.0,False,0.0
2024-01-08,9,TOPAZ_UNIT8,0.0,0.0,False,0.0
2024-01-08,9,TOPAZ_UNIT9,0.0,0.0,False,0.0
2024-01-08,9,TOPAZ_UNIT10,0.0,0.0,False,0.0
2024-01-08,9,BRAUNIG_VHB6CT5,0.0,0.0,False,0.0
2024-01-08,9,BRAUNIG_VHB6CT6,0.0,0.0,False,0.0
2024-01-08,9,BRAUNIG_VHB6CT7,0.0,0.0,False,0.0
2024-01-08,9,BRAUNIG_VHB6CT8,0.0,0.0,False,0.0
2024-01-08,9,CITYVICT_CTG01,0.0,0.0,False,0.0
2024-01-08,9,CITYVICT_CTG02,0.0,0.0,False,0.0
2024-01-08,9,VICTPORT_CTG01,0.0,0.0,False,0.0
2024-01-08,9,VICTPORT_CTG02,0.0,0.0,False,0.0
2024-01-08,9,VICTORIA_VICTORG6,0.0,0.0,False,0.0
2024-01-08,9,VICTORIA_VICTORG5,0.0,0.0,False,0.0
2024-01-08,9,WAP_WAPGT_1,0.0,0.0,False,0.0
2024-01-08,9,WAP_WAP_G1,0.0,0.0,False,0.0
2024-01-08,9,WAP_WAP_G2,0.0,0.0,False,0.0
2024-01-08,9,WAP_WAP_G3,0.0,0.0,False,0.0
2024-01-08,9,WAP_WAP_G4,0.0,0.0,False,0.0
2024-01-08,9,WFCOGEN_UNIT1,0.0,0.0,False,0.0
2024-01-08,9,WFCOGEN_UNIT2,0.0,0.0,False,0.0
2024-01-08,9,WFCOGEN_UNIT3,0.0,0.0,False,0.0
2024-01-08,9,WIPOPA_WPP_G1,0.0,0.0,False,0.0
2024-01-08,9,WIPOPA_WPP_G2,0.0,0.0,False,0.0
2024-01-08,9,WIPOPA_WPP_G3,0.0,0.0,False,0.0
2024-01-08,9,WIPOPA_WPP_G4,0.0,0.0,False,0.0
2024-01-08,9,WCPP_CT1,82.5,192.5,True,2310.0
2024-01-08,9,WCPP_CT2,82.5,192.5,True,2310.0
2024-01-08,9,WCPP_ST1,89.4,208.6,True,2503.2
2024-01-08,9,WHCCS_CT1,0.0,0.0,False,0.0
2024-01-08,9,WHCCS_CT2,0.0,0.0,False,0.0
2024-01-08,9,WHCCS_STG,0.0,0.0,False,0.0
2024-01-08,9,WHCCS2_CT4,0.0,0.0,False,0.0
2024-01-08,9,WHCCS2_CT5,0.0,0.0,False,0.0
2024-01-08,9,WHCCS2_STG6,0.0,0.0,False,0.0
2024-01-08,9,NACPW_UNIT1,0.0,0.0,False,0.0
2024-01-08,9,HBR_2UNITS,0.0,0.0,False,0.0
2024-01-08,9,TRIRA_1UNIT,0.0,0.0,False,0.0
2024-01-08,9,78252_4UNITS,0.0,0.0,False,0.0
2024-01-08,9,SPRIN_4UNITS,0.0,0.0,False,0.0
2024-01-08,9,FREIH_2UNITS,0.0,0.0,False,0.0
2024-01-08,9,WSTHL_3UNITS,0.0,0.0,False,0.0
2024-01-08,9,FEGC_CTG2,0.0,0.0,False,0.0
2024-01-08,9,FEGC_CTG3,0.0,0.0,False,0.0
2024-01-08,9,FEGC_CTG4,0.0,0.0,False,0.0
2024-01-08,9,OLNEYTN_AGR1,0.0,0.0,False,0.0
2024-01-08,9,AMISTAD_AMISTAG1,37.9,0.0,True,37.9
2024-01-08,9,AMISTAD_AMISTAG2,37.9,0.0,True,37.9
2024-01-08,9,AUSTPL_AUSTING1,9.0,0.0,True,9.0
2024-01-08,9,AUSTPL_AUSTING2,9.0,0.0,True,9.0
2024-01-08,9,BUCHAN_BUCHANG1,18.299999999999997,3.552713678800501e-15,True,18.3
2024-01-08,9,BUCHAN_BUCHANG2,18.299999999999997,3.552713678800501e-15,True,18.3
2024-01-08,9,BUCHAN_BUCHANG3,18.299999999999997,3.552713678800501e-15,True,18.3
2024-01-08,9,DNDAM_DENISOG1,50.8,0.0,True,50.8
2024-01-08,9,DNDAM_DENISOG2,50.8,0.0,True,50.8
2024-01-08,9,FALCON_FALCONG1,12.0,0.0,True,12.0
2024-01-08,9,FALCON_FALCONG2,12.0,0.0,True,12.0
2024-01-08,9,FALCON_FALCONG3,12.0,0.0,True,12.0
2024-01-08,9,WIRTZ_WIRTZ_G1,29.0,0.0,True,29.0
2024-01-08,9,WIRTZ_WIRTZ_G2,29.0,0.0,True,29.0
2024-01-08,9,CANYHY_CANYHYG1,6.0,0.0,True,6.0
2024-01-08,9,INKSDA_INKS_G1,15.0,0.0,True,15.0
2024-01-08,9,MARBFA_MARBFAG1,21.0,0.0,True,21.0
2024-01-08,9,MARBFA_MARBFAG2,20.0,0.0,True,20.0
2024-01-08,9,MARSFO_MARSFOG1,36.0,0.0,True,36.0
2024-01-08,9,MARSFO_MARSFOG2,36.0,0.0,True,36.0
2024-01-08,9,MARSFO_MARSFOG3,36.0,0.0,True,36.0
2024-01-08,9,WND_WHITNEY1,22.0,0.0,True,22.0
2024-01-08,9,WND_WHITNEY2,22.0,0.0,True,22.0
2024-01-08,9,AEEC_ANTLP_1,0.0,0.0,False,0.0
2024-01-08,9,AEEC_ANTLP_2,0.0,0.0,False,0.0
2024-01-08,9,AEEC_ANTLP_3,0.0,0.0,False,0.0
2024-01-08,9,AEEC_ELK_1,0.0,0.0,False,0.0
2024-01-08,9,AEEC_ELK_2,0.0,0.0,False,0.0
2024-01-08,9,AEEC_ELK_3,0.0,0.0,False,0.0
2024-01-08,9,FTR_FTR_G1,0.0,0.0,False,0.0
2024-01-08,9,FTR_FTR_G2,0.0,0.0,False,0.0
2024-01-08,9,FTR_FTR_G3,0.0,0.0,False,0.0
2024-01-08,9,FTR_FTR_G4,0.0,0.0,False,0.0
2024-01-08,9,TGCCS_CT1,0.0,0.0,False,0.0
2024-01-08,9,TGCCS_CT2,0.0,0.0,False,0.0
2024-01-08,9,TGCCS_CT3,0.0,0.0,False,0.0
2024-01-08,9,TGCCS_UNIT4,0.0,0.0,False,0.0
2024-01-08,9,KMCHI_1CT101,55.5,129.5,True,1554.0
2024-01-08,9,KMCHI_1CT201,55.5,129.5,True,1554.0
2024-01-08,9,KMCHI_1ST,99.0,231.0,True,2772.0
2024-01-08,9,KMCHI_2CT101,55.5,129.5,True,1554.0
2024-01-08,9,KMCHI_2CT201,55.5,129.5,True,1554.0
2024-01-08,9,KMCHI_2ST,99.0,231.0,True,2772.0
2024-01-08,9,A4_DGR1,0.0,0.0,False,0.0
2024-01-08,9,A4_DGR2,0.0,0.0,False,0.0
2024-01-08,9,K2_DGR1,0.0,0.0,False,0.0
2024-01-08,9,K2_DGR2,0.0,0.0,False,0.0
2024-01-08,9,P2_DGR1,0.0,0.0,False,0.0
2024-01-08,9,P2_DGR2,0.0,0.0,False,0.0
2024-01-08,9,Q1_DGR1,0.0,0.0,False,0.0
2024-01-08,9,BRAUNIG_VHB3,0.0,0.0,False,0.0
2024-01-08,9,V2_DGR1,0.0,0.0,False,0.0
2024-01-08,9,V2_DGR2,0.0,0.0,False,0.0
2024-01-08,9,V2_DGR3,0.0,0.0,False,0.0
2024-01-08,9,V4_DGR1,0.0,0.0,False,0.0
2024-01-08,9,X1_DGR1,0.0,0.0,False,0.0
2024-01-08,9,Z0_DGR1,0.0,0.0,False,0.0
2024-01-08,9,Z0_DGR2,0.0,0.0,False,0.0
2024-01-08,9,Z5_DGR1,0.0,0.0,False,0.0
2024-01-08,9,DC_E,0.0,0.0,False,0.0
2024-01-08,9,DC_N,0.0,0.0,False,0.0
2024-01-08,9,DC_L,0.0,0.0,False,0.0
2024-01-08,9,DC_R,0.0,0.0,False,0.0
2024-01-08,9,CEDARVALE_GAS,0.0,0.0,False,0.0
2024-01-08,9,ENCHANTED_ROCK_NEWPP,0.0,0.0,False,0.0
2024-01-08,10,CPSES_UNIT1,1269.0,0.0,True,10152.0
2024-01-08,10,CPSES_UNIT2,1269.0,0.0,True,10152.0
2024-01-08,10,STP_STP_G1,1228.5,136.5,True,9828.0
2024-01-08,10,STP_STP_G2,1228.5,136.5,True,9828.0
2024-01-08,10,COLETO_COLETOG1,0.0,0.0,False,0.0
2024-01-08,10,FPPYD1_FPP_G1,0.0,0.0,False,0.0
2024-01-08,10,FPPYD1_FPP_G2,0.0,0.0,False,0.0
2024-01-08,10,FPPYD2_FPP_G3,0.0,0.0,False,0.0
2024-01-08,10,CALAVERS_JKS1,0.0,0.0,False,0.0
2024-01-08,10,CALAVERS_JKS2,0.0,0.0,False,0.0
2024-01-08,10,LEG_LEG_G1,357.2,535.8,True,8930.0
2024-01-08,10,LEG_LEG_G2,382.72,574.0799999999999,True,9568.0
2024-01-08,10,MLSES_UNIT1,893.0,0.0,True,22325.0
2024-01-08,10,MLSES_UNIT2,893.0,0.0,True,22325.0
2024-01-08,10,MLSES_UNIT3,893.0,0.0,True,22325.0
2024-01-08,10,OGSES_UNIT1A,0.0,0.0,False,0.0
2024-01-08,10,OGSES_UNIT2,0.0,0.0,False,0.0
2024-01-08,10,SANMIGL_G1,0.0,0.0,False,0.0
2024-01-08,10,SCES_UNIT1,0.0,0.0,False,0.0
2024-01-08,10,TNP_ONE_TNP_O_1,0.0,0.0,False,0.0
2024-01-08,10,TNP_ONE_TNP_O_2,0.0,0.0,False,0.0
2024-01-08,10,WAP_WAP_G5,734.1,0.0,True,18352.5
2024-01-08,10,WAP_WAP_G6,393.4266561930832,340.6733438069168,True,9835.6664
2024-01-08,10,WAP_WAP_G7,245.84,368.76,True,6146.0
2024-01-08,10,WAP_WAP_G8,261.6,392.4,True,6540.0
2024-01-08,10,BRAUNIG_AVR1_CT1,0.0,0.0,False,0.0
2024-01-08,10,BRAUNIG_AVR1_CT2,0.0,0.0,False,0.0
2024-01-08,10,BRAUNIG_AVR1_ST,0.0,0.0,False,0.0
2024-01-08,10,ATKINS_ATKINSG7,0.0,0.0,False,0.0
2024-01-08,10,B_DAVIS_B_DAVIG3,0.0,0.0,False,0.0
2024-01-08,10,B_DAVIS_B_DAVIG4,0.0,0.0,False,0.0
2024-01-08,10,B_DAVIS_B_DAVIG1,0.0,0.0,False,0.0
2024-01-08,10,B_DAVIS_B_DAVIG2,0.0,0.0,False,0.0
2024-01-08,10,BASTEN_GTG1100,0.0,0.0,False,0.0
2024-01-08,10,BASTEN_GTG2100,0.0,0.0,False,0.0
2024-01-08,10,BASTEN_ST0100,0.0,0.0,False,0.0
2024-01-08,10,BCH_UNIT1,6.05,54.45,True,254.1
2024-01-08,10,BCH_UNIT2,6.05,54.45,True,254.1
2024-01-08,10,BCH_UNIT3,6.05,54.45,True,254.1
2024-01-08,10,BCH_UNIT4,6.05,54.45,True,254.1
2024-01-08,10,BCH_UNIT5,6.05,54.45,True,254.1
2024-01-08,10,BCH_UNIT6,6.05,54.45,True,254.1
2024-01-08,10,BCH_UNIT7,6.05,54.45,True,254.1
2024-01-08,10,BCH_UNIT8,6.05,54.45,True,254.1
2024-01-08,10,BOSQUESW_BSQSU_1,0.0,0.0,False,0.0
2024-01-08,10,BOSQUESW_BSQSU_2,0.0,0.0,False,0.0
2024-01-08,10,BOSQUESW_BSQSU_3,0.0,0.0,False,0.0
2024-01-08,10,BOSQUESW_BSQSU_4,0.0,0.0,False,0.0
2024-01-08,10,BOSQUESW_BSQSU_5,0.0,0.0,False,0.0
2024-01-08,10,BVE_UNIT1,0.0,0.0,False,0.0
2024-01-08,10,BVE_UNIT2,0.0,0.0,False,0.0
2024-01-08,10,BVE_UNIT3,0.0,0.0,False,0.0
2024-01-08,10,BTM_UNIT1,0.0,0.0,False,0.0
2024-01-08,10,BTM_UNIT2,0.0,0.0,False,0.0
2024-01-08,10,BTM_UNIT3,0.0,0.0,False,0.0
2024-01-08,10,BTM_UNIT4,0.0,0.0,False,0.0
2024-01-08,10,BTM_UNIT5,0.0,0.0,False,0.0
2024-01-08,10,BTM_UNIT6,0.0,0.0,False,0.0
2024-01-08,10,BTM_UNIT7,0.0,0.0,False,0.0
2024-01-08,10,BTM_UNIT8,0.0,0.0,False,0.0
2024-01-08,10,FLCNS_UNIT1,0.0,0.0,False,0.0
2024-01-08,10,FLCNS_UNIT2,0.0,0.0,False,0.0
2024-01-08,10,CALHOUN_UNIT1,0.0,0.0,False,0.0
2024-01-08,10,CALHOUN_UNIT2,0.0,0.0,False,0.0
2024-01-08,10,CHAMON_CTG_0101,0.0,0.0,False,0.0
2024-01-08,10,CHAMON_CTG_0301,0.0,0.0,False,0.0
2024-01-08,10,CBY4_CT41,165.87070052199817,39.129299478001826,True,4644.3796
2024-01-08,10,CBY4_CT42,205.0,0.0,True,5740.0
2024-01-08,10,CBY4_ST04,205.0,0.0,True,5740.0
2024-01-08,10,CBY_CBY_G1,0.0,0.0,False,0.0
2024-01-08,10,CBY_CBY_G2,0.0,0.0,False,0.0
2024-01-08,10,CBEC_GT1,0.0,0.0,False,0.0
2024-01-08,10,CBEC_GT2,0.0,0.0,False,0.0
2024-01-08,10,CBEC_GT3,0.0,0.0,False,0.0
2024-01-08,10,CBEC_GT4,0.0,0.0,False,0.0
2024-01-08,10,CBEC_STG1,0.0,0.0,False,0.0
2024-01-08,10,CBEC_STG2,0.0,0.0,False,0.0
2024-01-08,10,CBECII_CT7,0.0,0.0,False,0.0
2024-01-08,10,CBECII_CT8,0.0,0.0,False,0.0
2024-01-08,10,CBECII_STG9,0.0,0.0,False,0.0
2024-01-08,10,CBEC_GT11,0.0,0.0,False,0.0
2024-01-08,10,CBEC_GT12,0.0,0.0,False,0.0
2024-01-08,10,CVC_CVC_G1,57.63,134.47,True,1613.64
2024-01-08,10,CVC_CVC_G2,57.63,134.47,True,1613.64
2024-01-08,10,CVC_CVC_G3,57.63,134.47,True,1613.64
2024-01-08,10,CVC_CVC_G5,45.0,105.0,True,1260.0
2024-01-08,10,DANSBY_DANSBYG2,0.0,0.0,False,0.0
2024-01-08,10,DANSBY_DANSBYG3,0.0,0.0,False,0.0
2024-01-08,10,DANSBY_DANSBYG1,0.0,0.0,False,0.0
2024-01-08,10,DECKER_DPGT_1,0.0,0.0,False,0.0
2024-01-08,10,DECKER_DPGT_2,0.0,0.0,False,0.0
2024-01-08,10,DECKER_DPGT_3,0.0,0.0,False,0.0
2024-01-08,10,DECKER_DPGT_4,0.0,0.0,False,0.0
2024-01-08,10,DCSES_CT10,0.0,0.0,False,0.0
2024-01-08,10,DCSES_CT20,0.0,0.0,False,0.0
2024-01-08,10,DCSES_CT30,0.0,0.0,False,0.0
2024-01-08,10,DCSES_CT40,0.0,0.0,False,0.0
2024-01-08,10,DDPEC_GT1,60.9,142.1,True,1705.2
2024-01-08,10,DDPEC_GT2,211.48580000000322,3.5141999999967766,True,5921.6024
2024-01-08,10,DDPEC_GT3,60.9,142.1,True,1705.2
2024-01-08,10,DDPEC_GT4,215.0,0.0,True,6020.0
2024-01-08,10,DDPEC_GT6,199.0,0.0,True,5572.0
2024-01-08,10,DDPEC_ST1,87.0,203.0,True,2436.0
2024-01-08,10,DEC_AGR_A,0.0,0.0,False,0.0
2024-01-08,10,DEC_AGR_B,0.0,0.0,False,0.0
2024-01-08,10,DEC_AGR_C,0.0,0.0,False,0.0
2024-01-08,10,DEC_AGR_D,0.0,0.0,False,0.0
2024-01-08,10,ECEC_G1,0.0,0.0,False,0.0
2024-01-08,10,ECEC_G2,0.0,0.0,False,0.0
2024-01-08,10,ETCCS_CT1,0.0,0.0,False,0.0
2024-01-08,10,ETCCS_UNIT1,0.0,0.0,False,0.0
2024-01-08,10,AZ_AZ_G1,0.0,0.0,False,0.0
2024-01-08,10,AZ_AZ_G2,0.0,0.0,False,0.0
2024-01-08,10,AZ_AZ_G3,0.0,0.0,False,0.0
2024-01-08,10,AZ_AZ_G4,0.0,0.0,False,0.0
2024-01-08,10,FERGCC_FERGGT1,0.0,0.0,False,0.0
2024-01-08,10,FERGCC_FERGGT2,0.0,0.0,False,0.0
2024-01-08,10,FERGCC_FERGST1,0.0,0.0,False,0.0
2024-01-08,10,FRNYPP_GT11,0.0,0.0,False,0.0
2024-01-08,10,FRNYPP_GT12,0.0,0.0,False,0.0
2024-01-08,10,FRNYPP_GT13,0.0,0.0,False,0.0
2024-01-08,10,FRNYPP_GT21,0.0,0.0,False,0.0
2024-01-08,10,FRNYPP_GT22,59.01,137.69,True,1652.28
2024-01-08,10,FRNYPP_GT23,0.0,0.0,False,0.0
2024-01-08,10,FRNYPP_ST10,126.6,295.4,True,3544.8
2024-01-08,10,FRNYPP_ST20,0.0,0.0,False,0.0
2024-01-08,10,FREC_GT1,0.0,0.0,False,0.0
2024-01-08,10,FREC_GT2,0.0,0.0,False,0.0
2024-01-08,10,FREC_GT4,0.0,0.0,False,0.0
2024-01-08,10,FREC_GT5,0.0,0.0,False,0.0
2024-01-08,10,FREC_ST3,0.0,0.0,False,0.0
2024-01-08,10,FREC_ST6,0.0,0.0,False,0.0
2024-01-08,10,FEGC_UNIT1,0.0,0.0,False,0.0
2024-01-08,10,FRONT_EC_CT1,0.0,0.0,False,0.0
2024-01-08,10,FRONT_EC_CT2,0.0,0.0,False,0.0
2024-01-08,10,FRONT_EC_ST,0.0,0.0,False,0.0
2024-01-08,10,GRSES_UNIT1,0.0,0.0,False,0.0
2024-01-08,10,GRSES_UNIT2,0.0,0.0,False,0.0
2024-01-08,10,GBY_GBYGT73,0.0,0.0,False,0.0
2024-01-08,10,GBY_GBYGT74,0.0,0.0,False,0.0
2024-01-08,10,GBY_GBYGT81,0.0,0.0,False,0.0
2024-01-08,10,GBY_GBYGT82,0.0,0.0,False,0.0
2024-01-08,10,GBY_GBYGT83,0.0,0.0,False,0.0
2024-01-08,10,GBY_GBYGT84,0.0,0.0,False,0.0
2024-01-08,10,STEAM_ENGINE_1,0.0,0.0,False,0.0
2024-01-08,10,STEAM_ENGINE_2,0.0,0.0,False,0.0
2024-01-08,10,STEAM_ENGINE_3,0.0,0.0,False,0.0
2024-01-08,10,LGE_LGE_GT1,0.0,0.0,False,0.0
2024-01-08,10,LGE_LGE_GT2,0.0,0.0,False,0.0
2024-01-08,10,LGE_LGE_STG,0.0,0.0,False,0.0
2024-01-08,10,GUADG_GAS1,0.0,0.0,False,0.0
2024-01-08,10,GUADG_GAS2,0.0,0.0,False,0.0
2024-01-08,10,GUADG_GAS3,0.0,0.0,False,0.0
2024-01-08,10,GUADG_GAS4,0.0,0.0,False,0.0
2024-01-08,10,GUADG_STM5,0.0,0.0,False,0.0
2024-01-08,10,GUADG_STM6,0.0,0.0,False,0.0
2024-01-08,10,HLSES_UNIT3,0.0,0.0,False,0.0
2024-01-08,10,HLSES_UNIT4,0.0,0.0,False,0.0
2024-01-08,10,HLSES_UNIT5,0.0,0.0,False,0.0
2024-01-08,10,HAYSEN_HAYSENG1,0.0,0.0,False,0.0
2024-01-08,10,HAYSEN_HAYSENG2,0.0,0.0,False,0.0
2024-01-08,10,HAYSEN_HAYSENG3,0.0,0.0,False,0.0
2024-01-08,10,HAYSEN_HAYSENG4,0.0,0.0,False,0.0
2024-01-08,10,DUKE_DUKE_GT1,0.0,0.0,False,0.0
2024-01-08,10,DUKE_DUKE_GT2,0.0,0.0,False,0.0
2024-01-08,10,DUKE_DUKE_ST1,0.0,0.0,False,0.0
2024-01-08,10,JACKCNTY_CT1,59.67,139.23,True,1670.76
2024-01-08,10,JACKCNTY_CT2,59.67,139.23,True,1670.76
2024-01-08,10,JCKCNTY2_CT3,59.67,139.23,True,1670.76
2024-01-08,10,JCKCNTY2_CT4,59.67,139.23,True,1670.76
2024-01-08,10,JACKCNTY_STG,96.18,224.42000000000002,True,2693.04
2024-01-08,10,JCKCNTY2_ST2,96.18,224.42000000000002,True,2693.04
2024-01-08,10,TEN_CT1,0.0,0.0,False,0.0
2024-01-08,10,TEN_STG,0.0,0.0,False,0.0
2024-01-08,10,LHSES_UNIT1,0.0,0.0,False,0.0
2024-01-08,10,LHSES_UNIT2A,0.0,0.0,False,0.0
2024-01-08,10,LPCCS_CT11,55.8,130.2,True,1562.4
2024-01-08,10,LPCCS_CT12,55.8,130.2,True,1562.4
2024-01-08,10,LPCCS_CT21,55.8,130.2,True,1562.4
2024-01-08,10,LPCCS_CT22,55.8,130.2,True,1562.4
2024-01-08,10,LPCCS_UNIT1,64.8,151.2,True,1814.4
2024-01-08,10,LPCCS_UNIT2,64.8,151.2,True,1814.4
2024-01-08,10,LARDVFTN_G4,0.0,0.0,False,0.0
2024-01-08,10,LARDVFTN_G5,0.0,0.0,False,0.0
2024-01-08,10,LEON_CRK_LCPCT1,0.0,0.0,False,0.0
2024-01-08,10,LEON_CRK_LCPCT2,0.0,0.0,False,0.0
2024-01-08,10,LEON_CRK_LCPCT3,0.0,0.0,False,0.0
2024-01-08,10,LEON_CRK_LCPCT4,0.0,0.0,False,0.0
2024-01-08,10,LIG_UNIT1,0.0,0.0,False,0.0
2024-01-08,10,LIG_UNIT2,0.0,0.0,False,0.0
2024-01-08,10,LOSTPI_LOSTPGT1,0.0,0.0,False,0.0
2024-01-08,10,LOSTPI_LOSTPGT2,0.0,0.0,False,0.0
2024-01-08,10,LOSTPI_LOSTPST1,0.0,0.0,False,0.0
2024-01-08,10,NEDIN_NEDIN_G1,0.0,0.0,False,0.0
2024-01-08,10,NEDIN_NEDIN_G2,0.0,0.0,False,0.0
2024-01-08,10,NEDIN_NEDIN_G3,0.0,0.0,False,0.0
2024-01-08,10,MDANP_CT1,0.0,0.0,False,0.0
2024-01-08,10,MDANP_CT2,0.0,0.0,False,0.0
2024-01-08,10,MDANP_CT3,0.0,0.0,False,0.0
2024-01-08,10,MDANP_CT4,0.0,0.0,False,0.0
2024-01-08,10,MDANP_CT5,0.0,0.0,False,0.0
2024-01-08,10,MDANP_CT6,0.0,0.0,False,0.0
2024-01-08,10,MGSES_CT1,0.0,0.0,False,0.0
2024-01-08,10,MGSES_CT2,0.0,0.0,False,0.0
2024-01-08,10,MGSES_CT3,0.0,0.0,False,0.0
2024-01-08,10,MGSES_CT4,0.0,0.0,False,0.0
2024-01-08,10,MGSES_CT5,0.0,0.0,False,0.0
2024-01-08,10,MGSES_CT6,0.0,0.0,False,0.0
2024-01-08,10,MCSES_UNIT6,0.0,0.0,False,0.0
2024-01-08,10,MCSES_UNIT7,0.0,0.0,False,0.0
2024-01-08,10,MCSES_UNIT8,0.0,0.0,False,0.0
2024-01-08,10,NUECES_B_NUECESG8,0.0,0.0,False,0.0
2024-01-08,10,NUECES_B_NUECESG9,0.0,0.0,False,0.0
2024-01-08,10,NUECES_B_NUECESG7,0.0,0.0,False,0.0
2024-01-08,10,CALAVERS_OWS1,0.0,0.0,False,0.0
2024-01-08,10,CALAVERS_OWS2,0.0,0.0,False,0.0
2024-01-08,10,OECCS_CT11,0.0,0.0,False,0.0
2024-01-08,10,OECCS_CT12,0.0,0.0,False,0.0
2024-01-08,10,OECCS_CT21,0.0,0.0,False,0.0
2024-01-08,10,OECCS_CT22,0.0,0.0,False,0.0
2024-01-08,10,OECCS_UNIT1,0.0,0.0,False,0.0
2024-01-08,10,OECCS_UNIT2,0.0,0.0,False,0.0
2024-01-08,10,VICTPRT2_UNIT1,0.0,0.0,False,0.0
2024-01-08,10,VICTPRT2_UNIT2,0.0,0.0,False,0.0
2024-01-08,10,PANDA_S_SHER1CT1,69.6,162.4,True,1948.8
2024-01-08,10,PANDA_S_SHER1CT2,69.6,162.4,True,1948.8
2024-01-08,10,PANDA_S_SHER1ST1,105.93,247.17000000000002,True,2966.04
2024-01-08,10,PANDA_T1_TMPL1CT1,0.0,0.0,False,0.0
2024-01-08,10,PANDA_T1_TMPL1CT2,0.0,0.0,False,0.0
2024-01-08,10,PANDA_T1_TMPL1ST1,0.0,0.0,False,0.0
2024-01-08,10,PANDA_T2_TMPL2CT1,0.0,0.0,False,0.0
2024-01-08,10,PANDA_T2_TMPL2CT2,0.0,0.0,False,0.0
2024-01-08,10,PANDA_T2_TMPL2ST1,0.0,0.0,False,0.0
2024-01-08,10,TNSKA_GT1,27.27,63.63000000000001,True,763.56
2024-01-08,10,TNSKA_GT2,27.27,63.63000000000001,True,763.56
2024-01-08,10,TNSKA_STG,27.0,63.0,True,756.0
2024-01-08,10,PSG_PSG_GT2,215.1,0.0,True,6022.8
2024-01-08,10,PSG_PSG_GT3,215.1,0.0,True,6022.8
2024-01-08,10,PSG_PSG_ST2,195.5,0.0,True,5474.0
2024-01-08,10,PEARSAL2_AGR_A,0.0,0.0,False,0.0
2024-01-08,10,PEARSAL2_AGR_B,0.0,0.0,False,0.0
2024-01-08,10,PEARSAL2_AGR_C,0.0,0.0,False,0.0
2024-01-08,10,PEARSAL2_AGR_D,0.0,0.0,False,0.0
2024-01-08,10,PB2SES_CT1,0.0,0.0,False,0.0
2024-01-08,10,PB2SES_CT2,0.0,0.0,False,0.0
2024-01-08,10,PB2SES_CT3,0.0,0.0,False,0.0
2024-01-08,10,PB2SES_CT4,0.0,0.0,False,0.0
2024-01-08,10,PB2SES_CT5,0.0,0.0,False,0.0
2024-01-08,10,PRO_UNIT1,0.0,0.0,False,0.0
2024-01-08,10,PRO_UNIT2,0.0,0.0,False,0.0
2024-01-08,10,PRO_UNIT3,0.0,0.0,False,0.0
2024-01-08,10,PRO_UNIT4,0.0,0.0,False,0.0
2024-01-08,10,PRO_UNIT5,0.0,0.0,False,0.0
2024-01-08,10,PRO_UNIT6,0.0,0.0,False,0.0
2024-01-08,10,PRO_UNIT7,0.0,0.0,False,0.0
2024-01-08,10,PRO_UNIT8,0.0,0.0,False,0.0
2024-01-08,10,BAC_CTG1,0.0,0.0,False,0.0
2024-01-08,10,BAC_CTG2,0.0,0.0,False,0.0
2024-01-08,10,BAC_CTG3,0.0,0.0,False,0.0
2024-01-08,10,BAC_CTG4,0.0,0.0,False,0.0
2024-01-08,10,BAC_CTG5,0.0,0.0,False,0.0
2024-01-08,10,BAC_CTG6,0.0,0.0,False,0.0
2024-01-08,10,STEAM1A_STEAM_1,0.0,0.0,False,0.0
2024-01-08,10,STEAM_STEAM_2,0.0,0.0,False,0.0
2024-01-08,10,STEAM_STEAM_3,0.0,0.0,False,0.0
2024-01-08,10,QALSW_GT1,0.0,0.0,False,0.0
2024-01-08,10,QALSW_GT2,0.0,0.0,False,0.0
2024-01-08,10,QALSW_GT3,0.0,0.0,False,0.0
2024-01-08,10,QALSW_GT4,0.0,0.0,False,0.0
2024-01-08,10,QALSW_STG1,0.0,0.0,False,0.0
2024-01-08,10,QALSW_STG2,0.0,0.0,False,0.0
2024-01-08,10,MIL_MILLERG4,0.0,0.0,False,0.0
2024-01-08,10,MIL_MILLERG5,0.0,0.0,False,0.0
2024-01-08,10,MIL_MILLERG1,0.0,0.0,False,0.0
2024-01-08,10,MIL_MILLERG2,0.0,0.0,False,0.0
2024-01-08,10,MIL_MILLERG3,0.0,0.0,False,0.0
2024-01-08,10,OLINGR_OLING_4,0.0,0.0,False,0.0
2024-01-08,10,OLINGR_OLING_2,0.0,0.0,False,0.0
2024-01-08,10,OLINGR_OLING_3,0.0,0.0,False,0.0
2024-01-08,10,RAB_UNIT1,0.0,0.0,False,0.0
2024-01-08,10,RAB_UNIT2,0.0,0.0,False,0.0
2024-01-08,10,RAB_UNIT3,0.0,0.0,False,0.0
2024-01-08,10,RAB_UNIT4,0.0,0.0,False,0.0
2024-01-08,10,RAB_UNIT5,0.0,0.0,False,0.0
2024-01-08,10,RAB_UNIT6,0.0,0.0,False,0.0
2024-01-08,10,RAB_UNIT7,0.0,0.0,False,0.0
2024-01-08,10,RAB_UNIT8,0.0,0.0,False,0.0
2024-01-08,10,REDGATE_AGR_A,0.0,0.0,False,0.0
2024-01-08,10,REDGATE_AGR_B,0.0,0.0,False,0.0
2024-01-08,10,REDGATE_AGR_C,0.0,0.0,False,0.0
2024-01-08,10,REDGATE_AGR_D,0.0,0.0,False,0.0
2024-01-08,10,JAD_UNIT1,0.0,0.0,False,0.0
2024-01-08,10,JAD_UNIT2,0.0,0.0,False,0.0
2024-01-08,10,JAD_UNIT3,0.0,0.0,False,0.0
2024-01-08,10,JAD_UNIT4,0.0,0.0,False,0.0
2024-01-08,10,JAD_UNIT5,0.0,0.0,False,0.0
2024-01-08,10,JAD_UNIT6,0.0,0.0,False,0.0
2024-01-08,10,JAD_UNIT7,0.0,0.0,False,0.0
2024-01-08,10,JAD_UNIT8,0.0,0.0,False,0.0
2024-01-08,10,RIONOG_CT1,0.0,0.0,False,0.0
2024-01-08,10,RIONOG_CT2,0.0,0.0,False,0.0
2024-01-08,10,RIONOG_CT3,0.0,0.0,False,0.0
2024-01-08,10,RIONOG_ST1,0.0,0.0,False,0.0
2024-01-08,10,RAYBURN_RAYBURG7,18.15,42.35,True,508.2
2024-01-08,10,RAYBURN_RAYBURG8,18.15,42.35,True,508.2
2024-01-08,10,RAYBURN_RAYBURG9,18.15,42.35,True,508.2
2024-01-08,10,RAYBURN_RAYBURG10,12.6,29.4,True,352.8
2024-01-08,10,SJS_SJS_G1,0.0,0.0,False,0.0
2024-01-08,10,SJS_SJS_G2,0.0,0.0,False,0.0
2024-01-08,10,SANDHSYD_SH1,0.0,0.0,False,0.0
2024-01-08,10,SANDHSYD_SH2,0.0,0.0,False,0.0
2024-01-08,10,SANDHSYD_SH3,0.0,0.0,False,0.0
2024-01-08,10,SANDHSYD_SH4,0.0,0.0,False,0.0
2024-01-08,10,SANDHSYD_SH_5A,0.0,0.0,False,0.0
2024-01-08,10,SANDHSYD_SH6,0.0,0.0,False,0.0
2024-01-08,10,SANDHSYD_SH7,0.0,0.0,False,0.0
2024-01-08,10,SANDHSYD_SH_5C,0.0,0.0,False,0.0
2024-01-08,10,SILASRAY_SILAS_10,0.0,0.0,False,0.0
2024-01-08,10,SILASRAY_SILAS_9,0.0,0.0,False,0.0
2024-01-08,10,SILASRAY_SILAS_6,0.0,0.0,False,0.0
2024-01-08,10,GIDEON_GIDEONG1,0.0,0.0,False,0.0
2024-01-08,10,GIDEON_GIDEONG2,0.0,0.0,False,0.0
2024-01-08,10,GIDEON_GIDEONG3,0.0,0.0,False,0.0
2024-01-08,10,SKY1_SKY1A,0.0,0.0,False,0.0
2024-01-08,10,SKY1_SKY1B,0.0,0.0,False,0.0
2024-01-08,10,SPNCER_SPNCE_4,0.0,0.0,False,0.0
2024-01-08,10,SPNCER_SPNCE_5,0.0,0.0,False,0.0
2024-01-08,10,SCSES_UNIT1A,0.0,0.0,False,0.0
2024-01-08,10,SCSES_UNIT2,0.0,0.0,False,0.0
2024-01-08,10,THW_THWGT_1,0.0,0.0,False,0.0
2024-01-08,10,THW_THWGT31,15.39,35.91,True,430.92
2024-01-08,10,THW_THWGT32,15.39,35.91,True,430.92
2024-01-08,10,THW_THWGT33,15.39,35.91,True,430.92
2024-01-08,10,THW_THWGT34,15.39,35.91,True,430.92
2024-01-08,10,THW_THWGT41,15.39,35.91,True,430.92
2024-01-08,10,THW_THWGT42,15.39,35.91,True,430.92
2024-01-08,10,THW_THWGT43,18.6,43.4,True,520.8
2024-01-08,10,THW_THWGT44,18.6,43.4,True,520.8
2024-01-08,10,THW_THWGT51,0.0,0.0,False,0.0
2024-01-08,10,THW_THWGT52,0.0,0.0,False,0.0
2024-01-08,10,THW_THWGT53,0.0,0.0,False,0.0
2024-01-08,10,THW_THWGT54,0.0,0.0,False,0.0
2024-01-08,10,THW_THWGT55,0.0,0.0,False,0.0
2024-01-08,10,THW_THWGT56,0.0,0.0,False,0.0
2024-01-08,10,THW_THWST_3,33.93,79.16999999999999,True,950.04
2024-01-08,10,THW_THWST_4,33.93,79.16999999999999,True,950.04
2024-01-08,10,TXCTY_CTA,129.1,0.0,True,3614.8
2024-01-08,10,TXCTY_CTB,129.1,0.0,True,3614.8
2024-01-08,10,TXCTY_CTC,129.1,0.0,True,3614.8
2024-01-08,10,TXCTY_ST,143.7,0.0,True,4023.6
2024-01-08,10,TGS_GT01,0.0,0.0,False,0.0
2024-01-08,10,TIMPP_AGR1,0.0,0.0,False,0.0
2024-01-08,10,TIMPP_AGR2,0.0,0.0,False,0.0
2024-01-08,10,TIMPP_AGR3,0.0,0.0,False,0.0
2024-01-08,10,TIMPP_AGR4,0.0,0.0,False,0.0
2024-01-08,10,TRSES_UNIT6,0.0,0.0,False,0.0
2024-01-08,10,TOPAZ_UNIT1,0.0,0.0,False,0.0
2024-01-08,10,TOPAZ_UNIT2,0.0,0.0,False,0.0
2024-01-08,10,TOPAZ_UNIT3,0.0,0.0,False,0.0
2024-01-08,10,TOPAZ_UNIT4,0.0,0.0,False,0.0
2024-01-08,10,TOPAZ_UNIT5,0.0,0.0,False,0.0
2024-01-08,10,TOPAZ_UNIT6,0.0,0.0,False,0.0
2024-01-08,10,TOPAZ_UNIT7,0.0,0.0,False,0.0
2024-01-08,10,TOPAZ_UNIT8,0.0,0.0,False,0.0
2024-01-08,10,TOPAZ_UNIT9,0.0,0.0,False,0.0
2024-01-08,10,TOPAZ_UNIT10,0.0,0.0,False,0.0
2024-01-08,10,BRAUNIG_VHB6CT5,0.0,0.0,False,0.0
2024-01-08,10,BRAUNIG_VHB6CT6,0.0,0.0,False,0.0
2024-01-08,10,BRAUNIG_VHB6CT7,0.0,0.0,False,0.0
2024-01-08,10,BRAUNIG_VHB6CT8,0.0,0.0,False,0.0
2024-01-08,10,CITYVICT_CTG01,0.0,0.0,False,0.0
2024-01-08,10,CITYVICT_CTG02,0.0,0.0,False,0.0
2024-01-08,10,VICTPORT_CTG01,0.0,0.0,False,0.0
2024-01-08,10,VICTPORT_CTG02,0.0,0.0,False,0.0
2024-01-08,10,VICTORIA_VICTORG6,0.0,0.0,False,0.0
2024-01-08,10,VICTORIA_VICTORG5,0.0,0.0,False,0.0
2024-01-08,10,WAP_WAPGT_1,0.0,0.0,False,0.0
2024-01-08,10,WAP_WAP_G1,0.0,0.0,False,0.0
2024-01-08,10,WAP_WAP_G2,0.0,0.0,False,0.0
2024-01-08,10,WAP_WAP_G3,0.0,0.0,False,0.0
2024-01-08,10,WAP_WAP_G4,0.0,0.0,False,0.0
2024-01-08,10,WFCOGEN_UNIT1,0.0,0.0,False,0.0
2024-01-08,10,WFCOGEN_UNIT2,0.0,0.0,False,0.0
2024-01-08,10,WFCOGEN_UNIT3,0.0,0.0,False,0.0
2024-01-08,10,WIPOPA_WPP_G1,0.0,0.0,False,0.0
2024-01-08,10,WIPOPA_WPP_G2,0.0,0.0,False,0.0
2024-01-08,10,WIPOPA_WPP_G3,0.0,0.0,False,0.0
2024-01-08,10,WIPOPA_WPP_G4,0.0,0.0,False,0.0
2024-01-08,10,WCPP_CT1,82.5,192.5,True,2310.0
2024-01-08,10,WCPP_CT2,82.5,192.5,True,2310.0
2024-01-08,10,WCPP_ST1,89.4,208.6,True,2503.2
2024-01-08,10,WHCCS_CT1,0.0,0.0,False,0.0
2024-01-08,10,WHCCS_CT2,0.0,0.0,False,0.0
2024-01-08,10,WHCCS_STG,0.0,0.0,False,0.0
2024-01-08,10,WHCCS2_CT4,0.0,0.0,False,0.0
2024-01-08,10,WHCCS2_CT5,0.0,0.0,False,0.0
2024-01-08,10,WHCCS2_STG6,0.0,0.0,False,0.0
2024-01-08,10,NACPW_UNIT1,0.0,0.0,False,0.0
2024-01-08,10,HBR_2UNITS,0.0,0.0,False,0.0
2024-01-08,10,TRIRA_1UNIT,0.0,0.0,False,0.0
2024-01-08,10,78252_4UNITS,0.0,0.0,False,0.0
2024-01-08,10,SPRIN_4UNITS,0.0,0.0,False,0.0
2024-01-08,10,FREIH_2UNITS,0.0,0.0,False,0.0
2024-01-08,10,WSTHL_3UNITS,0.0,0.0,False,0.0
2024-01-08,10,FEGC_CTG2,0.0,0.0,False,0.0
2024-01-08,10,FEGC_CTG3,0.0,0.0,False,0.0
2024-01-08,10,FEGC_CTG4,0.0,0.0,False,0.0
2024-01-08,10,OLNEYTN_AGR1,0.0,0.0,False,0.0
2024-01-08,10,AMISTAD_AMISTAG1,37.9,0.0,True,37.9
2024-01-08,10,AMISTAD_AMISTAG2,37.9,0.0,True,37.9
2024-01-08,10,AUSTPL_AUSTING1,9.0,0.0,True,9.0
2024-01-08,10,AUSTPL_AUSTING2,9.0,0.0,True,9.0
2024-01-08,10,BUCHAN_BUCHANG1,18.299999999999997,3.552713678800501e-15,True,18.3
2024-01-08,10,BUCHAN_BUCHANG2,18.299999999999997,3.552713678800501e-15,True,18.3
2024-01-08,10,BUCHAN_BUCHANG3,18.299999999999997,3.552713678800501e-15,True,18.3
2024-01-08,10,DNDAM_DENISOG1,50.8,0.0,True,50.8
2024-01-08,10,DNDAM_DENISOG2,50.8,0.0,True,50.8
2024-01-08,10,FALCON_FALCONG1,12.0,0.0,True,12.0
2024-01-08,10,FALCON_FALCONG2,12.0,0.0,True,12.0
2024-01-08,10,FALCON_FALCONG3,12.0,0.0,True,12.0
2024-01-08,10,WIRTZ_WIRTZ_G1,29.0,0.0,True,29.0
2024-01-08,10,WIRTZ_WIRTZ_G2,29.0,0.0,True,29.0
2024-01-08,10,CANYHY_CANYHYG1,6.0,0.0,True,6.0
2024-01-08,10,INKSDA_INKS_G1,15.0,0.0,True,15.0
2024-01-08,10,MARBFA_MARBFAG1,21.0,0.0,True,21.0
2024-01-08,10,MARBFA_MARBFAG2,20.0,0.0,True,20.0
2024-01-08,10,MARSFO_MARSFOG1,36.0,0.0,True,36.0
2024-01-08,10,MARSFO_MARSFOG2,36.0,0.0,True,36.0
2024-01-08,10,MARSFO_MARSFOG3,36.0,0.0,True,36.0
2024-01-08,10,WND_WHITNEY1,22.0,0.0,True,22.0
2024-01-08,10,WND_WHITNEY2,22.0,0.0,True,22.0
2024-01-08,10,AEEC_ANTLP_1,0.0,0.0,False,0.0
2024-01-08,10,AEEC_ANTLP_2,0.0,0.0,False,0.0
2024-01-08,10,AEEC_ANTLP_3,0.0,0.0,False,0.0
2024-01-08,10,AEEC_ELK_1,0.0,0.0,False,0.0
2024-01-08,10,AEEC_ELK_2,0.0,0.0,False,0.0
2024-01-08,10,AEEC_ELK_3,0.0,0.0,False,0.0
2024-01-08,10,FTR_FTR_G1,0.0,0.0,False,0.0
2024-01-08,10,FTR_FTR_G2,0.0,0.0,False,0.0
2024-01-08,10,FTR_FTR_G3,0.0,0.0,False,0.0
2024-01-08,10,FTR_FTR_G4,0.0,0.0,False,0.0
2024-01-08,10,TGCCS_CT1,0.0,0.0,False,0.0
2024-01-08,10,TGCCS_CT2,0.0,0.0,False,0.0
2024-01-08,10,TGCCS_CT3,0.0,0.0,False,0.0
2024-01-08,10,TGCCS_UNIT4,0.0,0.0,False,0.0
2024-01-08,10,KMCHI_1CT101,55.5,129.5,True,1554.0
2024-01-08,10,KMCHI_1CT201,55.5,129.5,True,1554.0
2024-01-08,10,KMCHI_1ST,99.0,231.0,True,2772.0
2024-01-08,10,KMCHI_2CT101,55.5,129.5,True,1554.0
2024-01-08,10,KMCHI_2CT201,55.5,129.5,True,1554.0
2024-01-08,10,KMCHI_2ST,99.0,231.0,True,2772.0
2024-01-08,10,A4_DGR1,0.0,0.0,False,0.0
2024-01-08,10,A4_DGR2,0.0,0.0,False,0.0
2024-01-08,10,K2_DGR1,0.0,0.0,False,0.0
2024-01-08,10,K2_DGR2,0.0,0.0,False,0.0
2024-01-08,10,P2_DGR1,0.0,0.0,False,0.0
2024-01-08,10,P2_DGR2,0.0,0.0,False,0.0
2024-01-08,10,Q1_DGR1,0.0,0.0,False,0.0
2024-01-08,10,BRAUNIG_VHB3,0.0,0.0,False,0.0
2024-01-08,10,V2_DGR1,0.0,0.0,False,0.0
2024-01-08,10,V2_DGR2,0.0,0.0,False,0.0
2024-01-08,10,V2_DGR3,0.0,0.0,False,0.0
2024-01-08,10,V4_DGR1,0.0,0.0,False,0.0
2024-01-08,10,X1_DGR1,0.0,0.0,False,0.0
2024-01-08,10,Z0_DGR1,0.0,0.0,False,0.0
2024-01-08,10,Z0_DGR2,0.0,0.0,False,0.0
2024-01-08,10,Z5_DGR1,0.0,0.0,False,0.0
2024-01-08,10,DC_E,0.0,0.0,False,0.0
2024-01-08,10,DC_N,0.0,0.0,False,0.0
2024-01-08,10,DC_L,0.0,0.0,False,0.0
2024-01-08,10,DC_R,0.0,0.0,False,0.0
2024-01-08,10,CEDARVALE_GAS,0.0,0.0,False,0.0
2024-01-08,10,ENCHANTED_ROCK_NEWPP,0.0,0.0,False,0.0
2024-01-08,11,CPSES_UNIT1,1269.0,0.0,True,10152.0
2024-01-08,11,CPSES_UNIT2,1269.0,0.0,True,10152.0
2024-01-08,11,STP_STP_G1,1228.5,136.5,True,9828.0
2024-01-08,11,STP_STP_G2,1228.5,136.5,True,9828.0
2024-01-08,11,COLETO_COLETOG1,0.0,0.0,False,0.0
2024-01-08,11,FPPYD1_FPP_G1,0.0,0.0,False,0.0
2024-01-08,11,FPPYD1_FPP_G2,0.0,0.0,False,0.0
2024-01-08,11,FPPYD2_FPP_G3,0.0,0.0,False,0.0
2024-01-08,11,CALAVERS_JKS1,0.0,0.0,False,0.0
2024-01-08,11,CALAVERS_JKS2,0.0,0.0,False,0.0
2024-01-08,11,LEG_LEG_G1,357.2,535.8,True,8930.0
2024-01-08,11,LEG_LEG_G2,382.72,574.0799999999999,True,9568.0
2024-01-08,11,MLSES_UNIT1,893.0,0.0,True,22325.0
2024-01-08,11,MLSES_UNIT2,893.0,0.0,True,22325.0
2024-01-08,11,MLSES_UNIT3,893.0,0.0,True,22325.0
2024-01-08,11,OGSES_UNIT1A,0.0,0.0,False,0.0
2024-01-08,11,OGSES_UNIT2,0.0,0.0,False,0.0
2024-01-08,11,SANMIGL_G1,0.0,0.0,False,0.0
2024-01-08,11,SCES_UNIT1,0.0,0.0,False,0.0
2024-01-08,11,TNP_ONE_TNP_O_1,0.0,0.0,False,0.0
2024-01-08,11,TNP_ONE_TNP_O_2,0.0,0.0,False,0.0
2024-01-08,11,WAP_WAP_G5,734.1,0.0,True,18352.5
2024-01-08,11,WAP_WAP_G6,553.4446737565254,180.65532624347463,True,13836.1168
2024-01-08,11,WAP_WAP_G7,245.84,368.76,True,6146.0
2024-01-08,11,WAP_WAP_G8,654.0,0.0,True,16350.0
2024-01-08,11,BRAUNIG_AVR1_CT1,0.0,0.0,False,0.0
2024-01-08,11,BRAUNIG_AVR1_CT2,0.0,0.0,False,0.0
2024-01-08,11,BRAUNIG_AVR1_ST,0.0,0.0,False,0.0
2024-01-08,11,ATKINS_ATKINSG7,0.0,0.0,False,0.0
2024-01-08,11,B_DAVIS_B_DAVIG3,0.0,0.0,False,0.0
2024-01-08,11,B_DAVIS_B_DAVIG4,0.0,0.0,False,0.0
2024-01-08,11,B_DAVIS_B_DAVIG1,0.0,0.0,False,0.0
2024-01-08,11,B_DAVIS_B_DAVIG2,0.0,0.0,False,0.0
2024-01-08,11,BASTEN_GTG1100,0.0,0.0,False,0.0
2024-01-08,11,BASTEN_GTG2100,0.0,0.0,False,0.0
2024-01-08,11,BASTEN_ST0100,0.0,0.0,False,0.0
2024-01-08,11,BCH_UNIT1,6.05,54.45,True,254.1
2024-01-08,11,BCH_UNIT2,6.05,54.45,True,254.1
2024-01-08,11,BCH_UNIT3,6.05,54.45,True,254.1
2024-01-08,11,BCH_UNIT4,6.05,54.45,True,254.1
2024-01-08,11,BCH_UNIT5,6.05,54.45,True,254.1
2024-01-08,11,BCH_UNIT6,6.05,54.45,True,254.1
2024-01-08,11,BCH_UNIT7,6.05,54.45,True,254.1
2024-01-08,11,BCH_UNIT8,6.05,54.45,True,254.1
2024-01-08,11,BOSQUESW_BSQSU_1,0.0,0.0,False,0.0
2024-01-08,11,BOSQUESW_BSQSU_2,0.0,0.0,False,0.0
2024-01-08,11,BOSQUESW_BSQSU_3,0.0,0.0,False,0.0
2024-01-08,11,BOSQUESW_BSQSU_4,0.0,0.0,False,0.0
2024-01-08,11,BOSQUESW_BSQSU_5,0.0,0.0,False,0.0
2024-01-08,11,BVE_UNIT1,0.0,0.0,False,0.0
2024-01-08,11,BVE_UNIT2,0.0,0.0,False,0.0
2024-01-08,11,BVE_UNIT3,0.0,0.0,False,0.0
2024-01-08,11,BTM_UNIT1,0.0,0.0,False,0.0
2024-01-08,11,BTM_UNIT2,0.0,0.0,False,0.0
2024-01-08,11,BTM_UNIT3,0.0,0.0,False,0.0
2024-01-08,11,BTM_UNIT4,0.0,0.0,False,0.0
2024-01-08,11,BTM_UNIT5,0.0,0.0,False,0.0
2024-01-08,11,BTM_UNIT6,0.0,0.0,False,0.0
2024-01-08,11,BTM_UNIT7,0.0,0.0,False,0.0
2024-01-08,11,BTM_UNIT8,0.0,0.0,False,0.0
2024-01-08,11,FLCNS_UNIT1,0.0,0.0,False,0.0
2024-01-08,11,FLCNS_UNIT2,0.0,0.0,False,0.0
2024-01-08,11,CALHOUN_UNIT1,0.0,0.0,False,0.0
2024-01-08,11,CALHOUN_UNIT2,0.0,0.0,False,0.0
2024-01-08,11,CHAMON_CTG_0101,0.0,0.0,False,0.0
2024-01-08,11,CHAMON_CTG_0301,0.0,0.0,False,0.0
2024-01-08,11,CBY4_CT41,61.5,143.5,True,1722.0
2024-01-08,11,CBY4_CT42,61.5,143.5,True,1722.0
2024-01-08,11,CBY4_ST04,61.5,143.5,True,1722.0
2024-01-08,11,CBY_CBY_G1,0.0,0.0,False,0.0
2024-01-08,11,CBY_CBY_G2,0.0,0.0,False,0.0
2024-01-08,11,CBEC_GT1,0.0,0.0,False,0.0
2024-01-08,11,CBEC_GT2,0.0,0.0,False,0.0
2024-01-08,11,CBEC_GT3,0.0,0.0,False,0.0
2024-01-08,11,CBEC_GT4,0.0,0.0,False,0.0
2024-01-08,11,CBEC_STG1,0.0,0.0,False,0.0
2024-01-08,11,CBEC_STG2,0.0,0.0,False,0.0
2024-01-08,11,CBECII_CT7,0.0,0.0,False,0.0
2024-01-08,11,CBECII_CT8,0.0,0.0,False,0.0
2024-01-08,11,CBECII_STG9,0.0,0.0,False,0.0
2024-01-08,11,CBEC_GT11,0.0,0.0,False,0.0
2024-01-08,11,CBEC_GT12,0.0,0.0,False,0.0
2024-01-08,11,CVC_CVC_G1,0.0,0.0,False,0.0
2024-01-08,11,CVC_CVC_G2,0.0,0.0,False,0.0
2024-01-08,11,CVC_CVC_G3,57.63,134.47,True,1613.64
2024-01-08,11,CVC_CVC_G5,45.0,105.0,True,1260.0
2024-01-08,11,DANSBY_DANSBYG2,0.0,0.0,False,0.0
2024-01-08,11,DANSBY_DANSBYG3,0.0,0.0,False,0.0
2024-01-08,11,DANSBY_DANSBYG1,0.0,0.0,False,0.0
2024-01-08,11,DECKER_DPGT_1,0.0,0.0,False,0.0
2024-01-08,11,DECKER_DPGT_2,0.0,0.0,False,0.0
2024-01-08,11,DECKER_DPGT_3,0.0,0.0,False,0.0
2024-01-08,11,DECKER_DPGT_4,0.0,0.0,False,0.0
2024-01-08,11,DCSES_CT10,0.0,0.0,False,0.0
2024-01-08,11,DCSES_CT20,0.0,0.0,False,0.0
2024-01-08,11,DCSES_CT30,0.0,0.0,False,0.0
2024-01-08,11,DCSES_CT40,0.0,0.0,False,0.0
2024-01-08,11,DDPEC_GT1,60.9,142.1,True,1705.2
2024-01-08,11,DDPEC_GT2,64.5,150.5,True,1806.0
2024-01-08,11,DDPEC_GT3,60.9,142.1,True,1705.2
2024-01-08,11,DDPEC_GT4,215.0,0.0,True,6020.0
2024-01-08,11,DDPEC_GT6,143.82080000000258,55.17919999999742,True,4026.9824
2024-01-08,11,DDPEC_ST1,290.0,0.0,True,8120.0
2024-01-08,11,DEC_AGR_A,0.0,0.0,False,0.0
2024-01-08,11,DEC_AGR_B,0.0,0.0,False,0.0
2024-01-08,11,DEC_AGR_C,0.0,0.0,False,0.0
2024-01-08,11,DEC_AGR_D,0.0,0.0,False,0.0
2024-01-08,11,ECEC_G1,0.0,0.0,False,0.0
2024-01-08,11,ECEC_G2,0.0,0.0,False,0.0
2024-01-08,11,ETCCS_CT1,0.0,0.0,False,0.0
2024-01-08,11,ETCCS_UNIT1,0.0,0.0,False,0.0
2024-01-08,11,AZ_AZ_G1,0.0,0.0,False,0.0
2024-01-08,11,AZ_AZ_G2,0.0,0.0,False,0.0
2024-01-08,11,AZ_AZ_G3,0.0,0.0,False,0.0
2024-01-08,11,AZ_AZ_G4,0.0,0.0,False,0.0
2024-01-08,11,FERGCC_FERGGT1,0.0,0.0,False,0.0
2024-01-08,11,FERGCC_FERGGT2,0.0,0.0,False,0.0
2024-01-08,11,FERGCC_FERGST1,0.0,0.0,False,0.0
2024-01-08,11,FRNYPP_GT11,0.0,0.0,False,0.0
2024-01-08,11,FRNYPP_GT12,0.0,0.0,False,0.0
2024-01-08,11,FRNYPP_GT13,0.0,0.0,False,0.0
2024-01-08,11,FRNYPP_GT21,0.0,0.0,False,0.0
2024-01-08,11,FRNYPP_GT22,0.0,0.0,False,0.0
2024-01-08,11,FRNYPP_GT23,0.0,0.0,False,0.0
2024-01-08,11,FRNYPP_ST10,0.0,0.0,False,0.0
2024-01-08,11,FRNYPP_ST20,0.0,0.0,False,0.0
2024-01-08,11,FREC_GT1,0.0,0.0,False,0.0
2024-01-08,11,FREC_GT2,0.0,0.0,False,0.0
2024-01-08,11,FREC_GT4,0.0,0.0,False,0.0
2024-01-08,11,FREC_GT5,0.0,0.0,False,0.0
2024-01-08,11,FREC_ST3,0.0,0.0,False,0.0
2024-01-08,11,FREC_ST6,0.0,0.0,False,0.0
2024-01-08,11,FEGC_UNIT1,0.0,0.0,False,0.0
2024-01-08,11,FRONT_EC_CT1,0.0,0.0,False,0.0
2024-01-08,11,FRONT_EC_CT2,0.0,0.0,False,0.0
2024-01-08,11,FRONT_EC_ST,0.0,0.0,False,0.0
2024-01-08,11,GRSES_UNIT1,0.0,0.0,False,0.0
2024-01-08,11,GRSES_UNIT2,0.0,0.0,False,0.0
2024-01-08,11,GBY_GBYGT73,0.0,0.0,False,0.0
2024-01-08,11,GBY_GBYGT74,0.0,0.0,False,0.0
2024-01-08,11,GBY_GBYGT81,0.0,0.0,False,0.0
2024-01-08,11,GBY_GBYGT82,0.0,0.0,False,0.0
2024-01-08,11,GBY_GBYGT83,0.0,0.0,False,0.0
2024-01-08,11,GBY_GBYGT84,0.0,0.0,False,0.0
2024-01-08,11,STEAM_ENGINE_1,0.0,0.0,False,0.0
2024-01-08,11,STEAM_ENGINE_2,0.0,0.0,False,0.0
2024-01-08,11,STEAM_ENGINE_3,0.0,0.0,False,0.0
2024-01-08,11,LGE_LGE_GT1,0.0,0.0,False,0.0
2024-01-08,11,LGE_LGE_GT2,0.0,0.0,False,0.0
2024-01-08,11,LGE_LGE_STG,0.0,0.0,False,0.0
2024-01-08,11,GUADG_GAS1,0.0,0.0,False,0.0
2024-01-08,11,GUADG_GAS2,0.0,0.0,False,0.0
2024-01-08,11,GUADG_GAS3,0.0,0.0,False,0.0
2024-01-08,11,GUADG_GAS4,0.0,0.0,False,0.0
2024-01-08,11,GUADG_STM5,0.0,0.0,False,0.0
2024-01-08,11,GUADG_STM6,0.0,0.0,False,0.0
2024-01-08,11,HLSES_UNIT3,0.0,0.0,False,0.0
2024-01-08,11,HLSES_UNIT4,0.0,0.0,False,0.0
2024-01-08,11,HLSES_UNIT5,0.0,0.0,False,0.0
2024-01-08,11,HAYSEN_HAYSENG1,0.0,0.0,False,0.0
2024-01-08,11,HAYSEN_HAYSENG2,0.0,0.0,False,0.0
2024-01-08,11,HAYSEN_HAYSENG3,0.0,0.0,False,0.0
2024-01-08,11,HAYSEN_HAYSENG4,0.0,0.0,False,0.0
2024-01-08,11,DUKE_DUKE_GT1,0.0,0.0,False,0.0
2024-01-08,11,DUKE_DUKE_GT2,0.0,0.0,False,0.0
2024-01-08,11,DUKE_DUKE_ST1,0.0,0.0,False,0.0
2024-01-08,11,JACKCNTY_CT1,59.67,139.23,True,1670.76
2024-01-08,11,JACKCNTY_CT2,59.67,139.23,True,1670.76
2024-01-08,11,JCKCNTY2_CT3,59.67,139.23,True,1670.76
2024-01-08,11,JCKCNTY2_CT4,67.62392078300665,131.27607921699334,True,1893.4698
2024-01-08,11,JACKCNTY_STG,96.18,224.42000000000002,True,2693.04
2024-01-08,11,JCKCNTY2_ST2,96.18,224.42000000000002,True,2693.04
2024-01-08,11,TEN_CT1,0.0,0.0,False,0.0
2024-01-08,11,TEN_STG,0.0,0.0,False,0.0
2024-01-08,11,LHSES_UNIT1,0.0,0.0,False,0.0
2024-01-08,11,LHSES_UNIT2A,0.0,0.0,False,0.0
2024-01-08,11,LPCCS_CT11,55.8,130.2,True,1562.4
2024-01-08,11,LPCCS_CT12,55.8,130.2,True,1562.4
2024-01-08,11,LPCCS_CT21,55.8,130.2,True,1562.4
2024-01-08,11,LPCCS_CT22,55.8,130.2,True,1562.4
2024-01-08,11,LPCCS_UNIT1,64.8,151.2,True,1814.4
2024-01-08,11,LPCCS_UNIT2,64.8,151.2,True,1814.4
2024-01-08,11,LARDVFTN_G4,0.0,0.0,False,0.0
2024-01-08,11,LARDVFTN_G5,0.0,0.0,False,0.0
2024-01-08,11,LEON_CRK_LCPCT1,0.0,0.0,False,0.0
2024-01-08,11,LEON_CRK_LCPCT2,0.0,0.0,False,0.0
2024-01-08,11,LEON_CRK_LCPCT3,0.0,0.0,False,0.0
2024-01-08,11,LEON_CRK_LCPCT4,0.0,0.0,False,0.0
2024-01-08,11,LIG_UNIT1,0.0,0.0,False,0.0
2024-01-08,11,LIG_UNIT2,0.0,0.0,False,0.0
2024-01-08,11,LOSTPI_LOSTPGT1,0.0,0.0,False,0.0
2024-01-08,11,LOSTPI_LOSTPGT2,0.0,0.0,False,0.0
2024-01-08,11,LOSTPI_LOSTPST1,0.0,0.0,False,0.0
2024-01-08,11,NEDIN_NEDIN_G1,0.0,0.0,False,0.0
2024-01-08,11,NEDIN_NEDIN_G2,0.0,0.0,False,0.0
2024-01-08,11,NEDIN_NEDIN_G3,0.0,0.0,False,0.0
2024-01-08,11,MDANP_CT1,0.0,0.0,False,0.0
2024-01-08,11,MDANP_CT2,0.0,0.0,False,0.0
2024-01-08,11,MDANP_CT3,0.0,0.0,False,0.0
2024-01-08,11,MDANP_CT4,0.0,0.0,False,0.0
2024-01-08,11,MDANP_CT5,0.0,0.0,False,0.0
2024-01-08,11,MDANP_CT6,0.0,0.0,False,0.0
2024-01-08,11,MGSES_CT1,0.0,0.0,False,0.0
2024-01-08,11,MGSES_CT2,0.0,0.0,False,0.0
2024-01-08,11,MGSES_CT3,0.0,0.0,False,0.0
2024-01-08,11,MGSES_CT4,0.0,0.0,False,0.0
2024-01-08,11,MGSES_CT5,0.0,0.0,False,0.0
2024-01-08,11,MGSES_CT6,0.0,0.0,False,0.0
2024-01-08,11,MCSES_UNIT6,0.0,0.0,False,0.0
2024-01-08,11,MCSES_UNIT7,0.0,0.0,False,0.0
2024-01-08,11,MCSES_UNIT8,0.0,0.0,False,0.0
2024-01-08,11,NUECES_B_NUECESG8,0.0,0.0,False,0.0
2024-01-08,11,NUECES_B_NUECESG9,0.0,0.0,False,0.0
2024-01-08,11,NUECES_B_NUECESG7,0.0,0.0,False,0.0
2024-01-08,11,CALAVERS_OWS1,0.0,0.0,False,0.0
2024-01-08,11,CALAVERS_OWS2,0.0,0.0,False,0.0
2024-01-08,11,OECCS_CT11,0.0,0.0,False,0.0
2024-01-08,11,OECCS_CT12,0.0,0.0,False,0.0
2024-01-08,11,OECCS_CT21,0.0,0.0,False,0.0
2024-01-08,11,OECCS_CT22,0.0,0.0,False,0.0
2024-01-08,11,OECCS_UNIT1,0.0,0.0,False,0.0
2024-01-08,11,OECCS_UNIT2,0.0,0.0,False,0.0
2024-01-08,11,VICTPRT2_UNIT1,0.0,0.0,False,0.0
2024-01-08,11,VICTPRT2_UNIT2,0.0,0.0,False,0.0
2024-01-08,11,PANDA_S_SHER1CT1,69.6,162.4,True,1948.8
2024-01-08,11,PANDA_S_SHER1CT2,69.6,162.4,True,1948.8
2024-01-08,11,PANDA_S_SHER1ST1,105.93,247.17000000000002,True,2966.04
2024-01-08,11,PANDA_T1_TMPL1CT1,0.0,0.0,False,0.0
2024-01-08,11,PANDA_T1_TMPL1CT2,0.0,0.0,False,0.0
2024-01-08,11,PANDA_T1_TMPL1ST1,0.0,0.0,False,0.0
2024-01-08,11,PANDA_T2_TMPL2CT1,0.0,0.0,False,0.0
2024-01-08,11,PANDA_T2_TMPL2CT2,0.0,0.0,False,0.0
2024-01-08,11,PANDA_T2_TMPL2ST1,0.0,0.0,False,0.0
2024-01-08,11,TNSKA_GT1,27.27,63.63000000000001,True,763.56
2024-01-08,11,TNSKA_GT2,27.27,63.63000000000001,True,763.56
2024-01-08,11,TNSKA_STG,27.0,63.0,True,756.0
2024-01-08,11,PSG_PSG_GT2,117.65156220466127,97.44843779533872,True,3294.2437
2024-01-08,11,PSG_PSG_GT3,215.1,0.0,True,6022.8
2024-01-08,11,PSG_PSG_ST2,195.5,0.0,True,5474.0
2024-01-08,11,PEARSAL2_AGR_A,0.0,0.0,False,0.0
2024-01-08,11,PEARSAL2_AGR_B,0.0,0.0,False,0.0
2024-01-08,11,PEARSAL2_AGR_C,0.0,0.0,False,0.0
2024-01-08,11,PEARSAL2_AGR_D,0.0,0.0,False,0.0
2024-01-08,11,PB2SES_CT1,0.0,0.0,False,0.0
2024-01-08,11,PB2SES_CT2,0.0,0.0,False,0.0
2024-01-08,11,PB2SES_CT3,0.0,0.0,False,0.0
2024-01-08,11,PB2SES_CT4,0.0,0.0,False,0.0
2024-01-08,11,PB2SES_CT5,0.0,0.0,False,0.0
2024-01-08,11,PRO_UNIT1,0.0,0.0,False,0.0
2024-01-08,11,PRO_UNIT2,0.0,0.0,False,0.0
2024-01-08,11,PRO_UNIT3,0.0,0.0,False,0.0
2024-01-08,11,PRO_UNIT4,0.0,0.0,False,0.0
2024-01-08,11,PRO_UNIT5,0.0,0.0,False,0.0
2024-01-08,11,PRO_UNIT6,0.0,0.0,False,0.0
2024-01-08,11,PRO_UNIT7,0.0,0.0,False,0.0
2024-01-08,11,PRO_UNIT8,0.0,0.0,False,0.0
2024-01-08,11,BAC_CTG1,0.0,0.0,False,0.0
2024-01-08,11,BAC_CTG2,0.0,0.0,False,0.0
2024-01-08,11,BAC_CTG3,0.0,0.0,False,0.0
2024-01-08,11,BAC_CTG4,0.0,0.0,False,0.0
2024-01-08,11,BAC_CTG5,0.0,0.0,False,0.0
2024-01-08,11,BAC_CTG6,0.0,0.0,False,0.0
2024-01-08,11,STEAM1A_STEAM_1,0.0,0.0,False,0.0
2024-01-08,11,STEAM_STEAM_2,0.0,0.0,False,0.0
2024-01-08,11,STEAM_STEAM_3,0.0,0.0,False,0.0
2024-01-08,11,QALSW_GT1,0.0,0.0,False,0.0
2024-01-08,11,QALSW_GT2,0.0,0.0,False,0.0
2024-01-08,11,QALSW_GT3,0.0,0.0,False,0.0
2024-01-08,11,QALSW_GT4,0.0,0.0,False,0.0
2024-01-08,11,QALSW_STG1,0.0,0.0,False,0.0
2024-01-08,11,QALSW_STG2,0.0,0.0,False,0.0
2024-01-08,11,MIL_MILLERG4,0.0,0.0,False,0.0
2024-01-08,11,MIL_MILLERG5,0.0,0.0,False,0.0
2024-01-08,11,MIL_MILLERG1,0.0,0.0,False,0.0
2024-01-08,11,MIL_MILLERG2,0.0,0.0,False,0.0
2024-01-08,11,MIL_MILLERG3,0.0,0.0,False,0.0
2024-01-08,11,OLINGR_OLING_4,0.0,0.0,False,0.0
2024-01-08,11,OLINGR_OLING_2,0.0,0.0,False,0.0
2024-01-08,11,OLINGR_OLING_3,0.0,0.0,False,0.0
2024-01-08,11,RAB_UNIT1,0.0,0.0,False,0.0
2024-01-08,11,RAB_UNIT2,0.0,0.0,False,0.0
2024-01-08,11,RAB_UNIT3,0.0,0.0,False,0.0
2024-01-08,11,RAB_UNIT4,0.0,0.0,False,0.0
2024-01-08,11,RAB_UNIT5,0.0,0.0,False,0.0
2024-01-08,11,RAB_UNIT6,0.0,0.0,False,0.0
2024-01-08,11,RAB_UNIT7,0.0,0.0,False,0.0
2024-01-08,11,RAB_UNIT8,0.0,0.0,False,0.0
2024-01-08,11,REDGATE_AGR_A,0.0,0.0,False,0.0
2024-01-08,11,REDGATE_AGR_B,0.0,0.0,False,0.0
2024-01-08,11,REDGATE_AGR_C,0.0,0.0,False,0.0
2024-01-08,11,REDGATE_AGR_D,0.0,0.0,False,0.0
2024-01-08,11,JAD_UNIT1,0.0,0.0,False,0.0
2024-01-08,11,JAD_UNIT2,0.0,0.0,False,0.0
2024-01-08,11,JAD_UNIT3,0.0,0.0,False,0.0
2024-01-08,11,JAD_UNIT4,0.0,0.0,False,0.0
2024-01-08,11,JAD_UNIT5,0.0,0.0,False,0.0
2024-01-08,11,JAD_UNIT6,0.0,0.0,False,0.0
2024-01-08,11,JAD_UNIT7,0.0,0.0,False,0.0
2024-01-08,11,JAD_UNIT8,0.0,0.0,False,0.0
2024-01-08,11,RIONOG_CT1,0.0,0.0,False,0.0
2024-01-08,11,RIONOG_CT2,0.0,0.0,False,0.0
2024-01-08,11,RIONOG_CT3,0.0,0.0,False,0.0
2024-01-08,11,RIONOG_ST1,0.0,0.0,False,0.0
2024-01-08,11,RAYBURN_RAYBURG7,18.15,42.35,True,508.2
2024-01-08,11,RAYBURN_RAYBURG8,18.15,42.35,True,508.2
2024-01-08,11,RAYBURN_RAYBURG9,18.15,42.35,True,508.2
2024-01-08,11,RAYBURN_RAYBURG10,12.6,29.4,True,352.8
2024-01-08,11,SJS_SJS_G1,0.0,0.0,False,0.0
2024-01-08,11,SJS_SJS_G2,0.0,0.0,False,0.0
2024-01-08,11,SANDHSYD_SH1,0.0,0.0,False,0.0
2024-01-08,11,SANDHSYD_SH2,0.0,0.0,False,0.0
2024-01-08,11,SANDHSYD_SH3,0.0,0.0,False,0.0
2024-01-08,11,SANDHSYD_SH4,0.0,0.0,False,0.0
2024-01-08,11,SANDHSYD_SH_5A,0.0,0.0,False,0.0
2024-01-08,11,SANDHSYD_SH6,0.0,0.0,False,0.0
2024-01-08,11,SANDHSYD_SH7,0.0,0.0,False,0.0
2024-01-08,11,SANDHSYD_SH_5C,0.0,0.0,False,0.0
2024-01-08,11,SILASRAY_SILAS_10,0.0,0.0,False,0.0
2024-01-08,11,SILASRAY_SILAS_9,0.0,0.0,False,0.0
2024-01-08,11,SILASRAY_SILAS_6,0.0,0.0,False,0.0
2024-01-08,11,GIDEON_GIDEONG1,0.0,0.0,False,0.0
2024-01-08,11,GIDEON_GIDEONG2,0.0,0.0,False,0.0
2024-01-08,11,GIDEON_GIDEONG3,0.0,0.0,False,0.0
2024-01-08,11,SKY1_SKY1A,0.0,0.0,False,0.0
2024-01-08,11,SKY1_SKY1B,0.0,0.0,False,0.0
2024-01-08,11,SPNCER_SPNCE_4,0.0,0.0,False,0.0
2024-01-08,11,SPNCER_SPNCE_5,0.0,0.0,False,0.0
2024-01-08,11,SCSES_UNIT1A,0.0,0.0,False,0.0
2024-01-08,11,SCSES_UNIT2,0.0,0.0,False,0.0
2024-01-08,11,THW_THWGT_1,0.0,0.0,False,0.0
2024-01-08,11,THW_THWGT31,0.0,0.0,False,0.0
2024-01-08,11,THW_THWGT32,0.0,0.0,False,0.0
2024-01-08,11,THW_THWGT33,0.0,0.0,False,0.0
2024-01-08,11,THW_THWGT34,0.0,0.0,False,0.0
2024-01-08,11,THW_THWGT41,0.0,0.0,False,0.0
2024-01-08,11,THW_THWGT42,0.0,0.0,False,0.0
2024-01-08,11,THW_THWGT43,0.0,0.0,False,0.0
2024-01-08,11,THW_THWGT44,0.0,0.0,False,0.0
2024-01-08,11,THW_THWGT51,0.0,0.0,False,0.0
2024-01-08,11,THW_THWGT52,0.0,0.0,False,0.0
2024-01-08,11,THW_THWGT53,0.0,0.0,False,0.0
2024-01-08,11,THW_THWGT54,0.0,0.0,False,0.0
2024-01-08,11,THW_THWGT55,0.0,0.0,False,0.0
2024-01-08,11,THW_THWGT56,0.0,0.0,False,0.0
2024-01-08,11,THW_THWST_3,0.0,0.0,False,0.0
2024-01-08,11,THW_THWST_4,0.0,0.0,False,0.0
2024-01-08,11,TXCTY_CTA,129.1,0.0,True,3614.8
2024-01-08,11,TXCTY_CTB,129.1,0.0,True,3614.8
2024-01-08,11,TXCTY_CTC,129.1,0.0,True,3614.8
2024-01-08,11,TXCTY_ST,143.7,0.0,True,4023.6
2024-01-08,11,TGS_GT01,0.0,0.0,False,0.0
2024-01-08,11,TIMPP_AGR1,0.0,0.0,False,0.0
2024-01-08,11,TIMPP_AGR2,0.0,0.0,False,0.0
2024-01-08,11,TIMPP_AGR3,0.0,0.0,False,0.0
2024-01-08,11,TIMPP_AGR4,0.0,0.0,False,0.0
2024-01-08,11,TRSES_UNIT6,0.0,0.0,False,0.0
2024-01-08,11,TOPAZ_UNIT1,0.0,0.0,False,0.0
2024-01-08,11,TOPAZ_UNIT2,0.0,0.0,False,0.0
2024-01-08,11,TOPAZ_UNIT3,0.0,0.0,False,0.0
2024-01-08,11,TOPAZ_UNIT4,0.0,0.0,False,0.0
2024-01-08,11,TOPAZ_UNIT5,0.0,0.0,False,0.0
2024-01-08,11,TOPAZ_UNIT6,0.0,0.0,False,0.0
2024-01-08,11,TOPAZ_UNIT7,0.0,0.0,False,0.0
2024-01-08,11,TOPAZ_UNIT8,0.0,0.0,False,0.0
2024-01-08,11,TOPAZ_UNIT9,0.0,0.0,False,0.0
2024-01-08,11,TOPAZ_UNIT10,0.0,0.0,False,0.0
2024-01-08,11,BRAUNIG_VHB6CT5,0.0,0.0,False,0.0
2024-01-08,11,BRAUNIG_VHB6CT6,0.0,0.0,False,0.0
2024-01-08,11,BRAUNIG_VHB6CT7,0.0,0.0,False,0.0
2024-01-08,11,BRAUNIG_VHB6CT8,0.0,0.0,False,0.0
2024-01-08,11,CITYVICT_CTG01,0.0,0.0,False,0.0
2024-01-08,11,CITYVICT_CTG02,0.0,0.0,False,0.0
2024-01-08,11,VICTPORT_CTG01,0.0,0.0,False,0.0
2024-01-08,11,VICTPORT_CTG02,0.0,0.0,False,0.0
2024-01-08,11,VICTORIA_VICTORG6,0.0,0.0,False,0.0
2024-01-08,11,VICTORIA_VICTORG5,0.0,0.0,False,0.0
2024-01-08,11,WAP_WAPGT_1,0.0,0.0,False,0.0
2024-01-08,11,WAP_WAP_G1,0.0,0.0,False,0.0
2024-01-08,11,WAP_WAP_G2,0.0,0.0,False,0.0
2024-01-08,11,WAP_WAP_G3,0.0,0.0,False,0.0
2024-01-08,11,WAP_WAP_G4,0.0,0.0,False,0.0
2024-01-08,11,WFCOGEN_UNIT1,0.0,0.0,False,0.0
2024-01-08,11,WFCOGEN_UNIT2,0.0,0.0,False,0.0
2024-01-08,11,WFCOGEN_UNIT3,0.0,0.0,False,0.0
2024-01-08,11,WIPOPA_WPP_G1,0.0,0.0,False,0.0
2024-01-08,11,WIPOPA_WPP_G2,0.0,0.0,False,0.0
2024-01-08,11,WIPOPA_WPP_G3,0.0,0.0,False,0.0
2024-01-08,11,WIPOPA_WPP_G4,0.0,0.0,False,0.0
2024-01-08,11,WCPP_CT1,82.5,192.5,True,2310.0
2024-01-08,11,WCPP_CT2,82.5,192.5,True,2310.0
2024-01-08,11,WCPP_ST1,89.4,208.6,True,2503.2
2024-01-08,11,WHCCS_CT1,0.0,0.0,False,0.0
2024-01-08,11,WHCCS_CT2,0.0,0.0,False,0.0
2024-01-08,11,WHCCS_STG,0.0,0.0,False,0.0
2024-01-08,11,WHCCS2_CT4,0.0,0.0,False,0.0
2024-01-08,11,WHCCS2_CT5,0.0,0.0,False,0.0
2024-01-08,11,WHCCS2_STG6,0.0,0.0,False,0.0
2024-01-08,11,NACPW_UNIT1,0.0,0.0,False,0.0
2024-01-08,11,HBR_2UNITS,0.0,0.0,False,0.0
2024-01-08,11,TRIRA_1UNIT,0.0,0.0,False,0.0
2024-01-08,11,78252_4UNITS,0.0,0.0,False,0.0
2024-01-08,11,SPRIN_4UNITS,0.0,0.0,False,0.0
2024-01-08,11,FREIH_2UNITS,0.0,0.0,False,0.0
2024-01-08,11,WSTHL_3UNITS,0.0,0.0,False,0.0
2024-01-08,11,FEGC_CTG2,0.0,0.0,False,0.0
2024-01-08,11,FEGC_CTG3,0.0,0.0,False,0.0
2024-01-08,11,FEGC_CTG4,0.0,0.0,False,0.0
2024-01-08,11,OLNEYTN_AGR1,0.0,0.0,False,0.0
2024-01-08,11,AMISTAD_AMISTAG1,37.9,0.0,True,37.9
2024-01-08,11,AMISTAD_AMISTAG2,37.9,0.0,True,37.9
2024-01-08,11,AUSTPL_AUSTING1,9.0,0.0,True,9.0
2024-01-08,11,AUSTPL_AUSTING2,9.0,0.0,True,9.0
2024-01-08,11,BUCHAN_BUCHANG1,18.299999999999997,3.552713678800501e-15,True,18.3
2024-01-08,11,BUCHAN_BUCHANG2,18.299999999999997,3.552713678800501e-15,True,18.3
2024-01-08,11,BUCHAN_BUCHANG3,18.299999999999997,3.552713678800501e-15,True,18.3
2024-01-08,11,DNDAM_DENISOG1,50.8,0.0,True,50.8
2024-01-08,11,DNDAM_DENISOG2,50.8,0.0,True,50.8
2024-01-08,11,FALCON_FALCONG1,12.0,0.0,True,12.0
2024-01-08,11,FALCON_FALCONG2,12.0,0.0,True,12.0
2024-01-08,11,FALCON_FALCONG3,12.0,0.0,True,12.0
2024-01-08,11,WIRTZ_WIRTZ_G1,29.0,0.0,True,29.0
2024-01-08,11,WIRTZ_WIRTZ_G2,29.0,0.0,True,29.0
2024-01-08,11,CANYHY_CANYHYG1,6.0,0.0,True,6.0
2024-01-08,11,INKSDA_INKS_G1,15.0,0.0,True,15.0
2024-01-08,11,MARBFA_MARBFAG1,21.0,0.0,True,21.0
2024-01-08,11,MARBFA_MARBFAG2,20.0,0.0,True,20.0
2024-01-08,11,MARSFO_MARSFOG1,36.0,0.0,True,36.0
2024-01-08,11,MARSFO_MARSFOG2,36.0,0.0,True,36.0
2024-01-08,11,MARSFO_MARSFOG3,36.0,0.0,True,36.0
2024-01-08,11,WND_WHITNEY1,22.0,0.0,True,22.0
2024-01-08,11,WND_WHITNEY2,22.0,0.0,True,22.0
2024-01-08,11,AEEC_ANTLP_1,0.0,0.0,False,0.0
2024-01-08,11,AEEC_ANTLP_2,0.0,0.0,False,0.0
2024-01-08,11,AEEC_ANTLP_3,0.0,0.0,False,0.0
2024-01-08,11,AEEC_ELK_1,0.0,0.0,False,0.0
2024-01-08,11,AEEC_ELK_2,0.0,0.0,False,0.0
2024-01-08,11,AEEC_ELK_3,0.0,0.0,False,0.0
2024-01-08,11,FTR_FTR_G1,0.0,0.0,False,0.0
2024-01-08,11,FTR_FTR_G2,0.0,0.0,False,0.0
2024-01-08,11,FTR_FTR_G3,0.0,0.0,False,0.0
2024-01-08,11,FTR_FTR_G4,0.0,0.0,False,0.0
2024-01-08,11,TGCCS_CT1,0.0,0.0,False,0.0
2024-01-08,11,TGCCS_CT2,0.0,0.0,False,0.0
2024-01-08,11,TGCCS_CT3,0.0,0.0,False,0.0
2024-01-08,11,TGCCS_UNIT4,0.0,0.0,False,0.0
2024-01-08,11,KMCHI_1CT101,55.5,129.5,True,1554.0
2024-01-08,11,KMCHI_1CT201,55.5,129.5,True,1554.0
2024-01-08,11,KMCHI_1ST,99.0,231.0,True,2772.0
2024-01-08,11,KMCHI_2CT101,55.5,129.5,True,1554.0
2024-01-08,11,KMCHI_2CT201,55.5,129.5,True,1554.0
2024-01-08,11,KMCHI_2ST,99.0,231.0,True,2772.0
2024-01-08,11,A4_DGR1,0.0,0.0,False,0.0
2024-01-08,11,A4_DGR2,0.0,0.0,False,0.0
2024-01-08,11,K2_DGR1,0.0,0.0,False,0.0
2024-01-08,11,K2_DGR2,0.0,0.0,False,0.0
2024-01-08,11,P2_DGR1,0.0,0.0,False,0.0
2024-01-08,11,P2_DGR2,0.0,0.0,False,0.0
2024-01-08,11,Q1_DGR1,0.0,0.0,False,0.0
2024-01-08,11,BRAUNIG_VHB3,0.0,0.0,False,0.0
2024-01-08,11,V2_DGR1,0.0,0.0,False,0.0
2024-01-08,11,V2_DGR2,0.0,0.0,False,0.0
2024-01-08,11,V2_DGR3,0.0,0.0,False,0.0
2024-01-08,11,V4_DGR1,0.0,0.0,False,0.0
2024-01-08,11,X1_DGR1,0.0,0.0,False,0.0
2024-01-08,11,Z0_DGR1,0.0,0.0,False,0.0
2024-01-08,11,Z0_DGR2,0.0,0.0,False,0.0
2024-01-08,11,Z5_DGR1,0.0,0.0,False,0.0
2024-01-08,11,DC_E,0.0,0.0,False,0.0
2024-01-08,11,DC_N,0.0,0.0,False,0.0
2024-01-08,11,DC_L,0.0,0.0,False,0.0
2024-01-08,11,DC_R,0.0,0.0,False,0.0
2024-01-08,11,CEDARVALE_GAS,0.0,0.0,False,0.0
2024-01-08,11,ENCHANTED_ROCK_NEWPP,0.0,0.0,False,0.0
2024-01-08,12,CPSES_UNIT1,1269.0,0.0,True,10152.0
2024-01-08,12,CPSES_UNIT2,1269.0,0.0,True,10152.0
2024-01-08,12,STP_STP_G1,1228.5,136.5,True,9828.0
2024-01-08,12,STP_STP_G2,1228.5,136.5,True,9828.0
2024-01-08,12,COLETO_COLETOG1,0.0,0.0,False,0.0
2024-01-08,12,FPPYD1_FPP_G1,0.0,0.0,False,0.0
2024-01-08,12,FPPYD1_FPP_G2,0.0,0.0,False,0.0
2024-01-08,12,FPPYD2_FPP_G3,0.0,0.0,False,0.0
2024-01-08,12,CALAVERS_JKS1,0.0,0.0,False,0.0
2024-01-08,12,CALAVERS_JKS2,0.0,0.0,False,0.0
2024-01-08,12,LEG_LEG_G1,357.2,535.8,True,8930.0
2024-01-08,12,LEG_LEG_G2,382.72,574.0799999999999,True,9568.0
2024-01-08,12,MLSES_UNIT1,357.2,535.8,True,8930.0
2024-01-08,12,MLSES_UNIT2,357.2,535.8,True,8930.0
2024-01-08,12,MLSES_UNIT3,842.305514512427,50.69448548757305,True,21057.6379
2024-01-08,12,OGSES_UNIT1A,0.0,0.0,False,0.0
2024-01-08,12,OGSES_UNIT2,0.0,0.0,False,0.0
2024-01-08,12,SANMIGL_G1,0.0,0.0,False,0.0
2024-01-08,12,SCES_UNIT1,0.0,0.0,False,0.0
2024-01-08,12,TNP_ONE_TNP_O_1,0.0,0.0,False,0.0
2024-01-08,12,TNP_ONE_TNP_O_2,0.0,0.0,False,0.0
2024-01-08,12,WAP_WAP_G5,734.1,0.0,True,18352.5
2024-01-08,12,WAP_WAP_G6,487.6260779993929,246.4739220006071,True,12190.6519
2024-01-08,12,WAP_WAP_G7,614.6,0.0,True,15365.0
2024-01-08,12,WAP_WAP_G8,654.0,0.0,True,16350.0
2024-01-08,12,BRAUNIG_AVR1_CT1,0.0,0.0,False,0.0
2024-01-08,12,BRAUNIG_AVR1_CT2,0.0,0.0,False,0.0
2024-01-08,12,BRAUNIG_AVR1_ST,0.0,0.0,False,0.0
2024-01-08,12,ATKINS_ATKINSG7,0.0,0.0,False,0.0
2024-01-08,12,B_DAVIS_B_DAVIG3,0.0,0.0,False,0.0
2024-01-08,12,B_DAVIS_B_DAVIG4,0.0,0.0,False,0.0
2024-01-08,12,B_DAVIS_B_DAVIG1,0.0,0.0,False,0.0
2024-01-08,12,B_DAVIS_B_DAVIG2,0.0,0.0,False,0.0
2024-01-08,12,BASTEN_GTG1100,0.0,0.0,False,0.0
2024-01-08,12,BASTEN_GTG2100,0.0,0.0,False,0.0
2024-01-08,12,BASTEN_ST0100,0.0,0.0,False,0.0
2024-01-08,12,BCH_UNIT1,6.05,54.45,True,254.1
2024-01-08,12,BCH_UNIT2,6.05,54.45,True,254.1
2024-01-08,12,BCH_UNIT3,6.05,54.45,True,254.1
2024-01-08,12,BCH_UNIT4,6.05,54.45,True,254.1
2024-01-08,12,BCH_UNIT5,6.05,54.45,True,254.1
2024-01-08,12,BCH_UNIT6,6.05,54.45,True,254.1
2024-01-08,12,BCH_UNIT7,6.05,54.45,True,254.1
2024-01-08,12,BCH_UNIT8,6.05,54.45,True,254.1
2024-01-08,12,BOSQUESW_BSQSU_1,0.0,0.0,False,0.0
2024-01-08,12,BOSQUESW_BSQSU_2,0.0,0.0,False,0.0
2024-01-08,12,BOSQUESW_BSQSU_3,0.0,0.0,False,0.0
2024-01-08,12,BOSQUESW_BSQSU_4,0.0,0.0,False,0.0
2024-01-08,12,BOSQUESW_BSQSU_5,0.0,0.0,False,0.0
2024-01-08,12,BVE_UNIT1,0.0,0.0,False,0.0
2024-01-08,12,BVE_UNIT2,0.0,0.0,False,0.0
2024-01-08,12,BVE_UNIT3,0.0,0.0,False,0.0
2024-01-08,12,BTM_UNIT1,0.0,0.0,False,0.0
2024-01-08,12,BTM_UNIT2,0.0,0.0,False,0.0
2024-01-08,12,BTM_UNIT3,0.0,0.0,False,0.0
2024-01-08,12,BTM_UNIT4,0.0,0.0,False,0.0
2024-01-08,12,BTM_UNIT5,0.0,0.0,False,0.0
2024-01-08,12,BTM_UNIT6,0.0,0.0,False,0.0
2024-01-08,12,BTM_UNIT7,0.0,0.0,False,0.0
2024-01-08,12,BTM_UNIT8,0.0,0.0,False,0.0
2024-01-08,12,FLCNS_UNIT1,0.0,0.0,False,0.0
2024-01-08,12,FLCNS_UNIT2,0.0,0.0,False,0.0
2024-01-08,12,CALHOUN_UNIT1,0.0,0.0,False,0.0
2024-01-08,12,CALHOUN_UNIT2,0.0,0.0,False,0.0
2024-01-08,12,CHAMON_CTG_0101,0.0,0.0,False,0.0
2024-01-08,12,CHAMON_CTG_0301,0.0,0.0,False,0.0
2024-01-08,12,CBY4_CT41,61.5,143.5,True,1722.0
2024-01-08,12,CBY4_CT42,61.5,143.5,True,1722.0
2024-01-08,12,CBY4_ST04,61.5,143.5,True,1722.0
2024-01-08,12,CBY_CBY_G1,0.0,0.0,False,0.0
2024-01-08,12,CBY_CBY_G2,0.0,0.0,False,0.0
2024-01-08,12,CBEC_GT1,0.0,0.0,False,0.0
2024-01-08,12,CBEC_GT2,0.0,0.0,False,0.0
2024-01-08,12,CBEC_GT3,0.0,0.0,False,0.0
2024-01-08,12,CBEC_GT4,0.0,0.0,False,0.0
2024-01-08,12,CBEC_STG1,0.0,0.0,False,0.0
2024-01-08,12,CBEC_STG2,0.0,0.0,False,0.0
2024-01-08,12,CBECII_CT7,0.0,0.0,False,0.0
2024-01-08,12,CBECII_CT8,0.0,0.0,False,0.0
2024-01-08,12,CBECII_STG9,0.0,0.0,False,0.0
2024-01-08,12,CBEC_GT11,0.0,0.0,False,0.0
2024-01-08,12,CBEC_GT12,0.0,0.0,False,0.0
2024-01-08,12,CVC_CVC_G1,0.0,0.0,False,0.0
2024-01-08,12,CVC_CVC_G2,0.0,0.0,False,0.0
2024-01-08,12,CVC_CVC_G3,57.63,134.47,True,1613.64
2024-01-08,12,CVC_CVC_G5,45.0,105.0,True,1260.0
2024-01-08,12,DANSBY_DANSBYG2,0.0,0.0,False,0.0
2024-01-08,12,DANSBY_DANSBYG3,0.0,0.0,False,0.0
2024-01-08,12,DANSBY_DANSBYG1,0.0,0.0,False,0.0
2024-01-08,12,DECKER_DPGT_1,0.0,0.0,False,0.0
2024-01-08,12,DECKER_DPGT_2,0.0,0.0,False,0.0
2024-01-08,12,DECKER_DPGT_3,0.0,0.0,False,0.0
2024-01-08,12,DECKER_DPGT_4,0.0,0.0,False,0.0
2024-01-08,12,DCSES_CT10,0.0,0.0,False,0.0
2024-01-08,12,DCSES_CT20,0.0,0.0,False,0.0
2024-01-08,12,DCSES_CT30,0.0,0.0,False,0.0
2024-01-08,12,DCSES_CT40,0.0,0.0,False,0.0
2024-01-08,12,DDPEC_GT1,60.9,142.1,True,1705.2
2024-01-08,12,DDPEC_GT2,64.5,150.5,True,1806.0
2024-01-08,12,DDPEC_GT3,60.9,142.1,True,1705.2
2024-01-08,12,DDPEC_GT4,215.0,0.0,True,6020.0
2024-01-08,12,DDPEC_GT6,123.93779657456328,75.06220342543673,True,3470.2583
2024-01-08,12,DDPEC_ST1,87.0,203.0,True,2436.0
2024-01-08,12,DEC_AGR_A,0.0,0.0,False,0.0
2024-01-08,12,DEC_AGR_B,0.0,0.0,False,0.0
2024-01-08,12,DEC_AGR_C,0.0,0.0,False,0.0
2024-01-08,12,DEC_AGR_D,0.0,0.0,False,0.0
2024-01-08,12,ECEC_G1,0.0,0.0,False,0.0
2024-01-08,12,ECEC_G2,0.0,0.0,False,0.0
2024-01-08,12,ETCCS_CT1,0.0,0.0,False,0.0
2024-01-08,12,ETCCS_UNIT1,0.0,0.0,False,0.0
2024-01-08,12,AZ_AZ_G1,0.0,0.0,False,0.0
2024-01-08,12,AZ_AZ_G2,0.0,0.0,False,0.0
2024-01-08,12,AZ_AZ_G3,0.0,0.0,False,0.0
2024-01-08,12,AZ_AZ_G4,0.0,0.0,False,0.0
2024-01-08,12,FERGCC_FERGGT1,0.0,0.0,False,0.0
2024-01-08,12,FERGCC_FERGGT2,0.0,0.0,False,0.0
2024-01-08,12,FERGCC_FERGST1,0.0,0.0,False,0.0
2024-01-08,12,FRNYPP_GT11,0.0,0.0,False,0.0
2024-01-08,12,FRNYPP_GT12,0.0,0.0,False,0.0
2024-01-08,12,FRNYPP_GT13,0.0,0.0,False,0.0
2024-01-08,12,FRNYPP_GT21,0.0,0.0,False,0.0
2024-01-08,12,FRNYPP_GT22,0.0,0.0,False,0.0
2024-01-08,12,FRNYPP_GT23,0.0,0.0,False,0.0
2024-01-08,12,FRNYPP_ST10,0.0,0.0,False,0.0
2024-01-08,12,FRNYPP_ST20,0.0,0.0,False,0.0
2024-01-08,12,FREC_GT1,0.0,0.0,False,0.0
2024-01-08,12,FREC_GT2,0.0,0.0,False,0.0
2024-01-08,12,FREC_GT4,0.0,0.0,False,0.0
2024-01-08,12,FREC_GT5,0.0,0.0,False,0.0
2024-01-08,12,FREC_ST3,0.0,0.0,False,0.0
2024-01-08,12,FREC_ST6,0.0,0.0,False,0.0
2024-01-08,12,FEGC_UNIT1,0.0,0.0,False,0.0
2024-01-08,12,FRONT_EC_CT1,0.0,0.0,False,0.0
2024-01-08,12,FRONT_EC_CT2,0.0,0.0,False,0.0
2024-01-08,12,FRONT_EC_ST,0.0,0.0,False,0.0
2024-01-08,12,GRSES_UNIT1,0.0,0.0,False,0.0
2024-01-08,12,GRSES_UNIT2,0.0,0.0,False,0.0
2024-01-08,12,GBY_GBYGT73,0.0,0.0,False,0.0
2024-01-08,12,GBY_GBYGT74,0.0,0.0,False,0.0
2024-01-08,12,GBY_GBYGT81,0.0,0.0,False,0.0
2024-01-08,12,GBY_GBYGT82,0.0,0.0,False,0.0
2024-01-08,12,GBY_GBYGT83,0.0,0.0,False,0.0
2024-01-08,12,GBY_GBYGT84,0.0,0.0,False,0.0
2024-01-08,12,STEAM_ENGINE_1,0.0,0.0,False,0.0
2024-01-08,12,STEAM_ENGINE_2,0.0,0.0,False,0.0
2024-01-08,12,STEAM_ENGINE_3,0.0,0.0,False,0.0
2024-01-08,12,LGE_LGE_GT1,0.0,0.0,False,0.0
2024-01-08,12,LGE_LGE_GT2,0.0,0.0,False,0.0
2024-01-08,12,LGE_LGE_STG,0.0,0.0,False,0.0
2024-01-08,12,GUADG_GAS1,0.0,0.0,False,0.0
2024-01-08,12,GUADG_GAS2,0.0,0.0,False,0.0
2024-01-08,12,GUADG_GAS3,0.0,0.0,False,0.0
2024-01-08,12,GUADG_GAS4,0.0,0.0,False,0.0
2024-01-08,12,GUADG_STM5,0.0,0.0,False,0.0
2024-01-08,12,GUADG_STM6,0.0,0.0,False,0.0
2024-01-08,12,HLSES_UNIT3,0.0,0.0,False,0.0
2024-01-08,12,HLSES_UNIT4,0.0,0.0,False,0.0
2024-01-08,12,HLSES_UNIT5,0.0,0.0,False,0.0
2024-01-08,12,HAYSEN_HAYSENG1,0.0,0.0,False,0.0
2024-01-08,12,HAYSEN_HAYSENG2,0.0,0.0,False,0.0
2024-01-08,12,HAYSEN_HAYSENG3,0.0,0.0,False,0.0
2024-01-08,12,HAYSEN_HAYSENG4,0.0,0.0,False,0.0
2024-01-08,12,DUKE_DUKE_GT1,0.0,0.0,False,0.0
2024-01-08,12,DUKE_DUKE_GT2,0.0,0.0,False,0.0
2024-01-08,12,DUKE_DUKE_ST1,0.0,0.0,False,0.0
2024-01-08,12,JACKCNTY_CT1,59.67,139.23,True,1670.76
2024-01-08,12,JACKCNTY_CT2,59.67,139.23,True,1670.76
2024-01-08,12,JCKCNTY2_CT3,59.67,139.23,True,1670.76
2024-01-08,12,JCKCNTY2_CT4,59.67,139.23,True,1670.76
2024-01-08,12,JACKCNTY_STG,96.18,224.42000000000002,True,2693.04
2024-01-08,12,JCKCNTY2_ST2,96.18,224.42000000000002,True,2693.04
2024-01-08,12,TEN_CT1,0.0,0.0,False,0.0
2024-01-08,12,TEN_STG,0.0,0.0,False,0.0
2024-01-08,12,LHSES_UNIT1,0.0,0.0,False,0.0
2024-01-08,12,LHSES_UNIT2A,0.0,0.0,False,0.0
2024-01-08,12,LPCCS_CT11,55.8,130.2,True,1562.4
2024-01-08,12,LPCCS_CT12,55.8,130.2,True,1562.4
2024-01-08,12,LPCCS_CT21,55.8,130.2,True,1562.4
2024-01-08,12,LPCCS_CT22,55.8,130.2,True,1562.4
2024-01-08,12,LPCCS_UNIT1,64.8,151.2,True,1814.4
2024-01-08,12,LPCCS_UNIT2,64.8,151.2,True,1814.4
2024-01-08,12,LARDVFTN_G4,0.0,0.0,False,0.0
2024-01-08,12,LARDVFTN_G5,0.0,0.0,False,0.0
2024-01-08,12,LEON_CRK_LCPCT1,0.0,0.0,False,0.0
2024-01-08,12,LEON_CRK_LCPCT2,0.0,0.0,False,0.0
2024-01-08,12,LEON_CRK_LCPCT3,0.0,0.0,False,0.0
2024-01-08,12,LEON_CRK_LCPCT4,0.0,0.0,False,0.0
2024-01-08,12,LIG_UNIT1,0.0,0.0,False,0.0
2024-01-08,12,LIG_UNIT2,0.0,0.0,False,0.0
2024-01-08,12,LOSTPI_LOSTPGT1,0.0,0.0,False,0.0
2024-01-08,12,LOSTPI_LOSTPGT2,0.0,0.0,False,0.0
2024-01-08,12,LOSTPI_LOSTPST1,0.0,0.0,False,0.0
2024-01-08,12,NEDIN_NEDIN_G1,0.0,0.0,False,0.0
2024-01-08,12,NEDIN_NEDIN_G2,0.0,0.0,False,0.0
2024-01-08,12,NEDIN_NEDIN_G3,0.0,0.0,False,0.0
2024-01-08,12,MDANP_CT1,0.0,0.0,False,0.0
2024-01-08,12,MDANP_CT2,0.0,0.0,False,0.0
2024-01-08,12,MDANP_CT3,0.0,0.0,False,0.0
2024-01-08,12,MDANP_CT4,0.0,0.0,False,0.0
2024-01-08,12,MDANP_CT5,0.0,0.0,False,0.0
2024-01-08,12,MDANP_CT6,0.0,0.0,False,0.0
2024-01-08,12,MGSES_CT1,0.0,0.0,False,0.0
2024-01-08,12,MGSES_CT2,0.0,0.0,False,0.0
2024-01-08,12,MGSES_CT3,0.0,0.0,False,0.0
2024-01-08,12,MGSES_CT4,0.0,0.0,False,0.0
2024-01-08,12,MGSES_CT5,0.0,0.0,False,0.0
2024-01-08,12,MGSES_CT6,0.0,0.0,False,0.0
2024-01-08,12,MCSES_UNIT6,0.0,0.0,False,0.0
2024-01-08,12,MCSES_UNIT7,0.0,0.0,False,0.0
2024-01-08,12,MCSES_UNIT8,0.0,0.0,False,0.0
2024-01-08,12,NUECES_B_NUECESG8,0.0,0.0,False,0.0
2024-01-08,12,NUECES_B_NUECESG9,0.0,0.0,False,0.0
2024-01-08,12,NUECES_B_NUECESG7,0.0,0.0,False,0.0
2024-01-08,12,CALAVERS_OWS1,0.0,0.0,False,0.0
2024-01-08,12,CALAVERS_OWS2,0.0,0.0,False,0.0
2024-01-08,12,OECCS_CT11,0.0,0.0,False,0.0
2024-01-08,12,OECCS_CT12,0.0,0.0,False,0.0
2024-01-08,12,OECCS_CT21,0.0,0.0,False,0.0
2024-01-08,12,OECCS_CT22,0.0,0.0,False,0.0
2024-01-08,12,OECCS_UNIT1,0.0,0.0,False,0.0
2024-01-08,12,OECCS_UNIT2,0.0,0.0,False,0.0
2024-01-08,12,VICTPRT2_UNIT1,0.0,0.0,False,0.0
2024-01-08,12,VICTPRT2_UNIT2,0.0,0.0,False,0.0
2024-01-08,12,PANDA_S_SHER1CT1,69.6,162.4,True,1948.8
2024-01-08,12,PANDA_S_SHER1CT2,69.6,162.4,True,1948.8
2024-01-08,12,PANDA_S_SHER1ST1,105.93,247.17000000000002,True,2966.04
2024-01-08,12,PANDA_T1_TMPL1CT1,0.0,0.0,False,0.0
2024-01-08,12,PANDA_T1_TMPL1CT2,0.0,0.0,False,0.0
2024-01-08,12,PANDA_T1_TMPL1ST1,0.0,0.0,False,0.0
2024-01-08,12,PANDA_T2_TMPL2CT1,0.0,0.0,False,0.0
2024-01-08,12,PANDA_T2_TMPL2CT2,0.0,0.0,False,0.0
2024-01-08,12,PANDA_T2_TMPL2ST1,0.0,0.0,False,0.0
2024-01-08,12,TNSKA_GT1,27.27,63.63000000000001,True,763.56
2024-01-08,12,TNSKA_GT2,27.27,63.63000000000001,True,763.56
2024-01-08,12,TNSKA_STG,27.0,63.0,True,756.0
2024-01-08,12,PSG_PSG_GT2,215.1,0.0,True,6022.8
2024-01-08,12,PSG_PSG_GT3,215.1,0.0,True,6022.8
2024-01-08,12,PSG_PSG_ST2,195.5,0.0,True,5474.0
2024-01-08,12,PEARSAL2_AGR_A,0.0,0.0,False,0.0
2024-01-08,12,PEARSAL2_AGR_B,0.0,0.0,False,0.0
2024-01-08,12,PEARSAL2_AGR_C,0.0,0.0,False,0.0
2024-01-08,12,PEARSAL2_AGR_D,0.0,0.0,False,0.0
2024-01-08,12,PB2SES_CT1,0.0,0.0,False,0.0
2024-01-08,12,PB2SES_CT2,0.0,0.0,False,0.0
2024-01-08,12,PB2SES_CT3,0.0,0.0,False,0.0
2024-01-08,12,PB2SES_CT4,0.0,0.0,False,0.0
2024-01-08,12,PB2SES_CT5,0.0,0.0,False,0.0
2024-01-08,12,PRO_UNIT1,0.0,0.0,False,0.0
2024-01-08,12,PRO_UNIT2,0.0,0.0,False,0.0
2024-01-08,12,PRO_UNIT3,0.0,0.0,False,0.0
2024-01-08,12,PRO_UNIT4,0.0,0.0,False,0.0
2024-01-08,12,PRO_UNIT5,0.0,0.0,False,0.0
2024-01-08,12,PRO_UNIT6,0.0,0.0,False,0.0
2024-01-08,12,PRO_UNIT7,0.0,0.0,False,0.0
2024-01-08,12,PRO_UNIT8,0.0,0.0,False,0.0
2024-01-08,12,BAC_CTG1,0.0,0.0,False,0.0
2024-01-08,12,BAC_CTG2,0.0,0.0,False,0.0
2024-01-08,12,BAC_CTG3,0.0,0.0,False,0.0
2024-01-08,12,BAC_CTG4,0.0,0.0,False,0.0
2024-01-08,12,BAC_CTG5,0.0,0.0,False,0.0
2024-01-08,12,BAC_CTG6,0.0,0.0,False,0.0
2024-01-08,12,STEAM1A_STEAM_1,0.0,0.0,False,0.0
2024-01-08,12,STEAM_STEAM_2,0.0,0.0,False,0.0
2024-01-08,12,STEAM_STEAM_3,0.0,0.0,False,0.0
2024-01-08,12,QALSW_GT1,0.0,0.0,False,0.0
2024-01-08,12,QALSW_GT2,0.0,0.0,False,0.0
2024-01-08,12,QALSW_GT3,0.0,0.0,False,0.0
2024-01-08,12,QALSW_GT4,0.0,0.0,False,0.0
2024-01-08,12,QALSW_STG1,0.0,0.0,False,0.0
2024-01-08,12,QALSW_STG2,0.0,0.0,False,0.0
2024-01-08,12,MIL_MILLERG4,0.0,0.0,False,0.0
2024-01-08,12,MIL_MILLERG5,0.0,0.0,False,0.0
2024-01-08,12,MIL_MILLERG1,0.0,0.0,False,0.0
2024-01-08,12,MIL_MILLERG2,0.0,0.0,False,0.0
2024-01-08,12,MIL_MILLERG3,0.0,0.0,False,0.0
2024-01-08,12,OLINGR_OLING_4,0.0,0.0,False,0.0
2024-01-08,12,OLINGR_OLING_2,0.0,0.0,False,0.0
2024-01-08,12,OLINGR_OLING_3,0.0,0.0,False,0.0
2024-01-08,12,RAB_UNIT1,0.0,0.0,False,0.0
2024-01-08,12,RAB_UNIT2,0.0,0.0,False,0.0
2024-01-08,12,RAB_UNIT3,0.0,0.0,False,0.0
2024-01-08,12,RAB_UNIT4,0.0,0.0,False,0.0
2024-01-08,12,RAB_UNIT5,0.0,0.0,False,0.0
2024-01-08,12,RAB_UNIT6,0.0,0.0,False,0.0
2024-01-08,12,RAB_UNIT7,0.0,0.0,False,0.0
2024-01-08,12,RAB_UNIT8,0.0,0.0,False,0.0
2024-01-08,12,REDGATE_AGR_A,0.0,0.0,False,0.0
2024-01-08,12,REDGATE_AGR_B,0.0,0.0,False,0.0
2024-01-08,12,REDGATE_AGR_C,0.0,0.0,False,0.0
2024-01-08,12,REDGATE_AGR_D,0.0,0.0,False,0.0
2024-01-08,12,JAD_UNIT1,0.0,0.0,False,0.0
2024-01-08,12,JAD_UNIT2,0.0,0.0,False,0.0
2024-01-08,12,JAD_UNIT3,0.0,0.0,False,0.0
2024-01-08,12,JAD_UNIT4,0.0,0.0,False,0.0
2024-01-08,12,JAD_UNIT5,0.0,0.0,False,0.0
2024-01-08,12,JAD_UNIT6,0.0,0.0,False,0.0
2024-01-08,12,JAD_UNIT7,0.0,0.0,False,0.0
2024-01-08,12,JAD_UNIT8,0.0,0.0,False,0.0
2024-01-08,12,RIONOG_CT1,0.0,0.0,False,0.0
2024-01-08,12,RIONOG_CT2,0.0,0.0,False,0.0
2024-01-08,12,RIONOG_CT3,0.0,0.0,False,0.0
2024-01-08,12,RIONOG_ST1,0.0,0.0,False,0.0
2024-01-08,12,RAYBURN_RAYBURG7,18.15,42.35,True,508.2
2024-01-08,12,RAYBURN_RAYBURG8,18.15,42.35,True,508.2
2024-01-08,12,RAYBURN_RAYBURG9,18.15,42.35,True,508.2
2024-01-08,12,RAYBURN_RAYBURG10,12.6,29.4,True,352.8
2024-01-08,12,SJS_SJS_G1,0.0,0.0,False,0.0
2024-01-08,12,SJS_SJS_G2,0.0,0.0,False,0.0
2024-01-08,12,SANDHSYD_SH1,0.0,0.0,False,0.0
2024-01-08,12,SANDHSYD_SH2,0.0,0.0,False,0.0
2024-01-08,12,SANDHSYD_SH3,0.0,0.0,False,0.0
2024-01-08,12,SANDHSYD_SH4,0.0,0.0,False,0.0
2024-01-08,12,SANDHSYD_SH_5A,0.0,0.0,False,0.0
2024-01-08,12,SANDHSYD_SH6,0.0,0.0,False,0.0
2024-01-08,12,SANDHSYD_SH7,0.0,0.0,False,0.0
2024-01-08,12,SANDHSYD_SH_5C,0.0,0.0,False,0.0
2024-01-08,12,SILASRAY_SILAS_10,0.0,0.0,False,0.0
2024-01-08,12,SILASRAY_SILAS_9,0.0,0.0,False,0.0
2024-01-08,12,SILASRAY_SILAS_6,0.0,0.0,False,0.0
2024-01-08,12,GIDEON_GIDEONG1,0.0,0.0,False,0.0
2024-01-08,12,GIDEON_GIDEONG2,0.0,0.0,False,0.0
2024-01-08,12,GIDEON_GIDEONG3,0.0,0.0,False,0.0
2024-01-08,12,SKY1_SKY1A,0.0,0.0,False,0.0
2024-01-08,12,SKY1_SKY1B,0.0,0.0,False,0.0
2024-01-08,12,SPNCER_SPNCE_4,0.0,0.0,False,0.0
2024-01-08,12,SPNCER_SPNCE_5,0.0,0.0,False,0.0
2024-01-08,12,SCSES_UNIT1A,0.0,0.0,False,0.0
2024-01-08,12,SCSES_UNIT2,0.0,0.0,False,0.0
2024-01-08,12,THW_THWGT_1,0.0,0.0,False,0.0
2024-01-08,12,THW_THWGT31,0.0,0.0,False,0.0
2024-01-08,12,THW_THWGT32,0.0,0.0,False,0.0
2024-01-08,12,THW_THWGT33,0.0,0.0,False,0.0
2024-01-08,12,THW_THWGT34,0.0,0.0,False,0.0
2024-01-08,12,THW_THWGT41,0.0,0.0,False,0.0
2024-01-08,12,THW_THWGT42,0.0,0.0,False,0.0
2024-01-08,12,THW_THWGT43,0.0,0.0,False,0.0
2024-01-08,12,THW_THWGT44,0.0,0.0,False,0.0
2024-01-08,12,THW_THWGT51,0.0,0.0,False,0.0
2024-01-08,12,THW_THWGT52,0.0,0.0,False,0.0
2024-01-08,12,THW_THWGT53,0.0,0.0,False,0.0
2024-01-08,12,THW_THWGT54,0.0,0.0,False,0.0
2024-01-08,12,THW_THWGT55,0.0,0.0,False,0.0
2024-01-08,12,THW_THWGT56,0.0,0.0,False,0.0
2024-01-08,12,THW_THWST_3,0.0,0.0,False,0.0
2024-01-08,12,THW_THWST_4,0.0,0.0,False,0.0
2024-01-08,12,TXCTY_CTA,129.1,0.0,True,3614.8
2024-01-08,12,TXCTY_CTB,129.1,0.0,True,3614.8
2024-01-08,12,TXCTY_CTC,129.1,0.0,True,3614.8
2024-01-08,12,TXCTY_ST,143.7,0.0,True,4023.6
2024-01-08,12,TGS_GT01,0.0,0.0,False,0.0
2024-01-08,12,TIMPP_AGR1,0.0,0.0,False,0.0
2024-01-08,12,TIMPP_AGR2,0.0,0.0,False,0.0
2024-01-08,12,TIMPP_AGR3,0.0,0.0,False,0.0
2024-01-08,12,TIMPP_AGR4,0.0,0.0,False,0.0
2024-01-08,12,TRSES_UNIT6,0.0,0.0,False,0.0
2024-01-08,12,TOPAZ_UNIT1,0.0,0.0,False,0.0
2024-01-08,12,TOPAZ_UNIT2,0.0,0.0,False,0.0
2024-01-08,12,TOPAZ_UNIT3,0.0,0.0,False,0.0
2024-01-08,12,TOPAZ_UNIT4,0.0,0.0,False,0.0
2024-01-08,12,TOPAZ_UNIT5,0.0,0.0,False,0.0
2024-01-08,12,TOPAZ_UNIT6,0.0,0.0,False,0.0
2024-01-08,12,TOPAZ_UNIT7,0.0,0.0,False,0.0
2024-01-08,12,TOPAZ_UNIT8,0.0,0.0,False,0.0
2024-01-08,12,TOPAZ_UNIT9,0.0,0.0,False,0.0
2024-01-08,12,TOPAZ_UNIT10,0.0,0.0,False,0.0
2024-01-08,12,BRAUNIG_VHB6CT5,0.0,0.0,False,0.0
2024-01-08,12,BRAUNIG_VHB6CT6,0.0,0.0,False,0.0
2024-01-08,12,BRAUNIG_VHB6CT7,0.0,0.0,False,0.0
2024-01-08,12,BRAUNIG_VHB6CT8,0.0,0.0,False,0.0
2024-01-08,12,CITYVICT_CTG01,0.0,0.0,False,0.0
2024-01-08,12,CITYVICT_CTG02,0.0,0.0,False,0.0
2024-01-08,12,VICTPORT_CTG01,0.0,0.0,False,0.0
2024-01-08,12,VICTPORT_CTG02,0.0,0.0,False,0.0
2024-01-08,12,VICTORIA_VICTORG6,0.0,0.0,False,0.0
2024-01-08,12,VICTORIA_VICTORG5,0.0,0.0,False,0.0
2024-01-08,12,WAP_WAPGT_1,0.0,0.0,False,0.0
2024-01-08,12,WAP_WAP_G1,0.0,0.0,False,0.0
2024-01-08,12,WAP_WAP_G2,0.0,0.0,False,0.0
2024-01-08,12,WAP_WAP_G3,0.0,0.0,False,0.0
2024-01-08,12,WAP_WAP_G4,0.0,0.0,False,0.0
2024-01-08,12,WFCOGEN_UNIT1,0.0,0.0,False,0.0
2024-01-08,12,WFCOGEN_UNIT2,0.0,0.0,False,0.0
2024-01-08,12,WFCOGEN_UNIT3,0.0,0.0,False,0.0
2024-01-08,12,WIPOPA_WPP_G1,0.0,0.0,False,0.0
2024-01-08,12,WIPOPA_WPP_G2,0.0,0.0,False,0.0
2024-01-08,12,WIPOPA_WPP_G3,0.0,0.0,False,0.0
2024-01-08,12,WIPOPA_WPP_G4,0.0,0.0,False,0.0
2024-01-08,12,WCPP_CT1,82.5,192.5,True,2310.0
2024-01-08,12,WCPP_CT2,82.5,192.5,True,2310.0
2024-01-08,12,WCPP_ST1,89.4,208.6,True,2503.2
2024-01-08,12,WHCCS_CT1,0.0,0.0,False,0.0
2024-01-08,12,WHCCS_CT2,0.0,0.0,False,0.0
2024-01-08,12,WHCCS_STG,0.0,0.0,False,0.0
2024-01-08,12,WHCCS2_CT4,0.0,0.0,False,0.0
2024-01-08,12,WHCCS2_CT5,0.0,0.0,False,0.0
2024-01-08,12,WHCCS2_STG6,0.0,0.0,False,0.0
2024-01-08,12,NACPW_UNIT1,0.0,0.0,False,0.0
2024-01-08,12,HBR_2UNITS,0.0,0.0,False,0.0
2024-01-08,12,TRIRA_1UNIT,0.0,0.0,False,0.0
2024-01-08,12,78252_4UNITS,0.0,0.0,False,0.0
2024-01-08,12,SPRIN_4UNITS,0.0,0.0,False,0.0
2024-01-08,12,FREIH_2UNITS,0.0,0.0,False,0.0
2024-01-08,12,WSTHL_3UNITS,0.0,0.0,False,0.0
2024-01-08,12,FEGC_CTG2,0.0,0.0,False,0.0
2024-01-08,12,FEGC_CTG3,0.0,0.0,False,0.0
2024-01-08,12,FEGC_CTG4,0.0,0.0,False,0.0
2024-01-08,12,OLNEYTN_AGR1,0.0,0.0,False,0.0
2024-01-08,12,AMISTAD_AMISTAG1,37.9,0.0,True,37.9
2024-01-08,12,AMISTAD_AMISTAG2,37.9,0.0,True,37.9
2024-01-08,12,AUSTPL_AUSTING1,9.0,0.0,True,9.0
2024-01-08,12,AUSTPL_AUSTING2,9.0,0.0,True,9.0
2024-01-08,12,BUCHAN_BUCHANG1,18.299999999999997,3.552713678800501e-15,True,18.3
2024-01-08,12,BUCHAN_BUCHANG2,18.299999999999997,3.552713678800501e-15,True,18.3
2024-01-08,12,BUCHAN_BUCHANG3,18.299999999999997,3.552713678800501e-15,True,18.3
2024-01-08,12,DNDAM_DENISOG1,50.8,0.0,True,50.8
2024-01-08,12,DNDAM_DENISOG2,50.8,0.0,True,50.8
2024-01-08,12,FALCON_FALCONG1,12.0,0.0,True,12.0
2024-01-08,12,FALCON_FALCONG2,12.0,0.0,True,12.0
2024-01-08,12,FALCON_FALCONG3,12.0,0.0,True,12.0
2024-01-08,12,WIRTZ_WIRTZ_G1,29.0,0.0,True,29.0
2024-01-08,12,WIRTZ_WIRTZ_G2,29.0,0.0,True,29.0
2024-01-08,12,CANYHY_CANYHYG1,6.0,0.0,True,6.0
2024-01-08,12,INKSDA_INKS_G1,15.0,0.0,True,15.0
2024-01-08,12,MARBFA_MARBFAG1,21.0,0.0,True,21.0
2024-01-08,12,MARBFA_MARBFAG2,20.0,0.0,True,20.0
2024-01-08,12,MARSFO_MARSFOG1,36.0,0.0,True,36.0
2024-01-08,12,MARSFO_MARSFOG2,36.0,0.0,True,36.0
2024-01-08,12,MARSFO_MARSFOG3,36.0,0.0,True,36.0
2024-01-08,12,WND_WHITNEY1,22.0,0.0,True,22.0
2024-01-08,12,WND_WHITNEY2,22.0,0.0,True,22.0
2024-01-08,12,AEEC_ANTLP_1,0.0,0.0,False,0.0
2024-01-08,12,AEEC_ANTLP_2,0.0,0.0,False,0.0
2024-01-08,12,AEEC_ANTLP_3,0.0,0.0,False,0.0
2024-01-08,12,AEEC_ELK_1,0.0,0.0,False,0.0
2024-01-08,12,AEEC_ELK_2,0.0,0.0,False,0.0
2024-01-08,12,AEEC_ELK_3,0.0,0.0,False,0.0
2024-01-08,12,FTR_FTR_G1,0.0,0.0,False,0.0
2024-01-08,12,FTR_FTR_G2,0.0,0.0,False,0.0
2024-01-08,12,FTR_FTR_G3,0.0,0.0,False,0.0
2024-01-08,12,FTR_FTR_G4,0.0,0.0,False,0.0
2024-01-08,12,TGCCS_CT1,0.0,0.0,False,0.0
2024-01-08,12,TGCCS_CT2,0.0,0.0,False,0.0
2024-01-08,12,TGCCS_CT3,0.0,0.0,False,0.0
2024-01-08,12,TGCCS_UNIT4,0.0,0.0,False,0.0
2024-01-08,12,KMCHI_1CT101,55.5,129.5,True,1554.0
2024-01-08,12,KMCHI_1CT201,55.5,129.5,True,1554.0
2024-01-08,12,KMCHI_1ST,99.0,231.0,True,2772.0
2024-01-08,12,KMCHI_2CT101,55.5,129.5,True,1554.0
2024-01-08,12,KMCHI_2CT201,55.5,129.5,True,1554.0
2024-01-08,12,KMCHI_2ST,99.0,231.0,True,2772.0
2024-01-08,12,A4_DGR1,0.0,0.0,False,0.0
2024-01-08,12,A4_DGR2,0.0,0.0,False,0.0
2024-01-08,12,K2_DGR1,0.0,0.0,False,0.0
2024-01-08,12,K2_DGR2,0.0,0.0,False,0.0
2024-01-08,12,P2_DGR1,0.0,0.0,False,0.0
2024-01-08,12,P2_DGR2,0.0,0.0,False,0.0
2024-01-08,12,Q1_DGR1,0.0,0.0,False,0.0
2024-01-08,12,BRAUNIG_VHB3,0.0,0.0,False,0.0
2024-01-08,12,V2_DGR1,0.0,0.0,False,0.0
2024-01-08,12,V2_DGR2,0.0,0.0,False,0.0
2024-01-08,12,V2_DGR3,0.0,0.0,False,0.0
2024-01-08,12,V4_DGR1,0.0,0.0,False,0.0
2024-01-08,12,X1_DGR1,0.0,0.0,False,0.0
2024-01-08,12,Z0_DGR1,0.0,0.0,False,0.0
2024-01-08,12,Z0_DGR2,0.0,0.0,False,0.0
2024-01-08,12,Z5_DGR1,0.0,0.0,False,0.0
2024-01-08,12,DC_E,0.0,0.0,False,0.0
2024-01-08,12,DC_N,0.0,0.0,False,0.0
2024-01-08,12,DC_L,0.0,0.0,False,0.0
2024-01-08,12,DC_R,0.0,0.0,False,0.0
2024-01-08,12,CEDARVALE_GAS,0.0,0.0,False,0.0
2024-01-08,12,ENCHANTED_ROCK_NEWPP,0.0,0.0,False,0.0
2024-01-08,13,CPSES_UNIT1,1269.0,0.0,True,10152.0
2024-01-08,13,CPSES_UNIT2,1269.0,0.0,True,10152.0
2024-01-08,13,STP_STP_G1,1228.5,136.5,True,9828.0
2024-01-08,13,STP_STP_G2,1228.5,136.5,True,9828.0
2024-01-08,13,COLETO_COLETOG1,0.0,0.0,False,0.0
2024-01-08,13,FPPYD1_FPP_G1,0.0,0.0,False,0.0
2024-01-08,13,FPPYD1_FPP_G2,0.0,0.0,False,0.0
2024-01-08,13,FPPYD2_FPP_G3,0.0,0.0,False,0.0
2024-01-08,13,CALAVERS_JKS1,0.0,0.0,False,0.0
2024-01-08,13,CALAVERS_JKS2,0.0,0.0,False,0.0
2024-01-08,13,LEG_LEG_G1,357.2,535.8,True,8930.0
2024-01-08,13,LEG_LEG_G2,382.72,574.0799999999999,True,9568.0
2024-01-08,13,MLSES_UNIT1,357.2,535.8,True,8930.0
2024-01-08,13,MLSES_UNIT2,893.0,0.0,True,22325.0
2024-01-08,13,MLSES_UNIT3,808.1144093154103,84.88559068458972,True,20202.8602
2024-01-08,13,OGSES_UNIT1A,0.0,0.0,False,0.0
2024-01-08,13,OGSES_UNIT2,0.0,0.0,False,0.0
2024-01-08,13,SANMIGL_G1,0.0,0.0,False,0.0
2024-01-08,13,SCES_UNIT1,0.0,0.0,False,0.0
2024-01-08,13,TNP_ONE_TNP_O_1,0.0,0.0,False,0.0
2024-01-08,13,TNP_ONE_TNP_O_2,0.0,0.0,False,0.0
2024-01-08,13,WAP_WAP_G5,734.1,0.0,True,18352.5
2024-01-08,13,WAP_WAP_G6,417.2528315946786,316.84716840532144,True,10431.3208
2024-01-08,13,WAP_WAP_G7,614.6,0.0,True,15365.0
2024-01-08,13,WAP_WAP_G8,654.0,0.0,True,16350.0
2024-01-08,13,BRAUNIG_AVR1_CT1,0.0,0.0,False,0.0
2024-01-08,13,BRAUNIG_AVR1_CT2,0.0,0.0,False,0.0
2024-01-08,13,BRAUNIG_AVR1_ST,0.0,0.0,False,0.0
2024-01-08,13,ATKINS_ATKINSG7,0.0,0.0,False,0.0
2024-01-08,13,B_DAVIS_B_DAVIG3,0.0,0.0,False,0.0
2024-01-08,13,B_DAVIS_B_DAVIG4,0.0,0.0,False,0.0
2024-01-08,13,B_DAVIS_B_DAVIG1,0.0,0.0,False,0.0
2024-01-08,13,B_DAVIS_B_DAVIG2,0.0,0.0,False,0.0
2024-01-08,13,BASTEN_GTG1100,0.0,0.0,False,0.0
2024-01-08,13,BASTEN_GTG2100,0.0,0.0,False,0.0
2024-01-08,13,BASTEN_ST0100,0.0,0.0,False,0.0
2024-01-08,13,BCH_UNIT1,0.0,0.0,False,0.0
2024-01-08,13,BCH_UNIT2,0.0,0.0,False,0.0
2024-01-08,13,BCH_UNIT3,0.0,0.0,False,0.0
2024-01-08,13,BCH_UNIT4,6.05,54.45,True,254.1
2024-01-08,13,BCH_UNIT5,6.05,54.45,True,254.1
2024-01-08,13,BCH_UNIT6,0.0,0.0,False,0.0
2024-01-08,13,BCH_UNIT7,6.05,54.45,True,254.1
2024-01-08,13,BCH_UNIT8,0.0,0.0,False,0.0
2024-01-08,13,BOSQUESW_BSQSU_1,0.0,0.0,False,0.0
2024-01-08,13,BOSQUESW_BSQSU_2,0.0,0.0,False,0.0
2024-01-08,13,BOSQUESW_BSQSU_3,0.0,0.0,False,0.0
2024-01-08,13,BOSQUESW_BSQSU_4,0.0,0.0,False,0.0
2024-01-08,13,BOSQUESW_BSQSU_5,0.0,0.0,False,0.0
2024-01-08,13,BVE_UNIT1,0.0,0.0,False,0.0
2024-01-08,13,BVE_UNIT2,0.0,0.0,False,0.0
2024-01-08,13,BVE_UNIT3,0.0,0.0,False,0.0
2024-01-08,13,BTM_UNIT1,0.0,0.0,False,0.0
2024-01-08,13,BTM_UNIT2,0.0,0.0,False,0.0
2024-01-08,13,BTM_UNIT3,0.0,0.0,False,0.0
2024-01-08,13,BTM_UNIT4,0.0,0.0,False,0.0
2024-01-08,13,BTM_UNIT5,0.0,0.0,False,0.0
2024-01-08,13,BTM_UNIT6,0.0,0.0,False,0.0
2024-01-08,13,BTM_UNIT7,0.0,0.0,False,0.0
2024-01-08,13,BTM_UNIT8,0.0,0.0,False,0.0
2024-01-08,13,FLCNS_UNIT1,0.0,0.0,False,0.0
2024-01-08,13,FLCNS_UNIT2,0.0,0.0,False,0.0
2024-01-08,13,CALHOUN_UNIT1,0.0,0.0,False,0.0
2024-01-08,13,CALHOUN_UNIT2,0.0,0.0,False,0.0
2024-01-08,13,CHAMON_CTG_0101,0.0,0.0,False,0.0
2024-01-08,13,CHAMON_CTG_0301,0.0,0.0,False,0.0
2024-01-08,13,CBY4_CT41,61.5,143.5,True,1722.0
2024-01-08,13,CBY4_CT42,61.5,143.5,True,1722.0
2024-01-08,13,CBY4_ST04,61.5,143.5,True,1722.0
2024-01-08,13,CBY_CBY_G1,0.0,0.0,False,0.0
2024-01-08,13,CBY_CBY_G2,0.0,0.0,False,0.0
2024-01-08,13,CBEC_GT1,0.0,0.0,False,0.0
2024-01-08,13,CBEC_GT2,0.0,0.0,False,0.0
2024-01-08,13,CBEC_GT3,0.0,0.0,False,0.0
2024-01-08,13,CBEC_GT4,0.0,0.0,False,0.0
2024-01-08,13,CBEC_STG1,0.0,0.0,False,0.0
2024-01-08,13,CBEC_STG2,0.0,0.0,False,0.0
2024-01-08,13,CBECII_CT7,0.0,0.0,False,0.0
2024-01-08,13,CBECII_CT8,0.0,0.0,False,0.0
2024-01-08,13,CBECII_STG9,0.0,0.0,False,0.0
2024-01-08,13,CBEC_GT11,0.0,0.0,False,0.0
2024-01-08,13,CBEC_GT12,0.0,0.0,False,0.0
2024-01-08,13,CVC_CVC_G1,0.0,0.0,False,0.0
2024-01-08,13,CVC_CVC_G2,0.0,0.0,False,0.0
2024-01-08,13,CVC_CVC_G3,0.0,0.0,False,0.0
2024-01-08,13,CVC_CVC_G5,0.0,0.0,False,0.0
2024-01-08,13,DANSBY_DANSBYG2,0.0,0.0,False,0.0
2024-01-08,13,DANSBY_DANSBYG3,0.0,0.0,False,0.0
2024-01-08,13,DANSBY_DANSBYG1,0.0,0.0,False,0.0
2024-01-08,13,DECKER_DPGT_1,0.0,0.0,False,0.0
2024-01-08,13,DECKER_DPGT_2,0.0,0.0,False,0.0
2024-01-08,13,DECKER_DPGT_3,0.0,0.0,False,0.0
2024-01-08,13,DECKER_DPGT_4,0.0,0.0,False,0.0
2024-01-08,13,DCSES_CT10,0.0,0.0,False,0.0
2024-01-08,13,DCSES_CT20,0.0,0.0,False,0.0
2024-01-08,13,DCSES_CT30,0.0,0.0,False,0.0
2024-01-08,13,DCSES_CT40,0.0,0.0,False,0.0
2024-01-08,13,DDPEC_GT1,60.9,142.1,True,1705.2
2024-01-08,13,DDPEC_GT2,64.5,150.5,True,1806.0
2024-01-08,13,DDPEC_GT3,60.9,142.1,True,1705.2
2024-01-08,13,DDPEC_GT4,64.5,150.5,True,1806.0
2024-01-08,13,DDPEC_GT6,59.7,139.3,True,1671.6
2024-01-08,13,DDPEC_ST1,250.35444940180412,39.64555059819588,True,7009.9246
2024-01-08,13,DEC_AGR_A,0.0,0.0,False,0.0
2024-01-08,13,DEC_AGR_B,0.0,0.0,False,0.0
2024-01-08,13,DEC_AGR_C,0.0,0.0,False,0.0
2024-01-08,13,DEC_AGR_D,0.0,0.0,False,0.0
2024-01-08,13,ECEC_G1,0.0,0.0,False,0.0
2024-01-08,13,ECEC_G2,0.0,0.0,False,0.0
2024-01-08,13,ETCCS_CT1,0.0,0.0,False,0.0
2024-01-08,13,ETCCS_UNIT1,0.0,0.0,False,0.0
2024-01-08,13,AZ_AZ_G1,0.0,0.0,False,0.0
2024-01-08,13,AZ_AZ_G2,0.0,0.0,False,0.0
2024-01-08,13,AZ_AZ_G3,0.0,0.0,False,0.0
2024-01-08,13,AZ_AZ_G4,0.0,0.0,False,0.0
2024-01-08,13,FERGCC_FERGGT1,0.0,0.0,False,0.0
2024-01-08,13,FERGCC_FERGGT2,0.0,0.0,False,0.0
2024-01-08,13,FERGCC_FERGST1,0.0,0.0,False,0.0
2024-01-08,13,FRNYPP_GT11,0.0,0.0,False,0.0
2024-01-08,13,FRNYPP_GT12,0.0,0.0,False,0.0
2024-01-08,13,FRNYPP_GT13,0.0,0.0,False,0.0
2024-01-08,13,FRNYPP_GT21,0.0,0.0,False,0.0
2024-01-08,13,FRNYPP_GT22,0.0,0.0,False,0.0
2024-01-08,13,FRNYPP_GT23,0.0,0.0,False,0.0
2024-01-08,13,FRNYPP_ST10,0.0,0.0,False,0.0
2024-01-08,13,FRNYPP_ST20,0.0,0.0,False,0.0
2024-01-08,13,FREC_GT1,0.0,0.0,False,0.0
2024-01-08,13,FREC_GT2,0.0,0.0,False,0.0
2024-01-08,13,FREC_GT4,0.0,0.0,False,0.0
2024-01-08,13,FREC_GT5,0.0,0.0,False,0.0
2024-01-08,13,FREC_ST3,0.0,0.0,False,0.0
2024-01-08,13,FREC_ST6,0.0,0.0,False,0.0
2024-01-08,13,FEGC_UNIT1,0.0,0.0,False,0.0
2024-01-08,13,FRONT_EC_CT1,0.0,0.0,False,0.0
2024-01-08,13,FRONT_EC_CT2,0.0,0.0,False,0.0
2024-01-08,13,FRONT_EC_ST,0.0,0.0,False,0.0
2024-01-08,13,GRSES_UNIT1,0.0,0.0,False,0.0
2024-01-08,13,GRSES_UNIT2,0.0,0.0,False,0.0
2024-01-08,13,GBY_GBYGT73,0.0,0.0,False,0.0
2024-01-08,13,GBY_GBYGT74,0.0,0.0,False,0.0
2024-01-08,13,GBY_GBYGT81,0.0,0.0,False,0.0
2024-01-08,13,GBY_GBYGT82,0.0,0.0,False,0.0
2024-01-08,13,GBY_GBYGT83,0.0,0.0,False,0.0
2024-01-08,13,GBY_GBYGT84,0.0,0.0,False,0.0
2024-01-08,13,STEAM_ENGINE_1,0.0,0.0,False,0.0
2024-01-08,13,STEAM_ENGINE_2,0.0,0.0,False,0.0
2024-01-08,13,STEAM_ENGINE_3,0.0,0.0,False,0.0
2024-01-08,13,LGE_LGE_GT1,0.0,0.0,False,0.0
2024-01-08,13,LGE_LGE_GT2,0.0,0.0,False,0.0
2024-01-08,13,LGE_LGE_STG,0.0,0.0,False,0.0
2024-01-08,13,GUADG_GAS1,0.0,0.0,False,0.0
2024-01-08,13,GUADG_GAS2,0.0,0.0,False,0.0
2024-01-08,13,GUADG_GAS3,0.0,0.0,False,0.0
2024-01-08,13,GUADG_GAS4,0.0,0.0,False,0.0
2024-01-08,13,GUADG_STM5,0.0,0.0,False,0.0
2024-01-08,13,GUADG_STM6,0.0,0.0,False,0.0
2024-01-08,13,HLSES_UNIT3,0.0,0.0,False,0.0
2024-01-08,13,HLSES_UNIT4,0.0,0.0,False,0.0
2024-01-08,13,HLSES_UNIT5,0.0,0.0,False,0.0
2024-01-08,13,HAYSEN_HAYSENG1,0.0,0.0,False,0.0
2024-01-08,13,HAYSEN_HAYSENG2,0.0,0.0,False,0.0
2024-01-08,13,HAYSEN_HAYSENG3,0.0,0.0,False,0.0
2024-01-08,13,HAYSEN_HAYSENG4,0.0,0.0,False,0.0
2024-01-08,13,DUKE_DUKE_GT1,0.0,0.0,False,0.0
2024-01-08,13,DUKE_DUKE_GT2,0.0,0.0,False,0.0
2024-01-08,13,DUKE_DUKE_ST1,0.0,0.0,False,0.0
2024-01-08,13,JACKCNTY_CT1,59.67,139.23,True,1670.76
2024-01-08,13,JACKCNTY_CT2,59.67,139.23,True,1670.76
2024-01-08,13,JCKCNTY2_CT3,59.67,139.23,True,1670.76
2024-01-08,13,JCKCNTY2_CT4,59.67,139.23,True,1670.76
2024-01-08,13,JACKCNTY_STG,96.18,224.42000000000002,True,2693.04
2024-01-08,13,JCKCNTY2_ST2,96.18,224.42000000000002,True,2693.04
2024-01-08,13,TEN_CT1,0.0,0.0,False,0.0
2024-01-08,13,TEN_STG,0.0,0.0,False,0.0
2024-01-08,13,LHSES_UNIT1,0.0,0.0,False,0.0
2024-01-08,13,LHSES_UNIT2A,0.0,0.0,False,0.0
2024-01-08,13,LPCCS_CT11,55.8,130.2,True,1562.4
2024-01-08,13,LPCCS_CT12,55.8,130.2,True,1562.4
2024-01-08,13,LPCCS_CT21,55.8,130.2,True,1562.4
2024-01-08,13,LPCCS_CT22,55.8,130.2,True,1562.4
2024-01-08,13,LPCCS_UNIT1,64.8,151.2,True,1814.4
2024-01-08,13,LPCCS_UNIT2,64.8,151.2,True,1814.4
2024-01-08,13,LARDVFTN_G4,0.0,0.0,False,0.0
2024-01-08,13,LARDVFTN_G5,0.0,0.0,False,0.0
2024-01-08,13,LEON_CRK_LCPCT1,0.0,0.0,False,0.0
2024-01-08,13,LEON_CRK_LCPCT2,0.0,0.0,False,0.0
2024-01-08,13,LEON_CRK_LCPCT3,0.0,0.0,False,0.0
2024-01-08,13,LEON_CRK_LCPCT4,0.0,0.0,False,0.0
2024-01-08,13,LIG_UNIT1,0.0,0.0,False,0.0
2024-01-08,13,LIG_UNIT2,0.0,0.0,False,0.0
2024-01-08,13,LOSTPI_LOSTPGT1,0.0,0.0,False,0.0
2024-01-08,13,LOSTPI_LOSTPGT2,0.0,0.0,False,0.0
2024-01-08,13,LOSTPI_LOSTPST1,0.0,0.0,False,0.0
2024-01-08,13,NEDIN_NEDIN_G1,0.0,0.0,False,0.0
2024-01-08,13,NEDIN_NEDIN_G2,0.0,0.0,False,0.0
2024-01-08,13,NEDIN_NEDIN_G3,0.0,0.0,False,0.0
2024-01-08,13,MDANP_CT1,0.0,0.0,False,0.0
2024-01-08,13,MDANP_CT2,0.0,0.0,False,0.0
2024-01-08,13,MDANP_CT3,0.0,0.0,False,0.0
2024-01-08,13,MDANP_CT4,0.0,0.0,False,0.0
2024-01-08,13,MDANP_CT5,0.0,0.0,False,0.0
2024-01-08,13,MDANP_CT6,0.0,0.0,False,0.0
2024-01-08,13,MGSES_CT1,0.0,0.0,False,0.0
2024-01-08,13,MGSES_CT2,0.0,0.0,False,0.0
2024-01-08,13,MGSES_CT3,0.0,0.0,False,0.0
2024-01-08,13,MGSES_CT4,0.0,0.0,False,0.0
2024-01-08,13,MGSES_CT5,0.0,0.0,False,0.0
2024-01-08,13,MGSES_CT6,0.0,0.0,False,0.0
2024-01-08,13,MCSES_UNIT6,0.0,0.0,False,0.0
2024-01-08,13,MCSES_UNIT7,0.0,0.0,False,0.0
2024-01-08,13,MCSES_UNIT8,0.0,0.0,False,0.0
2024-01-08,13,NUECES_B_NUECESG8,0.0,0.0,False,0.0
2024-01-08,13,NUECES_B_NUECESG9,0.0,0.0,False,0.0
2024-01-08,13,NUECES_B_NUECESG7,0.0,0.0,False,0.0
2024-01-08,13,CALAVERS_OWS1,0.0,0.0,False,0.0
2024-01-08,13,CALAVERS_OWS2,0.0,0.0,False,0.0
2024-01-08,13,OECCS_CT11,0.0,0.0,False,0.0
2024-01-08,13,OECCS_CT12,0.0,0.0,False,0.0
2024-01-08,13,OECCS_CT21,0.0,0.0,False,0.0
2024-01-08,13,OECCS_CT22,0.0,0.0,False,0.0
2024-01-08,13,OECCS_UNIT1,0.0,0.0,False,0.0
2024-01-08,13,OECCS_UNIT2,0.0,0.0,False,0.0
2024-01-08,13,VICTPRT2_UNIT1,0.0,0.0,False,0.0
2024-01-08,13,VICTPRT2_UNIT2,0.0,0.0,False,0.0
2024-01-08,13,PANDA_S_SHER1CT1,69.6,162.4,True,1948.8
2024-01-08,13,PANDA_S_SHER1CT2,69.6,162.4,True,1948.8
2024-01-08,13,PANDA_S_SHER1ST1,105.93,247.17000000000002,True,2966.04
2024-01-08,13,PANDA_T1_TMPL1CT1,0.0,0.0,False,0.0
2024-01-08,13,PANDA_T1_TMPL1CT2,0.0,0.0,False,0.0
2024-01-08,13,PANDA_T1_TMPL1ST1,0.0,0.0,False,0.0
2024-01-08,13,PANDA_T2_TMPL2CT1,0.0,0.0,False,0.0
2024-01-08,13,PANDA_T2_TMPL2CT2,0.0,0.0,False,0.0
2024-01-08,13,PANDA_T2_TMPL2ST1,0.0,0.0,False,0.0
2024-01-08,13,TNSKA_GT1,27.27,63.63000000000001,True,763.56
2024-01-08,13,TNSKA_GT2,27.27,63.63000000000001,True,763.56
2024-01-08,13,TNSKA_STG,27.0,63.0,True,756.0
2024-01-08,13,PSG_PSG_GT2,215.1,0.0,True,6022.8
2024-01-08,13,PSG_PSG_GT3,215.1,0.0,True,6022.8
2024-01-08,13,PSG_PSG_ST2,195.5,0.0,True,5474.0
2024-01-08,13,PEARSAL2_AGR_A,0.0,0.0,False,0.0
2024-01-08,13,PEARSAL2_AGR_B,0.0,0.0,False,0.0
2024-01-08,13,PEARSAL2_AGR_C,0.0,0.0,False,0.0
2024-01-08,13,PEARSAL2_AGR_D,0.0,0.0,False,0.0
2024-01-08,13,PB2SES_CT1,0.0,0.0,False,0.0
2024-01-08,13,PB2SES_CT2,0.0,0.0,False,0.0
2024-01-08,13,PB2SES_CT3,0.0,0.0,False,0.0
2024-01-08,13,PB2SES_CT4,0.0,0.0,False,0.0
2024-01-08,13,PB2SES_CT5,0.0,0.0,False,0.0
2024-01-08,13,PRO_UNIT1,0.0,0.0,False,0.0
2024-01-08,13,PRO_UNIT2,0.0,0.0,False,0.0
2024-01-08,13,PRO_UNIT3,0.0,0.0,False,0.0
2024-01-08,13,PRO_UNIT4,0.0,0.0,False,0.0
2024-01-08,13,PRO_UNIT5,0.0,0.0,False,0.0
2024-01-08,13,PRO_UNIT6,0.0,0.0,False,0.0
2024-01-08,13,PRO_UNIT7,0.0,0.0,False,0.0
2024-01-08,13,PRO_UNIT8,0.0,0.0,False,0.0
2024-01-08,13,BAC_CTG1,0.0,0.0,False,0.0
2024-01-08,13,BAC_CTG2,0.0,0.0,False,0.0
2024-01-08,13,BAC_CTG3,0.0,0.0,False,0.0
2024-01-08,13,BAC_CTG4,0.0,0.0,False,0.0
2024-01-08,13,BAC_CTG5,0.0,0.0,False,0.0
2024-01-08,13,BAC_CTG6,0.0,0.0,False,0.0
2024-01-08,13,STEAM1A_STEAM_1,0.0,0.0,False,0.0
2024-01-08,13,STEAM_STEAM_2,0.0,0.0,False,0.0
2024-01-08,13,STEAM_STEAM_3,0.0,0.0,False,0.0
2024-01-08,13,QALSW_GT1,0.0,0.0,False,0.0
2024-01-08,13,QALSW_GT2,0.0,0.0,False,0.0
2024-01-08,13,QALSW_GT3,0.0,0.0,False,0.0
2024-01-08,13,QALSW_GT4,0.0,0.0,False,0.0
2024-01-08,13,QALSW_STG1,0.0,0.0,False,0.0
2024-01-08,13,QALSW_STG2,0.0,0.0,False,0.0
2024-01-08,13,MIL_MILLERG4,0.0,0.0,False,0.0
2024-01-08,13,MIL_MILLERG5,0.0,0.0,False,0.0
2024-01-08,13,MIL_MILLERG1,0.0,0.0,False,0.0
2024-01-08,13,MIL_MILLERG2,0.0,0.0,False,0.0
2024-01-08,13,MIL_MILLERG3,0.0,0.0,False,0.0
2024-01-08,13,OLINGR_OLING_4,0.0,0.0,False,0.0
2024-01-08,13,OLINGR_OLING_2,0.0,0.0,False,0.0
2024-01-08,13,OLINGR_OLING_3,0.0,0.0,False,0.0
2024-01-08,13,RAB_UNIT1,0.0,0.0,False,0.0
2024-01-08,13,RAB_UNIT2,0.0,0.0,False,0.0
2024-01-08,13,RAB_UNIT3,0.0,0.0,False,0.0
2024-01-08,13,RAB_UNIT4,0.0,0.0,False,0.0
2024-01-08,13,RAB_UNIT5,0.0,0.0,False,0.0
2024-01-08,13,RAB_UNIT6,0.0,0.0,False,0.0
2024-01-08,13,RAB_UNIT7,0.0,0.0,False,0.0
2024-01-08,13,RAB_UNIT8,0.0,0.0,False,0.0
2024-01-08,13,REDGATE_AGR_A,0.0,0.0,False,0.0
2024-01-08,13,REDGATE_AGR_B,0.0,0.0,False,0.0
2024-01-08,13,REDGATE_AGR_C,0.0,0.0,False,0.0
2024-01-08,13,REDGATE_AGR_D,0.0,0.0,False,0.0
2024-01-08,13,JAD_UNIT1,0.0,0.0,False,0.0
2024-01-08,13,JAD_UNIT2,0.0,0.0,False,0.0
2024-01-08,13,JAD_UNIT3,0.0,0.0,False,0.0
2024-01-08,13,JAD_UNIT4,0.0,0.0,False,0.0
2024-01-08,13,JAD_UNIT5,0.0,0.0,False,0.0
2024-01-08,13,JAD_UNIT6,0.0,0.0,False,0.0
2024-01-08,13,JAD_UNIT7,0.0,0.0,False,0.0
2024-01-08,13,JAD_UNIT8,0.0,0.0,False,0.0
2024-01-08,13,RIONOG_CT1,0.0,0.0,False,0.0
2024-01-08,13,RIONOG_CT2,0.0,0.0,False,0.0
2024-01-08,13,RIONOG_CT3,0.0,0.0,False,0.0
2024-01-08,13,RIONOG_ST1,0.0,0.0,False,0.0
2024-01-08,13,RAYBURN_RAYBURG7,18.15,42.35,True,508.2
2024-01-08,13,RAYBURN_RAYBURG8,18.15,42.35,True,508.2
2024-01-08,13,RAYBURN_RAYBURG9,18.15,42.35,True,508.2
2024-01-08,13,RAYBURN_RAYBURG10,12.6,29.4,True,352.8
2024-01-08,13,SJS_SJS_G1,0.0,0.0,False,0.0
2024-01-08,13,SJS_SJS_G2,0.0,0.0,False,0.0
2024-01-08,13,SANDHSYD_SH1,0.0,0.0,False,0.0
2024-01-08,13,SANDHSYD_SH2,0.0,0.0,False,0.0
2024-01-08,13,SANDHSYD_SH3,0.0,0.0,False,0.0
2024-01-08,13,SANDHSYD_SH4,0.0,0.0,False,0.0
2024-01-08,13,SANDHSYD_SH_5A,0.0,0.0,False,0.0
2024-01-08,13,SANDHSYD_SH6,0.0,0.0,False,0.0
2024-01-08,13,SANDHSYD_SH7,0.0,0.0,False,0.0
2024-01-08,13,SANDHSYD_SH_5C,0.0,0.0,False,0.0
2024-01-08,13,SILASRAY_SILAS_10,0.0,0.0,False,0.0
2024-01-08,13,SILASRAY_SILAS_9,0.0,0.0,False,0.0
2024-01-08,13,SILASRAY_SILAS_6,0.0,0.0,False,0.0
2024-01-08,13,GIDEON_GIDEONG1,0.0,0.0,False,0.0
2024-01-08,13,GIDEON_GIDEONG2,0.0,0.0,False,0.0
2024-01-08,13,GIDEON_GIDEONG3,0.0,0.0,False,0.0
2024-01-08,13,SKY1_SKY1A,0.0,0.0,False,0.0
2024-01-08,13,SKY1_SKY1B,0.0,0.0,False,0.0
2024-01-08,13,SPNCER_SPNCE_4,0.0,0.0,False,0.0
2024-01-08,13,SPNCER_SPNCE_5,0.0,0.0,False,0.0
2024-01-08,13,SCSES_UNIT1A,0.0,0.0,False,0.0
2024-01-08,13,SCSES_UNIT2,0.0,0.0,False,0.0
2024-01-08,13,THW_THWGT_1,0.0,0.0,False,0.0
2024-01-08,13,THW_THWGT31,0.0,0.0,False,0.0
2024-01-08,13,THW_THWGT32,0.0,0.0,False,0.0
2024-01-08,13,THW_THWGT33,0.0,0.0,False,0.0
2024-01-08,13,THW_THWGT34,0.0,0.0,False,0.0
2024-01-08,13,THW_THWGT41,0.0,0.0,False,0.0
2024-01-08,13,THW_THWGT42,0.0,0.0,False,0.0
2024-01-08,13,THW_THWGT43,0.0,0.0,False,0.0
2024-01-08,13,THW_THWGT44,0.0,0.0,False,0.0
2024-01-08,13,THW_THWGT51,0.0,0.0,False,0.0
2024-01-08,13,THW_THWGT52,0.0,0.0,False,0.0
2024-01-08,13,THW_THWGT53,0.0,0.0,False,0.0
2024-01-08,13,THW_THWGT54,0.0,0.0,False,0.0
2024-01-08,13,THW_THWGT55,0.0,0.0,False,0.0
2024-01-08,13,THW_THWGT56,0.0,0.0,False,0.0
2024-01-08,13,THW_THWST_3,0.0,0.0,False,0.0
2024-01-08,13,THW_THWST_4,0.0,0.0,False,0.0
2024-01-08,13,TXCTY_CTA,129.1,0.0,True,3614.8
2024-01-08,13,TXCTY_CTB,129.1,0.0,True,3614.8
2024-01-08,13,TXCTY_CTC,129.1,0.0,True,3614.8
2024-01-08,13,TXCTY_ST,143.7,0.0,True,4023.6
2024-01-08,13,TGS_GT01,0.0,0.0,False,0.0
2024-01-08,13,TIMPP_AGR1,0.0,0.0,False,0.0
2024-01-08,13,TIMPP_AGR2,0.0,0.0,False,0.0
2024-01-08,13,TIMPP_AGR3,0.0,0.0,False,0.0
2024-01-08,13,TIMPP_AGR4,0.0,0.0,False,0.0
2024-01-08,13,TRSES_UNIT6,0.0,0.0,False,0.0
2024-01-08,13,TOPAZ_UNIT1,0.0,0.0,False,0.0
2024-01-08,13,TOPAZ_UNIT2,0.0,0.0,False,0.0
2024-01-08,13,TOPAZ_UNIT3,0.0,0.0,False,0.0
2024-01-08,13,TOPAZ_UNIT4,0.0,0.0,False,0.0
2024-01-08,13,TOPAZ_UNIT5,0.0,0.0,False,0.0
2024-01-08,13,TOPAZ_UNIT6,0.0,0.0,False,0.0
2024-01-08,13,TOPAZ_UNIT7,0.0,0.0,False,0.0
2024-01-08,13,TOPAZ_UNIT8,0.0,0.0,False,0.0
2024-01-08,13,TOPAZ_UNIT9,0.0,0.0,False,0.0
2024-01-08,13,TOPAZ_UNIT10,0.0,0.0,False,0.0
2024-01-08,13,BRAUNIG_VHB6CT5,0.0,0.0,False,0.0
2024-01-08,13,BRAUNIG_VHB6CT6,0.0,0.0,False,0.0
2024-01-08,13,BRAUNIG_VHB6CT7,0.0,0.0,False,0.0
2024-01-08,13,BRAUNIG_VHB6CT8,0.0,0.0,False,0.0
2024-01-08,13,CITYVICT_CTG01,0.0,0.0,False,0.0
2024-01-08,13,CITYVICT_CTG02,0.0,0.0,False,0.0
2024-01-08,13,VICTPORT_CTG01,0.0,0.0,False,0.0
2024-01-08,13,VICTPORT_CTG02,0.0,0.0,False,0.0
2024-01-08,13,VICTORIA_VICTORG6,0.0,0.0,False,0.0
2024-01-08,13,VICTORIA_VICTORG5,0.0,0.0,False,0.0
2024-01-08,13,WAP_WAPGT_1,0.0,0.0,False,0.0
2024-01-08,13,WAP_WAP_G1,0.0,0.0,False,0.0
2024-01-08,13,WAP_WAP_G2,0.0,0.0,False,0.0
2024-01-08,13,WAP_WAP_G3,0.0,0.0,False,0.0
2024-01-08,13,WAP_WAP_G4,0.0,0.0,False,0.0
2024-01-08,13,WFCOGEN_UNIT1,0.0,0.0,False,0.0
2024-01-08,13,WFCOGEN_UNIT2,0.0,0.0,False,0.0
2024-01-08,13,WFCOGEN_UNIT3,0.0,0.0,False,0.0
2024-01-08,13,WIPOPA_WPP_G1,0.0,0.0,False,0.0
2024-01-08,13,WIPOPA_WPP_G2,0.0,0.0,False,0.0
2024-01-08,13,WIPOPA_WPP_G3,0.0,0.0,False,0.0
2024-01-08,13,WIPOPA_WPP_G4,0.0,0.0,False,0.0
2024-01-08,13,WCPP_CT1,82.5,192.5,True,2310.0
2024-01-08,13,WCPP_CT2,82.5,192.5,True,2310.0
2024-01-08,13,WCPP_ST1,89.4,208.6,True,2503.2
2024-01-08,13,WHCCS_CT1,0.0,0.0,False,0.0
2024-01-08,13,WHCCS_CT2,0.0,0.0,False,0.0
2024-01-08,13,WHCCS_STG,0.0,0.0,False,0.0
2024-01-08,13,WHCCS2_CT4,0.0,0.0,False,0.0
2024-01-08,13,WHCCS2_CT5,0.0,0.0,False,0.0
2024-01-08,13,WHCCS2_STG6,0.0,0.0,False,0.0
2024-01-08,13,NACPW_UNIT1,0.0,0.0,False,0.0
2024-01-08,13,HBR_2UNITS,0.0,0.0,False,0.0
2024-01-08,13,TRIRA_1UNIT,0.0,0.0,False,0.0
2024-01-08,13,78252_4UNITS,0.0,0.0,False,0.0
2024-01-08,13,SPRIN_4UNITS,0.0,0.0,False,0.0
2024-01-08,13,FREIH_2UNITS,0.0,0.0,False,0.0
2024-01-08,13,WSTHL_3UNITS,0.0,0.0,False,0.0
2024-01-08,13,FEGC_CTG2,0.0,0.0,False,0.0
2024-01-08,13,FEGC_CTG3,0.0,0.0,False,0.0
2024-01-08,13,FEGC_CTG4,0.0,0.0,False,0.0
2024-01-08,13,OLNEYTN_AGR1,0.0,0.0,False,0.0
2024-01-08,13,AMISTAD_AMISTAG1,37.9,0.0,True,37.9
2024-01-08,13,AMISTAD_AMISTAG2,37.9,0.0,True,37.9
2024-01-08,13,AUSTPL_AUSTING1,9.0,0.0,True,9.0
2024-01-08,13,AUSTPL_AUSTING2,9.0,0.0,True,9.0
2024-01-08,13,BUCHAN_BUCHANG1,18.299999999999997,3.552713678800501e-15,True,18.3
2024-01-08,13,BUCHAN_BUCHANG2,18.299999999999997,3.552713678800501e-15,True,18.3
2024-01-08,13,BUCHAN_BUCHANG3,18.299999999999997,3.552713678800501e-15,True,18.3
2024-01-08,13,DNDAM_DENISOG1,50.8,0.0,True,50.8
2024-01-08,13,DNDAM_DENISOG2,50.8,0.0,True,50.8
2024-01-08,13,FALCON_FALCONG1,12.0,0.0,True,12.0
2024-01-08,13,FALCON_FALCONG2,12.0,0.0,True,12.0
2024-01-08,13,FALCON_FALCONG3,12.0,0.0,True,12.0
2024-01-08,13,WIRTZ_WIRTZ_G1,29.0,0.0,True,29.0
2024-01-08,13,WIRTZ_WIRTZ_G2,29.0,0.0,True,29.0
2024-01-08,13,CANYHY_CANYHYG1,6.0,0.0,True,6.0
2024-01-08,13,INKSDA_INKS_G1,15.0,0.0,True,15.0
2024-01-08,13,MARBFA_MARBFAG1,21.0,0.0,True,21.0
2024-01-08,13,MARBFA_MARBFAG2,20.0,0.0,True,20.0
2024-01-08,13,MARSFO_MARSFOG1,36.0,0.0,True,36.0
2024-01-08,13,MARSFO_MARSFOG2,36.0,0.0,True,36.0
2024-01-08,13,MARSFO_MARSFOG3,36.0,0.0,True,36.0
2024-01-08,13,WND_WHITNEY1,22.0,0.0,True,22.0
2024-01-08,13,WND_WHITNEY2,22.0,0.0,True,22.0
2024-01-08,13,AEEC_ANTLP_1,0.0,0.0,False,0.0
2024-01-08,13,AEEC_ANTLP_2,0.0,0.0,False,0.0
2024-01-08,13,AEEC_ANTLP_3,0.0,0.0,False,0.0
2024-01-08,13,AEEC_ELK_1,0.0,0.0,False,0.0
2024-01-08,13,AEEC_ELK_2,0.0,0.0,False,0.0
2024-01-08,13,AEEC_ELK_3,0.0,0.0,False,0.0
2024-01-08,13,FTR_FTR_G1,0.0,0.0,False,0.0
2024-01-08,13,FTR_FTR_G2,0.0,0.0,False,0.0
2024-01-08,13,FTR_FTR_G3,0.0,0.0,False,0.0
2024-01-08,13,FTR_FTR_G4,0.0,0.0,False,0.0
2024-01-08,13,TGCCS_CT1,0.0,0.0,False,0.0
2024-01-08,13,TGCCS_CT2,0.0,0.0,False,0.0
2024-01-08,13,TGCCS_CT3,0.0,0.0,False,0.0
2024-01-08,13,TGCCS_UNIT4,0.0,0.0,False,0.0
2024-01-08,13,KMCHI_1CT101,55.5,129.5,True,1554.0
2024-01-08,13,KMCHI_1CT201,55.5,129.5,True,1554.0
2024-01-08,13,KMCHI_1ST,99.0,231.0,True,2772.0
2024-01-08,13,KMCHI_2CT101,55.5,129.5,True,1554.0
2024-01-08,13,KMCHI_2CT201,55.5,129.5,True,1554.0
2024-01-08,13,KMCHI_2ST,99.0,231.0,True,2772.0
2024-01-08,13,A4_DGR1,0.0,0.0,False,0.0
2024-01-08,13,A4_DGR2,0.0,0.0,False,0.0
2024-01-08,13,K2_DGR1,0.0,0.0,False,0.0
2024-01-08,13,K2_DGR2,0.0,0.0,False,0.0
2024-01-08,13,P2_DGR1,0.0,0.0,False,0.0
2024-01-08,13,P2_DGR2,0.0,0.0,False,0.0
2024-01-08,13,Q1_DGR1,0.0,0.0,False,0.0
2024-01-08,13,BRAUNIG_VHB3,0.0,0.0,False,0.0
2024-01-08,13,V2_DGR1,0.0,0.0,False,0.0
2024-01-08,13,V2_DGR2,0.0,0.0,False,0.0
2024-01-08,13,V2_DGR3,0.0,0.0,False,0.0
2024-01-08,13,V4_DGR1,0.0,0.0,False,0.0
2024-01-08,13,X1_DGR1,0.0,0.0,False,0.0
2024-01-08,13,Z0_DGR1,0.0,0.0,False,0.0
2024-01-08,13,Z0_DGR2,0.0,0.0,False,0.0
2024-01-08,13,Z5_DGR1,0.0,0.0,False,0.0
2024-01-08,13,DC_E,0.0,0.0,False,0.0
2024-01-08,13,DC_N,0.0,0.0,False,0.0
2024-01-08,13,DC_L,0.0,0.0,False,0.0
2024-01-08,13,DC_R,0.0,0.0,False,0.0
2024-01-08,13,CEDARVALE_GAS,0.0,0.0,False,0.0
2024-01-08,13,ENCHANTED_ROCK_NEWPP,0.0,0.0,False,0.0
2024-01-08,14,CPSES_UNIT1,1269.0,0.0,True,10152.0
2024-01-08,14,CPSES_UNIT2,1269.0,0.0,True,10152.0
2024-01-08,14,STP_STP_G1,1228.5,136.5,True,9828.0
2024-01-08,14,STP_STP_G2,1228.5,136.5,True,9828.0
2024-01-08,14,COLETO_COLETOG1,0.0,0.0,False,0.0
2024-01-08,14,FPPYD1_FPP_G1,0.0,0.0,False,0.0
2024-01-08,14,FPPYD1_FPP_G2,0.0,0.0,False,0.0
2024-01-08,14,FPPYD2_FPP_G3,0.0,0.0,False,0.0
2024-01-08,14,CALAVERS_JKS1,0.0,0.0,False,0.0
2024-01-08,14,CALAVERS_JKS2,0.0,0.0,False,0.0
2024-01-08,14,LEG_LEG_G1,357.2,535.8,True,8930.0
2024-01-08,14,LEG_LEG_G2,382.72,574.0799999999999,True,9568.0
2024-01-08,14,MLSES_UNIT1,357.2,535.8,True,8930.0
2024-01-08,14,MLSES_UNIT2,893.0,0.0,True,22325.0
2024-01-08,14,MLSES_UNIT3,638.3858940610253,254.61410593897472,True,15959.6474
2024-01-08,14,OGSES_UNIT1A,0.0,0.0,False,0.0
2024-01-08,14,OGSES_UNIT2,0.0,0.0,False,0.0
2024-01-08,14,SANMIGL_G1,0.0,0.0,False,0.0
2024-01-08,14,SCES_UNIT1,0.0,0.0,False,0.0
2024-01-08,14,TNP_ONE_TNP_O_1,0.0,0.0,False,0.0
2024-01-08,14,TNP_ONE_TNP_O_2,0.0,0.0,False,0.0
2024-01-08,14,WAP_WAP_G5,734.1,0.0,True,18352.5
2024-01-08,14,WAP_WAP_G6,576.6312690827981,157.46873091720192,True,14415.7817
2024-01-08,14,WAP_WAP_G7,245.84,368.76,True,6146.0
2024-01-08,14,WAP_WAP_G8,654.0,0.0,True,16350.0
2024-01-08,14,BRAUNIG_AVR1_CT1,0.0,0.0,False,0.0
2024-01-08,14,BRAUNIG_AVR1_CT2,0.0,0.0,False,0.0
2024-01-08,14,BRAUNIG_AVR1_ST,0.0,0.0,False,0.0
2024-01-08,14,ATKINS_ATKINSG7,0.0,0.0,False,0.0
2024-01-08,14,B_DAVIS_B_DAVIG3,0.0,0.0,False,0.0
2024-01-08,14,B_DAVIS_B_DAVIG4,0.0,0.0,False,0.0
2024-01-08,14,B_DAVIS_B_DAVIG1,0.0,0.0,False,0.0
2024-01-08,14,B_DAVIS_B_DAVIG2,0.0,0.0,False,0.0
2024-01-08,14,BASTEN_GTG1100,0.0,0.0,False,0.0
2024-01-08,14,BASTEN_GTG2100,0.0,0.0,False,0.0
2024-01-08,14,BASTEN_ST0100,0.0,0.0,False,0.0
2024-01-08,14,BCH_UNIT1,0.0,0.0,False,0.0
2024-01-08,14,BCH_UNIT2,0.0,0.0,False,0.0
2024-01-08,14,BCH_UNIT3,0.0,0.0,False,0.0
2024-01-08,14,BCH_UNIT4,6.05,54.45,True,254.1
2024-01-08,14,BCH_UNIT5,6.05,54.45,True,254.1
2024-01-08,14,BCH_UNIT6,0.0,0.0,False,0.0
2024-01-08,14,BCH_UNIT7,6.05,54.45,True,254.1
2024-01-08,14,BCH_UNIT8,0.0,0.0,False,0.0
2024-01-08,14,BOSQUESW_BSQSU_1,0.0,0.0,False,0.0
2024-01-08,14,BOSQUESW_BSQSU_2,0.0,0.0,False,0.0
2024-01-08,14,BOSQUESW_BSQSU_3,0.0,0.0,False,0.0
2024-01-08,14,BOSQUESW_BSQSU_4,0.0,0.0,False,0.0
2024-01-08,14,BOSQUESW_BSQSU_5,0.0,0.0,False,0.0
2024-01-08,14,BVE_UNIT1,0.0,0.0,False,0.0
2024-01-08,14,BVE_UNIT2,0.0,0.0,False,0.0
2024-01-08,14,BVE_UNIT3,0.0,0.0,False,0.0
2024-01-08,14,BTM_UNIT1,0.0,0.0,False,0.0
2024-01-08,14,BTM_UNIT2,0.0,0.0,False,0.0
2024-01-08,14,BTM_UNIT3,0.0,0.0,False,0.0
2024-01-08,14,BTM_UNIT4,0.0,0.0,False,0.0
2024-01-08,14,BTM_UNIT5,0.0,0.0,False,0.0
2024-01-08,14,BTM_UNIT6,0.0,0.0,False,0.0
2024-01-08,14,BTM_UNIT7,0.0,0.0,False,0.0
2024-01-08,14,BTM_UNIT8,0.0,0.0,False,0.0
2024-01-08,14,FLCNS_UNIT1,0.0,0.0,False,0.0
2024-01-08,14,FLCNS_UNIT2,0.0,0.0,False,0.0
2024-01-08,14,CALHOUN_UNIT1,0.0,0.0,False,0.0
2024-01-08,14,CALHOUN_UNIT2,0.0,0.0,False,0.0
2024-01-08,14,CHAMON_CTG_0101,0.0,0.0,False,0.0
2024-01-08,14,CHAMON_CTG_0301,0.0,0.0,False,0.0
2024-01-08,14,CBY4_CT41,61.5,143.5,True,1722.0
2024-01-08,14,CBY4_CT42,61.5,143.5,True,1722.0
2024-01-08,14,CBY4_ST04,61.5,143.5,True,1722.0
2024-01-08,14,CBY_CBY_G1,0.0,0.0,False,0.0
2024-01-08,14,CBY_CBY_G2,0.0,0.0,False,0.0
2024-01-08,14,CBEC_GT1,0.0,0.0,False,0.0
2024-01-08,14,CBEC_GT2,0.0,0.0,False,0.0
2024-01-08,14,CBEC_GT3,0.0,0.0,False,0.0
2024-01-08,14,CBEC_GT4,0.0,0.0,False,0.0
2024-01-08,14,CBEC_STG1,0.0,0.0,False,0.0
2024-01-08,14,CBEC_STG2,0.0,0.0,False,0.0
2024-01-08,14,CBECII_CT7,0.0,0.0,False,0.0
2024-01-08,14,CBECII_CT8,0.0,0.0,False,0.0
2024-01-08,14,CBECII_STG9,0.0,0.0,False,0.0
2024-01-08,14,CBEC_GT11,0.0,0.0,False,0.0
2024-01-08,14,CBEC_GT12,0.0,0.0,False,0.0
2024-01-08,14,CVC_CVC_G1,0.0,0.0,False,0.0
2024-01-08,14,CVC_CVC_G2,0.0,0.0,False,0.0
2024-01-08,14,CVC_CVC_G3,0.0,0.0,False,0.0
2024-01-08,14,CVC_CVC_G5,0.0,0.0,False,0.0
2024-01-08,14,DANSBY_DANSBYG2,0.0,0.0,False,0.0
2024-01-08,14,DANSBY_DANSBYG3,0.0,0.0,False,0.0
2024-01-08,14,DANSBY_DANSBYG1,0.0,0.0,False,0.0
2024-01-08,14,DECKER_DPGT_1,0.0,0.0,False,0.0
2024-01-08,14,DECKER_DPGT_2,0.0,0.0,False,0.0
2024-01-08,14,DECKER_DPGT_3,0.0,0.0,False,0.0
2024-01-08,14,DECKER_DPGT_4,0.0,0.0,False,0.0
2024-01-08,14,DCSES_CT10,0.0,0.0,False,0.0
2024-01-08,14,DCSES_CT20,0.0,0.0,False,0.0
2024-01-08,14,DCSES_CT30,0.0,0.0,False,0.0
2024-01-08,14,DCSES_CT40,0.0,0.0,False,0.0
2024-01-08,14,DDPEC_GT1,60.9,142.1,True,1705.2
2024-01-08,14,DDPEC_GT2,64.5,150.5,True,1806.0
2024-01-08,14,DDPEC_GT3,60.9,142.1,True,1705.2
2024-01-08,14,DDPEC_GT4,159.80380000000264,55.19619999999736,True,4474.5064
2024-01-08,14,DDPEC_GT6,199.0,0.0,True,5572.0
2024-01-08,14,DDPEC_ST1,290.0,0.0,True,8120.0
2024-01-08,14,DEC_AGR_A,0.0,0.0,False,0.0
2024-01-08,14,DEC_AGR_B,0.0,0.0,False,0.0
2024-01-08,14,DEC_AGR_C,0.0,0.0,False,0.0
2024-01-08,14,DEC_AGR_D,0.0,0.0,False,0.0
2024-01-08,14,ECEC_G1,0.0,0.0,False,0.0
2024-01-08,14,ECEC_G2,0.0,0.0,False,0.0
2024-01-08,14,ETCCS_CT1,0.0,0.0,False,0.0
2024-01-08,14,ETCCS_UNIT1,0.0,0.0,False,0.0
2024-01-08,14,AZ_AZ_G1,0.0,0.0,False,0.0
2024-01-08,14,AZ_AZ_G2,0.0,0.0,False,0.0
2024-01-08,14,AZ_AZ_G3,0.0,0.0,False,0.0
2024-01-08,14,AZ_AZ_G4,0.0,0.0,False,0.0
2024-01-08,14,FERGCC_FERGGT1,0.0,0.0,False,0.0
2024-01-08,14,FERGCC_FERGGT2,0.0,0.0,False,0.0
2024-01-08,14,FERGCC_FERGST1,0.0,0.0,False,0.0
2024-01-08,14,FRNYPP_GT11,0.0,0.0,False,0.0
2024-01-08,14,FRNYPP_GT12,0.0,0.0,False,0.0
2024-01-08,14,FRNYPP_GT13,0.0,0.0,False,0.0
2024-01-08,14,FRNYPP_GT21,0.0,0.0,False,0.0
2024-01-08,14,FRNYPP_GT22,0.0,0.0,False,0.0
2024-01-08,14,FRNYPP_GT23,0.0,0.0,False,0.0
2024-01-08,14,FRNYPP_ST10,0.0,0.0,False,0.0
2024-01-08,14,FRNYPP_ST20,0.0,0.0,False,0.0
2024-01-08,14,FREC_GT1,0.0,0.0,False,0.0
2024-01-08,14,FREC_GT2,0.0,0.0,False,0.0
2024-01-08,14,FREC_GT4,0.0,0.0,False,0.0
2024-01-08,14,FREC_GT5,0.0,0.0,False,0.0
2024-01-08,14,FREC_ST3,0.0,0.0,False,0.0
2024-01-08,14,FREC_ST6,0.0,0.0,False,0.0
2024-01-08,14,FEGC_UNIT1,0.0,0.0,False,0.0
2024-01-08,14,FRONT_EC_CT1,0.0,0.0,False,0.0
2024-01-08,14,FRONT_EC_CT2,0.0,0.0,False,0.0
2024-01-08,14,FRONT_EC_ST,0.0,0.0,False,0.0
2024-01-08,14,GRSES_UNIT1,0.0,0.0,False,0.0
2024-01-08,14,GRSES_UNIT2,0.0,0.0,False,0.0
2024-01-08,14,GBY_GBYGT73,0.0,0.0,False,0.0
2024-01-08,14,GBY_GBYGT74,0.0,0.0,False,0.0
2024-01-08,14,GBY_GBYGT81,0.0,0.0,False,0.0
2024-01-08,14,GBY_GBYGT82,0.0,0.0,False,0.0
2024-01-08,14,GBY_GBYGT83,0.0,0.0,False,0.0
2024-01-08,14,GBY_GBYGT84,0.0,0.0,False,0.0
2024-01-08,14,STEAM_ENGINE_1,0.0,0.0,False,0.0
2024-01-08,14,STEAM_ENGINE_2,0.0,0.0,False,0.0
2024-01-08,14,STEAM_ENGINE_3,0.0,0.0,False,0.0
2024-01-08,14,LGE_LGE_GT1,0.0,0.0,False,0.0
2024-01-08,14,LGE_LGE_GT2,0.0,0.0,False,0.0
2024-01-08,14,LGE_LGE_STG,0.0,0.0,False,0.0
2024-01-08,14,GUADG_GAS1,0.0,0.0,False,0.0
2024-01-08,14,GUADG_GAS2,0.0,0.0,False,0.0
2024-01-08,14,GUADG_GAS3,0.0,0.0,False,0.0
2024-01-08,14,GUADG_GAS4,0.0,0.0,False,0.0
2024-01-08,14,GUADG_STM5,0.0,0.0,False,0.0
2024-01-08,14,GUADG_STM6,0.0,0.0,False,0.0
2024-01-08,14,HLSES_UNIT3,0.0,0.0,False,0.0
2024-01-08,14,HLSES_UNIT4,0.0,0.0,False,0.0
2024-01-08,14,HLSES_UNIT5,0.0,0.0,False,0.0
2024-01-08,14,HAYSEN_HAYSENG1,0.0,0.0,False,0.0
2024-01-08,14,HAYSEN_HAYSENG2,0.0,0.0,False,0.0
2024-01-08,14,HAYSEN_HAYSENG3,0.0,0.0,False,0.0
2024-01-08,14,HAYSEN_HAYSENG4,0.0,0.0,False,0.0
2024-01-08,14,DUKE_DUKE_GT1,0.0,0.0,False,0.0
2024-01-08,14,DUKE_DUKE_GT2,0.0,0.0,False,0.0
2024-01-08,14,DUKE_DUKE_ST1,0.0,0.0,False,0.0
2024-01-08,14,JACKCNTY_CT1,59.67,139.23,True,1670.76
2024-01-08,14,JACKCNTY_CT2,59.67,139.23,True,1670.76
2024-01-08,14,JCKCNTY2_CT3,59.67,139.23,True,1670.76
2024-01-08,14,JCKCNTY2_CT4,59.67,139.23,True,1670.76
2024-01-08,14,JACKCNTY_STG,96.18,224.42000000000002,True,2693.04
2024-01-08,14,JCKCNTY2_ST2,96.18,224.42000000000002,True,2693.04
2024-01-08,14,TEN_CT1,0.0,0.0,False,0.0
2024-01-08,14,TEN_STG,0.0,0.0,False,0.0
2024-01-08,14,LHSES_UNIT1,0.0,0.0,False,0.0
2024-01-08,14,LHSES_UNIT2A,0.0,0.0,False,0.0
2024-01-08,14,LPCCS_CT11,55.8,130.2,True,1562.4
2024-01-08,14,LPCCS_CT12,55.8,130.2,True,1562.4
2024-01-08,14,LPCCS_CT21,55.8,130.2,True,1562.4
2024-01-08,14,LPCCS_CT22,55.8,130.2,True,1562.4
2024-01-08,14,LPCCS_UNIT1,64.8,151.2,True,1814.4
2024-01-08,14,LPCCS_UNIT2,64.8,151.2,True,1814.4
2024-01-08,14,LARDVFTN_G4,0.0,0.0,False,0.0
2024-01-08,14,LARDVFTN_G5,0.0,0.0,False,0.0
2024-01-08,14,LEON_CRK_LCPCT1,0.0,0.0,False,0.0
2024-01-08,14,LEON_CRK_LCPCT2,0.0,0.0,False,0.0
2024-01-08,14,LEON_CRK_LCPCT3,0.0,0.0,False,0.0
2024-01-08,14,LEON_CRK_LCPCT4,0.0,0.0,False,0.0
2024-01-08,14,LIG_UNIT1,0.0,0.0,False,0.0
2024-01-08,14,LIG_UNIT2,0.0,0.0,False,0.0
2024-01-08,14,LOSTPI_LOSTPGT1,0.0,0.0,False,0.0
2024-01-08,14,LOSTPI_LOSTPGT2,0.0,0.0,False,0.0
2024-01-08,14,LOSTPI_LOSTPST1,0.0,0.0,False,0.0
2024-01-08,14,NEDIN_NEDIN_G1,0.0,0.0,False,0.0
2024-01-08,14,NEDIN_NEDIN_G2,0.0,0.0,False,0.0
2024-01-08,14,NEDIN_NEDIN_G3,0.0,0.0,False,0.0
2024-01-08,14,MDANP_CT1,0.0,0.0,False,0.0
2024-01-08,14,MDANP_CT2,0.0,0.0,False,0.0
2024-01-08,14,MDANP_CT3,0.0,0.0,False,0.0
2024-01-08,14,MDANP_CT4,0.0,0.0,False,0.0
2024-01-08,14,MDANP_CT5,0.0,0.0,False,0.0
2024-01-08,14,MDANP_CT6,0.0,0.0,False,0.0
2024-01-08,14,MGSES_CT1,0.0,0.0,False,0.0
2024-01-08,14,MGSES_CT2,0.0,0.0,False,0.0
2024-01-08,14,MGSES_CT3,0.0,0.0,False,0.0
2024-01-08,14,MGSES_CT4,0.0,0.0,False,0.0
2024-01-08,14,MGSES_CT5,0.0,0.0,False,0.0
2024-01-08,14,MGSES_CT6,0.0,0.0,False,0.0
2024-01-08,14,MCSES_UNIT6,0.0,0.0,False,0.0
2024-01-08,14,MCSES_UNIT7,0.0,0.0,False,0.0
2024-01-08,14,MCSES_UNIT8,0.0,0.0,False,0.0
2024-01-08,14,NUECES_B_NUECESG8,0.0,0.0,False,0.0
2024-01-08,14,NUECES_B_NUECESG9,0.0,0.0,False,0.0
2024-01-08,14,NUECES_B_NUECESG7,0.0,0.0,False,0.0
2024-01-08,14,CALAVERS_OWS1,0.0,0.0,False,0.0
2024-01-08,14,CALAVERS_OWS2,0.0,0.0,False,0.0
2024-01-08,14,OECCS_CT11,0.0,0.0,False,0.0
2024-01-08,14,OECCS_CT12,0.0,0.0,False,0.0
2024-01-08,14,OECCS_CT21,0.0,0.0,False,0.0
2024-01-08,14,OECCS_CT22,0.0,0.0,False,0.0
2024-01-08,14,OECCS_UNIT1,0.0,0.0,False,0.0
2024-01-08,14,OECCS_UNIT2,0.0,0.0,False,0.0
2024-01-08,14,VICTPRT2_UNIT1,0.0,0.0,False,0.0
2024-01-08,14,VICTPRT2_UNIT2,0.0,0.0,False,0.0
2024-01-08,14,PANDA_S_SHER1CT1,69.6,162.4,True,1948.8
2024-01-08,14,PANDA_S_SHER1CT2,69.6,162.4,True,1948.8
2024-01-08,14,PANDA_S_SHER1ST1,105.93,247.17000000000002,True,2966.04
2024-01-08,14,PANDA_T1_TMPL1CT1,0.0,0.0,False,0.0
2024-01-08,14,PANDA_T1_TMPL1CT2,0.0,0.0,False,0.0
2024-01-08,14,PANDA_T1_TMPL1ST1,0.0,0.0,False,0.0
2024-01-08,14,PANDA_T2_TMPL2CT1,0.0,0.0,False,0.0
2024-01-08,14,PANDA_T2_TMPL2CT2,0.0,0.0,False,0.0
2024-01-08,14,PANDA_T2_TMPL2ST1,0.0,0.0,False,0.0
2024-01-08,14,TNSKA_GT1,27.27,63.63000000000001,True,763.56
2024-01-08,14,TNSKA_GT2,27.27,63.63000000000001,True,763.56
2024-01-08,14,TNSKA_STG,27.0,63.0,True,756.0
2024-01-08,14,PSG_PSG_GT2,215.1,0.0,True,6022.8
2024-01-08,14,PSG_PSG_GT3,215.1,0.0,True,6022.8
2024-01-08,14,PSG_PSG_ST2,195.5,0.0,True,5474.0
2024-01-08,14,PEARSAL2_AGR_A,0.0,0.0,False,0.0
2024-01-08,14,PEARSAL2_AGR_B,0.0,0.0,False,0.0
2024-01-08,14,PEARSAL2_AGR_C,0.0,0.0,False,0.0
2024-01-08,14,PEARSAL2_AGR_D,0.0,0.0,False,0.0
2024-01-08,14,PB2SES_CT1,0.0,0.0,False,0.0
2024-01-08,14,PB2SES_CT2,0.0,0.0,False,0.0
2024-01-08,14,PB2SES_CT3,0.0,0.0,False,0.0
2024-01-08,14,PB2SES_CT4,0.0,0.0,False,0.0
2024-01-08,14,PB2SES_CT5,0.0,0.0,False,0.0
2024-01-08,14,PRO_UNIT1,0.0,0.0,False,0.0
2024-01-08,14,PRO_UNIT2,0.0,0.0,False,0.0
2024-01-08,14,PRO_UNIT3,0.0,0.0,False,0.0
2024-01-08,14,PRO_UNIT4,0.0,0.0,False,0.0
2024-01-08,14,PRO_UNIT5,0.0,0.0,False,0.0
2024-01-08,14,PRO_UNIT6,0.0,0.0,False,0.0
2024-01-08,14,PRO_UNIT7,0.0,0.0,False,0.0
2024-01-08,14,PRO_UNIT8,0.0,0.0,False,0.0
2024-01-08,14,BAC_CTG1,0.0,0.0,False,0.0
2024-01-08,14,BAC_CTG2,0.0,0.0,False,0.0
2024-01-08,14,BAC_CTG3,0.0,0.0,False,0.0
2024-01-08,14,BAC_CTG4,0.0,0.0,False,0.0
2024-01-08,14,BAC_CTG5,0.0,0.0,False,0.0
2024-01-08,14,BAC_CTG6,0.0,0.0,False,0.0
2024-01-08,14,STEAM1A_STEAM_1,0.0,0.0,False,0.0
2024-01-08,14,STEAM_STEAM_2,0.0,0.0,False,0.0
2024-01-08,14,STEAM_STEAM_3,0.0,0.0,False,0.0
2024-01-08,14,QALSW_GT1,0.0,0.0,False,0.0
2024-01-08,14,QALSW_GT2,0.0,0.0,False,0.0
2024-01-08,14,QALSW_GT3,0.0,0.0,False,0.0
2024-01-08,14,QALSW_GT4,0.0,0.0,False,0.0
2024-01-08,14,QALSW_STG1,0.0,0.0,False,0.0
2024-01-08,14,QALSW_STG2,0.0,0.0,False,0.0
2024-01-08,14,MIL_MILLERG4,0.0,0.0,False,0.0
2024-01-08,14,MIL_MILLERG5,0.0,0.0,False,0.0
2024-01-08,14,MIL_MILLERG1,0.0,0.0,False,0.0
2024-01-08,14,MIL_MILLERG2,0.0,0.0,False,0.0
2024-01-08,14,MIL_MILLERG3,0.0,0.0,False,0.0
2024-01-08,14,OLINGR_OLING_4,0.0,0.0,False,0.0
2024-01-08,14,OLINGR_OLING_2,0.0,0.0,False,0.0
2024-01-08,14,OLINGR_OLING_3,0.0,0.0,False,0.0
2024-01-08,14,RAB_UNIT1,0.0,0.0,False,0.0
2024-01-08,14,RAB_UNIT2,0.0,0.0,False,0.0
2024-01-08,14,RAB_UNIT3,0.0,0.0,False,0.0
2024-01-08,14,RAB_UNIT4,0.0,0.0,False,0.0
2024-01-08,14,RAB_UNIT5,0.0,0.0,False,0.0
2024-01-08,14,RAB_UNIT6,0.0,0.0,False,0.0
2024-01-08,14,RAB_UNIT7,0.0,0.0,False,0.0
2024-01-08,14,RAB_UNIT8,0.0,0.0,False,0.0
2024-01-08,14,REDGATE_AGR_A,0.0,0.0,False,0.0
2024-01-08,14,REDGATE_AGR_B,0.0,0.0,False,0.0
2024-01-08,14,REDGATE_AGR_C,0.0,0.0,False,0.0
2024-01-08,14,REDGATE_AGR_D,0.0,0.0,False,0.0
2024-01-08,14,JAD_UNIT1,0.0,0.0,False,0.0
2024-01-08,14,JAD_UNIT2,0.0,0.0,False,0.0
2024-01-08,14,JAD_UNIT3,0.0,0.0,False,0.0
2024-01-08,14,JAD_UNIT4,0.0,0.0,False,0.0
2024-01-08,14,JAD_UNIT5,0.0,0.0,False,0.0
2024-01-08,14,JAD_UNIT6,0.0,0.0,False,0.0
2024-01-08,14,JAD_UNIT7,0.0,0.0,False,0.0
2024-01-08,14,JAD_UNIT8,0.0,0.0,False,0.0
2024-01-08,14,RIONOG_CT1,0.0,0.0,False,0.0
2024-01-08,14,RIONOG_CT2,0.0,0.0,False,0.0
2024-01-08,14,RIONOG_CT3,0.0,0.0,False,0.0
2024-01-08,14,RIONOG_ST1,0.0,0.0,False,0.0
2024-01-08,14,RAYBURN_RAYBURG7,18.15,42.35,True,508.2
2024-01-08,14,RAYBURN_RAYBURG8,18.15,42.35,True,508.2
2024-01-08,14,RAYBURN_RAYBURG9,18.15,42.35,True,508.2
2024-01-08,14,RAYBURN_RAYBURG10,12.6,29.4,True,352.8
2024-01-08,14,SJS_SJS_G1,0.0,0.0,False,0.0
2024-01-08,14,SJS_SJS_G2,0.0,0.0,False,0.0
2024-01-08,14,SANDHSYD_SH1,0.0,0.0,False,0.0
2024-01-08,14,SANDHSYD_SH2,0.0,0.0,False,0.0
2024-01-08,14,SANDHSYD_SH3,0.0,0.0,False,0.0
2024-01-08,14,SANDHSYD_SH4,0.0,0.0,False,0.0
2024-01-08,14,SANDHSYD_SH_5A,0.0,0.0,False,0.0
2024-01-08,14,SANDHSYD_SH6,0.0,0.0,False,0.0
2024-01-08,14,SANDHSYD_SH7,0.0,0.0,False,0.0
2024-01-08,14,SANDHSYD_SH_5C,0.0,0.0,False,0.0
2024-01-08,14,SILASRAY_SILAS_10,0.0,0.0,False,0.0
2024-01-08,14,SILASRAY_SILAS_9,0.0,0.0,False,0.0
2024-01-08,14,SILASRAY_SILAS_6,0.0,0.0,False,0.0
2024-01-08,14,GIDEON_GIDEONG1,0.0,0.0,False,0.0
2024-01-08,14,GIDEON_GIDEONG2,0.0,0.0,False,0.0
2024-01-08,14,GIDEON_GIDEONG3,0.0,0.0,False,0.0
2024-01-08,14,SKY1_SKY1A,0.0,0.0,False,0.0
2024-01-08,14,SKY1_SKY1B,0.0,0.0,False,0.0
2024-01-08,14,SPNCER_SPNCE_4,0.0,0.0,False,0.0
2024-01-08,14,SPNCER_SPNCE_5,0.0,0.0,False,0.0
2024-01-08,14,SCSES_UNIT1A,0.0,0.0,False,0.0
2024-01-08,14,SCSES_UNIT2,0.0,0.0,False,0.0
2024-01-08,14,THW_THWGT_1,0.0,0.0,False,0.0
2024-01-08,14,THW_THWGT31,0.0,0.0,False,0.0
2024-01-08,14,THW_THWGT32,0.0,0.0,False,0.0
2024-01-08,14,THW_THWGT33,0.0,0.0,False,0.0
2024-01-08,14,THW_THWGT34,0.0,0.0,False,0.0
2024-01-08,14,THW_THWGT41,0.0,0.0,False,0.0
2024-01-08,14,THW_THWGT42,0.0,0.0,False,0.0
2024-01-08,14,THW_THWGT43,0.0,0.0,False,0.0
2024-01-08,14,THW_THWGT44,0.0,0.0,False,0.0
2024-01-08,14,THW_THWGT51,0.0,0.0,False,0.0
2024-01-08,14,THW_THWGT52,0.0,0.0,False,0.0
2024-01-08,14,THW_THWGT53,0.0,0.0,False,0.0
2024-01-08,14,THW_THWGT54,0.0,0.0,False,0.0
2024-01-08,14,THW_THWGT55,0.0,0.0,False,0.0
2024-01-08,14,THW_THWGT56,0.0,0.0,False,0.0
2024-01-08,14,THW_THWST_3,0.0,0.0,False,0.0
2024-01-08,14,THW_THWST_4,0.0,0.0,False,0.0
2024-01-08,14,TXCTY_CTA,129.1,0.0,True,3614.8
2024-01-08,14,TXCTY_CTB,129.1,0.0,True,3614.8
2024-01-08,14,TXCTY_CTC,129.1,0.0,True,3614.8
2024-01-08,14,TXCTY_ST,143.7,0.0,True,4023.6
2024-01-08,14,TGS_GT01,0.0,0.0,False,0.0
2024-01-08,14,TIMPP_AGR1,0.0,0.0,False,0.0
2024-01-08,14,TIMPP_AGR2,0.0,0.0,False,0.0
2024-01-08,14,TIMPP_AGR3,0.0,0.0,False,0.0
2024-01-08,14,TIMPP_AGR4,0.0,0.0,False,0.0
2024-01-08,14,TRSES_UNIT6,0.0,0.0,False,0.0
2024-01-08,14,TOPAZ_UNIT1,0.0,0.0,False,0.0
2024-01-08,14,TOPAZ_UNIT2,0.0,0.0,False,0.0
2024-01-08,14,TOPAZ_UNIT3,0.0,0.0,False,0.0
2024-01-08,14,TOPAZ_UNIT4,0.0,0.0,False,0.0
2024-01-08,14,TOPAZ_UNIT5,0.0,0.0,False,0.0
2024-01-08,14,TOPAZ_UNIT6,0.0,0.0,False,0.0
2024-01-08,14,TOPAZ_UNIT7,0.0,0.0,False,0.0
2024-01-08,14,TOPAZ_UNIT8,0.0,0.0,False,0.0
2024-01-08,14,TOPAZ_UNIT9,0.0,0.0,False,0.0
2024-01-08,14,TOPAZ_UNIT10,0.0,0.0,False,0.0
2024-01-08,14,BRAUNIG_VHB6CT5,0.0,0.0,False,0.0
2024-01-08,14,BRAUNIG_VHB6CT6,0.0,0.0,False,0.0
2024-01-08,14,BRAUNIG_VHB6CT7,0.0,0.0,False,0.0
2024-01-08,14,BRAUNIG_VHB6CT8,0.0,0.0,False,0.0
2024-01-08,14,CITYVICT_CTG01,0.0,0.0,False,0.0
2024-01-08,14,CITYVICT_CTG02,0.0,0.0,False,0.0
2024-01-08,14,VICTPORT_CTG01,0.0,0.0,False,0.0
2024-01-08,14,VICTPORT_CTG02,0.0,0.0,False,0.0
2024-01-08,14,VICTORIA_VICTORG6,0.0,0.0,False,0.0
2024-01-08,14,VICTORIA_VICTORG5,0.0,0.0,False,0.0
2024-01-08,14,WAP_WAPGT_1,0.0,0.0,False,0.0
2024-01-08,14,WAP_WAP_G1,0.0,0.0,False,0.0
2024-01-08,14,WAP_WAP_G2,0.0,0.0,False,0.0
2024-01-08,14,WAP_WAP_G3,0.0,0.0,False,0.0
2024-01-08,14,WAP_WAP_G4,0.0,0.0,False,0.0
2024-01-08,14,WFCOGEN_UNIT1,0.0,0.0,False,0.0
2024-01-08,14,WFCOGEN_UNIT2,0.0,0.0,False,0.0
2024-01-08,14,WFCOGEN_UNIT3,0.0,0.0,False,0.0
2024-01-08,14,WIPOPA_WPP_G1,0.0,0.0,False,0.0
2024-01-08,14,WIPOPA_WPP_G2,0.0,0.0,False,0.0
2024-01-08,14,WIPOPA_WPP_G3,0.0,0.0,False,0.0
2024-01-08,14,WIPOPA_WPP_G4,0.0,0.0,False,0.0
2024-01-08,14,WCPP_CT1,82.5,192.5,True,2310.0
2024-01-08,14,WCPP_CT2,82.5,192.5,True,2310.0
2024-01-08,14,WCPP_ST1,89.4,208.6,True,2503.2
2024-01-08,14,WHCCS_CT1,0.0,0.0,False,0.0
2024-01-08,14,WHCCS_CT2,0.0,0.0,False,0.0
2024-01-08,14,WHCCS_STG,0.0,0.0,False,0.0
2024-01-08,14,WHCCS2_CT4,0.0,0.0,False,0.0
2024-01-08,14,WHCCS2_CT5,0.0,0.0,False,0.0
2024-01-08,14,WHCCS2_STG6,0.0,0.0,False,0.0
2024-01-08,14,NACPW_UNIT1,0.0,0.0,False,0.0
2024-01-08,14,HBR_2UNITS,0.0,0.0,False,0.0
2024-01-08,14,TRIRA_1UNIT,0.0,0.0,False,0.0
2024-01-08,14,78252_4UNITS,0.0,0.0,False,0.0
2024-01-08,14,SPRIN_4UNITS,0.0,0.0,False,0.0
2024-01-08,14,FREIH_2UNITS,0.0,0.0,False,0.0
2024-01-08,14,WSTHL_3UNITS,0.0,0.0,False,0.0
2024-01-08,14,FEGC_CTG2,0.0,0.0,False,0.0
2024-01-08,14,FEGC_CTG3,0.0,0.0,False,0.0
2024-01-08,14,FEGC_CTG4,0.0,0.0,False,0.0
2024-01-08,14,OLNEYTN_AGR1,0.0,0.0,False,0.0
2024-01-08,14,AMISTAD_AMISTAG1,37.9,0.0,True,37.9
2024-01-08,14,AMISTAD_AMISTAG2,37.9,0.0,True,37.9
2024-01-08,14,AUSTPL_AUSTING1,9.0,0.0,True,9.0
2024-01-08,14,AUSTPL_AUSTING2,9.0,0.0,True,9.0
2024-01-08,14,BUCHAN_BUCHANG1,18.299999999999997,3.552713678800501e-15,True,18.3
2024-01-08,14,BUCHAN_BUCHANG2,18.299999999999997,3.552713678800501e-15,True,18.3
2024-01-08,14,BUCHAN_BUCHANG3,18.299999999999997,3.552713678800501e-15,True,18.3
2024-01-08,14,DNDAM_DENISOG1,50.8,0.0,True,50.8
2024-01-08,14,DNDAM_DENISOG2,50.8,0.0,True,50.8
2024-01-08,14,FALCON_FALCONG1,12.0,0.0,True,12.0
2024-01-08,14,FALCON_FALCONG2,12.0,0.0,True,12.0
2024-01-08,14,FALCON_FALCONG3,12.0,0.0,True,12.0
2024-01-08,14,WIRTZ_WIRTZ_G1,29.0,0.0,True,29.0
2024-01-08,14,WIRTZ_WIRTZ_G2,29.0,0.0,True,29.0
2024-01-08,14,CANYHY_CANYHYG1,6.0,0.0,True,6.0
2024-01-08,14,INKSDA_INKS_G1,15.0,0.0,True,15.0
2024-01-08,14,MARBFA_MARBFAG1,21.0,0.0,True,21.0
2024-01-08,14,MARBFA_MARBFAG2,20.0,0.0,True,20.0
2024-01-08,14,MARSFO_MARSFOG1,36.0,0.0,True,36.0
2024-01-08,14,MARSFO_MARSFOG2,36.0,0.0,True,36.0
2024-01-08,14,MARSFO_MARSFOG3,36.0,0.0,True,36.0
2024-01-08,14,WND_WHITNEY1,22.0,0.0,True,22.0
2024-01-08,14,WND_WHITNEY2,22.0,0.0,True,22.0
2024-01-08,14,AEEC_ANTLP_1,0.0,0.0,False,0.0
2024-01-08,14,AEEC_ANTLP_2,0.0,0.0,False,0.0
2024-01-08,14,AEEC_ANTLP_3,0.0,0.0,False,0.0
2024-01-08,14,AEEC_ELK_1,0.0,0.0,False,0.0
2024-01-08,14,AEEC_ELK_2,0.0,0.0,False,0.0
2024-01-08,14,AEEC_ELK_3,0.0,0.0,False,0.0
2024-01-08,14,FTR_FTR_G1,0.0,0.0,False,0.0
2024-01-08,14,FTR_FTR_G2,0.0,0.0,False,0.0
2024-01-08,14,FTR_FTR_G3,0.0,0.0,False,0.0
2024-01-08,14,FTR_FTR_G4,0.0,0.0,False,0.0
2024-01-08,14,TGCCS_CT1,0.0,0.0,False,0.0
2024-01-08,14,TGCCS_CT2,0.0,0.0,False,0.0
2024-01-08,14,TGCCS_CT3,0.0,0.0,False,0.0
2024-01-08,14,TGCCS_UNIT4,0.0,0.0,False,0.0
2024-01-08,14,KMCHI_1CT101,55.5,129.5,True,1554.0
2024-01-08,14,KMCHI_1CT201,55.5,129.5,True,1554.0
2024-01-08,14,KMCHI_1ST,99.0,231.0,True,2772.0
2024-01-08,14,KMCHI_2CT101,55.5,129.5,True,1554.0
2024-01-08,14,KMCHI_2CT201,55.5,129.5,True,1554.0
2024-01-08,14,KMCHI_2ST,99.0,231.0,True,2772.0
2024-01-08,14,A4_DGR1,0.0,0.0,False,0.0
2024-01-08,14,A4_DGR2,0.0,0.0,False,0.0
2024-01-08,14,K2_DGR1,0.0,0.0,False,0.0
2024-01-08,14,K2_DGR2,0.0,0.0,False,0.0
2024-01-08,14,P2_DGR1,0.0,0.0,False,0.0
2024-01-08,14,P2_DGR2,0.0,0.0,False,0.0
2024-01-08,14,Q1_DGR1,0.0,0.0,False,0.0
2024-01-08,14,BRAUNIG_VHB3,0.0,0.0,False,0.0
2024-01-08,14,V2_DGR1,0.0,0.0,False,0.0
2024-01-08,14,V2_DGR2,0.0,0.0,False,0.0
2024-01-08,14,V2_DGR3,0.0,0.0,False,0.0
2024-01-08,14,V4_DGR1,0.0,0.0,False,0.0
2024-01-08,14,X1_DGR1,0.0,0.0,False,0.0
2024-01-08,14,Z0_DGR1,0.0,0.0,False,0.0
2024-01-08,14,Z0_DGR2,0.0,0.0,False,0.0
2024-01-08,14,Z5_DGR1,0.0,0.0,False,0.0
2024-01-08,14,DC_E,0.0,0.0,False,0.0
2024-01-08,14,DC_N,0.0,0.0,False,0.0
2024-01-08,14,DC_L,0.0,0.0,False,0.0
2024-01-08,14,DC_R,0.0,0.0,False,0.0
2024-01-08,14,CEDARVALE_GAS,0.0,0.0,False,0.0
2024-01-08,14,ENCHANTED_ROCK_NEWPP,0.0,0.0,False,0.0
2024-01-08,15,CPSES_UNIT1,1269.0,0.0,True,10152.0
2024-01-08,15,CPSES_UNIT2,1269.0,0.0,True,10152.0
2024-01-08,15,STP_STP_G1,1228.5,136.5,True,9828.0
2024-01-08,15,STP_STP_G2,1228.5,136.5,True,9828.0
2024-01-08,15,COLETO_COLETOG1,0.0,0.0,False,0.0
2024-01-08,15,FPPYD1_FPP_G1,0.0,0.0,False,0.0
2024-01-08,15,FPPYD1_FPP_G2,0.0,0.0,False,0.0
2024-01-08,15,FPPYD2_FPP_G3,0.0,0.0,False,0.0
2024-01-08,15,CALAVERS_JKS1,0.0,0.0,False,0.0
2024-01-08,15,CALAVERS_JKS2,0.0,0.0,False,0.0
2024-01-08,15,LEG_LEG_G1,357.2,535.8,True,8930.0
2024-01-08,15,LEG_LEG_G2,382.72,574.0799999999999,True,9568.0
2024-01-08,15,MLSES_UNIT1,893.0,0.0,True,22325.0
2024-01-08,15,MLSES_UNIT2,379.77141567021516,513.2285843297848,True,9494.2854
2024-01-08,15,MLSES_UNIT3,357.2,535.8,True,8930.0
2024-01-08,15,OGSES_UNIT1A,0.0,0.0,False,0.0
2024-01-08,15,OGSES_UNIT2,0.0,0.0,False,0.0
2024-01-08,15,SANMIGL_G1,0.0,0.0,False,0.0
2024-01-08,15,SCES_UNIT1,0.0,0.0,False,0.0
2024-01-08,15,TNP_ONE_TNP_O_1,0.0,0.0,False,0.0
2024-01-08,15,TNP_ONE_TNP_O_2,0.0,0.0,False,0.0
2024-01-08,15,WAP_WAP_G5,734.1,0.0,True,18352.5
2024-01-08,15,WAP_WAP_G6,569.6436502571169,164.45634974288322,True,14241.0913
2024-01-08,15,WAP_WAP_G7,245.84,368.76,True,6146.0
2024-01-08,15,WAP_WAP_G8,654.0,0.0,True,16350.0
2024-01-08,15,BRAUNIG_AVR1_CT1,0.0,0.0,False,0.0
2024-01-08,15,BRAUNIG_AVR1_CT2,0.0,0.0,False,0.0
2024-01-08,15,BRAUNIG_AVR1_ST,0.0,0.0,False,0.0
2024-01-08,15,ATKINS_ATKINSG7,0.0,0.0,False,0.0
2024-01-08,15,B_DAVIS_B_DAVIG3,0.0,0.0,False,0.0
2024-01-08,15,B_DAVIS_B_DAVIG4,0.0,0.0,False,0.0
2024-01-08,15,B_DAVIS_B_DAVIG1,0.0,0.0,False,0.0
2024-01-08,15,B_DAVIS_B_DAVIG2,0.0,0.0,False,0.0
2024-01-08,15,BASTEN_GTG1100,0.0,0.0,False,0.0
2024-01-08,15,BASTEN_GTG2100,0.0,0.0,False,0.0
2024-01-08,15,BASTEN_ST0100,0.0,0.0,False,0.0
2024-01-08,15,BCH_UNIT1,0.0,0.0,False,0.0
2024-01-08,15,BCH_UNIT2,0.0,0.0,False,0.0
2024-01-08,15,BCH_UNIT3,0.0,0.0,False,0.0
2024-01-08,15,BCH_UNIT4,0.0,0.0,False,0.0
2024-01-08,15,BCH_UNIT5,0.0,0.0,False,0.0
2024-01-08,15,BCH_UNIT6,0.0,0.0,False,0.0
2024-01-08,15,BCH_UNIT7,0.0,0.0,False,0.0
2024-01-08,15,BCH_UNIT8,0.0,0.0,False,0.0
2024-01-08,15,BOSQUESW_BSQSU_1,0.0,0.0,False,0.0
2024-01-08,15,BOSQUESW_BSQSU_2,0.0,0.0,False,0.0
2024-01-08,15,BOSQUESW_BSQSU_3,0.0,0.0,False,0.0
2024-01-08,15,BOSQUESW_BSQSU_4,0.0,0.0,False,0.0
2024-01-08,15,BOSQUESW_BSQSU_5,0.0,0.0,False,0.0
2024-01-08,15,BVE_UNIT1,0.0,0.0,False,0.0
2024-01-08,15,BVE_UNIT2,0.0,0.0,False,0.0
2024-01-08,15,BVE_UNIT3,0.0,0.0,False,0.0
2024-01-08,15,BTM_UNIT1,0.0,0.0,False,0.0
2024-01-08,15,BTM_UNIT2,0.0,0.0,False,0.0
2024-01-08,15,BTM_UNIT3,0.0,0.0,False,0.0
2024-01-08,15,BTM_UNIT4,0.0,0.0,False,0.0
2024-01-08,15,BTM_UNIT5,0.0,0.0,False,0.0
2024-01-08,15,BTM_UNIT6,0.0,0.0,False,0.0
2024-01-08,15,BTM_UNIT7,0.0,0.0,False,0.0
2024-01-08,15,BTM_UNIT8,0.0,0.0,False,0.0
2024-01-08,15,FLCNS_UNIT1,0.0,0.0,False,0.0
2024-01-08,15,FLCNS_UNIT2,0.0,0.0,False,0.0
2024-01-08,15,CALHOUN_UNIT1,0.0,0.0,False,0.0
2024-01-08,15,CALHOUN_UNIT2,0.0,0.0,False,0.0
2024-01-08,15,CHAMON_CTG_0101,0.0,0.0,False,0.0
2024-01-08,15,CHAMON_CTG_0301,0.0,0.0,False,0.0
2024-01-08,15,CBY4_CT41,61.5,143.5,True,1722.0
2024-01-08,15,CBY4_CT42,61.5,143.5,True,1722.0
2024-01-08,15,CBY4_ST04,61.5,143.5,True,1722.0
2024-01-08,15,CBY_CBY_G1,0.0,0.0,False,0.0
2024-01-08,15,CBY_CBY_G2,0.0,0.0,False,0.0
2024-01-08,15,CBEC_GT1,0.0,0.0,False,0.0
2024-01-08,15,CBEC_GT2,0.0,0.0,False,0.0
2024-01-08,15,CBEC_GT3,0.0,0.0,False,0.0
2024-01-08,15,CBEC_GT4,0.0,0.0,False,0.0
2024-01-08,15,CBEC_STG1,0.0,0.0,False,0.0
2024-01-08,15,CBEC_STG2,0.0,0.0,False,0.0
2024-01-08,15,CBECII_CT7,0.0,0.0,False,0.0
2024-01-08,15,CBECII_CT8,0.0,0.0,False,0.0
2024-01-08,15,CBECII_STG9,0.0,0.0,False,0.0
2024-01-08,15,CBEC_GT11,0.0,0.0,False,0.0
2024-01-08,15,CBEC_GT12,0.0,0.0,False,0.0
2024-01-08,15,CVC_CVC_G1,0.0,0.0,False,0.0
2024-01-08,15,CVC_CVC_G2,0.0,0.0,False,0.0
2024-01-08,15,CVC_CVC_G3,0.0,0.0,False,0.0
2024-01-08,15,CVC_CVC_G5,0.0,0.0,False,0.0
2024-01-08,15,DANSBY_DANSBYG2,0.0,0.0,False,0.0
2024-01-08,15,DANSBY_DANSBYG3,0.0,0.0,False,0.0
2024-01-08,15,DANSBY_DANSBYG1,0.0,0.0,False,0.0
2024-01-08,15,DECKER_DPGT_1,0.0,0.0,False,0.0
2024-01-08,15,DECKER_DPGT_2,0.0,0.0,False,0.0
2024-01-08,15,DECKER_DPGT_3,0.0,0.0,False,0.0
2024-01-08,15,DECKER_DPGT_4,0.0,0.0,False,0.0
2024-01-08,15,DCSES_CT10,0.0,0.0,False,0.0
2024-01-08,15,DCSES_CT20,0.0,0.0,False,0.0
2024-01-08,15,DCSES_CT30,0.0,0.0,False,0.0
2024-01-08,15,DCSES_CT40,0.0,0.0,False,0.0
2024-01-08,15,DDPEC_GT1,60.9,142.1,True,1705.2
2024-01-08,15,DDPEC_GT2,148.21620000000263,66.78379999999737,True,4150.0536
2024-01-08,15,DDPEC_GT3,60.9,142.1,True,1705.2
2024-01-08,15,DDPEC_GT4,215.0,0.0,True,6020.0
2024-01-08,15,DDPEC_GT6,59.7,139.3,True,1671.6
2024-01-08,15,DDPEC_ST1,290.0,0.0,True,8120.0
2024-01-08,15,DEC_AGR_A,0.0,0.0,False,0.0
2024-01-08,15,DEC_AGR_B,0.0,0.0,False,0.0
2024-01-08,15,DEC_AGR_C,0.0,0.0,False,0.0
2024-01-08,15,DEC_AGR_D,0.0,0.0,False,0.0
2024-01-08,15,ECEC_G1,0.0,0.0,False,0.0
2024-01-08,15,ECEC_G2,0.0,0.0,False,0.0
2024-01-08,15,ETCCS_CT1,0.0,0.0,False,0.0
2024-01-08,15,ETCCS_UNIT1,0.0,0.0,False,0.0
2024-01-08,15,AZ_AZ_G1,0.0,0.0,False,0.0
2024-01-08,15,AZ_AZ_G2,0.0,0.0,False,0.0
2024-01-08,15,AZ_AZ_G3,0.0,0.0,False,0.0
2024-01-08,15,AZ_AZ_G4,0.0,0.0,False,0.0
2024-01-08,15,FERGCC_FERGGT1,0.0,0.0,False,0.0
2024-01-08,15,FERGCC_FERGGT2,0.0,0.0,False,0.0
2024-01-08,15,FERGCC_FERGST1,0.0,0.0,False,0.0
2024-01-08,15,FRNYPP_GT11,0.0,0.0,False,0.0
2024-01-08,15,FRNYPP_GT12,0.0,0.0,False,0.0
2024-01-08,15,FRNYPP_GT13,0.0,0.0,False,0.0
2024-01-08,15,FRNYPP_GT21,0.0,0.0,False,0.0
2024-01-08,15,FRNYPP_GT22,0.0,0.0,False,0.0
2024-01-08,15,FRNYPP_GT23,0.0,0.0,False,0.0
2024-01-08,15,FRNYPP_ST10,0.0,0.0,False,0.0
2024-01-08,15,FRNYPP_ST20,0.0,0.0,False,0.0
2024-01-08,15,FREC_GT1,0.0,0.0,False,0.0
2024-01-08,15,FREC_GT2,0.0,0.0,False,0.0
2024-01-08,15,FREC_GT4,0.0,0.0,False,0.0
2024-01-08,15,FREC_GT5,0.0,0.0,False,0.0
2024-01-08,15,FREC_ST3,0.0,0.0,False,0.0
2024-01-08,15,FREC_ST6,0.0,0.0,False,0.0
2024-01-08,15,FEGC_UNIT1,0.0,0.0,False,0.0
2024-01-08,15,FRONT_EC_CT1,0.0,0.0,False,0.0
2024-01-08,15,FRONT_EC_CT2,0.0,0.0,False,0.0
2024-01-08,15,FRONT_EC_ST,0.0,0.0,False,0.0
2024-01-08,15,GRSES_UNIT1,0.0,0.0,False,0.0
2024-01-08,15,GRSES_UNIT2,0.0,0.0,False,0.0
2024-01-08,15,GBY_GBYGT73,0.0,0.0,False,0.0
2024-01-08,15,GBY_GBYGT74,0.0,0.0,False,0.0
2024-01-08,15,GBY_GBYGT81,0.0,0.0,False,0.0
2024-01-08,15,GBY_GBYGT82,0.0,0.0,False,0.0
2024-01-08,15,GBY_GBYGT83,0.0,0.0,False,0.0
2024-01-08,15,GBY_GBYGT84,0.0,0.0,False,0.0
2024-01-08,15,STEAM_ENGINE_1,0.0,0.0,False,0.0
2024-01-08,15,STEAM_ENGINE_2,0.0,0.0,False,0.0
2024-01-08,15,STEAM_ENGINE_3,0.0,0.0,False,0.0
2024-01-08,15,LGE_LGE_GT1,0.0,0.0,False,0.0
2024-01-08,15,LGE_LGE_GT2,0.0,0.0,False,0.0
2024-01-08,15,LGE_LGE_STG,0.0,0.0,False,0.0
2024-01-08,15,GUADG_GAS1,0.0,0.0,False,0.0
2024-01-08,15,GUADG_GAS2,0.0,0.0,False,0.0
2024-01-08,15,GUADG_GAS3,0.0,0.0,False,0.0
2024-01-08,15,GUADG_GAS4,0.0,0.0,False,0.0
2024-01-08,15,GUADG_STM5,0.0,0.0,False,0.0
2024-01-08,15,GUADG_STM6,0.0,0.0,False,0.0
2024-01-08,15,HLSES_UNIT3,0.0,0.0,False,0.0
2024-01-08,15,HLSES_UNIT4,0.0,0.0,False,0.0
2024-01-08,15,HLSES_UNIT5,0.0,0.0,False,0.0
2024-01-08,15,HAYSEN_HAYSENG1,0.0,0.0,False,0.0
2024-01-08,15,HAYSEN_HAYSENG2,0.0,0.0,False,0.0
2024-01-08,15,HAYSEN_HAYSENG3,0.0,0.0,False,0.0
2024-01-08,15,HAYSEN_HAYSENG4,0.0,0.0,False,0.0
2024-01-08,15,DUKE_DUKE_GT1,0.0,0.0,False,0.0
2024-01-08,15,DUKE_DUKE_GT2,0.0,0.0,False,0.0
2024-01-08,15,DUKE_DUKE_ST1,0.0,0.0,False,0.0
2024-01-08,15,JACKCNTY_CT1,59.67,139.23,True,1670.76
2024-01-08,15,JACKCNTY_CT2,59.67,139.23,True,1670.76
2024-01-08,15,JCKCNTY2_CT3,59.67,139.23,True,1670.76
2024-01-08,15,JCKCNTY2_CT4,59.67,139.23,True,1670.76
2024-01-08,15,JACKCNTY_STG,96.18,224.42000000000002,True,2693.04
2024-01-08,15,JCKCNTY2_ST2,96.18,224.42000000000002,True,2693.04
2024-01-08,15,TEN_CT1,0.0,0.0,False,0.0
2024-01-08,15,TEN_STG,0.0,0.0,False,0.0
2024-01-08,15,LHSES_UNIT1,0.0,0.0,False,0.0
2024-01-08,15,LHSES_UNIT2A,0.0,0.0,False,0.0
2024-01-08,15,LPCCS_CT11,55.8,130.2,True,1562.4
2024-01-08,15,LPCCS_CT12,55.8,130.2,True,1562.4
2024-01-08,15,LPCCS_CT21,55.8,130.2,True,1562.4
2024-01-08,15,LPCCS_CT22,55.8,130.2,True,1562.4
2024-01-08,15,LPCCS_UNIT1,64.8,151.2,True,1814.4
2024-01-08,15,LPCCS_UNIT2,64.8,151.2,True,1814.4
2024-01-08,15,LARDVFTN_G4,0.0,0.0,False,0.0
2024-01-08,15,LARDVFTN_G5,0.0,0.0,False,0.0
2024-01-08,15,LEON_CRK_LCPCT1,0.0,0.0,False,0.0
2024-01-08,15,LEON_CRK_LCPCT2,0.0,0.0,False,0.0
2024-01-08,15,LEON_CRK_LCPCT3,0.0,0.0,False,0.0
2024-01-08,15,LEON_CRK_LCPCT4,0.0,0.0,False,0.0
2024-01-08,15,LIG_UNIT1,0.0,0.0,False,0.0
2024-01-08,15,LIG_UNIT2,0.0,0.0,False,0.0
2024-01-08,15,LOSTPI_LOSTPGT1,0.0,0.0,False,0.0
2024-01-08,15,LOSTPI_LOSTPGT2,0.0,0.0,False,0.0
2024-01-08,15,LOSTPI_LOSTPST1,0.0,0.0,False,0.0
2024-01-08,15,NEDIN_NEDIN_G1,0.0,0.0,False,0.0
2024-01-08,15,NEDIN_NEDIN_G2,0.0,0.0,False,0.0
2024-01-08,15,NEDIN_NEDIN_G3,0.0,0.0,False,0.0
2024-01-08,15,MDANP_CT1,0.0,0.0,False,0.0
2024-01-08,15,MDANP_CT2,0.0,0.0,False,0.0
2024-01-08,15,MDANP_CT3,0.0,0.0,False,0.0
2024-01-08,15,MDANP_CT4,0.0,0.0,False,0.0
2024-01-08,15,MDANP_CT5,0.0,0.0,False,0.0
2024-01-08,15,MDANP_CT6,0.0,0.0,False,0.0
2024-01-08,15,MGSES_CT1,0.0,0.0,False,0.0
2024-01-08,15,MGSES_CT2,0.0,0.0,False,0.0
2024-01-08,15,MGSES_CT3,0.0,0.0,False,0.0
2024-01-08,15,MGSES_CT4,0.0,0.0,False,0.0
2024-01-08,15,MGSES_CT5,0.0,0.0,False,0.0
2024-01-08,15,MGSES_CT6,0.0,0.0,False,0.0
2024-01-08,15,MCSES_UNIT6,0.0,0.0,False,0.0
2024-01-08,15,MCSES_UNIT7,0.0,0.0,False,0.0
2024-01-08,15,MCSES_UNIT8,0.0,0.0,False,0.0
2024-01-08,15,NUECES_B_NUECESG8,0.0,0.0,False,0.0
2024-01-08,15,NUECES_B_NUECESG9,0.0,0.0,False,0.0
2024-01-08,15,NUECES_B_NUECESG7,0.0,0.0,False,0.0
2024-01-08,15,CALAVERS_OWS1,0.0,0.0,False,0.0
2024-01-08,15,CALAVERS_OWS2,0.0,0.0,False,0.0
2024-01-08,15,OECCS_CT11,0.0,0.0,False,0.0
2024-01-08,15,OECCS_CT12,0.0,0.0,False,0.0
2024-01-08,15,OECCS_CT21,0.0,0.0,False,0.0
2024-01-08,15,OECCS_CT22,0.0,0.0,False,0.0
2024-01-08,15,OECCS_UNIT1,0.0,0.0,False,0.0
2024-01-08,15,OECCS_UNIT2,0.0,0.0,False,0.0
2024-01-08,15,VICTPRT2_UNIT1,0.0,0.0,False,0.0
2024-01-08,15,VICTPRT2_UNIT2,0.0,0.0,False,0.0
2024-01-08,15,PANDA_S_SHER1CT1,69.6,162.4,True,1948.8
2024-01-08,15,PANDA_S_SHER1CT2,69.6,162.4,True,1948.8
2024-01-08,15,PANDA_S_SHER1ST1,105.93,247.17000000000002,True,2966.04
2024-01-08,15,PANDA_T1_TMPL1CT1,0.0,0.0,False,0.0
2024-01-08,15,PANDA_T1_TMPL1CT2,0.0,0.0,False,0.0
2024-01-08,15,PANDA_T1_TMPL1ST1,0.0,0.0,False,0.0
2024-01-08,15,PANDA_T2_TMPL2CT1,0.0,0.0,False,0.0
2024-01-08,15,PANDA_T2_TMPL2CT2,0.0,0.0,False,0.0
2024-01-08,15,PANDA_T2_TMPL2ST1,0.0,0.0,False,0.0
2024-01-08,15,TNSKA_GT1,27.27,63.63000000000001,True,763.56
2024-01-08,15,TNSKA_GT2,27.27,63.63000000000001,True,763.56
2024-01-08,15,TNSKA_STG,27.0,63.0,True,756.0
2024-01-08,15,PSG_PSG_GT2,215.1,0.0,True,6022.8
2024-01-08,15,PSG_PSG_GT3,215.1,0.0,True,6022.8
2024-01-08,15,PSG_PSG_ST2,195.5,0.0,True,5474.0
2024-01-08,15,PEARSAL2_AGR_A,0.0,0.0,False,0.0
2024-01-08,15,PEARSAL2_AGR_B,0.0,0.0,False,0.0
2024-01-08,15,PEARSAL2_AGR_C,0.0,0.0,False,0.0
2024-01-08,15,PEARSAL2_AGR_D,0.0,0.0,False,0.0
2024-01-08,15,PB2SES_CT1,0.0,0.0,False,0.0
2024-01-08,15,PB2SES_CT2,0.0,0.0,False,0.0
2024-01-08,15,PB2SES_CT3,0.0,0.0,False,0.0
2024-01-08,15,PB2SES_CT4,0.0,0.0,False,0.0
2024-01-08,15,PB2SES_CT5,0.0,0.0,False,0.0
2024-01-08,15,PRO_UNIT1,0.0,0.0,False,0.0
2024-01-08,15,PRO_UNIT2,0.0,0.0,False,0.0
2024-01-08,15,PRO_UNIT3,0.0,0.0,False,0.0
2024-01-08,15,PRO_UNIT4,0.0,0.0,False,0.0
2024-01-08,15,PRO_UNIT5,0.0,0.0,False,0.0
2024-01-08,15,PRO_UNIT6,0.0,0.0,False,0.0
2024-01-08,15,PRO_UNIT7,0.0,0.0,False,0.0
2024-01-08,15,PRO_UNIT8,0.0,0.0,False,0.0
2024-01-08,15,BAC_CTG1,0.0,0.0,False,0.0
2024-01-08,15,BAC_CTG2,0.0,0.0,False,0.0
2024-01-08,15,BAC_CTG3,0.0,0.0,False,0.0
2024-01-08,15,BAC_CTG4,0.0,0.0,False,0.0
2024-01-08,15,BAC_CTG5,0.0,0.0,False,0.0
2024-01-08,15,BAC_CTG6,0.0,0.0,False,0.0
2024-01-08,15,STEAM1A_STEAM_1,0.0,0.0,False,0.0
2024-01-08,15,STEAM_STEAM_2,0.0,0.0,False,0.0
2024-01-08,15,STEAM_STEAM_3,0.0,0.0,False,0.0
2024-01-08,15,QALSW_GT1,0.0,0.0,False,0.0
2024-01-08,15,QALSW_GT2,0.0,0.0,False,0.0
2024-01-08,15,QALSW_GT3,0.0,0.0,False,0.0
2024-01-08,15,QALSW_GT4,0.0,0.0,False,0.0
2024-01-08,15,QALSW_STG1,0.0,0.0,False,0.0
2024-01-08,15,QALSW_STG2,0.0,0.0,False,0.0
2024-01-08,15,MIL_MILLERG4,0.0,0.0,False,0.0
2024-01-08,15,MIL_MILLERG5,0.0,0.0,False,0.0
2024-01-08,15,MIL_MILLERG1,0.0,0.0,False,0.0
2024-01-08,15,MIL_MILLERG2,0.0,0.0,False,0.0
2024-01-08,15,MIL_MILLERG3,0.0,0.0,False,0.0
2024-01-08,15,OLINGR_OLING_4,0.0,0.0,False,0.0
2024-01-08,15,OLINGR_OLING_2,0.0,0.0,False,0.0
2024-01-08,15,OLINGR_OLING_3,0.0,0.0,False,0.0
2024-01-08,15,RAB_UNIT1,0.0,0.0,False,0.0
2024-01-08,15,RAB_UNIT2,0.0,0.0,False,0.0
2024-01-08,15,RAB_UNIT3,0.0,0.0,False,0.0
2024-01-08,15,RAB_UNIT4,0.0,0.0,False,0.0
2024-01-08,15,RAB_UNIT5,0.0,0.0,False,0.0
2024-01-08,15,RAB_UNIT6,0.0,0.0,False,0.0
2024-01-08,15,RAB_UNIT7,0.0,0.0,False,0.0
2024-01-08,15,RAB_UNIT8,0.0,0.0,False,0.0
2024-01-08,15,REDGATE_AGR_A,0.0,0.0,False,0.0
2024-01-08,15,REDGATE_AGR_B,0.0,0.0,False,0.0
2024-01-08,15,REDGATE_AGR_C,0.0,0.0,False,0.0
2024-01-08,15,REDGATE_AGR_D,0.0,0.0,False,0.0
2024-01-08,15,JAD_UNIT1,0.0,0.0,False,0.0
2024-01-08,15,JAD_UNIT2,0.0,0.0,False,0.0
2024-01-08,15,JAD_UNIT3,0.0,0.0,False,0.0
2024-01-08,15,JAD_UNIT4,0.0,0.0,False,0.0
2024-01-08,15,JAD_UNIT5,0.0,0.0,False,0.0
2024-01-08,15,JAD_UNIT6,0.0,0.0,False,0.0
2024-01-08,15,JAD_UNIT7,0.0,0.0,False,0.0
2024-01-08,15,JAD_UNIT8,0.0,0.0,False,0.0
2024-01-08,15,RIONOG_CT1,0.0,0.0,False,0.0
2024-01-08,15,RIONOG_CT2,0.0,0.0,False,0.0
2024-01-08,15,RIONOG_CT3,0.0,0.0,False,0.0
2024-01-08,15,RIONOG_ST1,0.0,0.0,False,0.0
2024-01-08,15,RAYBURN_RAYBURG7,18.15,42.35,True,508.2
2024-01-08,15,RAYBURN_RAYBURG8,18.15,42.35,True,508.2
2024-01-08,15,RAYBURN_RAYBURG9,18.15,42.35,True,508.2
2024-01-08,15,RAYBURN_RAYBURG10,12.6,29.4,True,352.8
2024-01-08,15,SJS_SJS_G1,0.0,0.0,False,0.0
2024-01-08,15,SJS_SJS_G2,0.0,0.0,False,0.0
2024-01-08,15,SANDHSYD_SH1,0.0,0.0,False,0.0
2024-01-08,15,SANDHSYD_SH2,0.0,0.0,False,0.0
2024-01-08,15,SANDHSYD_SH3,0.0,0.0,False,0.0
2024-01-08,15,SANDHSYD_SH4,0.0,0.0,False,0.0
2024-01-08,15,SANDHSYD_SH_5A,0.0,0.0,False,0.0
2024-01-08,15,SANDHSYD_SH6,0.0,0.0,False,0.0
2024-01-08,15,SANDHSYD_SH7,0.0,0.0,False,0.0
2024-01-08,15,SANDHSYD_SH_5C,0.0,0.0,False,0.0
2024-01-08,15,SILASRAY_SILAS_10,0.0,0.0,False,0.0
2024-01-08,15,SILASRAY_SILAS_9,0.0,0.0,False,0.0
2024-01-08,15,SILASRAY_SILAS_6,0.0,0.0,False,0.0
2024-01-08,15,GIDEON_GIDEONG1,0.0,0.0,False,0.0
2024-01-08,15,GIDEON_GIDEONG2,0.0,0.0,False,0.0
2024-01-08,15,GIDEON_GIDEONG3,0.0,0.0,False,0.0
2024-01-08,15,SKY1_SKY1A,0.0,0.0,False,0.0
2024-01-08,15,SKY1_SKY1B,0.0,0.0,False,0.0
2024-01-08,15,SPNCER_SPNCE_4,0.0,0.0,False,0.0
2024-01-08,15,SPNCER_SPNCE_5,0.0,0.0,False,0.0
2024-01-08,15,SCSES_UNIT1A,0.0,0.0,False,0.0
2024-01-08,15,SCSES_UNIT2,0.0,0.0,False,0.0
2024-01-08,15,THW_THWGT_1,0.0,0.0,False,0.0
2024-01-08,15,THW_THWGT31,0.0,0.0,False,0.0
2024-01-08,15,THW_THWGT32,0.0,0.0,False,0.0
2024-01-08,15,THW_THWGT33,0.0,0.0,False,0.0
2024-01-08,15,THW_THWGT34,0.0,0.0,False,0.0
2024-01-08,15,THW_THWGT41,0.0,0.0,False,0.0
2024-01-08,15,THW_THWGT42,0.0,0.0,False,0.0
2024-01-08,15,THW_THWGT43,0.0,0.0,False,0.0
2024-01-08,15,THW_THWGT44,0.0,0.0,False,0.0
2024-01-08,15,THW_THWGT51,0.0,0.0,False,0.0
2024-01-08,15,THW_THWGT52,0.0,0.0,False,0.0
2024-01-08,15,THW_THWGT53,0.0,0.0,False,0.0
2024-01-08,15,THW_THWGT54,0.0,0.0,False,0.0
2024-01-08,15,THW_THWGT55,0.0,0.0,False,0.0
2024-01-08,15,THW_THWGT56,0.0,0.0,False,0.0
2024-01-08,15,THW_THWST_3,0.0,0.0,False,0.0
2024-01-08,15,THW_THWST_4,0.0,0.0,False,0.0
2024-01-08,15,TXCTY_CTA,129.1,0.0,True,3614.8
2024-01-08,15,TXCTY_CTB,129.1,0.0,True,3614.8
2024-01-08,15,TXCTY_CTC,129.1,0.0,True,3614.8
2024-01-08,15,TXCTY_ST,143.7,0.0,True,4023.6
2024-01-08,15,TGS_GT01,0.0,0.0,False,0.0
2024-01-08,15,TIMPP_AGR1,0.0,0.0,False,0.0
2024-01-08,15,TIMPP_AGR2,0.0,0.0,False,0.0
2024-01-08,15,TIMPP_AGR3,0.0,0.0,False,0.0
2024-01-08,15,TIMPP_AGR4,0.0,0.0,False,0.0
2024-01-08,15,TRSES_UNIT6,0.0,0.0,False,0.0
2024-01-08,15,TOPAZ_UNIT1,0.0,0.0,False,0.0
2024-01-08,15,TOPAZ_UNIT2,0.0,0.0,False,0.0
2024-01-08,15,TOPAZ_UNIT3,0.0,0.0,False,0.0
2024-01-08,15,TOPAZ_UNIT4,0.0,0.0,False,0.0
2024-01-08,15,TOPAZ_UNIT5,0.0,0.0,False,0.0
2024-01-08,15,TOPAZ_UNIT6,0.0,0.0,False,0.0
2024-01-08,15,TOPAZ_UNIT7,0.0,0.0,False,0.0
2024-01-08,15,TOPAZ_UNIT8,0.0,0.0,False,0.0
2024-01-08,15,TOPAZ_UNIT9,0.0,0.0,False,0.0
2024-01-08,15,TOPAZ_UNIT10,0.0,0.0,False,0.0
2024-01-08,15,BRAUNIG_VHB6CT5,0.0,0.0,False,0.0
2024-01-08,15,BRAUNIG_VHB6CT6,0.0,0.0,False,0.0
2024-01-08,15,BRAUNIG_VHB6CT7,0.0,0.0,False,0.0
2024-01-08,15,BRAUNIG_VHB6CT8,0.0,0.0,False,0.0
2024-01-08,15,CITYVICT_CTG01,0.0,0.0,False,0.0
2024-01-08,15,CITYVICT_CTG02,0.0,0.0,False,0.0
2024-01-08,15,VICTPORT_CTG01,0.0,0.0,False,0.0
2024-01-08,15,VICTPORT_CTG02,0.0,0.0,False,0.0
2024-01-08,15,VICTORIA_VICTORG6,0.0,0.0,False,0.0
2024-01-08,15,VICTORIA_VICTORG5,0.0,0.0,False,0.0
2024-01-08,15,WAP_WAPGT_1,0.0,0.0,False,0.0
2024-01-08,15,WAP_WAP_G1,0.0,0.0,False,0.0
2024-01-08,15,WAP_WAP_G2,0.0,0.0,False,0.0
2024-01-08,15,WAP_WAP_G3,0.0,0.0,False,0.0
2024-01-08,15,WAP_WAP_G4,0.0,0.0,False,0.0
2024-01-08,15,WFCOGEN_UNIT1,0.0,0.0,False,0.0
2024-01-08,15,WFCOGEN_UNIT2,0.0,0.0,False,0.0
2024-01-08,15,WFCOGEN_UNIT3,0.0,0.0,False,0.0
2024-01-08,15,WIPOPA_WPP_G1,0.0,0.0,False,0.0
2024-01-08,15,WIPOPA_WPP_G2,0.0,0.0,False,0.0
2024-01-08,15,WIPOPA_WPP_G3,0.0,0.0,False,0.0
2024-01-08,15,WIPOPA_WPP_G4,0.0,0.0,False,0.0
2024-01-08,15,WCPP_CT1,82.5,192.5,True,2310.0
2024-01-08,15,WCPP_CT2,82.5,192.5,True,2310.0
2024-01-08,15,WCPP_ST1,89.4,208.6,True,2503.2
2024-01-08,15,WHCCS_CT1,0.0,0.0,False,0.0
2024-01-08,15,WHCCS_CT2,0.0,0.0,False,0.0
2024-01-08,15,WHCCS_STG,0.0,0.0,False,0.0
2024-01-08,15,WHCCS2_CT4,0.0,0.0,False,0.0
2024-01-08,15,WHCCS2_CT5,0.0,0.0,False,0.0
2024-01-08,15,WHCCS2_STG6,0.0,0.0,False,0.0
2024-01-08,15,NACPW_UNIT1,0.0,0.0,False,0.0
2024-01-08,15,HBR_2UNITS,0.0,0.0,False,0.0
2024-01-08,15,TRIRA_1UNIT,0.0,0.0,False,0.0
2024-01-08,15,78252_4UNITS,0.0,0.0,False,0.0
2024-01-08,15,SPRIN_4UNITS,0.0,0.0,False,0.0
2024-01-08,15,FREIH_2UNITS,0.0,0.0,False,0.0
2024-01-08,15,WSTHL_3UNITS,0.0,0.0,False,0.0
2024-01-08,15,FEGC_CTG2,0.0,0.0,False,0.0
2024-01-08,15,FEGC_CTG3,0.0,0.0,False,0.0
2024-01-08,15,FEGC_CTG4,0.0,0.0,False,0.0
2024-01-08,15,OLNEYTN_AGR1,0.0,0.0,False,0.0
2024-01-08,15,AMISTAD_AMISTAG1,37.9,0.0,True,37.9
2024-01-08,15,AMISTAD_AMISTAG2,37.9,0.0,True,37.9
2024-01-08,15,AUSTPL_AUSTING1,9.0,0.0,True,9.0
2024-01-08,15,AUSTPL_AUSTING2,9.0,0.0,True,9.0
2024-01-08,15,BUCHAN_BUCHANG1,18.299999999999997,3.552713678800501e-15,True,18.3
2024-01-08,15,BUCHAN_BUCHANG2,18.299999999999997,3.552713678800501e-15,True,18.3
2024-01-08,15,BUCHAN_BUCHANG3,18.299999999999997,3.552713678800501e-15,True,18.3
2024-01-08,15,DNDAM_DENISOG1,50.8,0.0,True,50.8
2024-01-08,15,DNDAM_DENISOG2,50.8,0.0,True,50.8
2024-01-08,15,FALCON_FALCONG1,12.0,0.0,True,12.0
2024-01-08,15,FALCON_FALCONG2,12.0,0.0,True,12.0
2024-01-08,15,FALCON_FALCONG3,12.0,0.0,True,12.0
2024-01-08,15,WIRTZ_WIRTZ_G1,29.0,0.0,True,29.0
2024-01-08,15,WIRTZ_WIRTZ_G2,29.0,0.0,True,29.0
2024-01-08,15,CANYHY_CANYHYG1,6.0,0.0,True,6.0
2024-01-08,15,INKSDA_INKS_G1,15.0,0.0,True,15.0
2024-01-08,15,MARBFA_MARBFAG1,21.0,0.0,True,21.0
2024-01-08,15,MARBFA_MARBFAG2,20.0,0.0,True,20.0
2024-01-08,15,MARSFO_MARSFOG1,36.0,0.0,True,36.0
2024-01-08,15,MARSFO_MARSFOG2,36.0,0.0,True,36.0
2024-01-08,15,MARSFO_MARSFOG3,36.0,0.0,True,36.0
2024-01-08,15,WND_WHITNEY1,22.0,0.0,True,22.0
2024-01-08,15,WND_WHITNEY2,22.0,0.0,True,22.0
2024-01-08,15,AEEC_ANTLP_1,0.0,0.0,False,0.0
2024-01-08,15,AEEC_ANTLP_2,0.0,0.0,False,0.0
2024-01-08,15,AEEC_ANTLP_3,0.0,0.0,False,0.0
2024-01-08,15,AEEC_ELK_1,0.0,0.0,False,0.0
2024-01-08,15,AEEC_ELK_2,0.0,0.0,False,0.0
2024-01-08,15,AEEC_ELK_3,0.0,0.0,False,0.0
2024-01-08,15,FTR_FTR_G1,0.0,0.0,False,0.0
2024-01-08,15,FTR_FTR_G2,0.0,0.0,False,0.0
2024-01-08,15,FTR_FTR_G3,0.0,0.0,False,0.0
2024-01-08,15,FTR_FTR_G4,0.0,0.0,False,0.0
2024-01-08,15,TGCCS_CT1,0.0,0.0,False,0.0
2024-01-08,15,TGCCS_CT2,0.0,0.0,False,0.0
2024-01-08,15,TGCCS_CT3,0.0,0.0,False,0.0
2024-01-08,15,TGCCS_UNIT4,0.0,0.0,False,0.0
2024-01-08,15,KMCHI_1CT101,55.5,129.5,True,1554.0
2024-01-08,15,KMCHI_1CT201,55.5,129.5,True,1554.0
2024-01-08,15,KMCHI_1ST,99.0,231.0,True,2772.0
2024-01-08,15,KMCHI_2CT101,55.5,129.5,True,1554.0
2024-01-08,15,KMCHI_2CT201,55.5,129.5,True,1554.0
2024-01-08,15,KMCHI_2ST,99.0,231.0,True,2772.0
2024-01-08,15,A4_DGR1,0.0,0.0,False,0.0
2024-01-08,15,A4_DGR2,0.0,0.0,False,0.0
2024-01-08,15,K2_DGR1,0.0,0.0,False,0.0
2024-01-08,15,K2_DGR2,0.0,0.0,False,0.0
2024-01-08,15,P2_DGR1,0.0,0.0,False,0.0
2024-01-08,15,P2_DGR2,0.0,0.0,False,0.0
2024-01-08,15,Q1_DGR1,0.0,0.0,False,0.0
2024-01-08,15,BRAUNIG_VHB3,0.0,0.0,False,0.0
2024-01-08,15,V2_DGR1,0.0,0.0,False,0.0
2024-01-08,15,V2_DGR2,0.0,0.0,False,0.0
2024-01-08,15,V2_DGR3,0.0,0.0,False,0.0
2024-01-08,15,V4_DGR1,0.0,0.0,False,0.0
2024-01-08,15,X1_DGR1,0.0,0.0,False,0.0
2024-01-08,15,Z0_DGR1,0.0,0.0,False,0.0
2024-01-08,15,Z0_DGR2,0.0,0.0,False,0.0
2024-01-08,15,Z5_DGR1,0.0,0.0,False,0.0
2024-01-08,15,DC_E,0.0,0.0,False,0.0
2024-01-08,15,DC_N,0.0,0.0,False,0.0
2024-01-08,15,DC_L,0.0,0.0,False,0.0
2024-01-08,15,DC_R,0.0,0.0,False,0.0
2024-01-08,15,CEDARVALE_GAS,0.0,0.0,False,0.0
2024-01-08,15,ENCHANTED_ROCK_NEWPP,0.0,0.0,False,0.0
2024-01-08,16,CPSES_UNIT1,1269.0,0.0,True,10152.0
2024-01-08,16,CPSES_UNIT2,1269.0,0.0,True,10152.0
2024-01-08,16,STP_STP_G1,1228.5,136.5,True,9828.0
2024-01-08,16,STP_STP_G2,1228.5,136.5,True,9828.0
2024-01-08,16,COLETO_COLETOG1,0.0,0.0,False,0.0
2024-01-08,16,FPPYD1_FPP_G1,0.0,0.0,False,0.0
2024-01-08,16,FPPYD1_FPP_G2,0.0,0.0,False,0.0
2024-01-08,16,FPPYD2_FPP_G3,0.0,0.0,False,0.0
2024-01-08,16,CALAVERS_JKS1,0.0,0.0,False,0.0
2024-01-08,16,CALAVERS_JKS2,0.0,0.0,False,0.0
2024-01-08,16,LEG_LEG_G1,357.2,535.8,True,8930.0
2024-01-08,16,LEG_LEG_G2,382.72,574.0799999999999,True,9568.0
2024-01-08,16,MLSES_UNIT1,893.0,0.0,True,22325.0
2024-01-08,16,MLSES_UNIT2,683.6124917094205,209.3875082905795,True,17090.3123
2024-01-08,16,MLSES_UNIT3,357.2,535.8,True,8930.0
2024-01-08,16,OGSES_UNIT1A,0.0,0.0,False,0.0
2024-01-08,16,OGSES_UNIT2,0.0,0.0,False,0.0
2024-01-08,16,SANMIGL_G1,0.0,0.0,False,0.0
2024-01-08,16,SCES_UNIT1,0.0,0.0,False,0.0
2024-01-08,16,TNP_ONE_TNP_O_1,0.0,0.0,False,0.0
2024-01-08,16,TNP_ONE_TNP_O_2,0.0,0.0,False,0.0
2024-01-08,16,WAP_WAP_G5,734.1,0.0,True,18352.5
2024-01-08,16,WAP_WAP_G6,491.7998169639029,242.3001830360971,True,12294.9954
2024-01-08,16,WAP_WAP_G7,245.84,368.76,True,6146.0
2024-01-08,16,WAP_WAP_G8,654.0,0.0,True,16350.0
2024-01-08,16,BRAUNIG_AVR1_CT1,0.0,0.0,False,0.0
2024-01-08,16,BRAUNIG_AVR1_CT2,0.0,0.0,False,0.0
2024-01-08,16,BRAUNIG_AVR1_ST,0.0,0.0,False,0.0
2024-01-08,16,ATKINS_ATKINSG7,0.0,0.0,False,0.0
2024-01-08,16,B_DAVIS_B_DAVIG3,0.0,0.0,False,0.0
2024-01-08,16,B_DAVIS_B_DAVIG4,0.0,0.0,False,0.0
2024-01-08,16,B_DAVIS_B_DAVIG1,0.0,0.0,False,0.0
2024-01-08,16,B_DAVIS_B_DAVIG2,0.0,0.0,False,0.0
2024-01-08,16,BASTEN_GTG1100,0.0,0.0,False,0.0
2024-01-08,16,BASTEN_GTG2100,0.0,0.0,False,0.0
2024-01-08,16,BASTEN_ST0100,0.0,0.0,False,0.0
2024-01-08,16,BCH_UNIT1,6.05,0.0,True,254.1
2024-01-08,16,BCH_UNIT2,0.0,0.0,False,0.0
2024-01-08,16,BCH_UNIT3,0.0,0.0,False,0.0
2024-01-08,16,BCH_UNIT4,6.05,0.0,True,254.1
2024-01-08,16,BCH_UNIT5,6.05,0.0,True,254.1
2024-01-08,16,BCH_UNIT6,6.05,0.0,True,254.1
2024-01-08,16,BCH_UNIT7,6.05,0.0,True,254.1
2024-01-08,16,BCH_UNIT8,6.05,0.0,True,254.1
2024-01-08,16,BOSQUESW_BSQSU_1,0.0,0.0,False,0.0
2024-01-08,16,BOSQUESW_BSQSU_2,0.0,0.0,False,0.0
2024-01-08,16,BOSQUESW_BSQSU_3,0.0,0.0,False,0.0
2024-01-08,16,BOSQUESW_BSQSU_4,0.0,0.0,False,0.0
2024-01-08,16,BOSQUESW_BSQSU_5,0.0,0.0,False,0.0
2024-01-08,16,BVE_UNIT1,0.0,0.0,False,0.0
2024-01-08,16,BVE_UNIT2,0.0,0.0,False,0.0
2024-01-08,16,BVE_UNIT3,0.0,0.0,False,0.0
2024-01-08,16,BTM_UNIT1,0.0,0.0,False,0.0
2024-01-08,16,BTM_UNIT2,0.0,0.0,False,0.0
2024-01-08,16,BTM_UNIT3,0.0,0.0,False,0.0
2024-01-08,16,BTM_UNIT4,0.0,0.0,False,0.0
2024-01-08,16,BTM_UNIT5,0.0,0.0,False,0.0
2024-01-08,16,BTM_UNIT6,0.0,0.0,False,0.0
2024-01-08,16,BTM_UNIT7,0.0,0.0,False,0.0
2024-01-08,16,BTM_UNIT8,0.0,0.0,False,0.0
2024-01-08,16,FLCNS_UNIT1,0.0,0.0,False,0.0
2024-01-08,16,FLCNS_UNIT2,0.0,0.0,False,0.0
2024-01-08,16,CALHOUN_UNIT1,0.0,0.0,False,0.0
2024-01-08,16,CALHOUN_UNIT2,0.0,0.0,False,0.0
2024-01-08,16,CHAMON_CTG_0101,0.0,0.0,False,0.0
2024-01-08,16,CHAMON_CTG_0301,0.0,0.0,False,0.0
2024-01-08,16,CBY4_CT41,61.5,143.5,True,1722.0
2024-01-08,16,CBY4_CT42,61.5,143.5,True,1722.0
2024-01-08,16,CBY4_ST04,61.5,143.5,True,1722.0
2024-01-08,16,CBY_CBY_G1,0.0,0.0,False,0.0
2024-01-08,16,CBY_CBY_G2,0.0,0.0,False,0.0
2024-01-08,16,CBEC_GT1,0.0,0.0,False,0.0
2024-01-08,16,CBEC_GT2,0.0,0.0,False,0.0
2024-01-08,16,CBEC_GT3,0.0,0.0,False,0.0
2024-01-08,16,CBEC_GT4,0.0,0.0,False,0.0
2024-01-08,16,CBEC_STG1,0.0,0.0,False,0.0
2024-01-08,16,CBEC_STG2,0.0,0.0,False,0.0
2024-01-08,16,CBECII_CT7,0.0,0.0,False,0.0
2024-01-08,16,CBECII_CT8,0.0,0.0,False,0.0
2024-01-08,16,CBECII_STG9,0.0,0.0,False,0.0
2024-01-08,16,CBEC_GT11,0.0,0.0,False,0.0
2024-01-08,16,CBEC_GT12,0.0,0.0,False,0.0
2024-01-08,16,CVC_CVC_G1,0.0,0.0,False,0.0
2024-01-08,16,CVC_CVC_G2,0.0,0.0,False,0.0
2024-01-08,16,CVC_CVC_G3,0.0,0.0,False,0.0
2024-01-08,16,CVC_CVC_G5,0.0,0.0,False,0.0
2024-01-08,16,DANSBY_DANSBYG2,0.0,0.0,False,0.0
2024-01-08,16,DANSBY_DANSBYG3,0.0,0.0,False,0.0
2024-01-08,16,DANSBY_DANSBYG1,0.0,0.0,False,0.0
2024-01-08,16,DECKER_DPGT_1,0.0,0.0,False,0.0
2024-01-08,16,DECKER_DPGT_2,0.0,0.0,False,0.0
2024-01-08,16,DECKER_DPGT_3,0.0,0.0,False,0.0
2024-01-08,16,DECKER_DPGT_4,0.0,0.0,False,0.0
2024-01-08,16,DCSES_CT10,0.0,0.0,False,0.0
2024-01-08,16,DCSES_CT20,0.0,0.0,False,0.0
2024-01-08,16,DCSES_CT30,0.0,0.0,False,0.0
2024-01-08,16,DCSES_CT40,0.0,0.0,False,0.0
2024-01-08,16,DDPEC_GT1,60.9,142.1,True,1705.2
2024-01-08,16,DDPEC_GT2,123.37241672162662,91.62758327837338,True,3454.4277
2024-01-08,16,DDPEC_GT3,60.9,142.1,True,1705.2
2024-01-08,16,DDPEC_GT4,215.0,0.0,True,6020.0
2024-01-08,16,DDPEC_GT6,59.7,139.3,True,1671.6
2024-01-08,16,DDPEC_ST1,87.0,203.0,True,2436.0
2024-01-08,16,DEC_AGR_A,0.0,0.0,False,0.0
2024-01-08,16,DEC_AGR_B,0.0,0.0,False,0.0
2024-01-08,16,DEC_AGR_C,0.0,0.0,False,0.0
2024-01-08,16,DEC_AGR_D,0.0,0.0,False,0.0
2024-01-08,16,ECEC_G1,0.0,0.0,False,0.0
2024-01-08,16,ECEC_G2,0.0,0.0,False,0.0
2024-01-08,16,ETCCS_CT1,0.0,0.0,False,0.0
2024-01-08,16,ETCCS_UNIT1,0.0,0.0,False,0.0
2024-01-08,16,AZ_AZ_G1,0.0,0.0,False,0.0
2024-01-08,16,AZ_AZ_G2,0.0,0.0,False,0.0
2024-01-08,16,AZ_AZ_G3,0.0,0.0,False,0.0
2024-01-08,16,AZ_AZ_G4,0.0,0.0,False,0.0
2024-01-08,16,FERGCC_FERGGT1,0.0,0.0,False,0.0
2024-01-08,16,FERGCC_FERGGT2,0.0,0.0,False,0.0
2024-01-08,16,FERGCC_FERGST1,0.0,0.0,False,0.0
2024-01-08,16,FRNYPP_GT11,0.0,0.0,False,0.0
2024-01-08,16,FRNYPP_GT12,0.0,0.0,False,0.0
2024-01-08,16,FRNYPP_GT13,0.0,0.0,False,0.0
2024-01-08,16,FRNYPP_GT21,0.0,0.0,False,0.0
2024-01-08,16,FRNYPP_GT22,0.0,0.0,False,0.0
2024-01-08,16,FRNYPP_GT23,0.0,0.0,False,0.0
2024-01-08,16,FRNYPP_ST10,0.0,0.0,False,0.0
2024-01-08,16,FRNYPP_ST20,0.0,0.0,False,0.0
2024-01-08,16,FREC_GT1,0.0,0.0,False,0.0
2024-01-08,16,FREC_GT2,0.0,0.0,False,0.0
2024-01-08,16,FREC_GT4,0.0,0.0,False,0.0
2024-01-08,16,FREC_GT5,0.0,0.0,False,0.0
2024-01-08,16,FREC_ST3,0.0,0.0,False,0.0
2024-01-08,16,FREC_ST6,0.0,0.0,False,0.0
2024-01-08,16,FEGC_UNIT1,0.0,0.0,False,0.0
2024-01-08,16,FRONT_EC_CT1,0.0,0.0,False,0.0
2024-01-08,16,FRONT_EC_CT2,0.0,0.0,False,0.0
2024-01-08,16,FRONT_EC_ST,0.0,0.0,False,0.0
2024-01-08,16,GRSES_UNIT1,0.0,0.0,False,0.0
2024-01-08,16,GRSES_UNIT2,0.0,0.0,False,0.0
2024-01-08,16,GBY_GBYGT73,0.0,0.0,False,0.0
2024-01-08,16,GBY_GBYGT74,0.0,0.0,False,0.0
2024-01-08,16,GBY_GBYGT81,0.0,0.0,False,0.0
2024-01-08,16,GBY_GBYGT82,0.0,0.0,False,0.0
2024-01-08,16,GBY_GBYGT83,0.0,0.0,False,0.0
2024-01-08,16,GBY_GBYGT84,0.0,0.0,False,0.0
2024-01-08,16,STEAM_ENGINE_1,0.0,0.0,False,0.0
2024-01-08,16,STEAM_ENGINE_2,0.0,0.0,False,0.0
2024-01-08,16,STEAM_ENGINE_3,0.0,0.0,False,0.0
2024-01-08,16,LGE_LGE_GT1,0.0,0.0,False,0.0
2024-01-08,16,LGE_LGE_GT2,0.0,0.0,False,0.0
2024-01-08,16,LGE_LGE_STG,0.0,0.0,False,0.0
2024-01-08,16,GUADG_GAS1,0.0,0.0,False,0.0
2024-01-08,16,GUADG_GAS2,0.0,0.0,False,0.0
2024-01-08,16,GUADG_GAS3,0.0,0.0,False,0.0
2024-01-08,16,GUADG_GAS4,0.0,0.0,False,0.0
2024-01-08,16,GUADG_STM5,0.0,0.0,False,0.0
2024-01-08,16,GUADG_STM6,0.0,0.0,False,0.0
2024-01-08,16,HLSES_UNIT3,0.0,0.0,False,0.0
2024-01-08,16,HLSES_UNIT4,0.0,0.0,False,0.0
2024-01-08,16,HLSES_UNIT5,0.0,0.0,False,0.0
2024-01-08,16,HAYSEN_HAYSENG1,0.0,0.0,False,0.0
2024-01-08,16,HAYSEN_HAYSENG2,0.0,0.0,False,0.0
2024-01-08,16,HAYSEN_HAYSENG3,0.0,0.0,False,0.0
2024-01-08,16,HAYSEN_HAYSENG4,0.0,0.0,False,0.0
2024-01-08,16,DUKE_DUKE_GT1,0.0,0.0,False,0.0
2024-01-08,16,DUKE_DUKE_GT2,0.0,0.0,False,0.0
2024-01-08,16,DUKE_DUKE_ST1,0.0,0.0,False,0.0
2024-01-08,16,JACKCNTY_CT1,59.67,139.23,True,1670.76
2024-01-08,16,JACKCNTY_CT2,59.67,139.23,True,1670.76
2024-01-08,16,JCKCNTY2_CT3,59.67,139.23,True,1670.76
2024-01-08,16,JCKCNTY2_CT4,59.67,139.23,True,1670.76
2024-01-08,16,JACKCNTY_STG,96.18,224.42000000000002,True,2693.04
2024-01-08,16,JCKCNTY2_ST2,96.18,224.42000000000002,True,2693.04
2024-01-08,16,TEN_CT1,0.0,0.0,False,0.0
2024-01-08,16,TEN_STG,0.0,0.0,False,0.0
2024-01-08,16,LHSES_UNIT1,0.0,0.0,False,0.0
2024-01-08,16,LHSES_UNIT2A,0.0,0.0,False,0.0
2024-01-08,16,LPCCS_CT11,55.8,130.2,True,1562.4
2024-01-08,16,LPCCS_CT12,55.8,130.2,True,1562.4
2024-01-08,16,LPCCS_CT21,55.8,130.2,True,1562.4
2024-01-08,16,LPCCS_CT22,55.8,130.2,True,1562.4
2024-01-08,16,LPCCS_UNIT1,64.8,151.2,True,1814.4
2024-01-08,16,LPCCS_UNIT2,64.8,151.2,True,1814.4
2024-01-08,16,LARDVFTN_G4,0.0,0.0,False,0.0
2024-01-08,16,LARDVFTN_G5,0.0,0.0,False,0.0
2024-01-08,16,LEON_CRK_LCPCT1,0.0,0.0,False,0.0
2024-01-08,16,LEON_CRK_LCPCT2,0.0,0.0,False,0.0
2024-01-08,16,LEON_CRK_LCPCT3,0.0,0.0,False,0.0
2024-01-08,16,LEON_CRK_LCPCT4,0.0,0.0,False,0.0
2024-01-08,16,LIG_UNIT1,0.0,0.0,False,0.0
2024-01-08,16,LIG_UNIT2,0.0,0.0,False,0.0
2024-01-08,16,LOSTPI_LOSTPGT1,0.0,0.0,False,0.0
2024-01-08,16,LOSTPI_LOSTPGT2,0.0,0.0,False,0.0
2024-01-08,16,LOSTPI_LOSTPST1,0.0,0.0,False,0.0
2024-01-08,16,NEDIN_NEDIN_G1,0.0,0.0,False,0.0
2024-01-08,16,NEDIN_NEDIN_G2,0.0,0.0,False,0.0
2024-01-08,16,NEDIN_NEDIN_G3,0.0,0.0,False,0.0
2024-01-08,16,MDANP_CT1,0.0,0.0,False,0.0
2024-01-08,16,MDANP_CT2,0.0,0.0,False,0.0
2024-01-08,16,MDANP_CT3,0.0,0.0,False,0.0
2024-01-08,16,MDANP_CT4,0.0,0.0,False,0.0
2024-01-08,16,MDANP_CT5,0.0,0.0,False,0.0
2024-01-08,16,MDANP_CT6,0.0,0.0,False,0.0
2024-01-08,16,MGSES_CT1,0.0,0.0,False,0.0
2024-01-08,16,MGSES_CT2,0.0,0.0,False,0.0
2024-01-08,16,MGSES_CT3,0.0,0.0,False,0.0
2024-01-08,16,MGSES_CT4,0.0,0.0,False,0.0
2024-01-08,16,MGSES_CT5,0.0,0.0,False,0.0
2024-01-08,16,MGSES_CT6,0.0,0.0,False,0.0
2024-01-08,16,MCSES_UNIT6,0.0,0.0,False,0.0
2024-01-08,16,MCSES_UNIT7,0.0,0.0,False,0.0
2024-01-08,16,MCSES_UNIT8,0.0,0.0,False,0.0
2024-01-08,16,NUECES_B_NUECESG8,0.0,0.0,False,0.0
2024-01-08,16,NUECES_B_NUECESG9,0.0,0.0,False,0.0
2024-01-08,16,NUECES_B_NUECESG7,0.0,0.0,False,0.0
2024-01-08,16,CALAVERS_OWS1,0.0,0.0,False,0.0
2024-01-08,16,CALAVERS_OWS2,0.0,0.0,False,0.0
2024-01-08,16,OECCS_CT11,0.0,0.0,False,0.0
2024-01-08,16,OECCS_CT12,0.0,0.0,False,0.0
2024-01-08,16,OECCS_CT21,0.0,0.0,False,0.0
2024-01-08,16,OECCS_CT22,0.0,0.0,False,0.0
2024-01-08,16,OECCS_UNIT1,0.0,0.0,False,0.0
2024-01-08,16,OECCS_UNIT2,0.0,0.0,False,0.0
2024-01-08,16,VICTPRT2_UNIT1,0.0,0.0,False,0.0
2024-01-08,16,VICTPRT2_UNIT2,0.0,0.0,False,0.0
2024-01-08,16,PANDA_S_SHER1CT1,69.6,162.4,True,1948.8
2024-01-08,16,PANDA_S_SHER1CT2,69.6,162.4,True,1948.8
2024-01-08,16,PANDA_S_SHER1ST1,105.93,247.17000000000002,True,2966.04
2024-01-08,16,PANDA_T1_TMPL1CT1,0.0,0.0,False,0.0
2024-01-08,16,PANDA_T1_TMPL1CT2,0.0,0.0,False,0.0
2024-01-08,16,PANDA_T1_TMPL1ST1,0.0,0.0,False,0.0
2024-01-08,16,PANDA_T2_TMPL2CT1,0.0,0.0,False,0.0
2024-01-08,16,PANDA_T2_TMPL2CT2,0.0,0.0,False,0.0
2024-01-08,16,PANDA_T2_TMPL2ST1,0.0,0.0,False,0.0
2024-01-08,16,TNSKA_GT1,27.27,63.63000000000001,True,763.56
2024-01-08,16,TNSKA_GT2,27.27,63.63000000000001,True,763.56
2024-01-08,16,TNSKA_STG,27.0,63.0,True,756.0
2024-01-08,16,PSG_PSG_GT2,215.1,0.0,True,6022.8
2024-01-08,16,PSG_PSG_GT3,215.1,0.0,True,6022.8
2024-01-08,16,PSG_PSG_ST2,195.5,0.0,True,5474.0
2024-01-08,16,PEARSAL2_AGR_A,0.0,0.0,False,0.0
2024-01-08,16,PEARSAL2_AGR_B,0.0,0.0,False,0.0
2024-01-08,16,PEARSAL2_AGR_C,0.0,0.0,False,0.0
2024-01-08,16,PEARSAL2_AGR_D,0.0,0.0,False,0.0
2024-01-08,16,PB2SES_CT1,0.0,0.0,False,0.0
2024-01-08,16,PB2SES_CT2,0.0,0.0,False,0.0
2024-01-08,16,PB2SES_CT3,0.0,0.0,False,0.0
2024-01-08,16,PB2SES_CT4,0.0,0.0,False,0.0
2024-01-08,16,PB2SES_CT5,0.0,0.0,False,0.0
2024-01-08,16,PRO_UNIT1,0.0,0.0,False,0.0
2024-01-08,16,PRO_UNIT2,0.0,0.0,False,0.0
2024-01-08,16,PRO_UNIT3,0.0,0.0,False,0.0
2024-01-08,16,PRO_UNIT4,0.0,0.0,False,0.0
2024-01-08,16,PRO_UNIT5,0.0,0.0,False,0.0
2024-01-08,16,PRO_UNIT6,0.0,0.0,False,0.0
2024-01-08,16,PRO_UNIT7,0.0,0.0,False,0.0
2024-01-08,16,PRO_UNIT8,0.0,0.0,False,0.0
2024-01-08,16,BAC_CTG1,0.0,0.0,False,0.0
2024-01-08,16,BAC_CTG2,0.0,0.0,False,0.0
2024-01-08,16,BAC_CTG3,0.0,0.0,False,0.0
2024-01-08,16,BAC_CTG4,0.0,0.0,False,0.0
2024-01-08,16,BAC_CTG5,0.0,0.0,False,0.0
2024-01-08,16,BAC_CTG6,0.0,0.0,False,0.0
2024-01-08,16,STEAM1A_STEAM_1,0.0,0.0,False,0.0
2024-01-08,16,STEAM_STEAM_2,0.0,0.0,False,0.0
2024-01-08,16,STEAM_STEAM_3,0.0,0.0,False,0.0
2024-01-08,16,QALSW_GT1,0.0,0.0,False,0.0
2024-01-08,16,QALSW_GT2,0.0,0.0,False,0.0
2024-01-08,16,QALSW_GT3,0.0,0.0,False,0.0
2024-01-08,16,QALSW_GT4,0.0,0.0,False,0.0
2024-01-08,16,QALSW_STG1,0.0,0.0,False,0.0
2024-01-08,16,QALSW_STG2,0.0,0.0,False,0.0
2024-01-08,16,MIL_MILLERG4,0.0,0.0,False,0.0
2024-01-08,16,MIL_MILLERG5,0.0,0.0,False,0.0
2024-01-08,16,MIL_MILLERG1,0.0,0.0,False,0.0
2024-01-08,16,MIL_MILLERG2,0.0,0.0,False,0.0
2024-01-08,16,MIL_MILLERG3,0.0,0.0,False,0.0
2024-01-08,16,OLINGR_OLING_4,0.0,0.0,False,0.0
2024-01-08,16,OLINGR_OLING_2,0.0,0.0,False,0.0
2024-01-08,16,OLINGR_OLING_3,0.0,0.0,False,0.0
2024-01-08,16,RAB_UNIT1,0.0,0.0,False,0.0
2024-01-08,16,RAB_UNIT2,0.0,0.0,False,0.0
2024-01-08,16,RAB_UNIT3,0.0,0.0,False,0.0
2024-01-08,16,RAB_UNIT4,0.0,0.0,False,0.0
2024-01-08,16,RAB_UNIT5,0.0,0.0,False,0.0
2024-01-08,16,RAB_UNIT6,0.0,0.0,False,0.0
2024-01-08,16,RAB_UNIT7,0.0,0.0,False,0.0
2024-01-08,16,RAB_UNIT8,0.0,0.0,False,0.0
2024-01-08,16,REDGATE_AGR_A,0.0,0.0,False,0.0
2024-01-08,16,REDGATE_AGR_B,0.0,0.0,False,0.0
2024-01-08,16,REDGATE_AGR_C,0.0,0.0,False,0.0
2024-01-08,16,REDGATE_AGR_D,0.0,0.0,False,0.0
2024-01-08,16,JAD_UNIT1,0.0,0.0,False,0.0
2024-01-08,16,JAD_UNIT2,0.0,0.0,False,0.0
2024-01-08,16,JAD_UNIT3,0.0,0.0,False,0.0
2024-01-08,16,JAD_UNIT4,0.0,0.0,False,0.0
2024-01-08,16,JAD_UNIT5,0.0,0.0,False,0.0
2024-01-08,16,JAD_UNIT6,0.0,0.0,False,0.0
2024-01-08,16,JAD_UNIT7,0.0,0.0,False,0.0
2024-01-08,16,JAD_UNIT8,0.0,0.0,False,0.0
2024-01-08,16,RIONOG_CT1,0.0,0.0,False,0.0
2024-01-08,16,RIONOG_CT2,0.0,0.0,False,0.0
2024-01-08,16,RIONOG_CT3,0.0,0.0,False,0.0
2024-01-08,16,RIONOG_ST1,0.0,0.0,False,0.0
2024-01-08,16,RAYBURN_RAYBURG7,18.15,42.35,True,508.2
2024-01-08,16,RAYBURN_RAYBURG8,18.15,42.35,True,508.2
2024-01-08,16,RAYBURN_RAYBURG9,18.15,42.35,True,508.2
2024-01-08,16,RAYBURN_RAYBURG10,12.6,29.4,True,352.8
2024-01-08,16,SJS_SJS_G1,0.0,0.0,False,0.0
2024-01-08,16,SJS_SJS_G2,0.0,0.0,False,0.0
2024-01-08,16,SANDHSYD_SH1,0.0,0.0,False,0.0
2024-01-08,16,SANDHSYD_SH2,0.0,0.0,False,0.0
2024-01-08,16,SANDHSYD_SH3,0.0,0.0,False,0.0
2024-01-08,16,SANDHSYD_SH4,0.0,0.0,False,0.0
2024-01-08,16,SANDHSYD_SH_5A,0.0,0.0,False,0.0
2024-01-08,16,SANDHSYD_SH6,0.0,0.0,False,0.0
2024-01-08,16,SANDHSYD_SH7,0.0,0.0,False,0.0
2024-01-08,16,SANDHSYD_SH_5C,0.0,0.0,False,0.0
2024-01-08,16,SILASRAY_SILAS_10,0.0,0.0,False,0.0
2024-01-08,16,SILASRAY_SILAS_9,0.0,0.0,False,0.0
2024-01-08,16,SILASRAY_SILAS_6,0.0,0.0,False,0.0
2024-01-08,16,GIDEON_GIDEONG1,0.0,0.0,False,0.0
2024-01-08,16,GIDEON_GIDEONG2,0.0,0.0,False,0.0
2024-01-08,16,GIDEON_GIDEONG3,0.0,0.0,False,0.0
2024-01-08,16,SKY1_SKY1A,0.0,0.0,False,0.0
2024-01-08,16,SKY1_SKY1B,0.0,0.0,False,0.0
2024-01-08,16,SPNCER_SPNCE_4,0.0,0.0,False,0.0
2024-01-08,16,SPNCER_SPNCE_5,0.0,0.0,False,0.0
2024-01-08,16,SCSES_UNIT1A,0.0,0.0,False,0.0
2024-01-08,16,SCSES_UNIT2,0.0,0.0,False,0.0
2024-01-08,16,THW_THWGT_1,0.0,0.0,False,0.0
2024-01-08,16,THW_THWGT31,0.0,0.0,False,0.0
2024-01-08,16,THW_THWGT32,0.0,0.0,False,0.0
2024-01-08,16,THW_THWGT33,0.0,0.0,False,0.0
2024-01-08,16,THW_THWGT34,0.0,0.0,False,0.0
2024-01-08,16,THW_THWGT41,0.0,0.0,False,0.0
2024-01-08,16,THW_THWGT42,0.0,0.0,False,0.0
2024-01-08,16,THW_THWGT43,18.6,0.0,True,520.8
2024-01-08,16,THW_THWGT44,0.0,0.0,False,0.0
2024-01-08,16,THW_THWGT51,0.0,0.0,False,0.0
2024-01-08,16,THW_THWGT52,0.0,0.0,False,0.0
2024-01-08,16,THW_THWGT53,0.0,0.0,False,0.0
2024-01-08,16,THW_THWGT54,0.0,0.0,False,0.0
2024-01-08,16,THW_THWGT55,0.0,0.0,False,0.0
2024-01-08,16,THW_THWGT56,0.0,0.0,False,0.0
2024-01-08,16,THW_THWST_3,0.0,0.0,False,0.0
2024-01-08,16,THW_THWST_4,0.0,0.0,False,0.0
2024-01-08,16,TXCTY_CTA,129.1,0.0,True,3614.8
2024-01-08,16,TXCTY_CTB,129.1,0.0,True,3614.8
2024-01-08,16,TXCTY_CTC,129.1,0.0,True,3614.8
2024-01-08,16,TXCTY_ST,143.7,0.0,True,4023.6
2024-01-08,16,TGS_GT01,0.0,0.0,False,0.0
2024-01-08,16,TIMPP_AGR1,0.0,0.0,False,0.0
2024-01-08,16,TIMPP_AGR2,0.0,0.0,False,0.0
2024-01-08,16,TIMPP_AGR3,0.0,0.0,False,0.0
2024-01-08,16,TIMPP_AGR4,0.0,0.0,False,0.0
2024-01-08,16,TRSES_UNIT6,0.0,0.0,False,0.0
2024-01-08,16,TOPAZ_UNIT1,0.0,0.0,False,0.0
2024-01-08,16,TOPAZ_UNIT2,0.0,0.0,False,0.0
2024-01-08,16,TOPAZ_UNIT3,0.0,0.0,False,0.0
2024-01-08,16,TOPAZ_UNIT4,0.0,0.0,False,0.0
2024-01-08,16,TOPAZ_UNIT5,0.0,0.0,False,0.0
2024-01-08,16,TOPAZ_UNIT6,0.0,0.0,False,0.0
2024-01-08,16,TOPAZ_UNIT7,0.0,0.0,False,0.0
2024-01-08,16,TOPAZ_UNIT8,0.0,0.0,False,0.0
2024-01-08,16,TOPAZ_UNIT9,0.0,0.0,False,0.0
2024-01-08,16,TOPAZ_UNIT10,0.0,0.0,False,0.0
2024-01-08,16,BRAUNIG_VHB6CT5,0.0,0.0,False,0.0
2024-01-08,16,BRAUNIG_VHB6CT6,0.0,0.0,False,0.0
2024-01-08,16,BRAUNIG_VHB6CT7,0.0,0.0,False,0.0
2024-01-08,16,BRAUNIG_VHB6CT8,0.0,0.0,False,0.0
2024-01-08,16,CITYVICT_CTG01,0.0,0.0,False,0.0
2024-01-08,16,CITYVICT_CTG02,0.0,0.0,False,0.0
2024-01-08,16,VICTPORT_CTG01,0.0,0.0,False,0.0
2024-01-08,16,VICTPORT_CTG02,0.0,0.0,False,0.0
2024-01-08,16,VICTORIA_VICTORG6,0.0,0.0,False,0.0
2024-01-08,16,VICTORIA_VICTORG5,0.0,0.0,False,0.0
2024-01-08,16,WAP_WAPGT_1,0.0,0.0,False,0.0
2024-01-08,16,WAP_WAP_G1,0.0,0.0,False,0.0
2024-01-08,16,WAP_WAP_G2,0.0,0.0,False,0.0
2024-01-08,16,WAP_WAP_G3,0.0,0.0,False,0.0
2024-01-08,16,WAP_WAP_G4,0.0,0.0,False,0.0
2024-01-08,16,WFCOGEN_UNIT1,0.0,0.0,False,0.0
2024-01-08,16,WFCOGEN_UNIT2,0.0,0.0,False,0.0
2024-01-08,16,WFCOGEN_UNIT3,0.0,0.0,False,0.0
2024-01-08,16,WIPOPA_WPP_G1,0.0,0.0,False,0.0
2024-01-08,16,WIPOPA_WPP_G2,0.0,0.0,False,0.0
2024-01-08,16,WIPOPA_WPP_G3,0.0,0.0,False,0.0
2024-01-08,16,WIPOPA_WPP_G4,0.0,0.0,False,0.0
2024-01-08,16,WCPP_CT1,82.5,192.5,True,2310.0
2024-01-08,16,WCPP_CT2,82.5,192.5,True,2310.0
2024-01-08,16,WCPP_ST1,89.4,208.6,True,2503.2
2024-01-08,16,WHCCS_CT1,0.0,0.0,False,0.0
2024-01-08,16,WHCCS_CT2,0.0,0.0,False,0.0
2024-01-08,16,WHCCS_STG,0.0,0.0,False,0.0
2024-01-08,16,WHCCS2_CT4,0.0,0.0,False,0.0
2024-01-08,16,WHCCS2_CT5,0.0,0.0,False,0.0
2024-01-08,16,WHCCS2_STG6,0.0,0.0,False,0.0
2024-01-08,16,NACPW_UNIT1,0.0,0.0,False,0.0
2024-01-08,16,HBR_2UNITS,0.0,0.0,False,0.0
2024-01-08,16,TRIRA_1UNIT,0.0,0.0,False,0.0
2024-01-08,16,78252_4UNITS,0.0,0.0,False,0.0
2024-01-08,16,SPRIN_4UNITS,0.0,0.0,False,0.0
2024-01-08,16,FREIH_2UNITS,0.0,0.0,False,0.0
2024-01-08,16,WSTHL_3UNITS,0.0,0.0,False,0.0
2024-01-08,16,FEGC_CTG2,0.0,0.0,False,0.0
2024-01-08,16,FEGC_CTG3,0.0,0.0,False,0.0
2024-01-08,16,FEGC_CTG4,0.0,0.0,False,0.0
2024-01-08,16,OLNEYTN_AGR1,0.0,0.0,False,0.0
2024-01-08,16,AMISTAD_AMISTAG1,37.9,0.0,True,37.9
2024-01-08,16,AMISTAD_AMISTAG2,37.9,0.0,True,37.9
2024-01-08,16,AUSTPL_AUSTING1,9.0,0.0,True,9.0
2024-01-08,16,AUSTPL_AUSTING2,9.0,0.0,True,9.0
2024-01-08,16,BUCHAN_BUCHANG1,18.299999999999997,3.552713678800501e-15,True,18.3
2024-01-08,16,BUCHAN_BUCHANG2,18.299999999999997,3.552713678800501e-15,True,18.3
2024-01-08,16,BUCHAN_BUCHANG3,18.299999999999997,3.552713678800501e-15,True,18.3
2024-01-08,16,DNDAM_DENISOG1,50.8,0.0,True,50.8
2024-01-08,16,DNDAM_DENISOG2,50.8,0.0,True,50.8
2024-01-08,16,FALCON_FALCONG1,12.0,0.0,True,12.0
2024-01-08,16,FALCON_FALCONG2,12.0,0.0,True,12.0
2024-01-08,16,FALCON_FALCONG3,12.0,0.0,True,12.0
2024-01-08,16,WIRTZ_WIRTZ_G1,29.0,0.0,True,29.0
2024-01-08,16,WIRTZ_WIRTZ_G2,29.0,0.0,True,29.0
2024-01-08,16,CANYHY_CANYHYG1,6.0,0.0,True,6.0
2024-01-08,16,INKSDA_INKS_G1,15.0,0.0,True,15.0
2024-01-08,16,MARBFA_MARBFAG1,21.0,0.0,True,21.0
2024-01-08,16,MARBFA_MARBFAG2,20.0,0.0,True,20.0
2024-01-08,16,MARSFO_MARSFOG1,36.0,0.0,True,36.0
2024-01-08,16,MARSFO_MARSFOG2,36.0,0.0,True,36.0
2024-01-08,16,MARSFO_MARSFOG3,36.0,0.0,True,36.0
2024-01-08,16,WND_WHITNEY1,22.0,0.0,True,22.0
2024-01-08,16,WND_WHITNEY2,22.0,0.0,True,22.0
2024-01-08,16,AEEC_ANTLP_1,0.0,0.0,False,0.0
2024-01-08,16,AEEC_ANTLP_2,0.0,0.0,False,0.0
2024-01-08,16,AEEC_ANTLP_3,0.0,0.0,False,0.0
2024-01-08,16,AEEC_ELK_1,0.0,0.0,False,0.0
2024-01-08,16,AEEC_ELK_2,0.0,0.0,False,0.0
2024-01-08,16,AEEC_ELK_3,0.0,0.0,False,0.0
2024-01-08,16,FTR_FTR_G1,0.0,0.0,False,0.0
2024-01-08,16,FTR_FTR_G2,0.0,0.0,False,0.0
2024-01-08,16,FTR_FTR_G3,0.0,0.0,False,0.0
2024-01-08,16,FTR_FTR_G4,0.0,0.0,False,0.0
2024-01-08,16,TGCCS_CT1,0.0,0.0,False,0.0
2024-01-08,16,TGCCS_CT2,0.0,0.0,False,0.0
2024-01-08,16,TGCCS_CT3,0.0,0.0,False,0.0
2024-01-08,16,TGCCS_UNIT4,0.0,0.0,False,0.0
2024-01-08,16,KMCHI_1CT101,55.5,129.5,True,1554.0
2024-01-08,16,KMCHI_1CT201,55.5,129.5,True,1554.0
2024-01-08,16,KMCHI_1ST,99.0,231.0,True,2772.0
2024-01-08,16,KMCHI_2CT101,55.5,129.5,True,1554.0
2024-01-08,16,KMCHI_2CT201,55.5,129.5,True,1554.0
2024-01-08,16,KMCHI_2ST,99.0,231.0,True,2772.0
2024-01-08,16,A4_DGR1,0.0,0.0,False,0.0
2024-01-08,16,A4_DGR2,0.0,0.0,False,0.0
2024-01-08,16,K2_DGR1,0.0,0.0,False,0.0
2024-01-08,16,K2_DGR2,0.0,0.0,False,0.0
2024-01-08,16,P2_DGR1,0.0,0.0,False,0.0
2024-01-08,16,P2_DGR2,0.0,0.0,False,0.0
2024-01-08,16,Q1_DGR1,0.0,0.0,False,0.0
2024-01-08,16,BRAUNIG_VHB3,0.0,0.0,False,0.0
2024-01-08,16,V2_DGR1,0.0,0.0,False,0.0
2024-01-08,16,V2_DGR2,0.0,0.0,False,0.0
2024-01-08,16,V2_DGR3,0.0,0.0,False,0.0
2024-01-08,16,V4_DGR1,0.0,0.0,False,0.0
2024-01-08,16,X1_DGR1,0.0,0.0,False,0.0
2024-01-08,16,Z0_DGR1,0.0,0.0,False,0.0
2024-01-08,16,Z0_DGR2,0.0,0.0,False,0.0
2024-01-08,16,Z5_DGR1,0.0,0.0,False,0.0
2024-01-08,16,DC_E,0.0,0.0,False,0.0
2024-01-08,16,DC_N,0.0,0.0,False,0.0
2024-01-08,16,DC_L,0.0,0.0,False,0.0
2024-01-08,16,DC_R,0.0,0.0,False,0.0
2024-01-08,16,CEDARVALE_GAS,0.0,0.0,False,0.0
2024-01-08,16,ENCHANTED_ROCK_NEWPP,0.0,0.0,False,0.0
2024-01-08,17,CPSES_UNIT1,1269.0,0.0,True,10152.0
2024-01-08,17,CPSES_UNIT2,1269.0,0.0,True,10152.0
2024-01-08,17,STP_STP_G1,1228.5,136.5,True,9828.0
2024-01-08,17,STP_STP_G2,1228.5,136.5,True,9828.0
2024-01-08,17,COLETO_COLETOG1,0.0,0.0,False,0.0
2024-01-08,17,FPPYD1_FPP_G1,0.0,0.0,False,0.0
2024-01-08,17,FPPYD1_FPP_G2,0.0,0.0,False,0.0
2024-01-08,17,FPPYD2_FPP_G3,0.0,0.0,False,0.0
2024-01-08,17,CALAVERS_JKS1,0.0,0.0,False,0.0
2024-01-08,17,CALAVERS_JKS2,0.0,0.0,False,0.0
2024-01-08,17,LEG_LEG_G1,719.5221571414463,173.4778428585537,True,17988.0539
2024-01-08,17,LEG_LEG_G2,382.72,574.0799999999999,True,9568.0
2024-01-08,17,MLSES_UNIT1,893.0,0.0,True,22325.0
2024-01-08,17,MLSES_UNIT2,496.12991646757763,396.8700835324223,True,12403.2479
2024-01-08,17,MLSES_UNIT3,893.0,0.0,True,22325.0
2024-01-08,17,OGSES_UNIT1A,0.0,0.0,False,0.0
2024-01-08,17,OGSES_UNIT2,0.0,0.0,False,0.0
2024-01-08,17,SANMIGL_G1,0.0,0.0,False,0.0
2024-01-08,17,SCES_UNIT1,0.0,0.0,False,0.0
2024-01-08,17,TNP_ONE_TNP_O_1,0.0,0.0,False,0.0
2024-01-08,17,TNP_ONE_TNP_O_2,0.0,0.0,False,0.0
2024-01-08,17,WAP_WAP_G5,734.1,0.0,True,18352.5
2024-01-08,17,WAP_WAP_G6,442.7844108744579,291.31558912554215,True,11069.6103
2024-01-08,17,WAP_WAP_G7,245.84,368.76,True,6146.0
2024-01-08,17,WAP_WAP_G8,261.6,392.4,True,6540.0
2024-01-08,17,BRAUNIG_AVR1_CT1,0.0,0.0,False,0.0
2024-01-08,17,BRAUNIG_AVR1_CT2,0.0,0.0,False,0.0
2024-01-08,17,BRAUNIG_AVR1_ST,0.0,0.0,False,0.0
2024-01-08,17,ATKINS_ATKINSG7,0.0,0.0,False,0.0
2024-01-08,17,B_DAVIS_B_DAVIG3,0.0,0.0,False,0.0
2024-01-08,17,B_DAVIS_B_DAVIG4,0.0,0.0,False,0.0
2024-01-08,17,B_DAVIS_B_DAVIG1,0.0,0.0,False,0.0
2024-01-08,17,B_DAVIS_B_DAVIG2,0.0,0.0,False,0.0
2024-01-08,17,BASTEN_GTG1100,0.0,0.0,False,0.0
2024-01-08,17,BASTEN_GTG2100,0.0,0.0,False,0.0
2024-01-08,17,BASTEN_ST0100,0.0,0.0,False,0.0
2024-01-08,17,BCH_UNIT1,40.34757895161819,20.15242104838181,True,1694.5983
2024-01-08,17,BCH_UNIT2,0.0,0.0,False,0.0
2024-01-08,17,BCH_UNIT3,0.0,0.0,False,0.0
2024-01-08,17,BCH_UNIT4,60.5,0.0,True,2541.0
2024-01-08,17,BCH_UNIT5,60.5,0.0,True,2541.0
2024-01-08,17,BCH_UNIT6,60.5,0.0,True,2541.0
2024-01-08,17,BCH_UNIT7,60.5,0.0,True,2541.0
2024-01-08,17,BCH_UNIT8,6.05,54.45,True,254.1
2024-01-08,17,BOSQUESW_BSQSU_1,0.0,0.0,False,0.0
2024-01-08,17,BOSQUESW_BSQSU_2,0.0,0.0,False,0.0
2024-01-08,17,BOSQUESW_BSQSU_3,0.0,0.0,False,0.0
2024-01-08,17,BOSQUESW_BSQSU_4,0.0,0.0,False,0.0
2024-01-08,17,BOSQUESW_BSQSU_5,0.0,0.0,False,0.0
2024-01-08,17,BVE_UNIT1,0.0,0.0,False,0.0
2024-01-08,17,BVE_UNIT2,0.0,0.0,False,0.0
2024-01-08,17,BVE_UNIT3,0.0,0.0,False,0.0
2024-01-08,17,BTM_UNIT1,0.0,0.0,False,0.0
2024-01-08,17,BTM_UNIT2,0.0,0.0,False,0.0
2024-01-08,17,BTM_UNIT3,0.0,0.0,False,0.0
2024-01-08,17,BTM_UNIT4,0.0,0.0,False,0.0
2024-01-08,17,BTM_UNIT5,0.0,0.0,False,0.0
2024-01-08,17,BTM_UNIT6,0.0,0.0,False,0.0
2024-01-08,17,BTM_UNIT7,0.0,0.0,False,0.0
2024-01-08,17,BTM_UNIT8,0.0,0.0,False,0.0
2024-01-08,17,FLCNS_UNIT1,0.0,0.0,False,0.0
2024-01-08,17,FLCNS_UNIT2,0.0,0.0,False,0.0
2024-01-08,17,CALHOUN_UNIT1,0.0,0.0,False,0.0
2024-01-08,17,CALHOUN_UNIT2,0.0,0.0,False,0.0
2024-01-08,17,CHAMON_CTG_0101,0.0,0.0,False,0.0
2024-01-08,17,CHAMON_CTG_0301,0.0,0.0,False,0.0
2024-01-08,17,CBY4_CT41,61.5,143.5,True,1722.0
2024-01-08,17,CBY4_CT42,61.5,143.5,True,1722.0
2024-01-08,17,CBY4_ST04,61.5,143.5,True,1722.0
2024-01-08,17,CBY_CBY_G1,0.0,0.0,False,0.0
2024-01-08,17,CBY_CBY_G2,0.0,0.0,False,0.0
2024-01-08,17,CBEC_GT1,0.0,0.0,False,0.0
2024-01-08,17,CBEC_GT2,0.0,0.0,False,0.0
2024-01-08,17,CBEC_GT3,0.0,0.0,False,0.0
2024-01-08,17,CBEC_GT4,0.0,0.0,False,0.0
2024-01-08,17,CBEC_STG1,0.0,0.0,False,0.0
2024-01-08,17,CBEC_STG2,0.0,0.0,False,0.0
2024-01-08,17,CBECII_CT7,0.0,0.0,False,0.0
2024-01-08,17,CBECII_CT8,0.0,0.0,False,0.0
2024-01-08,17,CBECII_STG9,0.0,0.0,False,0.0
2024-01-08,17,CBEC_GT11,0.0,0.0,False,0.0
2024-01-08,17,CBEC_GT12,0.0,0.0,False,0.0
2024-01-08,17,CVC_CVC_G1,57.63,0.0,True,1613.64
2024-01-08,17,CVC_CVC_G2,57.63,0.0,True,1613.64
2024-01-08,17,CVC_CVC_G3,57.63,0.0,True,1613.64
2024-01-08,17,CVC_CVC_G5,45.0,0.0,True,1260.0
2024-01-08,17,DANSBY_DANSBYG2,0.0,0.0,False,0.0
2024-01-08,17,DANSBY_DANSBYG3,0.0,0.0,False,0.0
2024-01-08,17,DANSBY_DANSBYG1,0.0,0.0,False,0.0
2024-01-08,17,DECKER_DPGT_1,0.0,0.0,False,0.0
2024-01-08,17,DECKER_DPGT_2,0.0,0.0,False,0.0
2024-01-08,17,DECKER_DPGT_3,0.0,0.0,False,0.0
2024-01-08,17,DECKER_DPGT_4,0.0,0.0,False,0.0
2024-01-08,17,DCSES_CT10,0.0,0.0,False,0.0
2024-01-08,17,DCSES_CT20,0.0,0.0,False,0.0
2024-01-08,17,DCSES_CT30,0.0,0.0,False,0.0
2024-01-08,17,DCSES_CT40,0.0,0.0,False,0.0
2024-01-08,17,DDPEC_GT1,60.9,142.1,True,1705.2
2024-01-08,17,DDPEC_GT2,64.5,150.5,True,1806.0
2024-01-08,17,DDPEC_GT3,60.9,142.1,True,1705.2
2024-01-08,17,DDPEC_GT4,64.5,150.5,True,1806.0
2024-01-08,17,DDPEC_GT6,59.7,139.3,True,1671.6
2024-01-08,17,DDPEC_ST1,87.0,203.0,True,2436.0
2024-01-08,17,DEC_AGR_A,0.0,0.0,False,0.0
2024-01-08,17,DEC_AGR_B,0.0,0.0,False,0.0
2024-01-08,17,DEC_AGR_C,0.0,0.0,False,0.0
2024-01-08,17,DEC_AGR_D,0.0,0.0,False,0.0
2024-01-08,17,ECEC_G1,0.0,0.0,False,0.0
2024-01-08,17,ECEC_G2,0.0,0.0,False,0.0
2024-01-08,17,ETCCS_CT1,0.0,0.0,False,0.0
2024-01-08,17,ETCCS_UNIT1,0.0,0.0,False,0.0
2024-01-08,17,AZ_AZ_G1,0.0,0.0,False,0.0
2024-01-08,17,AZ_AZ_G2,0.0,0.0,False,0.0
2024-01-08,17,AZ_AZ_G3,0.0,0.0,False,0.0
2024-01-08,17,AZ_AZ_G4,0.0,0.0,False,0.0
2024-01-08,17,FERGCC_FERGGT1,0.0,0.0,False,0.0
2024-01-08,17,FERGCC_FERGGT2,0.0,0.0,False,0.0
2024-01-08,17,FERGCC_FERGST1,0.0,0.0,False,0.0
2024-01-08,17,FRNYPP_GT11,59.01,0.0,True,1652.28
2024-01-08,17,FRNYPP_GT12,59.01,0.0,True,1652.28
2024-01-08,17,FRNYPP_GT13,59.01,0.0,True,1652.28
2024-01-08,17,FRNYPP_GT21,59.01,0.0,True,1652.28
2024-01-08,17,FRNYPP_GT22,59.01,0.0,True,1652.28
2024-01-08,17,FRNYPP_GT23,59.01,0.0,True,1652.28
2024-01-08,17,FRNYPP_ST10,126.6,0.0,True,3544.8
2024-01-08,17,FRNYPP_ST20,126.6,0.0,True,3544.8
2024-01-08,17,FREC_GT1,0.0,0.0,False,0.0
2024-01-08,17,FREC_GT2,0.0,0.0,False,0.0
2024-01-08,17,FREC_GT4,0.0,0.0,False,0.0
2024-01-08,17,FREC_GT5,0.0,0.0,False,0.0
2024-01-08,17,FREC_ST3,0.0,0.0,False,0.0
2024-01-08,17,FREC_ST6,0.0,0.0,False,0.0
2024-01-08,17,FEGC_UNIT1,0.0,0.0,False,0.0
2024-01-08,17,FRONT_EC_CT1,0.0,0.0,False,0.0
2024-01-08,17,FRONT_EC_CT2,0.0,0.0,False,0.0
2024-01-08,17,FRONT_EC_ST,0.0,0.0,False,0.0
2024-01-08,17,GRSES_UNIT1,0.0,0.0,False,0.0
2024-01-08,17,GRSES_UNIT2,0.0,0.0,False,0.0
2024-01-08,17,GBY_GBYGT73,0.0,0.0,False,0.0
2024-01-08,17,GBY_GBYGT74,0.0,0.0,False,0.0
2024-01-08,17,GBY_GBYGT81,0.0,0.0,False,0.0
2024-01-08,17,GBY_GBYGT82,0.0,0.0,False,0.0
2024-01-08,17,GBY_GBYGT83,0.0,0.0,False,0.0
2024-01-08,17,GBY_GBYGT84,0.0,0.0,False,0.0
2024-01-08,17,STEAM_ENGINE_1,0.0,0.0,False,0.0
2024-01-08,17,STEAM_ENGINE_2,0.0,0.0,False,0.0
2024-01-08,17,STEAM_ENGINE_3,0.0,0.0,False,0.0
2024-01-08,17,LGE_LGE_GT1,0.0,0.0,False,0.0
2024-01-08,17,LGE_LGE_GT2,0.0,0.0,False,0.0
2024-01-08,17,LGE_LGE_STG,0.0,0.0,False,0.0
2024-01-08,17,GUADG_GAS1,0.0,0.0,False,0.0
2024-01-08,17,GUADG_GAS2,0.0,0.0,False,0.0
2024-01-08,17,GUADG_GAS3,0.0,0.0,False,0.0
2024-01-08,17,GUADG_GAS4,0.0,0.0,False,0.0
2024-01-08,17,GUADG_STM5,0.0,0.0,False,0.0
2024-01-08,17,GUADG_STM6,0.0,0.0,False,0.0
2024-01-08,17,HLSES_UNIT3,0.0,0.0,False,0.0
2024-01-08,17,HLSES_UNIT4,0.0,0.0,False,0.0
2024-01-08,17,HLSES_UNIT5,0.0,0.0,False,0.0
2024-01-08,17,HAYSEN_HAYSENG1,0.0,0.0,False,0.0
2024-01-08,17,HAYSEN_HAYSENG2,0.0,0.0,False,0.0
2024-01-08,17,HAYSEN_HAYSENG3,0.0,0.0,False,0.0
2024-01-08,17,HAYSEN_HAYSENG4,0.0,0.0,False,0.0
2024-01-08,17,DUKE_DUKE_GT1,0.0,0.0,False,0.0
2024-01-08,17,DUKE_DUKE_GT2,0.0,0.0,False,0.0
2024-01-08,17,DUKE_DUKE_ST1,0.0,0.0,False,0.0
2024-01-08,17,JACKCNTY_CT1,59.67,139.23,True,1670.76
2024-01-08,17,JACKCNTY_CT2,59.67,139.23,True,1670.76
2024-01-08,17,JCKCNTY2_CT3,59.67,139.23,True,1670.76
2024-01-08,17,JCKCNTY2_CT4,59.67,139.23,True,1670.76
2024-01-08,17,JACKCNTY_STG,96.18,224.42000000000002,True,2693.04
2024-01-08,17,JCKCNTY2_ST2,96.18,224.42000000000002,True,2693.04
2024-01-08,17,TEN_CT1,0.0,0.0,False,0.0
2024-01-08,17,TEN_STG,0.0,0.0,False,0.0
2024-01-08,17,LHSES_UNIT1,0.0,0.0,False,0.0
2024-01-08,17,LHSES_UNIT2A,0.0,0.0,False,0.0
2024-01-08,17,LPCCS_CT11,136.62240523864426,49.37759476135574,True,3825.4273
2024-01-08,17,LPCCS_CT12,55.8,130.2,True,1562.4
2024-01-08,17,LPCCS_CT21,55.8,130.2,True,1562.4
2024-01-08,17,LPCCS_CT22,186.0,0.0,True,5208.0
2024-01-08,17,LPCCS_UNIT1,64.8,151.2,True,1814.4
2024-01-08,17,LPCCS_UNIT2,64.8,151.2,True,1814.4
2024-01-08,17,LARDVFTN_G4,0.0,0.0,False,0.0
2024-01-08,17,LARDVFTN_G5,0.0,0.0,False,0.0
2024-01-08,17,LEON_CRK_LCPCT1,0.0,0.0,False,0.0
2024-01-08,17,LEON_CRK_LCPCT2,0.0,0.0,False,0.0
2024-01-08,17,LEON_CRK_LCPCT3,0.0,0.0,False,0.0
2024-01-08,17,LEON_CRK_LCPCT4,0.0,0.0,False,0.0
2024-01-08,17,LIG_UNIT1,0.0,0.0,False,0.0
2024-01-08,17,LIG_UNIT2,0.0,0.0,False,0.0
2024-01-08,17,LOSTPI_LOSTPGT1,0.0,0.0,False,0.0
2024-01-08,17,LOSTPI_LOSTPGT2,0.0,0.0,False,0.0
2024-01-08,17,LOSTPI_LOSTPST1,0.0,0.0,False,0.0
2024-01-08,17,NEDIN_NEDIN_G1,0.0,0.0,False,0.0
2024-01-08,17,NEDIN_NEDIN_G2,0.0,0.0,False,0.0
2024-01-08,17,NEDIN_NEDIN_G3,0.0,0.0,False,0.0
2024-01-08,17,MDANP_CT1,0.0,0.0,False,0.0
2024-01-08,17,MDANP_CT2,0.0,0.0,False,0.0
2024-01-08,17,MDANP_CT3,0.0,0.0,False,0.0
2024-01-08,17,MDANP_CT4,0.0,0.0,False,0.0
2024-01-08,17,MDANP_CT5,0.0,0.0,False,0.0
2024-01-08,17,MDANP_CT6,0.0,0.0,False,0.0
2024-01-08,17,MGSES_CT1,0.0,0.0,False,0.0
2024-01-08,17,MGSES_CT2,0.0,0.0,False,0.0
2024-01-08,17,MGSES_CT3,0.0,0.0,False,0.0
2024-01-08,17,MGSES_CT4,0.0,0.0,False,0.0
2024-01-08,17,MGSES_CT5,0.0,0.0,False,0.0
2024-01-08,17,MGSES_CT6,0.0,0.0,False,0.0
2024-01-08,17,MCSES_UNIT6,0.0,0.0,False,0.0
2024-01-08,17,MCSES_UNIT7,0.0,0.0,False,0.0
2024-01-08,17,MCSES_UNIT8,0.0,0.0,False,0.0
2024-01-08,17,NUECES_B_NUECESG8,0.0,0.0,False,0.0
2024-01-08,17,NUECES_B_NUECESG9,0.0,0.0,False,0.0
2024-01-08,17,NUECES_B_NUECESG7,0.0,0.0,False,0.0
2024-01-08,17,CALAVERS_OWS1,0.0,0.0,False,0.0
2024-01-08,17,CALAVERS_OWS2,0.0,0.0,False,0.0
2024-01-08,17,OECCS_CT11,0.0,0.0,False,0.0
2024-01-08,17,OECCS_CT12,0.0,0.0,False,0.0
2024-01-08,17,OECCS_CT21,0.0,0.0,False,0.0
2024-01-08,17,OECCS_CT22,0.0,0.0,False,0.0
2024-01-08,17,OECCS_UNIT1,0.0,0.0,False,0.0
2024-01-08,17,OECCS_UNIT2,0.0,0.0,False,0.0
2024-01-08,17,VICTPRT2_UNIT1,0.0,0.0,False,0.0
2024-01-08,17,VICTPRT2_UNIT2,0.0,0.0,False,0.0
2024-01-08,17,PANDA_S_SHER1CT1,232.0,0.0,True,6496.0
2024-01-08,17,PANDA_S_SHER1CT2,232.0,0.0,True,6496.0
2024-01-08,17,PANDA_S_SHER1ST1,353.1,0.0,True,9886.8
2024-01-08,17,PANDA_T1_TMPL1CT1,0.0,0.0,False,0.0
2024-01-08,17,PANDA_T1_TMPL1CT2,0.0,0.0,False,0.0
2024-01-08,17,PANDA_T1_TMPL1ST1,0.0,0.0,False,0.0
2024-01-08,17,PANDA_T2_TMPL2CT1,0.0,0.0,False,0.0
2024-01-08,17,PANDA_T2_TMPL2CT2,0.0,0.0,False,0.0
2024-01-08,17,PANDA_T2_TMPL2ST1,0.0,0.0,False,0.0
2024-01-08,17,TNSKA_GT1,90.9,0.0,True,2545.2
2024-01-08,17,TNSKA_GT2,90.9,0.0,True,2545.2
2024-01-08,17,TNSKA_STG,90.0,0.0,True,2520.0
2024-01-08,17,PSG_PSG_GT2,64.53,150.57,True,1806.84
2024-01-08,17,PSG_PSG_GT3,64.53,150.57,True,1806.84
2024-01-08,17,PSG_PSG_ST2,58.65,136.85,True,1642.2
2024-01-08,17,PEARSAL2_AGR_A,0.0,0.0,False,0.0
2024-01-08,17,PEARSAL2_AGR_B,0.0,0.0,False,0.0
2024-01-08,17,PEARSAL2_AGR_C,0.0,0.0,False,0.0
2024-01-08,17,PEARSAL2_AGR_D,0.0,0.0,False,0.0
2024-01-08,17,PB2SES_CT1,0.0,0.0,False,0.0
2024-01-08,17,PB2SES_CT2,0.0,0.0,False,0.0
2024-01-08,17,PB2SES_CT3,0.0,0.0,False,0.0
2024-01-08,17,PB2SES_CT4,0.0,0.0,False,0.0
2024-01-08,17,PB2SES_CT5,0.0,0.0,False,0.0
2024-01-08,17,PRO_UNIT1,0.0,0.0,False,0.0
2024-01-08,17,PRO_UNIT2,0.0,0.0,False,0.0
2024-01-08,17,PRO_UNIT3,0.0,0.0,False,0.0
2024-01-08,17,PRO_UNIT4,0.0,0.0,False,0.0
2024-01-08,17,PRO_UNIT5,0.0,0.0,False,0.0
2024-01-08,17,PRO_UNIT6,0.0,0.0,False,0.0
2024-01-08,17,PRO_UNIT7,0.0,0.0,False,0.0
2024-01-08,17,PRO_UNIT8,0.0,0.0,False,0.0
2024-01-08,17,BAC_CTG1,0.0,0.0,False,0.0
2024-01-08,17,BAC_CTG2,0.0,0.0,False,0.0
2024-01-08,17,BAC_CTG3,0.0,0.0,False,0.0
2024-01-08,17,BAC_CTG4,0.0,0.0,False,0.0
2024-01-08,17,BAC_CTG5,0.0,0.0,False,0.0
2024-01-08,17,BAC_CTG6,0.0,0.0,False,0.0
2024-01-08,17,STEAM1A_STEAM_1,0.0,0.0,False,0.0
2024-01-08,17,STEAM_STEAM_2,0.0,0.0,False,0.0
2024-01-08,17,STEAM_STEAM_3,0.0,0.0,False,0.0
2024-01-08,17,QALSW_GT1,0.0,0.0,False,0.0
2024-01-08,17,QALSW_GT2,0.0,0.0,False,0.0
2024-01-08,17,QALSW_GT3,0.0,0.0,False,0.0
2024-01-08,17,QALSW_GT4,0.0,0.0,False,0.0
2024-01-08,17,QALSW_STG1,0.0,0.0,False,0.0
2024-01-08,17,QALSW_STG2,0.0,0.0,False,0.0
2024-01-08,17,MIL_MILLERG4,0.0,0.0,False,0.0
2024-01-08,17,MIL_MILLERG5,0.0,0.0,False,0.0
2024-01-08,17,MIL_MILLERG1,0.0,0.0,False,0.0
2024-01-08,17,MIL_MILLERG2,0.0,0.0,False,0.0
2024-01-08,17,MIL_MILLERG3,0.0,0.0,False,0.0
2024-01-08,17,OLINGR_OLING_4,0.0,0.0,False,0.0
2024-01-08,17,OLINGR_OLING_2,0.0,0.0,False,0.0
2024-01-08,17,OLINGR_OLING_3,0.0,0.0,False,0.0
2024-01-08,17,RAB_UNIT1,0.0,0.0,False,0.0
2024-01-08,17,RAB_UNIT2,0.0,0.0,False,0.0
2024-01-08,17,RAB_UNIT3,0.0,0.0,False,0.0
2024-01-08,17,RAB_UNIT4,0.0,0.0,False,0.0
2024-01-08,17,RAB_UNIT5,0.0,0.0,False,0.0
2024-01-08,17,RAB_UNIT6,0.0,0.0,False,0.0
2024-01-08,17,RAB_UNIT7,0.0,0.0,False,0.0
2024-01-08,17,RAB_UNIT8,0.0,0.0,False,0.0
2024-01-08,17,REDGATE_AGR_A,0.0,0.0,False,0.0
2024-01-08,17,REDGATE_AGR_B,0.0,0.0,False,0.0
2024-01-08,17,REDGATE_AGR_C,0.0,0.0,False,0.0
2024-01-08,17,REDGATE_AGR_D,0.0,0.0,False,0.0
2024-01-08,17,JAD_UNIT1,0.0,0.0,False,0.0
2024-01-08,17,JAD_UNIT2,0.0,0.0,False,0.0
2024-01-08,17,JAD_UNIT3,0.0,0.0,False,0.0
2024-01-08,17,JAD_UNIT4,0.0,0.0,False,0.0
2024-01-08,17,JAD_UNIT5,0.0,0.0,False,0.0
2024-01-08,17,JAD_UNIT6,0.0,0.0,False,0.0
2024-01-08,17,JAD_UNIT7,0.0,0.0,False,0.0
2024-01-08,17,JAD_UNIT8,0.0,0.0,False,0.0
2024-01-08,17,RIONOG_CT1,0.0,0.0,False,0.0
2024-01-08,17,RIONOG_CT2,0.0,0.0,False,0.0
2024-01-08,17,RIONOG_CT3,0.0,0.0,False,0.0
2024-01-08,17,RIONOG_ST1,0.0,0.0,False,0.0
2024-01-08,17,RAYBURN_RAYBURG7,18.15,42.35,True,508.2
2024-01-08,17,RAYBURN_RAYBURG8,44.32833548907597,16.171664510924032,True,1241.1934
2024-01-08,17,RAYBURN_RAYBURG9,60.5,0.0,True,1694.0
2024-01-08,17,RAYBURN_RAYBURG10,12.6,29.4,True,352.8
2024-01-08,17,SJS_SJS_G1,0.0,0.0,False,0.0
2024-01-08,17,SJS_SJS_G2,0.0,0.0,False,0.0
2024-01-08,17,SANDHSYD_SH1,0.0,0.0,False,0.0
2024-01-08,17,SANDHSYD_SH2,0.0,0.0,False,0.0
2024-01-08,17,SANDHSYD_SH3,0.0,0.0,False,0.0
2024-01-08,17,SANDHSYD_SH4,0.0,0.0,False,0.0
2024-01-08,17,SANDHSYD_SH_5A,0.0,0.0,False,0.0
2024-01-08,17,SANDHSYD_SH6,0.0,0.0,False,0.0
2024-01-08,17,SANDHSYD_SH7,0.0,0.0,False,0.0
2024-01-08,17,SANDHSYD_SH_5C,0.0,0.0,False,0.0
2024-01-08,17,SILASRAY_SILAS_10,0.0,0.0,False,0.0
2024-01-08,17,SILASRAY_SILAS_9,0.0,0.0,False,0.0
2024-01-08,17,SILASRAY_SILAS_6,0.0,0.0,False,0.0
2024-01-08,17,GIDEON_GIDEONG1,0.0,0.0,False,0.0
2024-01-08,17,GIDEON_GIDEONG2,0.0,0.0,False,0.0
2024-01-08,17,GIDEON_GIDEONG3,0.0,0.0,False,0.0
2024-01-08,17,SKY1_SKY1A,0.0,0.0,False,0.0
2024-01-08,17,SKY1_SKY1B,0.0,0.0,False,0.0
2024-01-08,17,SPNCER_SPNCE_4,0.0,0.0,False,0.0
2024-01-08,17,SPNCER_SPNCE_5,0.0,0.0,False,0.0
2024-01-08,17,SCSES_UNIT1A,0.0,0.0,False,0.0
2024-01-08,17,SCSES_UNIT2,0.0,0.0,False,0.0
2024-01-08,17,THW_THWGT_1,0.0,0.0,False,0.0
2024-01-08,17,THW_THWGT31,15.39,0.0,True,430.92
2024-01-08,17,THW_THWGT32,15.39,0.0,True,430.92
2024-01-08,17,THW_THWGT33,15.39,0.0,True,430.92
2024-01-08,17,THW_THWGT34,15.39,0.0,True,430.92
2024-01-08,17,THW_THWGT41,15.39,0.0,True,430.92
2024-01-08,17,THW_THWGT42,15.39,0.0,True,430.92
2024-01-08,17,THW_THWGT43,18.6,43.4,True,520.8
2024-01-08,17,THW_THWGT44,18.6,0.0,True,520.8
2024-01-08,17,THW_THWGT51,0.0,0.0,False,0.0
2024-01-08,17,THW_THWGT52,0.0,0.0,False,0.0
2024-01-08,17,THW_THWGT53,0.0,0.0,False,0.0
2024-01-08,17,THW_THWGT54,0.0,0.0,False,0.0
2024-01-08,17,THW_THWGT55,0.0,0.0,False,0.0
2024-01-08,17,THW_THWGT56,0.0,0.0,False,0.0
2024-01-08,17,THW_THWST_3,33.93,0.0,True,950.04
2024-01-08,17,THW_THWST_4,33.93,0.0,True,950.04
2024-01-08,17,TXCTY_CTA,129.1,0.0,True,3614.8
2024-01-08,17,TXCTY_CTB,129.1,0.0,True,3614.8
2024-01-08,17,TXCTY_CTC,129.1,0.0,True,3614.8
2024-01-08,17,TXCTY_ST,143.7,0.0,True,4023.6
2024-01-08,17,TGS_GT01,0.0,0.0,False,0.0
2024-01-08,17,TIMPP_AGR1,0.0,0.0,False,0.0
2024-01-08,17,TIMPP_AGR2,0.0,0.0,False,0.0
2024-01-08,17,TIMPP_AGR3,0.0,0.0,False,0.0
2024-01-08,17,TIMPP_AGR4,0.0,0.0,False,0.0
2024-01-08,17,TRSES_UNIT6,0.0,0.0,False,0.0
2024-01-08,17,TOPAZ_UNIT1,0.0,0.0,False,0.0
2024-01-08,17,TOPAZ_UNIT2,0.0,0.0,False,0.0
2024-01-08,17,TOPAZ_UNIT3,0.0,0.0,False,0.0
2024-01-08,17,TOPAZ_UNIT4,0.0,0.0,False,0.0
2024-01-08,17,TOPAZ_UNIT5,0.0,0.0,False,0.0
2024-01-08,17,TOPAZ_UNIT6,0.0,0.0,False,0.0
2024-01-08,17,TOPAZ_UNIT7,0.0,0.0,False,0.0
2024-01-08,17,TOPAZ_UNIT8,0.0,0.0,False,0.0
2024-01-08,17,TOPAZ_UNIT9,0.0,0.0,False,0.0
2024-01-08,17,TOPAZ_UNIT10,0.0,0.0,False,0.0
2024-01-08,17,BRAUNIG_VHB6CT5,0.0,0.0,False,0.0
2024-01-08,17,BRAUNIG_VHB6CT6,0.0,0.0,False,0.0
2024-01-08,17,BRAUNIG_VHB6CT7,0.0,0.0,False,0.0
2024-01-08,17,BRAUNIG_VHB6CT8,0.0,0.0,False,0.0
2024-01-08,17,CITYVICT_CTG01,0.0,0.0,False,0.0
2024-01-08,17,CITYVICT_CTG02,0.0,0.0,False,0.0
2024-01-08,17,VICTPORT_CTG01,0.0,0.0,False,0.0
2024-01-08,17,VICTPORT_CTG02,0.0,0.0,False,0.0
2024-01-08,17,VICTORIA_VICTORG6,0.0,0.0,False,0.0
2024-01-08,17,VICTORIA_VICTORG5,0.0,0.0,False,0.0
2024-01-08,17,WAP_WAPGT_1,0.0,0.0,False,0.0
2024-01-08,17,WAP_WAP_G1,0.0,0.0,False,0.0
2024-01-08,17,WAP_WAP_G2,0.0,0.0,False,0.0
2024-01-08,17,WAP_WAP_G3,0.0,0.0,False,0.0
2024-01-08,17,WAP_WAP_G4,0.0,0.0,False,0.0
2024-01-08,17,WFCOGEN_UNIT1,0.0,0.0,False,0.0
2024-01-08,17,WFCOGEN_UNIT2,0.0,0.0,False,0.0
2024-01-08,17,WFCOGEN_UNIT3,0.0,0.0,False,0.0
2024-01-08,17,WIPOPA_WPP_G1,0.0,0.0,False,0.0
2024-01-08,17,WIPOPA_WPP_G2,0.0,0.0,False,0.0
2024-01-08,17,WIPOPA_WPP_G3,0.0,0.0,False,0.0
2024-01-08,17,WIPOPA_WPP_G4,0.0,0.0,False,0.0
2024-01-08,17,WCPP_CT1,138.01187173896946,136.98812826103054,True,3864.3324
2024-01-08,17,WCPP_CT2,275.0,0.0,True,7700.0
2024-01-08,17,WCPP_ST1,89.4,208.6,True,2503.2
2024-01-08,17,WHCCS_CT1,0.0,0.0,False,0.0
2024-01-08,17,WHCCS_CT2,0.0,0.0,False,0.0
2024-01-08,17,WHCCS_STG,0.0,0.0,False,0.0
2024-01-08,17,WHCCS2_CT4,0.0,0.0,False,0.0
2024-01-08,17,WHCCS2_CT5,0.0,0.0,False,0.0
2024-01-08,17,WHCCS2_STG6,0.0,0.0,False,0.0
2024-01-08,17,NACPW_UNIT1,0.0,0.0,False,0.0
2024-01-08,17,HBR_2UNITS,0.0,0.0,False,0.0
2024-01-08,17,TRIRA_1UNIT,0.0,0.0,False,0.0
2024-01-08,17,78252_4UNITS,0.0,0.0,False,0.0
2024-01-08,17,SPRIN_4UNITS,0.0,0.0,False,0.0
2024-01-08,17,FREIH_2UNITS,0.0,0.0,False,0.0
2024-01-08,17,WSTHL_3UNITS,0.0,0.0,False,0.0
2024-01-08,17,FEGC_CTG2,0.0,0.0,False,0.0
2024-01-08,17,FEGC_CTG3,0.0,0.0,False,0.0
2024-01-08,17,FEGC_CTG4,0.0,0.0,False,0.0
2024-01-08,17,OLNEYTN_AGR1,0.0,0.0,False,0.0
2024-01-08,17,AMISTAD_AMISTAG1,3.79,34.11,True,3.79
2024-01-08,17,AMISTAD_AMISTAG2,3.79,34.11,True,3.79
2024-01-08,17,AUSTPL_AUSTING1,0.9,8.1,True,0.9
2024-01-08,17,AUSTPL_AUSTING2,0.9,8.1,True,0.9
2024-01-08,17,BUCHAN_BUCHANG1,1.83,16.470000000000002,True,1.83
2024-01-08,17,BUCHAN_BUCHANG2,1.83,16.470000000000002,True,1.83
2024-01-08,17,BUCHAN_BUCHANG3,1.83,16.470000000000002,True,1.83
2024-01-08,17,DNDAM_DENISOG1,50.8,0.0,True,50.8
2024-01-08,17,DNDAM_DENISOG2,50.8,0.0,True,50.8
2024-01-08,17,FALCON_FALCONG1,1.2,10.8,True,1.2
2024-01-08,17,FALCON_FALCONG2,1.2,10.8,True,1.2
2024-01-08,17,FALCON_FALCONG3,1.2,10.8,True,1.2
2024-01-08,17,WIRTZ_WIRTZ_G1,2.9,26.1,True,2.9
2024-01-08,17,WIRTZ_WIRTZ_G2,2.9,26.1,True,2.9
2024-01-08,17,CANYHY_CANYHYG1,0.6,5.4,True,0.6
2024-01-08,17,INKSDA_INKS_G1,1.5,13.5,True,1.5
2024-01-08,17,MARBFA_MARBFAG1,2.1,18.9,True,2.1
2024-01-08,17,MARBFA_MARBFAG2,2.0,18.0,True,2.0
2024-01-08,17,MARSFO_MARSFOG1,3.6,32.4,True,3.6
2024-01-08,17,MARSFO_MARSFOG2,3.6,32.4,True,3.6
2024-01-08,17,MARSFO_MARSFOG3,3.6,32.4,True,3.6
2024-01-08,17,WND_WHITNEY1,2.2,19.8,True,2.2
2024-01-08,17,WND_WHITNEY2,2.2,19.8,True,2.2
2024-01-08,17,AEEC_ANTLP_1,0.0,0.0,False,0.0
2024-01-08,17,AEEC_ANTLP_2,0.0,0.0,False,0.0
2024-01-08,17,AEEC_ANTLP_3,0.0,0.0,False,0.0
2024-01-08,17,AEEC_ELK_1,0.0,0.0,False,0.0
2024-01-08,17,AEEC_ELK_2,0.0,0.0,False,0.0
2024-01-08,17,AEEC_ELK_3,0.0,0.0,False,0.0
2024-01-08,17,FTR_FTR_G1,0.0,0.0,False,0.0
2024-01-08,17,FTR_FTR_G2,0.0,0.0,False,0.0
2024-01-08,17,FTR_FTR_G3,0.0,0.0,False,0.0
2024-01-08,17,FTR_FTR_G4,0.0,0.0,False,0.0
2024-01-08,17,TGCCS_CT1,0.0,0.0,False,0.0
2024-01-08,17,TGCCS_CT2,0.0,0.0,False,0.0
2024-01-08,17,TGCCS_CT3,0.0,0.0,False,0.0
2024-01-08,17,TGCCS_UNIT4,0.0,0.0,False,0.0
2024-01-08,17,KMCHI_1CT101,185.0,0.0,True,5180.0
2024-01-08,17,KMCHI_1CT201,185.0,0.0,True,5180.0
2024-01-08,17,KMCHI_1ST,99.0,231.0,True,2772.0
2024-01-08,17,KMCHI_2CT101,55.5,129.5,True,1554.0
2024-01-08,17,KMCHI_2CT201,185.0,0.0,True,5180.0
2024-01-08,17,KMCHI_2ST,330.0,0.0,True,9240.0
2024-01-08,17,A4_DGR1,0.0,0.0,False,0.0
2024-01-08,17,A4_DGR2,0.0,0.0,False,0.0
2024-01-08,17,K2_DGR1,0.0,0.0,False,0.0
2024-01-08,17,K2_DGR2,0.0,0.0,False,0.0
2024-01-08,17,P2_DGR1,0.0,0.0,False,0.0
2024-01-08,17,P2_DGR2,0.0,0.0,False,0.0
2024-01-08,17,Q1_DGR1,0.0,0.0,False,0.0
2024-01-08,17,BRAUNIG_VHB3,0.0,0.0,False,0.0
2024-01-08,17,V2_DGR1,0.0,0.0,False,0.0
2024-01-08,17,V2_DGR2,0.0,0.0,False,0.0
2024-01-08,17,V2_DGR3,0.0,0.0,False,0.0
2024-01-08,17,V4_DGR1,0.0,0.0,False,0.0
2024-01-08,17,X1_DGR1,0.0,0.0,False,0.0
2024-01-08,17,Z0_DGR1,0.0,0.0,False,0.0
2024-01-08,17,Z0_DGR2,0.0,0.0,False,0.0
2024-01-08,17,Z5_DGR1,0.0,0.0,False,0.0
2024-01-08,17,DC_E,0.0,0.0,False,0.0
2024-01-08,17,DC_N,0.0,0.0,False,0.0
2024-01-08,17,DC_L,0.0,0.0,False,0.0
2024-01-08,17,DC_R,0.0,0.0,False,0.0
2024-01-08,17,CEDARVALE_GAS,0.0,0.0,False,0.0
2024-01-08,17,ENCHANTED_ROCK_NEWPP,0.0,0.0,False,0.0
2024-01-08,18,CPSES_UNIT1,1269.0,0.0,True,10152.0
2024-01-08,18,CPSES_UNIT2,1269.0,0.0,True,10152.0
2024-01-08,18,STP_STP_G1,1228.5,136.5,True,9828.0
2024-01-08,18,STP_STP_G2,1228.5,136.5,True,9828.0
2024-01-08,18,COLETO_COLETOG1,0.0,0.0,False,0.0
2024-01-08,18,FPPYD1_FPP_G1,0.0,0.0,False,0.0
2024-01-08,18,FPPYD1_FPP_G2,0.0,0.0,False,0.0
2024-01-08,18,FPPYD2_FPP_G3,0.0,0.0,False,0.0
2024-01-08,18,CALAVERS_JKS1,0.0,0.0,False,0.0
2024-01-08,18,CALAVERS_JKS2,0.0,0.0,False,0.0
2024-01-08,18,LEG_LEG_G1,893.0,0.0,True,22325.0
2024-01-08,18,LEG_LEG_G2,956.8,0.0,True,23920.0
2024-01-08,18,MLSES_UNIT1,357.3399219348759,535.660078065124,True,8933.498
2024-01-08,18,MLSES_UNIT2,893.0,0.0,True,22325.0
2024-01-08,18,MLSES_UNIT3,893.0,0.0,True,22325.0
2024-01-08,18,OGSES_UNIT1A,0.0,0.0,False,0.0
2024-01-08,18,OGSES_UNIT2,0.0,0.0,False,0.0
2024-01-08,18,SANMIGL_G1,0.0,0.0,False,0.0
2024-01-08,18,SCES_UNIT1,0.0,0.0,False,0.0
2024-01-08,18,TNP_ONE_TNP_O_1,0.0,0.0,False,0.0
2024-01-08,18,TNP_ONE_TNP_O_2,0.0,0.0,False,0.0
2024-01-08,18,WAP_WAP_G5,293.64,440.46000000000004,True,7341.0
2024-01-08,18,WAP_WAP_G6,293.64,440.46000000000004,True,7341.0
2024-01-08,18,WAP_WAP_G7,245.84,368.76,True,6146.0
2024-01-08,18,WAP_WAP_G8,261.6,392.4,True,6540.0
2024-01-08,18,BRAUNIG_AVR1_CT1,0.0,0.0,False,0.0
2024-01-08,18,BRAUNIG_AVR1_CT2,0.0,0.0,False,0.0
2024-01-08,18,BRAUNIG_AVR1_ST,0.0,0.0,False,0.0
2024-01-08,18,ATKINS_ATKINSG7,0.0,0.0,False,0.0
2024-01-08,18,B_DAVIS_B_DAVIG3,0.0,0.0,False,0.0
2024-01-08,18,B_DAVIS_B_DAVIG4,0.0,0.0,False,0.0
2024-01-08,18,B_DAVIS_B_DAVIG1,0.0,0.0,False,0.0
2024-01-08,18,B_DAVIS_B_DAVIG2,0.0,0.0,False,0.0
2024-01-08,18,BASTEN_GTG1100,0.0,0.0,False,0.0
2024-01-08,18,BASTEN_GTG2100,0.0,0.0,False,0.0
2024-01-08,18,BASTEN_ST0100,0.0,0.0,False,0.0
2024-01-08,18,BCH_UNIT1,6.05,54.45,True,254.1
2024-01-08,18,BCH_UNIT2,0.0,0.0,False,0.0
2024-01-08,18,BCH_UNIT3,0.0,0.0,False,0.0
2024-01-08,18,BCH_UNIT4,6.05,54.45,True,254.1
2024-01-08,18,BCH_UNIT5,6.05,54.45,True,254.1
2024-01-08,18,BCH_UNIT6,6.05,54.45,True,254.1
2024-01-08,18,BCH_UNIT7,6.05,54.45,True,254.1
2024-01-08,18,BCH_UNIT8,6.05,54.45,True,254.1
2024-01-08,18,BOSQUESW_BSQSU_1,0.0,0.0,False,0.0
2024-01-08,18,BOSQUESW_BSQSU_2,0.0,0.0,False,0.0
2024-01-08,18,BOSQUESW_BSQSU_3,0.0,0.0,False,0.0
2024-01-08,18,BOSQUESW_BSQSU_4,0.0,0.0,False,0.0
2024-01-08,18,BOSQUESW_BSQSU_5,0.0,0.0,False,0.0
2024-01-08,18,BVE_UNIT1,0.0,0.0,False,0.0
2024-01-08,18,BVE_UNIT2,0.0,0.0,False,0.0
2024-01-08,18,BVE_UNIT3,0.0,0.0,False,0.0
2024-01-08,18,BTM_UNIT1,0.0,0.0,False,0.0
2024-01-08,18,BTM_UNIT2,0.0,0.0,False,0.0
2024-01-08,18,BTM_UNIT3,0.0,0.0,False,0.0
2024-01-08,18,BTM_UNIT4,0.0,0.0,False,0.0
2024-01-08,18,BTM_UNIT5,0.0,0.0,False,0.0
2024-01-08,18,BTM_UNIT6,0.0,0.0,False,0.0
2024-01-08,18,BTM_UNIT7,0.0,0.0,False,0.0
2024-01-08,18,BTM_UNIT8,0.0,0.0,False,0.0
2024-01-08,18,FLCNS_UNIT1,0.0,0.0,False,0.0
2024-01-08,18,FLCNS_UNIT2,0.0,0.0,False,0.0
2024-01-08,18,CALHOUN_UNIT1,0.0,0.0,False,0.0
2024-01-08,18,CALHOUN_UNIT2,0.0,0.0,False,0.0
2024-01-08,18,CHAMON_CTG_0101,0.0,0.0,False,0.0
2024-01-08,18,CHAMON_CTG_0301,0.0,0.0,False,0.0
2024-01-08,18,CBY4_CT41,205.0,0.0,True,5740.0
2024-01-08,18,CBY4_CT42,205.0,0.0,True,5740.0
2024-01-08,18,CBY4_ST04,205.0,0.0,True,5740.0
2024-01-08,18,CBY_CBY_G1,0.0,0.0,False,0.0
2024-01-08,18,CBY_CBY_G2,0.0,0.0,False,0.0
2024-01-08,18,CBEC_GT1,0.0,0.0,False,0.0
2024-01-08,18,CBEC_GT2,0.0,0.0,False,0.0
2024-01-08,18,CBEC_GT3,0.0,0.0,False,0.0
2024-01-08,18,CBEC_GT4,0.0,0.0,False,0.0
2024-01-08,18,CBEC_STG1,0.0,0.0,False,0.0
2024-01-08,18,CBEC_STG2,0.0,0.0,False,0.0
2024-01-08,18,CBECII_CT7,0.0,0.0,False,0.0
2024-01-08,18,CBECII_CT8,0.0,0.0,False,0.0
2024-01-08,18,CBECII_STG9,0.0,0.0,False,0.0
2024-01-08,18,CBEC_GT11,0.0,0.0,False,0.0
2024-01-08,18,CBEC_GT12,0.0,0.0,False,0.0
2024-01-08,18,CVC_CVC_G1,57.63,134.47,True,1613.64
2024-01-08,18,CVC_CVC_G2,192.1,0.0,True,5378.8
2024-01-08,18,CVC_CVC_G3,192.1,0.0,True,5378.8
2024-01-08,18,CVC_CVC_G5,91.97505862095852,58.02494137904148,True,2575.3016
2024-01-08,18,DANSBY_DANSBYG2,0.0,0.0,False,0.0
2024-01-08,18,DANSBY_DANSBYG3,0.0,0.0,False,0.0
2024-01-08,18,DANSBY_DANSBYG1,0.0,0.0,False,0.0
2024-01-08,18,DECKER_DPGT_1,0.0,0.0,False,0.0
2024-01-08,18,DECKER_DPGT_2,0.0,0.0,False,0.0
2024-01-08,18,DECKER_DPGT_3,0.0,0.0,False,0.0
2024-01-08,18,DECKER_DPGT_4,0.0,0.0,False,0.0
2024-01-08,18,DCSES_CT10,0.0,0.0,False,0.0
2024-01-08,18,DCSES_CT20,0.0,0.0,False,0.0
2024-01-08,18,DCSES_CT30,0.0,0.0,False,0.0
2024-01-08,18,DCSES_CT40,0.0,0.0,False,0.0
2024-01-08,18,DDPEC_GT1,60.9,142.1,True,1705.2
2024-01-08,18,DDPEC_GT2,64.5,150.5,True,1806.0
2024-01-08,18,DDPEC_GT3,60.9,142.1,True,1705.2
2024-01-08,18,DDPEC_GT4,64.5,150.5,True,1806.0
2024-01-08,18,DDPEC_GT6,59.7,139.3,True,1671.6
2024-01-08,18,DDPEC_ST1,87.0,203.0,True,2436.0
2024-01-08,18,DEC_AGR_A,0.0,0.0,False,0.0
2024-01-08,18,DEC_AGR_B,0.0,0.0,False,0.0
2024-01-08,18,DEC_AGR_C,0.0,0.0,False,0.0
2024-01-08,18,DEC_AGR_D,0.0,0.0,False,0.0
2024-01-08,18,ECEC_G1,0.0,0.0,False,0.0
2024-01-08,18,ECEC_G2,0.0,0.0,False,0.0
2024-01-08,18,ETCCS_CT1,0.0,0.0,False,0.0
2024-01-08,18,ETCCS_UNIT1,0.0,0.0,False,0.0
2024-01-08,18,AZ_AZ_G1,0.0,0.0,False,0.0
2024-01-08,18,AZ_AZ_G2,0.0,0.0,False,0.0
2024-01-08,18,AZ_AZ_G3,0.0,0.0,False,0.0
2024-01-08,18,AZ_AZ_G4,0.0,0.0,False,0.0
2024-01-08,18,FERGCC_FERGGT1,0.0,0.0,False,0.0
2024-01-08,18,FERGCC_FERGGT2,0.0,0.0,False,0.0
2024-01-08,18,FERGCC_FERGST1,0.0,0.0,False,0.0
2024-01-08,18,FRNYPP_GT11,196.7,0.0,True,5507.6
2024-01-08,18,FRNYPP_GT12,196.7,0.0,True,5507.6
2024-01-08,18,FRNYPP_GT13,196.7,0.0,True,5507.6
2024-01-08,18,FRNYPP_GT21,196.7,0.0,True,5507.6
2024-01-08,18,FRNYPP_GT22,196.7,0.0,True,5507.6
2024-01-08,18,FRNYPP_GT23,196.7,0.0,True,5507.6
2024-01-08,18,FRNYPP_ST10,422.0,0.0,True,11816.0
2024-01-08,18,FRNYPP_ST20,422.0,0.0,True,11816.0
2024-01-08,18,FREC_GT1,0.0,0.0,False,0.0
2024-01-08,18,FREC_GT2,0.0,0.0,False,0.0
2024-01-08,18,FREC_GT4,0.0,0.0,False,0.0
2024-01-08,18,FREC_GT5,0.0,0.0,False,0.0
2024-01-08,18,FREC_ST3,0.0,0.0,False,0.0
2024-01-08,18,FREC_ST6,0.0,0.0,False,0.0
2024-01-08,18,FEGC_UNIT1,0.0,0.0,False,0.0
2024-01-08,18,FRONT_EC_CT1,0.0,0.0,False,0.0
2024-01-08,18,FRONT_EC_CT2,0.0,0.0,False,0.0
2024-01-08,18,FRONT_EC_ST,0.0,0.0,False,0.0
2024-01-08,18,GRSES_UNIT1,0.0,0.0,False,0.0
2024-01-08,18,GRSES_UNIT2,0.0,0.0,False,0.0
2024-01-08,18,GBY_GBYGT73,0.0,0.0,False,0.0
2024-01-08,18,GBY_GBYGT74,0.0,0.0,False,0.0
2024-01-08,18,GBY_GBYGT81,0.0,0.0,False,0.0
2024-01-08,18,GBY_GBYGT82,0.0,0.0,False,0.0
2024-01-08,18,GBY_GBYGT83,0.0,0.0,False,0.0
2024-01-08,18,GBY_GBYGT84,0.0,0.0,False,0.0
2024-01-08,18,STEAM_ENGINE_1,0.0,0.0,False,0.0
2024-01-08,18,STEAM_ENGINE_2,0.0,0.0,False,0.0
2024-01-08,18,STEAM_ENGINE_3,0.0,0.0,False,0.0
2024-01-08,18,LGE_LGE_GT1,0.0,0.0,False,0.0
2024-01-08,18,LGE_LGE_GT2,0.0,0.0,False,0.0
2024-01-08,18,LGE_LGE_STG,0.0,0.0,False,0.0
2024-01-08,18,GUADG_GAS1,0.0,0.0,False,0.0
2024-01-08,18,GUADG_GAS2,0.0,0.0,False,0.0
2024-01-08,18,GUADG_GAS3,0.0,0.0,False,0.0
2024-01-08,18,GUADG_GAS4,0.0,0.0,False,0.0
2024-01-08,18,GUADG_STM5,0.0,0.0,False,0.0
2024-01-08,18,GUADG_STM6,0.0,0.0,False,0.0
2024-01-08,18,HLSES_UNIT3,0.0,0.0,False,0.0
2024-01-08,18,HLSES_UNIT4,0.0,0.0,False,0.0
2024-01-08,18,HLSES_UNIT5,0.0,0.0,False,0.0
2024-01-08,18,HAYSEN_HAYSENG1,0.0,0.0,False,0.0
2024-01-08,18,HAYSEN_HAYSENG2,0.0,0.0,False,0.0
2024-01-08,18,HAYSEN_HAYSENG3,0.0,0.0,False,0.0
2024-01-08,18,HAYSEN_HAYSENG4,0.0,0.0,False,0.0
2024-01-08,18,DUKE_DUKE_GT1,0.0,0.0,False,0.0
2024-01-08,18,DUKE_DUKE_GT2,0.0,0.0,False,0.0
2024-01-08,18,DUKE_DUKE_ST1,0.0,0.0,False,0.0
2024-01-08,18,JACKCNTY_CT1,59.67,139.23,True,1670.76
2024-01-08,18,JACKCNTY_CT2,102.46487775787271,96.43512224212728,True,2869.0166
2024-01-08,18,JCKCNTY2_CT3,198.90000000000003,-2.842170943040401e-14,True,5569.2
2024-01-08,18,JCKCNTY2_CT4,59.67,139.23,True,1670.76
2024-01-08,18,JACKCNTY_STG,96.18,224.42000000000002,True,2693.04
2024-01-08,18,JCKCNTY2_ST2,96.18,224.42000000000002,True,2693.04
2024-01-08,18,TEN_CT1,0.0,0.0,False,0.0
2024-01-08,18,TEN_STG,0.0,0.0,False,0.0
2024-01-08,18,LHSES_UNIT1,0.0,0.0,False,0.0
2024-01-08,18,LHSES_UNIT2A,0.0,0.0,False,0.0
2024-01-08,18,LPCCS_CT11,138.21006993417063,47.78993006582937,True,3869.882
2024-01-08,18,LPCCS_CT12,186.0,0.0,True,5208.0
2024-01-08,18,LPCCS_CT21,55.8,130.2,True,1562.4
2024-01-08,18,LPCCS_CT22,55.8,130.2,True,1562.4
2024-01-08,18,LPCCS_UNIT1,64.8,151.2,True,1814.4
2024-01-08,18,LPCCS_UNIT2,64.8,151.2,True,1814.4
2024-01-08,18,LARDVFTN_G4,0.0,0.0,False,0.0
2024-01-08,18,LARDVFTN_G5,0.0,0.0,False,0.0
2024-01-08,18,LEON_CRK_LCPCT1,0.0,0.0,False,0.0
2024-01-08,18,LEON_CRK_LCPCT2,0.0,0.0,False,0.0
2024-01-08,18,LEON_CRK_LCPCT3,0.0,0.0,False,0.0
2024-01-08,18,LEON_CRK_LCPCT4,0.0,0.0,False,0.0
2024-01-08,18,LIG_UNIT1,0.0,0.0,False,0.0
2024-01-08,18,LIG_UNIT2,0.0,0.0,False,0.0
2024-01-08,18,LOSTPI_LOSTPGT1,0.0,0.0,False,0.0
2024-01-08,18,LOSTPI_LOSTPGT2,0.0,0.0,False,0.0
2024-01-08,18,LOSTPI_LOSTPST1,0.0,0.0,False,0.0
2024-01-08,18,NEDIN_NEDIN_G1,0.0,0.0,False,0.0
2024-01-08,18,NEDIN_NEDIN_G2,0.0,0.0,False,0.0
2024-01-08,18,NEDIN_NEDIN_G3,0.0,0.0,False,0.0
2024-01-08,18,MDANP_CT1,0.0,0.0,False,0.0
2024-01-08,18,MDANP_CT2,0.0,0.0,False,0.0
2024-01-08,18,MDANP_CT3,0.0,0.0,False,0.0
2024-01-08,18,MDANP_CT4,0.0,0.0,False,0.0
2024-01-08,18,MDANP_CT5,0.0,0.0,False,0.0
2024-01-08,18,MDANP_CT6,0.0,0.0,False,0.0
2024-01-08,18,MGSES_CT1,0.0,0.0,False,0.0
2024-01-08,18,MGSES_CT2,0.0,0.0,False,0.0
2024-01-08,18,MGSES_CT3,0.0,0.0,False,0.0
2024-01-08,18,MGSES_CT4,0.0,0.0,False,0.0
2024-01-08,18,MGSES_CT5,0.0,0.0,False,0.0
2024-01-08,18,MGSES_CT6,0.0,0.0,False,0.0
2024-01-08,18,MCSES_UNIT6,0.0,0.0,False,0.0
2024-01-08,18,MCSES_UNIT7,0.0,0.0,False,0.0
2024-01-08,18,MCSES_UNIT8,0.0,0.0,False,0.0
2024-01-08,18,NUECES_B_NUECESG8,0.0,0.0,False,0.0
2024-01-08,18,NUECES_B_NUECESG9,0.0,0.0,False,0.0
2024-01-08,18,NUECES_B_NUECESG7,0.0,0.0,False,0.0
2024-01-08,18,CALAVERS_OWS1,0.0,0.0,False,0.0
2024-01-08,18,CALAVERS_OWS2,0.0,0.0,False,0.0
2024-01-08,18,OECCS_CT11,0.0,0.0,False,0.0
2024-01-08,18,OECCS_CT12,0.0,0.0,False,0.0
2024-01-08,18,OECCS_CT21,0.0,0.0,False,0.0
2024-01-08,18,OECCS_CT22,0.0,0.0,False,0.0
2024-01-08,18,OECCS_UNIT1,0.0,0.0,False,0.0
2024-01-08,18,OECCS_UNIT2,0.0,0.0,False,0.0
2024-01-08,18,VICTPRT2_UNIT1,0.0,0.0,False,0.0
2024-01-08,18,VICTPRT2_UNIT2,0.0,0.0,False,0.0
2024-01-08,18,PANDA_S_SHER1CT1,232.0,0.0,True,6496.0
2024-01-08,18,PANDA_S_SHER1CT2,232.0,0.0,True,6496.0
2024-01-08,18,PANDA_S_SHER1ST1,353.1,0.0,True,9886.8
2024-01-08,18,PANDA_T1_TMPL1CT1,0.0,0.0,False,0.0
2024-01-08,18,PANDA_T1_TMPL1CT2,0.0,0.0,False,0.0
2024-01-08,18,PANDA_T1_TMPL1ST1,0.0,0.0,False,0.0
2024-01-08,18,PANDA_T2_TMPL2CT1,0.0,0.0,False,0.0
2024-01-08,18,PANDA_T2_TMPL2CT2,0.0,0.0,False,0.0
2024-01-08,18,PANDA_T2_TMPL2ST1,0.0,0.0,False,0.0
2024-01-08,18,TNSKA_GT1,90.9,0.0,True,2545.2
2024-01-08,18,TNSKA_GT2,90.9,0.0,True,2545.2
2024-01-08,18,TNSKA_STG,90.0,0.0,True,2520.0
2024-01-08,18,PSG_PSG_GT2,133.43305299683425,81.66694700316575,True,3736.1255
2024-01-08,18,PSG_PSG_GT3,215.1,0.0,True,6022.8
2024-01-08,18,PSG_PSG_ST2,195.5,0.0,True,5474.0
2024-01-08,18,PEARSAL2_AGR_A,0.0,0.0,False,0.0
2024-01-08,18,PEARSAL2_AGR_B,0.0,0.0,False,0.0
2024-01-08,18,PEARSAL2_AGR_C,0.0,0.0,False,0.0
2024-01-08,18,PEARSAL2_AGR_D,0.0,0.0,False,0.0
2024-01-08,18,PB2SES_CT1,0.0,0.0,False,0.0
2024-01-08,18,PB2SES_CT2,0.0,0.0,False,0.0
2024-01-08,18,PB2SES_CT3,0.0,0.0,False,0.0
2024-01-08,18,PB2SES_CT4,0.0,0.0,False,0.0
2024-01-08,18,PB2SES_CT5,0.0,0.0,False,0.0
2024-01-08,18,PRO_UNIT1,0.0,0.0,False,0.0
2024-01-08,18,PRO_UNIT2,0.0,0.0,False,0.0
2024-01-08,18,PRO_UNIT3,0.0,0.0,False,0.0
2024-01-08,18,PRO_UNIT4,0.0,0.0,False,0.0
2024-01-08,18,PRO_UNIT5,0.0,0.0,False,0.0
2024-01-08,18,PRO_UNIT6,0.0,0.0,False,0.0
2024-01-08,18,PRO_UNIT7,0.0,0.0,False,0.0
2024-01-08,18,PRO_UNIT8,0.0,0.0,False,0.0
2024-01-08,18,BAC_CTG1,0.0,0.0,False,0.0
2024-01-08,18,BAC_CTG2,0.0,0.0,False,0.0
2024-01-08,18,BAC_CTG3,0.0,0.0,False,0.0
2024-01-08,18,BAC_CTG4,0.0,0.0,False,0.0
2024-01-08,18,BAC_CTG5,0.0,0.0,False,0.0
2024-01-08,18,BAC_CTG6,0.0,0.0,False,0.0
2024-01-08,18,STEAM1A_STEAM_1,0.0,0.0,False,0.0
2024-01-08,18,STEAM_STEAM_2,0.0,0.0,False,0.0
2024-01-08,18,STEAM_STEAM_3,0.0,0.0,False,0.0
2024-01-08,18,QALSW_GT1,0.0,0.0,False,0.0
2024-01-08,18,QALSW_GT2,0.0,0.0,False,0.0
2024-01-08,18,QALSW_GT3,0.0,0.0,False,0.0
2024-01-08,18,QALSW_GT4,0.0,0.0,False,0.0
2024-01-08,18,QALSW_STG1,0.0,0.0,False,0.0
2024-01-08,18,QALSW_STG2,0.0,0.0,False,0.0
2024-01-08,18,MIL_MILLERG4,0.0,0.0,False,0.0
2024-01-08,18,MIL_MILLERG5,0.0,0.0,False,0.0
2024-01-08,18,MIL_MILLERG1,0.0,0.0,False,0.0
2024-01-08,18,MIL_MILLERG2,0.0,0.0,False,0.0
2024-01-08,18,MIL_MILLERG3,0.0,0.0,False,0.0
2024-01-08,18,OLINGR_OLING_4,0.0,0.0,False,0.0
2024-01-08,18,OLINGR_OLING_2,0.0,0.0,False,0.0
2024-01-08,18,OLINGR_OLING_3,0.0,0.0,False,0.0
2024-01-08,18,RAB_UNIT1,0.0,0.0,False,0.0
2024-01-08,18,RAB_UNIT2,0.0,0.0,False,0.0
2024-01-08,18,RAB_UNIT3,0.0,0.0,False,0.0
2024-01-08,18,RAB_UNIT4,0.0,0.0,False,0.0
2024-01-08,18,RAB_UNIT5,0.0,0.0,False,0.0
2024-01-08,18,RAB_UNIT6,0.0,0.0,False,0.0
2024-01-08,18,RAB_UNIT7,0.0,0.0,False,0.0
2024-01-08,18,RAB_UNIT8,0.0,0.0,False,0.0
2024-01-08,18,REDGATE_AGR_A,0.0,0.0,False,0.0
2024-01-08,18,REDGATE_AGR_B,0.0,0.0,False,0.0
2024-01-08,18,REDGATE_AGR_C,0.0,0.0,False,0.0
2024-01-08,18,REDGATE_AGR_D,0.0,0.0,False,0.0
2024-01-08,18,JAD_UNIT1,0.0,0.0,False,0.0
2024-01-08,18,JAD_UNIT2,0.0,0.0,False,0.0
2024-01-08,18,JAD_UNIT3,0.0,0.0,False,0.0
2024-01-08,18,JAD_UNIT4,0.0,0.0,False,0.0
2024-01-08,18,JAD_UNIT5,0.0,0.0,False,0.0
2024-01-08,18,JAD_UNIT6,0.0,0.0,False,0.0
2024-01-08,18,JAD_UNIT7,0.0,0.0,False,0.0
2024-01-08,18,JAD_UNIT8,0.0,0.0,False,0.0
2024-01-08,18,RIONOG_CT1,0.0,0.0,False,0.0
2024-01-08,18,RIONOG_CT2,0.0,0.0,False,0.0
2024-01-08,18,RIONOG_CT3,0.0,0.0,False,0.0
2024-01-08,18,RIONOG_ST1,0.0,0.0,False,0.0
2024-01-08,18,RAYBURN_RAYBURG7,44.534778697265345,15.965221302734655,True,1246.9738
2024-01-08,18,RAYBURN_RAYBURG8,18.15,42.35,True,508.2
2024-01-08,18,RAYBURN_RAYBURG9,18.15,42.35,True,508.2
2024-01-08,18,RAYBURN_RAYBURG10,12.6,29.4,True,352.8
2024-01-08,18,SJS_SJS_G1,0.0,0.0,False,0.0
2024-01-08,18,SJS_SJS_G2,0.0,0.0,False,0.0
2024-01-08,18,SANDHSYD_SH1,0.0,0.0,False,0.0
2024-01-08,18,SANDHSYD_SH2,0.0,0.0,False,0.0
2024-01-08,18,SANDHSYD_SH3,0.0,0.0,False,0.0
2024-01-08,18,SANDHSYD_SH4,0.0,0.0,False,0.0
2024-01-08,18,SANDHSYD_SH_5A,0.0,0.0,False,0.0
2024-01-08,18,SANDHSYD_SH6,0.0,0.0,False,0.0
2024-01-08,18,SANDHSYD_SH7,0.0,0.0,False,0.0
2024-01-08,18,SANDHSYD_SH_5C,0.0,0.0,False,0.0
2024-01-08,18,SILASRAY_SILAS_10,0.0,0.0,False,0.0
2024-01-08,18,SILASRAY_SILAS_9,0.0,0.0,False,0.0
2024-01-08,18,SILASRAY_SILAS_6,0.0,0.0,False,0.0
2024-01-08,18,GIDEON_GIDEONG1,0.0,0.0,False,0.0
2024-01-08,18,GIDEON_GIDEONG2,0.0,0.0,False,0.0
2024-01-08,18,GIDEON_GIDEONG3,0.0,0.0,False,0.0
2024-01-08,18,SKY1_SKY1A,0.0,0.0,False,0.0
2024-01-08,18,SKY1_SKY1B,0.0,0.0,False,0.0
2024-01-08,18,SPNCER_SPNCE_4,0.0,0.0,False,0.0
2024-01-08,18,SPNCER_SPNCE_5,0.0,0.0,False,0.0
2024-01-08,18,SCSES_UNIT1A,0.0,0.0,False,0.0
2024-01-08,18,SCSES_UNIT2,0.0,0.0,False,0.0
2024-01-08,18,THW_THWGT_1,0.0,0.0,False,0.0
2024-01-08,18,THW_THWGT31,15.39,35.91,True,430.92
2024-01-08,18,THW_THWGT32,15.39,35.91,True,430.92
2024-01-08,18,THW_THWGT33,15.39,35.91,True,430.92
2024-01-08,18,THW_THWGT34,15.39,35.91,True,430.92
2024-01-08,18,THW_THWGT41,15.39,35.91,True,430.92
2024-01-08,18,THW_THWGT42,15.39,35.91,True,430.92
2024-01-08,18,THW_THWGT43,18.6,43.4,True,520.8
2024-01-08,18,THW_THWGT44,18.6,43.4,True,520.8
2024-01-08,18,THW_THWGT51,0.0,0.0,False,0.0
2024-01-08,18,THW_THWGT52,0.0,0.0,False,0.0
2024-01-08,18,THW_THWGT53,0.0,0.0,False,0.0
2024-01-08,18,THW_THWGT54,0.0,0.0,False,0.0
2024-01-08,18,THW_THWGT55,0.0,0.0,False,0.0
2024-01-08,18,THW_THWGT56,0.0,0.0,False,0.0
2024-01-08,18,THW_THWST_3,33.93,79.16999999999999,True,950.04
2024-01-08,18,THW_THWST_4,33.93,79.16999999999999,True,950.04
2024-01-08,18,TXCTY_CTA,129.1,0.0,True,3614.8
2024-01-08,18,TXCTY_CTB,129.1,0.0,True,3614.8
2024-01-08,18,TXCTY_CTC,129.1,0.0,True,3614.8
2024-01-08,18,TXCTY_ST,143.7,0.0,True,4023.6
2024-01-08,18,TGS_GT01,0.0,0.0,False,0.0
2024-01-08,18,TIMPP_AGR1,0.0,0.0,False,0.0
2024-01-08,18,TIMPP_AGR2,0.0,0.0,False,0.0
2024-01-08,18,TIMPP_AGR3,0.0,0.0,False,0.0
2024-01-08,18,TIMPP_AGR4,0.0,0.0,False,0.0
2024-01-08,18,TRSES_UNIT6,0.0,0.0,False,0.0
2024-01-08,18,TOPAZ_UNIT1,0.0,0.0,False,0.0
2024-01-08,18,TOPAZ_UNIT2,0.0,0.0,False,0.0
2024-01-08,18,TOPAZ_UNIT3,0.0,0.0,False,0.0
2024-01-08,18,TOPAZ_UNIT4,0.0,0.0,False,0.0
2024-01-08,18,TOPAZ_UNIT5,0.0,0.0,False,0.0
2024-01-08,18,TOPAZ_UNIT6,0.0,0.0,False,0.0
2024-01-08,18,TOPAZ_UNIT7,0.0,0.0,False,0.0
2024-01-08,18,TOPAZ_UNIT8,0.0,0.0,False,0.0
2024-01-08,18,TOPAZ_UNIT9,0.0,0.0,False,0.0
2024-01-08,18,TOPAZ_UNIT10,0.0,0.0,False,0.0
2024-01-08,18,BRAUNIG_VHB6CT5,0.0,0.0,False,0.0
2024-01-08,18,BRAUNIG_VHB6CT6,0.0,0.0,False,0.0
2024-01-08,18,BRAUNIG_VHB6CT7,0.0,0.0,False,0.0
2024-01-08,18,BRAUNIG_VHB6CT8,0.0,0.0,False,0.0
2024-01-08,18,CITYVICT_CTG01,0.0,0.0,False,0.0
2024-01-08,18,CITYVICT_CTG02,0.0,0.0,False,0.0
2024-01-08,18,VICTPORT_CTG01,0.0,0.0,False,0.0
2024-01-08,18,VICTPORT_CTG02,0.0,0.0,False,0.0
2024-01-08,18,VICTORIA_VICTORG6,0.0,0.0,False,0.0
2024-01-08,18,VICTORIA_VICTORG5,0.0,0.0,False,0.0
2024-01-08,18,WAP_WAPGT_1,0.0,0.0,False,0.0
2024-01-08,18,WAP_WAP_G1,0.0,0.0,False,0.0
2024-01-08,18,WAP_WAP_G2,0.0,0.0,False,0.0
2024-01-08,18,WAP_WAP_G3,0.0,0.0,False,0.0
2024-01-08,18,WAP_WAP_G4,0.0,0.0,False,0.0
2024-01-08,18,WFCOGEN_UNIT1,0.0,0.0,False,0.0
2024-01-08,18,WFCOGEN_UNIT2,0.0,0.0,False,0.0
2024-01-08,18,WFCOGEN_UNIT3,0.0,0.0,False,0.0
2024-01-08,18,WIPOPA_WPP_G1,0.0,0.0,False,0.0
2024-01-08,18,WIPOPA_WPP_G2,0.0,0.0,False,0.0
2024-01-08,18,WIPOPA_WPP_G3,0.0,0.0,False,0.0
2024-01-08,18,WIPOPA_WPP_G4,0.0,0.0,False,0.0
2024-01-08,18,WCPP_CT1,275.0,0.0,True,7700.0
2024-01-08,18,WCPP_CT2,275.0,0.0,True,7700.0
2024-01-08,18,WCPP_ST1,298.0,0.0,True,8344.0
2024-01-08,18,WHCCS_CT1,0.0,0.0,False,0.0
2024-01-08,18,WHCCS_CT2,0.0,0.0,False,0.0
2024-01-08,18,WHCCS_STG,0.0,0.0,False,0.0
2024-01-08,18,WHCCS2_CT4,0.0,0.0,False,0.0
2024-01-08,18,WHCCS2_CT5,0.0,0.0,False,0.0
2024-01-08,18,WHCCS2_STG6,0.0,0.0,False,0.0
2024-01-08,18,NACPW_UNIT1,0.0,0.0,False,0.0
2024-01-08,18,HBR_2UNITS,0.0,0.0,False,0.0
2024-01-08,18,TRIRA_1UNIT,0.0,0.0,False,0.0
2024-01-08,18,78252_4UNITS,0.0,0.0,False,0.0
2024-01-08,18,SPRIN_4UNITS,0.0,0.0,False,0.0
2024-01-08,18,FREIH_2UNITS,0.0,0.0,False,0.0
2024-01-08,18,WSTHL_3UNITS,0.0,0.0,False,0.0
2024-01-08,18,FEGC_CTG2,0.0,0.0,False,0.0
2024-01-08,18,FEGC_CTG3,0.0,0.0,False,0.0
2024-01-08,18,FEGC_CTG4,0.0,0.0,False,0.0
2024-01-08,18,OLNEYTN_AGR1,0.0,0.0,False,0.0
2024-01-08,18,AMISTAD_AMISTAG1,3.79,34.11,True,3.79
2024-01-08,18,AMISTAD_AMISTAG2,3.79,34.11,True,3.79
2024-01-08,18,AUSTPL_AUSTING1,0.9,8.1,True,0.9
2024-01-08,18,AUSTPL_AUSTING2,0.9,8.1,True,0.9
2024-01-08,18,BUCHAN_BUCHANG1,1.83,16.470000000000002,True,1.83
2024-01-08,18,BUCHAN_BUCHANG2,1.83,16.470000000000002,True,1.83
2024-01-08,18,BUCHAN_BUCHANG3,1.83,16.470000000000002,True,1.83
2024-01-08,18,DNDAM_DENISOG1,50.8,0.0,True,50.8
2024-01-08,18,DNDAM_DENISOG2,50.8,0.0,True,50.8
2024-01-08,18,FALCON_FALCONG1,1.2,10.8,True,1.2
2024-01-08,18,FALCON_FALCONG2,1.2,10.8,True,1.2
2024-01-08,18,FALCON_FALCONG3,1.2,10.8,True,1.2
2024-01-08,18,WIRTZ_WIRTZ_G1,2.9,26.1,True,2.9
2024-01-08,18,WIRTZ_WIRTZ_G2,2.9,26.1,True,2.9
2024-01-08,18,CANYHY_CANYHYG1,0.6,5.4,True,0.6
2024-01-08,18,INKSDA_INKS_G1,1.5,13.5,True,1.5
2024-01-08,18,MARBFA_MARBFAG1,2.1,18.9,True,2.1
2024-01-08,18,MARBFA_MARBFAG2,2.0,18.0,True,2.0
2024-01-08,18,MARSFO_MARSFOG1,3.6,32.4,True,3.6
2024-01-08,18,MARSFO_MARSFOG2,3.6,32.4,True,3.6
2024-01-08,18,MARSFO_MARSFOG3,3.6,32.4,True,3.6
2024-01-08,18,WND_WHITNEY1,22.0,0.0,True,22.0
2024-01-08,18,WND_WHITNEY2,22.0,0.0,True,22.0
2024-01-08,18,AEEC_ANTLP_1,0.0,0.0,False,0.0
2024-01-08,18,AEEC_ANTLP_2,0.0,0.0,False,0.0
2024-01-08,18,AEEC_ANTLP_3,0.0,0.0,False,0.0
2024-01-08,18,AEEC_ELK_1,0.0,0.0,False,0.0
2024-01-08,18,AEEC_ELK_2,0.0,0.0,False,0.0
2024-01-08,18,AEEC_ELK_3,0.0,0.0,False,0.0
2024-01-08,18,FTR_FTR_G1,0.0,0.0,False,0.0
2024-01-08,18,FTR_FTR_G2,0.0,0.0,False,0.0
2024-01-08,18,FTR_FTR_G3,0.0,0.0,False,0.0
2024-01-08,18,FTR_FTR_G4,0.0,0.0,False,0.0
2024-01-08,18,TGCCS_CT1,0.0,0.0,False,0.0
2024-01-08,18,TGCCS_CT2,0.0,0.0,False,0.0
2024-01-08,18,TGCCS_CT3,0.0,0.0,False,0.0
2024-01-08,18,TGCCS_UNIT4,120.0,0.0,True,3360.0
2024-01-08,18,KMCHI_1CT101,185.0,0.0,True,5180.0
2024-01-08,18,KMCHI_1CT201,185.0,0.0,True,5180.0
2024-01-08,18,KMCHI_1ST,330.0,0.0,True,9240.0
2024-01-08,18,KMCHI_2CT101,55.5,129.5,True,1554.0
2024-01-08,18,KMCHI_2CT201,55.5,129.5,True,1554.0
2024-01-08,18,KMCHI_2ST,330.0,0.0,True,9240.0
2024-01-08,18,A4_DGR1,0.0,0.0,False,0.0
2024-01-08,18,A4_DGR2,0.0,0.0,False,0.0
2024-01-08,18,K2_DGR1,0.0,0.0,False,0.0
2024-01-08,18,K2_DGR2,0.0,0.0,False,0.0
2024-01-08,18,P2_DGR1,0.0,0.0,False,0.0
2024-01-08,18,P2_DGR2,0.0,0.0,False,0.0
2024-01-08,18,Q1_DGR1,0.0,0.0,False,0.0
2024-01-08,18,BRAUNIG_VHB3,0.0,0.0,False,0.0
2024-01-08,18,V2_DGR1,0.0,0.0,False,0.0
2024-01-08,18,V2_DGR2,0.0,0.0,False,0.0
2024-01-08,18,V2_DGR3,0.0,0.0,False,0.0
2024-01-08,18,V4_DGR1,0.0,0.0,False,0.0
2024-01-08,18,X1_DGR1,0.0,0.0,False,0.0
2024-01-08,18,Z0_DGR1,0.0,0.0,False,0.0
2024-01-08,18,Z0_DGR2,0.0,0.0,False,0.0
2024-01-08,18,Z5_DGR1,0.0,0.0,False,0.0
2024-01-08,18,DC_E,0.0,0.0,False,0.0
2024-01-08,18,DC_N,0.0,0.0,False,0.0
2024-01-08,18,DC_L,0.0,0.0,False,0.0
2024-01-08,18,DC_R,0.0,0.0,False,0.0
2024-01-08,18,CEDARVALE_GAS,0.0,0.0,False,0.0
2024-01-08,18,ENCHANTED_ROCK_NEWPP,0.0,0.0,False,0.0
2024-01-08,19,CPSES_UNIT1,1269.0,0.0,True,10152.0
2024-01-08,19,CPSES_UNIT2,1269.0,0.0,True,10152.0
2024-01-08,19,STP_STP_G1,1228.5,136.5,True,9828.0
2024-01-08,19,STP_STP_G2,1228.5,136.5,True,9828.0
2024-01-08,19,COLETO_COLETOG1,0.0,0.0,False,0.0
2024-01-08,19,FPPYD1_FPP_G1,0.0,0.0,False,0.0
2024-01-08,19,FPPYD1_FPP_G2,0.0,0.0,False,0.0
2024-01-08,19,FPPYD2_FPP_G3,0.0,0.0,False,0.0
2024-01-08,19,CALAVERS_JKS1,0.0,0.0,False,0.0
2024-01-08,19,CALAVERS_JKS2,0.0,0.0,False,0.0
2024-01-08,19,LEG_LEG_G1,893.0,0.0,True,22325.0
2024-01-08,19,LEG_LEG_G2,956.8,0.0,True,23920.0
2024-01-08,19,MLSES_UNIT1,688.7532029076631,204.24679709233692,True,17218.8301
2024-01-08,19,MLSES_UNIT2,357.2,535.8,True,8930.0
2024-01-08,19,MLSES_UNIT3,893.0,0.0,True,22325.0
2024-01-08,19,OGSES_UNIT1A,0.0,0.0,False,0.0
2024-01-08,19,OGSES_UNIT2,0.0,0.0,False,0.0
2024-01-08,19,SANMIGL_G1,0.0,0.0,False,0.0
2024-01-08,19,SCES_UNIT1,0.0,0.0,False,0.0
2024-01-08,19,TNP_ONE_TNP_O_1,0.0,0.0,False,0.0
2024-01-08,19,TNP_ONE_TNP_O_2,0.0,0.0,False,0.0
2024-01-08,19,WAP_WAP_G5,293.64,440.46,True,7341.0
2024-01-08,19,WAP_WAP_G6,293.64,440.46,True,7341.0
2024-01-08,19,WAP_WAP_G7,245.84,368.76,True,6146.0
2024-01-08,19,WAP_WAP_G8,261.6,392.4,True,6540.0
2024-01-08,19,BRAUNIG_AVR1_CT1,0.0,0.0,False,0.0
2024-01-08,19,BRAUNIG_AVR1_CT2,0.0,0.0,False,0.0
2024-01-08,19,BRAUNIG_AVR1_ST,0.0,0.0,False,0.0
2024-01-08,19,ATKINS_ATKINSG7,0.0,0.0,False,0.0
2024-01-08,19,B_DAVIS_B_DAVIG3,0.0,0.0,False,0.0
2024-01-08,19,B_DAVIS_B_DAVIG4,0.0,0.0,False,0.0
2024-01-08,19,B_DAVIS_B_DAVIG1,0.0,0.0,False,0.0
2024-01-08,19,B_DAVIS_B_DAVIG2,0.0,0.0,False,0.0
2024-01-08,19,BASTEN_GTG1100,0.0,0.0,False,0.0
2024-01-08,19,BASTEN_GTG2100,0.0,0.0,False,0.0
2024-01-08,19,BASTEN_ST0100,0.0,0.0,False,0.0
2024-01-08,19,BCH_UNIT1,6.05,54.45,True,254.1
2024-01-08,19,BCH_UNIT2,0.0,0.0,False,0.0
2024-01-08,19,BCH_UNIT3,0.0,0.0,False,0.0
2024-01-08,19,BCH_UNIT4,6.05,54.45,True,254.1
2024-01-08,19,BCH_UNIT5,6.05,54.45,True,254.1
2024-01-08,19,BCH_UNIT6,6.05,54.45,True,254.1
2024-01-08,19,BCH_UNIT7,6.05,54.45,True,254.1
2024-01-08,19,BCH_UNIT8,6.05,54.45,True,254.1
2024-01-08,19,BOSQUESW_BSQSU_1,0.0,0.0,False,0.0
2024-01-08,19,BOSQUESW_BSQSU_2,0.0,0.0,False,0.0
2024-01-08,19,BOSQUESW_BSQSU_3,0.0,0.0,False,0.0
2024-01-08,19,BOSQUESW_BSQSU_4,0.0,0.0,False,0.0
2024-01-08,19,BOSQUESW_BSQSU_5,0.0,0.0,False,0.0
2024-01-08,19,BVE_UNIT1,0.0,0.0,False,0.0
2024-01-08,19,BVE_UNIT2,0.0,0.0,False,0.0
2024-01-08,19,BVE_UNIT3,0.0,0.0,False,0.0
2024-01-08,19,BTM_UNIT1,0.0,0.0,False,0.0
2024-01-08,19,BTM_UNIT2,0.0,0.0,False,0.0
2024-01-08,19,BTM_UNIT3,0.0,0.0,False,0.0
2024-01-08,19,BTM_UNIT4,0.0,0.0,False,0.0
2024-01-08,19,BTM_UNIT5,0.0,0.0,False,0.0
2024-01-08,19,BTM_UNIT6,0.0,0.0,False,0.0
2024-01-08,19,BTM_UNIT7,0.0,0.0,False,0.0
2024-01-08,19,BTM_UNIT8,0.0,0.0,False,0.0
2024-01-08,19,FLCNS_UNIT1,0.0,0.0,False,0.0
2024-01-08,19,FLCNS_UNIT2,0.0,0.0,False,0.0
2024-01-08,19,CALHOUN_UNIT1,0.0,0.0,False,0.0
2024-01-08,19,CALHOUN_UNIT2,0.0,0.0,False,0.0
2024-01-08,19,CHAMON_CTG_0101,0.0,0.0,False,0.0
2024-01-08,19,CHAMON_CTG_0301,0.0,0.0,False,0.0
2024-01-08,19,CBY4_CT41,205.0,0.0,True,5740.0
2024-01-08,19,CBY4_CT42,205.0,0.0,True,5740.0
2024-01-08,19,CBY4_ST04,205.0,0.0,True,5740.0
2024-01-08,19,CBY_CBY_G1,0.0,0.0,False,0.0
2024-01-08,19,CBY_CBY_G2,0.0,0.0,False,0.0
2024-01-08,19,CBEC_GT1,0.0,0.0,False,0.0
2024-01-08,19,CBEC_GT2,0.0,0.0,False,0.0
2024-01-08,19,CBEC_GT3,0.0,0.0,False,0.0
2024-01-08,19,CBEC_GT4,0.0,0.0,False,0.0
2024-01-08,19,CBEC_STG1,0.0,0.0,False,0.0
2024-01-08,19,CBEC_STG2,0.0,0.0,False,0.0
2024-01-08,19,CBECII_CT7,0.0,0.0,False,0.0
2024-01-08,19,CBECII_CT8,0.0,0.0,False,0.0
2024-01-08,19,CBECII_STG9,0.0,0.0,False,0.0
2024-01-08,19,CBEC_GT11,0.0,0.0,False,0.0
2024-01-08,19,CBEC_GT12,0.0,0.0,False,0.0
2024-01-08,19,CVC_CVC_G1,192.1,0.0,True,5378.8
2024-01-08,19,CVC_CVC_G2,192.1,0.0,True,5378.8
2024-01-08,19,CVC_CVC_G3,192.1,0.0,True,5378.8
2024-01-08,19,CVC_CVC_G5,124.49056372947729,25.509436270522713,True,3485.7358
2024-01-08,19,DANSBY_DANSBYG2,0.0,0.0,False,0.0
2024-01-08,19,DANSBY_DANSBYG3,0.0,0.0,False,0.0
2024-01-08,19,DANSBY_DANSBYG1,0.0,0.0,False,0.0
2024-01-08,19,DECKER_DPGT_1,0.0,0.0,False,0.0
2024-01-08,19,DECKER_DPGT_2,0.0,0.0,False,0.0
2024-01-08,19,DECKER_DPGT_3,0.0,0.0,False,0.0
2024-01-08,19,DECKER_DPGT_4,0.0,0.0,False,0.0
2024-01-08,19,DCSES_CT10,0.0,0.0,False,0.0
2024-01-08,19,DCSES_CT20,0.0,0.0,False,0.0
2024-01-08,19,DCSES_CT30,0.0,0.0,False,0.0
2024-01-08,19,DCSES_CT40,0.0,0.0,False,0.0
2024-01-08,19,DDPEC_GT1,60.9,142.1,True,1705.2
2024-01-08,19,DDPEC_GT2,64.5,150.5,True,1806.0
2024-01-08,19,DDPEC_GT3,60.9,142.1,True,1705.2
2024-01-08,19,DDPEC_GT4,64.5,150.5,True,1806.0
2024-01-08,19,DDPEC_GT6,59.7,139.3,True,1671.6
2024-01-08,19,DDPEC_ST1,87.0,203.0,True,2436.0
2024-01-08,19,DEC_AGR_A,0.0,0.0,False,0.0
2024-01-08,19,DEC_AGR_B,0.0,0.0,False,0.0
2024-01-08,19,DEC_AGR_C,0.0,0.0,False,0.0
2024-01-08,19,DEC_AGR_D,0.0,0.0,False,0.0
2024-01-08,19,ECEC_G1,0.0,0.0,False,0.0
2024-01-08,19,ECEC_G2,0.0,0.0,False,0.0
2024-01-08,19,ETCCS_CT1,0.0,0.0,False,0.0
2024-01-08,19,ETCCS_UNIT1,0.0,0.0,False,0.0
2024-01-08,19,AZ_AZ_G1,0.0,0.0,False,0.0
2024-01-08,19,AZ_AZ_G2,0.0,0.0,False,0.0
2024-01-08,19,AZ_AZ_G3,0.0,0.0,False,0.0
2024-01-08,19,AZ_AZ_G4,0.0,0.0,False,0.0
2024-01-08,19,FERGCC_FERGGT1,0.0,0.0,False,0.0
2024-01-08,19,FERGCC_FERGGT2,0.0,0.0,False,0.0
2024-01-08,19,FERGCC_FERGST1,0.0,0.0,False,0.0
2024-01-08,19,FRNYPP_GT11,196.7000000000006,-6.252776074688882e-13,True,5507.6
2024-01-08,19,FRNYPP_GT12,196.7,0.0,True,5507.6
2024-01-08,19,FRNYPP_GT13,196.7,0.0,True,5507.6
2024-01-08,19,FRNYPP_GT21,196.7,0.0,True,5507.6
2024-01-08,19,FRNYPP_GT22,196.70000000000005,-5.684341886080802e-14,True,5507.6
2024-01-08,19,FRNYPP_GT23,196.7,0.0,True,5507.6
2024-01-08,19,FRNYPP_ST10,422.0,0.0,True,11816.0
2024-01-08,19,FRNYPP_ST20,422.0,0.0,True,11816.0
2024-01-08,19,FREC_GT1,0.0,0.0,False,0.0
2024-01-08,19,FREC_GT2,0.0,0.0,False,0.0
2024-01-08,19,FREC_GT4,0.0,0.0,False,0.0
2024-01-08,19,FREC_GT5,0.0,0.0,False,0.0
2024-01-08,19,FREC_ST3,0.0,0.0,False,0.0
2024-01-08,19,FREC_ST6,0.0,0.0,False,0.0
2024-01-08,19,FEGC_UNIT1,0.0,0.0,False,0.0
2024-01-08,19,FRONT_EC_CT1,0.0,0.0,False,0.0
2024-01-08,19,FRONT_EC_CT2,0.0,0.0,False,0.0
2024-01-08,19,FRONT_EC_ST,0.0,0.0,False,0.0
2024-01-08,19,GRSES_UNIT1,0.0,0.0,False,0.0
2024-01-08,19,GRSES_UNIT2,0.0,0.0,False,0.0
2024-01-08,19,GBY_GBYGT73,0.0,0.0,False,0.0
2024-01-08,19,GBY_GBYGT74,0.0,0.0,False,0.0
2024-01-08,19,GBY_GBYGT81,0.0,0.0,False,0.0
2024-01-08,19,GBY_GBYGT82,0.0,0.0,False,0.0
2024-01-08,19,GBY_GBYGT83,0.0,0.0,False,0.0
2024-01-08,19,GBY_GBYGT84,0.0,0.0,False,0.0
2024-01-08,19,STEAM_ENGINE_1,0.0,0.0,False,0.0
2024-01-08,19,STEAM_ENGINE_2,0.0,0.0,False,0.0
2024-01-08,19,STEAM_ENGINE_3,0.0,0.0,False,0.0
2024-01-08,19,LGE_LGE_GT1,0.0,0.0,False,0.0
2024-01-08,19,LGE_LGE_GT2,0.0,0.0,False,0.0
2024-01-08,19,LGE_LGE_STG,0.0,0.0,False,0.0
2024-01-08,19,GUADG_GAS1,0.0,0.0,False,0.0
2024-01-08,19,GUADG_GAS2,0.0,0.0,False,0.0
2024-01-08,19,GUADG_GAS3,0.0,0.0,False,0.0
2024-01-08,19,GUADG_GAS4,0.0,0.0,False,0.0
2024-01-08,19,GUADG_STM5,0.0,0.0,False,0.0
2024-01-08,19,GUADG_STM6,0.0,0.0,False,0.0
2024-01-08,19,HLSES_UNIT3,0.0,0.0,False,0.0
2024-01-08,19,HLSES_UNIT4,0.0,0.0,False,0.0
2024-01-08,19,HLSES_UNIT5,0.0,0.0,False,0.0
2024-01-08,19,HAYSEN_HAYSENG1,0.0,0.0,False,0.0
2024-01-08,19,HAYSEN_HAYSENG2,0.0,0.0,False,0.0
2024-01-08,19,HAYSEN_HAYSENG3,0.0,0.0,False,0.0
2024-01-08,19,HAYSEN_HAYSENG4,0.0,0.0,False,0.0
2024-01-08,19,DUKE_DUKE_GT1,0.0,0.0,False,0.0
2024-01-08,19,DUKE_DUKE_GT2,0.0,0.0,False,0.0
2024-01-08,19,DUKE_DUKE_ST1,0.0,0.0,False,0.0
2024-01-08,19,JACKCNTY_CT1,59.67,139.23,True,1670.76
2024-01-08,19,JACKCNTY_CT2,166.17309698909366,32.72690301090634,True,4652.8467
2024-01-08,19,JCKCNTY2_CT3,198.90000000000003,-2.842170943040401e-14,True,5569.2
2024-01-08,19,JCKCNTY2_CT4,59.67,139.23,True,1670.76
2024-01-08,19,JACKCNTY_STG,96.18,224.42000000000002,True,2693.04
2024-01-08,19,JCKCNTY2_ST2,96.18,224.42000000000002,True,2693.04
2024-01-08,19,TEN_CT1,0.0,0.0,False,0.0
2024-01-08,19,TEN_STG,0.0,0.0,False,0.0
2024-01-08,19,LHSES_UNIT1,0.0,0.0,False,0.0
2024-01-08,19,LHSES_UNIT2A,0.0,0.0,False,0.0
2024-01-08,19,LPCCS_CT11,138.59004708838063,47.40995291161937,True,3880.5213
2024-01-08,19,LPCCS_CT12,186.0,0.0,True,5208.0
2024-01-08,19,LPCCS_CT21,55.8,130.2,True,1562.4
2024-01-08,19,LPCCS_CT22,55.8,130.2,True,1562.4
2024-01-08,19,LPCCS_UNIT1,64.8,151.2,True,1814.4
2024-01-08,19,LPCCS_UNIT2,64.8,151.2,True,1814.4
2024-01-08,19,LARDVFTN_G4,0.0,0.0,False,0.0
2024-01-08,19,LARDVFTN_G5,0.0,0.0,False,0.0
2024-01-08,19,LEON_CRK_LCPCT1,0.0,0.0,False,0.0
2024-01-08,19,LEON_CRK_LCPCT2,0.0,0.0,False,0.0
2024-01-08,19,LEON_CRK_LCPCT3,0.0,0.0,False,0.0
2024-01-08,19,LEON_CRK_LCPCT4,0.0,0.0,False,0.0
2024-01-08,19,LIG_UNIT1,0.0,0.0,False,0.0
2024-01-08,19,LIG_UNIT2,0.0,0.0,False,0.0
2024-01-08,19,LOSTPI_LOSTPGT1,0.0,0.0,False,0.0
2024-01-08,19,LOSTPI_LOSTPGT2,0.0,0.0,False,0.0
2024-01-08,19,LOSTPI_LOSTPST1,0.0,0.0,False,0.0
2024-01-08,19,NEDIN_NEDIN_G1,0.0,0.0,False,0.0
2024-01-08,19,NEDIN_NEDIN_G2,0.0,0.0,False,0.0
2024-01-08,19,NEDIN_NEDIN_G3,0.0,0.0,False,0.0
2024-01-08,19,MDANP_CT1,0.0,0.0,False,0.0
2024-01-08,19,MDANP_CT2,0.0,0.0,False,0.0
2024-01-08,19,MDANP_CT3,0.0,0.0,False,0.0
2024-01-08,19,MDANP_CT4,0.0,0.0,False,0.0
2024-01-08,19,MDANP_CT5,0.0,0.0,False,0.0
2024-01-08,19,MDANP_CT6,0.0,0.0,False,0.0
2024-01-08,19,MGSES_CT1,0.0,0.0,False,0.0
2024-01-08,19,MGSES_CT2,0.0,0.0,False,0.0
2024-01-08,19,MGSES_CT3,0.0,0.0,False,0.0
2024-01-08,19,MGSES_CT4,0.0,0.0,False,0.0
2024-01-08,19,MGSES_CT5,0.0,0.0,False,0.0
2024-01-08,19,MGSES_CT6,0.0,0.0,False,0.0
2024-01-08,19,MCSES_UNIT6,0.0,0.0,False,0.0
2024-01-08,19,MCSES_UNIT7,0.0,0.0,False,0.0
2024-01-08,19,MCSES_UNIT8,0.0,0.0,False,0.0
2024-01-08,19,NUECES_B_NUECESG8,0.0,0.0,False,0.0
2024-01-08,19,NUECES_B_NUECESG9,0.0,0.0,False,0.0
2024-01-08,19,NUECES_B_NUECESG7,0.0,0.0,False,0.0
2024-01-08,19,CALAVERS_OWS1,0.0,0.0,False,0.0
2024-01-08,19,CALAVERS_OWS2,0.0,0.0,False,0.0
2024-01-08,19,OECCS_CT11,0.0,0.0,False,0.0
2024-01-08,19,OECCS_CT12,0.0,0.0,False,0.0
2024-01-08,19,OECCS_CT21,0.0,0.0,False,0.0
2024-01-08,19,OECCS_CT22,0.0,0.0,False,0.0
2024-01-08,19,OECCS_UNIT1,0.0,0.0,False,0.0
2024-01-08,19,OECCS_UNIT2,0.0,0.0,False,0.0
2024-01-08,19,VICTPRT2_UNIT1,0.0,0.0,False,0.0
2024-01-08,19,VICTPRT2_UNIT2,0.0,0.0,False,0.0
2024-01-08,19,PANDA_S_SHER1CT1,232.0,0.0,True,6496.0
2024-01-08,19,PANDA_S_SHER1CT2,232.0,0.0,True,6496.0
2024-01-08,19,PANDA_S_SHER1ST1,353.1,0.0,True,9886.8
2024-01-08,19,PANDA_T1_TMPL1CT1,0.0,0.0,False,0.0
2024-01-08,19,PANDA_T1_TMPL1CT2,0.0,0.0,False,0.0
2024-01-08,19,PANDA_T1_TMPL1ST1,0.0,0.0,False,0.0
2024-01-08,19,PANDA_T2_TMPL2CT1,0.0,0.0,False,0.0
2024-01-08,19,PANDA_T2_TMPL2CT2,0.0,0.0,False,0.0
2024-01-08,19,PANDA_T2_TMPL2ST1,0.0,0.0,False,0.0
2024-01-08,19,TNSKA_GT1,90.9,0.0,True,2545.2
2024-01-08,19,TNSKA_GT2,90.9,0.0,True,2545.2
2024-01-08,19,TNSKA_STG,90.0,0.0,True,2520.0
2024-01-08,19,PSG_PSG_GT2,64.53,150.57,True,1806.84
2024-01-08,19,PSG_PSG_GT3,64.53,150.57,True,1806.84
2024-01-08,19,PSG_PSG_ST2,58.65,136.85,True,1642.2
2024-01-08,19,PEARSAL2_AGR_A,0.0,0.0,False,0.0
2024-01-08,19,PEARSAL2_AGR_B,0.0,0.0,False,0.0
2024-01-08,19,PEARSAL2_AGR_C,0.0,0.0,False,0.0
2024-01-08,19,PEARSAL2_AGR_D,0.0,0.0,False,0.0
2024-01-08,19,PB2SES_CT1,0.0,0.0,False,0.0
2024-01-08,19,PB2SES_CT2,0.0,0.0,False,0.0
2024-01-08,19,PB2SES_CT3,0.0,0.0,False,0.0
2024-01-08,19,PB2SES_CT4,0.0,0.0,False,0.0
2024-01-08,19,PB2SES_CT5,0.0,0.0,False,0.0
2024-01-08,19,PRO_UNIT1,0.0,0.0,False,0.0
2024-01-08,19,PRO_UNIT2,0.0,0.0,False,0.0
2024-01-08,19,PRO_UNIT3,0.0,0.0,False,0.0
2024-01-08,19,PRO_UNIT4,0.0,0.0,False,0.0
2024-01-08,19,PRO_UNIT5,0.0,0.0,False,0.0
2024-01-08,19,PRO_UNIT6,0.0,0.0,False,0.0
2024-01-08,19,PRO_UNIT7,0.0,0.0,False,0.0
2024-01-08,19,PRO_UNIT8,0.0,0.0,False,0.0
2024-01-08,19,BAC_CTG1,0.0,0.0,False,0.0
2024-01-08,19,BAC_CTG2,0.0,0.0,False,0.0
2024-01-08,19,BAC_CTG3,0.0,0.0,False,0.0
2024-01-08,19,BAC_CTG4,0.0,0.0,False,0.0
2024-01-08,19,BAC_CTG5,0.0,0.0,False,0.0
2024-01-08,19,BAC_CTG6,0.0,0.0,False,0.0
2024-01-08,19,STEAM1A_STEAM_1,0.0,0.0,False,0.0
2024-01-08,19,STEAM_STEAM_2,0.0,0.0,False,0.0
2024-01-08,19,STEAM_STEAM_3,0.0,0.0,False,0.0
2024-01-08,19,QALSW_GT1,0.0,0.0,False,0.0
2024-01-08,19,QALSW_GT2,0.0,0.0,False,0.0
2024-01-08,19,QALSW_GT3,0.0,0.0,False,0.0
2024-01-08,19,QALSW_GT4,0.0,0.0,False,0.0
2024-01-08,19,QALSW_STG1,0.0,0.0,False,0.0
2024-01-08,19,QALSW_STG2,0.0,0.0,False,0.0
2024-01-08,19,MIL_MILLERG4,0.0,0.0,False,0.0
2024-01-08,19,MIL_MILLERG5,0.0,0.0,False,0.0
2024-01-08,19,MIL_MILLERG1,0.0,0.0,False,0.0
2024-01-08,19,MIL_MILLERG2,0.0,0.0,False,0.0
2024-01-08,19,MIL_MILLERG3,0.0,0.0,False,0.0
2024-01-08,19,OLINGR_OLING_4,0.0,0.0,False,0.0
2024-01-08,19,OLINGR_OLING_2,0.0,0.0,False,0.0
2024-01-08,19,OLINGR_OLING_3,0.0,0.0,False,0.0
2024-01-08,19,RAB_UNIT1,0.0,0.0,False,0.0
2024-01-08,19,RAB_UNIT2,0.0,0.0,False,0.0
2024-01-08,19,RAB_UNIT3,0.0,0.0,False,0.0
2024-01-08,19,RAB_UNIT4,0.0,0.0,False,0.0
2024-01-08,19,RAB_UNIT5,0.0,0.0,False,0.0
2024-01-08,19,RAB_UNIT6,0.0,0.0,False,0.0
2024-01-08,19,RAB_UNIT7,0.0,0.0,False,0.0
2024-01-08,19,RAB_UNIT8,0.0,0.0,False,0.0
2024-01-08,19,REDGATE_AGR_A,0.0,0.0,False,0.0
2024-01-08,19,REDGATE_AGR_B,0.0,0.0,False,0.0
2024-01-08,19,REDGATE_AGR_C,0.0,0.0,False,0.0
2024-01-08,19,REDGATE_AGR_D,0.0,0.0,False,0.0
2024-01-08,19,JAD_UNIT1,0.0,0.0,False,0.0
2024-01-08,19,JAD_UNIT2,0.0,0.0,False,0.0
2024-01-08,19,JAD_UNIT3,0.0,0.0,False,0.0
2024-01-08,19,JAD_UNIT4,0.0,0.0,False,0.0
2024-01-08,19,JAD_UNIT5,0.0,0.0,False,0.0
2024-01-08,19,JAD_UNIT6,0.0,0.0,False,0.0
2024-01-08,19,JAD_UNIT7,0.0,0.0,False,0.0
2024-01-08,19,JAD_UNIT8,0.0,0.0,False,0.0
2024-01-08,19,RIONOG_CT1,0.0,0.0,False,0.0
2024-01-08,19,RIONOG_CT2,0.0,0.0,False,0.0
2024-01-08,19,RIONOG_CT3,0.0,0.0,False,0.0
2024-01-08,19,RIONOG_ST1,0.0,0.0,False,0.0
2024-01-08,19,RAYBURN_RAYBURG7,18.154719769280312,42.34528023071969,True,508.3322
2024-01-08,19,RAYBURN_RAYBURG8,60.5,0.0,True,1694.0
2024-01-08,19,RAYBURN_RAYBURG9,18.15,42.35,True,508.2
2024-01-08,19,RAYBURN_RAYBURG10,12.6,29.4,True,352.8
2024-01-08,19,SJS_SJS_G1,0.0,0.0,False,0.0
2024-01-08,19,SJS_SJS_G2,0.0,0.0,False,0.0
2024-01-08,19,SANDHSYD_SH1,0.0,0.0,False,0.0
2024-01-08,19,SANDHSYD_SH2,0.0,0.0,False,0.0
2024-01-08,19,SANDHSYD_SH3,0.0,0.0,False,0.0
2024-01-08,19,SANDHSYD_SH4,0.0,0.0,False,0.0
2024-01-08,19,SANDHSYD_SH_5A,0.0,0.0,False,0.0
2024-01-08,19,SANDHSYD_SH6,0.0,0.0,False,0.0
2024-01-08,19,SANDHSYD_SH7,0.0,0.0,False,0.0
2024-01-08,19,SANDHSYD_SH_5C,0.0,0.0,False,0.0
2024-01-08,19,SILASRAY_SILAS_10,0.0,0.0,False,0.0
2024-01-08,19,SILASRAY_SILAS_9,0.0,0.0,False,0.0
2024-01-08,19,SILASRAY_SILAS_6,0.0,0.0,False,0.0
2024-01-08,19,GIDEON_GIDEONG1,0.0,0.0,False,0.0
2024-01-08,19,GIDEON_GIDEONG2,0.0,0.0,False,0.0
2024-01-08,19,GIDEON_GIDEONG3,0.0,0.0,False,0.0
2024-01-08,19,SKY1_SKY1A,0.0,0.0,False,0.0
2024-01-08,19,SKY1_SKY1B,0.0,0.0,False,0.0
2024-01-08,19,SPNCER_SPNCE_4,0.0,0.0,False,0.0
2024-01-08,19,SPNCER_SPNCE_5,0.0,0.0,False,0.0
2024-01-08,19,SCSES_UNIT1A,0.0,0.0,False,0.0
2024-01-08,19,SCSES_UNIT2,0.0,0.0,False,0.0
2024-01-08,19,THW_THWGT_1,0.0,0.0,False,0.0
2024-01-08,19,THW_THWGT31,51.3,0.0,True,1436.4
2024-01-08,19,THW_THWGT32,51.3,0.0,True,1436.4
2024-01-08,19,THW_THWGT33,51.3,0.0,True,1436.4
2024-01-08,19,THW_THWGT34,15.39,35.91,True,430.92
2024-01-08,19,THW_THWGT41,51.3,0.0,True,1436.4
2024-01-08,19,THW_THWGT42,51.3,0.0,True,1436.4
2024-01-08,19,THW_THWGT43,62.0,0.0,True,1736.0
2024-01-08,19,THW_THWGT44,62.0,0.0,True,1736.0
2024-01-08,19,THW_THWGT51,0.0,0.0,False,0.0
2024-01-08,19,THW_THWGT52,0.0,0.0,False,0.0
2024-01-08,19,THW_THWGT53,0.0,0.0,False,0.0
2024-01-08,19,THW_THWGT54,0.0,0.0,False,0.0
2024-01-08,19,THW_THWGT55,0.0,0.0,False,0.0
2024-01-08,19,THW_THWGT56,0.0,0.0,False,0.0
2024-01-08,19,THW_THWST_3,113.1,0.0,True,3166.8
2024-01-08,19,THW_THWST_4,113.1,0.0,True,3166.8
2024-01-08,19,TXCTY_CTA,122.1971988591524,6.9028011408476,True,3421.5216
2024-01-08,19,TXCTY_CTB,129.1,0.0,True,3614.8
2024-01-08,19,TXCTY_CTC,129.1,0.0,True,3614.8
2024-01-08,19,TXCTY_ST,143.7,0.0,True,4023.6
2024-01-08,19,TGS_GT01,0.0,0.0,False,0.0
2024-01-08,19,TIMPP_AGR1,0.0,0.0,False,0.0
2024-01-08,19,TIMPP_AGR2,0.0,0.0,False,0.0
2024-01-08,19,TIMPP_AGR3,0.0,0.0,False,0.0
2024-01-08,19,TIMPP_AGR4,0.0,0.0,False,0.0
2024-01-08,19,TRSES_UNIT6,0.0,0.0,False,0.0
2024-01-08,19,TOPAZ_UNIT1,0.0,0.0,False,0.0
2024-01-08,19,TOPAZ_UNIT2,0.0,0.0,False,0.0
2024-01-08,19,TOPAZ_UNIT3,0.0,0.0,False,0.0
2024-01-08,19,TOPAZ_UNIT4,0.0,0.0,False,0.0
2024-01-08,19,TOPAZ_UNIT5,0.0,0.0,False,0.0
2024-01-08,19,TOPAZ_UNIT6,0.0,0.0,False,0.0
2024-01-08,19,TOPAZ_UNIT7,0.0,0.0,False,0.0
2024-01-08,19,TOPAZ_UNIT8,0.0,0.0,False,0.0
2024-01-08,19,TOPAZ_UNIT9,0.0,0.0,False,0.0
2024-01-08,19,TOPAZ_UNIT10,0.0,0.0,False,0.0
2024-01-08,19,BRAUNIG_VHB6CT5,0.0,0.0,False,0.0
2024-01-08,19,BRAUNIG_VHB6CT6,0.0,0.0,False,0.0
2024-01-08,19,BRAUNIG_VHB6CT7,0.0,0.0,False,0.0
2024-01-08,19,BRAUNIG_VHB6CT8,0.0,0.0,False,0.0
2024-01-08,19,CITYVICT_CTG01,0.0,0.0,False,0.0
2024-01-08,19,CITYVICT_CTG02,0.0,0.0,False,0.0
2024-01-08,19,VICTPORT_CTG01,0.0,0.0,False,0.0
2024-01-08,19,VICTPORT_CTG02,0.0,0.0,False,0.0
2024-01-08,19,VICTORIA_VICTORG6,0.0,0.0,False,0.0
2024-01-08,19,VICTORIA_VICTORG5,0.0,0.0,False,0.0
2024-01-08,19,WAP_WAPGT_1,0.0,0.0,False,0.0
2024-01-08,19,WAP_WAP_G1,0.0,0.0,False,0.0
2024-01-08,19,WAP_WAP_G2,0.0,0.0,False,0.0
2024-01-08,19,WAP_WAP_G3,0.0,0.0,False,0.0
2024-01-08,19,WAP_WAP_G4,0.0,0.0,False,0.0
2024-01-08,19,WFCOGEN_UNIT1,0.0,0.0,False,0.0
2024-01-08,19,WFCOGEN_UNIT2,0.0,0.0,False,0.0
2024-01-08,19,WFCOGEN_UNIT3,0.0,0.0,False,0.0
2024-01-08,19,WIPOPA_WPP_G1,0.0,0.0,False,0.0
2024-01-08,19,WIPOPA_WPP_G2,0.0,0.0,False,0.0
2024-01-08,19,WIPOPA_WPP_G3,0.0,0.0,False,0.0
2024-01-08,19,WIPOPA_WPP_G4,0.0,0.0,False,0.0
2024-01-08,19,WCPP_CT1,275.0,0.0,True,7700.0
2024-01-08,19,WCPP_CT2,275.0,0.0,True,7700.0
2024-01-08,19,WCPP_ST1,298.0,0.0,True,8344.0
2024-01-08,19,WHCCS_CT1,0.0,0.0,False,0.0
2024-01-08,19,WHCCS_CT2,0.0,0.0,False,0.0
2024-01-08,19,WHCCS_STG,0.0,0.0,False,0.0
2024-01-08,19,WHCCS2_CT4,0.0,0.0,False,0.0
2024-01-08,19,WHCCS2_CT5,0.0,0.0,False,0.0
2024-01-08,19,WHCCS2_STG6,0.0,0.0,False,0.0
2024-01-08,19,NACPW_UNIT1,0.0,0.0,False,0.0
2024-01-08,19,HBR_2UNITS,0.0,0.0,False,0.0
2024-01-08,19,TRIRA_1UNIT,0.0,0.0,False,0.0
2024-01-08,19,78252_4UNITS,0.0,0.0,False,0.0
2024-01-08,19,SPRIN_4UNITS,0.0,0.0,False,0.0
2024-01-08,19,FREIH_2UNITS,0.0,0.0,False,0.0
2024-01-08,19,WSTHL_3UNITS,0.0,0.0,False,0.0
2024-01-08,19,FEGC_CTG2,0.0,0.0,False,0.0
2024-01-08,19,FEGC_CTG3,0.0,0.0,False,0.0
2024-01-08,19,FEGC_CTG4,0.0,0.0,False,0.0
2024-01-08,19,OLNEYTN_AGR1,0.0,0.0,False,0.0
2024-01-08,19,AMISTAD_AMISTAG1,3.79,34.11,True,3.79
2024-01-08,19,AMISTAD_AMISTAG2,3.79,34.11,True,3.79
2024-01-08,19,AUSTPL_AUSTING1,0.9,8.1,True,0.9
2024-01-08,19,AUSTPL_AUSTING2,0.9,8.1,True,0.9
2024-01-08,19,BUCHAN_BUCHANG1,1.83,16.470000000000002,True,1.83
2024-01-08,19,BUCHAN_BUCHANG2,1.83,16.470000000000002,True,1.83
2024-01-08,19,BUCHAN_BUCHANG3,1.83,16.470000000000002,True,1.83
2024-01-08,19,DNDAM_DENISOG1,50.8,0.0,True,50.8
2024-01-08,19,DNDAM_DENISOG2,50.8,0.0,True,50.8
2024-01-08,19,FALCON_FALCONG1,1.2,10.8,True,1.2
2024-01-08,19,FALCON_FALCONG2,1.2,10.8,True,1.2
2024-01-08,19,FALCON_FALCONG3,1.2,10.8,True,1.2
2024-01-08,19,WIRTZ_WIRTZ_G1,2.9,26.1,True,2.9
2024-01-08,19,WIRTZ_WIRTZ_G2,2.9,26.1,True,2.9
2024-01-08,19,CANYHY_CANYHYG1,0.6,5.4,True,0.6
2024-01-08,19,INKSDA_INKS_G1,1.5,13.5,True,1.5
2024-01-08,19,MARBFA_MARBFAG1,2.1,18.9,True,2.1
2024-01-08,19,MARBFA_MARBFAG2,2.0,18.0,True,2.0
2024-01-08,19,MARSFO_MARSFOG1,3.6,32.4,True,3.6
2024-01-08,19,MARSFO_MARSFOG2,3.6,32.4,True,3.6
2024-01-08,19,MARSFO_MARSFOG3,3.6,32.4,True,3.6
2024-01-08,19,WND_WHITNEY1,22.0,0.0,True,22.0
2024-01-08,19,WND_WHITNEY2,22.0,0.0,True,22.0
2024-01-08,19,AEEC_ANTLP_1,0.0,0.0,False,0.0
2024-01-08,19,AEEC_ANTLP_2,0.0,0.0,False,0.0
2024-01-08,19,AEEC_ANTLP_3,0.0,0.0,False,0.0
2024-01-08,19,AEEC_ELK_1,0.0,0.0,False,0.0
2024-01-08,19,AEEC_ELK_2,0.0,0.0,False,0.0
2024-01-08,19,AEEC_ELK_3,0.0,0.0,False,0.0
2024-01-08,19,FTR_FTR_G1,0.0,0.0,False,0.0
2024-01-08,19,FTR_FTR_G2,0.0,0.0,False,0.0
2024-01-08,19,FTR_FTR_G3,0.0,0.0,False,0.0
2024-01-08,19,FTR_FTR_G4,0.0,0.0,False,0.0
2024-01-08,19,TGCCS_CT1,0.0,0.0,False,0.0
2024-01-08,19,TGCCS_CT2,0.0,0.0,False,0.0
2024-01-08,19,TGCCS_CT3,0.0,0.0,False,0.0
2024-01-08,19,TGCCS_UNIT4,400.0,0.0,True,11200.0
2024-01-08,19,KMCHI_1CT101,185.0,0.0,True,5180.0
2024-01-08,19,KMCHI_1CT201,185.0,0.0,True,5180.0
2024-01-08,19,KMCHI_1ST,330.0,0.0,True,9240.0
2024-01-08,19,KMCHI_2CT101,55.5,129.5,True,1554.0
2024-01-08,19,KMCHI_2CT201,55.5,129.5,True,1554.0
2024-01-08,19,KMCHI_2ST,330.0,0.0,True,9240.0
2024-01-08,19,A4_DGR1,0.0,0.0,False,0.0
2024-01-08,19,A4_DGR2,0.0,0.0,False,0.0
2024-01-08,19,K2_DGR1,0.0,0.0,False,0.0
2024-01-08,19,K2_DGR2,0.0,0.0,False,0.0
2024-01-08,19,P2_DGR1,0.0,0.0,False,0.0
2024-01-08,19,P2_DGR2,0.0,0.0,False,0.0
2024-01-08,19,Q1_DGR1,0.0,0.0,False,0.0
2024-01-08,19,BRAUNIG_VHB3,0.0,0.0,False,0.0
2024-01-08,19,V2_DGR1,0.0,0.0,False,0.0
2024-01-08,19,V2_DGR2,0.0,0.0,False,0.0
2024-01-08,19,V2_DGR3,0.0,0.0,False,0.0
2024-01-08,19,V4_DGR1,0.0,0.0,False,0.0
2024-01-08,19,X1_DGR1,0.0,0.0,False,0.0
2024-01-08,19,Z0_DGR1,0.0,0.0,False,0.0
2024-01-08,19,Z0_DGR2,0.0,0.0,False,0.0
2024-01-08,19,Z5_DGR1,0.0,0.0,False,0.0
2024-01-08,19,DC_E,0.0,0.0,False,0.0
2024-01-08,19,DC_N,0.0,0.0,False,0.0
2024-01-08,19,DC_L,0.0,0.0,False,0.0
2024-01-08,19,DC_R,0.0,0.0,False,0.0
2024-01-08,19,CEDARVALE_GAS,0.0,0.0,False,0.0
2024-01-08,19,ENCHANTED_ROCK_NEWPP,0.0,0.0,False,0.0
2024-01-08,20,CPSES_UNIT1,1269.0,0.0,True,10152.0
2024-01-08,20,CPSES_UNIT2,1269.0,0.0,True,10152.0
2024-01-08,20,STP_STP_G1,1228.5,136.5,True,9828.0
2024-01-08,20,STP_STP_G2,1228.5,136.5,True,9828.0
2024-01-08,20,COLETO_COLETOG1,0.0,0.0,False,0.0
2024-01-08,20,FPPYD1_FPP_G1,0.0,0.0,False,0.0
2024-01-08,20,FPPYD1_FPP_G2,0.0,0.0,False,0.0
2024-01-08,20,FPPYD2_FPP_G3,0.0,0.0,False,0.0
2024-01-08,20,CALAVERS_JKS1,0.0,0.0,False,0.0
2024-01-08,20,CALAVERS_JKS2,0.0,0.0,False,0.0
2024-01-08,20,LEG_LEG_G1,893.0,0.0,True,22325.0
2024-01-08,20,LEG_LEG_G2,956.8,0.0,True,23920.0
2024-01-08,20,MLSES_UNIT1,701.7702304432926,191.22976955670742,True,17544.2558
2024-01-08,20,MLSES_UNIT2,357.2,535.8,True,8930.0
2024-01-08,20,MLSES_UNIT3,893.0,0.0,True,22325.0
2024-01-08,20,OGSES_UNIT1A,0.0,0.0,False,0.0
2024-01-08,20,OGSES_UNIT2,0.0,0.0,False,0.0
2024-01-08,20,SANMIGL_G1,0.0,0.0,False,0.0
2024-01-08,20,SCES_UNIT1,0.0,0.0,False,0.0
2024-01-08,20,TNP_ONE_TNP_O_1,0.0,0.0,False,0.0
2024-01-08,20,TNP_ONE_TNP_O_2,0.0,0.0,False,0.0
2024-01-08,20,WAP_WAP_G5,293.64,440.46,True,7341.0
2024-01-08,20,WAP_WAP_G6,293.64,440.46,True,7341.0
2024-01-08,20,WAP_WAP_G7,245.84,368.76,True,6146.0
2024-01-08,20,WAP_WAP_G8,261.6,392.4,True,6540.0
2024-01-08,20,BRAUNIG_AVR1_CT1,0.0,0.0,False,0.0
2024-01-08,20,BRAUNIG_AVR1_CT2,0.0,0.0,False,0.0
2024-01-08,20,BRAUNIG_AVR1_ST,0.0,0.0,False,0.0
2024-01-08,20,ATKINS_ATKINSG7,0.0,0.0,False,0.0
2024-01-08,20,B_DAVIS_B_DAVIG3,0.0,0.0,False,0.0
2024-01-08,20,B_DAVIS_B_DAVIG4,0.0,0.0,False,0.0
2024-01-08,20,B_DAVIS_B_DAVIG1,0.0,0.0,False,0.0
2024-01-08,20,B_DAVIS_B_DAVIG2,0.0,0.0,False,0.0
2024-01-08,20,BASTEN_GTG1100,0.0,0.0,False,0.0
2024-01-08,20,BASTEN_GTG2100,0.0,0.0,False,0.0
2024-01-08,20,BASTEN_ST0100,0.0,0.0,False,0.0
2024-01-08,20,BCH_UNIT1,6.05,54.45,True,254.1
2024-01-08,20,BCH_UNIT2,0.0,0.0,False,0.0
2024-01-08,20,BCH_UNIT3,0.0,0.0,False,0.0
2024-01-08,20,BCH_UNIT4,6.05,54.45,True,254.1
2024-01-08,20,BCH_UNIT5,6.05,54.45,True,254.1
2024-01-08,20,BCH_UNIT6,6.05,54.45,True,254.1
2024-01-08,20,BCH_UNIT7,6.05,54.45,True,254.1
2024-01-08,20,BCH_UNIT8,6.05,54.45,True,254.1
2024-01-08,20,BOSQUESW_BSQSU_1,0.0,0.0,False,0.0
2024-01-08,20,BOSQUESW_BSQSU_2,0.0,0.0,False,0.0
2024-01-08,20,BOSQUESW_BSQSU_3,0.0,0.0,False,0.0
2024-01-08,20,BOSQUESW_BSQSU_4,0.0,0.0,False,0.0
2024-01-08,20,BOSQUESW_BSQSU_5,0.0,0.0,False,0.0
2024-01-08,20,BVE_UNIT1,0.0,0.0,False,0.0
2024-01-08,20,BVE_UNIT2,0.0,0.0,False,0.0
2024-01-08,20,BVE_UNIT3,0.0,0.0,False,0.0
2024-01-08,20,BTM_UNIT1,0.0,0.0,False,0.0
2024-01-08,20,BTM_UNIT2,0.0,0.0,False,0.0
2024-01-08,20,BTM_UNIT3,0.0,0.0,False,0.0
2024-01-08,20,BTM_UNIT4,0.0,0.0,False,0.0
2024-01-08,20,BTM_UNIT5,0.0,0.0,False,0.0
2024-01-08,20,BTM_UNIT6,0.0,0.0,False,0.0
2024-01-08,20,BTM_UNIT7,0.0,0.0,False,0.0
2024-01-08,20,BTM_UNIT8,0.0,0.0,False,0.0
2024-01-08,20,FLCNS_UNIT1,0.0,0.0,False,0.0
2024-01-08,20,FLCNS_UNIT2,0.0,0.0,False,0.0
2024-01-08,20,CALHOUN_UNIT1,0.0,0.0,False,0.0
2024-01-08,20,CALHOUN_UNIT2,0.0,0.0,False,0.0
2024-01-08,20,CHAMON_CTG_0101,0.0,0.0,False,0.0
2024-01-08,20,CHAMON_CTG_0301,0.0,0.0,False,0.0
2024-01-08,20,CBY4_CT41,205.0,0.0,True,5740.0
2024-01-08,20,CBY4_CT42,205.0,0.0,True,5740.0
2024-01-08,20,CBY4_ST04,205.0,0.0,True,5740.0
2024-01-08,20,CBY_CBY_G1,0.0,0.0,False,0.0
2024-01-08,20,CBY_CBY_G2,0.0,0.0,False,0.0
2024-01-08,20,CBEC_GT1,0.0,0.0,False,0.0
2024-01-08,20,CBEC_GT2,0.0,0.0,False,0.0
2024-01-08,20,CBEC_GT3,0.0,0.0,False,0.0
2024-01-08,20,CBEC_GT4,0.0,0.0,False,0.0
2024-01-08,20,CBEC_STG1,0.0,0.0,False,0.0
2024-01-08,20,CBEC_STG2,0.0,0.0,False,0.0
2024-01-08,20,CBECII_CT7,0.0,0.0,False,0.0
2024-01-08,20,CBECII_CT8,0.0,0.0,False,0.0
2024-01-08,20,CBECII_STG9,0.0,0.0,False,0.0
2024-01-08,20,CBEC_GT11,0.0,0.0,False,0.0
2024-01-08,20,CBEC_GT12,0.0,0.0,False,0.0
2024-01-08,20,CVC_CVC_G1,192.1,0.0,True,5378.8
2024-01-08,20,CVC_CVC_G2,192.1,0.0,True,5378.8
2024-01-08,20,CVC_CVC_G3,192.1,0.0,True,5378.8
2024-01-08,20,CVC_CVC_G5,124.47743573061945,25.522564269380553,True,3485.3682
2024-01-08,20,DANSBY_DANSBYG2,0.0,0.0,False,0.0
2024-01-08,20,DANSBY_DANSBYG3,0.0,0.0,False,0.0
2024-01-08,20,DANSBY_DANSBYG1,0.0,0.0,False,0.0
2024-01-08,20,DECKER_DPGT_1,0.0,0.0,False,0.0
2024-01-08,20,DECKER_DPGT_2,0.0,0.0,False,0.0
2024-01-08,20,DECKER_DPGT_3,0.0,0.0,False,0.0
2024-01-08,20,DECKER_DPGT_4,0.0,0.0,False,0.0
2024-01-08,20,DCSES_CT10,0.0,0.0,False,0.0
2024-01-08,20,DCSES_CT20,0.0,0.0,False,0.0
2024-01-08,20,DCSES_CT30,0.0,0.0,False,0.0
2024-01-08,20,DCSES_CT40,0.0,0.0,False,0.0
2024-01-08,20,DDPEC_GT1,60.9,142.1,True,1705.2
2024-01-08,20,DDPEC_GT2,64.5,150.5,True,1806.0
2024-01-08,20,DDPEC_GT3,60.9,142.1,True,1705.2
2024-01-08,20,DDPEC_GT4,100.53709823103907,114.46290176896093,True,2815.0388
2024-01-08,20,DDPEC_GT6,59.7,139.3,True,1671.6
2024-01-08,20,DDPEC_ST1,87.0,203.0,True,2436.0
2024-01-08,20,DEC_AGR_A,0.0,0.0,False,0.0
2024-01-08,20,DEC_AGR_B,0.0,0.0,False,0.0
2024-01-08,20,DEC_AGR_C,0.0,0.0,False,0.0
2024-01-08,20,DEC_AGR_D,0.0,0.0,False,0.0
2024-01-08,20,ECEC_G1,0.0,0.0,False,0.0
2024-01-08,20,ECEC_G2,0.0,0.0,False,0.0
2024-01-08,20,ETCCS_CT1,0.0,0.0,False,0.0
2024-01-08,20,ETCCS_UNIT1,0.0,0.0,False,0.0
2024-01-08,20,AZ_AZ_G1,0.0,0.0,False,0.0
2024-01-08,20,AZ_AZ_G2,0.0,0.0,False,0.0
2024-01-08,20,AZ_AZ_G3,0.0,0.0,False,0.0
2024-01-08,20,AZ_AZ_G4,0.0,0.0,False,0.0
2024-01-08,20,FERGCC_FERGGT1,0.0,0.0,False,0.0
2024-01-08,20,FERGCC_FERGGT2,0.0,0.0,False,0.0
2024-01-08,20,FERGCC_FERGST1,0.0,0.0,False,0.0
2024-01-08,20,FRNYPP_GT11,196.7,0.0,True,5507.6
2024-01-08,20,FRNYPP_GT12,196.7,0.0,True,5507.6
2024-01-08,20,FRNYPP_GT13,196.7,0.0,True,5507.6
2024-01-08,20,FRNYPP_GT21,196.7,0.0,True,5507.6
2024-01-08,20,FRNYPP_GT22,196.70000000000005,-5.684341886080802e-14,True,5507.6
2024-01-08,20,FRNYPP_GT23,196.7,0.0,True,5507.6
2024-01-08,20,FRNYPP_ST10,422.0,0.0,True,11816.0
2024-01-08,20,FRNYPP_ST20,422.0,0.0,True,11816.0
2024-01-08,20,FREC_GT1,0.0,0.0,False,0.0
2024-01-08,20,FREC_GT2,0.0,0.0,False,0.0
2024-01-08,20,FREC_GT4,0.0,0.0,False,0.0
2024-01-08,20,FREC_GT5,0.0,0.0,False,0.0
2024-01-08,20,FREC_ST3,0.0,0.0,False,0.0
2024-01-08,20,FREC_ST6,0.0,0.0,False,0.0
2024-01-08,20,FEGC_UNIT1,0.0,0.0,False,0.0
2024-01-08,20,FRONT_EC_CT1,0.0,0.0,False,0.0
2024-01-08,20,FRONT_EC_CT2,0.0,0.0,False,0.0
2024-01-08,20,FRONT_EC_ST,0.0,0.0,False,0.0
2024-01-08,20,GRSES_UNIT1,0.0,0.0,False,0.0
2024-01-08,20,GRSES_UNIT2,0.0,0.0,False,0.0
2024-01-08,20,GBY_GBYGT73,0.0,0.0,False,0.0
2024-01-08,20,GBY_GBYGT74,0.0,0.0,False,0.0
2024-01-08,20,GBY_GBYGT81,0.0,0.0,False,0.0
2024-01-08,20,GBY_GBYGT82,0.0,0.0,False,0.0
2024-01-08,20,GBY_GBYGT83,0.0,0.0,False,0.0
2024-01-08,20,GBY_GBYGT84,0.0,0.0,False,0.0
2024-01-08,20,STEAM_ENGINE_1,0.0,0.0,False,0.0
2024-01-08,20,STEAM_ENGINE_2,0.0,0.0,False,0.0
2024-01-08,20,STEAM_ENGINE_3,0.0,0.0,False,0.0
2024-01-08,20,LGE_LGE_GT1,0.0,0.0,False,0.0
2024-01-08,20,LGE_LGE_GT2,0.0,0.0,False,0.0
2024-01-08,20,LGE_LGE_STG,0.0,0.0,False,0.0
2024-01-08,20,GUADG_GAS1,0.0,0.0,False,0.0
2024-01-08,20,GUADG_GAS2,0.0,0.0,False,0.0
2024-01-08,20,GUADG_GAS3,0.0,0.0,False,0.0
2024-01-08,20,GUADG_GAS4,0.0,0.0,False,0.0
2024-01-08,20,GUADG_STM5,0.0,0.0,False,0.0
2024-01-08,20,GUADG_STM6,0.0,0.0,False,0.0
2024-01-08,20,HLSES_UNIT3,0.0,0.0,False,0.0
2024-01-08,20,HLSES_UNIT4,0.0,0.0,False,0.0
2024-01-08,20,HLSES_UNIT5,0.0,0.0,False,0.0
2024-01-08,20,HAYSEN_HAYSENG1,0.0,0.0,False,0.0
2024-01-08,20,HAYSEN_HAYSENG2,0.0,0.0,False,0.0
2024-01-08,20,HAYSEN_HAYSENG3,0.0,0.0,False,0.0
2024-01-08,20,HAYSEN_HAYSENG4,0.0,0.0,False,0.0
2024-01-08,20,DUKE_DUKE_GT1,0.0,0.0,False,0.0
2024-01-08,20,DUKE_DUKE_GT2,0.0,0.0,False,0.0
2024-01-08,20,DUKE_DUKE_ST1,0.0,0.0,False,0.0
2024-01-08,20,JACKCNTY_CT1,198.90000000000003,-2.842170943040401e-14,True,5569.2
2024-01-08,20,JACKCNTY_CT2,70.39816673455435,128.50183326544564,True,1971.1487
2024-01-08,20,JCKCNTY2_CT3,198.90000000000003,-2.842170943040401e-14,True,5569.2
2024-01-08,20,JCKCNTY2_CT4,59.67,139.23,True,1670.76
2024-01-08,20,JACKCNTY_STG,96.18,224.42000000000002,True,2693.04
2024-01-08,20,JCKCNTY2_ST2,96.18,224.42000000000002,True,2693.04
2024-01-08,20,TEN_CT1,0.0,0.0,False,0.0
2024-01-08,20,TEN_STG,0.0,0.0,False,0.0
2024-01-08,20,LHSES_UNIT1,0.0,0.0,False,0.0
2024-01-08,20,LHSES_UNIT2A,0.0,0.0,False,0.0
2024-01-08,20,LPCCS_CT11,138.57891547103338,47.42108452896662,True,3880.2096
2024-01-08,20,LPCCS_CT12,186.0,0.0,True,5208.0
2024-01-08,20,LPCCS_CT21,55.8,130.2,True,1562.4
2024-01-08,20,LPCCS_CT22,55.8,130.2,True,1562.4
2024-01-08,20,LPCCS_UNIT1,64.8,151.2,True,1814.4
2024-01-08,20,LPCCS_UNIT2,64.8,151.2,True,1814.4
2024-01-08,20,LARDVFTN_G4,0.0,0.0,False,0.0
2024-01-08,20,LARDVFTN_G5,0.0,0.0,False,0.0
2024-01-08,20,LEON_CRK_LCPCT1,0.0,0.0,False,0.0
2024-01-08,20,LEON_CRK_LCPCT2,0.0,0.0,False,0.0
2024-01-08,20,LEON_CRK_LCPCT3,0.0,0.0,False,0.0
2024-01-08,20,LEON_CRK_LCPCT4,0.0,0.0,False,0.0
2024-01-08,20,LIG_UNIT1,0.0,0.0,False,0.0
2024-01-08,20,LIG_UNIT2,0.0,0.0,False,0.0
2024-01-08,20,LOSTPI_LOSTPGT1,0.0,0.0,False,0.0
2024-01-08,20,LOSTPI_LOSTPGT2,0.0,0.0,False,0.0
2024-01-08,20,LOSTPI_LOSTPST1,0.0,0.0,False,0.0
2024-01-08,20,NEDIN_NEDIN_G1,0.0,0.0,False,0.0
2024-01-08,20,NEDIN_NEDIN_G2,0.0,0.0,False,0.0
2024-01-08,20,NEDIN_NEDIN_G3,0.0,0.0,False,0.0
2024-01-08,20,MDANP_CT1,0.0,0.0,False,0.0
2024-01-08,20,MDANP_CT2,0.0,0.0,False,0.0
2024-01-08,20,MDANP_CT3,0.0,0.0,False,0.0
2024-01-08,20,MDANP_CT4,0.0,0.0,False,0.0
2024-01-08,20,MDANP_CT5,0.0,0.0,False,0.0
2024-01-08,20,MDANP_CT6,0.0,0.0,False,0.0
2024-01-08,20,MGSES_CT1,0.0,0.0,False,0.0
2024-01-08,20,MGSES_CT2,0.0,0.0,False,0.0
2024-01-08,20,MGSES_CT3,0.0,0.0,False,0.0
2024-01-08,20,MGSES_CT4,0.0,0.0,False,0.0
2024-01-08,20,MGSES_CT5,0.0,0.0,False,0.0
2024-01-08,20,MGSES_CT6,0.0,0.0,False,0.0
2024-01-08,20,MCSES_UNIT6,0.0,0.0,False,0.0
2024-01-08,20,MCSES_UNIT7,0.0,0.0,False,0.0
2024-01-08,20,MCSES_UNIT8,0.0,0.0,False,0.0
2024-01-08,20,NUECES_B_NUECESG8,0.0,0.0,False,0.0
2024-01-08,20,NUECES_B_NUECESG9,0.0,0.0,False,0.0
2024-01-08,20,NUECES_B_NUECESG7,0.0,0.0,False,0.0
2024-01-08,20,CALAVERS_OWS1,0.0,0.0,False,0.0
2024-01-08,20,CALAVERS_OWS2,0.0,0.0,False,0.0
2024-01-08,20,OECCS_CT11,0.0,0.0,False,0.0
2024-01-08,20,OECCS_CT12,0.0,0.0,False,0.0
2024-01-08,20,OECCS_CT21,0.0,0.0,False,0.0
2024-01-08,20,OECCS_CT22,0.0,0.0,False,0.0
2024-01-08,20,OECCS_UNIT1,0.0,0.0,False,0.0
2024-01-08,20,OECCS_UNIT2,0.0,0.0,False,0.0
2024-01-08,20,VICTPRT2_UNIT1,0.0,0.0,False,0.0
2024-01-08,20,VICTPRT2_UNIT2,0.0,0.0,False,0.0
2024-01-08,20,PANDA_S_SHER1CT1,232.0,0.0,True,6496.0
2024-01-08,20,PANDA_S_SHER1CT2,232.0,0.0,True,6496.0
2024-01-08,20,PANDA_S_SHER1ST1,353.1,0.0,True,9886.8
2024-01-08,20,PANDA_T1_TMPL1CT1,0.0,0.0,False,0.0
2024-01-08,20,PANDA_T1_TMPL1CT2,0.0,0.0,False,0.0
2024-01-08,20,PANDA_T1_TMPL1ST1,0.0,0.0,False,0.0
2024-01-08,20,PANDA_T2_TMPL2CT1,0.0,0.0,False,0.0
2024-01-08,20,PANDA_T2_TMPL2CT2,0.0,0.0,False,0.0
2024-01-08,20,PANDA_T2_TMPL2ST1,0.0,0.0,False,0.0
2024-01-08,20,TNSKA_GT1,90.9,0.0,True,2545.2
2024-01-08,20,TNSKA_GT2,90.9,0.0,True,2545.2
2024-01-08,20,TNSKA_STG,90.0,0.0,True,2520.0
2024-01-08,20,PSG_PSG_GT2,64.53,150.57,True,1806.84
2024-01-08,20,PSG_PSG_GT3,64.53,150.57,True,1806.84
2024-01-08,20,PSG_PSG_ST2,58.65,136.85,True,1642.2
2024-01-08,20,PEARSAL2_AGR_A,0.0,0.0,False,0.0
2024-01-08,20,PEARSAL2_AGR_B,0.0,0.0,False,0.0
2024-01-08,20,PEARSAL2_AGR_C,0.0,0.0,False,0.0
2024-01-08,20,PEARSAL2_AGR_D,0.0,0.0,False,0.0
2024-01-08,20,PB2SES_CT1,0.0,0.0,False,0.0
2024-01-08,20,PB2SES_CT2,0.0,0.0,False,0.0
2024-01-08,20,PB2SES_CT3,0.0,0.0,False,0.0
2024-01-08,20,PB2SES_CT4,0.0,0.0,False,0.0
2024-01-08,20,PB2SES_CT5,0.0,0.0,False,0.0
2024-01-08,20,PRO_UNIT1,0.0,0.0,False,0.0
2024-01-08,20,PRO_UNIT2,0.0,0.0,False,0.0
2024-01-08,20,PRO_UNIT3,0.0,0.0,False,0.0
2024-01-08,20,PRO_UNIT4,0.0,0.0,False,0.0
2024-01-08,20,PRO_UNIT5,0.0,0.0,False,0.0
2024-01-08,20,PRO_UNIT6,0.0,0.0,False,0.0
2024-01-08,20,PRO_UNIT7,0.0,0.0,False,0.0
2024-01-08,20,PRO_UNIT8,0.0,0.0,False,0.0
2024-01-08,20,BAC_CTG1,0.0,0.0,False,0.0
2024-01-08,20,BAC_CTG2,0.0,0.0,False,0.0
2024-01-08,20,BAC_CTG3,0.0,0.0,False,0.0
2024-01-08,20,BAC_CTG4,0.0,0.0,False,0.0
2024-01-08,20,BAC_CTG5,0.0,0.0,False,0.0
2024-01-08,20,BAC_CTG6,0.0,0.0,False,0.0
2024-01-08,20,STEAM1A_STEAM_1,0.0,0.0,False,0.0
2024-01-08,20,STEAM_STEAM_2,0.0,0.0,False,0.0
2024-01-08,20,STEAM_STEAM_3,0.0,0.0,False,0.0
2024-01-08,20,QALSW_GT1,0.0,0.0,False,0.0
2024-01-08,20,QALSW_GT2,0.0,0.0,False,0.0
2024-01-08,20,QALSW_GT3,0.0,0.0,False,0.0
2024-01-08,20,QALSW_GT4,0.0,0.0,False,0.0
2024-01-08,20,QALSW_STG1,0.0,0.0,False,0.0
2024-01-08,20,QALSW_STG2,0.0,0.0,False,0.0
2024-01-08,20,MIL_MILLERG4,0.0,0.0,False,0.0
2024-01-08,20,MIL_MILLERG5,0.0,0.0,False,0.0
2024-01-08,20,MIL_MILLERG1,0.0,0.0,False,0.0
2024-01-08,20,MIL_MILLERG2,0.0,0.0,False,0.0
2024-01-08,20,MIL_MILLERG3,0.0,0.0,False,0.0
2024-01-08,20,OLINGR_OLING_4,0.0,0.0,False,0.0
2024-01-08,20,OLINGR_OLING_2,0.0,0.0,False,0.0
2024-01-08,20,OLINGR_OLING_3,0.0,0.0,False,0.0
2024-01-08,20,RAB_UNIT1,0.0,0.0,False,0.0
2024-01-08,20,RAB_UNIT2,0.0,0.0,False,0.0
2024-01-08,20,RAB_UNIT3,0.0,0.0,False,0.0
2024-01-08,20,RAB_UNIT4,0.0,0.0,False,0.0
2024-01-08,20,RAB_UNIT5,0.0,0.0,False,0.0
2024-01-08,20,RAB_UNIT6,0.0,0.0,False,0.0
2024-01-08,20,RAB_UNIT7,0.0,0.0,False,0.0
2024-01-08,20,RAB_UNIT8,0.0,0.0,False,0.0
2024-01-08,20,REDGATE_AGR_A,0.0,0.0,False,0.0
2024-01-08,20,REDGATE_AGR_B,0.0,0.0,False,0.0
2024-01-08,20,REDGATE_AGR_C,0.0,0.0,False,0.0
2024-01-08,20,REDGATE_AGR_D,0.0,0.0,False,0.0
2024-01-08,20,JAD_UNIT1,0.0,0.0,False,0.0
2024-01-08,20,JAD_UNIT2,0.0,0.0,False,0.0
2024-01-08,20,JAD_UNIT3,0.0,0.0,False,0.0
2024-01-08,20,JAD_UNIT4,0.0,0.0,False,0.0
2024-01-08,20,JAD_UNIT5,0.0,0.0,False,0.0
2024-01-08,20,JAD_UNIT6,0.0,0.0,False,0.0
2024-01-08,20,JAD_UNIT7,0.0,0.0,False,0.0
2024-01-08,20,JAD_UNIT8,0.0,0.0,False,0.0
2024-01-08,20,RIONOG_CT1,0.0,0.0,False,0.0
2024-01-08,20,RIONOG_CT2,0.0,0.0,False,0.0
2024-01-08,20,RIONOG_CT3,0.0,0.0,False,0.0
2024-01-08,20,RIONOG_ST1,0.0,0.0,False,0.0
2024-01-08,20,RAYBURN_RAYBURG7,58.781522917712344,1.7184770822876558,True,1645.8826
2024-01-08,20,RAYBURN_RAYBURG8,18.15,42.35,True,508.2
2024-01-08,20,RAYBURN_RAYBURG9,18.15,42.35,True,508.2
2024-01-08,20,RAYBURN_RAYBURG10,12.6,29.4,True,352.8
2024-01-08,20,SJS_SJS_G1,0.0,0.0,False,0.0
2024-01-08,20,SJS_SJS_G2,0.0,0.0,False,0.0
2024-01-08,20,SANDHSYD_SH1,0.0,0.0,False,0.0
2024-01-08,20,SANDHSYD_SH2,0.0,0.0,False,0.0
2024-01-08,20,SANDHSYD_SH3,0.0,0.0,False,0.0
2024-01-08,20,SANDHSYD_SH4,0.0,0.0,False,0.0
2024-01-08,20,SANDHSYD_SH_5A,0.0,0.0,False,0.0
2024-01-08,20,SANDHSYD_SH6,0.0,0.0,False,0.0
2024-01-08,20,SANDHSYD_SH7,0.0,0.0,False,0.0
2024-01-08,20,SANDHSYD_SH_5C,0.0,0.0,False,0.0
2024-01-08,20,SILASRAY_SILAS_10,0.0,0.0,False,0.0
2024-01-08,20,SILASRAY_SILAS_9,0.0,0.0,False,0.0
2024-01-08,20,SILASRAY_SILAS_6,0.0,0.0,False,0.0
2024-01-08,20,GIDEON_GIDEONG1,0.0,0.0,False,0.0
2024-01-08,20,GIDEON_GIDEONG2,0.0,0.0,False,0.0
2024-01-08,20,GIDEON_GIDEONG3,0.0,0.0,False,0.0
2024-01-08,20,SKY1_SKY1A,0.0,0.0,False,0.0
2024-01-08,20,SKY1_SKY1B,0.0,0.0,False,0.0
2024-01-08,20,SPNCER_SPNCE_4,0.0,0.0,False,0.0
2024-01-08,20,SPNCER_SPNCE_5,0.0,0.0,False,0.0
2024-01-08,20,SCSES_UNIT1A,0.0,0.0,False,0.0
2024-01-08,20,SCSES_UNIT2,0.0,0.0,False,0.0
2024-01-08,20,THW_THWGT_1,0.0,0.0,False,0.0
2024-01-08,20,THW_THWGT31,51.3,0.0,True,1436.4
2024-01-08,20,THW_THWGT32,51.3,0.0,True,1436.4
2024-01-08,20,THW_THWGT33,15.39,35.91,True,430.92
2024-01-08,20,THW_THWGT34,15.39,35.91,True,430.92
2024-01-08,20,THW_THWGT41,51.3,0.0,True,1436.4
2024-01-08,20,THW_THWGT42,51.3,0.0,True,1436.4
2024-01-08,20,THW_THWGT43,62.0,0.0,True,1736.0
2024-01-08,20,THW_THWGT44,62.0,0.0,True,1736.0
2024-01-08,20,THW_THWGT51,0.0,0.0,False,0.0
2024-01-08,20,THW_THWGT52,0.0,0.0,False,0.0
2024-01-08,20,THW_THWGT53,0.0,0.0,False,0.0
2024-01-08,20,THW_THWGT54,0.0,0.0,False,0.0
2024-01-08,20,THW_THWGT55,0.0,0.0,False,0.0
2024-01-08,20,THW_THWGT56,0.0,0.0,False,0.0
2024-01-08,20,THW_THWST_3,33.93,79.16999999999999,True,950.04
2024-01-08,20,THW_THWST_4,33.93,79.16999999999999,True,950.04
2024-01-08,20,TXCTY_CTA,129.1,0.0,True,3614.8
2024-01-08,20,TXCTY_CTB,129.1,0.0,True,3614.8
2024-01-08,20,TXCTY_CTC,129.1,0.0,True,3614.8
2024-01-08,20,TXCTY_ST,143.7,0.0,True,4023.6
2024-01-08,20,TGS_GT01,0.0,0.0,False,0.0
2024-01-08,20,TIMPP_AGR1,0.0,0.0,False,0.0
2024-01-08,20,TIMPP_AGR2,0.0,0.0,False,0.0
2024-01-08,20,TIMPP_AGR3,0.0,0.0,False,0.0
2024-01-08,20,TIMPP_AGR4,0.0,0.0,False,0.0
2024-01-08,20,TRSES_UNIT6,0.0,0.0,False,0.0
2024-01-08,20,TOPAZ_UNIT1,0.0,0.0,False,0.0
2024-01-08,20,TOPAZ_UNIT2,0.0,0.0,False,0.0
2024-01-08,20,TOPAZ_UNIT3,0.0,0.0,False,0.0
2024-01-08,20,TOPAZ_UNIT4,0.0,0.0,False,0.0
2024-01-08,20,TOPAZ_UNIT5,0.0,0.0,False,0.0
2024-01-08,20,TOPAZ_UNIT6,0.0,0.0,False,0.0
2024-01-08,20,TOPAZ_UNIT7,0.0,0.0,False,0.0
2024-01-08,20,TOPAZ_UNIT8,0.0,0.0,False,0.0
2024-01-08,20,TOPAZ_UNIT9,0.0,0.0,False,0.0
2024-01-08,20,TOPAZ_UNIT10,0.0,0.0,False,0.0
2024-01-08,20,BRAUNIG_VHB6CT5,0.0,0.0,False,0.0
2024-01-08,20,BRAUNIG_VHB6CT6,0.0,0.0,False,0.0
2024-01-08,20,BRAUNIG_VHB6CT7,0.0,0.0,False,0.0
2024-01-08,20,BRAUNIG_VHB6CT8,0.0,0.0,False,0.0
2024-01-08,20,CITYVICT_CTG01,0.0,0.0,False,0.0
2024-01-08,20,CITYVICT_CTG02,0.0,0.0,False,0.0
2024-01-08,20,VICTPORT_CTG01,0.0,0.0,False,0.0
2024-01-08,20,VICTPORT_CTG02,0.0,0.0,False,0.0
2024-01-08,20,VICTORIA_VICTORG6,0.0,0.0,False,0.0
2024-01-08,20,VICTORIA_VICTORG5,0.0,0.0,False,0.0
2024-01-08,20,WAP_WAPGT_1,0.0,0.0,False,0.0
2024-01-08,20,WAP_WAP_G1,0.0,0.0,False,0.0
2024-01-08,20,WAP_WAP_G2,0.0,0.0,False,0.0
2024-01-08,20,WAP_WAP_G3,0.0,0.0,False,0.0
2024-01-08,20,WAP_WAP_G4,0.0,0.0,False,0.0
2024-01-08,20,WFCOGEN_UNIT1,0.0,0.0,False,0.0
2024-01-08,20,WFCOGEN_UNIT2,0.0,0.0,False,0.0
2024-01-08,20,WFCOGEN_UNIT3,0.0,0.0,False,0.0
2024-01-08,20,WIPOPA_WPP_G1,0.0,0.0,False,0.0
2024-01-08,20,WIPOPA_WPP_G2,0.0,0.0,False,0.0
2024-01-08,20,WIPOPA_WPP_G3,0.0,0.0,False,0.0
2024-01-08,20,WIPOPA_WPP_G4,0.0,0.0,False,0.0
2024-01-08,20,WCPP_CT1,275.0,0.0,True,7700.0
2024-01-08,20,WCPP_CT2,275.0,0.0,True,7700.0
2024-01-08,20,WCPP_ST1,298.0,0.0,True,8344.0
2024-01-08,20,WHCCS_CT1,0.0,0.0,False,0.0
2024-01-08,20,WHCCS_CT2,0.0,0.0,False,0.0
2024-01-08,20,WHCCS_STG,0.0,0.0,False,0.0
2024-01-08,20,WHCCS2_CT4,0.0,0.0,False,0.0
2024-01-08,20,WHCCS2_CT5,0.0,0.0,False,0.0
2024-01-08,20,WHCCS2_STG6,0.0,0.0,False,0.0
2024-01-08,20,NACPW_UNIT1,0.0,0.0,False,0.0
2024-01-08,20,HBR_2UNITS,0.0,0.0,False,0.0
2024-01-08,20,TRIRA_1UNIT,0.0,0.0,False,0.0
2024-01-08,20,78252_4UNITS,0.0,0.0,False,0.0
2024-01-08,20,SPRIN_4UNITS,0.0,0.0,False,0.0
2024-01-08,20,FREIH_2UNITS,0.0,0.0,False,0.0
2024-01-08,20,WSTHL_3UNITS,0.0,0.0,False,0.0
2024-01-08,20,FEGC_CTG2,0.0,0.0,False,0.0
2024-01-08,20,FEGC_CTG3,0.0,0.0,False,0.0
2024-01-08,20,FEGC_CTG4,0.0,0.0,False,0.0
2024-01-08,20,OLNEYTN_AGR1,0.0,0.0,False,0.0
2024-01-08,20,AMISTAD_AMISTAG1,3.79,34.11,True,3.79
2024-01-08,20,AMISTAD_AMISTAG2,3.79,34.11,True,3.79
2024-01-08,20,AUSTPL_AUSTING1,0.9,8.1,True,0.9
2024-01-08,20,AUSTPL_AUSTING2,0.9,8.1,True,0.9
2024-01-08,20,BUCHAN_BUCHANG1,1.83,16.470000000000002,True,1.83
2024-01-08,20,BUCHAN_BUCHANG2,1.83,16.470000000000002,True,1.83
2024-01-08,20,BUCHAN_BUCHANG3,1.83,16.470000000000002,True,1.83
2024-01-08,20,DNDAM_DENISOG1,50.8,0.0,True,50.8
2024-01-08,20,DNDAM_DENISOG2,50.8,0.0,True,50.8
2024-01-08,20,FALCON_FALCONG1,1.2,10.8,True,1.2
2024-01-08,20,FALCON_FALCONG2,1.2,10.8,True,1.2
2024-01-08,20,FALCON_FALCONG3,1.2,10.8,True,1.2
2024-01-08,20,WIRTZ_WIRTZ_G1,2.9,26.1,True,2.9
2024-01-08,20,WIRTZ_WIRTZ_G2,2.9,26.1,True,2.9
2024-01-08,20,CANYHY_CANYHYG1,0.6,5.4,True,0.6
2024-01-08,20,INKSDA_INKS_G1,1.5,13.5,True,1.5
2024-01-08,20,MARBFA_MARBFAG1,2.1,18.9,True,2.1
2024-01-08,20,MARBFA_MARBFAG2,2.0,18.0,True,2.0
2024-01-08,20,MARSFO_MARSFOG1,3.6,32.4,True,3.6
2024-01-08,20,MARSFO_MARSFOG2,3.6,32.4,True,3.6
2024-01-08,20,MARSFO_MARSFOG3,3.6,32.4,True,3.6
2024-01-08,20,WND_WHITNEY1,22.0,0.0,True,22.0
2024-01-08,20,WND_WHITNEY2,22.0,0.0,True,22.0
2024-01-08,20,AEEC_ANTLP_1,0.0,0.0,False,0.0
2024-01-08,20,AEEC_ANTLP_2,0.0,0.0,False,0.0
2024-01-08,20,AEEC_ANTLP_3,0.0,0.0,False,0.0
2024-01-08,20,AEEC_ELK_1,0.0,0.0,False,0.0
2024-01-08,20,AEEC_ELK_2,0.0,0.0,False,0.0
2024-01-08,20,AEEC_ELK_3,0.0,0.0,False,0.0
2024-01-08,20,FTR_FTR_G1,0.0,0.0,False,0.0
2024-01-08,20,FTR_FTR_G2,0.0,0.0,False,0.0
2024-01-08,20,FTR_FTR_G3,0.0,0.0,False,0.0
2024-01-08,20,FTR_FTR_G4,0.0,0.0,False,0.0
2024-01-08,20,TGCCS_CT1,0.0,0.0,False,0.0
2024-01-08,20,TGCCS_CT2,0.0,0.0,False,0.0
2024-01-08,20,TGCCS_CT3,0.0,0.0,False,0.0
2024-01-08,20,TGCCS_UNIT4,400.0,0.0,True,11200.0
2024-01-08,20,KMCHI_1CT101,185.0,0.0,True,5180.0
2024-01-08,20,KMCHI_1CT201,185.0,0.0,True,5180.0
2024-01-08,20,KMCHI_1ST,330.0,0.0,True,9240.0
2024-01-08,20,KMCHI_2CT101,55.5,129.5,True,1554.0
2024-01-08,20,KMCHI_2CT201,55.5,129.5,True,1554.0
2024-01-08,20,KMCHI_2ST,330.0,0.0,True,9240.0
2024-01-08,20,A4_DGR1,0.0,0.0,False,0.0
2024-01-08,20,A4_DGR2,0.0,0.0,False,0.0
2024-01-08,20,K2_DGR1,0.0,0.0,False,0.0
2024-01-08,20,K2_DGR2,0.0,0.0,False,0.0
2024-01-08,20,P2_DGR1,0.0,0.0,False,0.0
2024-01-08,20,P2_DGR2,0.0,0.0,False,0.0
2024-01-08,20,Q1_DGR1,0.0,0.0,False,0.0
2024-01-08,20,BRAUNIG_VHB3,0.0,0.0,False,0.0
2024-01-08,20,V2_DGR1,0.0,0.0,False,0.0
2024-01-08,20,V2_DGR2,0.0,0.0,False,0.0
2024-01-08,20,V2_DGR3,0.0,0.0,False,0.0
2024-01-08,20,V4_DGR1,0.0,0.0,False,0.0
2024-01-08,20,X1_DGR1,0.0,0.0,False,0.0
2024-01-08,20,Z0_DGR1,0.0,0.0,False,0.0
2024-01-08,20,Z0_DGR2,0.0,0.0,False,0.0
2024-01-08,20,Z5_DGR1,0.0,0.0,False,0.0
2024-01-08,20,DC_E,0.0,0.0,False,0.0
2024-01-08,20,DC_N,0.0,0.0,False,0.0
2024-01-08,20,DC_L,0.0,0.0,False,0.0
2024-01-08,20,DC_R,0.0,0.0,False,0.0
2024-01-08,20,CEDARVALE_GAS,0.0,0.0,False,0.0
2024-01-08,20,ENCHANTED_ROCK_NEWPP,0.0,0.0,False,0.0
2024-01-08,21,CPSES_UNIT1,1269.0,0.0,True,10152.0
2024-01-08,21,CPSES_UNIT2,1269.0,0.0,True,10152.0
2024-01-08,21,STP_STP_G1,1228.5,136.5,True,9828.0
2024-01-08,21,STP_STP_G2,1228.5,136.5,True,9828.0
2024-01-08,21,COLETO_COLETOG1,0.0,0.0,False,0.0
2024-01-08,21,FPPYD1_FPP_G1,0.0,0.0,False,0.0
2024-01-08,21,FPPYD1_FPP_G2,0.0,0.0,False,0.0
2024-01-08,21,FPPYD2_FPP_G3,0.0,0.0,False,0.0
2024-01-08,21,CALAVERS_JKS1,0.0,0.0,False,0.0
2024-01-08,21,CALAVERS_JKS2,0.0,0.0,False,0.0
2024-01-08,21,LEG_LEG_G1,893.0,0.0,True,22325.0
2024-01-08,21,LEG_LEG_G2,956.8,0.0,True,23920.0
2024-01-08,21,MLSES_UNIT1,677.8166231760167,215.18337682398328,True,16945.4156
2024-01-08,21,MLSES_UNIT2,357.2,535.8,True,8930.0
2024-01-08,21,MLSES_UNIT3,893.0,0.0,True,22325.0
2024-01-08,21,OGSES_UNIT1A,0.0,0.0,False,0.0
2024-01-08,21,OGSES_UNIT2,0.0,0.0,False,0.0
2024-01-08,21,SANMIGL_G1,0.0,0.0,False,0.0
2024-01-08,21,SCES_UNIT1,0.0,0.0,False,0.0
2024-01-08,21,TNP_ONE_TNP_O_1,0.0,0.0,False,0.0
2024-01-08,21,TNP_ONE_TNP_O_2,0.0,0.0,False,0.0
2024-01-08,21,WAP_WAP_G5,293.64,440.46,True,7341.0
2024-01-08,21,WAP_WAP_G6,293.64,440.46,True,7341.0
2024-01-08,21,WAP_WAP_G7,245.84,368.76,True,6146.0
2024-01-08,21,WAP_WAP_G8,261.6,392.4,True,6540.0
2024-01-08,21,BRAUNIG_AVR1_CT1,0.0,0.0,False,0.0
2024-01-08,21,BRAUNIG_AVR1_CT2,0.0,0.0,False,0.0
2024-01-08,21,BRAUNIG_AVR1_ST,0.0,0.0,False,0.0
2024-01-08,21,ATKINS_ATKINSG7,0.0,0.0,False,0.0
2024-01-08,21,B_DAVIS_B_DAVIG3,0.0,0.0,False,0.0
2024-01-08,21,B_DAVIS_B_DAVIG4,0.0,0.0,False,0.0
2024-01-08,21,B_DAVIS_B_DAVIG1,0.0,0.0,False,0.0
2024-01-08,21,B_DAVIS_B_DAVIG2,0.0,0.0,False,0.0
2024-01-08,21,BASTEN_GTG1100,0.0,0.0,False,0.0
2024-01-08,21,BASTEN_GTG2100,0.0,0.0,False,0.0
2024-01-08,21,BASTEN_ST0100,0.0,0.0,False,0.0
2024-01-08,21,BCH_UNIT1,6.05,54.45,True,254.1
2024-01-08,21,BCH_UNIT2,0.0,0.0,False,0.0
2024-01-08,21,BCH_UNIT3,0.0,0.0,False,0.0
2024-01-08,21,BCH_UNIT4,6.05,54.45,True,254.1
2024-01-08,21,BCH_UNIT5,6.05,54.45,True,254.1
2024-01-08,21,BCH_UNIT6,6.05,54.45,True,254.1
2024-01-08,21,BCH_UNIT7,6.05,54.45,True,254.1
2024-01-08,21,BCH_UNIT8,23.34584510374259,37.15415489625741,True,980.5255
2024-01-08,21,BOSQUESW_BSQSU_1,0.0,0.0,False,0.0
2024-01-08,21,BOSQUESW_BSQSU_2,0.0,0.0,False,0.0
2024-01-08,21,BOSQUESW_BSQSU_3,0.0,0.0,False,0.0
2024-01-08,21,BOSQUESW_BSQSU_4,0.0,0.0,False,0.0
2024-01-08,21,BOSQUESW_BSQSU_5,0.0,0.0,False,0.0
2024-01-08,21,BVE_UNIT1,0.0,0.0,False,0.0
2024-01-08,21,BVE_UNIT2,0.0,0.0,False,0.0
2024-01-08,21,BVE_UNIT3,0.0,0.0,False,0.0
2024-01-08,21,BTM_UNIT1,0.0,0.0,False,0.0
2024-01-08,21,BTM_UNIT2,0.0,0.0,False,0.0
2024-01-08,21,BTM_UNIT3,0.0,0.0,False,0.0
2024-01-08,21,BTM_UNIT4,0.0,0.0,False,0.0
2024-01-08,21,BTM_UNIT5,0.0,0.0,False,0.0
2024-01-08,21,BTM_UNIT6,0.0,0.0,False,0.0
2024-01-08,21,BTM_UNIT7,0.0,0.0,False,0.0
2024-01-08,21,BTM_UNIT8,0.0,0.0,False,0.0
2024-01-08,21,FLCNS_UNIT1,0.0,0.0,False,0.0
2024-01-08,21,FLCNS_UNIT2,0.0,0.0,False,0.0
2024-01-08,21,CALHOUN_UNIT1,0.0,0.0,False,0.0
2024-01-08,21,CALHOUN_UNIT2,0.0,0.0,False,0.0
2024-01-08,21,CHAMON_CTG_0101,0.0,0.0,False,0.0
2024-01-08,21,CHAMON_CTG_0301,0.0,0.0,False,0.0
2024-01-08,21,CBY4_CT41,205.0,0.0,True,5740.0
2024-01-08,21,CBY4_CT42,205.0,0.0,True,5740.0
2024-01-08,21,CBY4_ST04,205.0,0.0,True,5740.0
2024-01-08,21,CBY_CBY_G1,0.0,0.0,False,0.0
2024-01-08,21,CBY_CBY_G2,0.0,0.0,False,0.0
2024-01-08,21,CBEC_GT1,0.0,0.0,False,0.0
2024-01-08,21,CBEC_GT2,0.0,0.0,False,0.0
2024-01-08,21,CBEC_GT3,0.0,0.0,False,0.0
2024-01-08,21,CBEC_GT4,0.0,0.0,False,0.0
2024-01-08,21,CBEC_STG1,0.0,0.0,False,0.0
2024-01-08,21,CBEC_STG2,0.0,0.0,False,0.0
2024-01-08,21,CBECII_CT7,0.0,0.0,False,0.0
2024-01-08,21,CBECII_CT8,0.0,0.0,False,0.0
2024-01-08,21,CBECII_STG9,0.0,0.0,False,0.0
2024-01-08,21,CBEC_GT11,0.0,0.0,False,0.0
2024-01-08,21,CBEC_GT12,0.0,0.0,False,0.0
2024-01-08,21,CVC_CVC_G1,57.63,134.47,True,1613.64
2024-01-08,21,CVC_CVC_G2,57.63,134.47,True,1613.64
2024-01-08,21,CVC_CVC_G3,57.63,134.47,True,1613.64
2024-01-08,21,CVC_CVC_G5,45.0,105.0,True,1260.0
2024-01-08,21,DANSBY_DANSBYG2,0.0,0.0,False,0.0
2024-01-08,21,DANSBY_DANSBYG3,0.0,0.0,False,0.0
2024-01-08,21,DANSBY_DANSBYG1,0.0,0.0,False,0.0
2024-01-08,21,DECKER_DPGT_1,0.0,0.0,False,0.0
2024-01-08,21,DECKER_DPGT_2,0.0,0.0,False,0.0
2024-01-08,21,DECKER_DPGT_3,0.0,0.0,False,0.0
2024-01-08,21,DECKER_DPGT_4,0.0,0.0,False,0.0
2024-01-08,21,DCSES_CT10,0.0,0.0,False,0.0
2024-01-08,21,DCSES_CT20,0.0,0.0,False,0.0
2024-01-08,21,DCSES_CT30,0.0,0.0,False,0.0
2024-01-08,21,DCSES_CT40,0.0,0.0,False,0.0
2024-01-08,21,DDPEC_GT1,60.9,142.1,True,1705.2
2024-01-08,21,DDPEC_GT2,64.5,150.5,True,1806.0
2024-01-08,21,DDPEC_GT3,60.9,142.1,True,1705.2
2024-01-08,21,DDPEC_GT4,183.47805930983208,31.521940690167924,True,5137.3857
2024-01-08,21,DDPEC_GT6,199.0,0.0,True,5572.0
2024-01-08,21,DDPEC_ST1,87.0,203.0,True,2436.0
2024-01-08,21,DEC_AGR_A,0.0,0.0,False,0.0
2024-01-08,21,DEC_AGR_B,0.0,0.0,False,0.0
2024-01-08,21,DEC_AGR_C,0.0,0.0,False,0.0
2024-01-08,21,DEC_AGR_D,0.0,0.0,False,0.0
2024-01-08,21,ECEC_G1,0.0,0.0,False,0.0
2024-01-08,21,ECEC_G2,0.0,0.0,False,0.0
2024-01-08,21,ETCCS_CT1,0.0,0.0,False,0.0
2024-01-08,21,ETCCS_UNIT1,0.0,0.0,False,0.0
2024-01-08,21,AZ_AZ_G1,0.0,0.0,False,0.0
2024-01-08,21,AZ_AZ_G2,0.0,0.0,False,0.0
2024-01-08,21,AZ_AZ_G3,0.0,0.0,False,0.0
2024-01-08,21,AZ_AZ_G4,0.0,0.0,False,0.0
2024-01-08,21,FERGCC_FERGGT1,0.0,0.0,False,0.0
2024-01-08,21,FERGCC_FERGGT2,0.0,0.0,False,0.0
2024-01-08,21,FERGCC_FERGST1,0.0,0.0,False,0.0
2024-01-08,21,FRNYPP_GT11,196.7,0.0,True,5507.6
2024-01-08,21,FRNYPP_GT12,196.7,0.0,True,5507.6
2024-01-08,21,FRNYPP_GT13,196.7,0.0,True,5507.6
2024-01-08,21,FRNYPP_GT21,196.7,0.0,True,5507.6
2024-01-08,21,FRNYPP_GT22,196.7,0.0,True,5507.6
2024-01-08,21,FRNYPP_GT23,196.7,0.0,True,5507.6
2024-01-08,21,FRNYPP_ST10,422.0,0.0,True,11816.0
2024-01-08,21,FRNYPP_ST20,422.0,0.0,True,11816.0
2024-01-08,21,FREC_GT1,0.0,0.0,False,0.0
2024-01-08,21,FREC_GT2,0.0,0.0,False,0.0
2024-01-08,21,FREC_GT4,0.0,0.0,False,0.0
2024-01-08,21,FREC_GT5,0.0,0.0,False,0.0
2024-01-08,21,FREC_ST3,0.0,0.0,False,0.0
2024-01-08,21,FREC_ST6,0.0,0.0,False,0.0
2024-01-08,21,FEGC_UNIT1,0.0,0.0,False,0.0
2024-01-08,21,FRONT_EC_CT1,0.0,0.0,False,0.0
2024-01-08,21,FRONT_EC_CT2,0.0,0.0,False,0.0
2024-01-08,21,FRONT_EC_ST,0.0,0.0,False,0.0
2024-01-08,21,GRSES_UNIT1,0.0,0.0,False,0.0
2024-01-08,21,GRSES_UNIT2,0.0,0.0,False,0.0
2024-01-08,21,GBY_GBYGT73,0.0,0.0,False,0.0
2024-01-08,21,GBY_GBYGT74,0.0,0.0,False,0.0
2024-01-08,21,GBY_GBYGT81,0.0,0.0,False,0.0
2024-01-08,21,GBY_GBYGT82,0.0,0.0,False,0.0
2024-01-08,21,GBY_GBYGT83,0.0,0.0,False,0.0
2024-01-08,21,GBY_GBYGT84,0.0,0.0,False,0.0
2024-01-08,21,STEAM_ENGINE_1,0.0,0.0,False,0.0
2024-01-08,21,STEAM_ENGINE_2,0.0,0.0,False,0.0
2024-01-08,21,STEAM_ENGINE_3,0.0,0.0,False,0.0
2024-01-08,21,LGE_LGE_GT1,0.0,0.0,False,0.0
2024-01-08,21,LGE_LGE_GT2,0.0,0.0,False,0.0
2024-01-08,21,LGE_LGE_STG,0.0,0.0,False,0.0
2024-01-08,21,GUADG_GAS1,0.0,0.0,False,0.0
2024-01-08,21,GUADG_GAS2,0.0,0.0,False,0.0
2024-01-08,21,GUADG_GAS3,0.0,0.0,False,0.0
2024-01-08,21,GUADG_GAS4,0.0,0.0,False,0.0
2024-01-08,21,GUADG_STM5,0.0,0.0,False,0.0
2024-01-08,21,GUADG_STM6,0.0,0.0,False,0.0
2024-01-08,21,HLSES_UNIT3,0.0,0.0,False,0.0
2024-01-08,21,HLSES_UNIT4,0.0,0.0,False,0.0
2024-01-08,21,HLSES_UNIT5,0.0,0.0,False,0.0
2024-01-08,21,HAYSEN_HAYSENG1,0.0,0.0,False,0.0
2024-01-08,21,HAYSEN_HAYSENG2,0.0,0.0,False,0.0
2024-01-08,21,HAYSEN_HAYSENG3,0.0,0.0,False,0.0
2024-01-08,21,HAYSEN_HAYSENG4,0.0,0.0,False,0.0
2024-01-08,21,DUKE_DUKE_GT1,0.0,0.0,False,0.0
2024-01-08,21,DUKE_DUKE_GT2,0.0,0.0,False,0.0
2024-01-08,21,DUKE_DUKE_ST1,0.0,0.0,False,0.0
2024-01-08,21,JACKCNTY_CT1,198.90000000000003,-2.842170943040401e-14,True,5569.2
2024-01-08,21,JACKCNTY_CT2,85.49658198056112,113.40341801943887,True,2393.9043
2024-01-08,21,JCKCNTY2_CT3,198.90000000000003,-2.842170943040401e-14,True,5569.2
2024-01-08,21,JCKCNTY2_CT4,59.67,139.23,True,1670.76
2024-01-08,21,JACKCNTY_STG,96.18,224.42000000000002,True,2693.04
2024-01-08,21,JCKCNTY2_ST2,96.18,224.42000000000002,True,2693.04
2024-01-08,21,TEN_CT1,0.0,0.0,False,0.0
2024-01-08,21,TEN_STG,0.0,0.0,False,0.0
2024-01-08,21,LHSES_UNIT1,0.0,0.0,False,0.0
2024-01-08,21,LHSES_UNIT2A,0.0,0.0,False,0.0
2024-01-08,21,LPCCS_CT11,138.60855190253943,47.39144809746057,True,3881.0395
2024-01-08,21,LPCCS_CT12,186.0,0.0,True,5208.0
2024-01-08,21,LPCCS_CT21,55.8,130.2,True,1562.4
2024-01-08,21,LPCCS_CT22,55.8,130.2,True,1562.4
2024-01-08,21,LPCCS_UNIT1,64.8,151.2,True,1814.4
2024-01-08,21,LPCCS_UNIT2,64.8,151.2,True,1814.4
2024-01-08,21,LARDVFTN_G4,0.0,0.0,False,0.0
2024-01-08,21,LARDVFTN_G5,0.0,0.0,False,0.0
2024-01-08,21,LEON_CRK_LCPCT1,0.0,0.0,False,0.0
2024-01-08,21,LEON_CRK_LCPCT2,0.0,0.0,False,0.0
2024-01-08,21,LEON_CRK_LCPCT3,0.0,0.0,False,0.0
2024-01-08,21,LEON_CRK_LCPCT4,0.0,0.0,False,0.0
2024-01-08,21,LIG_UNIT1,0.0,0.0,False,0.0
2024-01-08,21,LIG_UNIT2,0.0,0.0,False,0.0
2024-01-08,21,LOSTPI_LOSTPGT1,0.0,0.0,False,0.0
2024-01-08,21,LOSTPI_LOSTPGT2,0.0,0.0,False,0.0
2024-01-08,21,LOSTPI_LOSTPST1,0.0,0.0,False,0.0
2024-01-08,21,NEDIN_NEDIN_G1,0.0,0.0,False,0.0
2024-01-08,21,NEDIN_NEDIN_G2,0.0,0.0,False,0.0
2024-01-08,21,NEDIN_NEDIN_G3,0.0,0.0,False,0.0
2024-01-08,21,MDANP_CT1,0.0,0.0,False,0.0
2024-01-08,21,MDANP_CT2,0.0,0.0,False,0.0
2024-01-08,21,MDANP_CT3,0.0,0.0,False,0.0
2024-01-08,21,MDANP_CT4,0.0,0.0,False,0.0
2024-01-08,21,MDANP_CT5,0.0,0.0,False,0.0
2024-01-08,21,MDANP_CT6,0.0,0.0,False,0.0
2024-01-08,21,MGSES_CT1,0.0,0.0,False,0.0
2024-01-08,21,MGSES_CT2,0.0,0.0,False,0.0
2024-01-08,21,MGSES_CT3,0.0,0.0,False,0.0
2024-01-08,21,MGSES_CT4,0.0,0.0,False,0.0
2024-01-08,21,MGSES_CT5,0.0,0.0,False,0.0
2024-01-08,21,MGSES_CT6,0.0,0.0,False,0.0
2024-01-08,21,MCSES_UNIT6,0.0,0.0,False,0.0
2024-01-08,21,MCSES_UNIT7,0.0,0.0,False,0.0
2024-01-08,21,MCSES_UNIT8,0.0,0.0,False,0.0
2024-01-08,21,NUECES_B_NUECESG8,0.0,0.0,False,0.0
2024-01-08,21,NUECES_B_NUECESG9,0.0,0.0,False,0.0
2024-01-08,21,NUECES_B_NUECESG7,0.0,0.0,False,0.0
2024-01-08,21,CALAVERS_OWS1,0.0,0.0,False,0.0
2024-01-08,21,CALAVERS_OWS2,0.0,0.0,False,0.0
2024-01-08,21,OECCS_CT11,0.0,0.0,False,0.0
2024-01-08,21,OECCS_CT12,0.0,0.0,False,0.0
2024-01-08,21,OECCS_CT21,0.0,0.0,False,0.0
2024-01-08,21,OECCS_CT22,0.0,0.0,False,0.0
2024-01-08,21,OECCS_UNIT1,0.0,0.0,False,0.0
2024-01-08,21,OECCS_UNIT2,0.0,0.0,False,0.0
2024-01-08,21,VICTPRT2_UNIT1,0.0,0.0,False,0.0
2024-01-08,21,VICTPRT2_UNIT2,0.0,0.0,False,0.0
2024-01-08,21,PANDA_S_SHER1CT1,232.0,0.0,True,6496.0
2024-01-08,21,PANDA_S_SHER1CT2,232.0,0.0,True,6496.0
2024-01-08,21,PANDA_S_SHER1ST1,353.1,0.0,True,9886.8
2024-01-08,21,PANDA_T1_TMPL1CT1,0.0,0.0,False,0.0
2024-01-08,21,PANDA_T1_TMPL1CT2,0.0,0.0,False,0.0
2024-01-08,21,PANDA_T1_TMPL1ST1,0.0,0.0,False,0.0
2024-01-08,21,PANDA_T2_TMPL2CT1,0.0,0.0,False,0.0
2024-01-08,21,PANDA_T2_TMPL2CT2,0.0,0.0,False,0.0
2024-01-08,21,PANDA_T2_TMPL2ST1,0.0,0.0,False,0.0
2024-01-08,21,TNSKA_GT1,90.9,0.0,True,2545.2
2024-01-08,21,TNSKA_GT2,90.9,0.0,True,2545.2
2024-01-08,21,TNSKA_STG,90.0,0.0,True,2520.0
2024-01-08,21,PSG_PSG_GT2,64.53,150.57,True,1806.84
2024-01-08,21,PSG_PSG_GT3,64.53,150.57,True,1806.84
2024-01-08,21,PSG_PSG_ST2,58.65,136.85,True,1642.2
2024-01-08,21,PEARSAL2_AGR_A,0.0,0.0,False,0.0
2024-01-08,21,PEARSAL2_AGR_B,0.0,0.0,False,0.0
2024-01-08,21,PEARSAL2_AGR_C,0.0,0.0,False,0.0
2024-01-08,21,PEARSAL2_AGR_D,0.0,0.0,False,0.0
2024-01-08,21,PB2SES_CT1,0.0,0.0,False,0.0
2024-01-08,21,PB2SES_CT2,0.0,0.0,False,0.0
2024-01-08,21,PB2SES_CT3,0.0,0.0,False,0.0
2024-01-08,21,PB2SES_CT4,0.0,0.0,False,0.0
2024-01-08,21,PB2SES_CT5,0.0,0.0,False,0.0
2024-01-08,21,PRO_UNIT1,0.0,0.0,False,0.0
2024-01-08,21,PRO_UNIT2,0.0,0.0,False,0.0
2024-01-08,21,PRO_UNIT3,0.0,0.0,False,0.0
2024-01-08,21,PRO_UNIT4,0.0,0.0,False,0.0
2024-01-08,21,PRO_UNIT5,0.0,0.0,False,0.0
2024-01-08,21,PRO_UNIT6,0.0,0.0,False,0.0
2024-01-08,21,PRO_UNIT7,0.0,0.0,False,0.0
2024-01-08,21,PRO_UNIT8,0.0,0.0,False,0.0
2024-01-08,21,BAC_CTG1,0.0,0.0,False,0.0
2024-01-08,21,BAC_CTG2,0.0,0.0,False,0.0
2024-01-08,21,BAC_CTG3,0.0,0.0,False,0.0
2024-01-08,21,BAC_CTG4,0.0,0.0,False,0.0
2024-01-08,21,BAC_CTG5,0.0,0.0,False,0.0
2024-01-08,21,BAC_CTG6,0.0,0.0,False,0.0
2024-01-08,21,STEAM1A_STEAM_1,0.0,0.0,False,0.0
2024-01-08,21,STEAM_STEAM_2,0.0,0.0,False,0.0
2024-01-08,21,STEAM_STEAM_3,0.0,0.0,False,0.0
2024-01-08,21,QALSW_GT1,0.0,0.0,False,0.0
2024-01-08,21,QALSW_GT2,0.0,0.0,False,0.0
2024-01-08,21,QALSW_GT3,0.0,0.0,False,0.0
2024-01-08,21,QALSW_GT4,0.0,0.0,False,0.0
2024-01-08,21,QALSW_STG1,0.0,0.0,False,0.0
2024-01-08,21,QALSW_STG2,0.0,0.0,False,0.0
2024-01-08,21,MIL_MILLERG4,0.0,0.0,False,0.0
2024-01-08,21,MIL_MILLERG5,0.0,0.0,False,0.0
2024-01-08,21,MIL_MILLERG1,0.0,0.0,False,0.0
2024-01-08,21,MIL_MILLERG2,0.0,0.0,False,0.0
2024-01-08,21,MIL_MILLERG3,0.0,0.0,False,0.0
2024-01-08,21,OLINGR_OLING_4,0.0,0.0,False,0.0
2024-01-08,21,OLINGR_OLING_2,0.0,0.0,False,0.0
2024-01-08,21,OLINGR_OLING_3,0.0,0.0,False,0.0
2024-01-08,21,RAB_UNIT1,0.0,0.0,False,0.0
2024-01-08,21,RAB_UNIT2,0.0,0.0,False,0.0
2024-01-08,21,RAB_UNIT3,0.0,0.0,False,0.0
2024-01-08,21,RAB_UNIT4,0.0,0.0,False,0.0
2024-01-08,21,RAB_UNIT5,0.0,0.0,False,0.0
2024-01-08,21,RAB_UNIT6,0.0,0.0,False,0.0
2024-01-08,21,RAB_UNIT7,0.0,0.0,False,0.0
2024-01-08,21,RAB_UNIT8,0.0,0.0,False,0.0
2024-01-08,21,REDGATE_AGR_A,0.0,0.0,False,0.0
2024-01-08,21,REDGATE_AGR_B,0.0,0.0,False,0.0
2024-01-08,21,REDGATE_AGR_C,0.0,0.0,False,0.0
2024-01-08,21,REDGATE_AGR_D,0.0,0.0,False,0.0
2024-01-08,21,JAD_UNIT1,0.0,0.0,False,0.0
2024-01-08,21,JAD_UNIT2,0.0,0.0,False,0.0
2024-01-08,21,JAD_UNIT3,0.0,0.0,False,0.0
2024-01-08,21,JAD_UNIT4,0.0,0.0,False,0.0
2024-01-08,21,JAD_UNIT5,0.0,0.0,False,0.0
2024-01-08,21,JAD_UNIT6,0.0,0.0,False,0.0
2024-01-08,21,JAD_UNIT7,0.0,0.0,False,0.0
2024-01-08,21,JAD_UNIT8,0.0,0.0,False,0.0
2024-01-08,21,RIONOG_CT1,0.0,0.0,False,0.0
2024-01-08,21,RIONOG_CT2,0.0,0.0,False,0.0
2024-01-08,21,RIONOG_CT3,0.0,0.0,False,0.0
2024-01-08,21,RIONOG_ST1,0.0,0.0,False,0.0
2024-01-08,21,RAYBURN_RAYBURG7,20.78827681979603,39.71172318020397,True,582.0718
2024-01-08,21,RAYBURN_RAYBURG8,60.5,0.0,True,1694.0
2024-01-08,21,RAYBURN_RAYBURG9,18.15,42.35,True,508.2
2024-01-08,21,RAYBURN_RAYBURG10,12.6,29.4,True,352.8
2024-01-08,21,SJS_SJS_G1,0.0,0.0,False,0.0
2024-01-08,21,SJS_SJS_G2,0.0,0.0,False,0.0
2024-01-08,21,SANDHSYD_SH1,0.0,0.0,False,0.0
2024-01-08,21,SANDHSYD_SH2,0.0,0.0,False,0.0
2024-01-08,21,SANDHSYD_SH3,0.0,0.0,False,0.0
2024-01-08,21,SANDHSYD_SH4,0.0,0.0,False,0.0
2024-01-08,21,SANDHSYD_SH_5A,0.0,0.0,False,0.0
2024-01-08,21,SANDHSYD_SH6,0.0,0.0,False,0.0
2024-01-08,21,SANDHSYD_SH7,0.0,0.0,False,0.0
2024-01-08,21,SANDHSYD_SH_5C,0.0,0.0,False,0.0
2024-01-08,21,SILASRAY_SILAS_10,0.0,0.0,False,0.0
2024-01-08,21,SILASRAY_SILAS_9,0.0,0.0,False,0.0
2024-01-08,21,SILASRAY_SILAS_6,0.0,0.0,False,0.0
2024-01-08,21,GIDEON_GIDEONG1,0.0,0.0,False,0.0
2024-01-08,21,GIDEON_GIDEONG2,0.0,0.0,False,0.0
2024-01-08,21,GIDEON_GIDEONG3,0.0,0.0,False,0.0
2024-01-08,21,SKY1_SKY1A,0.0,0.0,False,0.0
2024-01-08,21,SKY1_SKY1B,0.0,0.0,False,0.0
2024-01-08,21,SPNCER_SPNCE_4,0.0,0.0,False,0.0
2024-01-08,21,SPNCER_SPNCE_5,0.0,0.0,False,0.0
2024-01-08,21,SCSES_UNIT1A,0.0,0.0,False,0.0
2024-01-08,21,SCSES_UNIT2,0.0,0.0,False,0.0
2024-01-08,21,THW_THWGT_1,0.0,0.0,False,0.0
2024-01-08,21,THW_THWGT31,15.39,35.91,True,430.92
2024-01-08,21,THW_THWGT32,15.39,35.91,True,430.92
2024-01-08,21,THW_THWGT33,15.39,35.91,True,430.92
2024-01-08,21,THW_THWGT34,15.39,35.91,True,430.92
2024-01-08,21,THW_THWGT41,15.39,35.91,True,430.92
2024-01-08,21,THW_THWGT42,15.39,35.91,True,430.92
2024-01-08,21,THW_THWGT43,18.6,43.4,True,520.8
2024-01-08,21,THW_THWGT44,18.6,43.4,True,520.8
2024-01-08,21,THW_THWGT51,0.0,0.0,False,0.0
2024-01-08,21,THW_THWGT52,0.0,0.0,False,0.0
2024-01-08,21,THW_THWGT53,0.0,0.0,False,0.0
2024-01-08,21,THW_THWGT54,0.0,0.0,False,0.0
2024-01-08,21,THW_THWGT55,0.0,0.0,False,0.0
2024-01-08,21,THW_THWGT56,0.0,0.0,False,0.0
2024-01-08,21,THW_THWST_3,33.93,79.16999999999999,True,950.04
2024-01-08,21,THW_THWST_4,33.93,79.16999999999999,True,950.04
2024-01-08,21,TXCTY_CTA,129.1,0.0,True,3614.8
2024-01-08,21,TXCTY_CTB,129.1,0.0,True,3614.8
2024-01-08,21,TXCTY_CTC,129.1,0.0,True,3614.8
2024-01-08,21,TXCTY_ST,143.7,0.0,True,4023.6
2024-01-08,21,TGS_GT01,0.0,0.0,False,0.0
2024-01-08,21,TIMPP_AGR1,0.0,0.0,False,0.0
2024-01-08,21,TIMPP_AGR2,0.0,0.0,False,0.0
2024-01-08,21,TIMPP_AGR3,0.0,0.0,False,0.0
2024-01-08,21,TIMPP_AGR4,0.0,0.0,False,0.0
2024-01-08,21,TRSES_UNIT6,0.0,0.0,False,0.0
2024-01-08,21,TOPAZ_UNIT1,0.0,0.0,False,0.0
2024-01-08,21,TOPAZ_UNIT2,0.0,0.0,False,0.0
2024-01-08,21,TOPAZ_UNIT3,0.0,0.0,False,0.0
2024-01-08,21,TOPAZ_UNIT4,0.0,0.0,False,0.0
2024-01-08,21,TOPAZ_UNIT5,0.0,0.0,False,0.0
2024-01-08,21,TOPAZ_UNIT6,0.0,0.0,False,0.0
2024-01-08,21,TOPAZ_UNIT7,0.0,0.0,False,0.0
2024-01-08,21,TOPAZ_UNIT8,0.0,0.0,False,0.0
2024-01-08,21,TOPAZ_UNIT9,0.0,0.0,False,0.0
2024-01-08,21,TOPAZ_UNIT10,0.0,0.0,False,0.0
2024-01-08,21,BRAUNIG_VHB6CT5,0.0,0.0,False,0.0
2024-01-08,21,BRAUNIG_VHB6CT6,0.0,0.0,False,0.0
2024-01-08,21,BRAUNIG_VHB6CT7,0.0,0.0,False,0.0
2024-01-08,21,BRAUNIG_VHB6CT8,0.0,0.0,False,0.0
2024-01-08,21,CITYVICT_CTG01,0.0,0.0,False,0.0
2024-01-08,21,CITYVICT_CTG02,0.0,0.0,False,0.0
2024-01-08,21,VICTPORT_CTG01,0.0,0.0,False,0.0
2024-01-08,21,VICTPORT_CTG02,0.0,0.0,False,0.0
2024-01-08,21,VICTORIA_VICTORG6,0.0,0.0,False,0.0
2024-01-08,21,VICTORIA_VICTORG5,0.0,0.0,False,0.0
2024-01-08,21,WAP_WAPGT_1,0.0,0.0,False,0.0
2024-01-08,21,WAP_WAP_G1,0.0,0.0,False,0.0
2024-01-08,21,WAP_WAP_G2,0.0,0.0,False,0.0
2024-01-08,21,WAP_WAP_G3,0.0,0.0,False,0.0
2024-01-08,21,WAP_WAP_G4,0.0,0.0,False,0.0
2024-01-08,21,WFCOGEN_UNIT1,0.0,0.0,False,0.0
2024-01-08,21,WFCOGEN_UNIT2,0.0,0.0,False,0.0
2024-01-08,21,WFCOGEN_UNIT3,0.0,0.0,False,0.0
2024-01-08,21,WIPOPA_WPP_G1,0.0,0.0,False,0.0
2024-01-08,21,WIPOPA_WPP_G2,0.0,0.0,False,0.0
2024-01-08,21,WIPOPA_WPP_G3,0.0,0.0,False,0.0
2024-01-08,21,WIPOPA_WPP_G4,0.0,0.0,False,0.0
2024-01-08,21,WCPP_CT1,275.0,0.0,True,7700.0
2024-01-08,21,WCPP_CT2,275.0,0.0,True,7700.0
2024-01-08,21,WCPP_ST1,298.0,0.0,True,8344.0
2024-01-08,21,WHCCS_CT1,0.0,0.0,False,0.0
2024-01-08,21,WHCCS_CT2,0.0,0.0,False,0.0
2024-01-08,21,WHCCS_STG,0.0,0.0,False,0.0
2024-01-08,21,WHCCS2_CT4,0.0,0.0,False,0.0
2024-01-08,21,WHCCS2_CT5,0.0,0.0,False,0.0
2024-01-08,21,WHCCS2_STG6,0.0,0.0,False,0.0
2024-01-08,21,NACPW_UNIT1,0.0,0.0,False,0.0
2024-01-08,21,HBR_2UNITS,0.0,0.0,False,0.0
2024-01-08,21,TRIRA_1UNIT,0.0,0.0,False,0.0
2024-01-08,21,78252_4UNITS,0.0,0.0,False,0.0
2024-01-08,21,SPRIN_4UNITS,0.0,0.0,False,0.0
2024-01-08,21,FREIH_2UNITS,0.0,0.0,False,0.0
2024-01-08,21,WSTHL_3UNITS,0.0,0.0,False,0.0
2024-01-08,21,FEGC_CTG2,0.0,0.0,False,0.0
2024-01-08,21,FEGC_CTG3,0.0,0.0,False,0.0
2024-01-08,21,FEGC_CTG4,0.0,0.0,False,0.0
2024-01-08,21,OLNEYTN_AGR1,0.0,0.0,False,0.0
2024-01-08,21,AMISTAD_AMISTAG1,3.79,34.11,True,3.79
2024-01-08,21,AMISTAD_AMISTAG2,3.79,34.11,True,3.79
2024-01-08,21,AUSTPL_AUSTING1,0.9,8.1,True,0.9
2024-01-08,21,AUSTPL_AUSTING2,0.9,8.1,True,0.9
2024-01-08,21,BUCHAN_BUCHANG1,1.83,16.470000000000002,True,1.83
2024-01-08,21,BUCHAN_BUCHANG2,1.83,16.470000000000002,True,1.83
2024-01-08,21,BUCHAN_BUCHANG3,1.83,16.470000000000002,True,1.83
2024-01-08,21,DNDAM_DENISOG1,50.8,0.0,True,50.8
2024-01-08,21,DNDAM_DENISOG2,50.8,0.0,True,50.8
2024-01-08,21,FALCON_FALCONG1,1.2,10.8,True,1.2
2024-01-08,21,FALCON_FALCONG2,1.2,10.8,True,1.2
2024-01-08,21,FALCON_FALCONG3,1.2,10.8,True,1.2
2024-01-08,21,WIRTZ_WIRTZ_G1,2.9,26.1,True,2.9
2024-01-08,21,WIRTZ_WIRTZ_G2,2.9,26.1,True,2.9
2024-01-08,21,CANYHY_CANYHYG1,0.6,5.4,True,0.6
2024-01-08,21,INKSDA_INKS_G1,1.5,13.5,True,1.5
2024-01-08,21,MARBFA_MARBFAG1,2.1,18.9,True,2.1
2024-01-08,21,MARBFA_MARBFAG2,2.0,18.0,True,2.0
2024-01-08,21,MARSFO_MARSFOG1,3.6,32.4,True,3.6
2024-01-08,21,MARSFO_MARSFOG2,3.6,32.4,True,3.6
2024-01-08,21,MARSFO_MARSFOG3,3.6,32.4,True,3.6
2024-01-08,21,WND_WHITNEY1,22.0,0.0,True,22.0
2024-01-08,21,WND_WHITNEY2,22.0,0.0,True,22.0
2024-01-08,21,AEEC_ANTLP_1,0.0,0.0,False,0.0
2024-01-08,21,AEEC_ANTLP_2,0.0,0.0,False,0.0
2024-01-08,21,AEEC_ANTLP_3,0.0,0.0,False,0.0
2024-01-08,21,AEEC_ELK_1,0.0,0.0,False,0.0
2024-01-08,21,AEEC_ELK_2,0.0,0.0,False,0.0
2024-01-08,21,AEEC_ELK_3,0.0,0.0,False,0.0
2024-01-08,21,FTR_FTR_G1,0.0,0.0,False,0.0
2024-01-08,21,FTR_FTR_G2,0.0,0.0,False,0.0
2024-01-08,21,FTR_FTR_G3,0.0,0.0,False,0.0
2024-01-08,21,FTR_FTR_G4,0.0,0.0,False,0.0
2024-01-08,21,TGCCS_CT1,0.0,0.0,False,0.0
2024-01-08,21,TGCCS_CT2,0.0,0.0,False,0.0
2024-01-08,21,TGCCS_CT3,0.0,0.0,False,0.0
2024-01-08,21,TGCCS_UNIT4,400.0,0.0,True,11200.0
2024-01-08,21,KMCHI_1CT101,185.0,0.0,True,5180.0
2024-01-08,21,KMCHI_1CT201,185.0,0.0,True,5180.0
2024-01-08,21,KMCHI_1ST,330.0,0.0,True,9240.0
2024-01-08,21,KMCHI_2CT101,55.5,129.5,True,1554.0
2024-01-08,21,KMCHI_2CT201,55.5,129.5,True,1554.0
2024-01-08,21,KMCHI_2ST,330.0,0.0,True,9240.0
2024-01-08,21,A4_DGR1,0.0,0.0,False,0.0
2024-01-08,21,A4_DGR2,0.0,0.0,False,0.0
2024-01-08,21,K2_DGR1,0.0,0.0,False,0.0
2024-01-08,21,K2_DGR2,0.0,0.0,False,0.0
2024-01-08,21,P2_DGR1,0.0,0.0,False,0.0
2024-01-08,21,P2_DGR2,0.0,0.0,False,0.0
2024-01-08,21,Q1_DGR1,0.0,0.0,False,0.0
2024-01-08,21,BRAUNIG_VHB3,0.0,0.0,False,0.0
2024-01-08,21,V2_DGR1,0.0,0.0,False,0.0
2024-01-08,21,V2_DGR2,0.0,0.0,False,0.0
2024-01-08,21,V2_DGR3,0.0,0.0,False,0.0
2024-01-08,21,V4_DGR1,0.0,0.0,False,0.0
2024-01-08,21,X1_DGR1,0.0,0.0,False,0.0
2024-01-08,21,Z0_DGR1,0.0,0.0,False,0.0
2024-01-08,21,Z0_DGR2,0.0,0.0,False,0.0
2024-01-08,21,Z5_DGR1,0.0,0.0,False,0.0
2024-01-08,21,DC_E,0.0,0.0,False,0.0
2024-01-08,21,DC_N,0.0,0.0,False,0.0
2024-01-08,21,DC_L,0.0,0.0,False,0.0
2024-01-08,21,DC_R,0.0,0.0,False,0.0
2024-01-08,21,CEDARVALE_GAS,0.0,0.0,False,0.0
2024-01-08,21,ENCHANTED_ROCK_NEWPP,0.0,0.0,False,0.0
2024-01-08,22,CPSES_UNIT1,1269.0,0.0,True,10152.0
2024-01-08,22,CPSES_UNIT2,1269.0,0.0,True,10152.0
2024-01-08,22,STP_STP_G1,1365.0,0.0,True,10920.0
2024-01-08,22,STP_STP_G2,1365.0,0.0,True,10920.0
2024-01-08,22,COLETO_COLETOG1,0.0,0.0,False,0.0
2024-01-08,22,FPPYD1_FPP_G1,0.0,0.0,False,0.0
2024-01-08,22,FPPYD1_FPP_G2,0.0,0.0,False,0.0
2024-01-08,22,FPPYD2_FPP_G3,0.0,0.0,False,0.0
2024-01-08,22,CALAVERS_JKS1,0.0,0.0,False,0.0
2024-01-08,22,CALAVERS_JKS2,0.0,0.0,False,0.0
2024-01-08,22,LEG_LEG_G1,893.0,0.0,True,22325.0
2024-01-08,22,LEG_LEG_G2,889.295984578828,67.50401542117197,True,22232.3996
2024-01-08,22,MLSES_UNIT1,893.0,0.0,True,22325.0
2024-01-08,22,MLSES_UNIT2,893.0,0.0,True,22325.0
2024-01-08,22,MLSES_UNIT3,893.0,0.0,True,22325.0
2024-01-08,22,OGSES_UNIT1A,0.0,0.0,False,0.0
2024-01-08,22,OGSES_UNIT2,0.0,0.0,False,0.0
2024-01-08,22,SANMIGL_G1,0.0,0.0,False,0.0
2024-01-08,22,SCES_UNIT1,0.0,0.0,False,0.0
2024-01-08,22,TNP_ONE_TNP_O_1,0.0,0.0,False,0.0
2024-01-08,22,TNP_ONE_TNP_O_2,0.0,0.0,False,0.0
2024-01-08,22,WAP_WAP_G5,734.1,-5.684341886080802e-14,True,18352.5
2024-01-08,22,WAP_WAP_G6,732.6605988112915,1.439401188708473,True,18316.515
2024-01-08,22,WAP_WAP_G7,614.6,0.0,True,15365.0
2024-01-08,22,WAP_WAP_G8,654.0,0.0,True,16350.0
2024-01-08,22,BRAUNIG_AVR1_CT1,0.0,0.0,False,0.0
2024-01-08,22,BRAUNIG_AVR1_CT2,0.0,0.0,False,0.0
2024-01-08,22,BRAUNIG_AVR1_ST,0.0,0.0,False,0.0
2024-01-08,22,ATKINS_ATKINSG7,0.0,0.0,False,0.0
2024-01-08,22,B_DAVIS_B_DAVIG3,0.0,0.0,False,0.0
2024-01-08,22,B_DAVIS_B_DAVIG4,0.0,0.0,False,0.0
2024-01-08,22,B_DAVIS_B_DAVIG1,0.0,0.0,False,0.0
2024-01-08,22,B_DAVIS_B_DAVIG2,0.0,0.0,False,0.0
2024-01-08,22,BASTEN_GTG1100,0.0,0.0,False,0.0
2024-01-08,22,BASTEN_GTG2100,0.0,0.0,False,0.0
2024-01-08,22,BASTEN_ST0100,0.0,0.0,False,0.0
2024-01-08,22,BCH_UNIT1,6.05,54.45,True,254.1
2024-01-08,22,BCH_UNIT2,0.0,0.0,False,0.0
2024-01-08,22,BCH_UNIT3,0.0,0.0,False,0.0
2024-01-08,22,BCH_UNIT4,6.05,54.45,True,254.1
2024-01-08,22,BCH_UNIT5,6.05,54.45,True,254.1
2024-01-08,22,BCH_UNIT6,6.05,54.45,True,254.1
2024-01-08,22,BCH_UNIT7,6.05,54.45,True,254.1
2024-01-08,22,BCH_UNIT8,6.05,54.45,True,254.1
2024-01-08,22,BOSQUESW_BSQSU_1,0.0,0.0,False,0.0
2024-01-08,22,BOSQUESW_BSQSU_2,0.0,0.0,False,0.0
2024-01-08,22,BOSQUESW_BSQSU_3,0.0,0.0,False,0.0
2024-01-08,22,BOSQUESW_BSQSU_4,0.0,0.0,False,0.0
2024-01-08,22,BOSQUESW_BSQSU_5,0.0,0.0,False,0.0
2024-01-08,22,BVE_UNIT1,0.0,0.0,False,0.0
2024-01-08,22,BVE_UNIT2,0.0,0.0,False,0.0
2024-01-08,22,BVE_UNIT3,0.0,0.0,False,0.0
2024-01-08,22,BTM_UNIT1,0.0,0.0,False,0.0
2024-01-08,22,BTM_UNIT2,0.0,0.0,False,0.0
2024-01-08,22,BTM_UNIT3,0.0,0.0,False,0.0
2024-01-08,22,BTM_UNIT4,0.0,0.0,False,0.0
2024-01-08,22,BTM_UNIT5,0.0,0.0,False,0.0
2024-01-08,22,BTM_UNIT6,0.0,0.0,False,0.0
2024-01-08,22,BTM_UNIT7,0.0,0.0,False,0.0
2024-01-08,22,BTM_UNIT8,0.0,0.0,False,0.0
2024-01-08,22,FLCNS_UNIT1,0.0,0.0,False,0.0
2024-01-08,22,FLCNS_UNIT2,0.0,0.0,False,0.0
2024-01-08,22,CALHOUN_UNIT1,0.0,0.0,False,0.0
2024-01-08,22,CALHOUN_UNIT2,0.0,0.0,False,0.0
2024-01-08,22,CHAMON_CTG_0101,0.0,0.0,False,0.0
2024-01-08,22,CHAMON_CTG_0301,0.0,0.0,False,0.0
2024-01-08,22,CBY4_CT41,61.5,143.5,True,1722.0
2024-01-08,22,CBY4_CT42,61.5,143.5,True,1722.0
2024-01-08,22,CBY4_ST04,61.5,143.5,True,1722.0
2024-01-08,22,CBY_CBY_G1,0.0,0.0,False,0.0
2024-01-08,22,CBY_CBY_G2,0.0,0.0,False,0.0
2024-01-08,22,CBEC_GT1,0.0,0.0,False,0.0
2024-01-08,22,CBEC_GT2,0.0,0.0,False,0.0
2024-01-08,22,CBEC_GT3,0.0,0.0,False,0.0
2024-01-08,22,CBEC_GT4,0.0,0.0,False,0.0
2024-01-08,22,CBEC_STG1,0.0,0.0,False,0.0
2024-01-08,22,CBEC_STG2,0.0,0.0,False,0.0
2024-01-08,22,CBECII_CT7,0.0,0.0,False,0.0
2024-01-08,22,CBECII_CT8,0.0,0.0,False,0.0
2024-01-08,22,CBECII_STG9,0.0,0.0,False,0.0
2024-01-08,22,CBEC_GT11,0.0,0.0,False,0.0
2024-01-08,22,CBEC_GT12,0.0,0.0,False,0.0
2024-01-08,22,CVC_CVC_G1,57.63,134.47,True,1613.64
2024-01-08,22,CVC_CVC_G2,57.63,134.47,True,1613.64
2024-01-08,22,CVC_CVC_G3,57.63,134.47,True,1613.64
2024-01-08,22,CVC_CVC_G5,45.0,105.0,True,1260.0
2024-01-08,22,DANSBY_DANSBYG2,0.0,0.0,False,0.0
2024-01-08,22,DANSBY_DANSBYG3,0.0,0.0,False,0.0
2024-01-08,22,DANSBY_DANSBYG1,0.0,0.0,False,0.0
2024-01-08,22,DECKER_DPGT_1,0.0,0.0,False,0.0
2024-01-08,22,DECKER_DPGT_2,0.0,0.0,False,0.0
2024-01-08,22,DECKER_DPGT_3,0.0,0.0,False,0.0
2024-01-08,22,DECKER_DPGT_4,0.0,0.0,False,0.0
2024-01-08,22,DCSES_CT10,0.0,0.0,False,0.0
2024-01-08,22,DCSES_CT20,0.0,0.0,False,0.0
2024-01-08,22,DCSES_CT30,0.0,0.0,False,0.0
2024-01-08,22,DCSES_CT40,0.0,0.0,False,0.0
2024-01-08,22,DDPEC_GT1,60.9,142.1,True,1705.2
2024-01-08,22,DDPEC_GT2,64.5,150.5,True,1806.0
2024-01-08,22,DDPEC_GT3,60.9,142.1,True,1705.2
2024-01-08,22,DDPEC_GT4,64.5,150.5,True,1806.0
2024-01-08,22,DDPEC_GT6,59.7,139.3,True,1671.6
2024-01-08,22,DDPEC_ST1,87.0,203.0,True,2436.0
2024-01-08,22,DEC_AGR_A,0.0,0.0,False,0.0
2024-01-08,22,DEC_AGR_B,0.0,0.0,False,0.0
2024-01-08,22,DEC_AGR_C,0.0,0.0,False,0.0
2024-01-08,22,DEC_AGR_D,0.0,0.0,False,0.0
2024-01-08,22,ECEC_G1,0.0,0.0,False,0.0
2024-01-08,22,ECEC_G2,0.0,0.0,False,0.0
2024-01-08,22,ETCCS_CT1,0.0,0.0,False,0.0
2024-01-08,22,ETCCS_UNIT1,0.0,0.0,False,0.0
2024-01-08,22,AZ_AZ_G1,0.0,0.0,False,0.0
2024-01-08,22,AZ_AZ_G2,0.0,0.0,False,0.0
2024-01-08,22,AZ_AZ_G3,0.0,0.0,False,0.0
2024-01-08,22,AZ_AZ_G4,0.0,0.0,False,0.0
2024-01-08,22,FERGCC_FERGGT1,0.0,0.0,False,0.0
2024-01-08,22,FERGCC_FERGGT2,0.0,0.0,False,0.0
2024-01-08,22,FERGCC_FERGST1,0.0,0.0,False,0.0
2024-01-08,22,FRNYPP_GT11,59.01,137.69,True,1652.28
2024-01-08,22,FRNYPP_GT12,59.01,137.69,True,1652.28
2024-01-08,22,FRNYPP_GT13,59.01,137.69,True,1652.28
2024-01-08,22,FRNYPP_GT21,59.01,137.69,True,1652.28
2024-01-08,22,FRNYPP_GT22,59.01,137.69,True,1652.28
2024-01-08,22,FRNYPP_GT23,59.01,137.69,True,1652.28
2024-01-08,22,FRNYPP_ST10,126.6,295.4,True,3544.8
2024-01-08,22,FRNYPP_ST20,126.6,295.4,True,3544.8
2024-01-08,22,FREC_GT1,0.0,0.0,False,0.0
2024-01-08,22,FREC_GT2,0.0,0.0,False,0.0
2024-01-08,22,FREC_GT4,0.0,0.0,False,0.0
2024-01-08,22,FREC_GT5,0.0,0.0,False,0.0
2024-01-08,22,FREC_ST3,0.0,0.0,False,0.0
2024-01-08,22,FREC_ST6,0.0,0.0,False,0.0
2024-01-08,22,FEGC_UNIT1,0.0,0.0,False,0.0
2024-01-08,22,FRONT_EC_CT1,0.0,0.0,False,0.0
2024-01-08,22,FRONT_EC_CT2,0.0,0.0,False,0.0
2024-01-08,22,FRONT_EC_ST,0.0,0.0,False,0.0
2024-01-08,22,GRSES_UNIT1,0.0,0.0,False,0.0
2024-01-08,22,GRSES_UNIT2,0.0,0.0,False,0.0
2024-01-08,22,GBY_GBYGT73,0.0,0.0,False,0.0
2024-01-08,22,GBY_GBYGT74,0.0,0.0,False,0.0
2024-01-08,22,GBY_GBYGT81,0.0,0.0,False,0.0
2024-01-08,22,GBY_GBYGT82,0.0,0.0,False,0.0
2024-01-08,22,GBY_GBYGT83,0.0,0.0,False,0.0
2024-01-08,22,GBY_GBYGT84,0.0,0.0,False,0.0
2024-01-08,22,STEAM_ENGINE_1,0.0,0.0,False,0.0
2024-01-08,22,STEAM_ENGINE_2,0.0,0.0,False,0.0
2024-01-08,22,STEAM_ENGINE_3,0.0,0.0,False,0.0
2024-01-08,22,LGE_LGE_GT1,0.0,0.0,False,0.0
2024-01-08,22,LGE_LGE_GT2,0.0,0.0,False,0.0
2024-01-08,22,LGE_LGE_STG,0.0,0.0,False,0.0
2024-01-08,22,GUADG_GAS1,0.0,0.0,False,0.0
2024-01-08,22,GUADG_GAS2,0.0,0.0,False,0.0
2024-01-08,22,GUADG_GAS3,0.0,0.0,False,0.0
2024-01-08,22,GUADG_GAS4,0.0,0.0,False,0.0
2024-01-08,22,GUADG_STM5,0.0,0.0,False,0.0
2024-01-08,22,GUADG_STM6,0.0,0.0,False,0.0
2024-01-08,22,HLSES_UNIT3,0.0,0.0,False,0.0
2024-01-08,22,HLSES_UNIT4,0.0,0.0,False,0.0
2024-01-08,22,HLSES_UNIT5,0.0,0.0,False,0.0
2024-01-08,22,HAYSEN_HAYSENG1,0.0,0.0,False,0.0
2024-01-08,22,HAYSEN_HAYSENG2,0.0,0.0,False,0.0
2024-01-08,22,HAYSEN_HAYSENG3,0.0,0.0,False,0.0
2024-01-08,22,HAYSEN_HAYSENG4,0.0,0.0,False,0.0
2024-01-08,22,DUKE_DUKE_GT1,0.0,0.0,False,0.0
2024-01-08,22,DUKE_DUKE_GT2,0.0,0.0,False,0.0
2024-01-08,22,DUKE_DUKE_ST1,0.0,0.0,False,0.0
2024-01-08,22,JACKCNTY_CT1,59.67,139.23,True,1670.76
2024-01-08,22,JACKCNTY_CT2,59.67,139.23,True,1670.76
2024-01-08,22,JCKCNTY2_CT3,59.67,139.23,True,1670.76
2024-01-08,22,JCKCNTY2_CT4,59.67,139.23,True,1670.76
2024-01-08,22,JACKCNTY_STG,96.18,224.42000000000002,True,2693.04
2024-01-08,22,JCKCNTY2_ST2,96.18,224.42000000000002,True,2693.04
2024-01-08,22,TEN_CT1,0.0,0.0,False,0.0
2024-01-08,22,TEN_STG,0.0,0.0,False,0.0
2024-01-08,22,LHSES_UNIT1,0.0,0.0,False,0.0
2024-01-08,22,LHSES_UNIT2A,0.0,0.0,False,0.0
2024-01-08,22,LPCCS_CT11,99.7586879509635,86.24131204903648,True,2793.2433
2024-01-08,22,LPCCS_CT12,55.8,130.2,True,1562.4
2024-01-08,22,LPCCS_CT21,55.8,130.2,True,1562.4
2024-01-08,22,LPCCS_CT22,55.8,130.2,True,1562.4
2024-01-08,22,LPCCS_UNIT1,64.8,151.2,True,1814.4
2024-01-08,22,LPCCS_UNIT2,64.8,151.2,True,1814.4
2024-01-08,22,LARDVFTN_G4,0.0,0.0,False,0.0
2024-01-08,22,LARDVFTN_G5,0.0,0.0,False,0.0
2024-01-08,22,LEON_CRK_LCPCT1,0.0,0.0,False,0.0
2024-01-08,22,LEON_CRK_LCPCT2,0.0,0.0,False,0.0
2024-01-08,22,LEON_CRK_LCPCT3,0.0,0.0,False,0.0
2024-01-08,22,LEON_CRK_LCPCT4,0.0,0.0,False,0.0
2024-01-08,22,LIG_UNIT1,0.0,0.0,False,0.0
2024-01-08,22,LIG_UNIT2,0.0,0.0,False,0.0
2024-01-08,22,LOSTPI_LOSTPGT1,0.0,0.0,False,0.0
2024-01-08,22,LOSTPI_LOSTPGT2,0.0,0.0,False,0.0
2024-01-08,22,LOSTPI_LOSTPST1,0.0,0.0,False,0.0
2024-01-08,22,NEDIN_NEDIN_G1,0.0,0.0,False,0.0
2024-01-08,22,NEDIN_NEDIN_G2,0.0,0.0,False,0.0
2024-01-08,22,NEDIN_NEDIN_G3,0.0,0.0,False,0.0
2024-01-08,22,MDANP_CT1,0.0,0.0,False,0.0
2024-01-08,22,MDANP_CT2,0.0,0.0,False,0.0
2024-01-08,22,MDANP_CT3,0.0,0.0,False,0.0
2024-01-08,22,MDANP_CT4,0.0,0.0,False,0.0
2024-01-08,22,MDANP_CT5,0.0,0.0,False,0.0
2024-01-08,22,MDANP_CT6,0.0,0.0,False,0.0
2024-01-08,22,MGSES_CT1,0.0,0.0,False,0.0
2024-01-08,22,MGSES_CT2,0.0,0.0,False,0.0
2024-01-08,22,MGSES_CT3,0.0,0.0,False,0.0
2024-01-08,22,MGSES_CT4,0.0,0.0,False,0.0
2024-01-08,22,MGSES_CT5,0.0,0.0,False,0.0
2024-01-08,22,MGSES_CT6,0.0,0.0,False,0.0
2024-01-08,22,MCSES_UNIT6,0.0,0.0,False,0.0
2024-01-08,22,MCSES_UNIT7,0.0,0.0,False,0.0
2024-01-08,22,MCSES_UNIT8,0.0,0.0,False,0.0
2024-01-08,22,NUECES_B_NUECESG8,0.0,0.0,False,0.0
2024-01-08,22,NUECES_B_NUECESG9,0.0,0.0,False,0.0
2024-01-08,22,NUECES_B_NUECESG7,0.0,0.0,False,0.0
2024-01-08,22,CALAVERS_OWS1,0.0,0.0,False,0.0
2024-01-08,22,CALAVERS_OWS2,0.0,0.0,False,0.0
2024-01-08,22,OECCS_CT11,0.0,0.0,False,0.0
2024-01-08,22,OECCS_CT12,0.0,0.0,False,0.0
2024-01-08,22,OECCS_CT21,0.0,0.0,False,0.0
2024-01-08,22,OECCS_CT22,0.0,0.0,False,0.0
2024-01-08,22,OECCS_UNIT1,0.0,0.0,False,0.0
2024-01-08,22,OECCS_UNIT2,0.0,0.0,False,0.0
2024-01-08,22,VICTPRT2_UNIT1,0.0,0.0,False,0.0
2024-01-08,22,VICTPRT2_UNIT2,0.0,0.0,False,0.0
2024-01-08,22,PANDA_S_SHER1CT1,232.0,0.0,True,6496.0
2024-01-08,22,PANDA_S_SHER1CT2,232.0,0.0,True,6496.0
2024-01-08,22,PANDA_S_SHER1ST1,353.1,0.0,True,9886.8
2024-01-08,22,PANDA_T1_TMPL1CT1,0.0,0.0,False,0.0
2024-01-08,22,PANDA_T1_TMPL1CT2,0.0,0.0,False,0.0
2024-01-08,22,PANDA_T1_TMPL1ST1,0.0,0.0,False,0.0
2024-01-08,22,PANDA_T2_TMPL2CT1,0.0,0.0,False,0.0
2024-01-08,22,PANDA_T2_TMPL2CT2,0.0,0.0,False,0.0
2024-01-08,22,PANDA_T2_TMPL2ST1,0.0,0.0,False,0.0
2024-01-08,22,TNSKA_GT1,27.27,63.63000000000001,True,763.56
2024-01-08,22,TNSKA_GT2,27.27,63.63000000000001,True,763.56
2024-01-08,22,TNSKA_STG,27.0,63.0,True,756.0
2024-01-08,22,PSG_PSG_GT2,64.53,150.57,True,1806.84
2024-01-08,22,PSG_PSG_GT3,64.53,150.57,True,1806.84
2024-01-08,22,PSG_PSG_ST2,58.65,136.85,True,1642.2
2024-01-08,22,PEARSAL2_AGR_A,0.0,0.0,False,0.0
2024-01-08,22,PEARSAL2_AGR_B,0.0,0.0,False,0.0
2024-01-08,22,PEARSAL2_AGR_C,0.0,0.0,False,0.0
2024-01-08,22,PEARSAL2_AGR_D,0.0,0.0,False,0.0
2024-01-08,22,PB2SES_CT1,0.0,0.0,False,0.0
2024-01-08,22,PB2SES_CT2,0.0,0.0,False,0.0
2024-01-08,22,PB2SES_CT3,0.0,0.0,False,0.0
2024-01-08,22,PB2SES_CT4,0.0,0.0,False,0.0
2024-01-08,22,PB2SES_CT5,0.0,0.0,False,0.0
2024-01-08,22,PRO_UNIT1,0.0,0.0,False,0.0
2024-01-08,22,PRO_UNIT2,0.0,0.0,False,0.0
2024-01-08,22,PRO_UNIT3,0.0,0.0,False,0.0
2024-01-08,22,PRO_UNIT4,0.0,0.0,False,0.0
2024-01-08,22,PRO_UNIT5,0.0,0.0,False,0.0
2024-01-08,22,PRO_UNIT6,0.0,0.0,False,0.0
2024-01-08,22,PRO_UNIT7,0.0,0.0,False,0.0
2024-01-08,22,PRO_UNIT8,0.0,0.0,False,0.0
2024-01-08,22,BAC_CTG1,0.0,0.0,False,0.0
2024-01-08,22,BAC_CTG2,0.0,0.0,False,0.0
2024-01-08,22,BAC_CTG3,0.0,0.0,False,0.0
2024-01-08,22,BAC_CTG4,0.0,0.0,False,0.0
2024-01-08,22,BAC_CTG5,0.0,0.0,False,0.0
2024-01-08,22,BAC_CTG6,0.0,0.0,False,0.0
2024-01-08,22,STEAM1A_STEAM_1,0.0,0.0,False,0.0
2024-01-08,22,STEAM_STEAM_2,0.0,0.0,False,0.0
2024-01-08,22,STEAM_STEAM_3,0.0,0.0,False,0.0
2024-01-08,22,QALSW_GT1,0.0,0.0,False,0.0
2024-01-08,22,QALSW_GT2,0.0,0.0,False,0.0
2024-01-08,22,QALSW_GT3,0.0,0.0,False,0.0
2024-01-08,22,QALSW_GT4,0.0,0.0,False,0.0
2024-01-08,22,QALSW_STG1,0.0,0.0,False,0.0
2024-01-08,22,QALSW_STG2,0.0,0.0,False,0.0
2024-01-08,22,MIL_MILLERG4,0.0,0.0,False,0.0
2024-01-08,22,MIL_MILLERG5,0.0,0.0,False,0.0
2024-01-08,22,MIL_MILLERG1,0.0,0.0,False,0.0
2024-01-08,22,MIL_MILLERG2,0.0,0.0,False,0.0
2024-01-08,22,MIL_MILLERG3,0.0,0.0,False,0.0
2024-01-08,22,OLINGR_OLING_4,0.0,0.0,False,0.0
2024-01-08,22,OLINGR_OLING_2,0.0,0.0,False,0.0
2024-01-08,22,OLINGR_OLING_3,0.0,0.0,False,0.0
2024-01-08,22,RAB_UNIT1,0.0,0.0,False,0.0
2024-01-08,22,RAB_UNIT2,0.0,0.0,False,0.0
2024-01-08,22,RAB_UNIT3,0.0,0.0,False,0.0
2024-01-08,22,RAB_UNIT4,0.0,0.0,False,0.0
2024-01-08,22,RAB_UNIT5,0.0,0.0,False,0.0
2024-01-08,22,RAB_UNIT6,0.0,0.0,False,0.0
2024-01-08,22,RAB_UNIT7,0.0,0.0,False,0.0
2024-01-08,22,RAB_UNIT8,0.0,0.0,False,0.0
2024-01-08,22,REDGATE_AGR_A,0.0,0.0,False,0.0
2024-01-08,22,REDGATE_AGR_B,0.0,0.0,False,0.0
2024-01-08,22,REDGATE_AGR_C,0.0,0.0,False,0.0
2024-01-08,22,REDGATE_AGR_D,0.0,0.0,False,0.0
2024-01-08,22,JAD_UNIT1,0.0,0.0,False,0.0
2024-01-08,22,JAD_UNIT2,0.0,0.0,False,0.0
2024-01-08,22,JAD_UNIT3,0.0,0.0,False,0.0
2024-01-08,22,JAD_UNIT4,0.0,0.0,False,0.0
2024-01-08,22,JAD_UNIT5,0.0,0.0,False,0.0
2024-01-08,22,JAD_UNIT6,0.0,0.0,False,0.0
2024-01-08,22,JAD_UNIT7,0.0,0.0,False,0.0
2024-01-08,22,JAD_UNIT8,0.0,0.0,False,0.0
2024-01-08,22,RIONOG_CT1,0.0,0.0,False,0.0
2024-01-08,22,RIONOG_CT2,0.0,0.0,False,0.0
2024-01-08,22,RIONOG_CT3,0.0,0.0,False,0.0
2024-01-08,22,RIONOG_ST1,0.0,0.0,False,0.0
2024-01-08,22,RAYBURN_RAYBURG7,48.87598484662376,11.624015153376241,True,1368.5276
2024-01-08,22,RAYBURN_RAYBURG8,60.5,0.0,True,1694.0
2024-01-08,22,RAYBURN_RAYBURG9,60.5,0.0,True,1694.0
2024-01-08,22,RAYBURN_RAYBURG10,12.6,29.4,True,352.8
2024-01-08,22,SJS_SJS_G1,0.0,0.0,False,0.0
2024-01-08,22,SJS_SJS_G2,0.0,0.0,False,0.0
2024-01-08,22,SANDHSYD_SH1,0.0,0.0,False,0.0
2024-01-08,22,SANDHSYD_SH2,0.0,0.0,False,0.0
2024-01-08,22,SANDHSYD_SH3,0.0,0.0,False,0.0
2024-01-08,22,SANDHSYD_SH4,0.0,0.0,False,0.0
2024-01-08,22,SANDHSYD_SH_5A,0.0,0.0,False,0.0
2024-01-08,22,SANDHSYD_SH6,0.0,0.0,False,0.0
2024-01-08,22,SANDHSYD_SH7,0.0,0.0,False,0.0
2024-01-08,22,SANDHSYD_SH_5C,0.0,0.0,False,0.0
2024-01-08,22,SILASRAY_SILAS_10,0.0,0.0,False,0.0
2024-01-08,22,SILASRAY_SILAS_9,0.0,0.0,False,0.0
2024-01-08,22,SILASRAY_SILAS_6,0.0,0.0,False,0.0
2024-01-08,22,GIDEON_GIDEONG1,0.0,0.0,False,0.0
2024-01-08,22,GIDEON_GIDEONG2,0.0,0.0,False,0.0
2024-01-08,22,GIDEON_GIDEONG3,0.0,0.0,False,0.0
2024-01-08,22,SKY1_SKY1A,0.0,0.0,False,0.0
2024-01-08,22,SKY1_SKY1B,0.0,0.0,False,0.0
2024-01-08,22,SPNCER_SPNCE_4,0.0,0.0,False,0.0
2024-01-08,22,SPNCER_SPNCE_5,0.0,0.0,False,0.0
2024-01-08,22,SCSES_UNIT1A,0.0,0.0,False,0.0
2024-01-08,22,SCSES_UNIT2,0.0,0.0,False,0.0
2024-01-08,22,THW_THWGT_1,0.0,0.0,False,0.0
2024-01-08,22,THW_THWGT31,15.39,35.91,True,430.92
2024-01-08,22,THW_THWGT32,15.39,35.91,True,430.92
2024-01-08,22,THW_THWGT33,15.39,35.91,True,430.92
2024-01-08,22,THW_THWGT34,15.39,35.91,True,430.92
2024-01-08,22,THW_THWGT41,15.39,35.91,True,430.92
2024-01-08,22,THW_THWGT42,15.39,35.91,True,430.92
2024-01-08,22,THW_THWGT43,18.6,43.4,True,520.8
2024-01-08,22,THW_THWGT44,18.6,43.4,True,520.8
2024-01-08,22,THW_THWGT51,0.0,0.0,False,0.0
2024-01-08,22,THW_THWGT52,0.0,0.0,False,0.0
2024-01-08,22,THW_THWGT53,0.0,0.0,False,0.0
2024-01-08,22,THW_THWGT54,0.0,0.0,False,0.0
2024-01-08,22,THW_THWGT55,0.0,0.0,False,0.0
2024-01-08,22,THW_THWGT56,0.0,0.0,False,0.0
2024-01-08,22,THW_THWST_3,33.93,79.16999999999999,True,950.04
2024-01-08,22,THW_THWST_4,33.93,79.16999999999999,True,950.04
2024-01-08,22,TXCTY_CTA,129.1,0.0,True,3614.8
2024-01-08,22,TXCTY_CTB,129.1,0.0,True,3614.8
2024-01-08,22,TXCTY_CTC,129.1,0.0,True,3614.8
2024-01-08,22,TXCTY_ST,143.7,0.0,True,4023.6
2024-01-08,22,TGS_GT01,0.0,0.0,False,0.0
2024-01-08,22,TIMPP_AGR1,0.0,0.0,False,0.0
2024-01-08,22,TIMPP_AGR2,0.0,0.0,False,0.0
2024-01-08,22,TIMPP_AGR3,0.0,0.0,False,0.0
2024-01-08,22,TIMPP_AGR4,0.0,0.0,False,0.0
2024-01-08,22,TRSES_UNIT6,0.0,0.0,False,0.0
2024-01-08,22,TOPAZ_UNIT1,0.0,0.0,False,0.0
2024-01-08,22,TOPAZ_UNIT2,0.0,0.0,False,0.0
2024-01-08,22,TOPAZ_UNIT3,0.0,0.0,False,0.0
2024-01-08,22,TOPAZ_UNIT4,0.0,0.0,False,0.0
2024-01-08,22,TOPAZ_UNIT5,0.0,0.0,False,0.0
2024-01-08,22,TOPAZ_UNIT6,0.0,0.0,False,0.0
2024-01-08,22,TOPAZ_UNIT7,0.0,0.0,False,0.0
2024-01-08,22,TOPAZ_UNIT8,0.0,0.0,False,0.0
2024-01-08,22,TOPAZ_UNIT9,0.0,0.0,False,0.0
2024-01-08,22,TOPAZ_UNIT10,0.0,0.0,False,0.0
2024-01-08,22,BRAUNIG_VHB6CT5,0.0,0.0,False,0.0
2024-01-08,22,BRAUNIG_VHB6CT6,0.0,0.0,False,0.0
2024-01-08,22,BRAUNIG_VHB6CT7,0.0,0.0,False,0.0
2024-01-08,22,BRAUNIG_VHB6CT8,0.0,0.0,False,0.0
2024-01-08,22,CITYVICT_CTG01,0.0,0.0,False,0.0
2024-01-08,22,CITYVICT_CTG02,0.0,0.0,False,0.0
2024-01-08,22,VICTPORT_CTG01,0.0,0.0,False,0.0
2024-01-08,22,VICTPORT_CTG02,0.0,0.0,False,0.0
2024-01-08,22,VICTORIA_VICTORG6,0.0,0.0,False,0.0
2024-01-08,22,VICTORIA_VICTORG5,0.0,0.0,False,0.0
2024-01-08,22,WAP_WAPGT_1,0.0,0.0,False,0.0
2024-01-08,22,WAP_WAP_G1,0.0,0.0,False,0.0
2024-01-08,22,WAP_WAP_G2,0.0,0.0,False,0.0
2024-01-08,22,WAP_WAP_G3,0.0,0.0,False,0.0
2024-01-08,22,WAP_WAP_G4,0.0,0.0,False,0.0
2024-01-08,22,WFCOGEN_UNIT1,0.0,0.0,False,0.0
2024-01-08,22,WFCOGEN_UNIT2,0.0,0.0,False,0.0
2024-01-08,22,WFCOGEN_UNIT3,0.0,0.0,False,0.0
2024-01-08,22,WIPOPA_WPP_G1,0.0,0.0,False,0.0
2024-01-08,22,WIPOPA_WPP_G2,0.0,0.0,False,0.0
2024-01-08,22,WIPOPA_WPP_G3,0.0,0.0,False,0.0
2024-01-08,22,WIPOPA_WPP_G4,0.0,0.0,False,0.0
2024-01-08,22,WCPP_CT1,82.5,192.5,True,2310.0
2024-01-08,22,WCPP_CT2,82.5,192.5,True,2310.0
2024-01-08,22,WCPP_ST1,89.4,208.6,True,2503.2
2024-01-08,22,WHCCS_CT1,0.0,0.0,False,0.0
2024-01-08,22,WHCCS_CT2,0.0,0.0,False,0.0
2024-01-08,22,WHCCS_STG,0.0,0.0,False,0.0
2024-01-08,22,WHCCS2_CT4,0.0,0.0,False,0.0
2024-01-08,22,WHCCS2_CT5,0.0,0.0,False,0.0
2024-01-08,22,WHCCS2_STG6,0.0,0.0,False,0.0
2024-01-08,22,NACPW_UNIT1,0.0,0.0,False,0.0
2024-01-08,22,HBR_2UNITS,0.0,0.0,False,0.0
2024-01-08,22,TRIRA_1UNIT,0.0,0.0,False,0.0
2024-01-08,22,78252_4UNITS,0.0,0.0,False,0.0
2024-01-08,22,SPRIN_4UNITS,0.0,0.0,False,0.0
2024-01-08,22,FREIH_2UNITS,0.0,0.0,False,0.0
2024-01-08,22,WSTHL_3UNITS,0.0,0.0,False,0.0
2024-01-08,22,FEGC_CTG2,0.0,0.0,False,0.0
2024-01-08,22,FEGC_CTG3,0.0,0.0,False,0.0
2024-01-08,22,FEGC_CTG4,0.0,0.0,False,0.0
2024-01-08,22,OLNEYTN_AGR1,0.0,0.0,False,0.0
2024-01-08,22,AMISTAD_AMISTAG1,37.9,0.0,True,37.9
2024-01-08,22,AMISTAD_AMISTAG2,37.9,0.0,True,37.9
2024-01-08,22,AUSTPL_AUSTING1,9.0,0.0,True,9.0
2024-01-08,22,AUSTPL_AUSTING2,9.0,0.0,True,9.0
2024-01-08,22,BUCHAN_BUCHANG1,18.299999999999997,3.552713678800501e-15,True,18.3
2024-01-08,22,BUCHAN_BUCHANG2,18.299999999999997,3.552713678800501e-15,True,18.3
2024-01-08,22,BUCHAN_BUCHANG3,18.299999999999997,3.552713678800501e-15,True,18.3
2024-01-08,22,DNDAM_DENISOG1,50.8,0.0,True,50.8
2024-01-08,22,DNDAM_DENISOG2,50.8,0.0,True,50.8
2024-01-08,22,FALCON_FALCONG1,12.0,0.0,True,12.0
2024-01-08,22,FALCON_FALCONG2,12.0,0.0,True,12.0
2024-01-08,22,FALCON_FALCONG3,12.0,0.0,True,12.0
2024-01-08,22,WIRTZ_WIRTZ_G1,29.0,0.0,True,29.0
2024-01-08,22,WIRTZ_WIRTZ_G2,29.0,0.0,True,29.0
2024-01-08,22,CANYHY_CANYHYG1,6.0,0.0,True,6.0
2024-01-08,22,INKSDA_INKS_G1,15.0,0.0,True,15.0
2024-01-08,22,MARBFA_MARBFAG1,21.0,0.0,True,21.0
2024-01-08,22,MARBFA_MARBFAG2,20.0,0.0,True,20.0
2024-01-08,22,MARSFO_MARSFOG1,36.0,0.0,True,36.0
2024-01-08,22,MARSFO_MARSFOG2,36.0,0.0,True,36.0
2024-01-08,22,MARSFO_MARSFOG3,36.0,0.0,True,36.0
2024-01-08,22,WND_WHITNEY1,22.0,0.0,True,22.0
2024-01-08,22,WND_WHITNEY2,22.0,0.0,True,22.0
2024-01-08,22,AEEC_ANTLP_1,0.0,0.0,False,0.0
2024-01-08,22,AEEC_ANTLP_2,0.0,0.0,False,0.0
2024-01-08,22,AEEC_ANTLP_3,0.0,0.0,False,0.0
2024-01-08,22,AEEC_ELK_1,0.0,0.0,False,0.0
2024-01-08,22,AEEC_ELK_2,0.0,0.0,False,0.0
2024-01-08,22,AEEC_ELK_3,0.0,0.0,False,0.0
2024-01-08,22,FTR_FTR_G1,0.0,0.0,False,0.0
2024-01-08,22,FTR_FTR_G2,0.0,0.0,False,0.0
2024-01-08,22,FTR_FTR_G3,0.0,0.0,False,0.0
2024-01-08,22,FTR_FTR_G4,0.0,0.0,False,0.0
2024-01-08,22,TGCCS_CT1,0.0,0.0,False,0.0
2024-01-08,22,TGCCS_CT2,0.0,0.0,False,0.0
2024-01-08,22,TGCCS_CT3,0.0,0.0,False,0.0
2024-01-08,22,TGCCS_UNIT4,0.0,0.0,False,0.0
2024-01-08,22,KMCHI_1CT101,185.0,0.0,True,5180.0
2024-01-08,22,KMCHI_1CT201,185.0,0.0,True,5180.0
2024-01-08,22,KMCHI_1ST,330.0,0.0,True,9240.0
2024-01-08,22,KMCHI_2CT101,55.5,129.5,True,1554.0
2024-01-08,22,KMCHI_2CT201,55.5,129.5,True,1554.0
2024-01-08,22,KMCHI_2ST,330.0,0.0,True,9240.0
2024-01-08,22,A4_DGR1,0.0,0.0,False,0.0
2024-01-08,22,A4_DGR2,0.0,0.0,False,0.0
2024-01-08,22,K2_DGR1,0.0,0.0,False,0.0
2024-01-08,22,K2_DGR2,0.0,0.0,False,0.0
2024-01-08,22,P2_DGR1,0.0,0.0,False,0.0
2024-01-08,22,P2_DGR2,0.0,0.0,False,0.0
2024-01-08,22,Q1_DGR1,0.0,0.0,False,0.0
2024-01-08,22,BRAUNIG_VHB3,0.0,0.0,False,0.0
2024-01-08,22,V2_DGR1,0.0,0.0,False,0.0
2024-01-08,22,V2_DGR2,0.0,0.0,False,0.0
2024-01-08,22,V2_DGR3,0.0,0.0,False,0.0
2024-01-08,22,V4_DGR1,0.0,0.0,False,0.0
2024-01-08,22,X1_DGR1,0.0,0.0,False,0.0
2024-01-08,22,Z0_DGR1,0.0,0.0,False,0.0
2024-01-08,22,Z0_DGR2,0.0,0.0,False,0.0
2024-01-08,22,Z5_DGR1,0.0,0.0,False,0.0
2024-01-08,22,DC_E,0.0,0.0,False,0.0
2024-01-08,22,DC_N,0.0,0.0,False,0.0
2024-01-08,22,DC_L,0.0,0.0,False,0.0
2024-01-08,22,DC_R,0.0,0.0,False,0.0
2024-01-08,22,CEDARVALE_GAS,0.0,0.0,False,0.0
2024-01-08,22,ENCHANTED_ROCK_NEWPP,0.0,0.0,False,0.0
2024-01-08,23,CPSES_UNIT1,1269.0,0.0,True,10152.0
2024-01-08,23,CPSES_UNIT2,1269.0,0.0,True,10152.0
2024-01-08,23,STP_STP_G1,1365.0,0.0,True,10920.0
2024-01-08,23,STP_STP_G2,1365.0,0.0,True,10920.0
2024-01-08,23,COLETO_COLETOG1,0.0,0.0,False,0.0
2024-01-08,23,FPPYD1_FPP_G1,0.0,0.0,False,0.0
2024-01-08,23,FPPYD1_FPP_G2,0.0,0.0,False,0.0
2024-01-08,23,FPPYD2_FPP_G3,0.0,0.0,False,0.0
2024-01-08,23,CALAVERS_JKS1,0.0,0.0,False,0.0
2024-01-08,23,CALAVERS_JKS2,0.0,0.0,False,0.0
2024-01-08,23,LEG_LEG_G1,357.2,535.8,True,8930.0
2024-01-08,23,LEG_LEG_G2,382.72,574.0799999999999,True,9568.0
2024-01-08,23,MLSES_UNIT1,893.0,0.0,True,22325.0
2024-01-08,23,MLSES_UNIT2,893.0,0.0,True,22325.0
2024-01-08,23,MLSES_UNIT3,893.0,0.0,True,22325.0
2024-01-08,23,OGSES_UNIT1A,0.0,0.0,False,0.0
2024-01-08,23,OGSES_UNIT2,0.0,0.0,False,0.0
2024-01-08,23,SANMIGL_G1,0.0,0.0,False,0.0
2024-01-08,23,SCES_UNIT1,0.0,0.0,False,0.0
2024-01-08,23,TNP_ONE_TNP_O_1,0.0,0.0,False,0.0
2024-01-08,23,TNP_ONE_TNP_O_2,0.0,0.0,False,0.0
2024-01-08,23,WAP_WAP_G5,734.1,0.0,True,18352.5
2024-01-08,23,WAP_WAP_G6,734.1,0.0,True,18352.5
2024-01-08,23,WAP_WAP_G7,614.6,0.0,True,15365.0
2024-01-08,23,WAP_WAP_G8,654.0,0.0,True,16350.0
2024-01-08,23,BRAUNIG_AVR1_CT1,0.0,0.0,False,0.0
2024-01-08,23,BRAUNIG_AVR1_CT2,0.0,0.0,False,0.0
2024-01-08,23,BRAUNIG_AVR1_ST,0.0,0.0,False,0.0
2024-01-08,23,ATKINS_ATKINSG7,0.0,0.0,False,0.0
2024-01-08,23,B_DAVIS_B_DAVIG3,0.0,0.0,False,0.0
2024-01-08,23,B_DAVIS_B_DAVIG4,0.0,0.0,False,0.0
2024-01-08,23,B_DAVIS_B_DAVIG1,0.0,0.0,False,0.0
2024-01-08,23,B_DAVIS_B_DAVIG2,0.0,0.0,False,0.0
2024-01-08,23,BASTEN_GTG1100,0.0,0.0,False,0.0
2024-01-08,23,BASTEN_GTG2100,0.0,0.0,False,0.0
2024-01-08,23,BASTEN_ST0100,0.0,0.0,False,0.0
2024-01-08,23,BCH_UNIT1,6.05,54.45,True,254.1
2024-01-08,23,BCH_UNIT2,0.0,0.0,False,0.0
2024-01-08,23,BCH_UNIT3,0.0,0.0,False,0.0
2024-01-08,23,BCH_UNIT4,6.05,54.45,True,254.1
2024-01-08,23,BCH_UNIT5,6.05,54.45,True,254.1
2024-01-08,23,BCH_UNIT6,6.05,54.45,True,254.1
2024-01-08,23,BCH_UNIT7,6.05,54.45,True,254.1
2024-01-08,23,BCH_UNIT8,6.05,54.45,True,254.1
2024-01-08,23,BOSQUESW_BSQSU_1,0.0,0.0,False,0.0
2024-01-08,23,BOSQUESW_BSQSU_2,0.0,0.0,False,0.0
2024-01-08,23,BOSQUESW_BSQSU_3,0.0,0.0,False,0.0
2024-01-08,23,BOSQUESW_BSQSU_4,0.0,0.0,False,0.0
2024-01-08,23,BOSQUESW_BSQSU_5,0.0,0.0,False,0.0
2024-01-08,23,BVE_UNIT1,0.0,0.0,False,0.0
2024-01-08,23,BVE_UNIT2,0.0,0.0,False,0.0
2024-01-08,23,BVE_UNIT3,0.0,0.0,False,0.0
2024-01-08,23,BTM_UNIT1,0.0,0.0,False,0.0
2024-01-08,23,BTM_UNIT2,0.0,0.0,False,0.0
2024-01-08,23,BTM_UNIT3,0.0,0.0,False,0.0
2024-01-08,23,BTM_UNIT4,0.0,0.0,False,0.0
2024-01-08,23,BTM_UNIT5,0.0,0.0,False,0.0
2024-01-08,23,BTM_UNIT6,0.0,0.0,False,0.0
2024-01-08,23,BTM_UNIT7,0.0,0.0,False,0.0
2024-01-08,23,BTM_UNIT8,0.0,0.0,False,0.0
2024-01-08,23,FLCNS_UNIT1,0.0,0.0,False,0.0
2024-01-08,23,FLCNS_UNIT2,0.0,0.0,False,0.0
2024-01-08,23,CALHOUN_UNIT1,0.0,0.0,False,0.0
2024-01-08,23,CALHOUN_UNIT2,0.0,0.0,False,0.0
2024-01-08,23,CHAMON_CTG_0101,0.0,0.0,False,0.0
2024-01-08,23,CHAMON_CTG_0301,0.0,0.0,False,0.0
2024-01-08,23,CBY4_CT41,61.5,143.5,True,1722.0
2024-01-08,23,CBY4_CT42,61.5,143.5,True,1722.0
2024-01-08,23,CBY4_ST04,61.5,143.5,True,1722.0
2024-01-08,23,CBY_CBY_G1,0.0,0.0,False,0.0
2024-01-08,23,CBY_CBY_G2,0.0,0.0,False,0.0
2024-01-08,23,CBEC_GT1,0.0,0.0,False,0.0
2024-01-08,23,CBEC_GT2,0.0,0.0,False,0.0
2024-01-08,23,CBEC_GT3,0.0,0.0,False,0.0
2024-01-08,23,CBEC_GT4,0.0,0.0,False,0.0
2024-01-08,23,CBEC_STG1,0.0,0.0,False,0.0
2024-01-08,23,CBEC_STG2,0.0,0.0,False,0.0
2024-01-08,23,CBECII_CT7,0.0,0.0,False,0.0
2024-01-08,23,CBECII_CT8,0.0,0.0,False,0.0
2024-01-08,23,CBECII_STG9,0.0,0.0,False,0.0
2024-01-08,23,CBEC_GT11,0.0,0.0,False,0.0
2024-01-08,23,CBEC_GT12,0.0,0.0,False,0.0
2024-01-08,23,CVC_CVC_G1,0.0,0.0,False,0.0
2024-01-08,23,CVC_CVC_G2,0.0,0.0,False,0.0
2024-01-08,23,CVC_CVC_G3,0.0,0.0,False,0.0
2024-01-08,23,CVC_CVC_G5,0.0,0.0,False,0.0
2024-01-08,23,DANSBY_DANSBYG2,0.0,0.0,False,0.0
2024-01-08,23,DANSBY_DANSBYG3,0.0,0.0,False,0.0
2024-01-08,23,DANSBY_DANSBYG1,0.0,0.0,False,0.0
2024-01-08,23,DECKER_DPGT_1,0.0,0.0,False,0.0
2024-01-08,23,DECKER_DPGT_2,0.0,0.0,False,0.0
2024-01-08,23,DECKER_DPGT_3,0.0,0.0,False,0.0
2024-01-08,23,DECKER_DPGT_4,0.0,0.0,False,0.0
2024-01-08,23,DCSES_CT10,0.0,0.0,False,0.0
2024-01-08,23,DCSES_CT20,0.0,0.0,False,0.0
2024-01-08,23,DCSES_CT30,0.0,0.0,False,0.0
2024-01-08,23,DCSES_CT40,0.0,0.0,False,0.0
2024-01-08,23,DDPEC_GT1,60.9,142.1,True,1705.2
2024-01-08,23,DDPEC_GT2,64.5,150.5,True,1806.0
2024-01-08,23,DDPEC_GT3,60.9,142.1,True,1705.2
2024-01-08,23,DDPEC_GT4,64.5,150.5,True,1806.0
2024-01-08,23,DDPEC_GT6,59.7,139.3,True,1671.6
2024-01-08,23,DDPEC_ST1,87.0,203.0,True,2436.0
2024-01-08,23,DEC_AGR_A,0.0,0.0,False,0.0
2024-01-08,23,DEC_AGR_B,0.0,0.0,False,0.0
2024-01-08,23,DEC_AGR_C,0.0,0.0,False,0.0
2024-01-08,23,DEC_AGR_D,0.0,0.0,False,0.0
2024-01-08,23,ECEC_G1,0.0,0.0,False,0.0
2024-01-08,23,ECEC_G2,0.0,0.0,False,0.0
2024-01-08,23,ETCCS_CT1,0.0,0.0,False,0.0
2024-01-08,23,ETCCS_UNIT1,0.0,0.0,False,0.0
2024-01-08,23,AZ_AZ_G1,0.0,0.0,False,0.0
2024-01-08,23,AZ_AZ_G2,0.0,0.0,False,0.0
2024-01-08,23,AZ_AZ_G3,0.0,0.0,False,0.0
2024-01-08,23,AZ_AZ_G4,0.0,0.0,False,0.0
2024-01-08,23,FERGCC_FERGGT1,0.0,0.0,False,0.0
2024-01-08,23,FERGCC_FERGGT2,0.0,0.0,False,0.0
2024-01-08,23,FERGCC_FERGST1,0.0,0.0,False,0.0
2024-01-08,23,FRNYPP_GT11,59.01,137.69,True,1652.28
2024-01-08,23,FRNYPP_GT12,59.01,137.69,True,1652.28
2024-01-08,23,FRNYPP_GT13,59.01,137.69,True,1652.28
2024-01-08,23,FRNYPP_GT21,59.01,137.69,True,1652.28
2024-01-08,23,FRNYPP_GT22,59.01,137.69,True,1652.28
2024-01-08,23,FRNYPP_GT23,59.01,137.69,True,1652.28
2024-01-08,23,FRNYPP_ST10,0.0,0.0,False,0.0
2024-01-08,23,FRNYPP_ST20,126.6,295.4,True,3544.8
2024-01-08,23,FREC_GT1,0.0,0.0,False,0.0
2024-01-08,23,FREC_GT2,0.0,0.0,False,0.0
2024-01-08,23,FREC_GT4,0.0,0.0,False,0.0
2024-01-08,23,FREC_GT5,0.0,0.0,False,0.0
2024-01-08,23,FREC_ST3,0.0,0.0,False,0.0
2024-01-08,23,FREC_ST6,0.0,0.0,False,0.0
2024-01-08,23,FEGC_UNIT1,0.0,0.0,False,0.0
2024-01-08,23,FRONT_EC_CT1,0.0,0.0,False,0.0
2024-01-08,23,FRONT_EC_CT2,0.0,0.0,False,0.0
2024-01-08,23,FRONT_EC_ST,0.0,0.0,False,0.0
2024-01-08,23,GRSES_UNIT1,0.0,0.0,False,0.0
2024-01-08,23,GRSES_UNIT2,0.0,0.0,False,0.0
2024-01-08,23,GBY_GBYGT73,0.0,0.0,False,0.0
2024-01-08,23,GBY_GBYGT74,0.0,0.0,False,0.0
2024-01-08,23,GBY_GBYGT81,0.0,0.0,False,0.0
2024-01-08,23,GBY_GBYGT82,0.0,0.0,False,0.0
2024-01-08,23,GBY_GBYGT83,0.0,0.0,False,0.0
2024-01-08,23,GBY_GBYGT84,0.0,0.0,False,0.0
2024-01-08,23,STEAM_ENGINE_1,0.0,0.0,False,0.0
2024-01-08,23,STEAM_ENGINE_2,0.0,0.0,False,0.0
2024-01-08,23,STEAM_ENGINE_3,0.0,0.0,False,0.0
2024-01-08,23,LGE_LGE_GT1,0.0,0.0,False,0.0
2024-01-08,23,LGE_LGE_GT2,0.0,0.0,False,0.0
2024-01-08,23,LGE_LGE_STG,0.0,0.0,False,0.0
2024-01-08,23,GUADG_GAS1,0.0,0.0,False,0.0
2024-01-08,23,GUADG_GAS2,0.0,0.0,False,0.0
2024-01-08,23,GUADG_GAS3,0.0,0.0,False,0.0
2024-01-08,23,GUADG_GAS4,0.0,0.0,False,0.0
2024-01-08,23,GUADG_STM5,0.0,0.0,False,0.0
2024-01-08,23,GUADG_STM6,0.0,0.0,False,0.0
2024-01-08,23,HLSES_UNIT3,0.0,0.0,False,0.0
2024-01-08,23,HLSES_UNIT4,0.0,0.0,False,0.0
2024-01-08,23,HLSES_UNIT5,0.0,0.0,False,0.0
2024-01-08,23,HAYSEN_HAYSENG1,0.0,0.0,False,0.0
2024-01-08,23,HAYSEN_HAYSENG2,0.0,0.0,False,0.0
2024-01-08,23,HAYSEN_HAYSENG3,0.0,0.0,False,0.0
2024-01-08,23,HAYSEN_HAYSENG4,0.0,0.0,False,0.0
2024-01-08,23,DUKE_DUKE_GT1,0.0,0.0,False,0.0
2024-01-08,23,DUKE_DUKE_GT2,0.0,0.0,False,0.0
2024-01-08,23,DUKE_DUKE_ST1,0.0,0.0,False,0.0
2024-01-08,23,JACKCNTY_CT1,59.67,139.23,True,1670.76
2024-01-08,23,JACKCNTY_CT2,59.67,139.23,True,1670.76
2024-01-08,23,JCKCNTY2_CT3,59.67,139.23,True,1670.76
2024-01-08,23,JCKCNTY2_CT4,59.67,139.23,True,1670.76
2024-01-08,23,JACKCNTY_STG,96.18,224.42000000000002,True,2693.04
2024-01-08,23,JCKCNTY2_ST2,96.18,224.42000000000002,True,2693.04
2024-01-08,23,TEN_CT1,0.0,0.0,False,0.0
2024-01-08,23,TEN_STG,0.0,0.0,False,0.0
2024-01-08,23,LHSES_UNIT1,0.0,0.0,False,0.0
2024-01-08,23,LHSES_UNIT2A,0.0,0.0,False,0.0
2024-01-08,23,LPCCS_CT11,55.8,130.2,True,1562.4
2024-01-08,23,LPCCS_CT12,55.8,130.2,True,1562.4
2024-01-08,23,LPCCS_CT21,55.8,130.2,True,1562.4
2024-01-08,23,LPCCS_CT22,55.8,130.2,True,1562.4
2024-01-08,23,LPCCS_UNIT1,64.8,151.2,True,1814.4
2024-01-08,23,LPCCS_UNIT2,64.8,151.2,True,1814.4
2024-01-08,23,LARDVFTN_G4,0.0,0.0,False,0.0
2024-01-08,23,LARDVFTN_G5,0.0,0.0,False,0.0
2024-01-08,23,LEON_CRK_LCPCT1,0.0,0.0,False,0.0
2024-01-08,23,LEON_CRK_LCPCT2,0.0,0.0,False,0.0
2024-01-08,23,LEON_CRK_LCPCT3,0.0,0.0,False,0.0
2024-01-08,23,LEON_CRK_LCPCT4,0.0,0.0,False,0.0
2024-01-08,23,LIG_UNIT1,0.0,0.0,False,0.0
2024-01-08,23,LIG_UNIT2,0.0,0.0,False,0.0
2024-01-08,23,LOSTPI_LOSTPGT1,0.0,0.0,False,0.0
2024-01-08,23,LOSTPI_LOSTPGT2,0.0,0.0,False,0.0
2024-01-08,23,LOSTPI_LOSTPST1,0.0,0.0,False,0.0
2024-01-08,23,NEDIN_NEDIN_G1,0.0,0.0,False,0.0
2024-01-08,23,NEDIN_NEDIN_G2,0.0,0.0,False,0.0
2024-01-08,23,NEDIN_NEDIN_G3,0.0,0.0,False,0.0
2024-01-08,23,MDANP_CT1,0.0,0.0,False,0.0
2024-01-08,23,MDANP_CT2,0.0,0.0,False,0.0
2024-01-08,23,MDANP_CT3,0.0,0.0,False,0.0
2024-01-08,23,MDANP_CT4,0.0,0.0,False,0.0
2024-01-08,23,MDANP_CT5,0.0,0.0,False,0.0
2024-01-08,23,MDANP_CT6,0.0,0.0,False,0.0
2024-01-08,23,MGSES_CT1,0.0,0.0,False,0.0
2024-01-08,23,MGSES_CT2,0.0,0.0,False,0.0
2024-01-08,23,MGSES_CT3,0.0,0.0,False,0.0
2024-01-08,23,MGSES_CT4,0.0,0.0,False,0.0
2024-01-08,23,MGSES_CT5,0.0,0.0,False,0.0
2024-01-08,23,MGSES_CT6,0.0,0.0,False,0.0
2024-01-08,23,MCSES_UNIT6,0.0,0.0,False,0.0
2024-01-08,23,MCSES_UNIT7,0.0,0.0,False,0.0
2024-01-08,23,MCSES_UNIT8,0.0,0.0,False,0.0
2024-01-08,23,NUECES_B_NUECESG8,0.0,0.0,False,0.0
2024-01-08,23,NUECES_B_NUECESG9,0.0,0.0,False,0.0
2024-01-08,23,NUECES_B_NUECESG7,0.0,0.0,False,0.0
2024-01-08,23,CALAVERS_OWS1,0.0,0.0,False,0.0
2024-01-08,23,CALAVERS_OWS2,0.0,0.0,False,0.0
2024-01-08,23,OECCS_CT11,0.0,0.0,False,0.0
2024-01-08,23,OECCS_CT12,0.0,0.0,False,0.0
2024-01-08,23,OECCS_CT21,0.0,0.0,False,0.0
2024-01-08,23,OECCS_CT22,0.0,0.0,False,0.0
2024-01-08,23,OECCS_UNIT1,0.0,0.0,False,0.0
2024-01-08,23,OECCS_UNIT2,0.0,0.0,False,0.0
2024-01-08,23,VICTPRT2_UNIT1,0.0,0.0,False,0.0
2024-01-08,23,VICTPRT2_UNIT2,0.0,0.0,False,0.0
2024-01-08,23,PANDA_S_SHER1CT1,232.0,0.0,True,6496.0
2024-01-08,23,PANDA_S_SHER1CT2,232.0,0.0,True,6496.0
2024-01-08,23,PANDA_S_SHER1ST1,353.1,0.0,True,9886.8
2024-01-08,23,PANDA_T1_TMPL1CT1,0.0,0.0,False,0.0
2024-01-08,23,PANDA_T1_TMPL1CT2,0.0,0.0,False,0.0
2024-01-08,23,PANDA_T1_TMPL1ST1,0.0,0.0,False,0.0
2024-01-08,23,PANDA_T2_TMPL2CT1,0.0,0.0,False,0.0
2024-01-08,23,PANDA_T2_TMPL2CT2,0.0,0.0,False,0.0
2024-01-08,23,PANDA_T2_TMPL2ST1,0.0,0.0,False,0.0
2024-01-08,23,TNSKA_GT1,27.27,63.63000000000001,True,763.56
2024-01-08,23,TNSKA_GT2,27.27,63.63000000000001,True,763.56
2024-01-08,23,TNSKA_STG,27.0,63.0,True,756.0
2024-01-08,23,PSG_PSG_GT2,159.18408715447947,55.91591284552052,True,4457.1544
2024-01-08,23,PSG_PSG_GT3,215.1,0.0,True,6022.8
2024-01-08,23,PSG_PSG_ST2,195.5,0.0,True,5474.0
2024-01-08,23,PEARSAL2_AGR_A,0.0,0.0,False,0.0
2024-01-08,23,PEARSAL2_AGR_B,0.0,0.0,False,0.0
2024-01-08,23,PEARSAL2_AGR_C,0.0,0.0,False,0.0
2024-01-08,23,PEARSAL2_AGR_D,0.0,0.0,False,0.0
2024-01-08,23,PB2SES_CT1,0.0,0.0,False,0.0
2024-01-08,23,PB2SES_CT2,0.0,0.0,False,0.0
2024-01-08,23,PB2SES_CT3,0.0,0.0,False,0.0
2024-01-08,23,PB2SES_CT4,0.0,0.0,False,0.0
2024-01-08,23,PB2SES_CT5,0.0,0.0,False,0.0
2024-01-08,23,PRO_UNIT1,0.0,0.0,False,0.0
2024-01-08,23,PRO_UNIT2,0.0,0.0,False,0.0
2024-01-08,23,PRO_UNIT3,0.0,0.0,False,0.0
2024-01-08,23,PRO_UNIT4,0.0,0.0,False,0.0
2024-01-08,23,PRO_UNIT5,0.0,0.0,False,0.0
2024-01-08,23,PRO_UNIT6,0.0,0.0,False,0.0
2024-01-08,23,PRO_UNIT7,0.0,0.0,False,0.0
2024-01-08,23,PRO_UNIT8,0.0,0.0,False,0.0
2024-01-08,23,BAC_CTG1,0.0,0.0,False,0.0
2024-01-08,23,BAC_CTG2,0.0,0.0,False,0.0
2024-01-08,23,BAC_CTG3,0.0,0.0,False,0.0
2024-01-08,23,BAC_CTG4,0.0,0.0,False,0.0
2024-01-08,23,BAC_CTG5,0.0,0.0,False,0.0
2024-01-08,23,BAC_CTG6,0.0,0.0,False,0.0
2024-01-08,23,STEAM1A_STEAM_1,0.0,0.0,False,0.0
2024-01-08,23,STEAM_STEAM_2,0.0,0.0,False,0.0
2024-01-08,23,STEAM_STEAM_3,0.0,0.0,False,0.0
2024-01-08,23,QALSW_GT1,0.0,0.0,False,0.0
2024-01-08,23,QALSW_GT2,0.0,0.0,False,0.0
2024-01-08,23,QALSW_GT3,0.0,0.0,False,0.0
2024-01-08,23,QALSW_GT4,0.0,0.0,False,0.0
2024-01-08,23,QALSW_STG1,0.0,0.0,False,0.0
2024-01-08,23,QALSW_STG2,0.0,0.0,False,0.0
2024-01-08,23,MIL_MILLERG4,0.0,0.0,False,0.0
2024-01-08,23,MIL_MILLERG5,0.0,0.0,False,0.0
2024-01-08,23,MIL_MILLERG1,0.0,0.0,False,0.0
2024-01-08,23,MIL_MILLERG2,0.0,0.0,False,0.0
2024-01-08,23,MIL_MILLERG3,0.0,0.0,False,0.0
2024-01-08,23,OLINGR_OLING_4,0.0,0.0,False,0.0
2024-01-08,23,OLINGR_OLING_2,0.0,0.0,False,0.0
2024-01-08,23,OLINGR_OLING_3,0.0,0.0,False,0.0
2024-01-08,23,RAB_UNIT1,0.0,0.0,False,0.0
2024-01-08,23,RAB_UNIT2,0.0,0.0,False,0.0
2024-01-08,23,RAB_UNIT3,0.0,0.0,False,0.0
2024-01-08,23,RAB_UNIT4,0.0,0.0,False,0.0
2024-01-08,23,RAB_UNIT5,0.0,0.0,False,0.0
2024-01-08,23,RAB_UNIT6,0.0,0.0,False,0.0
2024-01-08,23,RAB_UNIT7,0.0,0.0,False,0.0
2024-01-08,23,RAB_UNIT8,0.0,0.0,False,0.0
2024-01-08,23,REDGATE_AGR_A,0.0,0.0,False,0.0
2024-01-08,23,REDGATE_AGR_B,0.0,0.0,False,0.0
2024-01-08,23,REDGATE_AGR_C,0.0,0.0,False,0.0
2024-01-08,23,REDGATE_AGR_D,0.0,0.0,False,0.0
2024-01-08,23,JAD_UNIT1,0.0,0.0,False,0.0
2024-01-08,23,JAD_UNIT2,0.0,0.0,False,0.0
2024-01-08,23,JAD_UNIT3,0.0,0.0,False,0.0
2024-01-08,23,JAD_UNIT4,0.0,0.0,False,0.0
2024-01-08,23,JAD_UNIT5,0.0,0.0,False,0.0
2024-01-08,23,JAD_UNIT6,0.0,0.0,False,0.0
2024-01-08,23,JAD_UNIT7,0.0,0.0,False,0.0
2024-01-08,23,JAD_UNIT8,0.0,0.0,False,0.0
2024-01-08,23,RIONOG_CT1,0.0,0.0,False,0.0
2024-01-08,23,RIONOG_CT2,0.0,0.0,False,0.0
2024-01-08,23,RIONOG_CT3,0.0,0.0,False,0.0
2024-01-08,23,RIONOG_ST1,0.0,0.0,False,0.0
2024-01-08,23,RAYBURN_RAYBURG7,40.377339895506786,20.122660104493214,True,1130.5655
2024-01-08,23,RAYBURN_RAYBURG8,60.5,0.0,True,1694.0
2024-01-08,23,RAYBURN_RAYBURG9,60.5,0.0,True,1694.0
2024-01-08,23,RAYBURN_RAYBURG10,12.6,29.4,True,352.8
2024-01-08,23,SJS_SJS_G1,0.0,0.0,False,0.0
2024-01-08,23,SJS_SJS_G2,0.0,0.0,False,0.0
2024-01-08,23,SANDHSYD_SH1,0.0,0.0,False,0.0
2024-01-08,23,SANDHSYD_SH2,0.0,0.0,False,0.0
2024-01-08,23,SANDHSYD_SH3,0.0,0.0,False,0.0
2024-01-08,23,SANDHSYD_SH4,0.0,0.0,False,0.0
2024-01-08,23,SANDHSYD_SH_5A,0.0,0.0,False,0.0
2024-01-08,23,SANDHSYD_SH6,0.0,0.0,False,0.0
2024-01-08,23,SANDHSYD_SH7,0.0,0.0,False,0.0
2024-01-08,23,SANDHSYD_SH_5C,0.0,0.0,False,0.0
2024-01-08,23,SILASRAY_SILAS_10,0.0,0.0,False,0.0
2024-01-08,23,SILASRAY_SILAS_9,0.0,0.0,False,0.0
2024-01-08,23,SILASRAY_SILAS_6,0.0,0.0,False,0.0
2024-01-08,23,GIDEON_GIDEONG1,0.0,0.0,False,0.0
2024-01-08,23,GIDEON_GIDEONG2,0.0,0.0,False,0.0
2024-01-08,23,GIDEON_GIDEONG3,0.0,0.0,False,0.0
2024-01-08,23,SKY1_SKY1A,0.0,0.0,False,0.0
2024-01-08,23,SKY1_SKY1B,0.0,0.0,False,0.0
2024-01-08,23,SPNCER_SPNCE_4,0.0,0.0,False,0.0
2024-01-08,23,SPNCER_SPNCE_5,0.0,0.0,False,0.0
2024-01-08,23,SCSES_UNIT1A,0.0,0.0,False,0.0
2024-01-08,23,SCSES_UNIT2,0.0,0.0,False,0.0
2024-01-08,23,THW_THWGT_1,0.0,0.0,False,0.0
2024-01-08,23,THW_THWGT31,0.0,0.0,False,0.0
2024-01-08,23,THW_THWGT32,0.0,0.0,False,0.0
2024-01-08,23,THW_THWGT33,0.0,0.0,False,0.0
2024-01-08,23,THW_THWGT34,0.0,0.0,False,0.0
2024-01-08,23,THW_THWGT41,0.0,0.0,False,0.0
2024-01-08,23,THW_THWGT42,0.0,0.0,False,0.0
2024-01-08,23,THW_THWGT43,0.0,0.0,False,0.0
2024-01-08,23,THW_THWGT44,0.0,0.0,False,0.0
2024-01-08,23,THW_THWGT51,0.0,0.0,False,0.0
2024-01-08,23,THW_THWGT52,0.0,0.0,False,0.0
2024-01-08,23,THW_THWGT53,0.0,0.0,False,0.0
2024-01-08,23,THW_THWGT54,0.0,0.0,False,0.0
2024-01-08,23,THW_THWGT55,0.0,0.0,False,0.0
2024-01-08,23,THW_THWGT56,0.0,0.0,False,0.0
2024-01-08,23,THW_THWST_3,0.0,0.0,False,0.0
2024-01-08,23,THW_THWST_4,0.0,0.0,False,0.0
2024-01-08,23,TXCTY_CTA,129.1,0.0,True,3614.8
2024-01-08,23,TXCTY_CTB,129.1,0.0,True,3614.8
2024-01-08,23,TXCTY_CTC,129.1,0.0,True,3614.8
2024-01-08,23,TXCTY_ST,143.7,0.0,True,4023.6
2024-01-08,23,TGS_GT01,0.0,0.0,False,0.0
2024-01-08,23,TIMPP_AGR1,0.0,0.0,False,0.0
2024-01-08,23,TIMPP_AGR2,0.0,0.0,False,0.0
2024-01-08,23,TIMPP_AGR3,0.0,0.0,False,0.0
2024-01-08,23,TIMPP_AGR4,0.0,0.0,False,0.0
2024-01-08,23,TRSES_UNIT6,0.0,0.0,False,0.0
2024-01-08,23,TOPAZ_UNIT1,0.0,0.0,False,0.0
2024-01-08,23,TOPAZ_UNIT2,0.0,0.0,False,0.0
2024-01-08,23,TOPAZ_UNIT3,0.0,0.0,False,0.0
2024-01-08,23,TOPAZ_UNIT4,0.0,0.0,False,0.0
2024-01-08,23,TOPAZ_UNIT5,0.0,0.0,False,0.0
2024-01-08,23,TOPAZ_UNIT6,0.0,0.0,False,0.0
2024-01-08,23,TOPAZ_UNIT7,0.0,0.0,False,0.0
2024-01-08,23,TOPAZ_UNIT8,0.0,0.0,False,0.0
2024-01-08,23,TOPAZ_UNIT9,0.0,0.0,False,0.0
2024-01-08,23,TOPAZ_UNIT10,0.0,0.0,False,0.0
2024-01-08,23,BRAUNIG_VHB6CT5,0.0,0.0,False,0.0
2024-01-08,23,BRAUNIG_VHB6CT6,0.0,0.0,False,0.0
2024-01-08,23,BRAUNIG_VHB6CT7,0.0,0.0,False,0.0
2024-01-08,23,BRAUNIG_VHB6CT8,0.0,0.0,False,0.0
2024-01-08,23,CITYVICT_CTG01,0.0,0.0,False,0.0
2024-01-08,23,CITYVICT_CTG02,0.0,0.0,False,0.0
2024-01-08,23,VICTPORT_CTG01,0.0,0.0,False,0.0
2024-01-08,23,VICTPORT_CTG02,0.0,0.0,False,0.0
2024-01-08,23,VICTORIA_VICTORG6,0.0,0.0,False,0.0
2024-01-08,23,VICTORIA_VICTORG5,0.0,0.0,False,0.0
2024-01-08,23,WAP_WAPGT_1,0.0,0.0,False,0.0
2024-01-08,23,WAP_WAP_G1,0.0,0.0,False,0.0
2024-01-08,23,WAP_WAP_G2,0.0,0.0,False,0.0
2024-01-08,23,WAP_WAP_G3,0.0,0.0,False,0.0
2024-01-08,23,WAP_WAP_G4,0.0,0.0,False,0.0
2024-01-08,23,WFCOGEN_UNIT1,0.0,0.0,False,0.0
2024-01-08,23,WFCOGEN_UNIT2,0.0,0.0,False,0.0
2024-01-08,23,WFCOGEN_UNIT3,0.0,0.0,False,0.0
2024-01-08,23,WIPOPA_WPP_G1,0.0,0.0,False,0.0
2024-01-08,23,WIPOPA_WPP_G2,0.0,0.0,False,0.0
2024-01-08,23,WIPOPA_WPP_G3,0.0,0.0,False,0.0
2024-01-08,23,WIPOPA_WPP_G4,0.0,0.0,False,0.0
2024-01-08,23,WCPP_CT1,82.5,192.5,True,2310.0
2024-01-08,23,WCPP_CT2,82.5,192.5,True,2310.0
2024-01-08,23,WCPP_ST1,89.4,208.6,True,2503.2
2024-01-08,23,WHCCS_CT1,0.0,0.0,False,0.0
2024-01-08,23,WHCCS_CT2,0.0,0.0,False,0.0
2024-01-08,23,WHCCS_STG,0.0,0.0,False,0.0
2024-01-08,23,WHCCS2_CT4,0.0,0.0,False,0.0
2024-01-08,23,WHCCS2_CT5,0.0,0.0,False,0.0
2024-01-08,23,WHCCS2_STG6,0.0,0.0,False,0.0
2024-01-08,23,NACPW_UNIT1,0.0,0.0,False,0.0
2024-01-08,23,HBR_2UNITS,0.0,0.0,False,0.0
2024-01-08,23,TRIRA_1UNIT,0.0,0.0,False,0.0
2024-01-08,23,78252_4UNITS,0.0,0.0,False,0.0
2024-01-08,23,SPRIN_4UNITS,0.0,0.0,False,0.0
2024-01-08,23,FREIH_2UNITS,0.0,0.0,False,0.0
2024-01-08,23,WSTHL_3UNITS,0.0,0.0,False,0.0
2024-01-08,23,FEGC_CTG2,0.0,0.0,False,0.0
2024-01-08,23,FEGC_CTG3,0.0,0.0,False,0.0
2024-01-08,23,FEGC_CTG4,0.0,0.0,False,0.0
2024-01-08,23,OLNEYTN_AGR1,0.0,0.0,False,0.0
2024-01-08,23,AMISTAD_AMISTAG1,37.9,0.0,True,37.9
2024-01-08,23,AMISTAD_AMISTAG2,37.9,0.0,True,37.9
2024-01-08,23,AUSTPL_AUSTING1,9.0,0.0,True,9.0
2024-01-08,23,AUSTPL_AUSTING2,9.0,0.0,True,9.0
2024-01-08,23,BUCHAN_BUCHANG1,18.299999999999997,3.552713678800501e-15,True,18.3
2024-01-08,23,BUCHAN_BUCHANG2,18.299999999999997,3.552713678800501e-15,True,18.3
2024-01-08,23,BUCHAN_BUCHANG3,18.299999999999997,3.552713678800501e-15,True,18.3
2024-01-08,23,DNDAM_DENISOG1,50.8,0.0,True,50.8
2024-01-08,23,DNDAM_DENISOG2,50.8,0.0,True,50.8
2024-01-08,23,FALCON_FALCONG1,12.0,0.0,True,12.0
2024-01-08,23,FALCON_FALCONG2,12.0,0.0,True,12.0
2024-01-08,23,FALCON_FALCONG3,12.0,0.0,True,12.0
2024-01-08,23,WIRTZ_WIRTZ_G1,29.0,0.0,True,29.0
2024-01-08,23,WIRTZ_WIRTZ_G2,29.0,0.0,True,29.0
2024-01-08,23,CANYHY_CANYHYG1,6.0,0.0,True,6.0
2024-01-08,23,INKSDA_INKS_G1,15.0,0.0,True,15.0
2024-01-08,23,MARBFA_MARBFAG1,21.0,0.0,True,21.0
2024-01-08,23,MARBFA_MARBFAG2,20.0,0.0,True,20.0
2024-01-08,23,MARSFO_MARSFOG1,36.0,0.0,True,36.0
2024-01-08,23,MARSFO_MARSFOG2,36.0,0.0,True,36.0
2024-01-08,23,MARSFO_MARSFOG3,36.0,0.0,True,36.0
2024-01-08,23,WND_WHITNEY1,22.0,0.0,True,22.0
2024-01-08,23,WND_WHITNEY2,22.0,0.0,True,22.0
2024-01-08,23,AEEC_ANTLP_1,0.0,0.0,False,0.0
2024-01-08,23,AEEC_ANTLP_2,0.0,0.0,False,0.0
2024-01-08,23,AEEC_ANTLP_3,0.0,0.0,False,0.0
2024-01-08,23,AEEC_ELK_1,0.0,0.0,False,0.0
2024-01-08,23,AEEC_ELK_2,0.0,0.0,False,0.0
2024-01-08,23,AEEC_ELK_3,0.0,0.0,False,0.0
2024-01-08,23,FTR_FTR_G1,0.0,0.0,False,0.0
2024-01-08,23,FTR_FTR_G2,0.0,0.0,False,0.0
2024-01-08,23,FTR_FTR_G3,0.0,0.0,False,0.0
2024-01-08,23,FTR_FTR_G4,0.0,0.0,False,0.0
2024-01-08,23,TGCCS_CT1,0.0,0.0,False,0.0
2024-01-08,23,TGCCS_CT2,0.0,0.0,False,0.0
2024-01-08,23,TGCCS_CT3,0.0,0.0,False,0.0
2024-01-08,23,TGCCS_UNIT4,0.0,0.0,False,0.0
2024-01-08,23,KMCHI_1CT101,55.5,129.5,True,1554.0
2024-01-08,23,KMCHI_1CT201,55.5,129.5,True,1554.0
2024-01-08,23,KMCHI_1ST,330.0,0.0,True,9240.0
2024-01-08,23,KMCHI_2CT101,185.0,0.0,True,5180.0
2024-01-08,23,KMCHI_2CT201,55.5,129.5,True,1554.0
2024-01-08,23,KMCHI_2ST,330.0,0.0,True,9240.0
2024-01-08,23,A4_DGR1,0.0,0.0,False,0.0
2024-01-08,23,A4_DGR2,0.0,0.0,False,0.0
2024-01-08,23,K2_DGR1,0.0,0.0,False,0.0
2024-01-08,23,K2_DGR2,0.0,0.0,False,0.0
2024-01-08,23,P2_DGR1,0.0,0.0,False,0.0
2024-01-08,23,P2_DGR2,0.0,0.0,False,0.0
2024-01-08,23,Q1_DGR1,0.0,0.0,False,0.0
2024-01-08,23,BRAUNIG_VHB3,0.0,0.0,False,0.0
2024-01-08,23,V2_DGR1,0.0,0.0,False,0.0
2024-01-08,23,V2_DGR2,0.0,0.0,False,0.0
2024-01-08,23,V2_DGR3,0.0,0.0,False,0.0
2024-01-08,23,V4_DGR1,0.0,0.0,False,0.0
2024-01-08,23,X1_DGR1,0.0,0.0,False,0.0
2024-01-08,23,Z0_DGR1,0.0,0.0,False,0.0
2024-01-08,23,Z0_DGR2,0.0,0.0,False,0.0
2024-01-08,23,Z5_DGR1,0.0,0.0,False,0.0
2024-01-08,23,DC_E,0.0,0.0,False,0.0
2024-01-08,23,DC_N,0.0,0.0,False,0.0
2024-01-08,23,DC_L,0.0,0.0,False,0.0
2024-01-08,23,DC_R,0.0,0.0,False,0.0
2024-01-08,23,CEDARVALE_GAS,0.0,0.0,False,0.0
2024-01-08,23,ENCHANTED_ROCK_NEWPP,0.0,0.0,False,0.0
