{"type": "FeatureCollection", "features": [{"type": "Feature", "geometry": {"type": "Point", "coordinates": [-100.69891908888889, 28.467692200000005]}, "properties": {"osm_id": 101027469, "osm_type": "way", "name": "Central termoel\u00e9ctrica Carb\u00f3n II", "fuel": "coal", "mw": 1400.0, "operator": "Comisi\u00f3n Federal de Electricidad"}}, {"type": "Feature", "geometry": {"type": "Point", "coordinates": [-100.6896572, 28.48738084615384]}, "properties": {"osm_id": 101027472, "osm_type": "way", "name": "Central Termoel\u00e9ctrica Jos\u00e9 L\u00f3pez Portillo", "fuel": "coal", "mw": 1285.0, "operator": "Comisi\u00f3n Federal de Electricidad"}}, {"type": "Feature", "geometry": {"type": "Point", "coordinates": [-105.44301265, 28.1665246875]}, "properties": {"osm_id": 122790281, "osm_type": "way", "name": "Central Termoel\u00e9ctrica Francisco Villa", "fuel": "oil", "mw": 300.0, "operator": "CFE"}}, {"type": "Feature", "geometry": {"type": "Point", "coordinates": [-105.9220831, 28.447188084615387]}, "properties": {"osm_id": 372866623, "osm_type": "way", "name": "Central de ciclo combinado Chihuahua II", "fuel": "gas", "mw": 619.0, "operator": "Comision Federal de Electricidad"}}, {"type": "Feature", "geometry": {"type": "Point", "coordinates": [-100.55242567999998, 28.829424519999996]}, "properties": {"osm_id": 427460107, "osm_type": "way", "name": "Eagle Pass Power Plant", "fuel": "hydro", "mw": 9.6, "operator": "Maverick Cty Water Control & Improvement"}}, {"type": "Feature", "geometry": {"type": "Point", "coordinates": [-101.05583620454544, 29.449266295454546]}, "properties": {"osm_id": 460356978, "osm_type": "way", "name": "Amistad Power Plant", "fuel": "hydro", "mw": 66.0, "operator": "International Boundary and Water Commission"}}, {"type": "Feature", "geometry": {"type": "Point", "coordinates": [-103.354626475, 30.960411999999998]}, "properties": {"osm_id": 500535879, "osm_type": "way", "name": "Barilla Solar", "fuel": "solar", "mw": 30.2, "operator": "First Solar"}}, {"type": "Feature", "geometry": {"type": "Point", "coordinates": [-103.4799024, 30.46071814375]}, "properties": {"osm_id": 503264100, "osm_type": "way", "name": "SolaireHolman 1", "fuel": "solar", "mw": 50.0, "operator": "Solairedirect"}}, {"type": "Feature", "geometry": {"type": "Point", "coordinates": [-104.33014796666667, 29.591392433333336]}, "properties": {"osm_id": 503420911, "osm_type": "way", "name": "Acacia Solar", "fuel": "solar", "mw": 10.0, "operator": ""}}, {"type": "Feature", "geometry": {"type": "Point", "coordinates": [-102.83642679090907, 31.077149181818182]}, "properties": {"osm_id": 579695442, "osm_type": "way", "name": "Buckthorn Solar", "fuel": "solar", "mw": 154.0, "operator": "NRG Energy"}}, {"type": "Feature", "geometry": {"type": "Point", "coordinates": [-100.29589057142857, 25.852065485714288]}, "properties": {"osm_id": 904731618, "osm_type": "way", "name": "Planta de Biog\u00e1s a Energ\u00eda", "fuel": "biogas", "mw": null, "operator": ""}}, {"type": "Feature", "geometry": {"type": "Point", "coordinates": [-100.36249789999998, 25.86855724375]}, "properties": {"osm_id": 908423767, "osm_type": "way", "name": "Centrales de ciclo combinado Escobedo y El Carmen", "fuel": "gas", "mw": 1744.0, "operator": "Iberdrola"}}, {"type": "Feature", "geometry": {"type": "Point", "coordinates": [-101.42398347894736, 26.875207168421053]}, "properties": {"osm_id": 942762613, "osm_type": "way", "name": "Monclova Power Station", "fuel": "gas", "mw": 135.0, "operator": "AHMSA"}}, {"type": "Feature", "geometry": {"type": "Point", "coordinates": [-105.91815996, 28.441630600000003]}, "properties": {"osm_id": 969922448, "osm_type": "way", "name": "Central de ciclo combinado Norte II", "fuel": "gas", "mw": 433.0, "operator": ""}}, {"type": "Feature", "geometry": {"type": "Point", "coordinates": [-101.42581818000001, 26.8717382]}, "properties": {"osm_id": 1020033363, "osm_type": "way", "name": "Central Turbogas Monclova", "fuel": "oil", "mw": 48.0, "operator": "Comision Federal de Electricidad"}}, {"type": "Feature", "geometry": {"type": "Point", "coordinates": [-101.06025634, 29.449023380000007]}, "properties": {"osm_id": 1020369660, "osm_type": "way", "name": "Central Hidroel\u00e9ctrica de la Amistad", "fuel": "hydro", "mw": 66.0, "operator": ""}}, {"type": "Feature", "geometry": {"type": "Point", "coordinates": [-106.44734104444446, 30.189160377777778]}, "properties": {"osm_id": 1081190185, "osm_type": "way", "name": "Parque Fotovolt\u00e1ico Los Santos", "fuel": "solar", "mw": 13.6, "operator": ""}}, {"type": "Feature", "geometry": {"type": "Point", "coordinates": [-106.460045875, 30.165469275]}, "properties": {"osm_id": 1081190186, "osm_type": "way", "name": "Parque Fotovolt\u00e1ico Villa Ahumada", "fuel": "solar", "mw": 150.0, "operator": "BNB Renewables"}}, {"type": "Feature", "geometry": {"type": "Point", "coordinates": [-106.48415621111113, 30.19484693333333]}, "properties": {"osm_id": 1081190187, "osm_type": "way", "name": "Fotovoltaico Las Ahumadas", "fuel": "solar", "mw": 120.0, "operator": ""}}, {"type": "Feature", "geometry": {"type": "Point", "coordinates": [-105.07510224905658, 27.65172590377359]}, "properties": {"osm_id": 1081587145, "osm_type": "way", "name": "Camargo solar farm", "fuel": "solar", "mw": 36.0, "operator": "Balam Fund"}}, {"type": "Feature", "geometry": {"type": "Point", "coordinates": [-105.4138512, 28.175682071428575]}, "properties": {"osm_id": 1081616610, "osm_type": "way", "name": "Delicias Solar PV Plant", "fuel": "solar", "mw": 35.0, "operator": "SDC Energreen-Aljaval"}}, {"type": "Feature", "geometry": {"type": "Point", "coordinates": [-105.14710444999999, 27.64469768]}, "properties": {"osm_id": 1081617107, "osm_type": "way", "name": "Avant Energ\u00edas Renovables Solar Farm", "fuel": "solar", "mw": 36.0, "operator": "Balam Fund"}}, {"type": "Feature", "geometry": {"type": "Point", "coordinates": [-105.94918461111112, 28.641861755555553]}, "properties": {"osm_id": 1125821664, "osm_type": "way", "name": "Emerging Energy", "fuel": "gas", "mw": 111.0, "operator": ""}}, {"type": "Feature", "geometry": {"type": "Point", "coordinates": [-104.83909143181818, 27.32176997727273]}, "properties": {"osm_id": 1126035430, "osm_type": "way", "name": "", "fuel": "solar", "mw": null, "operator": ""}}, {"type": "Feature", "geometry": {"type": "Point", "coordinates": [-104.45751199999998, 28.633485628571425]}, "properties": {"osm_id": 1126358413, "osm_type": "way", "name": "Trece Solar", "fuel": "solar", "mw": 30.0, "operator": ""}}, {"type": "Feature", "geometry": {"type": "Point", "coordinates": [-102.932097, 29.18857356]}, "properties": {"osm_id": 1189496404, "osm_type": "way", "name": "", "fuel": "", "mw": null, "operator": ""}}, {"type": "Feature", "geometry": {"type": "Point", "coordinates": [-101.90927389999999, 28.451294580000003]}, "properties": {"osm_id": 1383636019, "osm_type": "way", "name": "", "fuel": "solar", "mw": null, "operator": ""}}, {"type": "Feature", "geometry": {"type": "Point", "coordinates": [-100.46117481428571, 28.681294742857144]}, "properties": {"osm_id": 1450409649, "osm_type": "way", "name": "Pueblo BA", "fuel": "battery", "mw": 19.8, "operator": "Engie North America"}}, {"type": "Feature", "geometry": {"type": "Point", "coordinates": [-103.06845700000001, 30.760142266666662]}, "properties": {"osm_id": 1450410742, "osm_type": "way", "name": "Triple Butte I", "fuel": "battery", "mw": 7.5, "operator": "Triple Butte"}}, {"type": "Feature", "geometry": {"type": "Point", "coordinates": [-102.28490327142858, 30.973945428571426]}, "properties": {"osm_id": 1450413823, "osm_type": "way", "name": "Hydra", "fuel": "battery", "mw": 200.0, "operator": "Engie North America"}}, {"type": "Feature", "geometry": {"type": "Point", "coordinates": [-102.42235076, 30.883964019999997]}, "properties": {"osm_id": 1450414045, "osm_type": "way", "name": "Pavo", "fuel": "battery", "mw": 175.0, "operator": "Engie North America"}}, {"type": "Feature", "geometry": {"type": "Point", "coordinates": [-100.8142958, 29.780792400000003]}, "properties": {"osm_id": 1450414528, "osm_type": "way", "name": "Antlia", "fuel": "battery", "mw": 70.0, "operator": "Engie North America"}}, {"type": "Feature", "geometry": {"type": "Point", "coordinates": [-102.95343994, 30.924634960000002]}, "properties": {"osm_id": 1453231118, "osm_type": "way", "name": "St Gall Energy Storage I", "fuel": "battery", "mw": 100.0, "operator": "St Gall Energy Storage I"}}, {"type": "Feature", "geometry": {"type": "Point", "coordinates": [-103.02486986, 31.036128759999997]}, "properties": {"osm_id": 1453242730, "osm_type": "way", "name": "Gomez", "fuel": "battery", "mw": 9.9, "operator": "HEN Infrastructure, L.L.C."}}, {"type": "Feature", "geometry": {"type": "Point", "coordinates": [-103.666424, 31.111975819999998]}, "properties": {"osm_id": 1453245747, "osm_type": "way", "name": "Toyah Power Station", "fuel": "battery", "mw": 9.9, "operator": "HEN Infrastructure, L.L.C."}}, {"type": "Feature", "geometry": {"type": "Point", "coordinates": [-103.45910672, 31.032178299999998]}, "properties": {"osm_id": 1453779333, "osm_type": "way", "name": "Hoef's Road Storage", "fuel": "battery", "mw": 2.0, "operator": "Anatolian Energy, LLC"}}, {"type": "Feature", "geometry": {"type": "Point", "coordinates": [-103.45099434, 30.496124199999997]}, "properties": {"osm_id": 1454374277, "osm_type": "way", "name": "House Mountain", "fuel": "battery", "mw": 63.0, "operator": "House Mountain"}}, {"type": "Feature", "geometry": {"type": "Point", "coordinates": [-100.84855241999999, 29.37672138]}, "properties": {"osm_id": 1454978102, "osm_type": "way", "name": "Hamilton BESS", "fuel": "battery", "mw": 9.9, "operator": "HEN Infrastructure, L.L.C."}}, {"type": "Feature", "geometry": {"type": "Point", "coordinates": [-102.95328695714285, 30.924136985714288]}, "properties": {"osm_id": 1458592422, "osm_type": "way", "name": "St Gall Energy Storage II", "fuel": "battery", "mw": 100.0, "operator": "St Gall Energy Storage II"}}, {"type": "Feature", "geometry": {"type": "Point", "coordinates": [-103.38007874545453, 25.965539699999997]}, "properties": {"osm_id": 1461912042, "osm_type": "way", "name": "", "fuel": "solar", "mw": null, "operator": ""}}, {"type": "Feature", "geometry": {"type": "Point", "coordinates": [-102.49231986499998, 31.031931074999996]}, "properties": {"osm_id": 1465321180, "osm_type": "way", "name": "Greasewood II Solar Farm", "fuel": "solar", "mw": 306.0, "operator": "Greasewood II LLC"}}, {"type": "Feature", "geometry": {"type": "Point", "coordinates": [-100.52238704999996, 29.302459033333335]}, "properties": {"osm_id": 1466918539, "osm_type": "way", "name": "Zier Solar", "fuel": "solar;battery", "mw": 200.4, "operator": "Cypress Creek Renewables"}}, {"type": "Feature", "geometry": {"type": "Point", "coordinates": [-100.3999932, 28.699585219999996]}, "properties": {"osm_id": 1467183623, "osm_type": "way", "name": "Fort Duncan BESS", "fuel": "battery", "mw": 102.6, "operator": "Fort Duncan BESS, LLC"}}, {"type": "Feature", "geometry": {"type": "Point", "coordinates": [-102.85458497500001, 30.916649162499997]}, "properties": {"osm_id": 1475136366, "osm_type": "way", "name": "Dogfish BESS", "fuel": "battery", "mw": 75.0, "operator": "Dogfish ESS Assets, LLC"}}, {"type": "Feature", "geometry": {"type": "Point", "coordinates": [-100.38709566444446, 29.31861533333333]}, "properties": {"osm_id": 4871408, "osm_type": "relation", "name": "Alamo 4", "fuel": "solar", "mw": 40.0, "operator": "Consolidated Edison"}}, {"type": "Feature", "geometry": {"type": "Point", "coordinates": [-100.17125223999999, 29.2045839]}, "properties": {"osm_id": 4920626, "osm_type": "relation", "name": "Anacacho Wind Farm", "fuel": "wind", "mw": 99.8, "operator": "E.ON"}}, {"type": "Feature", "geometry": {"type": "Point", "coordinates": [-100.63085082, 31.118499500000002]}, "properties": {"osm_id": 7244620, "osm_type": "relation", "name": "Langford Wind Farm", "fuel": "wind", "mw": 150.0, "operator": "NRG Energy"}}, {"type": "Feature", "geometry": {"type": "Point", "coordinates": [-102.10974938, 30.91600408]}, "properties": {"osm_id": 7290991, "osm_type": "relation", "name": "Desert Sky Wind Farm", "fuel": "wind", "mw": 167.7, "operator": "American Electric Power"}}, {"type": "Feature", "geometry": {"type": "Point", "coordinates": [-102.20174274000001, 30.93161018]}, "properties": {"osm_id": 7290992, "osm_type": "relation", "name": "Indian Mesa Wind Energy Center", "fuel": "wind", "mw": 82.5, "operator": "NextEra Energy"}}, {"type": "Feature", "geometry": {"type": "Point", "coordinates": [-103.29539962608696, 30.961355869565217]}, "properties": {"osm_id": 7332948, "osm_type": "relation", "name": "Roserock Solar", "fuel": "solar", "mw": 160.0, "operator": "Southern Power"}}, {"type": "Feature", "geometry": {"type": "Point", "coordinates": [-102.48101734, 30.95153432]}, "properties": {"osm_id": 7352170, "osm_type": "relation", "name": "Woodward Wind 1", "fuel": "wind", "mw": 82.0, "operator": "NextEra Energy"}}, {"type": "Feature", "geometry": {"type": "Point", "coordinates": [-102.41703137777777, 30.98005941111111]}, "properties": {"osm_id": 7352171, "osm_type": "relation", "name": "Woodward Wind 2", "fuel": "wind", "mw": 78.0, "operator": "NextEra Energy"}}, {"type": "Feature", "geometry": {"type": "Point", "coordinates": [-100.78762588, 29.76978932]}, "properties": {"osm_id": 8774936, "osm_type": "relation", "name": "Rocksprings Wind", "fuel": "wind", "mw": 149.3, "operator": "Akuo"}}, {"type": "Feature", "geometry": {"type": "Point", "coordinates": [-100.62242432857143, 31.04891722857143]}, "properties": {"osm_id": 14148611, "osm_type": "relation", "name": "Live Oak Wind Farm", "fuel": "wind", "mw": 199.5, "operator": "Engie North America"}}, {"type": "Feature", "geometry": {"type": "Point", "coordinates": [-103.14528067264962, 31.186067398290596]}, "properties": {"osm_id": 14474034, "osm_type": "relation", "name": "Taygete II Energy Project", "fuel": "solar", "mw": 204.0, "operator": "West Texas Solar Project II LLC"}}, {"type": "Feature", "geometry": {"type": "Point", "coordinates": [-103.10623616761367, 31.17161116704546]}, "properties": {"osm_id": 14474035, "osm_type": "relation", "name": "Taygete Energy Project", "fuel": "solar", "mw": 255.0, "operator": "7X Energy, Inc."}}, {"type": "Feature", "geometry": {"type": "Point", "coordinates": [-102.4638458212766, 31.03003441276596]}, "properties": {"osm_id": 14474036, "osm_type": "relation", "name": "Greasewood Solar Farm", "fuel": "solar", "mw": 255.0, "operator": "Concho Bluff LLC"}}, {"type": "Feature", "geometry": {"type": "Point", "coordinates": [-102.2422457473684, 30.975721860902244]}, "properties": {"osm_id": 14474038, "osm_type": "relation", "name": "RE Maplewood", "fuel": "solar", "mw": 250.0, "operator": "Origis Energy USA, Inc"}}, {"type": "Feature", "geometry": {"type": "Point", "coordinates": [-102.22486300000001, 30.99457573018868]}, "properties": {"osm_id": 14474039, "osm_type": "relation", "name": "Midway Solar", "fuel": "solar", "mw": 182.0, "operator": "MIdway Solar"}}, {"type": "Feature", "geometry": {"type": "Point", "coordinates": [-100.55052518, 26.20582152]}, "properties": {"osm_id": 15570300, "osm_type": "relation", "name": "Parque E\u00f3lico El Mezquite", "fuel": "wind", "mw": 250.0, "operator": ""}}, {"type": "Feature", "geometry": {"type": "Point", "coordinates": [-101.7187755181818, 29.580055818181815]}, "properties": {"osm_id": 15573923, "osm_type": "relation", "name": "Parque E\u00f3lico Amistad", "fuel": "wind", "mw": 450.0, "operator": "Enel"}}, {"type": "Feature", "geometry": {"type": "Point", "coordinates": [-102.2820282, 31.00577312571428]}, "properties": {"osm_id": 15576361, "osm_type": "relation", "name": "East Pecos Solar", "fuel": "solar", "mw": 118.5, "operator": "Southern Power"}}, {"type": "Feature", "geometry": {"type": "Point", "coordinates": [-102.26369825897436, 31.011029705128205]}, "properties": {"osm_id": 15576362, "osm_type": "relation", "name": "Pearl Solar", "fuel": "solar", "mw": 50.0, "operator": "BHE Renewables, LLC"}}, {"type": "Feature", "geometry": {"type": "Point", "coordinates": [-102.26974239111114, 30.99391909555555]}, "properties": {"osm_id": 15664107, "osm_type": "relation", "name": "Alamo 6 Plant 1", "fuel": "solar", "mw": 105.0, "operator": "Berkshire Hathaway Energy"}}, {"type": "Feature", "geometry": {"type": "Point", "coordinates": [-104.1289777864865, 26.55549838108108]}, "properties": {"osm_id": 16385467, "osm_type": "relation", "name": "Planta Fotovoltaica La Lucha", "fuel": "solar", "mw": 131.0, "operator": ""}}, {"type": "Feature", "geometry": {"type": "Point", "coordinates": [-102.34327662272726, 31.10102918181818]}, "properties": {"osm_id": 17396510, "osm_type": "relation", "name": "Emerald Grove", "fuel": "solar", "mw": 108.0, "operator": "Luminant Generation Company LLC"}}, {"type": "Feature", "geometry": {"type": "Point", "coordinates": [-101.9625116625, 30.992217337499998]}, "properties": {"osm_id": 19821906, "osm_type": "relation", "name": "High Lonesome Wind Power, LLC Hybrid", "fuel": "battery", "mw": 51.0, "operator": "High Lonesome Wind Power, LLC"}}, {"type": "Feature", "geometry": {"type": "Point", "coordinates": [-96.8333, 28.5707]}, "properties": {"osm_id": 9979007234, "osm_type": "node", "name": "BP Chemicals Green Lake Plant", "fuel": "waste", "mw": 38.8, "operator": "INEOS Nitriles Greenlake"}}, {"type": "Feature", "geometry": {"type": "Point", "coordinates": [-96.956014, 28.675088]}, "properties": {"osm_id": 9979007235, "osm_type": "node", "name": "Victoria Texas Plant", "fuel": "gas", "mw": 102.4, "operator": "Invista"}}, {"type": "Feature", "geometry": {"type": "Point", "coordinates": [-96.7706, 28.5105]}, "properties": {"osm_id": 9979007236, "osm_type": "node", "name": "Union Carbide Seadrift Cogen", "fuel": "gas", "mw": 168.0, "operator": "Union Carbide Corp-Seadrift"}}, {"type": "Feature", "geometry": {"type": "Point", "coordinates": [-96.04353089230767, 28.797574346153844]}, "properties": {"osm_id": 39899843, "osm_type": "way", "name": "South Texas Project Electric Generating Station", "fuel": "nuclear", "mw": 2708.6, "operator": "South Texas Project Nuclear Operating Company"}}, {"type": "Feature", "geometry": {"type": "Point", "coordinates": [-94.92477484285715, 29.749644047619043]}, "properties": {"osm_id": 39979635, "osm_type": "way", "name": "Cedar Bayou Station", "fuel": "gas", "mw": 2065.5, "operator": "NRG Energy"}}, {"type": "Feature", "geometry": {"type": "Point", "coordinates": [-95.63524399518074, 29.47863043855421]}, "properties": {"osm_id": 43706421, "osm_type": "way", "name": "W. A. Parish Electric Generating Station", "fuel": "coal;gas", "mw": 4008.4, "operator": "NRG Energy"}}, {"type": "Feature", "geometry": {"type": "Point", "coordinates": [-96.75045070882354, 29.91470949705882]}, "properties": {"osm_id": 94615598, "osm_type": "way", "name": "Fayette Power Project", "fuel": "coal", "mw": 1690.0, "operator": "Lower Colorado River Authority"}}, {"type": "Feature", "geometry": {"type": "Point", "coordinates": [-98.06349011666669, 25.982070941666667]}, "properties": {"osm_id": 98414571, "osm_type": "way", "name": "Central Termoel\u00e9ctrica Emilio Portes Gil", "fuel": "gas", "mw": 514.0, "operator": "Comision Federal de Electricidad"}}, {"type": "Feature", "geometry": {"type": "Point", "coordinates": [-98.40234069047622, 29.305425261904762]}, "properties": {"osm_id": 111781027, "osm_type": "way", "name": "Blue Wing Solar Farm", "fuel": "solar", "mw": 13.9, "operator": "Duke Energy"}}, {"type": "Feature", "geometry": {"type": "Point", "coordinates": [-98.57526404, 29.35240896]}, "properties": {"osm_id": 121051560, "osm_type": "way", "name": "Leon Creek Power Plant", "fuel": "gas", "mw": 192.0, "operator": "CPS Energy"}}, {"type": "Feature", "geometry": {"type": "Point", "coordinates": [-99.09048965, 28.929343875]}, "properties": {"osm_id": 125729472, "osm_type": "way", "name": "Pearsall Power Plant", "fuel": "gas", "mw": 201.6, "operator": "South Texas Electric Cooperative"}}, {"type": "Feature", "geometry": {"type": "Point", "coordinates": [-98.47588416, 28.70335892]}, "properties": {"osm_id": 126175792, "osm_type": "way", "name": "San Miguel Power Plant", "fuel": "coal", "mw": 410.0, "operator": "South Texas Electric Cooperative"}}, {"type": "Feature", "geometry": {"type": "Point", "coordinates": [-95.53008387647058, 29.941664652941174]}, "properties": {"osm_id": 126452423, "osm_type": "way", "name": "T. H. Wharton Power Plant", "fuel": "gas", "mw": 1189.9, "operator": "NRG Energy"}}, {"type": "Feature", "geometry": {"type": "Point", "coordinates": [-96.6936466125, 31.092689118750005]}, "properties": {"osm_id": 127241425, "osm_type": "way", "name": "Twin Oaks Power Station", "fuel": "coal", "mw": 349.2, "operator": "Lonestar Generation"}}, {"type": "Feature", "geometry": {"type": "Point", "coordinates": [-94.90358949, 29.772765050000004]}, "properties": {"osm_id": 129320296, "osm_type": "way", "name": "Baytown Energy Center", "fuel": "gas", "mw": 932.9, "operator": "Calpine"}}, {"type": "Feature", "geometry": {"type": "Point", "coordinates": [-97.90720086666668, 30.391014733333332]}, "properties": {"osm_id": 161996058, "osm_type": "way", "name": "", "fuel": "hydro", "mw": null, "operator": ""}}, {"type": "Feature", "geometry": {"type": "Point", "coordinates": [-95.32579406666667, 28.92582473333333]}, "properties": {"osm_id": 173858670, "osm_type": "way", "name": "Freeport LNG Liquefaction", "fuel": "", "mw": null, "operator": ""}}, {"type": "Feature", "geometry": {"type": "Point", "coordinates": [-97.9913854888889, 29.78195241111111]}, "properties": {"osm_id": 174016471, "osm_type": "way", "name": "Hays Energy Project", "fuel": "gas", "mw": 989.0, "operator": "Hays Energy, LLC"}}, {"type": "Feature", "geometry": {"type": "Point", "coordinates": [-97.93206566666667, 29.537594683333328]}, "properties": {"osm_id": 192621268, "osm_type": "way", "name": "Nolte Power Plant", "fuel": "hydro", "mw": 2.4, "operator": "Guadalupe Blanco River Authority"}}, {"type": "Feature", "geometry": {"type": "Point", "coordinates": [-95.91823383333332, 30.593380366666665]}, "properties": {"osm_id": 205129452, "osm_type": "way", "name": "Tenaska Frontier Generating Station", "fuel": "gas", "mw": 939.7, "operator": "Tenaska"}}, {"type": "Feature", "geometry": {"type": "Point", "coordinates": [-95.01156271666667, 30.419146299999998]}, "properties": {"osm_id": 263231710, "osm_type": "way", "name": "San Jacinto Peaking Power Facility", "fuel": "gas", "mw": 170.0, "operator": "East Texas Electric Cooperative"}}, {"type": "Feature", "geometry": {"type": "Point", "coordinates": [-99.16409385714284, 26.55744242857143]}, "properties": {"osm_id": 303473140, "osm_type": "way", "name": "Falcon Power Plant (United States Unit)", "fuel": "hydro", "mw": 31.5, "operator": "International Bound & Wtr Comm"}}, {"type": "Feature", "geometry": {"type": "Point", "coordinates": [-99.16922790000001, 26.5583524]}, "properties": {"osm_id": 303498754, "osm_type": "way", "name": "Planta Falc\u00f3n", "fuel": "hydro", "mw": 31.5, "operator": ""}}, {"type": "Feature", "geometry": {"type": "Point", "coordinates": [-98.44427870877192, 29.272476915789472]}, "properties": {"osm_id": 318453564, "osm_type": "way", "name": "Alamo 1 Solar Farm", "fuel": "solar", "mw": 41.7, "operator": "OCI Solar Power"}}, {"type": "Feature", "geometry": {"type": "Point", "coordinates": [-98.41664987777777, 29.240670144444444]}, "properties": {"osm_id": 318453565, "osm_type": "way", "name": "William R. Sinkin Centennial Solar Farm 1", "fuel": "solar", "mw": 10.0, "operator": "SunEdison"}}, {"type": "Feature", "geometry": {"type": "Point", "coordinates": [-98.42917653333333, 29.235305442857143]}, "properties": {"osm_id": 318453566, "osm_type": "way", "name": "William R. Sinkin Centennial Solar Farm 2", "fuel": "solar", "mw": 10.0, "operator": "SunEdison"}}, {"type": "Feature", "geometry": {"type": "Point", "coordinates": [-98.67367211818183, 29.22601781818182]}, "properties": {"osm_id": 318454824, "osm_type": "way", "name": "Somerset Solar Farm", "fuel": "solar", "mw": 10.6, "operator": "SunEdison"}}, {"type": "Feature", "geometry": {"type": "Point", "coordinates": [-95.39801857037037, 29.703782470370363]}, "properties": {"osm_id": 337225056, "osm_type": "way", "name": "Thermal Energy Cooporation Central Plant", "fuel": "gas", "mw": 48.0, "operator": "Thermal Energy Cooporation"}}, {"type": "Feature", "geometry": {"type": "Point", "coordinates": [-98.04075256, 29.59402486]}, "properties": {"osm_id": 339274388, "osm_type": "way", "name": "Abbott TP 3", "fuel": "hydro", "mw": 2.8, "operator": "Guadalupe Blanco River Authority"}}, {"type": "Feature", "geometry": {"type": "Point", "coordinates": [-98.33397850999998, 29.468869285]}, "properties": {"osm_id": 340408023, "osm_type": "way", "name": "Alamo 2 Solar Farm", "fuel": "solar", "mw": 4.4, "operator": "OCI Solar Power"}}, {"type": "Feature", "geometry": {"type": "Point", "coordinates": [-98.29975351363636, 29.480385995454547]}, "properties": {"osm_id": 340408024, "osm_type": "way", "name": "Alamo 3", "fuel": "solar", "mw": 5.5, "operator": "Consolidated Edison"}}, {"type": "Feature", "geometry": {"type": "Point", "coordinates": [-98.19474688000001, 29.870502879999997]}, "properties": {"osm_id": 341093670, "osm_type": "way", "name": "Canyon Power Plant", "fuel": "hydro", "mw": 6.0, "operator": "Guadalupe Blanco River Authority"}}, {"type": "Feature", "geometry": {"type": "Point", "coordinates": [-98.1407748857143, 29.624094085714287]}, "properties": {"osm_id": 342660063, "osm_type": "way", "name": "Guadalupe Power Partners Generating Station", "fuel": "gas", "mw": 1088.2, "operator": "Guadalupe Power Partners LP"}}, {"type": "Feature", "geometry": {"type": "Point", "coordinates": [-95.34148804799999, 29.721849044]}, "properties": {"osm_id": 364021573, "osm_type": "way", "name": "Central Power Plant", "fuel": "", "mw": null, "operator": ""}}, {"type": "Feature", "geometry": {"type": "Point", "coordinates": [-95.3636546125, 29.7239816875]}, "properties": {"osm_id": 374895678, "osm_type": "way", "name": "Satelite Thermal Plant", "fuel": "", "mw": null, "operator": ""}}, {"type": "Feature", "geometry": {"type": "Point", "coordinates": [-97.68968281111113, 30.32225538888889]}, "properties": {"osm_id": 384302014, "osm_type": "way", "name": "", "fuel": "solar", "mw": null, "operator": ""}}, {"type": "Feature", "geometry": {"type": "Point", "coordinates": [-97.50767066428571, 30.239521985714287]}, "properties": {"osm_id": 402581609, "osm_type": "way", "name": "Webberville Solar Project", "fuel": "solar", "mw": 30.0, "operator": "RES America"}}, {"type": "Feature", "geometry": {"type": "Point", "coordinates": [-95.623274175, 29.472559662500004]}, "properties": {"osm_id": 420139935, "osm_type": "way", "name": "Brazos Valley Generating Facility", "fuel": "gas", "mw": 675.6, "operator": "Calpine"}}, {"type": "Feature", "geometry": {"type": "Point", "coordinates": [-95.2329235, 29.71876734444444]}, "properties": {"osm_id": 422731519, "osm_type": "way", "name": "Channel Energy Center", "fuel": "gas", "mw": 923.8, "operator": "Calpine"}}, {"type": "Feature", "geometry": {"type": "Point", "coordinates": [-95.1349253181818, 29.713682686363633]}, "properties": {"osm_id": 422731520, "osm_type": "way", "name": "Deer Park Energy Center", "fuel": "gas", "mw": 1176.0, "operator": "Calpine"}}, {"type": "Feature", "geometry": {"type": "Point", "coordinates": [-98.19044701764706, 26.33975728823529]}, "properties": {"osm_id": 422731522, "osm_type": "way", "name": "Magic Valley Generating Station", "fuel": "gas", "mw": 801.0, "operator": "Calpine"}}, {"type": "Feature", "geometry": {"type": "Point", "coordinates": [-95.1762779833333, 29.725358827777775]}, "properties": {"osm_id": 422731523, "osm_type": "way", "name": "Pasadena Power Plant", "fuel": "gas", "mw": 815.0, "operator": "Calpine"}}, {"type": "Feature", "geometry": {"type": "Point", "coordinates": [-97.42865567857142, 27.81455612857143]}, "properties": {"osm_id": 422732475, "osm_type": "way", "name": "Corpus Christi Energy Center", "fuel": "gas", "mw": 593.3, "operator": "Calpine"}}, {"type": "Feature", "geometry": {"type": "Point", "coordinates": [-98.17503653000001, 26.341471884999997]}, "properties": {"osm_id": 422732476, "osm_type": "way", "name": "Hidalgo Energy Center", "fuel": "gas", "mw": 551.3, "operator": "Calpine;Brownsville Public Utilities Board"}}, {"type": "Feature", "geometry": {"type": "Point", "coordinates": [-93.8774733375, 30.022736156249994]}, "properties": {"osm_id": 422852282, "osm_type": "way", "name": "Sabine Power Plant", "fuel": "gas", "mw": 1591.8, "operator": "Entergy"}}, {"type": "Feature", "geometry": {"type": "Point", "coordinates": [-93.73686547142857, 30.25734402857143]}, "properties": {"osm_id": 426353553, "osm_type": "way", "name": "Cottonwood Energy Project", "fuel": "gas", "mw": 1220.0, "operator": "Cottonwood Energy Co LP"}}, {"type": "Feature", "geometry": {"type": "Point", "coordinates": [-99.50837504, 27.5675106]}, "properties": {"osm_id": 451971706, "osm_type": "way", "name": "Laredo Power Plant", "fuel": "gas", "mw": 263.6, "operator": "CPS Energy"}}, {"type": "Feature", "geometry": {"type": "Point", "coordinates": [-99.70587701538463, 29.217591146153843]}, "properties": {"osm_id": 459614011, "osm_type": "way", "name": "Alamo 5", "fuel": "solar", "mw": 100.0, "operator": "Consolidated Edison"}}, {"type": "Feature", "geometry": {"type": "Point", "coordinates": [-97.31424474736842, 31.055333389473684]}, "properties": {"osm_id": 462426909, "osm_type": "way", "name": "Panda Temple Power Station", "fuel": "gas", "mw": 1540.0, "operator": "PPG - O&M Panda Temple Power LLC"}}, {"type": "Feature", "geometry": {"type": "Point", "coordinates": [-97.34119462, 31.07278296]}, "properties": {"osm_id": 462426910, "osm_type": "way", "name": "", "fuel": "solar", "mw": null, "operator": ""}}, {"type": "Feature", "geometry": {"type": "Point", "coordinates": [-97.61385898823528, 30.209753594117643]}, "properties": {"osm_id": 462642572, "osm_type": "way", "name": "Sand Hill Energy Center", "fuel": "gas", "mw": 696.4, "operator": "Austin Energy"}}, {"type": "Feature", "geometry": {"type": "Point", "coordinates": [-97.54918005, 30.145734683333334]}, "properties": {"osm_id": 462642757, "osm_type": "way", "name": "Bastrop Energy Center", "fuel": "gas", "mw": 618.7, "operator": "Bastrop Energy Partners"}}, {"type": "Feature", "geometry": {"type": "Point", "coordinates": [-96.46015403157894, 30.72137825263158]}, "properties": {"osm_id": 496987908, "osm_type": "way", "name": "Dansby Power Plant", "fuel": "gas", "mw": 203.2, "operator": "Bryan Texas Utilities"}}, {"type": "Feature", "geometry": {"type": "Point", "coordinates": [-98.37185215, 30.5575182325]}, "properties": {"osm_id": 504555597, "osm_type": "way", "name": "Thomas C. Ferguson Power Plant", "fuel": "gas", "mw": 574.6, "operator": "Lower Colorado River Authority"}}, {"type": "Feature", "geometry": {"type": "Point", "coordinates": [-98.25705150399999, 30.55613264]}, "properties": {"osm_id": 504607152, "osm_type": "way", "name": "Starcke Power Plant", "fuel": "hydro", "mw": 39.6, "operator": "Lower Colorado River Authority"}}, {"type": "Feature", "geometry": {"type": "Point", "coordinates": [-98.33826490000001, 30.556293599999993]}, "properties": {"osm_id": 504607276, "osm_type": "way", "name": "Wirtz Power Plant", "fuel": "hydro", "mw": 54.0, "operator": "Lower Colorado River Authority"}}, {"type": "Feature", "geometry": {"type": "Point", "coordinates": [-98.4177697, 30.750894125]}, "properties": {"osm_id": 504634990, "osm_type": "way", "name": "Buchanan Power Plant", "fuel": "hydro", "mw": 54.9, "operator": "Lower Colorado River Authority"}}, {"type": "Feature", "geometry": {"type": "Point", "coordinates": [-98.38546615, 30.731341974999992]}, "properties": {"osm_id": 504635016, "osm_type": "way", "name": "Inks Power Plant", "fuel": "hydro", "mw": 15.0, "operator": "Lower Colorado River Authority"}}, {"type": "Feature", "geometry": {"type": "Point", "coordinates": [-97.84824384999999, 31.1136944125]}, "properties": {"osm_id": 504849079, "osm_type": "way", "name": "Phantom Solar", "fuel": "solar", "mw": 15.4, "operator": "Apex Clean Energy"}}, {"type": "Feature", "geometry": {"type": "Point", "coordinates": [-97.90787318125, 30.390203856249997]}, "properties": {"osm_id": 508684688, "osm_type": "way", "name": "Marshall Ford Power Plant", "fuel": "hydro", "mw": 108.0, "operator": "Lower Colorado River Authority"}}, {"type": "Feature", "geometry": {"type": "Point", "coordinates": [-97.78487090526315, 30.293639331578948]}, "properties": {"osm_id": 508764501, "osm_type": "way", "name": "Tom Miller Power Plant", "fuel": "hydro", "mw": 18.0, "operator": "Lower Colorado River Authority"}}, {"type": "Feature", "geometry": {"type": "Point", "coordinates": [-97.61501184000001, 30.303791788]}, "properties": {"osm_id": 509273328, "osm_type": "way", "name": "Decker Creek Power Station", "fuel": "gas", "mw": 611.0, "operator": "Austin Energy"}}, {"type": "Feature", "geometry": {"type": "Point", "coordinates": [-96.99353578999998, 30.024643700000002]}, "properties": {"osm_id": 510839027, "osm_type": "way", "name": "Winchester Power Park", "fuel": "gas", "mw": 242.0, "operator": "Lower Colorado River Authority"}}, {"type": "Feature", "geometry": {"type": "Point", "coordinates": [-98.17736251250001, 26.450207325]}, "properties": {"osm_id": 512042697, "osm_type": "way", "name": "Red Gate Power Plant", "fuel": "gas", "mw": 224.4, "operator": "South Texas Electric Cooperative"}}, {"type": "Feature", "geometry": {"type": "Point", "coordinates": [-98.39854815999999, 26.20802165]}, "properties": {"osm_id": 512644989, "osm_type": "way", "name": "Frontera Energy Center", "fuel": "gas", "mw": 529.0, "operator": "Frontera Generation Limited Partnership"}}, {"type": "Feature", "geometry": {"type": "Point", "coordinates": [-97.52175759130436, 25.913829004347825]}, "properties": {"osm_id": 513680414, "osm_type": "way", "name": "Silas Ray Power Plant", "fuel": "gas", "mw": 142.5, "operator": "Brownsville Public Utilities Board"}}, {"type": "Feature", "geometry": {"type": "Point", "coordinates": [-97.27026339393939, 27.887496960606057]}, "properties": {"osm_id": 514740376, "osm_type": "way", "name": "Corpus Christi LNG Terminal", "fuel": "", "mw": null, "operator": "Cheniere Energy"}}, {"type": "Feature", "geometry": {"type": "Point", "coordinates": [-97.24621016, 27.883035173333333]}, "properties": {"osm_id": 514740384, "osm_type": "way", "name": "Ingleside Cogeneration Plant", "fuel": "gas", "mw": 517.0, "operator": "Chemours;Occidental Petroleum"}}, {"type": "Feature", "geometry": {"type": "Point", "coordinates": [-97.25857573529413, 27.889335276470593]}, "properties": {"osm_id": 514740385, "osm_type": "way", "name": "Gregory Cogeneration Plant", "fuel": "gas", "mw": 432.0, "operator": "NRG Energy"}}, {"type": "Feature", "geometry": {"type": "Point", "coordinates": [-97.20691043832961, 28.717187744851234]}, "properties": {"osm_id": 515325972, "osm_type": "way", "name": "Coleto Creek Power Station", "fuel": "coal", "mw": 622.4, "operator": "Dynegy"}}, {"type": "Feature", "geometry": {"type": "Point", "coordinates": [-96.54540440000001, 28.646971928571425]}, "properties": {"osm_id": 515589164, "osm_type": "way", "name": "Point Comfort Power Plant", "fuel": "gas", "mw": 121.0, "operator": "Peaker Power, LLC"}}, {"type": "Feature", "geometry": {"type": "Point", "coordinates": [-96.54363722000001, 28.694664999999997]}, "properties": {"osm_id": 515589171, "osm_type": "way", "name": "Formosa Cogeneration Plant", "fuel": "gas", "mw": 689.4, "operator": "Formosa Plastics"}}, {"type": "Feature", "geometry": {"type": "Point", "coordinates": [-96.53941336874999, 28.650267874999997]}, "properties": {"osm_id": 515589291, "osm_type": "way", "name": "CFB Power Plant", "fuel": "gas", "mw": 310.0, "operator": "Formosa Plastics"}}, {"type": "Feature", "geometry": {"type": "Point", "coordinates": [-97.13546498235294, 28.894863364705884]}, "properties": {"osm_id": 515655227, "osm_type": "way", "name": "Sam Rayburn Power Plant", "fuel": "gas", "mw": 215.2, "operator": "South Texas Electric Cooperative"}}, {"type": "Feature", "geometry": {"type": "Point", "coordinates": [-97.01043796857141, 28.787809394285713]}, "properties": {"osm_id": 515655407, "osm_type": "way", "name": "Victoria Power Station", "fuel": "gas", "mw": 376.9, "operator": "Rockland Capital"}}, {"type": "Feature", "geometry": {"type": "Point", "coordinates": [-96.5387209272727, 29.55039541818182]}, "properties": {"osm_id": 520305123, "osm_type": "way", "name": "Sky Global Power One", "fuel": "gas", "mw": 51.0, "operator": "Sky Global Partners"}}, {"type": "Feature", "geometry": {"type": "Point", "coordinates": [-95.90013619999998, 29.263826615789473]}, "properties": {"osm_id": 520385174, "osm_type": "way", "name": "Newgulf Cogeneration Plant", "fuel": "gas", "mw": 85.0, "operator": "Wharton County Generation LLC"}}, {"type": "Feature", "geometry": {"type": "Point", "coordinates": [-96.06846896666667, 29.28845355]}, "properties": {"osm_id": 520385241, "osm_type": "way", "name": "Colorado Bend Power Plant", "fuel": "gas", "mw": 580.1, "operator": "Exelon"}}, {"type": "Feature", "geometry": {"type": "Point", "coordinates": [-94.98403686666667, 29.492249724999994]}, "properties": {"osm_id": 521857228, "osm_type": "way", "name": "Bacliff", "fuel": "gas", "mw": 427.2, "operator": "NRG Energy"}}, {"type": "Feature", "geometry": {"type": "Point", "coordinates": [-95.74467121666667, 29.072356183333337]}, "properties": {"osm_id": 583388823, "osm_type": "way", "name": "Sweeny Cogeneration", "fuel": "gas", "mw": 572.0, "operator": "Sweeny Cogeneration LP"}}, {"type": "Feature", "geometry": {"type": "Point", "coordinates": [-94.93415777083334, 29.37807257916667]}, "properties": {"osm_id": 584370755, "osm_type": "way", "name": "Green Power 2 Power Plant", "fuel": "gas", "mw": 861.0, "operator": "Marathon"}}, {"type": "Feature", "geometry": {"type": "Point", "coordinates": [-94.94341798, 29.378729519999997]}, "properties": {"osm_id": 584370756, "osm_type": "way", "name": "Texas City Power Plant", "fuel": "gas", "mw": 450.0, "operator": "Calpine"}}, {"type": "Feature", "geometry": {"type": "Point", "coordinates": [-94.94655637142856, 29.376161300000003]}, "properties": {"osm_id": 584370758, "osm_type": "way", "name": "Texas City Plant Union Carbide", "fuel": "steam", "mw": 45.0, "operator": "Union Carbide Corp-Texas City"}}, {"type": "Feature", "geometry": {"type": "Point", "coordinates": [-95.08932002, 29.562301279999996]}, "properties": {"osm_id": 585023319, "osm_type": "way", "name": "Johnson Space Center Combined Heat & Power", "fuel": "gas", "mw": 11.9, "operator": "National Aeronautics and Space Administration"}}, {"type": "Feature", "geometry": {"type": "Point", "coordinates": [-97.75664421428571, 29.545620157142856]}, "properties": {"osm_id": 585050903, "osm_type": "way", "name": "SunHub Generation Station", "fuel": "solar", "mw": 2.0, "operator": "Guadalupe Valley Electric Cooperative"}}, {"type": "Feature", "geometry": {"type": "Point", "coordinates": [-95.04705795000001, 29.625876983333338]}, "properties": {"osm_id": 585622300, "osm_type": "way", "name": "Bayou Cogen Plant", "fuel": "gas", "mw": 318.4, "operator": "Air Liquide Large Industries U S LP"}}, {"type": "Feature", "geometry": {"type": "Point", "coordinates": [-95.4518044375, 29.647083399999996]}, "properties": {"osm_id": 585787416, "osm_type": "way", "name": "Friendswood Energy", "fuel": "gas", "mw": 121.5, "operator": "Quantum Utility Generation"}}, {"type": "Feature", "geometry": {"type": "Point", "coordinates": [-94.25245343333334, 30.303761375000004]}, "properties": {"osm_id": 604028349, "osm_type": "way", "name": "Hardin County Peaking Power Facility", "fuel": "gas", "mw": 150.0, "operator": "East Texas Electric Cooperative"}}, {"type": "Feature", "geometry": {"type": "Point", "coordinates": [-95.07185637, 29.70273721]}, "properties": {"osm_id": 613955261, "osm_type": "way", "name": "Exelon LaPorte Generating Station", "fuel": "gas", "mw": 236.0, "operator": "Exelon"}}, {"type": "Feature", "geometry": {"type": "Point", "coordinates": [-95.0413062375, 29.695051912500002]}, "properties": {"osm_id": 614079726, "osm_type": "way", "name": "San Jacinto Steam Electric Station", "fuel": "gas", "mw": 176.4, "operator": "NRG Texas Power LLC"}}, {"type": "Feature", "geometry": {"type": "Point", "coordinates": [-95.965795375, 30.788225175000004]}, "properties": {"osm_id": 689650931, "osm_type": "way", "name": "Midsouth Synergy Solar", "fuel": "solar", "mw": null, "operator": "Midsouth Synergy"}}, {"type": "Feature", "geometry": {"type": "Point", "coordinates": [-98.0459944, 29.640131228571423]}, "properties": {"osm_id": 690742039, "osm_type": "way", "name": "Dunlap TP 1 Power Plant", "fuel": "hydro", "mw": 3.6, "operator": "Guadalupe Blanco River Authority"}}, {"type": "Feature", "geometry": {"type": "Point", "coordinates": [-95.11107576666667, 29.883575]}, "properties": {"osm_id": 694276571, "osm_type": "way", "name": "Chamon Power LLC", "fuel": "gas", "mw": 121.0, "operator": "Peaker Power, LLC"}}, {"type": "Feature", "geometry": {"type": "Point", "coordinates": [-97.66537041111111, 30.123237833333334]}, "properties": {"osm_id": 732209937, "osm_type": "way", "name": "", "fuel": "solar", "mw": null, "operator": ""}}, {"type": "Feature", "geometry": {"type": "Point", "coordinates": [-97.59335285555557, 30.233555644444444]}, "properties": {"osm_id": 793630216, "osm_type": "way", "name": "", "fuel": "solar", "mw": null, "operator": ""}}, {"type": "Feature", "geometry": {"type": "Point", "coordinates": [-97.5933322111111, 30.23351636666667]}, "properties": {"osm_id": 793630217, "osm_type": "way", "name": "", "fuel": "solar", "mw": null, "operator": ""}}, {"type": "Feature", "geometry": {"type": "Point", "coordinates": [-95.2027076, 29.8609282]}, "properties": {"osm_id": 818970459, "osm_type": "way", "name": "", "fuel": "", "mw": null, "operator": ""}}, {"type": "Feature", "geometry": {"type": "Point", "coordinates": [-97.97273452857144, 29.592817857142858]}, "properties": {"osm_id": 822266710, "osm_type": "way", "name": "Rio Nogales Power Project", "fuel": "gas", "mw": 940.2, "operator": "CPS Energy"}}, {"type": "Feature", "geometry": {"type": "Point", "coordinates": [-97.64461480000001, 30.400837677777776]}, "properties": {"osm_id": 829757910, "osm_type": "way", "name": "", "fuel": "solar", "mw": null, "operator": ""}}, {"type": "Feature", "geometry": {"type": "Point", "coordinates": [-97.68949826666669, 30.4180685]}, "properties": {"osm_id": 829775519, "osm_type": "way", "name": "", "fuel": "solar", "mw": null, "operator": ""}}, {"type": "Feature", "geometry": {"type": "Point", "coordinates": [-97.69112862727273, 30.415851154545454]}, "properties": {"osm_id": 829776672, "osm_type": "way", "name": "", "fuel": "solar", "mw": null, "operator": ""}}, {"type": "Feature", "geometry": {"type": "Point", "coordinates": [-99.76371750000001, 29.680388039999997]}, "properties": {"osm_id": 840218118, "osm_type": "way", "name": "BEC Community Solar", "fuel": "solar", "mw": 1.5, "operator": "SoCore Energy LLC"}}, {"type": "Feature", "geometry": {"type": "Point", "coordinates": [-99.73146263999999, 29.635971419999997]}, "properties": {"osm_id": 859454297, "osm_type": "way", "name": "", "fuel": "solar", "mw": null, "operator": ""}}, {"type": "Feature", "geometry": {"type": "Point", "coordinates": [-99.32933571666666, 29.705933833333336]}, "properties": {"osm_id": 859457098, "osm_type": "way", "name": "", "fuel": "solar", "mw": null, "operator": ""}}, {"type": "Feature", "geometry": {"type": "Point", "coordinates": [-99.32653074, 29.70634408]}, "properties": {"osm_id": 859457099, "osm_type": "way", "name": "", "fuel": "solar", "mw": null, "operator": ""}}, {"type": "Feature", "geometry": {"type": "Point", "coordinates": [-99.3250405, 29.70651694]}, "properties": {"osm_id": 859457100, "osm_type": "way", "name": "", "fuel": "solar", "mw": null, "operator": ""}}, {"type": "Feature", "geometry": {"type": "Point", "coordinates": [-99.32600464, 29.708760359999996]}, "properties": {"osm_id": 859457101, "osm_type": "way", "name": "", "fuel": "solar", "mw": null, "operator": ""}}, {"type": "Feature", "geometry": {"type": "Point", "coordinates": [-99.27825448571427, 29.820177814285717]}, "properties": {"osm_id": 859462952, "osm_type": "way", "name": "", "fuel": "solar", "mw": null, "operator": ""}}, {"type": "Feature", "geometry": {"type": "Point", "coordinates": [-99.99672672, 25.85182494]}, "properties": {"osm_id": 862087682, "osm_type": "way", "name": "Paneles solares", "fuel": "solar", "mw": null, "operator": ""}}, {"type": "Feature", "geometry": {"type": "Point", "coordinates": [-93.92985624, 29.963299740000004]}, "properties": {"osm_id": 864868778, "osm_type": "way", "name": "JCO Oxides Olefins Plant", "fuel": "gas", "mw": 71.0, "operator": "Indorama Ventures"}}, {"type": "Feature", "geometry": {"type": "Point", "coordinates": [-93.75700862500001, 30.055152375000002]}, "properties": {"osm_id": 864868780, "osm_type": "way", "name": "Sabine River Works", "fuel": "gas", "mw": 548.0, "operator": "Performance Materials NA, Inc."}}, {"type": "Feature", "geometry": {"type": "Point", "coordinates": [-95.12136782, 29.8372331]}, "properties": {"osm_id": 913360816, "osm_type": "way", "name": "Channelview Cogeneration Plant", "fuel": "gas", "mw": 918.3, "operator": "EIF Channelview Cogeneration LLC"}}, {"type": "Feature", "geometry": {"type": "Point", "coordinates": [-96.34277547999999, 30.618110039999998]}, "properties": {"osm_id": 927247714, "osm_type": "way", "name": "Central Utility Plant", "fuel": "gas", "mw": 45.1, "operator": "Texas A&M, Utilities & Energy Services"}}, {"type": "Feature", "geometry": {"type": "Point", "coordinates": [-97.68441581428571, 30.588200228571427]}, "properties": {"osm_id": 927255057, "osm_type": "way", "name": "Rabbit Hill Energy Storage Project", "fuel": "battery", "mw": 9.9, "operator": "Rabbit Hill Energy Storage Project"}}, {"type": "Feature", "geometry": {"type": "Point", "coordinates": [-97.27113403749999, 30.1456115375]}, "properties": {"osm_id": 931210474, "osm_type": "way", "name": "Sim Gideon Power Plant", "fuel": "gas", "mw": 623.0, "operator": "Lower Colorado River Authority"}}, {"type": "Feature", "geometry": {"type": "Point", "coordinates": [-94.0769527, 30.062459066666673]}, "properties": {"osm_id": 932553749, "osm_type": "way", "name": "ExxonMobil Beaumont Refinery Power Station", "fuel": "gas", "mw": 677.8, "operator": "ExxonMobil Oil Corp"}}, {"type": "Feature", "geometry": {"type": "Point", "coordinates": [-97.2705433, 30.147421214285714]}, "properties": {"osm_id": 933981021, "osm_type": "way", "name": "Lost Pines 1 Power Project", "fuel": "gas", "mw": 609.0, "operator": "Lower Colorado River Authority"}}, {"type": "Feature", "geometry": {"type": "Point", "coordinates": [-98.384170625, 29.25706275]}, "properties": {"osm_id": 941073230, "osm_type": "way", "name": "Arthur Von Rosenberg Power Plant", "fuel": "gas", "mw": 575.0, "operator": "City of San Antonio"}}, {"type": "Feature", "geometry": {"type": "Point", "coordinates": [-95.4460373125, 29.168222025]}, "properties": {"osm_id": 952513833, "osm_type": "way", "name": "Gambit Energy Storage Park", "fuel": "battery", "mw": 100.0, "operator": "Gambit Energy Storage LLC"}}, {"type": "Feature", "geometry": {"type": "Point", "coordinates": [-97.6913227833333, 30.29499798666666]}, "properties": {"osm_id": 966041744, "osm_type": "way", "name": "Austin Sustainable and Holistic Integration of Energy Storage", "fuel": "battery", "mw": null, "operator": "Austin Energy"}}, {"type": "Feature", "geometry": {"type": "Point", "coordinates": [-99.10193883, 30.024499929999998]}, "properties": {"osm_id": 966509905, "osm_type": "way", "name": "", "fuel": "solar", "mw": null, "operator": ""}}, {"type": "Feature", "geometry": {"type": "Point", "coordinates": [-97.19034291818183, 25.984435763636363]}, "properties": {"osm_id": 970455877, "osm_type": "way", "name": "", "fuel": "gas", "mw": 14.0, "operator": "SpaceX"}}, {"type": "Feature", "geometry": {"type": "Point", "coordinates": [-97.78848342500001, 31.114402075000005]}, "properties": {"osm_id": 1011850427, "osm_type": "way", "name": "", "fuel": "solar", "mw": null, "operator": ""}}, {"type": "Feature", "geometry": {"type": "Point", "coordinates": [-99.2107225142857, 30.07727812857143]}, "properties": {"osm_id": 1023629796, "osm_type": "way", "name": "", "fuel": "solar", "mw": null, "operator": ""}}, {"type": "Feature", "geometry": {"type": "Point", "coordinates": [-97.82402212, 31.079241500000002]}, "properties": {"osm_id": 1024858231, "osm_type": "way", "name": "", "fuel": "solar", "mw": null, "operator": ""}}, {"type": "Feature", "geometry": {"type": "Point", "coordinates": [-95.65607934333336, 29.242085919999997]}, "properties": {"osm_id": 1058328889, "osm_type": "way", "name": "Wagyu Solar", "fuel": "solar", "mw": 162.0, "operator": "Cypress Creek Renewables"}}, {"type": "Feature", "geometry": {"type": "Point", "coordinates": [-98.32089984285713, 29.308961357142863]}, "properties": {"osm_id": 1063095218, "osm_type": "way", "name": "J K Spruce Power Plant", "fuel": "coal", "mw": 1444.0, "operator": "City of San Antonio"}}, {"type": "Feature", "geometry": {"type": "Point", "coordinates": [-98.32428293333334, 29.308171883333333]}, "properties": {"osm_id": 1063095220, "osm_type": "way", "name": "O W Sommers Power Plant", "fuel": "gas", "mw": 892.0, "operator": "City of San Antonio"}}, {"type": "Feature", "geometry": {"type": "Point", "coordinates": [-95.52125706875003, 30.4359049]}, "properties": {"osm_id": 1063095221, "osm_type": "way", "name": "Lewis Creek Power Plant", "fuel": "gas", "mw": 542.8, "operator": "Entergy"}}, {"type": "Feature", "geometry": {"type": "Point", "coordinates": [-95.52726466249999, 30.44097167187501]}, "properties": {"osm_id": 1063095222, "osm_type": "way", "name": "Montgomery County Power Plant", "fuel": "gas", "mw": 1000.0, "operator": "Entergy"}}, {"type": "Feature", "geometry": {"type": "Point", "coordinates": [-96.06580575714285, 29.288645214285715]}, "properties": {"osm_id": 1063095223, "osm_type": "way", "name": "Colorado Bend Power Plant II", "fuel": "gas", "mw": 1230.3, "operator": "Exelon Power"}}, {"type": "Feature", "geometry": {"type": "Point", "coordinates": [-95.65107041666666, 29.149451449999997]}, "properties": {"osm_id": 1063095224, "osm_type": "way", "name": "Prospect Storage", "fuel": "battery", "mw": 9.9, "operator": "GlidePath Power Operations LLC"}}, {"type": "Feature", "geometry": {"type": "Point", "coordinates": [-95.00987212, 30.63059642]}, "properties": {"osm_id": 1063095226, "osm_type": "way", "name": "RC Thomas Hydroelectric Project", "fuel": "hydro", "mw": 26.7, "operator": "East Texas Electric Coop, Inc"}}, {"type": "Feature", "geometry": {"type": "Point", "coordinates": [-98.38066262763161, 29.258088049999998]}, "properties": {"osm_id": 1063095227, "osm_type": "way", "name": "Braunig Power Station", "fuel": "gas", "mw": 1138.0, "operator": "City of San Antonio"}}, {"type": "Feature", "geometry": {"type": "Point", "coordinates": [-97.66668066666666, 30.113022144444447]}, "properties": {"osm_id": 1064467422, "osm_type": "way", "name": "", "fuel": "solar", "mw": null, "operator": ""}}, {"type": "Feature", "geometry": {"type": "Point", "coordinates": [-95.63824894000001, 29.726011699999997]}, "properties": {"osm_id": 1072756150, "osm_type": "way", "name": "Westhollow Technology Center", "fuel": "gas", "mw": 3.7, "operator": "Shell Chemical LP"}}, {"type": "Feature", "geometry": {"type": "Point", "coordinates": [-96.02696229, 29.205668815000003]}, "properties": {"osm_id": 1072756151, "osm_type": "way", "name": "Cascade Solar", "fuel": "solar", "mw": 10.0, "operator": "Cypress Creek Renewables"}}, {"type": "Feature", "geometry": {"type": "Point", "coordinates": [-95.97374534736842, 29.538822705263154]}, "properties": {"osm_id": 1072756152, "osm_type": "way", "name": "Bronson Solar", "fuel": "solar", "mw": 10.0, "operator": "Cypress Creek Renewables"}}, {"type": "Feature", "geometry": {"type": "Point", "coordinates": [-96.07878465909093, 29.631618359090908]}, "properties": {"osm_id": 1072756153, "osm_type": "way", "name": "Bovine Solar", "fuel": "solar", "mw": 10.0, "operator": "Cypress Creek Renewables"}}, {"type": "Feature", "geometry": {"type": "Point", "coordinates": [-95.30837216, 28.982580419999998]}, "properties": {"osm_id": 1072756154, "osm_type": "way", "name": "Freeport LP Pretreatment Facility Cogen", "fuel": "gas", "mw": 87.0, "operator": "Freeport LNG Development L.P"}}, {"type": "Feature", "geometry": {"type": "Point", "coordinates": [-95.08398262, 29.73134]}, "properties": {"osm_id": 1072756155, "osm_type": "way", "name": "Houston Chemical Complex Battleground", "fuel": "gas", "mw": 380.7, "operator": "Oxy Vinyls LP"}}, {"type": "Feature", "geometry": {"type": "Point", "coordinates": [-95.34268709999999, 28.98003736]}, "properties": {"osm_id": 1072756156, "osm_type": "way", "name": "Oyster Creek Unit VIII", "fuel": "gas", "mw": 497.9, "operator": "Dow Chemical Company-Oyster Creek VIII"}}, {"type": "Feature", "geometry": {"type": "Point", "coordinates": [-95.45199283333334, 29.64491775]}, "properties": {"osm_id": 1072756157, "osm_type": "way", "name": "HO Clarke Generating", "fuel": "gas", "mw": 484.0, "operator": "ProEnergy Services"}}, {"type": "Feature", "geometry": {"type": "Point", "coordinates": [-95.1084738, 29.815373022222218]}, "properties": {"osm_id": 1072756158, "osm_type": "way", "name": "Odyssey Energy Altura Cogen", "fuel": "gas", "mw": 643.6, "operator": "Odyssey Operating Services"}}, {"type": "Feature", "geometry": {"type": "Point", "coordinates": [-94.97676660000002, 29.426073688888884]}, "properties": {"osm_id": 1072756159, "osm_type": "way", "name": "Topaz Generating", "fuel": "gas", "mw": 605.0, "operator": "ProEnergy Services"}}, {"type": "Feature", "geometry": {"type": "Point", "coordinates": [-95.40736259999998, 28.99088036]}, "properties": {"osm_id": 1072756160, "osm_type": "way", "name": "Freeport Energy", "fuel": "gas", "mw": 678.1, "operator": "Olin Blue Cube Operations"}}, {"type": "Feature", "geometry": {"type": "Point", "coordinates": [-94.92196321481481, 29.37802156296296]}, "properties": {"osm_id": 1072756161, "osm_type": "way", "name": "Power Station 4", "fuel": "gas", "mw": 191.1, "operator": "South Houston Green Power LLC"}}, {"type": "Feature", "geometry": {"type": "Point", "coordinates": [-94.9536482, 29.38061566]}, "properties": {"osm_id": 1072756162, "osm_type": "way", "name": "GCWA", "fuel": "oil", "mw": 7.2, "operator": "Power Depot Group A, LLC"}}, {"type": "Feature", "geometry": {"type": "Point", "coordinates": [-95.55404036666665, 29.84535085]}, "properties": {"osm_id": 1072756163, "osm_type": "way", "name": "Clara Power Plant", "fuel": "oil", "mw": 9.0, "operator": "Power Depot Group A, LLC"}}, {"type": "Feature", "geometry": {"type": "Point", "coordinates": [-95.52749730000001, 29.956757319999998]}, "properties": {"osm_id": 1072756164, "osm_type": "way", "name": "Cutten Power Plant", "fuel": "oil", "mw": 9.0, "operator": "Power Depot Group A, LLC"}}, {"type": "Feature", "geometry": {"type": "Point", "coordinates": [-95.47909499999999, 29.508328383333335]}, "properties": {"osm_id": 1072756165, "osm_type": "way", "name": "Mckeever Power Plant", "fuel": "oil", "mw": 9.0, "operator": "Power Depot Group A, LLC"}}, {"type": "Feature", "geometry": {"type": "Point", "coordinates": [-95.36583979999999, 29.59561738]}, "properties": {"osm_id": 1072756166, "osm_type": "way", "name": "Southwick Power Plant", "fuel": "oil", "mw": 9.0, "operator": "Power Depot Group A, LLC"}}, {"type": "Feature", "geometry": {"type": "Point", "coordinates": [-95.87544556, 29.7852224]}, "properties": {"osm_id": 1072756167, "osm_type": "way", "name": "Stonegate Power Plant", "fuel": "oil", "mw": 9.0, "operator": "Power Depot Group A, LLC"}}, {"type": "Feature", "geometry": {"type": "Point", "coordinates": [-96.16019576, 29.740955740000004]}, "properties": {"osm_id": 1080656178, "osm_type": "way", "name": "E-Volve Energy Holdings", "fuel": "solar", "mw": 1.2, "operator": "E-Volve Energy Holdings LLC"}}, {"type": "Feature", "geometry": {"type": "Point", "coordinates": [-97.69915314285716, 28.870527171428567]}, "properties": {"osm_id": 1080656673, "osm_type": "way", "name": "CatanSolar", "fuel": "solar", "mw": 10.0, "operator": "Adapture Renewables, Inc."}}, {"type": "Feature", "geometry": {"type": "Point", "coordinates": [-98.23419972272727, 26.88877754090909]}, "properties": {"osm_id": 1080657053, "osm_type": "way", "name": "Alexis Solar, LLC", "fuel": "solar", "mw": 10.0, "operator": "Sol Systems"}}, {"type": "Feature", "geometry": {"type": "Point", "coordinates": [-97.97915485, 29.588508400000002]}, "properties": {"osm_id": 1080657067, "osm_type": "way", "name": "Niagara Bottling - Seguin", "fuel": "solar", "mw": 4.9, "operator": "SkyHigh 2 Solar"}}, {"type": "Feature", "geometry": {"type": "Point", "coordinates": [-98.83123599999999, 27.42303968]}, "properties": {"osm_id": 1080658063, "osm_type": "way", "name": "Mars Solar", "fuel": "solar", "mw": 10.0, "operator": "Sol Systems"}}, {"type": "Feature", "geometry": {"type": "Point", "coordinates": [-95.19438942000001, 29.229755039999997]}, "properties": {"osm_id": 1085388994, "osm_type": "way", "name": "Power Island power station", "fuel": "gas", "mw": 141.0, "operator": "INEOS USA LLC"}}, {"type": "Feature", "geometry": {"type": "Point", "coordinates": [-97.87854288000001, 30.752764110000005]}, "properties": {"osm_id": 1086050920, "osm_type": "way", "name": "North Fork TX", "fuel": "battery", "mw": 100.0, "operator": "Broad Reach Power"}}, {"type": "Feature", "geometry": {"type": "Point", "coordinates": [-96.37287231666666, 30.646940816666667]}, "properties": {"osm_id": 1087366798, "osm_type": "way", "name": "Bryan Power Plant", "fuel": "gas", "mw": 22.0, "operator": "City of Bryan - (TX)"}}, {"type": "Feature", "geometry": {"type": "Point", "coordinates": [-97.07454676, 28.81685658]}, "properties": {"osm_id": 1089363453, "osm_type": "way", "name": "Loop 463", "fuel": "battery", "mw": 9.9, "operator": "Broad Reach Power"}}, {"type": "Feature", "geometry": {"type": "Point", "coordinates": [-96.94577795, 28.697236537499997]}, "properties": {"osm_id": 1089363456, "osm_type": "way", "name": "Victoria Port Power II", "fuel": "gas", "mw": 100.0, "operator": "Victoria Port Power II"}}, {"type": "Feature", "geometry": {"type": "Point", "coordinates": [-97.01009836, 28.78566258]}, "properties": {"osm_id": 1089363457, "osm_type": "way", "name": "Victoria City Power", "fuel": "gas", "mw": 100.0, "operator": "Agilon Energy Holdings II, LLC"}}, {"type": "Feature", "geometry": {"type": "Point", "coordinates": [-96.94519422500001, 28.6957545125]}, "properties": {"osm_id": 1089363458, "osm_type": "way", "name": "Victoria Port Power", "fuel": "gas", "mw": 100.0, "operator": "Agilon Energy Holdings II, LLC"}}, {"type": "Feature", "geometry": {"type": "Point", "coordinates": [-96.68373607999999, 28.58671338]}, "properties": {"osm_id": 1089363459, "osm_type": "way", "name": "TX2 Port Lavaca", "fuel": "battery", "mw": 9.9, "operator": "Key Capture Energy"}}, {"type": "Feature", "geometry": {"type": "Point", "coordinates": [-95.12835898, 29.721875519999998]}, "properties": {"osm_id": 1119989473, "osm_type": "way", "name": "Shell Deer Park Power Station", "fuel": "gas;steam", "mw": 274.0, "operator": "Deer Park Refinery Limited Partnership (DPRLP)"}}, {"type": "Feature", "geometry": {"type": "Point", "coordinates": [-99.53573364761903, 30.872535542857143]}, "properties": {"osm_id": 1150069563, "osm_type": "way", "name": "Lampwick", "fuel": "solar", "mw": 7.5, "operator": "Sol Systems"}}, {"type": "Feature", "geometry": {"type": "Point", "coordinates": [-97.69063930588237, 30.557422499999998]}, "properties": {"osm_id": 1157813655, "osm_type": "way", "name": "IKEA Round Rock 027", "fuel": "solar", "mw": 1.4, "operator": "IKEA Property Inc"}}, {"type": "Feature", "geometry": {"type": "Point", "coordinates": [-98.2335797, 29.362391862499997]}, "properties": {"osm_id": 1159177369, "osm_type": "way", "name": "CPS 1 Community Solar", "fuel": "solar", "mw": 1.0, "operator": "City of San Antonio - (TX)"}}, {"type": "Feature", "geometry": {"type": "Point", "coordinates": [-95.01435029090909, 29.755242872727273]}, "properties": {"osm_id": 1160253523, "osm_type": "way", "name": "ExxonMobil Baytown Power Plant", "fuel": "gas", "mw": 381.8, "operator": "Exxon Mobil Refining and Supply Co."}}, {"type": "Feature", "geometry": {"type": "Point", "coordinates": [-97.98297344210526, 28.4507121631579]}, "properties": {"osm_id": 1160554501, "osm_type": "way", "name": "Brightside", "fuel": "solar", "mw": 50.7, "operator": "Luminant Generation Company LLC"}}, {"type": "Feature", "geometry": {"type": "Point", "coordinates": [-98.25154705, 29.2205116875]}, "properties": {"osm_id": 1160707475, "osm_type": "way", "name": "", "fuel": "solar", "mw": null, "operator": ""}}, {"type": "Feature", "geometry": {"type": "Point", "coordinates": [-98.10709891428571, 29.128712299999997]}, "properties": {"osm_id": 1160708436, "osm_type": "way", "name": "", "fuel": "solar", "mw": null, "operator": ""}}, {"type": "Feature", "geometry": {"type": "Point", "coordinates": [-98.19300595, 29.13398083333333]}, "properties": {"osm_id": 1160708582, "osm_type": "way", "name": "", "fuel": "solar", "mw": null, "operator": ""}}, {"type": "Feature", "geometry": {"type": "Point", "coordinates": [-95.29622177222222, 29.285961388888886]}, "properties": {"osm_id": 1161573935, "osm_type": "way", "name": "Longbow Solar", "fuel": "solar", "mw": 78.1, "operator": ""}}, {"type": "Feature", "geometry": {"type": "Point", "coordinates": [-97.57371639333333, 30.41223274666667]}, "properties": {"osm_id": 1162917941, "osm_type": "way", "name": "TX12 Silicon Hill Storage", "fuel": "battery", "mw": 100.0, "operator": "Key Capture Energy"}}, {"type": "Feature", "geometry": {"type": "Point", "coordinates": [-95.62109964999999, 29.47929647]}, "properties": {"osm_id": 1171448403, "osm_type": "way", "name": "WattBridge Braes Bayou Power Plant", "fuel": "gas", "mw": 484.0, "operator": "ProEnergy Services"}}, {"type": "Feature", "geometry": {"type": "Point", "coordinates": [-95.43189345714286, 29.22735641428572]}, "properties": {"osm_id": 1173103898, "osm_type": "way", "name": "ProEnergy Mark One Power Plant", "fuel": "gas", "mw": 363.0, "operator": "ProEnergy Services"}}, {"type": "Feature", "geometry": {"type": "Point", "coordinates": [-93.96608221111111, 29.888331844444444]}, "properties": {"osm_id": 1185347713, "osm_type": "way", "name": "Motiva Enterprises Port Arthur Refinery Power Plant", "fuel": "gas", "mw": null, "operator": ""}}, {"type": "Feature", "geometry": {"type": "Point", "coordinates": [-95.39577901999999, 28.98891074]}, "properties": {"osm_id": 1185363273, "osm_type": "way", "name": "Freeport Energy Center", "fuel": "gas", "mw": 260.0, "operator": "Dow Chemical Co"}}, {"type": "Feature", "geometry": {"type": "Point", "coordinates": [-93.96553816, 29.86655816]}, "properties": {"osm_id": 1186913507, "osm_type": "way", "name": "Air Products Port Arthur power station", "fuel": "gas", "mw": 169.0, "operator": ""}}, {"type": "Feature", "geometry": {"type": "Point", "coordinates": [-96.77049822000001, 28.51036948]}, "properties": {"osm_id": 1186995038, "osm_type": "way", "name": "Union Carbide Seadrift Cogen Power Station", "fuel": "", "mw": null, "operator": ""}}, {"type": "Feature", "geometry": {"type": "Point", "coordinates": [-97.7349545368421, 30.286613731578953]}, "properties": {"osm_id": 1188969087, "osm_type": "way", "name": "Hal C. Weaver Power Plant", "fuel": "gas", "mw": 152.5, "operator": "University of Texas at Austin"}}, {"type": "Feature", "geometry": {"type": "Point", "coordinates": [-96.95620922, 28.67524616]}, "properties": {"osm_id": 1189228760, "osm_type": "way", "name": "Victoria Texas Plant", "fuel": "", "mw": null, "operator": ""}}, {"type": "Feature", "geometry": {"type": "Point", "coordinates": [-98.53510658000002, 28.92365742]}, "properties": {"osm_id": 1190043793, "osm_type": "way", "name": "", "fuel": "solar", "mw": null, "operator": ""}}, {"type": "Feature", "geometry": {"type": "Point", "coordinates": [-95.39007245, 29.219112433333333]}, "properties": {"osm_id": 1193593175, "osm_type": "way", "name": "", "fuel": "solar", "mw": null, "operator": ""}}, {"type": "Feature", "geometry": {"type": "Point", "coordinates": [-93.86996188, 29.748600800000002]}, "properties": {"osm_id": 1196704249, "osm_type": "way", "name": "Cheniere LNG Generation", "fuel": "gas", "mw": 204.0, "operator": "Cheniere Energy Partners, L.P."}}, {"type": "Feature", "geometry": {"type": "Point", "coordinates": [-97.61599406666666, 30.230543800000003]}, "properties": {"osm_id": 1217222659, "osm_type": "way", "name": "GFTX BESS", "fuel": "battery", "mw": 125.0, "operator": "Giga Texas Energy LLC"}}, {"type": "Feature", "geometry": {"type": "Point", "coordinates": [-97.48480556000001, 27.81727446]}, "properties": {"osm_id": 1218387760, "osm_type": "way", "name": "Valero Refinery Corpus Christi West Power Station", "fuel": "waste_heat", "mw": 69.2, "operator": "Valero Refining Co"}}, {"type": "Feature", "geometry": {"type": "Point", "coordinates": [-95.19615241904762, 29.739874776190476]}, "properties": {"osm_id": 1219860490, "osm_type": "way", "name": "Rentech Nitrogen Pasadena Cogeneration Power Station", "fuel": "waste", "mw": 15.4, "operator": "PCI Nitrogen LLC"}}, {"type": "Feature", "geometry": {"type": "Point", "coordinates": [-94.43583663636365, 30.74901757272727]}, "properties": {"osm_id": 1224658876, "osm_type": "way", "name": "Woodville Renewable Power Project Power Plant", "fuel": "biomass", "mw": 49.9, "operator": "East Texas Electric Coop, Inc"}}, {"type": "Feature", "geometry": {"type": "Point", "coordinates": [-97.82849459999998, 26.14449176]}, "properties": {"osm_id": 1236076807, "osm_type": "way", "name": "", "fuel": "solar", "mw": null, "operator": ""}}, {"type": "Feature", "geometry": {"type": "Point", "coordinates": [-97.83446974444445, 26.14553471111111]}, "properties": {"osm_id": 1236076811, "osm_type": "way", "name": "", "fuel": "solar", "mw": null, "operator": ""}}, {"type": "Feature", "geometry": {"type": "Point", "coordinates": [-99.12390712499999, 30.035833675]}, "properties": {"osm_id": 1257533974, "osm_type": "way", "name": "", "fuel": "solar", "mw": null, "operator": ""}}, {"type": "Feature", "geometry": {"type": "Point", "coordinates": [-95.03939477777777, 30.771081444444444]}, "properties": {"osm_id": 1274637750, "osm_type": "way", "name": "", "fuel": "solar", "mw": null, "operator": ""}}, {"type": "Feature", "geometry": {"type": "Point", "coordinates": [-95.3642085, 30.37345906]}, "properties": {"osm_id": 1286730759, "osm_type": "way", "name": "", "fuel": "solar", "mw": null, "operator": ""}}, {"type": "Feature", "geometry": {"type": "Point", "coordinates": [-95.2934912111111, 29.62931348888889]}, "properties": {"osm_id": 1318563291, "osm_type": "way", "name": "", "fuel": "solar", "mw": null, "operator": ""}}, {"type": "Feature", "geometry": {"type": "Point", "coordinates": [-95.43532348, 29.364397659999998]}, "properties": {"osm_id": 1320511862, "osm_type": "way", "name": "Brotman Power Station", "fuel": "gas", "mw": 484.0, "operator": "ProEnergy Services"}}, {"type": "Feature", "geometry": {"type": "Point", "coordinates": [-98.72480632857143, 29.52460617142857]}, "properties": {"osm_id": 1329987047, "osm_type": "way", "name": "", "fuel": "solar", "mw": null, "operator": ""}}, {"type": "Feature", "geometry": {"type": "Point", "coordinates": [-98.6487645777778, 29.65595492222222]}, "properties": {"osm_id": 1329991015, "osm_type": "way", "name": "", "fuel": "solar", "mw": null, "operator": ""}}, {"type": "Feature", "geometry": {"type": "Point", "coordinates": [-98.85566248, 29.18380664]}, "properties": {"osm_id": 1329999651, "osm_type": "way", "name": "", "fuel": "solar", "mw": null, "operator": ""}}, {"type": "Feature", "geometry": {"type": "Point", "coordinates": [-99.75096602727272, 27.69395995454546]}, "properties": {"osm_id": 1330054246, "osm_type": "way", "name": "", "fuel": "solar", "mw": null, "operator": ""}}, {"type": "Feature", "geometry": {"type": "Point", "coordinates": [-98.48331556666666, 26.255970483333332]}, "properties": {"osm_id": 1331890763, "osm_type": "way", "name": "", "fuel": "solar", "mw": null, "operator": ""}}, {"type": "Feature", "geometry": {"type": "Point", "coordinates": [-95.01478265714286, 29.84772547142857]}, "properties": {"osm_id": 1340142989, "osm_type": "way", "name": "Remy Jade Power Station", "fuel": "gas", "mw": 484.0, "operator": "ProEnergy Services"}}, {"type": "Feature", "geometry": {"type": "Point", "coordinates": [-97.71144431666664, 30.30650815]}, "properties": {"osm_id": 1346200888, "osm_type": "way", "name": "", "fuel": "solar", "mw": null, "operator": ""}}, {"type": "Feature", "geometry": {"type": "Point", "coordinates": [-98.4034896, 29.42880932]}, "properties": {"osm_id": 1350692367, "osm_type": "way", "name": "", "fuel": "solar", "mw": null, "operator": ""}}, {"type": "Feature", "geometry": {"type": "Point", "coordinates": [-98.41880847142856, 29.444291628571428]}, "properties": {"osm_id": 1350692372, "osm_type": "way", "name": "", "fuel": "solar", "mw": null, "operator": ""}}, {"type": "Feature", "geometry": {"type": "Point", "coordinates": [-97.35661638181818, 30.414776454545457]}, "properties": {"osm_id": 1352413492, "osm_type": "way", "name": "River Valley Storage 1 & 2", "fuel": "battery", "mw": 100.0, "operator": "Key Capture Storage"}}, {"type": "Feature", "geometry": {"type": "Point", "coordinates": [-97.16413991428574, 30.020732485714287]}, "properties": {"osm_id": 1369175328, "osm_type": "way", "name": "Smithville Solar Farm", "fuel": "solar", "mw": 1.4, "operator": ""}}, {"type": "Feature", "geometry": {"type": "Point", "coordinates": [-95.49409633333332, 29.628301877777776]}, "properties": {"osm_id": 1369845520, "osm_type": "way", "name": "Lantana Point Reserve Peakshaving Unit", "fuel": "gas", "mw": null, "operator": ""}}, {"type": "Feature", "geometry": {"type": "Point", "coordinates": [-97.75169948571428, 27.737029071428573]}, "properties": {"osm_id": 1391720475, "osm_type": "way", "name": "", "fuel": "", "mw": null, "operator": ""}}, {"type": "Feature", "geometry": {"type": "Point", "coordinates": [-97.8860445, 30.785409799999996]}, "properties": {"osm_id": 1392241614, "osm_type": "way", "name": "", "fuel": "solar", "mw": null, "operator": ""}}, {"type": "Feature", "geometry": {"type": "Point", "coordinates": [-98.15894610000001, 29.155409399999996]}, "properties": {"osm_id": 1422201015, "osm_type": "way", "name": "", "fuel": "solar", "mw": null, "operator": ""}}, {"type": "Feature", "geometry": {"type": "Point", "coordinates": [-95.38656662000001, 29.70093442]}, "properties": {"osm_id": 1424469192, "osm_type": "way", "name": "", "fuel": "solar", "mw": null, "operator": ""}}, {"type": "Feature", "geometry": {"type": "Point", "coordinates": [-98.32510730000001, 29.337960166666665]}, "properties": {"osm_id": 1432424764, "osm_type": "way", "name": "Padua 1", "fuel": "battery", "mw": 50.0, "operator": "Padua 1"}}, {"type": "Feature", "geometry": {"type": "Point", "coordinates": [-98.334689125, 29.620702437500004]}, "properties": {"osm_id": 1432427451, "osm_type": "way", "name": "Ebony Energy Storage", "fuel": "battery", "mw": 200.0, "operator": "Ebony Energy Storage, LLC"}}, {"type": "Feature", "geometry": {"type": "Point", "coordinates": [-99.2762320625, 27.577172075]}, "properties": {"osm_id": 1432429855, "osm_type": "way", "name": "Wolf Tank Storage", "fuel": "battery", "mw": 150.0, "operator": "Wolf Tank Storage, LLC"}}, {"type": "Feature", "geometry": {"type": "Point", "coordinates": [-95.01623986000001, 29.756641899999998]}, "properties": {"osm_id": 1434519341, "osm_type": "way", "name": "", "fuel": "", "mw": null, "operator": ""}}, {"type": "Feature", "geometry": {"type": "Point", "coordinates": [-95.96435, 29.191348859999998]}, "properties": {"osm_id": 1441540447, "osm_type": "way", "name": "GulfStar Power, LLC", "fuel": "battery", "mw": 300.0, "operator": "GulfStar Power, LLC"}}, {"type": "Feature", "geometry": {"type": "Point", "coordinates": [-98.01421479166667, 29.653823033333335]}, "properties": {"osm_id": 1448717354, "osm_type": "way", "name": "Cachi", "fuel": "battery", "mw": 200.0, "operator": "Engie North America"}}, {"type": "Feature", "geometry": {"type": "Point", "coordinates": [-97.46732682, 26.196669660000005]}, "properties": {"osm_id": 1449699432, "osm_type": "way", "name": "Cameron Wind 1 LLC", "fuel": "battery", "mw": 16.4, "operator": "Cameron Wind 1 LLC"}}, {"type": "Feature", "geometry": {"type": "Point", "coordinates": [-94.94750821666666, 29.387841350000002]}, "properties": {"osm_id": 1449921304, "osm_type": "way", "name": "Heights", "fuel": "battery", "mw": 9.9, "operator": "Engie North America"}}, {"type": "Feature", "geometry": {"type": "Point", "coordinates": [-95.04079677142859, 29.395833971428573]}, "properties": {"osm_id": 1449921567, "osm_type": "way", "name": "Mainland", "fuel": "battery", "mw": 9.9, "operator": "HEN Infrastructure, L.L.C."}}, {"type": "Feature", "geometry": {"type": "Point", "coordinates": [-95.25043519, 29.433756600000002]}, "properties": {"osm_id": 1449922073, "osm_type": "way", "name": "Alvin", "fuel": "battery", "mw": 9.9, "operator": "Engie North America"}}, {"type": "Feature", "geometry": {"type": "Point", "coordinates": [-95.44184504, 29.166690519999996]}, "properties": {"osm_id": 1449922398, "osm_type": "way", "name": "Angleton", "fuel": "battery", "mw": 9.9, "operator": "Engie North America"}}, {"type": "Feature", "geometry": {"type": "Point", "coordinates": [-95.58043438571428, 29.061688285714286]}, "properties": {"osm_id": 1449922577, "osm_type": "way", "name": "Brazoria", "fuel": "battery", "mw": 9.9, "operator": "Engie North America"}}, {"type": "Feature", "geometry": {"type": "Point", "coordinates": [-95.68540934, 29.050390040000003]}, "properties": {"osm_id": 1449922936, "osm_type": "way", "name": "Sweeny", "fuel": "battery", "mw": 9.9, "operator": "Engie North America"}}, {"type": "Feature", "geometry": {"type": "Point", "coordinates": [-95.68690560000002, 29.056037885714286]}, "properties": {"osm_id": 1449923282, "osm_type": "way", "name": "Byrd Ranch Storage", "fuel": "battery", "mw": 50.0, "operator": "Byrd Ranch Storage LLC"}}, {"type": "Feature", "geometry": {"type": "Point", "coordinates": [-95.25060240909092, 29.432694954545454]}, "properties": {"osm_id": 1449923781, "osm_type": "way", "name": "Tortolas", "fuel": "battery", "mw": 50.0, "operator": "Engie North America"}}, {"type": "Feature", "geometry": {"type": "Point", "coordinates": [-95.66160785999999, 29.159377340000002]}, "properties": {"osm_id": 1449923885, "osm_type": "way", "name": "TX23 Roughneck Storage", "fuel": "battery", "mw": 50.0, "operator": "Key Capture Energy"}}, {"type": "Feature", "geometry": {"type": "Point", "coordinates": [-95.29565904, 29.28163109]}, "properties": {"osm_id": 1449926551, "osm_type": "way", "name": "Longbow BESS, LLC", "fuel": "battery", "mw": 174.0, "operator": "Longbow BESS, LLC"}}, {"type": "Feature", "geometry": {"type": "Point", "coordinates": [-95.31170496666667, 29.455924544444443]}, "properties": {"osm_id": 1449926952, "osm_type": "way", "name": "SMT Ironman Battery Storage Plant", "fuel": "battery", "mw": 304.0, "operator": "SMT Ironman BESS LLC"}}, {"type": "Feature", "geometry": {"type": "Point", "coordinates": [-95.25109647999997, 29.434911605000003]}, "properties": {"osm_id": 1449927176, "osm_type": "way", "name": "Bocanova Energy Storage", "fuel": "battery", "mw": 150.0, "operator": "Bocanova Power LLC"}}, {"type": "Feature", "geometry": {"type": "Point", "coordinates": [-95.13368969090908, 29.489641981818185]}, "properties": {"osm_id": 1449935482, "osm_type": "way", "name": "Magnolia TX", "fuel": "battery", "mw": 9.9, "operator": "Engie North America"}}, {"type": "Feature", "geometry": {"type": "Point", "coordinates": [-95.05660292, 29.46155108]}, "properties": {"osm_id": 1449935646, "osm_type": "way", "name": "Dickinson", "fuel": "battery", "mw": 9.9, "operator": "Engie North America"}}, {"type": "Feature", "geometry": {"type": "Point", "coordinates": [-98.32383905714286, 26.164430471428574]}, "properties": {"osm_id": 1449936703, "osm_type": "way", "name": "Madero Grid and Ignacio Grid", "fuel": "battery", "mw": 200.0, "operator": "Madero Grid, LLC and Ignacio Grid LLC"}}, {"type": "Feature", "geometry": {"type": "Point", "coordinates": [-96.1990569, 29.84750568]}, "properties": {"osm_id": 1449939902, "osm_type": "way", "name": "Sealy BESS", "fuel": "battery", "mw": 200.0, "operator": "Sealy Power, LLC"}}, {"type": "Feature", "geometry": {"type": "Point", "coordinates": [-99.10910052, 26.6870299]}, "properties": {"osm_id": 1450408622, "osm_type": "way", "name": "Lopeno", "fuel": "battery", "mw": 9.9, "operator": "Engie North America"}}, {"type": "Feature", "geometry": {"type": "Point", "coordinates": [-99.23331154285714, 26.93156644285714]}, "properties": {"osm_id": 1450410112, "osm_type": "way", "name": "Zapata", "fuel": "battery", "mw": 19.8, "operator": "Engie North America"}}, {"type": "Feature", "geometry": {"type": "Point", "coordinates": [-96.06474316, 30.70628646]}, "properties": {"osm_id": 1450410588, "osm_type": "way", "name": "Blue Jay Solar I, LLC", "fuel": "battery", "mw": 51.6, "operator": "Blue Jay Solar I, LLC"}}, {"type": "Feature", "geometry": {"type": "Point", "coordinates": [-97.53460014615385, 27.81904487692308]}, "properties": {"osm_id": 1450414765, "osm_type": "way", "name": "Carina", "fuel": "battery", "mw": 150.0, "operator": "Engie North America"}}, {"type": "Feature", "geometry": {"type": "Point", "coordinates": [-95.74083562391303, 29.4213531847826]}, "properties": {"osm_id": 1451270166, "osm_type": "way", "name": "Cutlass Solar II", "fuel": "solar", "mw": 202.8, "operator": "Cutlass II Solar LLC"}}, {"type": "Feature", "geometry": {"type": "Point", "coordinates": [-95.27723556470588, 29.24474474117647]}, "properties": {"osm_id": 1451532233, "osm_type": "way", "name": "", "fuel": "solar", "mw": null, "operator": ""}}, {"type": "Feature", "geometry": {"type": "Point", "coordinates": [-95.26603962926829, 29.243561975609758]}, "properties": {"osm_id": 1451532234, "osm_type": "way", "name": "", "fuel": "solar", "mw": null, "operator": ""}}, {"type": "Feature", "geometry": {"type": "Point", "coordinates": [-95.25784011249998, 29.256655462500007]}, "properties": {"osm_id": 1451532235, "osm_type": "way", "name": "", "fuel": "solar", "mw": null, "operator": ""}}, {"type": "Feature", "geometry": {"type": "Point", "coordinates": [-95.2601987638889, 29.25099013888888]}, "properties": {"osm_id": 1451532236, "osm_type": "way", "name": "", "fuel": "solar", "mw": null, "operator": ""}}, {"type": "Feature", "geometry": {"type": "Point", "coordinates": [-95.2707935, 29.247796669230773]}, "properties": {"osm_id": 1451532237, "osm_type": "way", "name": "", "fuel": "solar", "mw": null, "operator": ""}}, {"type": "Feature", "geometry": {"type": "Point", "coordinates": [-95.26635934444444, 29.259195555555557]}, "properties": {"osm_id": 1451532238, "osm_type": "way", "name": "", "fuel": "solar", "mw": null, "operator": ""}}, {"type": "Feature", "geometry": {"type": "Point", "coordinates": [-95.27270261999999, 29.256112620000003]}, "properties": {"osm_id": 1451532239, "osm_type": "way", "name": "", "fuel": "solar", "mw": null, "operator": ""}}, {"type": "Feature", "geometry": {"type": "Point", "coordinates": [-95.2614247846154, 29.260826630769227]}, "properties": {"osm_id": 1451532242, "osm_type": "way", "name": "", "fuel": "solar", "mw": null, "operator": ""}}, {"type": "Feature", "geometry": {"type": "Point", "coordinates": [-95.2555344357143, 29.26597045]}, "properties": {"osm_id": 1451532243, "osm_type": "way", "name": "", "fuel": "solar", "mw": null, "operator": ""}}, {"type": "Feature", "geometry": {"type": "Point", "coordinates": [-95.25369041428571, 29.263358100000005]}, "properties": {"osm_id": 1451532244, "osm_type": "way", "name": "", "fuel": "solar", "mw": null, "operator": ""}}, {"type": "Feature", "geometry": {"type": "Point", "coordinates": [-95.241536, 29.257119833333334]}, "properties": {"osm_id": 1451532245, "osm_type": "way", "name": "", "fuel": "solar", "mw": null, "operator": ""}}, {"type": "Feature", "geometry": {"type": "Point", "coordinates": [-95.2473764625, 29.261209224999995]}, "properties": {"osm_id": 1451532246, "osm_type": "way", "name": "", "fuel": "solar", "mw": null, "operator": ""}}, {"type": "Feature", "geometry": {"type": "Point", "coordinates": [-95.25260985, 29.257597883333332]}, "properties": {"osm_id": 1451532247, "osm_type": "way", "name": "", "fuel": "solar", "mw": null, "operator": ""}}, {"type": "Feature", "geometry": {"type": "Point", "coordinates": [-95.24502030833332, 29.251846924999995]}, "properties": {"osm_id": 1451532248, "osm_type": "way", "name": "", "fuel": "solar", "mw": null, "operator": ""}}, {"type": "Feature", "geometry": {"type": "Point", "coordinates": [-95.25510895000001, 29.23801432307693]}, "properties": {"osm_id": 1451532249, "osm_type": "way", "name": "", "fuel": "solar", "mw": null, "operator": ""}}, {"type": "Feature", "geometry": {"type": "Point", "coordinates": [-95.25401509729731, 29.227657578378377]}, "properties": {"osm_id": 1451532250, "osm_type": "way", "name": "", "fuel": "solar", "mw": null, "operator": ""}}, {"type": "Feature", "geometry": {"type": "Point", "coordinates": [-95.26502892307693, 29.227784776923077]}, "properties": {"osm_id": 1451532251, "osm_type": "way", "name": "", "fuel": "solar", "mw": null, "operator": ""}}, {"type": "Feature", "geometry": {"type": "Point", "coordinates": [-95.42801051428572, 29.23958944285714]}, "properties": {"osm_id": 1451553833, "osm_type": "way", "name": "", "fuel": "solar", "mw": null, "operator": ""}}, {"type": "Feature", "geometry": {"type": "Point", "coordinates": [-95.42144005500002, 29.24294408]}, "properties": {"osm_id": 1451553834, "osm_type": "way", "name": "", "fuel": "solar", "mw": null, "operator": ""}}, {"type": "Feature", "geometry": {"type": "Point", "coordinates": [-95.41472035, 29.236337493750003]}, "properties": {"osm_id": 1451553835, "osm_type": "way", "name": "", "fuel": "solar", "mw": null, "operator": ""}}, {"type": "Feature", "geometry": {"type": "Point", "coordinates": [-95.42909592222222, 29.233599399999996]}, "properties": {"osm_id": 1451553836, "osm_type": "way", "name": "", "fuel": "solar", "mw": null, "operator": ""}}, {"type": "Feature", "geometry": {"type": "Point", "coordinates": [-95.42107317142856, 29.229230592857135]}, "properties": {"osm_id": 1451553837, "osm_type": "way", "name": "", "fuel": "solar", "mw": null, "operator": ""}}, {"type": "Feature", "geometry": {"type": "Point", "coordinates": [-95.38752955333334, 29.23671808666667]}, "properties": {"osm_id": 1451553838, "osm_type": "way", "name": "", "fuel": "solar", "mw": null, "operator": ""}}, {"type": "Feature", "geometry": {"type": "Point", "coordinates": [-95.40241951666667, 29.2347536]}, "properties": {"osm_id": 1451553839, "osm_type": "way", "name": "", "fuel": "solar", "mw": null, "operator": ""}}, {"type": "Feature", "geometry": {"type": "Point", "coordinates": [-95.4038455125, 29.229362249999998]}, "properties": {"osm_id": 1451553840, "osm_type": "way", "name": "", "fuel": "solar", "mw": null, "operator": ""}}, {"type": "Feature", "geometry": {"type": "Point", "coordinates": [-95.39345295714286, 29.222472157142857]}, "properties": {"osm_id": 1451553841, "osm_type": "way", "name": "", "fuel": "solar", "mw": null, "operator": ""}}, {"type": "Feature", "geometry": {"type": "Point", "coordinates": [-96.14140184793389, 29.17665425206611]}, "properties": {"osm_id": 1451876838, "osm_type": "way", "name": "Red Tailed Hawk Solar", "fuel": "solar", "mw": 350.0, "operator": "Acciona Energy USA Global, LLC"}}, {"type": "Feature", "geometry": {"type": "Point", "coordinates": [-98.00339833846154, 29.465451953846152]}, "properties": {"osm_id": 1453220049, "osm_type": "way", "name": "Libra Storage", "fuel": "battery", "mw": 201.0, "operator": "Libra Storage LLC"}}, {"type": "Feature", "geometry": {"type": "Point", "coordinates": [-97.26506069999999, 31.006014060000002]}, "properties": {"osm_id": 1453228484, "osm_type": "way", "name": "Chillingham Storage", "fuel": "battery", "mw": 150.0, "operator": "Chillingham Storage LLC"}}, {"type": "Feature", "geometry": {"type": "Point", "coordinates": [-98.82029944000001, 26.39100166]}, "properties": {"osm_id": 1453228872, "osm_type": "way", "name": "SMT Rio Grande II LLC", "fuel": "battery", "mw": 10.0, "operator": "SMT Rio Grande II LLC"}}, {"type": "Feature", "geometry": {"type": "Point", "coordinates": [-98.35238921999999, 26.322414079999998]}, "properties": {"osm_id": 1453229789, "osm_type": "way", "name": "Citrus City BESS", "fuel": "battery", "mw": 9.9, "operator": "Incorporated BESS"}}, {"type": "Feature", "geometry": {"type": "Point", "coordinates": [-95.37896249, 29.775455140000002]}, "properties": {"osm_id": 1453230631, "osm_type": "way", "name": "Crockett BESS", "fuel": "battery", "mw": 9.5, "operator": "Incorporated BESS"}}, {"type": "Feature", "geometry": {"type": "Point", "coordinates": [-98.05898134, 26.20816304]}, "properties": {"osm_id": 1453231002, "osm_type": "way", "name": "Lower Rio Energy Storage", "fuel": "battery", "mw": 60.0, "operator": "VESI 38 LLC"}}, {"type": "Feature", "geometry": {"type": "Point", "coordinates": [-98.15413816, 26.12766616]}, "properties": {"osm_id": 1453231661, "osm_type": "way", "name": "Great Kiskadee Storage", "fuel": "battery", "mw": 100.0, "operator": "Great Kiskadee Storage, LLC"}}, {"type": "Feature", "geometry": {"type": "Point", "coordinates": [-97.77318284, 28.1840351]}, "properties": {"osm_id": 1453234766, "osm_type": "way", "name": "Tynan", "fuel": "battery", "mw": 9.9, "operator": "HEN Infrastructure, L.L.C."}}, {"type": "Feature", "geometry": {"type": "Point", "coordinates": [-95.97376266, 30.659659780000005]}, "properties": {"osm_id": 1453241619, "osm_type": "way", "name": "TX15 Limousin Oak Storage", "fuel": "battery", "mw": 100.0, "operator": "Key Capture Energy"}}, {"type": "Feature", "geometry": {"type": "Point", "coordinates": [-99.67366152, 28.346815860000003]}, "properties": {"osm_id": 1453242211, "osm_type": "way", "name": "Caterina", "fuel": "battery", "mw": 9.9, "operator": "HEN Infrastructure, L.L.C."}}, {"type": "Feature", "geometry": {"type": "Point", "coordinates": [-99.36316581666667, 28.03366315]}, "properties": {"osm_id": 1453242844, "osm_type": "way", "name": "Holcomb (TX)", "fuel": "battery", "mw": 9.9, "operator": "HEN Infrastructure, L.L.C."}}, {"type": "Feature", "geometry": {"type": "Point", "coordinates": [-98.07963894, 26.234121880000004]}, "properties": {"osm_id": 1453778587, "osm_type": "way", "name": "Val Verde", "fuel": "battery", "mw": 9.9, "operator": "HEN Infrastructure, L.L.C."}}, {"type": "Feature", "geometry": {"type": "Point", "coordinates": [-95.0178276, 29.873816389999995]}, "properties": {"osm_id": 1454375423, "osm_type": "way", "name": "Citadel Battery Storage Plant", "fuel": "battery", "mw": 204.0, "operator": "Citadell BESS LLC"}}, {"type": "Feature", "geometry": {"type": "Point", "coordinates": [-97.9122886, 26.23056896]}, "properties": {"osm_id": 1454375859, "osm_type": "way", "name": "SMT Mercedes LLC", "fuel": "battery", "mw": 10.0, "operator": "SMT Mercedes LLC"}}, {"type": "Feature", "geometry": {"type": "Point", "coordinates": [-98.32285704, 26.189760560000003]}, "properties": {"osm_id": 1454375976, "osm_type": "way", "name": "SMT Mission LLC", "fuel": "battery", "mw": 10.0, "operator": "SMT Mission LLC"}}, {"type": "Feature", "geometry": {"type": "Point", "coordinates": [-97.82313196, 26.23254258]}, "properties": {"osm_id": 1454376022, "osm_type": "way", "name": "SMT Santa Rosa LLC", "fuel": "battery", "mw": 10.0, "operator": "SMT Santa Rosa LLC"}}, {"type": "Feature", "geometry": {"type": "Point", "coordinates": [-98.11341778000002, 26.230644239999997]}, "properties": {"osm_id": 1454376055, "osm_type": "way", "name": "SMT Alamo LLC", "fuel": "battery", "mw": 10.0, "operator": "SMT Alamo LLC"}}, {"type": "Feature", "geometry": {"type": "Point", "coordinates": [-98.01012084000001, 26.296175299999998]}, "properties": {"osm_id": 1454376077, "osm_type": "way", "name": "SMT Elsa LLC", "fuel": "battery", "mw": 10.0, "operator": "SMT Elsa LLC"}}, {"type": "Feature", "geometry": {"type": "Point", "coordinates": [-97.52324519999999, 26.074700380000003]}, "properties": {"osm_id": 1454376106, "osm_type": "way", "name": "SMT Los Fresnos LLC", "fuel": "battery", "mw": 10.0, "operator": "SMT Los Fresnos LLC"}}, {"type": "Feature", "geometry": {"type": "Point", "coordinates": [-97.72555534, 26.18003466]}, "properties": {"osm_id": 1454376157, "osm_type": "way", "name": "SMT Harlingen II LLC", "fuel": "battery", "mw": 10.0, "operator": "SMT Harlingen II LLC"}}, {"type": "Feature", "geometry": {"type": "Point", "coordinates": [-98.93752196, 26.4085417]}, "properties": {"osm_id": 1454376190, "osm_type": "way", "name": "SMT Rio Grande I LLC", "fuel": "battery", "mw": 10.0, "operator": "SMT Rio Grande I LLC"}}, {"type": "Feature", "geometry": {"type": "Point", "coordinates": [-97.48668530000002, 27.796615680000002]}, "properties": {"osm_id": 1454376729, "osm_type": "way", "name": "Weil Tract BESS", "fuel": "battery", "mw": 9.9, "operator": "HEN Infrastructure, L.L.C."}}, {"type": "Feature", "geometry": {"type": "Point", "coordinates": [-95.96987838, 28.987821680000003]}, "properties": {"osm_id": 1454959890, "osm_type": "way", "name": "SMT Bay City LLC", "fuel": "battery", "mw": 10.0, "operator": "SMT Bay City LLC"}}, {"type": "Feature", "geometry": {"type": "Point", "coordinates": [-96.97222231818182, 28.906167727272727]}, "properties": {"osm_id": 1456176460, "osm_type": "way", "name": "Oriana Solar", "fuel": "solar", "mw": 180.0, "operator": "Oriana Solar"}}, {"type": "Feature", "geometry": {"type": "Point", "coordinates": [-97.27071238571429, 29.896406785714287]}, "properties": {"osm_id": 1457387191, "osm_type": "way", "name": "Dogwood Creek BESS", "fuel": "battery", "mw": 443.2, "operator": "Solar Proponent LLC"}}, {"type": "Feature", "geometry": {"type": "Point", "coordinates": [-95.81122029999999, 29.32751738333333]}, "properties": {"osm_id": 1458115042, "osm_type": "way", "name": "Old 300 Storage Center", "fuel": "battery", "mw": 250.0, "operator": "Old 300 Storage Center, LLC"}}, {"type": "Feature", "geometry": {"type": "Point", "coordinates": [-95.45091070000001, 29.64965481666667]}, "properties": {"osm_id": 1458594435, "osm_type": "way", "name": "Callisto I Energy Center", "fuel": "battery", "mw": 200.0, "operator": "Callisto I Energy Center"}}, {"type": "Feature", "geometry": {"type": "Point", "coordinates": [-95.79878209166667, 29.56330494166667]}, "properties": {"osm_id": 1458632313, "osm_type": "way", "name": "Brazos Bend BESS, LLC", "fuel": "battery", "mw": 100.0, "operator": "Cypress Creek Renewables"}}, {"type": "Feature", "geometry": {"type": "Point", "coordinates": [-96.53056755, 29.109664300000002]}, "properties": {"osm_id": 1458653860, "osm_type": "way", "name": "Ganado BESS", "fuel": "battery", "mw": 70.5, "operator": "Enel Green Power NA, Inc."}}, {"type": "Feature", "geometry": {"type": "Point", "coordinates": [-98.4350407625, 30.269129575]}, "properties": {"osm_id": 1460650124, "osm_type": "way", "name": "", "fuel": "solar", "mw": null, "operator": ""}}, {"type": "Feature", "geometry": {"type": "Point", "coordinates": [-97.05968547727274, 29.79058418636363]}, "properties": {"osm_id": 1461704050, "osm_type": "way", "name": "", "fuel": "solar", "mw": null, "operator": ""}}, {"type": "Feature", "geometry": {"type": "Point", "coordinates": [-97.06828145909093, 29.789029690909093]}, "properties": {"osm_id": 1461704052, "osm_type": "way", "name": "", "fuel": "solar", "mw": null, "operator": ""}}, {"type": "Feature", "geometry": {"type": "Point", "coordinates": [-97.0595110875, 29.783986937500003]}, "properties": {"osm_id": 1461704053, "osm_type": "way", "name": "", "fuel": "solar", "mw": null, "operator": ""}}, {"type": "Feature", "geometry": {"type": "Point", "coordinates": [-97.08657587777778, 29.796800444444443]}, "properties": {"osm_id": 1461704054, "osm_type": "way", "name": "", "fuel": "solar", "mw": null, "operator": ""}}, {"type": "Feature", "geometry": {"type": "Point", "coordinates": [-97.08655973333333, 29.792052483333336]}, "properties": {"osm_id": 1461704956, "osm_type": "way", "name": "", "fuel": "solar", "mw": null, "operator": ""}}, {"type": "Feature", "geometry": {"type": "Point", "coordinates": [-97.44118116, 30.75194442]}, "properties": {"osm_id": 1462672704, "osm_type": "way", "name": "", "fuel": "", "mw": null, "operator": ""}}, {"type": "Feature", "geometry": {"type": "Point", "coordinates": [-94.85251321578946, 29.949661305263163]}, "properties": {"osm_id": 1462951810, "osm_type": "way", "name": "Liberty County Solar Project", "fuel": "solar", "mw": 109.9, "operator": "Liberty County Solar Project, LLC"}}, {"type": "Feature", "geometry": {"type": "Point", "coordinates": [-95.03655034166667, 30.009849658333334]}, "properties": {"osm_id": 1462952256, "osm_type": "way", "name": "", "fuel": "solar", "mw": null, "operator": ""}}, {"type": "Feature", "geometry": {"type": "Point", "coordinates": [-96.84428842083332, 31.087340279166668]}, "properties": {"osm_id": 1465107213, "osm_type": "way", "name": "Cattlemen Solar II", "fuel": "solar", "mw": null, "operator": "Cattlemen Solar Park II LLC"}}, {"type": "Feature", "geometry": {"type": "Point", "coordinates": [-98.48070085, 26.445192683333335]}, "properties": {"osm_id": 1465331698, "osm_type": "way", "name": "Anemoi Energy Storage", "fuel": "battery", "mw": 200.0, "operator": "Anemoi Energy Storage, LLC"}}, {"type": "Feature", "geometry": {"type": "Point", "coordinates": [-95.11208088571429, 29.880817014285714]}, "properties": {"osm_id": 1465335573, "osm_type": "way", "name": "SJRR Power", "fuel": "gas", "mw": 100.0, "operator": "SJRR"}}, {"type": "Feature", "geometry": {"type": "Point", "coordinates": [-95.73721935, 29.168961510000003]}, "properties": {"osm_id": 1466650674, "osm_type": "way", "name": "Second Division Solar", "fuel": "solar", "mw": 100.0, "operator": "Lightsource Renewable Energy Asset Management, LLC"}}, {"type": "Feature", "geometry": {"type": "Point", "coordinates": [-97.80684696, 29.87564858]}, "properties": {"osm_id": 1467177260, "osm_type": "way", "name": "Timmerman Power Plant", "fuel": "gas", "mw": 180.0, "operator": "Lower Colorado River Authority"}}, {"type": "Feature", "geometry": {"type": "Point", "coordinates": [-94.10623448333332, 31.060607633333333]}, "properties": {"osm_id": 1467179195, "osm_type": "way", "name": "Sam Rayburn Dam", "fuel": "hydro", "mw": 52.0, "operator": "USACE-Fort Worth District"}}, {"type": "Feature", "geometry": {"type": "Point", "coordinates": [-95.0362353375, 29.4889152875]}, "properties": {"osm_id": 1467182488, "osm_type": "way", "name": "Hidden Lakes Reliability Project", "fuel": "battery", "mw": 220.0, "operator": "Evelyn Energy Storage LLC"}}, {"type": "Feature", "geometry": {"type": "Point", "coordinates": [-95.20228267499999, 29.364265675]}, "properties": {"osm_id": 1475136337, "osm_type": "way", "name": "Maverick Clean Energy Center (BESS)", "fuel": "battery", "mw": 12.0, "operator": "On Energy Storage"}}, {"type": "Feature", "geometry": {"type": "Point", "coordinates": [-95.01590997999999, 29.87306622]}, "properties": {"osm_id": 1475136338, "osm_type": "way", "name": "Crosby Clean Energy Center (BESS)", "fuel": "battery", "mw": 12.0, "operator": "On Energy Storage"}}, {"type": "Feature", "geometry": {"type": "Point", "coordinates": [-98.45213908000001, 26.24520124]}, "properties": {"osm_id": 1475136393, "osm_type": "way", "name": "Regis Goodwin LLC", "fuel": "battery", "mw": 9.9, "operator": "Regis Goodwin LLC"}}, {"type": "Feature", "geometry": {"type": "Point", "coordinates": [-99.83464386, 28.517398760000003]}, "properties": {"osm_id": 1475136394, "osm_type": "way", "name": "Regis Carrizo Springs", "fuel": "battery", "mw": 9.9, "operator": "Regis Carrizo Springs LLC"}}, {"type": "Feature", "geometry": {"type": "Point", "coordinates": [-95.05386667999998, 29.646272039999996]}, "properties": {"osm_id": 1476000367, "osm_type": "way", "name": "", "fuel": "", "mw": null, "operator": ""}}, {"type": "Feature", "geometry": {"type": "Point", "coordinates": [-96.97312507142858, 30.6895551]}, "properties": {"osm_id": 1476715364, "osm_type": "way", "name": "", "fuel": "solar", "mw": null, "operator": ""}}, {"type": "Feature", "geometry": {"type": "Point", "coordinates": [-97.30287860196084, 27.60525375882353]}, "properties": {"osm_id": 2741038, "osm_type": "relation", "name": "Barney Davis Power Plant", "fuel": "gas", "mw": 1082.2, "operator": "Talen Energy"}}, {"type": "Feature", "geometry": {"type": "Point", "coordinates": [-95.22109547142857, 29.8215942607143]}, "properties": {"osm_id": 2854431, "osm_type": "relation", "name": "Greens Bayou Electric Generating Station", "fuel": "gas", "mw": 432.0, "operator": "NRG Texas"}}, {"type": "Feature", "geometry": {"type": "Point", "coordinates": [-98.997411025, 27.321123041666667]}, "properties": {"osm_id": 6706822, "osm_type": "relation", "name": "Javelina Wind I", "fuel": "wind", "mw": 249.7, "operator": "NextEra Energy"}}, {"type": "Feature", "geometry": {"type": "Point", "coordinates": [-98.69853513999999, 26.56500636]}, "properties": {"osm_id": 6706825, "osm_type": "relation", "name": "Los Vientos Wind IV", "fuel": "wind", "mw": 200.0, "operator": "Duke Energy"}}, {"type": "Feature", "geometry": {"type": "Point", "coordinates": [-98.57693185999999, 26.410820039999997]}, "properties": {"osm_id": 6706826, "osm_type": "relation", "name": "Los Vientos Wind V", "fuel": "wind", "mw": 110.0, "operator": "Duke Energy"}}, {"type": "Feature", "geometry": {"type": "Point", "coordinates": [-98.59463077999999, 26.4874686]}, "properties": {"osm_id": 6706827, "osm_type": "relation", "name": "Los Vientos Wind III", "fuel": "wind", "mw": 200.0, "operator": "Duke Energy"}}, {"type": "Feature", "geometry": {"type": "Point", "coordinates": [-97.41918724242421, 27.820902045454563]}, "properties": {"osm_id": 7173583, "osm_type": "relation", "name": "Nueces Bay Power Plant", "fuel": "gas", "mw": 730.2, "operator": "Talen Energy"}}, {"type": "Feature", "geometry": {"type": "Point", "coordinates": [-97.42596946153846, 27.951071992307696]}, "properties": {"osm_id": 7192089, "osm_type": "relation", "name": "Papalote Creek Wind Farm 1", "fuel": "wind", "mw": 179.85, "operator": "E.ON"}}, {"type": "Feature", "geometry": {"type": "Point", "coordinates": [-97.42596946153846, 27.951071992307696]}, "properties": {"osm_id": 7192090, "osm_type": "relation", "name": "Papalote Creek Wind Farm 2", "fuel": "wind", "mw": 200.1, "operator": "E.ON"}}, {"type": "Feature", "geometry": {"type": "Point", "coordinates": [-97.59707754000002, 27.184013299999997]}, "properties": {"osm_id": 7429952, "osm_type": "relation", "name": "Baffin Wind", "fuel": "wind", "mw": 188.0, "operator": "Iberdrola"}}, {"type": "Feature", "geometry": {"type": "Point", "coordinates": [-97.52866166, 27.103505410000004]}, "properties": {"osm_id": 7429953, "osm_type": "relation", "name": "Pe\u00f1ascal Wind Power 1", "fuel": "wind", "mw": 201.6, "operator": "Iberdrola"}}, {"type": "Feature", "geometry": {"type": "Point", "coordinates": [-97.52866166, 27.103505410000004]}, "properties": {"osm_id": 7429954, "osm_type": "relation", "name": "Pe\u00f1ascal Wind Power 2", "fuel": "wind", "mw": 201.6, "operator": "Iberdrola"}}, {"type": "Feature", "geometry": {"type": "Point", "coordinates": [-97.58412676666666, 27.00259848888889]}, "properties": {"osm_id": 7429955, "osm_type": "relation", "name": "Texas Gulf Wind", "fuel": "wind", "mw": 283.2, "operator": "Pattern Energy"}}, {"type": "Feature", "geometry": {"type": "Point", "coordinates": [-97.69104266, 26.4759275]}, "properties": {"osm_id": 7433170, "osm_type": "relation", "name": "Magic Valley Wind 1", "fuel": "wind", "mw": 203.0, "operator": "E.ON"}}, {"type": "Feature", "geometry": {"type": "Point", "coordinates": [-97.5994264, 26.32143868]}, "properties": {"osm_id": 7433171, "osm_type": "relation", "name": "Los Vientos Wind I", "fuel": "wind", "mw": 200.0, "operator": "Duke Energy"}}, {"type": "Feature", "geometry": {"type": "Point", "coordinates": [-97.67068053999999, 26.34499816]}, "properties": {"osm_id": 7433172, "osm_type": "relation", "name": "Los Vientos Wind II", "fuel": "wind", "mw": 201.6, "operator": "Duke Energy"}}, {"type": "Feature", "geometry": {"type": "Point", "coordinates": [-97.38657136, 26.093061319999997]}, "properties": {"osm_id": 7434565, "osm_type": "relation", "name": "San Roman Wind Farm", "fuel": "wind", "mw": 95.3, "operator": "Acciona"}}, {"type": "Feature", "geometry": {"type": "Point", "coordinates": [-97.46711394, 26.195588580000003]}, "properties": {"osm_id": 7434566, "osm_type": "relation", "name": "Cameron Wind Farm", "fuel": "wind", "mw": 165.0, "operator": "IKEA"}}, {"type": "Feature", "geometry": {"type": "Point", "coordinates": [-98.44844676, 26.492539299999997]}, "properties": {"osm_id": 7434827, "osm_type": "relation", "name": "Los Mirasoles Wind Farm", "fuel": "wind", "mw": 250.0, "operator": "EDP"}}, {"type": "Feature", "geometry": {"type": "Point", "coordinates": [-97.5348524, 27.589090119999998]}, "properties": {"osm_id": 8211848, "osm_type": "relation", "name": "Chapman Ranch Wind", "fuel": "wind", "mw": 236.0, "operator": "Enbridge"}}, {"type": "Feature", "geometry": {"type": "Point", "coordinates": [-97.65546682, 26.52223826]}, "properties": {"osm_id": 8216745, "osm_type": "relation", "name": "Bruenning's Breeze Wind Farm", "fuel": "wind", "mw": 228.0, "operator": "E.ON"}}, {"type": "Feature", "geometry": {"type": "Point", "coordinates": [-98.83998417999999, 27.618964679999998]}, "properties": {"osm_id": 13490530, "osm_type": "relation", "name": "Torrecillas Wind", "fuel": "wind", "mw": 300.0, "operator": "NextEra Energy"}}, {"type": "Feature", "geometry": {"type": "Point", "coordinates": [-98.90667727142856, 27.43943044285714]}, "properties": {"osm_id": 13490531, "osm_type": "relation", "name": "Javelina Wind II", "fuel": "wind", "mw": 200.0, "operator": "NextEra Energy"}}, {"type": "Feature", "geometry": {"type": "Point", "coordinates": [-95.88028874, 28.86939172]}, "properties": {"osm_id": 13509567, "osm_type": "relation", "name": "Peyton Creek Wind Farm", "fuel": "wind", "mw": 151.2, "operator": "RWE Renewables"}}, {"type": "Feature", "geometry": {"type": "Point", "coordinates": [-98.7455727, 26.52369114]}, "properties": {"osm_id": 13534369, "osm_type": "relation", "name": "Mesteno Wind Farm", "fuel": "wind", "mw": 201.6, "operator": "Duke Energy"}}, {"type": "Feature", "geometry": {"type": "Point", "coordinates": [-99.05186563999999, 26.704061439999997]}, "properties": {"osm_id": 14140778, "osm_type": "relation", "name": "Las Lomas Wind Project", "fuel": "wind", "mw": 201.6, "operator": "Engie North America"}}, {"type": "Feature", "geometry": {"type": "Point", "coordinates": [-97.62925121428573, 27.60416131428571]}, "properties": {"osm_id": 14140780, "osm_type": "relation", "name": "Patriot Wind Farm", "fuel": "wind", "mw": 226.1, "operator": "Avangrid Renewables LLC"}}, {"type": "Feature", "geometry": {"type": "Point", "coordinates": [-97.52598876, 26.2521301]}, "properties": {"osm_id": 14140785, "osm_type": "relation", "name": "La Chalupa Wind Farm", "fuel": "wind", "mw": 198.5, "operator": "Acciona Energy USA Global, LLC"}}, {"type": "Feature", "geometry": {"type": "Point", "coordinates": [-97.78852944999998, 26.368954960000003]}, "properties": {"osm_id": 14191864, "osm_type": "relation", "name": "Raymond Wind Farm", "fuel": "wind", "mw": 440.0, "operator": "RWE Renewables Americas"}}, {"type": "Feature", "geometry": {"type": "Point", "coordinates": [-97.52739887777777, 26.333547699999997]}, "properties": {"osm_id": 14191884, "osm_type": "relation", "name": "Las Majadas Wind Farm", "fuel": "wind", "mw": 272.6, "operator": "Las Majadas Wind Farm, LLC"}}, {"type": "Feature", "geometry": {"type": "Point", "coordinates": [-97.49626740000001, 26.288340016666666]}, "properties": {"osm_id": 14709717, "osm_type": "relation", "name": "Palmas Altas Wind Farm", "fuel": "wind", "mw": 144.9, "operator": "Acciona Energy USA Global, LLC"}}, {"type": "Feature", "geometry": {"type": "Point", "coordinates": [-97.71484173333333, 28.00147741666667]}, "properties": {"osm_id": 14709729, "osm_type": "relation", "name": "El Algodon Alto Wind Farm", "fuel": "wind", "mw": 200.2, "operator": "El Algodon Alto Wind Farm, LLC"}}, {"type": "Feature", "geometry": {"type": "Point", "coordinates": [-97.94195889999999, 28.604496474999994]}, "properties": {"osm_id": 14709749, "osm_type": "relation", "name": "Helena Wind", "fuel": "wind", "mw": 268.0, "operator": "Helena Wind, LLC"}}, {"type": "Feature", "geometry": {"type": "Point", "coordinates": [-98.20454678, 25.927871219999997]}, "properties": {"osm_id": 15422202, "osm_type": "relation", "name": "Parque E\u00f3lico El Porvenir", "fuel": "wind", "mw": 54.0, "operator": ""}}, {"type": "Feature", "geometry": {"type": "Point", "coordinates": [-99.25271337763982, 27.650447357142852]}, "properties": {"osm_id": 15566875, "osm_type": "relation", "name": "Corazon Energy Solar Farm", "fuel": "solar", "mw": 200.0, "operator": "Eni New Energy US INC"}}, {"type": "Feature", "geometry": {"type": "Point", "coordinates": [-99.16881589351848, 28.89457260648149]}, "properties": {"osm_id": 15566963, "osm_type": "relation", "name": "Elara Solar", "fuel": "solar", "mw": 0.0, "operator": "Swinerton Renewable Energy"}}, {"type": "Feature", "geometry": {"type": "Point", "coordinates": [-97.45912664829932, 30.423876993197265]}, "properties": {"osm_id": 15567059, "osm_type": "relation", "name": "East Blackland Solar Project 1", "fuel": "solar", "mw": 144.0, "operator": "Duke Energy CORP"}}, {"type": "Feature", "geometry": {"type": "Point", "coordinates": [-97.27072937073177, 29.913181154471545]}, "properties": {"osm_id": 15656239, "osm_type": "relation", "name": "Big Star Solar, LLC (Hybrid)", "fuel": "solar", "mw": null, "operator": "RWE Renewables Americas, LLC"}}, {"type": "Feature", "geometry": {"type": "Point", "coordinates": [-98.33807015833332, 29.566519925000005]}, "properties": {"osm_id": 15683625, "osm_type": "relation", "name": "", "fuel": "solar", "mw": null, "operator": ""}}, {"type": "Feature", "geometry": {"type": "Point", "coordinates": [-97.80334241485147, 26.105057198019804]}, "properties": {"osm_id": 15688189, "osm_type": "relation", "name": "Nebula Solar", "fuel": "solar", "mw": 135.0, "operator": "Rayos del Sol Solar Project, LLC"}}, {"type": "Feature", "geometry": {"type": "Point", "coordinates": [-95.75961791025641, 29.19022907948718]}, "properties": {"osm_id": 15688362, "osm_type": "relation", "name": "Brazoria County Solar Project (Danciger)", "fuel": "solar", "mw": 200.0, "operator": ""}}, {"type": "Feature", "geometry": {"type": "Point", "coordinates": [-95.73553611717166, 29.3539565030303]}, "properties": {"osm_id": 15693269, "osm_type": "relation", "name": "Fighting Jays Solar Project", "fuel": "solar", "mw": 227.5, "operator": "AP Solar 2, LLC"}}, {"type": "Feature", "geometry": {"type": "Point", "coordinates": [-95.65878983265304, 29.202303887755107]}, "properties": {"osm_id": 15711158, "osm_type": "relation", "name": "Brazoria West Solar Farm", "fuel": "solar", "mw": 200.0, "operator": ""}}, {"type": "Feature", "geometry": {"type": "Point", "coordinates": [-95.82298972222215, 29.342342029292958]}, "properties": {"osm_id": 15711331, "osm_type": "relation", "name": "Old 300 Solar Center", "fuel": "solar", "mw": 430.0, "operator": "Old 300 Solar Center, LLC"}}, {"type": "Feature", "geometry": {"type": "Point", "coordinates": [-95.73280457411764, 29.40664245529411]}, "properties": {"osm_id": 15728184, "osm_type": "relation", "name": "Cutlass Solar 1", "fuel": "solar", "mw": 110.9, "operator": "Cutlass Solar 1, LLC"}}, {"type": "Feature", "geometry": {"type": "Point", "coordinates": [-96.06819981450383, 30.706065225954188]}, "properties": {"osm_id": 15730157, "osm_type": "relation", "name": "Blue Jay Solar 1", "fuel": "solar", "mw": 210.0, "operator": ""}}, {"type": "Feature", "geometry": {"type": "Point", "coordinates": [-99.72356381999998, 28.573454015000017]}, "properties": {"osm_id": 15731612, "osm_type": "relation", "name": "Shakes Solar", "fuel": "solar", "mw": 200.0, "operator": "Cypress Creek Renewables"}}, {"type": "Feature", "geometry": {"type": "Point", "coordinates": [-97.80122209791665, 26.09015096041668]}, "properties": {"osm_id": 15822116, "osm_type": "relation", "name": "Vancourt Solar Interconnections", "fuel": "solar", "mw": 45.0, "operator": "Rayos del Sol Solar Project, LLC"}}, {"type": "Feature", "geometry": {"type": "Point", "coordinates": [-97.68532372333333, 30.26608501666666]}, "properties": {"osm_id": 17393799, "osm_type": "relation", "name": "PowerFin Kingsbery", "fuel": "solar", "mw": 2.6, "operator": "PowerFin ASL 1, LLC"}}, {"type": "Feature", "geometry": {"type": "Point", "coordinates": [-98.61862396250001, 29.435240837500004]}, "properties": {"osm_id": 17393800, "osm_type": "relation", "name": "Commerce Solar", "fuel": "solar", "mw": 5.0, "operator": "City of San Antonio - (TX)"}}, {"type": "Feature", "geometry": {"type": "Point", "coordinates": [-95.966061258, 29.553973707999997]}, "properties": {"osm_id": 17393801, "osm_type": "relation", "name": "Fort Bend Solar", "fuel": "solar", "mw": 145.0, "operator": "Acciona Energy USA Global, LLC"}}, {"type": "Feature", "geometry": {"type": "Point", "coordinates": [-96.09150690246476, 29.451920649295765]}, "properties": {"osm_id": 17434827, "osm_type": "relation", "name": "Sandy Branch Solar", "fuel": "solar", "mw": 230.0, "operator": "CG Wharton County LLC"}}, {"type": "Feature", "geometry": {"type": "Point", "coordinates": [-97.68815502, 30.26557988]}, "properties": {"osm_id": 19824043, "osm_type": "relation", "name": "Kingsberry Energy Storage System", "fuel": "battery", "mw": 1.5, "operator": "Austin Energy"}}, {"type": "Feature", "geometry": {"type": "Point", "coordinates": [-99.23135947777779, 30.734166744444444]}, "properties": {"osm_id": 19824093, "osm_type": "relation", "name": "Bat Cave", "fuel": "battery", "mw": 100.0, "operator": "Engie North America"}}, {"type": "Feature", "geometry": {"type": "Point", "coordinates": [-99.77008531999999, 30.49284212]}, "properties": {"osm_id": 19824099, "osm_type": "relation", "name": "Junction (TX)", "fuel": "battery", "mw": 9.9, "operator": "HEN Infrastructure, L.L.C."}}, {"type": "Feature", "geometry": {"type": "Point", "coordinates": [-98.73348115714286, 29.61652851428571]}, "properties": {"osm_id": 19824134, "osm_type": "relation", "name": "Ranchtown", "fuel": "battery", "mw": 9.9, "operator": "Engie North America"}}, {"type": "Feature", "geometry": {"type": "Point", "coordinates": [-96.62509742, 30.8813489]}, "properties": {"osm_id": 19824139, "osm_type": "relation", "name": "TX11 Republic Road Storage", "fuel": "battery", "mw": 50.0, "operator": "Key Capture Energy"}}, {"type": "Feature", "geometry": {"type": "Point", "coordinates": [-98.61849726, 29.435448819999998]}, "properties": {"osm_id": 19824142, "osm_type": "relation", "name": "Commerce ESS", "fuel": "battery", "mw": 10.0, "operator": "City of San Antonio - (TX)"}}, {"type": "Feature", "geometry": {"type": "Point", "coordinates": [-99.11159172615379, 28.935578824615398]}, "properties": {"osm_id": 20049758, "osm_type": "relation", "name": "Horizon Solar", "fuel": "solar", "mw": 200.0, "operator": "Leeward Asset Management, LLC"}}, {"type": "Feature", "geometry": {"type": "Point", "coordinates": [-97.39857277631575, 28.00432646973683]}, "properties": {"osm_id": 20049906, "osm_type": "relation", "name": "Peacock Energy Project", "fuel": "solar", "mw": 150.0, "operator": "Lightsource Renewable Energy Asset Management, LLC"}}, {"type": "Feature", "geometry": {"type": "Point", "coordinates": [-97.0069966391892, 30.99014940945948]}, "properties": {"osm_id": 20056098, "osm_type": "relation", "name": "Orion I Solar Project", "fuel": "solar", "mw": 200.0, "operator": "Ben Milam Solar 1 LLC"}}, {"type": "Feature", "geometry": {"type": "Point", "coordinates": [-96.8639507456, 31.057152352800014]}, "properties": {"osm_id": 20056099, "osm_type": "relation", "name": "Cattlemen Solar Park", "fuel": "solar", "mw": null, "operator": "Cattlemen Solar Park LLC"}}, {"type": "Feature", "geometry": {"type": "Point", "coordinates": [-96.91787449830511, 31.031935466101693]}, "properties": {"osm_id": 20056100, "osm_type": "relation", "name": "Orion II Solar Project", "fuel": "solar", "mw": 250.0, "operator": "Ben Milam Solar 2 LLC"}}, {"type": "Feature", "geometry": {"type": "Point", "coordinates": [-97.16532626875001, 30.977035662499993]}, "properties": {"osm_id": 20056101, "osm_type": "relation", "name": "OCI Stillhouse Solar", "fuel": "", "mw": null, "operator": "Stillhouse Solar LLC"}}, {"type": "Feature", "geometry": {"type": "Point", "coordinates": [-97.12366051886798, 30.939797109433954]}, "properties": {"osm_id": 20056102, "osm_type": "relation", "name": "Orion III Solar Project", "fuel": "solar", "mw": 250.0, "operator": "Ben Milam Solar 3 LLC"}}, {"type": "Feature", "geometry": {"type": "Point", "coordinates": [-97.2824841337838, 31.020862717567557]}, "properties": {"osm_id": 20056103, "osm_type": "relation", "name": "Chillingham Solar", "fuel": "solar;battery", "mw": null, "operator": "Chillingham Solar LLC"}}, {"type": "Feature", "geometry": {"type": "Point", "coordinates": [-97.24270569032258, 30.976252303225806]}, "properties": {"osm_id": 20056104, "osm_type": "relation", "name": "Five Wells Solar Center - Hybrid", "fuel": "solar;battery", "mw": 617.9, "operator": "Five Wells Solar Center, LLC"}}, {"type": "Feature", "geometry": {"type": "Point", "coordinates": [-96.28128481067418, 29.069931537078645]}, "properties": {"osm_id": 20056372, "osm_type": "relation", "name": "Aktina Solar", "fuel": "solar", "mw": 500.0, "operator": "Hecate Energy Ramsey, LLC"}}, {"type": "Feature", "geometry": {"type": "Point", "coordinates": [-96.4608908462963, 28.697286553703698]}, "properties": {"osm_id": 20080201, "osm_type": "relation", "name": "Tres Bahias Solar Power", "fuel": "solar", "mw": 196.3, "operator": "Tres Bahias Solar Power, LLC"}}, {"type": "Feature", "geometry": {"type": "Point", "coordinates": [-99.00281809710148, 26.521644842028977]}, "properties": {"osm_id": 20080229, "osm_type": "relation", "name": "Starr Solar Ranch", "fuel": "solar", "mw": 136.0, "operator": "Lightsource Renewable Energy Asset Management, LLC"}}, {"type": "Feature", "geometry": {"type": "Point", "coordinates": [-94.77774486625, 30.657907029999997]}, "properties": {"osm_id": 20080234, "osm_type": "relation", "name": "Umbriel Solar", "fuel": "solar", "mw": 150.0, "operator": "Umbriel Solar, LLC"}}, {"type": "Feature", "geometry": {"type": "Point", "coordinates": [-99.62002804666665, 29.285583057777774]}, "properties": {"osm_id": 20082076, "osm_type": "relation", "name": "AP Sunray", "fuel": "solar", "mw": 203.5, "operator": "AP Sunray LLC"}}, {"type": "Feature", "geometry": {"type": "Point", "coordinates": [-97.94363497500004, 28.579312445588236]}, "properties": {"osm_id": 20082460, "osm_type": "relation", "name": "Sparta Solar", "fuel": "solar", "mw": 250.0, "operator": "Sparta Solar, LLC"}}, {"type": "Feature", "geometry": {"type": "Point", "coordinates": [-96.5088095601744, 29.118507768604655]}, "properties": {"osm_id": 20175946, "osm_type": "relation", "name": "Ganado Solar + Storage", "fuel": "solar", "mw": 0.0, "operator": "Enel Green Power"}}, {"type": "Feature", "geometry": {"type": "Point", "coordinates": [-95.86014411343284, 30.20958044477612]}, "properties": {"osm_id": 20188458, "osm_type": "relation", "name": "Parliament Solar", "fuel": "solar", "mw": 480.0, "operator": "Parliament Solar, LLC"}}, {"type": "Feature", "geometry": {"type": "Point", "coordinates": [-106.48729835000003, 31.332141915384618]}, "properties": {"osm_id": 122810847, "osm_type": "way", "name": "Central Termoel\u00e9ctrica Samalayuca I y II", "fuel": "gas;oil", "mw": 838.0, "operator": ""}}, {"type": "Feature", "geometry": {"type": "Point", "coordinates": [-106.08587333999999, 35.6279233]}, "properties": {"osm_id": 154962941, "osm_type": "way", "name": "", "fuel": "solar", "mw": null, "operator": ""}}, {"type": "Feature", "geometry": {"type": "Point", "coordinates": [-106.62523601000001, 35.08382142999999]}, "properties": {"osm_id": 164025259, "osm_type": "way", "name": "Ford Utilities Center", "fuel": "gas;waste", "mw": 14.8, "operator": "University of New Mexico"}}, {"type": "Feature", "geometry": {"type": "Point", "coordinates": [-102.41181720526315, 34.16545777894737]}, "properties": {"osm_id": 168087476, "osm_type": "way", "name": "Plant X", "fuel": "gas", "mw": 190.4, "operator": "Southwestern Public Service Co"}}, {"type": "Feature", "geometry": {"type": "Point", "coordinates": [-102.56956951379308, 34.184460417241375]}, "properties": {"osm_id": 201333184, "osm_type": "way", "name": "Tolk Generating Station", "fuel": "coal", "mw": 1135.8, "operator": "Southwestern Public Service Co"}}, {"type": "Feature", "geometry": {"type": "Point", "coordinates": [-105.97163812857143, 32.978000214285714]}, "properties": {"osm_id": 251887379, "osm_type": "way", "name": "Otero Solar", "fuel": "solar", "mw": 8.0, "operator": "PNM Resources"}}, {"type": "Feature", "geometry": {"type": "Point", "coordinates": [-106.08455658, 35.6296151]}, "properties": {"osm_id": 257620192, "osm_type": "way", "name": "", "fuel": "solar", "mw": null, "operator": ""}}, {"type": "Feature", "geometry": {"type": "Point", "coordinates": [-106.08599859999998, 35.62894701666667]}, "properties": {"osm_id": 257620193, "osm_type": "way", "name": "", "fuel": "solar", "mw": null, "operator": ""}}, {"type": "Feature", "geometry": {"type": "Point", "coordinates": [-106.08665993333334, 35.62924116666667]}, "properties": {"osm_id": 257620194, "osm_type": "way", "name": "", "fuel": "solar", "mw": null, "operator": ""}}, {"type": "Feature", "geometry": {"type": "Point", "coordinates": [-106.54692654545453, 35.15262804545454]}, "properties": {"osm_id": 290364079, "osm_type": "way", "name": "RC Energy AA LLC Solar Facility", "fuel": "solar", "mw": 1.0, "operator": "RC Energy AA LLC"}}, {"type": "Feature", "geometry": {"type": "Point", "coordinates": [-106.43230308823532, 31.98428064705882]}, "properties": {"osm_id": 347013546, "osm_type": "way", "name": "Newman Power Station", "fuel": "gas", "mw": 882.0, "operator": "El Paso Electric"}}, {"type": "Feature", "geometry": {"type": "Point", "coordinates": [-106.52996315714286, 35.04793647142857]}, "properties": {"osm_id": 388096759, "osm_type": "way", "name": "Eubank Landfill Solar Array", "fuel": "solar", "mw": 2.0, "operator": "Suncore Photovoltaics, Inc"}}, {"type": "Feature", "geometry": {"type": "Point", "coordinates": [-104.23488051499999, 32.34567510000001]}, "properties": {"osm_id": 393543564, "osm_type": "way", "name": "SunE SPS5 Hopi", "fuel": "solar", "mw": 10.1, "operator": "SunE SPS5, LLC"}}, {"type": "Feature", "geometry": {"type": "Point", "coordinates": [-104.64033598181818, 36.46737792121211]}, "properties": {"osm_id": 397891761, "osm_type": "way", "name": "Cimarron Solar Facility", "fuel": "solar", "mw": 30.0, "operator": "First Solar"}}, {"type": "Feature", "geometry": {"type": "Point", "coordinates": [-104.59431156999999, 36.39809599000001]}, "properties": {"osm_id": 397896581, "osm_type": "way", "name": "Springer Solar Farm", "fuel": "solar", "mw": 1.0, "operator": "Springer Electric Cooperative"}}, {"type": "Feature", "geometry": {"type": "Point", "coordinates": [-102.31618680769232, 31.84175576153846]}, "properties": {"osm_id": 402680483, "osm_type": "way", "name": "Quail Run Energy Center", "fuel": "gas", "mw": 550.4, "operator": "CER Quail Run Energy Partners LP"}}, {"type": "Feature", "geometry": {"type": "Point", "coordinates": [-102.5862266, 32.070730960000006]}, "properties": {"osm_id": 405055524, "osm_type": "way", "name": "Ector County Energy Center", "fuel": "gas", "mw": 358.8, "operator": "Invenergy"}}, {"type": "Feature", "geometry": {"type": "Point", "coordinates": [-102.32736033888888, 31.83930881111111]}, "properties": {"osm_id": 419984534, "osm_type": "way", "name": "Odessa Ector Power Partners", "fuel": "gas", "mw": 1152.8, "operator": "LaFrontera Holdings LLC"}}, {"type": "Feature", "geometry": {"type": "Point", "coordinates": [-106.64229573999998, 35.02740178]}, "properties": {"osm_id": 449466231, "osm_type": "way", "name": "Rio Bravo Power Plant", "fuel": "oil", "mw": 150.0, "operator": "Public Service Co of NM"}}, {"type": "Feature", "geometry": {"type": "Point", "coordinates": [-102.83393980000001, 31.998997980000002]}, "properties": {"osm_id": 459061986, "osm_type": "way", "name": "Notrees Windpower Hybrid", "fuel": "battery", "mw": 36.0, "operator": "Duke Energy Renewables Services"}}, {"type": "Feature", "geometry": {"type": "Point", "coordinates": [-102.96366148888889, 31.58384311481482]}, "properties": {"osm_id": 459877999, "osm_type": "way", "name": "Permian Basin Power Plant", "fuel": "gas", "mw": 447.0, "operator": "Luminant"}}, {"type": "Feature", "geometry": {"type": "Point", "coordinates": [-101.36040686666666, 35.69561766666667]}, "properties": {"osm_id": 463732504, "osm_type": "way", "name": "Blackhawk Station", "fuel": "gas", "mw": 243.9, "operator": "Borger Energy Associates"}}, {"type": "Feature", "geometry": {"type": "Point", "coordinates": [-101.75271402000001, 35.30027872000001]}, "properties": {"osm_id": 463732741, "osm_type": "way", "name": "Harrington Generating Station", "fuel": "coal", "mw": 1080.0, "operator": "Southwestern Public Service Co"}}, {"type": "Feature", "geometry": {"type": "Point", "coordinates": [-101.751018475, 35.2853661625]}, "properties": {"osm_id": 463732742, "osm_type": "way", "name": "Nichols Generating Station", "fuel": "gas", "mw": 474.7, "operator": "Southwestern Public Service Co"}}, {"type": "Feature", "geometry": {"type": "Point", "coordinates": [-101.73939485500001, 33.525888565]}, "properties": {"osm_id": 465695766, "osm_type": "way", "name": "Jones Generating Station", "fuel": "gas", "mw": 860.4, "operator": "Southwestern Public Service Co"}}, {"type": "Feature", "geometry": {"type": "Point", "coordinates": [-100.95443732500001, 32.74771018333333]}, "properties": {"osm_id": 467959231, "osm_type": "way", "name": "EG178 Facility", "fuel": "gas", "mw": 153.9, "operator": "Kinder Morgan Production Company LP"}}, {"type": "Feature", "geometry": {"type": "Point", "coordinates": [-101.42267833999999, 32.2736114]}, "properties": {"osm_id": 468019587, "osm_type": "way", "name": "Power Resources Cogeneration Plant", "fuel": "gas", "mw": 230.0, "operator": "Berkshire Hathaway Energy"}}, {"type": "Feature", "geometry": {"type": "Point", "coordinates": [-101.83799617777777, 33.86402214444444]}, "properties": {"osm_id": 490163553, "osm_type": "way", "name": "Antelope Elk Energy Center", "fuel": "gas", "mw": 766.8, "operator": "Golden Spread Electric Cooperative"}}, {"type": "Feature", "geometry": {"type": "Point", "coordinates": [-106.08526640769232, 35.56199476923078]}, "properties": {"osm_id": 536499723, "osm_type": "way", "name": "Santa Fe Solar Energy Center", "fuel": "solar", "mw": 9.5, "operator": "Public Service Company of New Mexico"}}, {"type": "Feature", "geometry": {"type": "Point", "coordinates": [-106.51941336, 34.809962559999995]}, "properties": {"osm_id": 559769120, "osm_type": "way", "name": "Meadow Lake Solar Energy Center", "fuel": "solar", "mw": 9.1, "operator": "PNM Resources"}}, {"type": "Feature", "geometry": {"type": "Point", "coordinates": [-102.28313129459457, 31.260506572972975]}, "properties": {"osm_id": 579799484, "osm_type": "way", "name": "Castle Gap Solar Hybrid", "fuel": "solar;battery", "mw": 189.9, "operator": "Upton County Solar 2 LLC"}}, {"type": "Feature", "geometry": {"type": "Point", "coordinates": [-102.27067163913044, 31.250515282608696]}, "properties": {"osm_id": 579799496, "osm_type": "way", "name": "Upton County Solar", "fuel": "solar", "mw": 150.0, "operator": "Consolidated Edison Development Inc."}}, {"type": "Feature", "geometry": {"type": "Point", "coordinates": [-106.21517441666667, 31.819854516666666]}, "properties": {"osm_id": 609606074, "osm_type": "way", "name": "Montana Solar Facility", "fuel": "solar", "mw": 3.0, "operator": "El Paso Electric Co"}}, {"type": "Feature", "geometry": {"type": "Point", "coordinates": [-106.2116522, 31.823145033333333]}, "properties": {"osm_id": 609606075, "osm_type": "way", "name": "Montana Power Station", "fuel": "gas", "mw": 527.2, "operator": "El Paso Electric Co"}}, {"type": "Feature", "geometry": {"type": "Point", "coordinates": [-106.54811901000001, 31.804684520000002]}, "properties": {"osm_id": 669794725, "osm_type": "way", "name": "Rio Grande Power Plant", "fuel": "gas", "mw": 398.3, "operator": "El Paso Electric Co"}}, {"type": "Feature", "geometry": {"type": "Point", "coordinates": [-106.63729568333333, 35.00231743333333]}, "properties": {"osm_id": 673133764, "osm_type": "way", "name": "Prosperity Energy Storage Facility Hybrid", "fuel": "solar;battery", "mw": 1.3, "operator": "Public Service Co of NM"}}, {"type": "Feature", "geometry": {"type": "Point", "coordinates": [-103.73112828571428, 35.18406195714285]}, "properties": {"osm_id": 673526228, "osm_type": "way", "name": "Quay County Power Plant", "fuel": "oil", "mw": 27.0, "operator": "Southwestern Public Service Co"}}, {"type": "Feature", "geometry": {"type": "Point", "coordinates": [-106.60068197142857, 35.16880115714286]}, "properties": {"osm_id": 680540870, "osm_type": "way", "name": "Albuquerque Solar Energy Center", "fuel": "solar", "mw": 2.0, "operator": "Public Service Company of New Mexico"}}, {"type": "Feature", "geometry": {"type": "Point", "coordinates": [-103.35462226190475, 32.713280552380944]}, "properties": {"osm_id": 685991068, "osm_type": "way", "name": "Cunningham Station", "fuel": "gas", "mw": 519.2, "operator": "Southwestern Public Service Co"}}, {"type": "Feature", "geometry": {"type": "Point", "coordinates": [-103.30979831111111, 32.72986081111111]}, "properties": {"osm_id": 685991070, "osm_type": "way", "name": "Hobbs Generating Station", "fuel": "gas", "mw": 681.5, "operator": "Lea Power Partners LLC"}}, {"type": "Feature", "geometry": {"type": "Point", "coordinates": [-103.30137461666668, 32.714432175000006]}, "properties": {"osm_id": 685991071, "osm_type": "way", "name": "Maddox Power Plant", "fuel": "gas", "mw": 212.0, "operator": "Southwestern Public Service Co"}}, {"type": "Feature", "geometry": {"type": "Point", "coordinates": [-105.18405545, 35.65854983333333]}, "properties": {"osm_id": 686100705, "osm_type": "way", "name": "Storrie Lake Solar Project", "fuel": "solar", "mw": 1.5, "operator": "MSM Solar LLC"}}, {"type": "Feature", "geometry": {"type": "Point", "coordinates": [-102.74086324347827, 32.974434682608695]}, "properties": {"osm_id": 687078209, "osm_type": "way", "name": "Mustang Station Power Plant", "fuel": "gas", "mw": 993.1, "operator": "Golden Spread Electric Cooperative"}}, {"type": "Feature", "geometry": {"type": "Point", "coordinates": [-105.68211072500002, 36.188000975]}, "properties": {"osm_id": 689629040, "osm_type": "way", "name": "Picuris Solar Farm", "fuel": "solar", "mw": 1.0, "operator": "Picuris Pueblo"}}, {"type": "Feature", "geometry": {"type": "Point", "coordinates": [-103.3235091888889, 32.97786263333333]}, "properties": {"osm_id": 690564788, "osm_type": "way", "name": "LCEC Generation LLVC", "fuel": "gas", "mw": 46.5, "operator": "Western Farmers Elec Coop, Inc"}}, {"type": "Feature", "geometry": {"type": "Point", "coordinates": [-106.11331806000001, 35.77747146]}, "properties": {"osm_id": 690591255, "osm_type": "way", "name": "BDD 2A Solar Farm", "fuel": "solar", "mw": 1.5, "operator": ""}}, {"type": "Feature", "geometry": {"type": "Point", "coordinates": [-106.29406653999999, 35.464505079999995]}, "properties": {"osm_id": 697035189, "osm_type": "way", "name": "", "fuel": "solar", "mw": null, "operator": ""}}, {"type": "Feature", "geometry": {"type": "Point", "coordinates": [-106.4650968769231, 35.384770530769224]}, "properties": {"osm_id": 699003152, "osm_type": "way", "name": "Algodones Generating Station", "fuel": "gas", "mw": 45.0, "operator": "Public Service Co of NM"}}, {"type": "Feature", "geometry": {"type": "Point", "coordinates": [-106.61048363999998, 35.143282039999995]}, "properties": {"osm_id": 700941213, "osm_type": "way", "name": "", "fuel": "solar", "mw": null, "operator": ""}}, {"type": "Feature", "geometry": {"type": "Point", "coordinates": [-106.33792513529413, 32.03320780588235]}, "properties": {"osm_id": 705661288, "osm_type": "way", "name": "El Chaparral Solar Farm", "fuel": "solar", "mw": 10.0, "operator": "SunE EPE1 LLC"}}, {"type": "Feature", "geometry": {"type": "Point", "coordinates": [-106.47641091999999, 32.3962719]}, "properties": {"osm_id": 710573556, "osm_type": "way", "name": "WSMR I", "fuel": "solar", "mw": 4.1, "operator": "Siemens Government Technologies Inc"}}, {"type": "Feature", "geometry": {"type": "Point", "coordinates": [-105.97094272727273, 35.6519119]}, "properties": {"osm_id": 712205755, "osm_type": "way", "name": "", "fuel": "solar", "mw": null, "operator": ""}}, {"type": "Feature", "geometry": {"type": "Point", "coordinates": [-105.96797600000001, 35.65181711818182]}, "properties": {"osm_id": 712205756, "osm_type": "way", "name": "", "fuel": "solar", "mw": null, "operator": ""}}, {"type": "Feature", "geometry": {"type": "Point", "coordinates": [-105.9664290111111, 35.651864744444445]}, "properties": {"osm_id": 712205757, "osm_type": "way", "name": "", "fuel": "solar", "mw": null, "operator": ""}}, {"type": "Feature", "geometry": {"type": "Point", "coordinates": [-105.97316026666667, 35.65080376666667]}, "properties": {"osm_id": 712205759, "osm_type": "way", "name": "", "fuel": "solar", "mw": null, "operator": ""}}, {"type": "Feature", "geometry": {"type": "Point", "coordinates": [-106.0798892875, 35.692913537500004]}, "properties": {"osm_id": 712411506, "osm_type": "way", "name": "BDD Solar Farm", "fuel": "solar", "mw": 2.5, "operator": "Buckman Direction Diversion Plant - City of Santa Fe"}}, {"type": "Feature", "geometry": {"type": "Point", "coordinates": [-106.04435806000001, 35.62401593]}, "properties": {"osm_id": 713477403, "osm_type": "way", "name": "", "fuel": "solar", "mw": null, "operator": ""}}, {"type": "Feature", "geometry": {"type": "Point", "coordinates": [-106.04387487142857, 35.6244766]}, "properties": {"osm_id": 713477404, "osm_type": "way", "name": "", "fuel": "solar", "mw": null, "operator": ""}}, {"type": "Feature", "geometry": {"type": "Point", "coordinates": [-105.99987428, 32.86565466]}, "properties": {"osm_id": 714078351, "osm_type": "way", "name": "Alamogordo Solar Farm", "fuel": "solar", "mw": 5.0, "operator": "PNM"}}, {"type": "Feature", "geometry": {"type": "Point", "coordinates": [-106.01025358, 32.8439781]}, "properties": {"osm_id": 714078354, "osm_type": "way", "name": "", "fuel": "solar", "mw": null, "operator": ""}}, {"type": "Feature", "geometry": {"type": "Point", "coordinates": [-106.00771098, 32.841828320000005]}, "properties": {"osm_id": 714078355, "osm_type": "way", "name": "", "fuel": "solar", "mw": null, "operator": ""}}, {"type": "Feature", "geometry": {"type": "Point", "coordinates": [-106.04347864000002, 35.588205779999996]}, "properties": {"osm_id": 718278000, "osm_type": "way", "name": "", "fuel": "solar", "mw": null, "operator": ""}}, {"type": "Feature", "geometry": {"type": "Point", "coordinates": [-103.59845025, 31.709524616666666]}, "properties": {"osm_id": 720392657, "osm_type": "way", "name": "", "fuel": "solar", "mw": null, "operator": ""}}, {"type": "Feature", "geometry": {"type": "Point", "coordinates": [-105.99734182, 35.60148658000001]}, "properties": {"osm_id": 725037239, "osm_type": "way", "name": "SFCC Solar Farm", "fuel": "solar", "mw": 1.5, "operator": "Santa Fe Community College"}}, {"type": "Feature", "geometry": {"type": "Point", "coordinates": [-106.42308834, 36.23985432]}, "properties": {"osm_id": 777864774, "osm_type": "way", "name": "Abiquiu Generating Station", "fuel": "hydro", "mw": 15.6, "operator": "Los Alamos Department of Public Utilities"}}, {"type": "Feature", "geometry": {"type": "Point", "coordinates": [-105.90883148333334, 35.53709563333334]}, "properties": {"osm_id": 781418018, "osm_type": "way", "name": "", "fuel": "solar", "mw": null, "operator": "Santa Fe County"}}, {"type": "Feature", "geometry": {"type": "Point", "coordinates": [-105.241424, 35.60907511111111]}, "properties": {"osm_id": 830563513, "osm_type": "way", "name": "Plant", "fuel": "coal", "mw": null, "operator": ""}}, {"type": "Feature", "geometry": {"type": "Point", "coordinates": [-106.08833648, 35.57219426]}, "properties": {"osm_id": 869982974, "osm_type": "way", "name": "Armory Solar Farm", "fuel": "solar", "mw": null, "operator": ""}}, {"type": "Feature", "geometry": {"type": "Point", "coordinates": [-100.8323281117647, 31.869321676470584]}, "properties": {"osm_id": 873074029, "osm_type": "way", "name": "Bluebell Solar I", "fuel": "solar", "mw": 30.0, "operator": "Bluebell Solar, LLC"}}, {"type": "Feature", "geometry": {"type": "Point", "coordinates": [-106.10383026521741, 35.01881719130435]}, "properties": {"osm_id": 904936695, "osm_type": "way", "name": "Britton Solar Energy Center", "fuel": "solar", "mw": 50.0, "operator": "NMRD Data Center, LLC"}}, {"type": "Feature", "geometry": {"type": "Point", "coordinates": [-106.62003896666667, 35.08756144444445]}, "properties": {"osm_id": 926061945, "osm_type": "way", "name": "", "fuel": "", "mw": null, "operator": ""}}, {"type": "Feature", "geometry": {"type": "Point", "coordinates": [-104.44326634444445, 33.44332373333333]}, "properties": {"osm_id": 941157567, "osm_type": "way", "name": "Roswell Solar Farm", "fuel": "solar", "mw": 70.0, "operator": "NextEra"}}, {"type": "Feature", "geometry": {"type": "Point", "coordinates": [-104.45869766363636, 33.44922532727273]}, "properties": {"osm_id": 941157568, "osm_type": "way", "name": "Chaves Solar 2", "fuel": "solar", "mw": null, "operator": ""}}, {"type": "Feature", "geometry": {"type": "Point", "coordinates": [-104.46036444666667, 33.461661580000005]}, "properties": {"osm_id": 941157569, "osm_type": "way", "name": "Chaves Solar", "fuel": "solar", "mw": 70.0, "operator": "NextEra"}}, {"type": "Feature", "geometry": {"type": "Point", "coordinates": [-101.8432954, 33.86492042]}, "properties": {"osm_id": 943425655, "osm_type": "way", "name": "Antelope Station", "fuel": "gas", "mw": 165.4, "operator": ""}}, {"type": "Feature", "geometry": {"type": "Point", "coordinates": [-106.47185768, 31.47367822]}, "properties": {"osm_id": 948823944, "osm_type": "way", "name": "Central de ciclo combinado Norte III", "fuel": "gas", "mw": 906.0, "operator": ""}}, {"type": "Feature", "geometry": {"type": "Point", "coordinates": [-106.48842111428571, 31.332212164285714]}, "properties": {"osm_id": 956762292, "osm_type": "way", "name": "Central de ciclo combinado Chihuahua III", "fuel": "gas", "mw": 268.0, "operator": ""}}, {"type": "Feature", "geometry": {"type": "Point", "coordinates": [-106.37531788593748, 31.756389289062497]}, "properties": {"osm_id": 960178963, "osm_type": "way", "name": "Copper Power Plant", "fuel": "gas", "mw": 86.9, "operator": "El Paso Electric Co"}}, {"type": "Feature", "geometry": {"type": "Point", "coordinates": [-105.65938827777778, 36.37074965555556]}, "properties": {"osm_id": 977653894, "osm_type": "way", "name": "", "fuel": "solar", "mw": null, "operator": ""}}, {"type": "Feature", "geometry": {"type": "Point", "coordinates": [-105.65129843333332, 36.3466231]}, "properties": {"osm_id": 977653897, "osm_type": "way", "name": "Klauer Campus Solar Farm", "fuel": "solar", "mw": 0.5, "operator": ""}}, {"type": "Feature", "geometry": {"type": "Point", "coordinates": [-105.97228058333332, 32.908395750000004]}, "properties": {"osm_id": 1003321121, "osm_type": "way", "name": "Solar Garden", "fuel": "solar", "mw": null, "operator": "Otero County Electric Cooperative"}}, {"type": "Feature", "geometry": {"type": "Point", "coordinates": [-102.86808315365852, 32.27446462195122]}, "properties": {"osm_id": 1058281179, "osm_type": "way", "name": "Prospero Solar II", "fuel": "solar", "mw": 331.0, "operator": "Longroad Energy Services LLC"}}, {"type": "Feature", "geometry": {"type": "Point", "coordinates": [-105.83332257142858, 35.74429234285714]}, "properties": {"osm_id": 1059073751, "osm_type": "way", "name": "Hyde Park Solar Farm", "fuel": "solar", "mw": null, "operator": ""}}, {"type": "Feature", "geometry": {"type": "Point", "coordinates": [-106.04211118571429, 36.091346671428575]}, "properties": {"osm_id": 1061615851, "osm_type": "way", "name": "Alcalde Solar Array", "fuel": "solar", "mw": 2.4, "operator": "Jemez Cuba LLC"}}, {"type": "Feature", "geometry": {"type": "Point", "coordinates": [-103.57204347000001, 32.05494055]}, "properties": {"osm_id": 1061880500, "osm_type": "way", "name": "", "fuel": "solar", "mw": null, "operator": ""}}, {"type": "Feature", "geometry": {"type": "Point", "coordinates": [-102.62646633846154, 32.002842300000005]}, "properties": {"osm_id": 1087292739, "osm_type": "way", "name": "Oxy Renewable Energy - Goldsmith", "fuel": "solar", "mw": 16.8, "operator": "Oxy Renewable Energy LLC"}}, {"type": "Feature", "geometry": {"type": "Point", "coordinates": [-102.44644944000001, 31.83607844]}, "properties": {"osm_id": 1087292741, "osm_type": "way", "name": "Westover Power Plant", "fuel": "oil", "mw": 9.0, "operator": "Power Depot Group A, LLC"}}, {"type": "Feature", "geometry": {"type": "Point", "coordinates": [-103.36169249999999, 31.19735143333333]}, "properties": {"osm_id": 1087292743, "osm_type": "way", "name": "Flower Valley II", "fuel": "battery", "mw": 101.0, "operator": "Flower Valley II"}}, {"type": "Feature", "geometry": {"type": "Point", "coordinates": [-103.36067052000001, 31.197888639999995]}, "properties": {"osm_id": 1087292744, "osm_type": "way", "name": "TX7 Flat Top", "fuel": "battery", "mw": 9.9, "operator": "Key Capture Energy"}}, {"type": "Feature", "geometry": {"type": "Point", "coordinates": [-103.3365186, 31.35661736]}, "properties": {"osm_id": 1087292745, "osm_type": "way", "name": "TX8 Worsham", "fuel": "battery", "mw": 9.9, "operator": "Key Capture Energy"}}, {"type": "Feature", "geometry": {"type": "Point", "coordinates": [-103.09596855, 31.451072850000003]}, "properties": {"osm_id": 1087292747, "osm_type": "way", "name": "Swoose II", "fuel": "battery", "mw": 101.0, "operator": "Swoose II"}}, {"type": "Feature", "geometry": {"type": "Point", "coordinates": [-102.53964128, 32.29596084]}, "properties": {"osm_id": 1087292748, "osm_type": "way", "name": "Bakke Power Plant", "fuel": "oil", "mw": 9.0, "operator": "Power Depot Group A, LLC"}}, {"type": "Feature", "geometry": {"type": "Point", "coordinates": [-102.78283566, 32.381287900000004]}, "properties": {"osm_id": 1087292749, "osm_type": "way", "name": "Frankel Power Plant", "fuel": "oil", "mw": 9.0, "operator": "Power Depot Group A, LLC"}}, {"type": "Feature", "geometry": {"type": "Point", "coordinates": [-102.63532823999999, 31.975323380000003]}, "properties": {"osm_id": 1087292750, "osm_type": "way", "name": "Goldsmith Power Plant", "fuel": "oil", "mw": 9.0, "operator": "Power Depot Group A, LLC"}}, {"type": "Feature", "geometry": {"type": "Point", "coordinates": [-102.55750498, 32.35121488]}, "properties": {"osm_id": 1087292751, "osm_type": "way", "name": "Tumbleweed Power Plant", "fuel": "oil", "mw": 9.0, "operator": "Power Depot Group A, LLC"}}, {"type": "Feature", "geometry": {"type": "Point", "coordinates": [-102.43104458333333, 31.921428316666667]}, "properties": {"osm_id": 1087292752, "osm_type": "way", "name": "N. Mary Francis Power Plant", "fuel": "oil", "mw": 9.0, "operator": "Power Depot Group A, LLC"}}, {"type": "Feature", "geometry": {"type": "Point", "coordinates": [-103.37130300000001, 32.97951357]}, "properties": {"osm_id": 1087292754, "osm_type": "way", "name": "Middle Daisy Solar", "fuel": "solar", "mw": 5.0, "operator": "Onyx Asset Services Group"}}, {"type": "Feature", "geometry": {"type": "Point", "coordinates": [-105.20721924545454, 35.64369993636364]}, "properties": {"osm_id": 1088677715, "osm_type": "way", "name": "Las Vegas Solar Energy Center", "fuel": "solar", "mw": 5.0, "operator": "PNM Resources"}}, {"type": "Feature", "geometry": {"type": "Point", "coordinates": [-105.17363459, 35.63508889]}, "properties": {"osm_id": 1088677718, "osm_type": "way", "name": "San Miguel Solar Energy Center", "fuel": "solar", "mw": 20.0, "operator": "PNM Resources"}}, {"type": "Feature", "geometry": {"type": "Point", "coordinates": [-105.64287215999998, 34.692654420000004]}, "properties": {"osm_id": 1095349297, "osm_type": "way", "name": "", "fuel": "wind", "mw": null, "operator": ""}}, {"type": "Feature", "geometry": {"type": "Point", "coordinates": [-101.15955572, 31.298428719999997]}, "properties": {"osm_id": 1107746534, "osm_type": "way", "name": "", "fuel": "solar", "mw": null, "operator": ""}}, {"type": "Feature", "geometry": {"type": "Point", "coordinates": [-106.28612858, 32.07712004]}, "properties": {"osm_id": 1108141045, "osm_type": "way", "name": "", "fuel": "solar", "mw": null, "operator": ""}}, {"type": "Feature", "geometry": {"type": "Point", "coordinates": [-106.33475236, 32.07429465]}, "properties": {"osm_id": 1108141057, "osm_type": "way", "name": "Buena Vista Energy Center", "fuel": "battery;solar", "mw": 170.0, "operator": "Buena Vista Energy Center, LLC"}}, {"type": "Feature", "geometry": {"type": "Point", "coordinates": [-106.19030015999999, 36.33152071999999]}, "properties": {"osm_id": 1116213454, "osm_type": "way", "name": "El Rito Solar Farm", "fuel": "solar", "mw": 1.6, "operator": "Syncarpha El Rito I, LLC"}}, {"type": "Feature", "geometry": {"type": "Point", "coordinates": [-106.36231946470586, 31.841544976470587]}, "properties": {"osm_id": 1136270380, "osm_type": "way", "name": "", "fuel": "solar", "mw": null, "operator": "Military"}}, {"type": "Feature", "geometry": {"type": "Point", "coordinates": [-104.44674856470584, 31.72009867352941]}, "properties": {"osm_id": 1147358760, "osm_type": "way", "name": "Aragorn Solar Project", "fuel": "solar", "mw": 187.2, "operator": "SE Aragorn, LLC"}}, {"type": "Feature", "geometry": {"type": "Point", "coordinates": [-104.46053198387096, 31.68738298709677]}, "properties": {"osm_id": 1147358761, "osm_type": "way", "name": "Titan Solar Project", "fuel": "solar", "mw": 260.0, "operator": "SE Titan, LLC"}}, {"type": "Feature", "geometry": {"type": "Point", "coordinates": [-105.6591416142857, 36.37272935714286]}, "properties": {"osm_id": 1153912962, "osm_type": "way", "name": "Syncarpha Taos", "fuel": "solar", "mw": 3.1, "operator": "Syncarpha Taos I, LLC"}}, {"type": "Feature", "geometry": {"type": "Point", "coordinates": [-106.05592216666666, 34.78126221666667]}, "properties": {"osm_id": 1155593976, "osm_type": "way", "name": "CNMEC Solar Energy Center", "fuel": "solar", "mw": 2.0, "operator": "New Mexico Renewable Development LLC"}}, {"type": "Feature", "geometry": {"type": "Point", "coordinates": [-103.6238493076923, 34.984011326923074]}, "properties": {"osm_id": 1155927753, "osm_type": "way", "name": "Caprock Solar 1 LLC", "fuel": "solar", "mw": 25.0, "operator": "Duke Energy Renewables Services"}}, {"type": "Feature", "geometry": {"type": "Point", "coordinates": [-104.53888473333332, 33.34911531666666]}, "properties": {"osm_id": 1156190908, "osm_type": "way", "name": "SEV NM Phase 2", "fuel": "solar", "mw": 2.0, "operator": "Altus Power America Management, LLC"}}, {"type": "Feature", "geometry": {"type": "Point", "coordinates": [-104.38566631249999, 33.1627896125]}, "properties": {"osm_id": 1158879065, "osm_type": "way", "name": "GSE NM1", "fuel": "solar", "mw": 2.3, "operator": "Altus Power America Management, LLC"}}, {"type": "Feature", "geometry": {"type": "Point", "coordinates": [-106.07450440000001, 32.92056745]}, "properties": {"osm_id": 1159160654, "osm_type": "way", "name": "Holloman Solar Facility", "fuel": "solar", "mw": 5.0, "operator": "El Paso Electric Co"}}, {"type": "Feature", "geometry": {"type": "Point", "coordinates": [-103.25300746, 34.4108903]}, "properties": {"osm_id": 1160680149, "osm_type": "way", "name": "SoCore Clovis 1", "fuel": "solar", "mw": 2.0, "operator": "SoCore Clovis 1 LLC"}}, {"type": "Feature", "geometry": {"type": "Point", "coordinates": [-105.91402447058826, 35.668868723529414]}, "properties": {"osm_id": 1161276901, "osm_type": "way", "name": "", "fuel": "solar", "mw": null, "operator": ""}}, {"type": "Feature", "geometry": {"type": "Point", "coordinates": [-106.40620832727274, 31.815529454545455]}, "properties": {"osm_id": 1161802749, "osm_type": "way", "name": "", "fuel": "solar", "mw": null, "operator": ""}}, {"type": "Feature", "geometry": {"type": "Point", "coordinates": [-105.65525528, 36.47297756]}, "properties": {"osm_id": 1163090622, "osm_type": "way", "name": "", "fuel": "solar", "mw": null, "operator": ""}}, {"type": "Feature", "geometry": {"type": "Point", "coordinates": [-104.16438937727276, 32.07331586363636]}, "properties": {"osm_id": 1169715081, "osm_type": "way", "name": "Whites City Solar Farm", "fuel": "solar", "mw": 20.0, "operator": "Chevron"}}, {"type": "Feature", "geometry": {"type": "Point", "coordinates": [-106.41366473999999, 31.81457408]}, "properties": {"osm_id": 1173576261, "osm_type": "way", "name": "", "fuel": "solar", "mw": null, "operator": ""}}, {"type": "Feature", "geometry": {"type": "Point", "coordinates": [-103.778923, 33.02863347777778]}, "properties": {"osm_id": 1180905616, "osm_type": "way", "name": "", "fuel": "wind", "mw": null, "operator": ""}}, {"type": "Feature", "geometry": {"type": "Point", "coordinates": [-106.37887831999998, 35.125548740000006]}, "properties": {"osm_id": 1198846200, "osm_type": "way", "name": "", "fuel": "solar", "mw": null, "operator": "Sandia Mountain Natural History Center"}}, {"type": "Feature", "geometry": {"type": "Point", "coordinates": [-106.37887719999999, 35.125612239999995]}, "properties": {"osm_id": 1198854418, "osm_type": "way", "name": "", "fuel": "solar", "mw": null, "operator": "Sandia Mountain Natural History Center"}}, {"type": "Feature", "geometry": {"type": "Point", "coordinates": [-106.37887889999999, 35.125675939999994]}, "properties": {"osm_id": 1198854419, "osm_type": "way", "name": "", "fuel": "solar", "mw": null, "operator": "Sandia Mountain Natural History Center"}}, {"type": "Feature", "geometry": {"type": "Point", "coordinates": [-106.37887866000001, 35.12573836]}, "properties": {"osm_id": 1198854420, "osm_type": "way", "name": "", "fuel": "solar", "mw": null, "operator": "Sandia Mountain Natural History Center"}}, {"type": "Feature", "geometry": {"type": "Point", "coordinates": [-106.530444075, 31.532612341666667]}, "properties": {"osm_id": 1211050437, "osm_type": "way", "name": "Border Solar", "fuel": "solar", "mw": 150.0, "operator": ""}}, {"type": "Feature", "geometry": {"type": "Point", "coordinates": [-102.75695892499999, 33.009946250000006]}, "properties": {"osm_id": 1213452617, "osm_type": "way", "name": "Wasson CO2 Removal Plant", "fuel": "gas", "mw": 23.4, "operator": "Occidental Permian Ltd"}}, {"type": "Feature", "geometry": {"type": "Point", "coordinates": [-104.19306184, 35.40856866]}, "properties": {"osm_id": 1226508814, "osm_type": "way", "name": "", "fuel": "solar", "mw": null, "operator": ""}}, {"type": "Feature", "geometry": {"type": "Point", "coordinates": [-100.22878464545455, 34.43045239090909]}, "properties": {"osm_id": 1259479575, "osm_type": "way", "name": "", "fuel": "solar", "mw": null, "operator": ""}}, {"type": "Feature", "geometry": {"type": "Point", "coordinates": [-106.01740065999999, 35.71298266]}, "properties": {"osm_id": 1335806204, "osm_type": "way", "name": "Arroyo Calabases Solar Farm", "fuel": "solar", "mw": null, "operator": ""}}, {"type": "Feature", "geometry": {"type": "Point", "coordinates": [-104.59694688333333, 33.42168245]}, "properties": {"osm_id": 1350389215, "osm_type": "way", "name": "", "fuel": "solar", "mw": null, "operator": ""}}, {"type": "Feature", "geometry": {"type": "Point", "coordinates": [-105.96292505199999, 34.469909714]}, "properties": {"osm_id": 1357642095, "osm_type": "way", "name": "High Lonesome", "fuel": "wind", "mw": null, "operator": ""}}, {"type": "Feature", "geometry": {"type": "Point", "coordinates": [-103.3429586508772, 34.973724828070175]}, "properties": {"osm_id": 1374473978, "osm_type": "way", "name": "Caprock Wind Farm", "fuel": "wind", "mw": 80.0, "operator": "Leeward Energy"}}, {"type": "Feature", "geometry": {"type": "Point", "coordinates": [-103.14798183521128, 34.80040033521126]}, "properties": {"osm_id": 1374473982, "osm_type": "way", "name": "Grady Wind Energy Center", "fuel": "wind", "mw": 220.0, "operator": "Pattern Energy Group"}}, {"type": "Feature", "geometry": {"type": "Point", "coordinates": [-104.06190995068494, 34.62083557945207]}, "properties": {"osm_id": 1374473984, "osm_type": "way", "name": "New Mexico Wind Energy Center", "fuel": "wind", "mw": 204.0, "operator": "FPL Energy"}}, {"type": "Feature", "geometry": {"type": "Point", "coordinates": [-103.98026645200001, 34.60482308399999]}, "properties": {"osm_id": 1374473988, "osm_type": "way", "name": "Casa Mesa Wind Energy Center", "fuel": "wind", "mw": 50.93, "operator": "NextEra Energy Resources"}}, {"type": "Feature", "geometry": {"type": "Point", "coordinates": [-105.6289401, 34.32606683]}, "properties": {"osm_id": 1394064706, "osm_type": "way", "name": "Cedarvale Wind Farm", "fuel": "wind", "mw": null, "operator": ""}}, {"type": "Feature", "geometry": {"type": "Point", "coordinates": [-105.36600682869563, 34.3570032252174]}, "properties": {"osm_id": 1411055548, "osm_type": "way", "name": "Duran Wind Field", "fuel": "wind", "mw": null, "operator": ""}}, {"type": "Feature", "geometry": {"type": "Point", "coordinates": [-106.6268493642857, 31.79182145357143]}, "properties": {"osm_id": 1442461552, "osm_type": "way", "name": "", "fuel": "solar", "mw": null, "operator": ""}}, {"type": "Feature", "geometry": {"type": "Point", "coordinates": [-106.61065028333333, 34.99887995]}, "properties": {"osm_id": 1443394652, "osm_type": "way", "name": "", "fuel": "solar", "mw": null, "operator": ""}}, {"type": "Feature", "geometry": {"type": "Point", "coordinates": [-104.43639453, 33.43166283000001]}, "properties": {"osm_id": 1444889627, "osm_type": "way", "name": "", "fuel": "solar", "mw": null, "operator": ""}}, {"type": "Feature", "geometry": {"type": "Point", "coordinates": [-100.69251928, 32.580905060000006]}, "properties": {"osm_id": 1449697495, "osm_type": "way", "name": "Pyron Wind Farm LLC Hybrid", "fuel": "battery", "mw": 9.9, "operator": "Big Sky Wind, LLC"}}, {"type": "Feature", "geometry": {"type": "Point", "coordinates": [-100.5962992, 32.49715228]}, "properties": {"osm_id": 1449698462, "osm_type": "way", "name": "Inadale Wind Farm LLC Hybrid", "fuel": "battery", "mw": 9.9, "operator": "Big Sky Wind, LLC"}}, {"type": "Feature", "geometry": {"type": "Point", "coordinates": [-102.24361253000001, 31.254929329999992]}, "properties": {"osm_id": 1449701346, "osm_type": "way", "name": "Upton County BESS", "fuel": "battery", "mw": 24.8, "operator": "VESI Upton County BESS, LLC"}}, {"type": "Feature", "geometry": {"type": "Point", "coordinates": [-102.12750410000001, 31.22709266]}, "properties": {"osm_id": 1449710697, "osm_type": "way", "name": "Roadrunner, LLC Hybrid", "fuel": "battery", "mw": 50.0, "operator": "Roadrunner Solar, LLC"}}, {"type": "Feature", "geometry": {"type": "Point", "coordinates": [-101.80885822222223, 33.89671688888889]}, "properties": {"osm_id": 1449920427, "osm_type": "way", "name": "Paleo", "fuel": "battery", "mw": 200.0, "operator": "Engie North America"}}, {"type": "Feature", "geometry": {"type": "Point", "coordinates": [-100.99215505999999, 32.8565799]}, "properties": {"osm_id": 1450416949, "osm_type": "way", "name": "TX13 Endurance Park Storage", "fuel": "battery", "mw": 50.0, "operator": "Key Capture Energy"}}, {"type": "Feature", "geometry": {"type": "Point", "coordinates": [-100.58724096, 31.5079346]}, "properties": {"osm_id": 1453231782, "osm_type": "way", "name": "Angelo Storage", "fuel": "battery", "mw": 100.0, "operator": "Angelo Storage, LLC"}}, {"type": "Feature", "geometry": {"type": "Point", "coordinates": [-100.87740634000001, 33.78174172]}, "properties": {"osm_id": 1453233999, "osm_type": "way", "name": "Burksol Energy Storage", "fuel": "battery", "mw": 100.0, "operator": "Burksol, LLC"}}, {"type": "Feature", "geometry": {"type": "Point", "coordinates": [-103.45072424, 31.514519359999998]}, "properties": {"osm_id": 1453242353, "osm_type": "way", "name": "Cedarville (TX)", "fuel": "battery", "mw": 9.9, "operator": "HEN Infrastructure, L.L.C."}}, {"type": "Feature", "geometry": {"type": "Point", "coordinates": [-103.62704245999998, 31.39697234]}, "properties": {"osm_id": 1453242440, "osm_type": "way", "name": "Coyote Springs (TX)", "fuel": "battery", "mw": 9.9, "operator": "HEN Infrastructure, L.L.C."}}, {"type": "Feature", "geometry": {"type": "Point", "coordinates": [-103.79411580000001, 31.260039059999997]}, "properties": {"osm_id": 1453242681, "osm_type": "way", "name": "Faulkner", "fuel": "battery", "mw": 9.9, "operator": "HEN Infrastructure, L.L.C."}}, {"type": "Feature", "geometry": {"type": "Point", "coordinates": [-103.24985514, 31.594830960000003]}, "properties": {"osm_id": 1453243402, "osm_type": "way", "name": "Lonestar", "fuel": "battery", "mw": 9.9, "operator": "HEN Infrastructure, L.L.C."}}, {"type": "Feature", "geometry": {"type": "Point", "coordinates": [-103.49997188, 31.332235260000004]}, "properties": {"osm_id": 1453245623, "osm_type": "way", "name": "Saddleback", "fuel": "battery", "mw": 9.9, "operator": "HEN Infrastructure"}}, {"type": "Feature", "geometry": {"type": "Point", "coordinates": [-104.04750396, 31.82176832]}, "properties": {"osm_id": 1453245715, "osm_type": "way", "name": "Screwbean", "fuel": "battery", "mw": 9.9, "operator": "HEN Infrastructure, L.L.C."}}, {"type": "Feature", "geometry": {"type": "Point", "coordinates": [-103.36173965714285, 31.196707671428573]}, "properties": {"osm_id": 1453783272, "osm_type": "way", "name": "Flower Valley I", "fuel": "battery", "mw": 9.9, "operator": "Flower Valley"}}, {"type": "Feature", "geometry": {"type": "Point", "coordinates": [-102.11668296, 31.23989022]}, "properties": {"osm_id": 1454373654, "osm_type": "way", "name": "", "fuel": "battery", "mw": null, "operator": ""}}, {"type": "Feature", "geometry": {"type": "Point", "coordinates": [-101.46916766, 31.867272679999996]}, "properties": {"osm_id": 1454373921, "osm_type": "way", "name": "Garden City East BESS", "fuel": "battery", "mw": 9.9, "operator": "HEN Infrastructure, L.L.C."}}, {"type": "Feature", "geometry": {"type": "Point", "coordinates": [-106.61290082000001, 31.79391956]}, "properties": {"osm_id": 1454374183, "osm_type": "way", "name": "", "fuel": "battery", "mw": null, "operator": ""}}, {"type": "Feature", "geometry": {"type": "Point", "coordinates": [-102.31872532, 31.190987080000003]}, "properties": {"osm_id": 1454963751, "osm_type": "way", "name": "Crossett Power Management LLC", "fuel": "battery", "mw": 203.0, "operator": "Crossett Power Management LLC"}}, {"type": "Feature", "geometry": {"type": "Point", "coordinates": [-103.33517993636364, 31.35808618181818]}, "properties": {"osm_id": 1454972953, "osm_type": "way", "name": "Rodeo Ranch Energy Storage", "fuel": "battery", "mw": 300.0, "operator": "Rodeo Ranch Energy Storage, LLC"}}, {"type": "Feature", "geometry": {"type": "Point", "coordinates": [-101.63866646, 32.72236006]}, "properties": {"osm_id": 1458653097, "osm_type": "way", "name": "Borden County BESS", "fuel": "battery", "mw": 150.0, "operator": "Borden County Battery Energy Storage System LLC"}}, {"type": "Feature", "geometry": {"type": "Point", "coordinates": [-106.07311568, 35.73684474]}, "properties": {"osm_id": 1461470886, "osm_type": "way", "name": "", "fuel": "solar", "mw": null, "operator": ""}}, {"type": "Feature", "geometry": {"type": "Point", "coordinates": [-106.07462441999999, 35.736594960000005]}, "properties": {"osm_id": 1461470887, "osm_type": "way", "name": "", "fuel": "solar", "mw": null, "operator": ""}}, {"type": "Feature", "geometry": {"type": "Point", "coordinates": [-106.07281030000001, 35.73767348749999]}, "properties": {"osm_id": 1461470888, "osm_type": "way", "name": "", "fuel": "solar", "mw": null, "operator": ""}}, {"type": "Feature", "geometry": {"type": "Point", "coordinates": [-106.07426862, 35.73853196]}, "properties": {"osm_id": 1461470889, "osm_type": "way", "name": "", "fuel": "solar", "mw": null, "operator": ""}}, {"type": "Feature", "geometry": {"type": "Point", "coordinates": [-103.09618139999999, 31.4514393]}, "properties": {"osm_id": 1464234686, "osm_type": "way", "name": "Swoose I", "fuel": "battery", "mw": 9.9, "operator": "Swoose"}}, {"type": "Feature", "geometry": {"type": "Point", "coordinates": [-102.30968044, 31.23270056]}, "properties": {"osm_id": 1464238407, "osm_type": "way", "name": "Revolution", "fuel": "battery", "mw": 150.0, "operator": "Crane 2 BESS, LLC"}}, {"type": "Feature", "geometry": {"type": "Point", "coordinates": [-100.75338680416667, 32.88511877916667]}, "properties": {"osm_id": 1465320448, "osm_type": "way", "name": "Lumina II Solar Project", "fuel": "solar", "mw": 326.6, "operator": "IP Lumina II, LLC"}}, {"type": "Feature", "geometry": {"type": "Point", "coordinates": [-101.93709784, 32.71700634]}, "properties": {"osm_id": 1465335833, "osm_type": "way", "name": "Al Pastor Battery Storage Plant", "fuel": "battery", "mw": 100.3, "operator": "Al Pastor BESS LLC"}}, {"type": "Feature", "geometry": {"type": "Point", "coordinates": [-106.47409674000001, 31.749035659999997]}, "properties": {"osm_id": 1468422066, "osm_type": "way", "name": "", "fuel": "", "mw": null, "operator": ""}}, {"type": "Feature", "geometry": {"type": "Point", "coordinates": [-106.47457225999999, 31.7489282]}, "properties": {"osm_id": 1468422067, "osm_type": "way", "name": "", "fuel": "", "mw": null, "operator": ""}}, {"type": "Feature", "geometry": {"type": "Point", "coordinates": [-106.47459478, 31.749014820000003]}, "properties": {"osm_id": 1468422068, "osm_type": "way", "name": "", "fuel": "", "mw": null, "operator": ""}}, {"type": "Feature", "geometry": {"type": "Point", "coordinates": [-106.47323026, 31.749291040000003]}, "properties": {"osm_id": 1468422069, "osm_type": "way", "name": "", "fuel": "", "mw": null, "operator": ""}}, {"type": "Feature", "geometry": {"type": "Point", "coordinates": [-106.18521484285715, 32.07581269999999]}, "properties": {"osm_id": 1468510506, "osm_type": "way", "name": "", "fuel": "solar", "mw": null, "operator": ""}}, {"type": "Feature", "geometry": {"type": "Point", "coordinates": [-105.23115044000001, 35.6309135]}, "properties": {"osm_id": 1475136309, "osm_type": "way", "name": "Pluma - Pino Solar", "fuel": "solar", "mw": 5.0, "operator": "Standard Solar"}}, {"type": "Feature", "geometry": {"type": "Point", "coordinates": [-103.22534506, 34.38175462]}, "properties": {"osm_id": 1475136310, "osm_type": "way", "name": "Pluma - Curry Road North Solar", "fuel": "solar", "mw": 3.0, "operator": "Standard Solar"}}, {"type": "Feature", "geometry": {"type": "Point", "coordinates": [-103.83578327142857, 31.979159742857142]}, "properties": {"osm_id": 1481011512, "osm_type": "way", "name": "", "fuel": "solar", "mw": null, "operator": ""}}, {"type": "Feature", "geometry": {"type": "Point", "coordinates": [-101.27883283999999, 32.02504078]}, "properties": {"osm_id": 6746715, "osm_type": "relation", "name": "Forest Creek Wind Farm", "fuel": "wind", "mw": 124.2, "operator": "E.ON"}}, {"type": "Feature", "geometry": {"type": "Point", "coordinates": [-100.91607390961538, 32.336212434615376]}, "properties": {"osm_id": 6746717, "osm_type": "relation", "name": "Morgan Creek Power Plant", "fuel": "gas", "mw": 536.4, "operator": "Luminant"}}, {"type": "Feature", "geometry": {"type": "Point", "coordinates": [-101.81899521666666, 32.21129356666666]}, "properties": {"osm_id": 6775541, "osm_type": "relation", "name": "Stanton Wind Project", "fuel": "wind", "mw": 120.0, "operator": "Invenergy"}}, {"type": "Feature", "geometry": {"type": "Point", "coordinates": [-100.82703021428573, 31.940896900000002]}, "properties": {"osm_id": 6801811, "osm_type": "relation", "name": "Goat Mountain Wind Ranch 2", "fuel": "wind", "mw": 69.6, "operator": "NRG Energy Gas & Wind Holdings Inc"}}, {"type": "Feature", "geometry": {"type": "Point", "coordinates": [-100.82703021428573, 31.940896900000002]}, "properties": {"osm_id": 6801812, "osm_type": "relation", "name": "Goat Mountain Wind Ranch 1", "fuel": "wind", "mw": 80.0, "operator": "NRG Energy Gas & Wind Holdings Inc"}}, {"type": "Feature", "geometry": {"type": "Point", "coordinates": [-102.71029633333335, 35.297131766666666]}, "properties": {"osm_id": 6803879, "osm_type": "relation", "name": "Spinning Spur 3 Wind", "fuel": "wind", "mw": 194.0, "operator": "\u00c9lectricit\u00e9 de France"}}, {"type": "Feature", "geometry": {"type": "Point", "coordinates": [-102.58260881000001, 35.29207689]}, "properties": {"osm_id": 6803880, "osm_type": "relation", "name": "Spinning Spur 2 Wind", "fuel": "wind", "mw": 161.0, "operator": "\u00c9lectricit\u00e9 de France"}}, {"type": "Feature", "geometry": {"type": "Point", "coordinates": [-102.43470258571428, 35.28321344285714]}, "properties": {"osm_id": 6803881, "osm_type": "relation", "name": "Spinning Spur 1 Wind", "fuel": "wind", "mw": 161.0, "operator": "\u00c9lectricit\u00e9 de France"}}, {"type": "Feature", "geometry": {"type": "Point", "coordinates": [-102.31627394, 35.28203854]}, "properties": {"osm_id": 6804128, "osm_type": "relation", "name": "Wildorado Wind 2", "fuel": "wind", "mw": 78.2, "operator": "NRG Energy"}}, {"type": "Feature", "geometry": {"type": "Point", "coordinates": [-102.31627394, 35.28203854]}, "properties": {"osm_id": 6804129, "osm_type": "relation", "name": "Wildorado Wind 1", "fuel": "wind", "mw": 161.0, "operator": "NRG Energy"}}, {"type": "Feature", "geometry": {"type": "Point", "coordinates": [-101.23917001666666, 35.4865462]}, "properties": {"osm_id": 6848590, "osm_type": "relation", "name": "White Deer Wind", "fuel": "wind", "mw": 80.0, "operator": "Royal Dutch Shell"}}, {"type": "Feature", "geometry": {"type": "Point", "coordinates": [-101.53902611999999, 35.38176352000001]}, "properties": {"osm_id": 6848591, "osm_type": "relation", "name": "Majestic 1 Wind Energy Center", "fuel": "wind", "mw": 79.5, "operator": "NextEra Energy"}}, {"type": "Feature", "geometry": {"type": "Point", "coordinates": [-101.53902611999999, 35.38176352000001]}, "properties": {"osm_id": 6848592, "osm_type": "relation", "name": "Majestic 2 Wind Energy Center", "fuel": "wind", "mw": 79.6, "operator": "NextEra Energy"}}, {"type": "Feature", "geometry": {"type": "Point", "coordinates": [-101.1859064, 35.254027980000004]}, "properties": {"osm_id": 6851368, "osm_type": "relation", "name": "Grandview Wind Farm 1", "fuel": "wind", "mw": 211.2, "operator": "BlackRock; E.ON Climate and Renewables"}}, {"type": "Feature", "geometry": {"type": "Point", "coordinates": [-101.37814700666668, 36.47520229333334]}, "properties": {"osm_id": 6861477, "osm_type": "relation", "name": "Noble Great Plains Windpark", "fuel": "wind", "mw": 114.0, "operator": "Exelon"}}, {"type": "Feature", "geometry": {"type": "Point", "coordinates": [-101.00433592000002, 36.41064778]}, "properties": {"osm_id": 6861479, "osm_type": "relation", "name": "Palo Duro Wind Energy Center", "fuel": "wind", "mw": 249.9, "operator": "NextEra Energy"}}, {"type": "Feature", "geometry": {"type": "Point", "coordinates": [-101.58658915999999, 36.49617146000001]}, "properties": {"osm_id": 6861481, "osm_type": "relation", "name": "Frisco Wind Farm", "fuel": "wind", "mw": 20.0, "operator": "DeWind"}}, {"type": "Feature", "geometry": {"type": "Point", "coordinates": [-101.38783195714286, 36.39964641428572]}, "properties": {"osm_id": 6861485, "osm_type": "relation", "name": "Exelon Wind 4", "fuel": "wind", "mw": 79.8, "operator": "Exelon"}}, {"type": "Feature", "geometry": {"type": "Point", "coordinates": [-101.89252488571428, 35.95298241428572]}, "properties": {"osm_id": 6861491, "osm_type": "relation", "name": "Valero Sunray Wind Farm", "fuel": "wind", "mw": 49.5, "operator": "Valero"}}, {"type": "Feature", "geometry": {"type": "Point", "coordinates": [-100.54145314, 35.620309080000006]}, "properties": {"osm_id": 6867062, "osm_type": "relation", "name": "Miami Wind", "fuel": "wind", "mw": 288.6, "operator": "Invenergy"}}, {"type": "Feature", "geometry": {"type": "Point", "coordinates": [-101.68386231999999, 33.03285459999999]}, "properties": {"osm_id": 6891303, "osm_type": "relation", "name": "Cirrus 1 Wind Project", "fuel": "wind", "mw": 61.2, "operator": "Cirrus Wind 1 LLC"}}, {"type": "Feature", "geometry": {"type": "Point", "coordinates": [-100.8237051, 32.759601599999996]}, "properties": {"osm_id": 6903041, "osm_type": "relation", "name": "Scurry County Wind", "fuel": "wind", "mw": 130.5, "operator": "Invenergy Services LLC"}}, {"type": "Feature", "geometry": {"type": "Point", "coordinates": [-100.82353366, 32.7593487]}, "properties": {"osm_id": 6903042, "osm_type": "relation", "name": "Scurry County Wind II", "fuel": "wind", "mw": 120.0, "operator": "Invenergy"}}, {"type": "Feature", "geometry": {"type": "Point", "coordinates": [-101.18474744, 32.91879146]}, "properties": {"osm_id": 6903045, "osm_type": "relation", "name": "Post Wind Farm", "fuel": "wind", "mw": 84.0, "operator": "NextEra Energy"}}, {"type": "Feature", "geometry": {"type": "Point", "coordinates": [-101.58439894, 32.92785366]}, "properties": {"osm_id": 6903047, "osm_type": "relation", "name": "Bull Creek Wind", "fuel": "wind", "mw": 180.0, "operator": "Eurus Energy"}}, {"type": "Feature", "geometry": {"type": "Point", "coordinates": [-101.27883283999999, 32.02504078]}, "properties": {"osm_id": 6903835, "osm_type": "relation", "name": "Sand Bluff Wind", "fuel": "wind", "mw": 90.0, "operator": "E.ON"}}, {"type": "Feature", "geometry": {"type": "Point", "coordinates": [-100.90826679583334, 31.907777699999997]}, "properties": {"osm_id": 6903836, "osm_type": "relation", "name": "Capricorn Ridge Wind", "fuel": "wind", "mw": 662.5, "operator": "NextEra Energy"}}, {"type": "Feature", "geometry": {"type": "Point", "coordinates": [-101.30182493999999, 31.956567459999995]}, "properties": {"osm_id": 6903837, "osm_type": "relation", "name": "Panther Creek Wind 2", "fuel": "wind", "mw": 115.5, "operator": "E.ON"}}, {"type": "Feature", "geometry": {"type": "Point", "coordinates": [-101.45080396, 32.10053792]}, "properties": {"osm_id": 6903838, "osm_type": "relation", "name": "Panther Creek Wind 1", "fuel": "wind", "mw": 142.5, "operator": "E.ON"}}, {"type": "Feature", "geometry": {"type": "Point", "coordinates": [-101.396017, 32.124112079999996]}, "properties": {"osm_id": 6903839, "osm_type": "relation", "name": "Elbow Creek Wind Farm", "fuel": "wind", "mw": 121.9, "operator": "NRG Energy"}}, {"type": "Feature", "geometry": {"type": "Point", "coordinates": [-101.39380821428573, 32.13193888571429]}, "properties": {"osm_id": 6903840, "osm_type": "relation", "name": "Ocotillo Wind Farm", "fuel": "wind", "mw": 58.8, "operator": "Duke Energy"}}, {"type": "Feature", "geometry": {"type": "Point", "coordinates": [-101.13587653333333, 31.98255845]}, "properties": {"osm_id": 6903841, "osm_type": "relation", "name": "Panther Creek Wind 3", "fuel": "wind", "mw": 199.5, "operator": "E.ON"}}, {"type": "Feature", "geometry": {"type": "Point", "coordinates": [-101.73980621666668, 32.706269033333335]}, "properties": {"osm_id": 6903844, "osm_type": "relation", "name": "Mesquite Creek Wind", "fuel": "wind", "mw": 211.2, "operator": "Sumitomo;Duke Energy"}}, {"type": "Feature", "geometry": {"type": "Point", "coordinates": [-100.99160945999999, 33.750370700000005]}, "properties": {"osm_id": 6906783, "osm_type": "relation", "name": "McAdoo Wind Energy", "fuel": "wind", "mw": 150.0, "operator": "Invenergy"}}, {"type": "Feature", "geometry": {"type": "Point", "coordinates": [-101.09851138, 34.10616976]}, "properties": {"osm_id": 6929428, "osm_type": "relation", "name": "Whirlwind Energy Center", "fuel": "wind", "mw": 59.8, "operator": "RES"}}, {"type": "Feature", "geometry": {"type": "Point", "coordinates": [-101.32376294285714, 34.08059351428572]}, "properties": {"osm_id": 7200716, "osm_type": "relation", "name": "South Plains Wind 1", "fuel": "wind", "mw": 200.0, "operator": "SunEdison"}}, {"type": "Feature", "geometry": {"type": "Point", "coordinates": [-101.38130914999999, 34.196578442857145]}, "properties": {"osm_id": 7200717, "osm_type": "relation", "name": "South Plains Wind 2", "fuel": "wind", "mw": 300.3, "operator": "SunEdison"}}, {"type": "Feature", "geometry": {"type": "Point", "coordinates": [-101.43505305999999, 35.20580562]}, "properties": {"osm_id": 7204165, "osm_type": "relation", "name": "Route 66 Wind Project", "fuel": "wind", "mw": 150.0, "operator": "JPMorgan"}}, {"type": "Feature", "geometry": {"type": "Point", "coordinates": [-100.3798587142857, 32.33089635714286]}, "properties": {"osm_id": 7214571, "osm_type": "relation", "name": "Sweetwater Wind 2", "fuel": "wind", "mw": 98.8, "operator": "Leeward Renewable Energy"}}, {"type": "Feature", "geometry": {"type": "Point", "coordinates": [-100.41988314, 32.3380146]}, "properties": {"osm_id": 7214572, "osm_type": "relation", "name": "Sweetwater Wind 3", "fuel": "wind", "mw": 135.0, "operator": "Leeward Renewable Energy"}}, {"type": "Feature", "geometry": {"type": "Point", "coordinates": [-100.35122711999999, 32.43798832]}, "properties": {"osm_id": 7214573, "osm_type": "relation", "name": "Sweetwater Wind 1", "fuel": "wind", "mw": 37.5, "operator": "Leeward Renewable Energy"}}, {"type": "Feature", "geometry": {"type": "Point", "coordinates": [-100.4876181875, 32.2422141625]}, "properties": {"osm_id": 7214574, "osm_type": "relation", "name": "Sweetwater Wind 5", "fuel": "wind", "mw": 80.5, "operator": "Leeward Renewable Energy"}}, {"type": "Feature", "geometry": {"type": "Point", "coordinates": [-100.10028985, 32.23440273]}, "properties": {"osm_id": 7214575, "osm_type": "relation", "name": "Horse Hollow 2", "fuel": "wind", "mw": 299.0, "operator": "NextEra Energy"}}, {"type": "Feature", "geometry": {"type": "Point", "coordinates": [-100.02347806, 32.19919966]}, "properties": {"osm_id": 7214576, "osm_type": "relation", "name": "Horse Hollow 1", "fuel": "wind", "mw": 213.0, "operator": "NextEra Energy"}}, {"type": "Feature", "geometry": {"type": "Point", "coordinates": [-100.28448716, 32.26535929]}, "properties": {"osm_id": 7214577, "osm_type": "relation", "name": "Horse Hollow 3", "fuel": "wind", "mw": 223.5, "operator": "NextEra Energy"}}, {"type": "Feature", "geometry": {"type": "Point", "coordinates": [-100.25575900000001, 32.211994829999995]}, "properties": {"osm_id": 7214578, "osm_type": "relation", "name": "Turkey Track Energy Center", "fuel": "wind", "mw": 169.5, "operator": "Invenergy"}}, {"type": "Feature", "geometry": {"type": "Point", "coordinates": [-100.11530177777779, 32.299389688888894]}, "properties": {"osm_id": 7214579, "osm_type": "relation", "name": "Buffalo Gap 3", "fuel": "wind", "mw": 170.2, "operator": "AES Corporation"}}, {"type": "Feature", "geometry": {"type": "Point", "coordinates": [-100.11530177777779, 32.299389688888894]}, "properties": {"osm_id": 7214580, "osm_type": "relation", "name": "Buffalo Gap 1", "fuel": "wind", "mw": 120.6, "operator": "AES Corporation"}}, {"type": "Feature", "geometry": {"type": "Point", "coordinates": [-100.20768124, 32.328283580000004]}, "properties": {"osm_id": 7214581, "osm_type": "relation", "name": "Buffalo Gap 2", "fuel": "wind", "mw": 232.5, "operator": "AES Corporation"}}, {"type": "Feature", "geometry": {"type": "Point", "coordinates": [-100.23186486, 32.449642999999995]}, "properties": {"osm_id": 7214583, "osm_type": "relation", "name": "Trent Wind Farm", "fuel": "wind", "mw": 152.0, "operator": "American Electric Power"}}, {"type": "Feature", "geometry": {"type": "Point", "coordinates": [-100.1935283, 32.43307222]}, "properties": {"osm_id": 7214584, "osm_type": "relation", "name": "South Trent Wind Farm", "fuel": "wind", "mw": 101.2, "operator": "NRG Energy"}}, {"type": "Feature", "geometry": {"type": "Point", "coordinates": [-100.6659774, 32.47004202]}, "properties": {"osm_id": 7214587, "osm_type": "relation", "name": "Roscoe Wind Farm", "fuel": "wind", "mw": 209.0, "operator": "RWE Renewables Americas LLC"}}, {"type": "Feature", "geometry": {"type": "Point", "coordinates": [-100.74587248, 32.44519554]}, "properties": {"osm_id": 7214588, "osm_type": "relation", "name": "Loraine Wind Farm", "fuel": "wind", "mw": 150.0, "operator": "Third Planet Windpower"}}, {"type": "Feature", "geometry": {"type": "Point", "coordinates": [-100.59666924, 32.49787768]}, "properties": {"osm_id": 7214589, "osm_type": "relation", "name": "Inadale Wind Farm", "fuel": "wind", "mw": 197.0, "operator": "RWE Renewables Americas LLC"}}, {"type": "Feature", "geometry": {"type": "Point", "coordinates": [-100.64799864, 32.39879648]}, "properties": {"osm_id": 7214590, "osm_type": "relation", "name": "Champion Wind Farm", "fuel": "wind", "mw": 126.5, "operator": "RWE Renewables Americas LLC"}}, {"type": "Feature", "geometry": {"type": "Point", "coordinates": [-100.69245128, 32.5797785]}, "properties": {"osm_id": 7214591, "osm_type": "relation", "name": "Pyron Wind Farm", "fuel": "wind", "mw": 249.0, "operator": "RWE Renewables Americas LLC"}}, {"type": "Feature", "geometry": {"type": "Point", "coordinates": [-101.46647327999999, 31.7493531]}, "properties": {"osm_id": 7308922, "osm_type": "relation", "name": "Rattlesnake Den 1", "fuel": "wind", "mw": 207.2, "operator": "Invenergy"}}, {"type": "Feature", "geometry": {"type": "Point", "coordinates": [-101.06985114, 33.8028202]}, "properties": {"osm_id": 7309299, "osm_type": "relation", "name": "Wake Wind Wind Energy", "fuel": "wind", "mw": 257.25, "operator": "Southern Company"}}, {"type": "Feature", "geometry": {"type": "Point", "coordinates": [-101.31494187999999, 34.39258271999999]}, "properties": {"osm_id": 7309565, "osm_type": "relation", "name": "Briscoe Wind Farm", "fuel": "wind", "mw": 149.85, "operator": "Capital Dynamics"}}, {"type": "Feature", "geometry": {"type": "Point", "coordinates": [-101.24091732, 34.31687036]}, "properties": {"osm_id": 7309566, "osm_type": "relation", "name": "Longhorn Wind Farm", "fuel": "wind", "mw": 200.0, "operator": "EDF"}}, {"type": "Feature", "geometry": {"type": "Point", "coordinates": [-102.66478831428572, 34.68609677142857]}, "properties": {"osm_id": 7309636, "osm_type": "relation", "name": "Mariah del Norte Wind", "fuel": "wind", "mw": 230.4, "operator": "First Reserve"}}, {"type": "Feature", "geometry": {"type": "Point", "coordinates": [-102.29817418750001, 34.7729111]}, "properties": {"osm_id": 7309711, "osm_type": "relation", "name": "Hereford Wind", "fuel": "wind", "mw": 200.0, "operator": "EDF"}}, {"type": "Feature", "geometry": {"type": "Point", "coordinates": [-101.1512784, 35.33535058]}, "properties": {"osm_id": 7311044, "osm_type": "relation", "name": "Colbeck's Corner Wind Farm", "fuel": "wind", "mw": 200.0, "operator": "E.ON Climate and Renewables"}}, {"type": "Feature", "geometry": {"type": "Point", "coordinates": [-100.94032275714287, 35.16389541428571]}, "properties": {"osm_id": 7311045, "osm_type": "relation", "name": "Salt Fork Wind", "fuel": "wind", "mw": 174.0, "operator": "\u00c9lectricit\u00e9 de France"}}, {"type": "Feature", "geometry": {"type": "Point", "coordinates": [-101.18781481666667, 34.060533416666665]}, "properties": {"osm_id": 7380412, "osm_type": "relation", "name": "Cotton Plains Wind", "fuel": "wind", "mw": 50.4, "operator": "Apex Clean Energy"}}, {"type": "Feature", "geometry": {"type": "Point", "coordinates": [-101.18781481666667, 34.060533416666665]}, "properties": {"osm_id": 7380413, "osm_type": "relation", "name": "Old Settler Wind", "fuel": "wind", "mw": 151.2, "operator": "Apex Clean Energy"}}, {"type": "Feature", "geometry": {"type": "Point", "coordinates": [-101.92231730975611, 32.72019773658536]}, "properties": {"osm_id": 8207862, "osm_type": "relation", "name": "Lamesa Solar", "fuel": "solar", "mw": 102.0, "operator": "Southern Company"}}, {"type": "Feature", "geometry": {"type": "Point", "coordinates": [-101.09472228, 32.8861674]}, "properties": {"osm_id": 8210948, "osm_type": "relation", "name": "Fluvanna Wind 1", "fuel": "wind", "mw": 155.4, "operator": "Terna Energy"}}, {"type": "Feature", "geometry": {"type": "Point", "coordinates": [-101.00965017142858, 32.86386888571428]}, "properties": {"osm_id": 8210949, "osm_type": "relation", "name": "Dermott Wind", "fuel": "wind", "mw": 253.0, "operator": "Lincoln Clean Energy"}}, {"type": "Feature", "geometry": {"type": "Point", "coordinates": [-103.30261728823533, 32.68262072941177]}, "properties": {"osm_id": 12828795, "osm_type": "relation", "name": "SunE SPS4 Monument Solar Farm", "fuel": "solar", "mw": 10.1, "operator": "SunE SPS4, LLC"}}, {"type": "Feature", "geometry": {"type": "Point", "coordinates": [-103.13770068082191, 32.12734219589041]}, "properties": {"osm_id": 12828833, "osm_type": "relation", "name": "SunE SPS1 Dollarhide Solar Farm", "fuel": "solar", "mw": 10.0, "operator": "SunE SPS1, LLC"}}, {"type": "Feature", "geometry": {"type": "Point", "coordinates": [-103.18046699361699, 32.18466645531915]}, "properties": {"osm_id": 12828848, "osm_type": "relation", "name": "SunE SPS2 Jal", "fuel": "solar", "mw": 10.0, "operator": "SunE SPS2, LLC"}}, {"type": "Feature", "geometry": {"type": "Point", "coordinates": [-103.32222174062501, 32.469056431249996]}, "properties": {"osm_id": 12828849, "osm_type": "relation", "name": "SunE SPS3 Lea", "fuel": "solar", "mw": 10.0, "operator": "SunE SPS3, LLC"}}, {"type": "Feature", "geometry": {"type": "Point", "coordinates": [-103.85272812777777, 31.7905497]}, "properties": {"osm_id": 13482946, "osm_type": "relation", "name": "West of Pecos Solar", "fuel": "solar", "mw": 100.0, "operator": "RWE"}}, {"type": "Feature", "geometry": {"type": "Point", "coordinates": [-102.86567054489794, 31.841081461224487]}, "properties": {"osm_id": 13511450, "osm_type": "relation", "name": "Phoebe Solar", "fuel": "solar", "mw": 250.0, "operator": "Phoebe Energy Project, LLC"}}, {"type": "Feature", "geometry": {"type": "Point", "coordinates": [-101.55900776, 31.774367639999998]}, "properties": {"osm_id": 13512094, "osm_type": "relation", "name": "Bearkat Wind I", "fuel": "wind", "mw": 196.7, "operator": "Bearkat Wind Energy 1, LLC"}}, {"type": "Feature", "geometry": {"type": "Point", "coordinates": [-101.65789907999999, 31.75904306]}, "properties": {"osm_id": 13512095, "osm_type": "relation", "name": "Bearkat Wind II", "fuel": "wind", "mw": 162.0, "operator": "Exus North America Management Partners LLC"}}, {"type": "Feature", "geometry": {"type": "Point", "coordinates": [-100.61237191341466, 31.527726575609748]}, "properties": {"osm_id": 13523020, "osm_type": "relation", "name": "Rambler Solar Project", "fuel": "solar", "mw": 200.0, "operator": "RE Rambler LLC"}}, {"type": "Feature", "geometry": {"type": "Point", "coordinates": [-105.00115461428571, 34.829252485714285]}, "properties": {"osm_id": 13546209, "osm_type": "relation", "name": "Aragonne Mesa Wind", "fuel": "wind", "mw": 235.0, "operator": "Leeward Asset Management, LLC"}}, {"type": "Feature", "geometry": {"type": "Point", "coordinates": [-100.11560006749998, 34.38263793125]}, "properties": {"osm_id": 13643918, "osm_type": "relation", "name": "Misae Solar Park", "fuel": "solar", "mw": 240.0, "operator": "Misae Lessee LLC"}}, {"type": "Feature", "geometry": {"type": "Point", "coordinates": [-102.87478972461538, 32.31121185230769]}, "properties": {"osm_id": 14117660, "osm_type": "relation", "name": "Prospero Solar", "fuel": "solar", "mw": 300.0, "operator": "Longroad Energy Services LLC"}}, {"type": "Feature", "geometry": {"type": "Point", "coordinates": [-102.69042334999999, 31.702826825000002]}, "properties": {"osm_id": 14118053, "osm_type": "relation", "name": "Oberon IA and IB Solar Farm", "fuel": "solar", "mw": 180.0, "operator": "Oberon"}}, {"type": "Feature", "geometry": {"type": "Point", "coordinates": [-100.17272589895833, 32.095331301041654]}, "properties": {"osm_id": 14118117, "osm_type": "relation", "name": "Holstein 1 Solar Farm", "fuel": "solar", "mw": 200.0, "operator": "226HC 8me LLC"}}, {"type": "Feature", "geometry": {"type": "Point", "coordinates": [-100.83636960285713, 31.889775528571434]}, "properties": {"osm_id": 14118121, "osm_type": "relation", "name": "Bluebell Solar II", "fuel": "solar", "mw": 115.0, "operator": "Bluebell Solar II, LLC"}}, {"type": "Feature", "geometry": {"type": "Point", "coordinates": [-101.62342103585867, 32.74832751616161]}, "properties": {"osm_id": 14118198, "osm_type": "relation", "name": "ENGIE Long Draw Solar", "fuel": "solar", "mw": 225.0, "operator": "Engie"}}, {"type": "Feature", "geometry": {"type": "Point", "coordinates": [-102.67476450196075, 32.458665933333336]}, "properties": {"osm_id": 14118204, "osm_type": "relation", "name": "Lapetus Solar Farm", "fuel": "solar", "mw": 100.0, "operator": "Lapetus Energy Project LLC"}}, {"type": "Feature", "geometry": {"type": "Point", "coordinates": [-101.66283935, 32.94033405]}, "properties": {"osm_id": 14126793, "osm_type": "relation", "name": "Stephens Ranch Wind Energy", "fuel": "wind", "mw": 376.0, "operator": "Stephens Ranch Wind Energy LLC"}}, {"type": "Feature", "geometry": {"type": "Point", "coordinates": [-100.49512132, 32.28597568]}, "properties": {"osm_id": 14126794, "osm_type": "relation", "name": "Sweetwater Wind 4", "fuel": "wind", "mw": 241.0, "operator": "Leeward Renewable Energy"}}, {"type": "Feature", "geometry": {"type": "Point", "coordinates": [-101.22281772, 32.94575969]}, "properties": {"osm_id": 14126795, "osm_type": "relation", "name": "Brazos Wind Farm", "fuel": "wind", "mw": 160.0, "operator": "Shell Wind Energy Inc."}}, {"type": "Feature", "geometry": {"type": "Point", "coordinates": [-101.16227406, 31.278782760000002]}, "properties": {"osm_id": 14148601, "osm_type": "relation", "name": "Santa Rita East Wind Farm", "fuel": "wind", "mw": 302.4, "operator": "Invenergy Services LLC"}}, {"type": "Feature", "geometry": {"type": "Point", "coordinates": [-102.20712447999999, 31.243961149999997]}, "properties": {"osm_id": 14148602, "osm_type": "relation", "name": "King Mountain Wind Ranch 1", "fuel": "wind", "mw": 278.0, "operator": "NextEra Energy"}}, {"type": "Feature", "geometry": {"type": "Point", "coordinates": [-101.38803634, 32.20720536]}, "properties": {"osm_id": 14148603, "osm_type": "relation", "name": "Big Spring Wind Power Facility", "fuel": "wind", "mw": 34.3, "operator": "Terra-Gen"}}, {"type": "Feature", "geometry": {"type": "Point", "coordinates": [-105.58335667666664, 34.62731456833333]}, "properties": {"osm_id": 14165958, "osm_type": "relation", "name": "La Joya Wind Farm", "fuel": "wind", "mw": 306.2, "operator": "Avangrid Renewables LLC"}}, {"type": "Feature", "geometry": {"type": "Point", "coordinates": [-106.4272889375, 31.97813475]}, "properties": {"osm_id": 14272137, "osm_type": "relation", "name": "Newman Solar", "fuel": "solar", "mw": 10.5, "operator": "Newman Solar LLC"}}, {"type": "Feature", "geometry": {"type": "Point", "coordinates": [-101.89887478732392, 32.71078182394366]}, "properties": {"osm_id": 14474032, "osm_type": "relation", "name": "Lamesa Solar II", "fuel": "solar", "mw": 50.0, "operator": "Lamesa Solar II, L.L.C."}}, {"type": "Feature", "geometry": {"type": "Point", "coordinates": [-101.62983820263157, 32.777922439473684]}, "properties": {"osm_id": 14474033, "osm_type": "relation", "name": "Juno Solar Project", "fuel": "solar", "mw": 300.0, "operator": "SE Juno, LLC"}}, {"type": "Feature", "geometry": {"type": "Point", "coordinates": [-102.55190725030307, 32.106408635757575]}, "properties": {"osm_id": 14474037, "osm_type": "relation", "name": "2W Permian Solar Project Hybrid", "fuel": "solar;battery", "mw": 460.0, "operator": "2W Permian Solar, LLC"}}, {"type": "Feature", "geometry": {"type": "Point", "coordinates": [-102.32095670422535, 31.255619677464804]}, "properties": {"osm_id": 14474040, "osm_type": "relation", "name": "Fowler Ranch Solar", "fuel": "solar", "mw": 150.0, "operator": "CED Crane Solar, LLC"}}, {"type": "Feature", "geometry": {"type": "Point", "coordinates": [-106.60056835, 35.170011625]}, "properties": {"osm_id": 14496364, "osm_type": "relation", "name": "Reeves Generating Station", "fuel": "gas", "mw": 154.0, "operator": "Public Service Company of New Mexico"}}, {"type": "Feature", "geometry": {"type": "Point", "coordinates": [-106.63866183728815, 35.31137893898305]}, "properties": {"osm_id": 14496365, "osm_type": "relation", "name": "", "fuel": "solar", "mw": null, "operator": ""}}, {"type": "Feature", "geometry": {"type": "Point", "coordinates": [-105.33237882857144, 34.7162683]}, "properties": {"osm_id": 14706617, "osm_type": "relation", "name": "Clines Corners Wind Farm", "fuel": "wind", "mw": 325.0, "operator": "Pattern Operators LP"}}, {"type": "Feature", "geometry": {"type": "Point", "coordinates": [-105.38267194, 34.410061]}, "properties": {"osm_id": 14706618, "osm_type": "relation", "name": "Tecolote Wind LLC", "fuel": "wind", "mw": 272.0, "operator": "Pattern Operators LP"}}, {"type": "Feature", "geometry": {"type": "Point", "coordinates": [-105.35329941428571, 34.29787315714286]}, "properties": {"osm_id": 14706619, "osm_type": "relation", "name": "Red Cloud Wind", "fuel": "wind", "mw": 350.0, "operator": "Pattern Operators LP"}}, {"type": "Feature", "geometry": {"type": "Point", "coordinates": [-105.49316374285715, 34.39329214285714]}, "properties": {"osm_id": 14706620, "osm_type": "relation", "name": "Duran Mesa Wind Farm", "fuel": "wind", "mw": 105.0, "operator": "Pattern Operators LP"}}, {"type": "Feature", "geometry": {"type": "Point", "coordinates": [-102.19682703786411, 31.219043926213583]}, "properties": {"osm_id": 15568955, "osm_type": "relation", "name": "Roadrunner 1 & 2", "fuel": "solar", "mw": 400.0, "operator": "Enel"}}, {"type": "Feature", "geometry": {"type": "Point", "coordinates": [-105.74865774285715, 33.61094936428571]}, "properties": {"osm_id": 15678914, "osm_type": "relation", "name": "Carrizozo Solar", "fuel": "solar", "mw": 3.0, "operator": "SoCore Energy LLC"}}, {"type": "Feature", "geometry": {"type": "Point", "coordinates": [-106.62969433125, 35.258864456249995]}, "properties": {"osm_id": 15694823, "osm_type": "relation", "name": "", "fuel": "solar", "mw": null, "operator": ""}}, {"type": "Feature", "geometry": {"type": "Point", "coordinates": [-105.63040057916665, 36.44631209166667]}, "properties": {"osm_id": 15711060, "osm_type": "relation", "name": "Taos Mesa Energy Facility Hybrid", "fuel": "solar;battery", "mw": 27.0, "operator": "Taos Mesa Energy Facility, LLC"}}, {"type": "Feature", "geometry": {"type": "Point", "coordinates": [-105.27984500769232, 36.41701910769231]}, "properties": {"osm_id": 15730162, "osm_type": "relation", "name": "Angel Fire Energy Facility", "fuel": "solar", "mw": null, "operator": "Angel Fire Energy Facility, LLC"}}, {"type": "Feature", "geometry": {"type": "Point", "coordinates": [-100.42662797704915, 31.363552034426235]}, "properties": {"osm_id": 15822650, "osm_type": "relation", "name": "", "fuel": "solar", "mw": null, "operator": ""}}, {"type": "Feature", "geometry": {"type": "Point", "coordinates": [-106.31075933333335, 35.87549586515152]}, "properties": {"osm_id": 16006527, "osm_type": "relation", "name": "Los Alamos Photovoltaic Site", "fuel": "solar", "mw": 1.0, "operator": "Los Alamos County"}}, {"type": "Feature", "geometry": {"type": "Point", "coordinates": [-106.29494532000001, 35.89443466]}, "properties": {"osm_id": 16033873, "osm_type": "relation", "name": "LAMS Solar Farm", "fuel": "solar", "mw": null, "operator": ""}}, {"type": "Feature", "geometry": {"type": "Point", "coordinates": [-106.49924848461539, 31.54177550769231]}, "properties": {"osm_id": 16382854, "osm_type": "relation", "name": "Parque Solar Conejos Medanos", "fuel": "solar", "mw": 80.0, "operator": ""}}, {"type": "Feature", "geometry": {"type": "Point", "coordinates": [-106.37308736, 31.829777545000002]}, "properties": {"osm_id": 17393802, "osm_type": "relation", "name": "Fort Bliss (DEA EPIC)", "fuel": "solar", "mw": 2.0, "operator": "Ameresco Federal Solutions"}}, {"type": "Feature", "geometry": {"type": "Point", "coordinates": [-100.88363988, 33.781767179999996]}, "properties": {"osm_id": 19823824, "osm_type": "relation", "name": "Dickens", "fuel": "battery", "mw": 200.0, "operator": "Engie North America"}}, {"type": "Feature", "geometry": {"type": "Point", "coordinates": [-100.95632816000001, 32.59445415999999]}, "properties": {"osm_id": 19986811, "osm_type": "relation", "name": "Canyon Wind Project", "fuel": "wind", "mw": 308.8, "operator": "Canyon Wind Project, LLC"}}, {"type": "Feature", "geometry": {"type": "Point", "coordinates": [-100.99558181333333, 33.34044347333334]}, "properties": {"osm_id": 20053558, "osm_type": "relation", "name": "Texas Solar Nova 1 & 2", "fuel": "solar", "mw": 452.0, "operator": ""}}, {"type": "Feature", "geometry": {"type": "Point", "coordinates": [-101.60024881932772, 34.40028692268908]}, "properties": {"osm_id": 20057270, "osm_type": "relation", "name": "Hecate Energy Frye Solar", "fuel": "solar", "mw": 500.0, "operator": "Repsol Renewables NA"}}, {"type": "Feature", "geometry": {"type": "Point", "coordinates": [-100.95984769959179, 32.92633163265306]}, "properties": {"osm_id": 20124240, "osm_type": "relation", "name": "Lumina Solar Project", "fuel": "battery;solar", "mw": 486.6, "operator": "IP Lumina, LLC"}}, {"type": "Feature", "geometry": {"type": "Point", "coordinates": [-96.9362333625, 32.7247363625]}, "properties": {"osm_id": 29186062, "osm_type": "way", "name": "Mountain Creek Generating Station", "fuel": "gas", "mw": 808.0, "operator": "Exelon"}}, {"type": "Feature", "geometry": {"type": "Point", "coordinates": [-96.25086146250001, 31.4224116875]}, "properties": {"osm_id": 100396239, "osm_type": "way", "name": "Limestone Electric Generating Station", "fuel": "coal", "mw": 1849.8, "operator": "NRG Energy"}}, {"type": "Feature", "geometry": {"type": "Point", "coordinates": [-94.77554332000001, 35.344877079999996]}, "properties": {"osm_id": 108145119, "osm_type": "way", "name": "Robert S Kerr Powerhouse", "fuel": "hydro", "mw": 110.0, "operator": "USCE-Tulsa District"}}, {"type": "Feature", "geometry": {"type": "Point", "coordinates": [-96.56889395833332, 33.817452366666664]}, "properties": {"osm_id": 116726181, "osm_type": "way", "name": "Denison Power Plant", "fuel": "hydro", "mw": 104.3, "operator": "USCE-Tulsa District"}}, {"type": "Feature", "geometry": {"type": "Point", "coordinates": [-96.48929709351853, 31.18572418425925]}, "properties": {"osm_id": 127240417, "osm_type": "way", "name": "Oak Grove Power Plant", "fuel": "coal", "mw": 1795.4, "operator": "Luminant"}}, {"type": "Feature", "geometry": {"type": "Point", "coordinates": [-95.04080478, 36.46822074]}, "properties": {"osm_id": 137443211, "osm_type": "way", "name": "Pensacola Power Plant", "fuel": "hydro", "mw": 130.1, "operator": "Grand River Dam Authority"}}, {"type": "Feature", "geometry": {"type": "Point", "coordinates": [-95.35734198, 35.306925140000004]}, "properties": {"osm_id": 143042786, "osm_type": "way", "name": "Eufaula Dam", "fuel": "hydro", "mw": 90.0, "operator": "USCE-Tulsa District"}}, {"type": "Feature", "geometry": {"type": "Point", "coordinates": [-97.65444268181818, 35.743005781818184]}, "properties": {"osm_id": 155562031, "osm_type": "way", "name": "Spring Creek Energy Center", "fuel": "gas", "mw": 338.0, "operator": "Evergy"}}, {"type": "Feature", "geometry": {"type": "Point", "coordinates": [-97.4416472, 35.2095115]}, "properties": {"osm_id": 161390816, "osm_type": "way", "name": "OU Power Plant", "fuel": "oil;gas", "mw": 18.6, "operator": "University of Oklahoma"}}, {"type": "Feature", "geometry": {"type": "Point", "coordinates": [-94.54886307, 32.847360679999994]}, "properties": {"osm_id": 165669467, "osm_type": "way", "name": "Wilkes Power Plant", "fuel": "gas", "mw": 882.0, "operator": "Southwestern Electric Power Co"}}, {"type": "Feature", "geometry": {"type": "Point", "coordinates": [-97.22539926470589, 35.68565071764706]}, "properties": {"osm_id": 166794345, "osm_type": "way", "name": "Redbud Power Plant", "fuel": "gas", "mw": 1433.6, "operator": "Oklahoma Gas & Electric"}}, {"type": "Feature", "geometry": {"type": "Point", "coordinates": [-95.28768181250001, 36.18737456875]}, "properties": {"osm_id": 168486116, "osm_type": "way", "name": "Grand River Energy Center", "fuel": "gas;coal", "mw": 1194.3, "operator": "Grand River Dam Authority"}}, {"type": "Feature", "geometry": {"type": "Point", "coordinates": [-97.59016660714288, 35.29807517142857]}, "properties": {"osm_id": 170347833, "osm_type": "way", "name": "McClain Energy Facility", "fuel": "gas", "mw": 551.3, "operator": "Oklahoma Gas & Electric"}}, {"type": "Feature", "geometry": {"type": "Point", "coordinates": [-97.64822055384614, 35.44211039230768]}, "properties": {"osm_id": 174360068, "osm_type": "way", "name": "Frontier Power Plant", "fuel": "gas", "mw": 131.4, "operator": "Oklahoma Gas & Electric"}}, {"type": "Feature", "geometry": {"type": "Point", "coordinates": [-93.81640784, 35.47069192]}, "properties": {"osm_id": 199430372, "osm_type": "way", "name": "Ozark Power Station", "fuel": "hydro", "mw": 100.0, "operator": "United States Army Corps of Engineers"}}, {"type": "Feature", "geometry": {"type": "Point", "coordinates": [-94.29433542, 35.351393619999996]}, "properties": {"osm_id": 199430375, "osm_type": "way", "name": "Ellis Hydro", "fuel": "hydro", "mw": 32.4, "operator": "Arkansas Electric Cooperative Cooperation"}}, {"type": "Feature", "geometry": {"type": "Point", "coordinates": [-95.93313401333332, 34.68270697333333]}, "properties": {"osm_id": 205687656, "osm_type": "way", "name": "Kiamichi Energy Facility", "fuel": "gas", "mw": 1370.0, "operator": "Kiowa Power Partners LLC"}}, {"type": "Feature", "geometry": {"type": "Point", "coordinates": [-95.93496569230769, 35.983435007692314]}, "properties": {"osm_id": 208114712, "osm_type": "way", "name": "Green Country Energy", "fuel": "gas", "mw": 903.9, "operator": "Green Country OP Services LLC"}}, {"type": "Feature", "geometry": {"type": "Point", "coordinates": [-95.17058767222223, 35.553031355555554]}, "properties": {"osm_id": 209130777, "osm_type": "way", "name": "Webbers Falls", "fuel": "hydro", "mw": 75.0, "operator": "USCE-Tulsa District"}}, {"type": "Feature", "geometry": {"type": "Point", "coordinates": [-94.28428721666667, 36.185762200000006]}, "properties": {"osm_id": 212498246, "osm_type": "way", "name": "Harry D. Mattison Power Plant", "fuel": "gas", "mw": 349.0, "operator": "Southwestern Electric Power Company"}}, {"type": "Feature", "geometry": {"type": "Point", "coordinates": [-94.64386239599999, 35.192970116]}, "properties": {"osm_id": 222584522, "osm_type": "way", "name": "River Valley Power Plant", "fuel": "coal", "mw": 350.0, "operator": "Oklahoma Gas & Electric"}}, {"type": "Feature", "geometry": {"type": "Point", "coordinates": [-97.14700859999999, 33.21296531333333]}, "properties": {"osm_id": 260510595, "osm_type": "way", "name": "Power Plant (PWRP)", "fuel": "", "mw": null, "operator": "University of North Texas"}}, {"type": "Feature", "geometry": {"type": "Point", "coordinates": [-95.55760781428572, 33.69736365714286]}, "properties": {"osm_id": 293287877, "osm_type": "way", "name": "Paris Energy Center", "fuel": "gas", "mw": 265.6, "operator": "Paris Generation LP"}}, {"type": "Feature", "geometry": {"type": "Point", "coordinates": [-93.76136640714284, 32.52004801428571]}, "properties": {"osm_id": 342026257, "osm_type": "way", "name": "J Lamar Stall Unit", "fuel": "gas", "mw": 624.0, "operator": "Southwestern Electric Power Co"}}, {"type": "Feature", "geometry": {"type": "Point", "coordinates": [-97.40820631666668, 32.39875645000001]}, "properties": {"osm_id": 353237302, "osm_type": "way", "name": "Johnson County Power Plant", "fuel": "gas", "mw": 278.0, "operator": "Brazos Electric Power Coop Inc"}}, {"type": "Feature", "geometry": {"type": "Point", "coordinates": [-97.05512446000002, 32.42933183]}, "properties": {"osm_id": 368891147, "osm_type": "way", "name": "Midlothian Energy Facility", "fuel": "gas", "mw": 1650.0, "operator": ""}}, {"type": "Feature", "geometry": {"type": "Point", "coordinates": [-95.27654448888887, 36.22224068888889]}, "properties": {"osm_id": 401708565, "osm_type": "way", "name": "Siemens Energy AECI Chouteau - KAMO Power Plant", "fuel": "gas", "mw": 1069.6, "operator": "Associated Electric Coop, Inc"}}, {"type": "Feature", "geometry": {"type": "Point", "coordinates": [-94.74279682800001, 31.367774923999995]}, "properties": {"osm_id": 407980441, "osm_type": "way", "name": "Aspen Power", "fuel": "biomass", "mw": 50.0, "operator": ""}}, {"type": "Feature", "geometry": {"type": "Point", "coordinates": [-94.58008792121213, 32.2592954030303]}, "properties": {"osm_id": 417130549, "osm_type": "way", "name": "Martin Lake Power Plant", "fuel": "coal", "mw": 2379.6, "operator": "Luminant Generation Company LLC"}}, {"type": "Feature", "geometry": {"type": "Point", "coordinates": [-96.948658755, 31.477002190000007]}, "properties": {"osm_id": 419366188, "osm_type": "way", "name": "Sandy Creek Energy Station", "fuel": "coal", "mw": 1008.0, "operator": "Sandy Creek Energy Associates LP"}}, {"type": "Feature", "geometry": {"type": "Point", "coordinates": [-97.357605585, 31.859554165000002]}, "properties": {"osm_id": 422731518, "osm_type": "way", "name": "Bosque Energy Center", "fuel": "gas", "mw": 762.0, "operator": "Calpine"}}, {"type": "Feature", "geometry": {"type": "Point", "coordinates": [-96.11209197142855, 31.8916309]}, "properties": {"osm_id": 422731521, "osm_type": "way", "name": "Freestone Energy Center", "fuel": "gas", "mw": 1036.0, "operator": "Calpine"}}, {"type": "Feature", "geometry": {"type": "Point", "coordinates": [-95.70029198021979, 36.4242055076923]}, "properties": {"osm_id": 425144298, "osm_type": "way", "name": "Northeastern Power Station", "fuel": "gas", "mw": 1477.5, "operator": "Public Service Co of Oklahoma"}}, {"type": "Feature", "geometry": {"type": "Point", "coordinates": [-98.35205036666666, 35.101677673333334]}, "properties": {"osm_id": 425146901, "osm_type": "way", "name": "Southwestern Power Plant", "fuel": "gas", "mw": 658.0, "operator": "Public Service Co of Oklahoma"}}, {"type": "Feature", "geometry": {"type": "Point", "coordinates": [-96.72622067368422, 34.96677875789474]}, "properties": {"osm_id": 426038167, "osm_type": "way", "name": "Seminole Power Plant", "fuel": "gas", "mw": 1701.0, "operator": "Oklahoma Gas & Electric"}}, {"type": "Feature", "geometry": {"type": "Point", "coordinates": [-97.06994884444445, 36.12838292222222]}, "properties": {"osm_id": 432420686, "osm_type": "way", "name": "Central Plant", "fuel": "gas", "mw": null, "operator": ""}}, {"type": "Feature", "geometry": {"type": "Point", "coordinates": [-95.2279369, 35.86979774]}, "properties": {"osm_id": 432510214, "osm_type": "way", "name": "Fort Gibson Dam", "fuel": "hydro", "mw": 44.8, "operator": "USCE-Tulsa District"}}, {"type": "Feature", "geometry": {"type": "Point", "coordinates": [-95.29335546, 35.734943539999996]}, "properties": {"osm_id": 432510215, "osm_type": "way", "name": "Muskogee Mill Power Plant", "fuel": "gas", "mw": 114.0, "operator": "Georgia-Pacific Consumer Operations LLC"}}, {"type": "Feature", "geometry": {"type": "Point", "coordinates": [-95.2894922545455, 35.758775965909095]}, "properties": {"osm_id": 432510216, "osm_type": "way", "name": "Muskogee Power Plant", "fuel": "coal;gas", "mw": 1716.0, "operator": "Oklahoma Gas & Electric"}}, {"type": "Feature", "geometry": {"type": "Point", "coordinates": [-95.69621063333334, 36.01143737407407]}, "properties": {"osm_id": 432510217, "osm_type": "way", "name": "Oneta Power", "fuel": "gas", "mw": 1214.0, "operator": "Oneta Power LLC"}}, {"type": "Feature", "geometry": {"type": "Point", "coordinates": [-97.69952369600001, 32.403571115999995]}, "properties": {"osm_id": 449155822, "osm_type": "way", "name": "DeCordova Power Plant", "fuel": "gas", "mw": 356.0, "operator": "Luminant"}}, {"type": "Feature", "geometry": {"type": "Point", "coordinates": [-97.95777924117647, 33.102309623529415]}, "properties": {"osm_id": 449466232, "osm_type": "way", "name": "Jack County Power Station", "fuel": "gas", "mw": 1200.0, "operator": "Brazos Electric"}}, {"type": "Feature", "geometry": {"type": "Point", "coordinates": [-93.79250507777778, 33.6099942]}, "properties": {"osm_id": 452742484, "osm_type": "way", "name": "Fulton Power Plant", "fuel": "gas", "mw": 154.8, "operator": "Arkansas Electric Cooperative Corporation"}}, {"type": "Feature", "geometry": {"type": "Point", "coordinates": [-94.62039517333334, 32.01823939999999]}, "properties": {"osm_id": 460794187, "osm_type": "way", "name": "Tenaska Gateway Generating Station", "fuel": "gas", "mw": 939.6, "operator": "Tenaska"}}, {"type": "Feature", "geometry": {"type": "Point", "coordinates": [-96.10197099999999, 32.12680118695652]}, "properties": {"osm_id": 460979363, "osm_type": "way", "name": "Trinidad Power Plant", "fuel": "gas", "mw": 244.0, "operator": "Luminant"}}, {"type": "Feature", "geometry": {"type": "Point", "coordinates": [-95.99116807407408, 36.11517091666668]}, "properties": {"osm_id": 470460825, "osm_type": "way", "name": "Tulsa Power Station", "fuel": "gas", "mw": 348.2, "operator": "Public Service Company of Oklahoma"}}, {"type": "Feature", "geometry": {"type": "Point", "coordinates": [-93.80530714999999, 35.46282253571429]}, "properties": {"osm_id": 484775059, "osm_type": "way", "name": "Thomas Fitzhugh Power Plant", "fuel": "gas", "mw": 185.0, "operator": "Arkansas Electric Cooperative Corporation"}}, {"type": "Feature", "geometry": {"type": "Point", "coordinates": [-93.76495499583335, 32.51726460416667]}, "properties": {"osm_id": 488598781, "osm_type": "way", "name": "Arsenal Hill Power Plant", "fuel": "gas", "mw": 125.0, "operator": "Southwestern Electric Power Company"}}, {"type": "Feature", "geometry": {"type": "Point", "coordinates": [-93.5653533, 31.173629575]}, "properties": {"osm_id": 493980715, "osm_type": "way", "name": "Toledo Bend Power Plant", "fuel": "hydro", "mw": 81.0, "operator": "Sabine River Authority"}}, {"type": "Feature", "geometry": {"type": "Point", "coordinates": [-97.37159770714285, 31.865111764285718]}, "properties": {"osm_id": 508017023, "osm_type": "way", "name": "Lake Whitney Power Plant", "fuel": "hydro", "mw": 48.0, "operator": "U.S. Army Corps of Engineers"}}, {"type": "Feature", "geometry": {"type": "Point", "coordinates": [-97.76573904444444, 32.07976341111111]}, "properties": {"osm_id": 517717765, "osm_type": "way", "name": "Walnut Springs Solar", "fuel": "solar", "mw": 5.0, "operator": "Cypress Creek Renewables"}}, {"type": "Feature", "geometry": {"type": "Point", "coordinates": [-94.43540308, 32.39634202]}, "properties": {"osm_id": 519171305, "osm_type": "way", "name": "Harrison County Power Project", "fuel": "gas", "mw": 570.0, "operator": "Northeast Texas Elec Coop, Inc"}}, {"type": "Feature", "geometry": {"type": "Point", "coordinates": [-96.86958747999999, 32.43253308]}, "properties": {"osm_id": 534143847, "osm_type": "way", "name": "", "fuel": "solar", "mw": null, "operator": ""}}, {"type": "Feature", "geometry": {"type": "Point", "coordinates": [-94.9907925764706, 31.940353958823525]}, "properties": {"osm_id": 544828059, "osm_type": "way", "name": "Stryker Creek Power Plant", "fuel": "gas;oil", "mw": 713.4, "operator": "Luminant Generation Company LLC"}}, {"type": "Feature", "geometry": {"type": "Point", "coordinates": [-97.21800958450706, 32.72778899859154]}, "properties": {"osm_id": 624148225, "osm_type": "way", "name": "Handley Power Plant", "fuel": "gas", "mw": 1265.0, "operator": "Exelon Power"}}, {"type": "Feature", "geometry": {"type": "Point", "coordinates": [-97.67587957837839, 35.471506429729736]}, "properties": {"osm_id": 636021170, "osm_type": "way", "name": "Mustang power plant", "fuel": "gas;solar", "mw": 464.5, "operator": "Oklahoma Gas & Electric"}}, {"type": "Feature", "geometry": {"type": "Point", "coordinates": [-93.80949876363637, 33.65366905454545]}, "properties": {"osm_id": 650709832, "osm_type": "way", "name": "John W. Turk Jr. Power Plant", "fuel": "coal", "mw": 609.0, "operator": "Southwestern Electric Power Company"}}, {"type": "Feature", "geometry": {"type": "Point", "coordinates": [-96.61571684285715, 33.57772228571429]}, "properties": {"osm_id": 664324521, "osm_type": "way", "name": "Rayburn Energy Station", "fuel": "gas", "mw": 803.2, "operator": "Rayburn Energy Station LLC"}}, {"type": "Feature", "geometry": {"type": "Point", "coordinates": [-94.52091693999999, 36.25688279599999]}, "properties": {"osm_id": 683007773, "osm_type": "way", "name": "Flint Creek Power Plant", "fuel": "coal", "mw": 558.0, "operator": "Southwestern Electric Power Company"}}, {"type": "Feature", "geometry": {"type": "Point", "coordinates": [-94.840455772, 33.05545230800001]}, "properties": {"osm_id": 683998447, "osm_type": "way", "name": "J. Robert Welsh Power Plant", "fuel": "coal", "mw": 1116.0, "operator": "Southwestern Electric Power"}}, {"type": "Feature", "geometry": {"type": "Point", "coordinates": [-95.58909462727273, 33.63210279090909]}, "properties": {"osm_id": 685920224, "osm_type": "way", "name": "Lamar Power Project", "fuel": "gas", "mw": 1112.6, "operator": "LaFrontera Holdings LLC"}}, {"type": "Feature", "geometry": {"type": "Point", "coordinates": [-99.225528825, 36.437427825]}, "properties": {"osm_id": 686683639, "osm_type": "way", "name": "Mooreland Power Plant", "fuel": "gas", "mw": 305.0, "operator": "Western Farmers Elec Coop, Inc"}}, {"type": "Feature", "geometry": {"type": "Point", "coordinates": [-97.58269419999999, 36.31612744]}, "properties": {"osm_id": 724476002, "osm_type": "way", "name": "Covington Solar Farm", "fuel": "solar", "mw": 10.0, "operator": "Oklahoma Gas & Electric"}}, {"type": "Feature", "geometry": {"type": "Point", "coordinates": [-93.84712945555556, 36.422256366666666]}, "properties": {"osm_id": 727932369, "osm_type": "way", "name": "Beaver Dam", "fuel": "hydro", "mw": 112.0, "operator": "United States Corps of Engineers"}}, {"type": "Feature", "geometry": {"type": "Point", "coordinates": [-96.67507913333333, 32.319631573333325]}, "properties": {"osm_id": 731194239, "osm_type": "way", "name": "Ennis Power Company", "fuel": "gas", "mw": 392.9, "operator": "Ennis Power Company LLC"}}, {"type": "Feature", "geometry": {"type": "Point", "coordinates": [-94.90100205, 31.83261228]}, "properties": {"osm_id": 748882245, "osm_type": "way", "name": "Nacogdoches Power", "fuel": "biomass", "mw": 114.0, "operator": "Austin Energy"}}, {"type": "Feature", "geometry": {"type": "Point", "coordinates": [-96.01756519999999, 36.13196442]}, "properties": {"osm_id": 770046133, "osm_type": "way", "name": "Covanta Tulsa Renewable Energy", "fuel": "waste", "mw": 16.8, "operator": "Covanta Tulsa Renewable Energy LLC"}}, {"type": "Feature", "geometry": {"type": "Point", "coordinates": [-94.1701061, 36.041975199999996]}, "properties": {"osm_id": 780003401, "osm_type": "way", "name": "", "fuel": "solar", "mw": null, "operator": ""}}, {"type": "Feature", "geometry": {"type": "Point", "coordinates": [-97.73496965882353, 32.33992755882353]}, "properties": {"osm_id": 862801074, "osm_type": "way", "name": "Wolf Hollow 2 Generating Station", "fuel": "gas", "mw": 1069.0, "operator": "Constellation"}}, {"type": "Feature", "geometry": {"type": "Point", "coordinates": [-97.73136908611113, 32.33431524444445]}, "properties": {"osm_id": 862801076, "osm_type": "way", "name": "Wolf Hollow I power plant", "fuel": "gas", "mw": 788.0, "operator": "Wolf Hollow I Power, LLC"}}, {"type": "Feature", "geometry": {"type": "Point", "coordinates": [-97.9089798785714, 33.05950978571428]}, "properties": {"osm_id": 864993507, "osm_type": "way", "name": "Wise County Power", "fuel": "gas", "mw": 734.0, "operator": "Wise County Power Company LLC"}}, {"type": "Feature", "geometry": {"type": "Point", "coordinates": [-96.12572829615384, 33.17010691538463]}, "properties": {"osm_id": 864993508, "osm_type": "way", "name": "Powerlane Plant", "fuel": "gas", "mw": 106.6, "operator": "City of Greenville - (TX)"}}, {"type": "Feature", "geometry": {"type": "Point", "coordinates": [-97.21012232307693, 33.21535123076923]}, "properties": {"osm_id": 864993511, "osm_type": "way", "name": "Denton Energy Center", "fuel": "gas", "mw": 225.6, "operator": "City of Denton - (TX)"}}, {"type": "Feature", "geometry": {"type": "Point", "coordinates": [-97.10641902962962, 33.19764002592593]}, "properties": {"osm_id": 864993514, "osm_type": "way", "name": "Spencer Power Station", "fuel": "gas", "mw": 122.0, "operator": "City of Garland - (TX)"}}, {"type": "Feature", "geometry": {"type": "Point", "coordinates": [-96.45120953157895, 33.06805468947368]}, "properties": {"osm_id": 864993515, "osm_type": "way", "name": "Ray Olinger Power Station", "fuel": "gas", "mw": 401.0, "operator": "City of Garland - (TX)"}}, {"type": "Feature", "geometry": {"type": "Point", "coordinates": [-96.54571943250001, 32.838044854999985]}, "properties": {"osm_id": 864993516, "osm_type": "way", "name": "Lake Hubbard Station", "fuel": "gas", "mw": 915.0, "operator": "Luminant Generation Company LLC"}}, {"type": "Feature", "geometry": {"type": "Point", "coordinates": [-95.3181018525, 34.01513686999999]}, "properties": {"osm_id": 866450752, "osm_type": "way", "name": "Hugo Power Plant", "fuel": "coal", "mw": 446.0, "operator": "Western Farmers Electric Cooperative, Inc"}}, {"type": "Feature", "geometry": {"type": "Point", "coordinates": [-97.05368271249999, 36.45774151250001]}, "properties": {"osm_id": 866504809, "osm_type": "way", "name": "Sooner Power Station", "fuel": "coal", "mw": 1138.0, "operator": "Oklahoma Gas & Electric"}}, {"type": "Feature", "geometry": {"type": "Point", "coordinates": [-96.0818952, 36.35189826666667]}, "properties": {"osm_id": 920642969, "osm_type": "way", "name": "", "fuel": "", "mw": null, "operator": ""}}, {"type": "Feature", "geometry": {"type": "Point", "coordinates": [-94.69093032, 32.448507359999994]}, "properties": {"osm_id": 923010150, "osm_type": "way", "name": "Eastman Cogeneration Facility Gas Plant", "fuel": "gas", "mw": 467.7, "operator": "Eastman Cogeneration LP"}}, {"type": "Feature", "geometry": {"type": "Point", "coordinates": [-98.6124692, 33.13549076666666]}, "properties": {"osm_id": 931194662, "osm_type": "way", "name": "Graham Gas Power Plant", "fuel": "gas", "mw": 634.7, "operator": "Luminant Generation Company LLC"}}, {"type": "Feature", "geometry": {"type": "Point", "coordinates": [-98.31054316153849, 32.65765229230769]}, "properties": {"osm_id": 931540106, "osm_type": "way", "name": "R W Miller power plant", "fuel": "gas", "mw": 603.6, "operator": "Brazos Electric Power Coop Inc"}}, {"type": "Feature", "geometry": {"type": "Point", "coordinates": [-98.3242369, 34.543694200000004]}, "properties": {"osm_id": 935950314, "osm_type": "way", "name": "Comanche Power Plant", "fuel": "oil;gas", "mw": 294.0, "operator": "Public Service Co of Oklahoma"}}, {"type": "Feature", "geometry": {"type": "Point", "coordinates": [-94.64184441111111, 32.37658682222222]}, "properties": {"osm_id": 936532372, "osm_type": "way", "name": "Knox Lee Power Plant", "fuel": "gas", "mw": 351.0, "operator": "Southwestern Electric Power Co"}}, {"type": "Feature", "geometry": {"type": "Point", "coordinates": [-96.1363045, 35.324383875]}, "properties": {"osm_id": 946702491, "osm_type": "way", "name": "Weleetka Power Plant", "fuel": "gas", "mw": 110.0, "operator": "Public Service Company of Oklahoma"}}, {"type": "Feature", "geometry": {"type": "Point", "coordinates": [-93.960703878481, 32.70411522531645]}, "properties": {"osm_id": 959568109, "osm_type": "way", "name": "Lieberman Power Plant", "fuel": "gas", "mw": 228.0, "operator": "Southwestern Electric Power Company"}}, {"type": "Feature", "geometry": {"type": "Point", "coordinates": [-96.97918301874999, 33.271078706249995]}, "properties": {"osm_id": 983664912, "osm_type": "way", "name": "CoServ Community Solar Station", "fuel": "solar", "mw": 2.0, "operator": "CoServ Electric"}}, {"type": "Feature", "geometry": {"type": "Point", "coordinates": [-93.83785125000001, 33.97962243333334]}, "properties": {"osm_id": 1004956302, "osm_type": "way", "name": "", "fuel": "solar", "mw": null, "operator": ""}}, {"type": "Feature", "geometry": {"type": "Point", "coordinates": [-94.06669993076922, 36.08055996153847]}, "properties": {"osm_id": 1024937659, "osm_type": "way", "name": "Noland Wastewater Treatment Plant Hybrid", "fuel": "solar;battery", "mw": 11.0, "operator": "Today's Power, Inc."}}, {"type": "Feature", "geometry": {"type": "Point", "coordinates": [-95.10509737999999, 36.26649308]}, "properties": {"osm_id": 1059932958, "osm_type": "way", "name": "Salina Power Plant", "fuel": "hydro", "mw": 259.2, "operator": "Grand River Dam Authority"}}, {"type": "Feature", "geometry": {"type": "Point", "coordinates": [-95.1823818, 36.23016378]}, "properties": {"osm_id": 1059983300, "osm_type": "way", "name": "Markham Power Plant", "fuel": "hydro", "mw": 128.4, "operator": "Grand River Dam Authority"}}, {"type": "Feature", "geometry": {"type": "Point", "coordinates": [-97.15330295999999, 31.671346869999997]}, "properties": {"osm_id": 1067019732, "osm_type": "way", "name": "", "fuel": "solar", "mw": null, "operator": ""}}, {"type": "Feature", "geometry": {"type": "Point", "coordinates": [-97.92756796249999, 35.857636712499996]}, "properties": {"osm_id": 1070460930, "osm_type": "way", "name": "Kingfisher Power Plant", "fuel": "gas", "mw": 9.1, "operator": "City of Kingfisher - (OK)"}}, {"type": "Feature", "geometry": {"type": "Point", "coordinates": [-96.77566041999998, 35.98269254]}, "properties": {"osm_id": 1070460931, "osm_type": "way", "name": "Cushing Power Plant", "fuel": "oil", "mw": 24.6, "operator": "City of Cushing - (OK)"}}, {"type": "Feature", "geometry": {"type": "Point", "coordinates": [-99.36884596666668, 34.29367881666667]}, "properties": {"osm_id": 1070460932, "osm_type": "way", "name": "Blue Summit Storage", "fuel": "battery", "mw": 30.0, "operator": "Blue Summit Storage, LLC"}}, {"type": "Feature", "geometry": {"type": "Point", "coordinates": [-98.58957298333333, 33.862764000000006]}, "properties": {"osm_id": 1070460934, "osm_type": "way", "name": "Signal Hill Generating", "fuel": "gas", "mw": 80.0, "operator": "Signal Hill Generating LLC"}}, {"type": "Feature", "geometry": {"type": "Point", "coordinates": [-97.03617729999999, 36.161277919999996]}, "properties": {"osm_id": 1070460936, "osm_type": "way", "name": "Stillwater Energy Center", "fuel": "gas", "mw": 56.4, "operator": "Stillwater Utilities Authority"}}, {"type": "Feature", "geometry": {"type": "Point", "coordinates": [-97.37319935555554, 35.414694722222215]}, "properties": {"osm_id": 1070460937, "osm_type": "way", "name": "Tinker Power Plant", "fuel": "gas", "mw": 82.0, "operator": "Oklahoma Gas & Electric"}}, {"type": "Feature", "geometry": {"type": "Point", "coordinates": [-97.10560085714285, 34.47894848571429]}, "properties": {"osm_id": 1070460939, "osm_type": "way", "name": "Chickasaw Nation Solar Farm", "fuel": "solar", "mw": 5.0, "operator": "Oklahoma Gas & Electric"}}, {"type": "Feature", "geometry": {"type": "Point", "coordinates": [-96.6913750142857, 33.61424914285714]}, "properties": {"osm_id": 1070460940, "osm_type": "way", "name": "Highway 56 Solar", "fuel": "solar", "mw": 5.3, "operator": "Cypress Creek Renewables"}}, {"type": "Feature", "geometry": {"type": "Point", "coordinates": [-96.86702287777777, 33.62424544444444]}, "properties": {"osm_id": 1070460941, "osm_type": "way", "name": "Whitesboro Solar II", "fuel": "solar", "mw": 5.0, "operator": "Cypress Creek Renewables"}}, {"type": "Feature", "geometry": {"type": "Point", "coordinates": [-96.8679951375, 33.61793545]}, "properties": {"osm_id": 1070460942, "osm_type": "way", "name": "Whitesboro Solar", "fuel": "solar", "mw": 5.0, "operator": "Cypress Creek Renewables"}}, {"type": "Feature", "geometry": {"type": "Point", "coordinates": [-98.22776332499998, 34.896519500000004]}, "properties": {"osm_id": 1070460945, "osm_type": "way", "name": "Cyril Solar", "fuel": "solar", "mw": 5.0, "operator": "Western Farmers Elec Coop, Inc"}}, {"type": "Feature", "geometry": {"type": "Point", "coordinates": [-98.38038986000001, 35.4942238]}, "properties": {"osm_id": 1070460946, "osm_type": "way", "name": "Hinton Solar", "fuel": "solar", "mw": 3.0, "operator": "Western Farmers Elec Coop, Inc"}}, {"type": "Feature", "geometry": {"type": "Point", "coordinates": [-97.10581098, 33.941761959999994]}, "properties": {"osm_id": 1070460949, "osm_type": "way", "name": "Marietta Solar", "fuel": "solar", "mw": 3.0, "operator": "Western Farmers Elec Coop, Inc"}}, {"type": "Feature", "geometry": {"type": "Point", "coordinates": [-98.442792, 35.013792433333336]}, "properties": {"osm_id": 1070460951, "osm_type": "way", "name": "Pine Ridge Solar", "fuel": "solar", "mw": 3.0, "operator": "Western Farmers Elec Coop, Inc"}}, {"type": "Feature", "geometry": {"type": "Point", "coordinates": [-97.84543838571429, 35.265542242857144]}, "properties": {"osm_id": 1070460952, "osm_type": "way", "name": "Tuttle", "fuel": "solar", "mw": 4.0, "operator": "Western Farmers Elec Coop, Inc"}}, {"type": "Feature", "geometry": {"type": "Point", "coordinates": [-97.17891133333333, 33.55413653333333]}, "properties": {"osm_id": 1070460982, "osm_type": "way", "name": "Rippey Solar", "fuel": "solar", "mw": 59.0, "operator": "Adapture Renewables, Inc."}}, {"type": "Feature", "geometry": {"type": "Point", "coordinates": [-96.43489302727275, 33.97147976363637]}, "properties": {"osm_id": 1070460983, "osm_type": "way", "name": "Choctaw Nation Solar Farm", "fuel": "solar", "mw": 5.0, "operator": "Oklahoma Gas & Electric"}}, {"type": "Feature", "geometry": {"type": "Point", "coordinates": [-97.36007721666665, 35.22659291666667]}, "properties": {"osm_id": 1070460984, "osm_type": "way", "name": "Norman Solar", "fuel": "solar", "mw": 2.0, "operator": "DG Central 1, LLC"}}, {"type": "Feature", "geometry": {"type": "Point", "coordinates": [-96.25177822, 36.15103242]}, "properties": {"osm_id": 1070460985, "osm_type": "way", "name": "Keystone Dam", "fuel": "hydro", "mw": 70.0, "operator": "USCE-Tulsa District"}}, {"type": "Feature", "geometry": {"type": "Point", "coordinates": [-95.05118952, 35.5950034]}, "properties": {"osm_id": 1070460986, "osm_type": "way", "name": "Tenkiller Ferry", "fuel": "hydro", "mw": 39.0, "operator": "USCE-Tulsa District"}}, {"type": "Feature", "geometry": {"type": "Point", "coordinates": [-94.68456326666667, 34.13875703333333]}, "properties": {"osm_id": 1070460988, "osm_type": "way", "name": "Broken Bow Dam", "fuel": "hydro", "mw": 100.0, "operator": "USCE-Tulsa District"}}, {"type": "Feature", "geometry": {"type": "Point", "coordinates": [-94.39288280000001, 35.4844411]}, "properties": {"osm_id": 1070460992, "osm_type": "way", "name": "Lee Creek Water Treatment Facility", "fuel": "hydro", "mw": 1.3, "operator": "City of Fort Smith"}}, {"type": "Feature", "geometry": {"type": "Point", "coordinates": [-97.67503113, 35.46554604]}, "properties": {"osm_id": 1070460994, "osm_type": "way", "name": "South Mustang Solar Farm", "fuel": "solar", "mw": 0.5, "operator": "Oklahoma Gas & Electric"}}, {"type": "Feature", "geometry": {"type": "Point", "coordinates": [-94.06987699999999, 33.25528782]}, "properties": {"osm_id": 1085721822, "osm_type": "way", "name": "International Paper Texarkana Mill Power Plant", "fuel": "biomass", "mw": 65.0, "operator": "Graphic Packaging International - Texarkana"}}, {"type": "Feature", "geometry": {"type": "Point", "coordinates": [-95.71598498529411, 32.47461082058824]}, "properties": {"osm_id": 1085721825, "osm_type": "way", "name": "Kellam Solar", "fuel": "solar", "mw": 59.0, "operator": "Kellam Solar, LLC"}}, {"type": "Feature", "geometry": {"type": "Point", "coordinates": [-96.87710154705881, 31.28583338235294]}, "properties": {"osm_id": 1087366799, "osm_type": "way", "name": "Marlin Solar", "fuel": "solar", "mw": 5.3, "operator": "Cypress Creek Renewables"}}, {"type": "Feature", "geometry": {"type": "Point", "coordinates": [-97.2638516888889, 31.29282989444444]}, "properties": {"osm_id": 1087366833, "osm_type": "way", "name": "Eddy II Solar", "fuel": "solar", "mw": 10.0, "operator": "Cypress Creek Renewables"}}, {"type": "Feature", "geometry": {"type": "Point", "coordinates": [-97.65108054, 31.933718469999995]}, "properties": {"osm_id": 1087366834, "osm_type": "way", "name": "Yellow Jacket Solar", "fuel": "solar", "mw": 5.0, "operator": "Cypress Creek Renewables"}}, {"type": "Feature", "geometry": {"type": "Point", "coordinates": [-94.11306338, 33.6402841]}, "properties": {"osm_id": 1088476918, "osm_type": "way", "name": "Ashdown Cogen", "fuel": "biomass", "mw": 156.5, "operator": "Domtar Industries Inc"}}, {"type": "Feature", "geometry": {"type": "Point", "coordinates": [-93.71514396, 34.14842278]}, "properties": {"osm_id": 1088476919, "osm_type": "way", "name": "Narrows Hydroelectric Station", "fuel": "hydro", "mw": 25.5, "operator": "United States Corps of Engineers"}}, {"type": "Feature", "geometry": {"type": "Point", "coordinates": [-95.8585736625, 33.2630562]}, "properties": {"osm_id": 1132495678, "osm_type": "way", "name": "", "fuel": "solar", "mw": null, "operator": ""}}, {"type": "Feature", "geometry": {"type": "Point", "coordinates": [-96.24026936666667, 33.16074733333333]}, "properties": {"osm_id": 1149530137, "osm_type": "way", "name": "Leon Solar", "fuel": "solar", "mw": 10.0, "operator": "Cypress Creek Renewables"}}, {"type": "Feature", "geometry": {"type": "Point", "coordinates": [-93.51563273571428, 35.467007349999996]}, "properties": {"osm_id": 1153845684, "osm_type": "way", "name": "Scenic Hill Solar III", "fuel": "solar", "mw": 5.0, "operator": "Scenic Hill Solar III LLC"}}, {"type": "Feature", "geometry": {"type": "Point", "coordinates": [-94.3757691, 34.483732579999995]}, "properties": {"osm_id": 1155422593, "osm_type": "way", "name": "", "fuel": "solar", "mw": null, "operator": ""}}, {"type": "Feature", "geometry": {"type": "Point", "coordinates": [-93.73690283750001, 35.30029705]}, "properties": {"osm_id": 1155653888, "osm_type": "way", "name": "Paris Solar", "fuel": "solar", "mw": 1.5, "operator": "Today's Power, Inc."}}, {"type": "Feature", "geometry": {"type": "Point", "coordinates": [-94.08259466, 36.16433203999999]}, "properties": {"osm_id": 1155679928, "osm_type": "way", "name": "Ozarks Natural Energy Community Solar", "fuel": "solar", "mw": 1.0, "operator": "Ozarks Electric Cooperative Corporation"}}, {"type": "Feature", "geometry": {"type": "Point", "coordinates": [-98.2082292, 32.26340557619048]}, "properties": {"osm_id": 1160041766, "osm_type": "way", "name": "TPE Erath Solar, LLC", "fuel": "solar", "mw": 9.9, "operator": "Navisun LLC"}}, {"type": "Feature", "geometry": {"type": "Point", "coordinates": [-94.73252941428572, 32.84403715714286]}, "properties": {"osm_id": 1162856882, "osm_type": "way", "name": "Hecate Energy Upshur Rural LLC", "fuel": "solar", "mw": 3.0, "operator": "Hecate Energy Upshur Rural LLC"}}, {"type": "Feature", "geometry": {"type": "Point", "coordinates": [-93.92428784736843, 35.30763164736842]}, "properties": {"osm_id": 1162916178, "osm_type": "way", "name": "Branch Solar Farm", "fuel": "solar", "mw": 5.0, "operator": "Oklahoma Gas & Electric"}}, {"type": "Feature", "geometry": {"type": "Point", "coordinates": [-98.37136122, 34.656967980000005]}, "properties": {"osm_id": 1168376851, "osm_type": "way", "name": "", "fuel": "solar", "mw": null, "operator": ""}}, {"type": "Feature", "geometry": {"type": "Point", "coordinates": [-93.55595582000001, 32.158629839999996]}, "properties": {"osm_id": 1181833655, "osm_type": "way", "name": "Mansfield Mill Cogen", "fuel": "biomass;gas", "mw": 172.0, "operator": "International Paper Company"}}, {"type": "Feature", "geometry": {"type": "Point", "coordinates": [-98.60354323333334, 31.91442598888889]}, "properties": {"osm_id": 1182612113, "osm_type": "way", "name": "", "fuel": "solar", "mw": null, "operator": ""}}, {"type": "Feature", "geometry": {"type": "Point", "coordinates": [-97.41685945, 31.422886183333333]}, "properties": {"osm_id": 1190072809, "osm_type": "way", "name": "", "fuel": "solar", "mw": null, "operator": ""}}, {"type": "Feature", "geometry": {"type": "Point", "coordinates": [-94.00155084285714, 35.971158114285714]}, "properties": {"osm_id": 1205565264, "osm_type": "way", "name": "Elkins Generating Center", "fuel": "gas", "mw": 66.0, "operator": "Arkansas Electric Cooperative Corporation"}}, {"type": "Feature", "geometry": {"type": "Point", "coordinates": [-94.23184182, 36.07015202]}, "properties": {"osm_id": 1205583988, "osm_type": "way", "name": "Westside Wastewater Treatment Plant Hybrid", "fuel": "battery", "mw": 6.0, "operator": "Today's Power, Inc."}}, {"type": "Feature", "geometry": {"type": "Point", "coordinates": [-94.04070806666665, 33.36658881666667]}, "properties": {"osm_id": 1206450812, "osm_type": "way", "name": "Miller County Solar Farm", "fuel": "solar", "mw": 0.25, "operator": "Miller County"}}, {"type": "Feature", "geometry": {"type": "Point", "coordinates": [-94.17509291666666, 36.03131011666667]}, "properties": {"osm_id": 1220057359, "osm_type": "way", "name": "", "fuel": "solar", "mw": null, "operator": ""}}, {"type": "Feature", "geometry": {"type": "Point", "coordinates": [-98.226732875, 35.083241762499995]}, "properties": {"osm_id": 1220606949, "osm_type": "way", "name": "WFEC GenCo LLC Power Plant", "fuel": "gas", "mw": 90.0, "operator": "Western Farmers Electric Coop, Inc"}}, {"type": "Feature", "geometry": {"type": "Point", "coordinates": [-95.4171527, 32.923711159999996]}, "properties": {"osm_id": 1222313226, "osm_type": "way", "name": "", "fuel": "solar", "mw": null, "operator": ""}}, {"type": "Feature", "geometry": {"type": "Point", "coordinates": [-97.33281566363635, 32.66976417272727]}, "properties": {"osm_id": 1239510886, "osm_type": "way", "name": "", "fuel": "solar", "mw": null, "operator": ""}}, {"type": "Feature", "geometry": {"type": "Point", "coordinates": [-97.19536401538463, 32.98443763076923]}, "properties": {"osm_id": 1245688848, "osm_type": "way", "name": "Fidelity Solar Farm", "fuel": "solar", "mw": 3.0, "operator": "Fidelity"}}, {"type": "Feature", "geometry": {"type": "Point", "coordinates": [-94.96408767999999, 35.491895719999995]}, "properties": {"osm_id": 1246248715, "osm_type": "way", "name": "", "fuel": "", "mw": null, "operator": ""}}, {"type": "Feature", "geometry": {"type": "Point", "coordinates": [-96.67287506, 35.379415460000004]}, "properties": {"osm_id": 1274475683, "osm_type": "way", "name": "", "fuel": "solar", "mw": null, "operator": ""}}, {"type": "Feature", "geometry": {"type": "Point", "coordinates": [-94.16100486, 31.803363079999997]}, "properties": {"osm_id": 1274609359, "osm_type": "way", "name": "", "fuel": "solar", "mw": null, "operator": ""}}, {"type": "Feature", "geometry": {"type": "Point", "coordinates": [-93.97340863999999, 36.15507072]}, "properties": {"osm_id": 1303025585, "osm_type": "way", "name": "", "fuel": "solar", "mw": null, "operator": ""}}, {"type": "Feature", "geometry": {"type": "Point", "coordinates": [-96.35257848, 33.998192759999995]}, "properties": {"osm_id": 1304638773, "osm_type": "way", "name": "", "fuel": "solar", "mw": null, "operator": ""}}, {"type": "Feature", "geometry": {"type": "Point", "coordinates": [-96.69813994, 34.81568806]}, "properties": {"osm_id": 1317410797, "osm_type": "way", "name": "", "fuel": "solar", "mw": null, "operator": ""}}, {"type": "Feature", "geometry": {"type": "Point", "coordinates": [-97.38660406666668, 32.9018613]}, "properties": {"osm_id": 1319707420, "osm_type": "way", "name": "Chisholm Grid Energy Storage System", "fuel": "battery", "mw": 100.0, "operator": "Chisholm Grid"}}, {"type": "Feature", "geometry": {"type": "Point", "coordinates": [-93.85827548, 33.95230034]}, "properties": {"osm_id": 1338864352, "osm_type": "way", "name": "", "fuel": "solar", "mw": null, "operator": ""}}, {"type": "Feature", "geometry": {"type": "Point", "coordinates": [-99.49192806, 36.27654476]}, "properties": {"osm_id": 1341031869, "osm_type": "way", "name": "CPV Keenan II Wind farm", "fuel": "wind", "mw": 0.0, "operator": "CPV"}}, {"type": "Feature", "geometry": {"type": "Point", "coordinates": [-94.19952932, 34.58659704]}, "properties": {"osm_id": 1346072622, "osm_type": "way", "name": "Rich Mountain Electric Cooperative", "fuel": "solar", "mw": 1.0, "operator": "Today's Power, Inc."}}, {"type": "Feature", "geometry": {"type": "Point", "coordinates": [-95.96100811666668, 35.603021016666666]}, "properties": {"osm_id": 1352573306, "osm_type": "way", "name": "", "fuel": "solar", "mw": null, "operator": ""}}, {"type": "Feature", "geometry": {"type": "Point", "coordinates": [-96.07674101666667, 33.00470681666666]}, "properties": {"osm_id": 1362106416, "osm_type": "way", "name": "Cunningham Storage", "fuel": "battery", "mw": 190.0, "operator": "Acciona Energy USA Global, LLC"}}, {"type": "Feature", "geometry": {"type": "Point", "coordinates": [-97.01460058, 31.8646443]}, "properties": {"osm_id": 1365647397, "osm_type": "way", "name": "Sun Valley Storage", "fuel": "battery", "mw": 123.3, "operator": "Sun Valley Storage, LLC"}}, {"type": "Feature", "geometry": {"type": "Point", "coordinates": [-93.85896353333332, 33.926141199999996]}, "properties": {"osm_id": 1370602158, "osm_type": "way", "name": "", "fuel": "solar", "mw": null, "operator": ""}}, {"type": "Feature", "geometry": {"type": "Point", "coordinates": [-93.85820109999999, 33.92732155]}, "properties": {"osm_id": 1370602159, "osm_type": "way", "name": "", "fuel": "solar", "mw": null, "operator": ""}}, {"type": "Feature", "geometry": {"type": "Point", "coordinates": [-93.85705177142857, 33.93005755]}, "properties": {"osm_id": 1370602160, "osm_type": "way", "name": "", "fuel": "solar", "mw": null, "operator": ""}}, {"type": "Feature", "geometry": {"type": "Point", "coordinates": [-93.86132730000001, 33.92597722222222]}, "properties": {"osm_id": 1370602161, "osm_type": "way", "name": "", "fuel": "solar", "mw": null, "operator": ""}}, {"type": "Feature", "geometry": {"type": "Point", "coordinates": [-97.93875173999999, 35.89592474]}, "properties": {"osm_id": 1379132484, "osm_type": "way", "name": "", "fuel": "solar", "mw": null, "operator": ""}}, {"type": "Feature", "geometry": {"type": "Point", "coordinates": [-93.588808675, 36.3739696875]}, "properties": {"osm_id": 1389413097, "osm_type": "way", "name": "Berryville School District Solar", "fuel": "solar", "mw": 1.0, "operator": "Today's Power, Inc."}}, {"type": "Feature", "geometry": {"type": "Point", "coordinates": [-97.05399022, 33.07040336]}, "properties": {"osm_id": 1392851720, "osm_type": "way", "name": "", "fuel": "", "mw": null, "operator": "Tesla"}}, {"type": "Feature", "geometry": {"type": "Point", "coordinates": [-93.51634885714284, 34.293019171428575]}, "properties": {"osm_id": 1395768332, "osm_type": "way", "name": "", "fuel": "solar", "mw": null, "operator": ""}}, {"type": "Feature", "geometry": {"type": "Point", "coordinates": [-93.5681859222222, 33.661889988888895]}, "properties": {"osm_id": 1430683190, "osm_type": "way", "name": "", "fuel": "solar", "mw": null, "operator": ""}}, {"type": "Feature", "geometry": {"type": "Point", "coordinates": [-93.5986197142857, 33.63716467142857]}, "properties": {"osm_id": 1430683194, "osm_type": "way", "name": "", "fuel": "solar", "mw": null, "operator": ""}}, {"type": "Feature", "geometry": {"type": "Point", "coordinates": [-98.39631565, 31.205282383333337]}, "properties": {"osm_id": 1431814039, "osm_type": "way", "name": "", "fuel": "solar", "mw": null, "operator": ""}}, {"type": "Feature", "geometry": {"type": "Point", "coordinates": [-97.6965749857143, 32.4042289142857]}, "properties": {"osm_id": 1441691903, "osm_type": "way", "name": "DeCordova Steam Electric Station", "fuel": "battery", "mw": 260.0, "operator": "Luminant Generation Company LLC"}}, {"type": "Feature", "geometry": {"type": "Point", "coordinates": [-97.51396353571428, 31.783793575000004]}, "properties": {"osm_id": 1447259601, "osm_type": "way", "name": "Dileo Solar", "fuel": "solar", "mw": 71.4, "operator": "Elawan Dileo Solar, LLC"}}, {"type": "Feature", "geometry": {"type": "Point", "coordinates": [-97.31431777142858, 33.32323565714287]}, "properties": {"osm_id": 1449863153, "osm_type": "way", "name": "TX10 Hummingbird Storage", "fuel": "battery", "mw": 100.0, "operator": "Key Capture Energy"}}, {"type": "Feature", "geometry": {"type": "Point", "coordinates": [-99.61470352, 33.00274564]}, "properties": {"osm_id": 1449937304, "osm_type": "way", "name": "Azure Sky Solar", "fuel": "battery", "mw": 0.0, "operator": "Azure Sky Solar Project, LLC"}}, {"type": "Feature", "geometry": {"type": "Point", "coordinates": [-99.15995264285714, 32.42991702857143]}, "properties": {"osm_id": 1453222022, "osm_type": "way", "name": "Longhorn Storage", "fuel": "battery", "mw": 142.1, "operator": "Longhorn Storage LLC"}}, {"type": "Feature", "geometry": {"type": "Point", "coordinates": [-99.56800063333333, 33.17718295555556]}, "properties": {"osm_id": 1453228208, "osm_type": "way", "name": "Inertia Energy Storage", "fuel": "battery", "mw": 13.0, "operator": "Inertia Energy Storage LLC"}}, {"type": "Feature", "geometry": {"type": "Point", "coordinates": [-97.01946314, 32.817000359999994]}, "properties": {"osm_id": 1453230094, "osm_type": "way", "name": "Liggett Switch", "fuel": "battery", "mw": 9.7, "operator": "Incorporated BESS"}}, {"type": "Feature", "geometry": {"type": "Point", "coordinates": [-97.08341184999999, 32.686845325]}, "properties": {"osm_id": 1453230292, "osm_type": "way", "name": "Century BESS", "fuel": "battery", "mw": 9.5, "operator": "Incorporated BESS"}}, {"type": "Feature", "geometry": {"type": "Point", "coordinates": [-97.4197177625, 33.2113276]}, "properties": {"osm_id": 1453234873, "osm_type": "way", "name": "Connolly BESS", "fuel": "battery", "mw": 125.0, "operator": "BT Connolly Storage, LLC"}}, {"type": "Feature", "geometry": {"type": "Point", "coordinates": [-97.07199650769228, 32.45228766153846]}, "properties": {"osm_id": 1454374579, "osm_type": "way", "name": "Desert Willow Energy Storage", "fuel": "battery", "mw": 150.0, "operator": "Desert Willow Energy Storage"}}, {"type": "Feature", "geometry": {"type": "Point", "coordinates": [-96.35708749999999, 33.03031791666666]}, "properties": {"osm_id": 1454374604, "osm_type": "way", "name": "Wigeon Whistle Battery Storage Plant", "fuel": "battery", "mw": 120.0, "operator": "Wigeon Whistle BESS LLC"}}, {"type": "Feature", "geometry": {"type": "Point", "coordinates": [-94.72387125, 31.291066533333336]}, "properties": {"osm_id": 1454375158, "osm_type": "way", "name": "Lufkin South BESS", "fuel": "battery", "mw": 9.9, "operator": "HEN Infrastructure, L.L.C."}}, {"type": "Feature", "geometry": {"type": "Point", "coordinates": [-94.79793492, 31.193632840000003]}, "properties": {"osm_id": 1454375289, "osm_type": "way", "name": "Diboll BESS", "fuel": "battery", "mw": 9.9, "operator": "HEN Infrastructure, L.L.C."}}, {"type": "Feature", "geometry": {"type": "Point", "coordinates": [-96.34821320000002, 32.97035268571428]}, "properties": {"osm_id": 1457204973, "osm_type": "way", "name": "TE Smith Storage", "fuel": "battery", "mw": 125.0, "operator": "BT Smith Storage LLC"}}, {"type": "Feature", "geometry": {"type": "Point", "coordinates": [-97.33258138, 33.64052836]}, "properties": {"osm_id": 1458415918, "osm_type": "way", "name": "Regis Muenster", "fuel": "battery", "mw": 9.9, "operator": "Regis Muenster LLC"}}, {"type": "Feature", "geometry": {"type": "Point", "coordinates": [-98.0649361, 32.798675599999996]}, "properties": {"osm_id": 1458635754, "osm_type": "way", "name": "Mineral Wells East BESS", "fuel": "battery", "mw": 9.9, "operator": "HEN Infrastructure, L.L.C."}}, {"type": "Feature", "geometry": {"type": "Point", "coordinates": [-96.22384848333333, 32.07450621666667]}, "properties": {"osm_id": 1458638585, "osm_type": "way", "name": "Fence Post Solar Hybrid Project, LLC", "fuel": "battery", "mw": 70.0, "operator": "Fence Post Solar Hybrid Project, LLC"}}, {"type": "Feature", "geometry": {"type": "Point", "coordinates": [-96.27267155, 32.0953201625]}, "properties": {"osm_id": 1460186335, "osm_type": "way", "name": "", "fuel": "solar", "mw": null, "operator": ""}}, {"type": "Feature", "geometry": {"type": "Point", "coordinates": [-96.2659033857143, 32.09941178571428]}, "properties": {"osm_id": 1460186336, "osm_type": "way", "name": "", "fuel": "solar", "mw": null, "operator": ""}}, {"type": "Feature", "geometry": {"type": "Point", "coordinates": [-96.25932831111112, 32.094799811111116]}, "properties": {"osm_id": 1460186337, "osm_type": "way", "name": "", "fuel": "solar", "mw": null, "operator": ""}}, {"type": "Feature", "geometry": {"type": "Point", "coordinates": [-96.25125591428572, 32.09440714285715]}, "properties": {"osm_id": 1460186338, "osm_type": "way", "name": "", "fuel": "solar", "mw": null, "operator": ""}}, {"type": "Feature", "geometry": {"type": "Point", "coordinates": [-96.27583265384617, 32.08389213076923]}, "properties": {"osm_id": 1460186339, "osm_type": "way", "name": "", "fuel": "solar", "mw": null, "operator": ""}}, {"type": "Feature", "geometry": {"type": "Point", "coordinates": [-96.2444808357143, 32.076832985714276]}, "properties": {"osm_id": 1460186340, "osm_type": "way", "name": "", "fuel": "solar", "mw": null, "operator": ""}}, {"type": "Feature", "geometry": {"type": "Point", "coordinates": [-96.2629993, 32.08637167857143]}, "properties": {"osm_id": 1460283096, "osm_type": "way", "name": "", "fuel": "solar", "mw": null, "operator": ""}}, {"type": "Feature", "geometry": {"type": "Point", "coordinates": [-96.24872345000001, 32.085136725]}, "properties": {"osm_id": 1460283097, "osm_type": "way", "name": "", "fuel": "solar", "mw": null, "operator": ""}}, {"type": "Feature", "geometry": {"type": "Point", "coordinates": [-96.23443961, 32.08362199]}, "properties": {"osm_id": 1460283098, "osm_type": "way", "name": "", "fuel": "solar", "mw": null, "operator": ""}}, {"type": "Feature", "geometry": {"type": "Point", "coordinates": [-96.22805187142858, 32.08025385714286]}, "properties": {"osm_id": 1460283099, "osm_type": "way", "name": "", "fuel": "solar", "mw": null, "operator": ""}}, {"type": "Feature", "geometry": {"type": "Point", "coordinates": [-97.04972356666663, 32.13972909722222]}, "properties": {"osm_id": 1460285815, "osm_type": "way", "name": "", "fuel": "solar", "mw": null, "operator": ""}}, {"type": "Feature", "geometry": {"type": "Point", "coordinates": [-97.07160520000001, 32.14220354166667]}, "properties": {"osm_id": 1460285816, "osm_type": "way", "name": "", "fuel": "solar", "mw": null, "operator": ""}}, {"type": "Feature", "geometry": {"type": "Point", "coordinates": [-97.04241495714284, 32.10639320714286]}, "properties": {"osm_id": 1460285817, "osm_type": "way", "name": "", "fuel": "solar", "mw": null, "operator": ""}}, {"type": "Feature", "geometry": {"type": "Point", "coordinates": [-97.37725270967742, 33.30695268709678]}, "properties": {"osm_id": 1463495218, "osm_type": "way", "name": "Porter Solar,", "fuel": "solar", "mw": 245.0, "operator": "Porter Solar, LLC"}}, {"type": "Feature", "geometry": {"type": "Point", "coordinates": [-95.71745967750005, 33.198973255]}, "properties": {"osm_id": 1463497316, "osm_type": "way", "name": "", "fuel": "solar", "mw": null, "operator": ""}}, {"type": "Feature", "geometry": {"type": "Point", "coordinates": [-97.18665628000001, 31.2156072]}, "properties": {"osm_id": 1475136364, "osm_type": "way", "name": "Blevins Solar & Storage", "fuel": "battery", "mw": 180.0, "operator": "Geronimo Power"}}, {"type": "Feature", "geometry": {"type": "Point", "coordinates": [-96.66417582, 32.776818760000005]}, "properties": {"osm_id": 1475136390, "osm_type": "way", "name": "SMT Dallas BESS", "fuel": "battery", "mw": 10.0, "operator": "SMT Dallas LLC"}}, {"type": "Feature", "geometry": {"type": "Point", "coordinates": [-96.97213244, 31.602715]}, "properties": {"osm_id": 1475136411, "osm_type": "way", "name": "PP Jaguar BESS LLC", "fuel": "battery", "mw": 300.0, "operator": "PP Jaguar BESS LLC"}}, {"type": "Feature", "geometry": {"type": "Point", "coordinates": [-96.19334645000002, 31.7127149875]}, "properties": {"osm_id": 1475136416, "osm_type": "way", "name": "Fairfield Solar Project", "fuel": "solar", "mw": 10.0, "operator": "Ellomay USA Inc"}}, {"type": "Feature", "geometry": {"type": "Point", "coordinates": [-96.0235065, 32.181944816666665]}, "properties": {"osm_id": 1475136418, "osm_type": "way", "name": "Malakoff Solar Project", "fuel": "solar", "mw": 10.0, "operator": "Ellomay USA Inc"}}, {"type": "Feature", "geometry": {"type": "Point", "coordinates": [-96.81217874000001, 32.083957999999996]}, "properties": {"osm_id": 1476912225, "osm_type": "way", "name": "", "fuel": "solar", "mw": null, "operator": ""}}, {"type": "Feature", "geometry": {"type": "Point", "coordinates": [-95.95732381052633, 35.99858270263159]}, "properties": {"osm_id": 6317392, "osm_type": "relation", "name": "Riverside Power Station", "fuel": "gas", "mw": 1121.7, "operator": "Public Service Company of Oklahoma"}}, {"type": "Feature", "geometry": {"type": "Point", "coordinates": [-97.7840615112359, 32.29686020393257]}, "properties": {"osm_id": 6732566, "osm_type": "relation", "name": "Comanche Peak Nuclear Power Plant", "fuel": "nuclear", "mw": 2400.0, "operator": "Luminant"}}, {"type": "Feature", "geometry": {"type": "Point", "coordinates": [-98.60547622000001, 34.865982179999996]}, "properties": {"osm_id": 7149332, "osm_type": "relation", "name": "Blue Canyon Windpower I and II", "fuel": "wind", "mw": 225.7, "operator": ""}}, {"type": "Feature", "geometry": {"type": "Point", "coordinates": [-99.97549019166668, 32.301289125]}, "properties": {"osm_id": 7214582, "osm_type": "relation", "name": "Callahan Divide Wind Energy Center", "fuel": "wind", "mw": 114.0, "operator": "NextEra Energy"}}, {"type": "Feature", "geometry": {"type": "Point", "coordinates": [-99.60195548222224, 33.01093239111111]}, "properties": {"osm_id": 7290017, "osm_type": "relation", "name": "Alamo 7", "fuel": "solar", "mw": 100.0, "operator": "Consolidated Edison"}}, {"type": "Feature", "geometry": {"type": "Point", "coordinates": [-99.36940301818181, 34.2938808]}, "properties": {"osm_id": 7315266, "osm_type": "relation", "name": "Blue Summit Wind Energy Center", "fuel": "wind", "mw": 135.4, "operator": "NextEra Energy"}}, {"type": "Feature", "geometry": {"type": "Point", "coordinates": [-99.1127721, 34.10322818]}, "properties": {"osm_id": 7318397, "osm_type": "relation", "name": "Electra Wind", "fuel": "wind", "mw": 230.0, "operator": "Starwood Energy Group"}}, {"type": "Feature", "geometry": {"type": "Point", "coordinates": [-98.51195481428572, 31.41493554285714]}, "properties": {"osm_id": 7376955, "osm_type": "relation", "name": "Goldthwaite Wind Energy Center", "fuel": "wind", "mw": 150.0, "operator": "Invenergy"}}, {"type": "Feature", "geometry": {"type": "Point", "coordinates": [-98.69439050000001, 31.80297648]}, "properties": {"osm_id": 7379060, "osm_type": "relation", "name": "Logan's Gap Wind", "fuel": "wind", "mw": 200.1, "operator": "Pattern Energy"}}, {"type": "Feature", "geometry": {"type": "Point", "coordinates": [-99.42276046, 32.7685026]}, "properties": {"osm_id": 7495745, "osm_type": "relation", "name": "Hackberry Wind Farm", "fuel": "wind", "mw": 165.6, "operator": "RES"}}, {"type": "Feature", "geometry": {"type": "Point", "coordinates": [-99.5404575, 32.628672939999994]}, "properties": {"osm_id": 7495746, "osm_type": "relation", "name": "Lone Star Mesquite Wind", "fuel": "wind", "mw": 200.0, "operator": "EDP"}}, {"type": "Feature", "geometry": {"type": "Point", "coordinates": [-99.5386647, 32.54171856000001]}, "properties": {"osm_id": 7495747, "osm_type": "relation", "name": "Lone Star Post Oak Wind", "fuel": "wind", "mw": 200.0, "operator": "EDP"}}, {"type": "Feature", "geometry": {"type": "Point", "coordinates": [-99.42083448, 33.64464592]}, "properties": {"osm_id": 7514458, "osm_type": "relation", "name": "Green Pastures Wind", "fuel": "wind", "mw": 150.0, "operator": "Capital Dynamics"}}, {"type": "Feature", "geometry": {"type": "Point", "coordinates": [-99.58927952857142, 33.36992095714287]}, "properties": {"osm_id": 7514459, "osm_type": "relation", "name": "Horse Creek Wind", "fuel": "wind", "mw": 230.0, "operator": "Starwood Energy Group"}}, {"type": "Feature", "geometry": {"type": "Point", "coordinates": [-98.46573728000001, 32.33103106]}, "properties": {"osm_id": 7608019, "osm_type": "relation", "name": "Silver Star Wind Farm", "fuel": "wind", "mw": 52.8, "operator": "BP"}}, {"type": "Feature", "geometry": {"type": "Point", "coordinates": [-99.42135427999999, 33.644542439999995]}, "properties": {"osm_id": 8227194, "osm_type": "relation", "name": "Vertigo Wind", "fuel": "wind", "mw": 150.0, "operator": "Capital Dynamics"}}, {"type": "Feature", "geometry": {"type": "Point", "coordinates": [-98.60376925999999, 31.68431596]}, "properties": {"osm_id": 8792825, "osm_type": "relation", "name": "Flat Top Wind", "fuel": "wind", "mw": 200.0, "operator": "Innergex; BlackRock"}}, {"type": "Feature", "geometry": {"type": "Point", "coordinates": [-99.38263698, 35.535433139999995]}, "properties": {"osm_id": 9529824, "osm_type": "relation", "name": "Red Hills Wind Project", "fuel": "wind", "mw": 123.0, "operator": "Acciona Wind Energy USA LLC"}}, {"type": "Feature", "geometry": {"type": "Point", "coordinates": [-98.5660182, 34.906469879999996]}, "properties": {"osm_id": 9539412, "osm_type": "relation", "name": "Blue Canyon Windpower VI", "fuel": "wind", "mw": 99.8, "operator": "Blue Canyon Windpower VI LLC"}}, {"type": "Feature", "geometry": {"type": "Point", "coordinates": [-98.4623763875, 34.82000465]}, "properties": {"osm_id": 9539413, "osm_type": "relation", "name": "Blue Canyon Windpower V", "fuel": "wind", "mw": 99.0, "operator": "Blue Canyon Windpower V LLC"}}, {"type": "Feature", "geometry": {"type": "Point", "coordinates": [-96.4896346478261, 32.75699750869565]}, "properties": {"osm_id": 12332334, "osm_type": "relation", "name": "Forney Energy Center", "fuel": "gas", "mw": 1824.0, "operator": "LaFrontera Holdings LLC"}}, {"type": "Feature", "geometry": {"type": "Point", "coordinates": [-99.42197544000001, 31.235437660000002]}, "properties": {"osm_id": 13512028, "osm_type": "relation", "name": "Heart of Texas Wind", "fuel": "wind", "mw": 180.0, "operator": "Scout Clean Energy LLC"}}, {"type": "Feature", "geometry": {"type": "Point", "coordinates": [-97.17873014166668, 35.50926803437501]}, "properties": {"osm_id": 13622192, "osm_type": "relation", "name": "Horseshoe Lake Power Plant", "fuel": "gas", "mw": 947.0, "operator": "Oklahoma Gas & Electric"}}, {"type": "Feature", "geometry": {"type": "Point", "coordinates": [-95.36795545097274, 33.46142480544744]}, "properties": {"osm_id": 14118148, "osm_type": "relation", "name": "Impact Solar 1", "fuel": "solar", "mw": 198.5, "operator": "Lightsource Renewable Energy Asset Management, LLC"}}, {"type": "Feature", "geometry": {"type": "Point", "coordinates": [-99.67547887999999, 35.45184026]}, "properties": {"osm_id": 14121650, "osm_type": "relation", "name": "Elk City Wind Farm", "fuel": "wind", "mw": 198.1, "operator": "Elk City LLC"}}, {"type": "Feature", "geometry": {"type": "Point", "coordinates": [-99.34566386666667, 36.180477466666666]}, "properties": {"osm_id": 14130721, "osm_type": "relation", "name": "Persimmon Creek Wind Farm 1", "fuel": "wind", "mw": 198.6, "operator": "Persimmon Creek Wind Farm 1, LLC"}}, {"type": "Feature", "geometry": {"type": "Point", "coordinates": [-97.33016248333332, 33.5507374]}, "properties": {"osm_id": 14142155, "osm_type": "relation", "name": "Wildcat Creek Wind Farm", "fuel": "wind", "mw": 180.1, "operator": "Wildcat Creek Wind Farm LLC"}}, {"type": "Feature", "geometry": {"type": "Point", "coordinates": [-99.16397746, 32.30701187]}, "properties": {"osm_id": 14148598, "osm_type": "relation", "name": "Ranchland Wind Storage", "fuel": "battery", "mw": 73.0, "operator": "Ranchland Wind Storage, LLC"}}, {"type": "Feature", "geometry": {"type": "Point", "coordinates": [-98.22668843157895, 35.0833555131579]}, "properties": {"osm_id": 14260576, "osm_type": "relation", "name": "Anadarko Power Plant", "fuel": "gas", "mw": 534.9, "operator": "Western Farmers Electric Coop, Inc"}}, {"type": "Feature", "geometry": {"type": "Point", "coordinates": [-97.14882360416668, 33.65701515]}, "properties": {"osm_id": 14260577, "osm_type": "relation", "name": "North Gainesville Solar", "fuel": "solar", "mw": 5.2, "operator": "Cypress Creek Renewables"}}, {"type": "Feature", "geometry": {"type": "Point", "coordinates": [-96.63075568571425, 33.617513532142844]}, "properties": {"osm_id": 14260579, "osm_type": "relation", "name": "West Moore Solar II", "fuel": "solar", "mw": 5.0, "operator": "Cypress Creek Renewables"}}, {"type": "Feature", "geometry": {"type": "Point", "coordinates": [-95.38712875652173, 33.628828308695645]}, "properties": {"osm_id": 14260580, "osm_type": "relation", "name": "Chisum Solar", "fuel": "solar", "mw": 10.0, "operator": "Cypress Creek Renewables"}}, {"type": "Feature", "geometry": {"type": "Point", "coordinates": [-96.15528129999996, 33.50136130927836]}, "properties": {"osm_id": 14260581, "osm_type": "relation", "name": "G.S.E. One", "fuel": "solar", "mw": 83.0, "operator": "GSEone"}}, {"type": "Feature", "geometry": {"type": "Point", "coordinates": [-96.07751360598293, 33.40775441623929]}, "properties": {"osm_id": 14260582, "osm_type": "relation", "name": "Coniglio Solar", "fuel": "solar", "mw": 123.6, "operator": "BT Coniglio Solar LLC"}}, {"type": "Feature", "geometry": {"type": "Point", "coordinates": [-96.70556160534349, 32.23596149083969]}, "properties": {"osm_id": 14474797, "osm_type": "relation", "name": "Elm Branch Solar 1", "fuel": "solar", "mw": 134.7, "operator": "Lightsource Renewable Energy Asset Management, LLC"}}, {"type": "Feature", "geometry": {"type": "Point", "coordinates": [-96.58552340070425, 32.06757503309861]}, "properties": {"osm_id": 14474798, "osm_type": "relation", "name": "Briar Creek Solar 1", "fuel": "solar", "mw": 127.0, "operator": "Lightsource Renewable Energy Asset Management, LLC"}}, {"type": "Feature", "geometry": {"type": "Point", "coordinates": [-96.43186450370375, 32.52605017407406]}, "properties": {"osm_id": 14474799, "osm_type": "relation", "name": "Lily Solar Hybrid", "fuel": "solar;battery", "mw": 231.0, "operator": "Lily Solar, LLC"}}, {"type": "Feature", "geometry": {"type": "Point", "coordinates": [-97.13658144090908, 31.471454150000003]}, "properties": {"osm_id": 14474800, "osm_type": "relation", "name": "Griffin Solar", "fuel": "solar", "mw": 5.0, "operator": "Sol Systems"}}, {"type": "Feature", "geometry": {"type": "Point", "coordinates": [-97.53241161304348, 32.067358595652166]}, "properties": {"osm_id": 14474801, "osm_type": "relation", "name": "TPE Whitney Solar", "fuel": "solar", "mw": 9.9, "operator": "Alchemy Renewable Energy"}}, {"type": "Feature", "geometry": {"type": "Point", "coordinates": [-99.92419559777777, 32.790735960000006]}, "properties": {"osm_id": 14507941, "osm_type": "relation", "name": "ANSON Solar Center", "fuel": "solar", "mw": 200.0, "operator": "Engie North America"}}, {"type": "Feature", "geometry": {"type": "Point", "coordinates": [-99.86872325573769, 31.444983190163935]}, "properties": {"osm_id": 14507942, "osm_type": "relation", "name": "Galloway 1 Solar Farm", "fuel": "solar", "mw": 250.0, "operator": "225DD 8me LLC"}}, {"type": "Feature", "geometry": {"type": "Point", "coordinates": [-99.60590246567163, 33.00716288955224]}, "properties": {"osm_id": 14507943, "osm_type": "relation", "name": "Azure Sky Solar", "fuel": "solar", "mw": 225.0, "operator": "Azure Sky Solar Project, LLC"}}, {"type": "Feature", "geometry": {"type": "Point", "coordinates": [-96.88933396666665, 31.751250183333337]}, "properties": {"osm_id": 14680049, "osm_type": "relation", "name": "Hubbard 1 Wind", "fuel": "wind", "mw": 300.0, "operator": "NextEra Energy"}}, {"type": "Feature", "geometry": {"type": "Point", "coordinates": [-95.23931452, 34.5832744]}, "properties": {"osm_id": 14708778, "osm_type": "relation", "name": "Wildhorse Mountain Wind Facility", "fuel": "wind", "mw": 100.0, "operator": "Southern Power"}}, {"type": "Feature", "geometry": {"type": "Point", "coordinates": [-98.12387896, 36.280162579999995]}, "properties": {"osm_id": 14709026, "osm_type": "relation", "name": "Maverick Wind", "fuel": "wind", "mw": 288.0, "operator": "Public Service Co of Oklahoma"}}, {"type": "Feature", "geometry": {"type": "Point", "coordinates": [-99.63604506, 33.60366362]}, "properties": {"osm_id": 14709579, "osm_type": "relation", "name": "Griffin Trail Wind", "fuel": "wind", "mw": 225.6, "operator": "Griffin Trail Wind, LLC"}}, {"type": "Feature", "geometry": {"type": "Point", "coordinates": [-98.5991154, 36.50802032222222]}, "properties": {"osm_id": 14711570, "osm_type": "relation", "name": "Sundance Wind", "fuel": "wind", "mw": 199.0, "operator": "Public Service Co of Oklahoma"}}, {"type": "Feature", "geometry": {"type": "Point", "coordinates": [-97.0221587857143, 32.690666307142855]}, "properties": {"osm_id": 15675528, "osm_type": "relation", "name": "IKEA Grand Prairie Rooftop PV System", "fuel": "solar", "mw": 1.2, "operator": "IKEA Property Inc"}}, {"type": "Feature", "geometry": {"type": "Point", "coordinates": [-94.23556606875, 36.06875698125001]}, "properties": {"osm_id": 15684219, "osm_type": "relation", "name": "Westside Wastewater Treatment Solar Plant", "fuel": "solar", "mw": 5.0, "operator": "Today's Power, Inc."}}, {"type": "Feature", "geometry": {"type": "Point", "coordinates": [-96.95347376734694, 32.87700123469388]}, "properties": {"osm_id": 15688065, "osm_type": "relation", "name": "Verizon Hidden Ridge Solar Project", "fuel": "solar", "mw": 2.9, "operator": "Verizon Communications"}}, {"type": "Feature", "geometry": {"type": "Point", "coordinates": [-95.37490111531531, 33.42446097657658]}, "properties": {"osm_id": 15691385, "osm_type": "relation", "name": "Samson Solar Energy", "fuel": "solar", "mw": 250.0, "operator": "Invenergy Services LLC"}}, {"type": "Feature", "geometry": {"type": "Point", "coordinates": [-97.01027330056176, 31.85229783876403]}, "properties": {"osm_id": 15705806, "osm_type": "relation", "name": "Sun Valley Solar Center", "fuel": "solar", "mw": 250.0, "operator": "Engie North America"}}, {"type": "Feature", "geometry": {"type": "Point", "coordinates": [-97.30646155596327, 33.33188950688074]}, "properties": {"osm_id": 15711201, "osm_type": "relation", "name": "Noble Solar", "fuel": "solar;battery", "mw": 400.0, "operator": "BT Noble Solar, LLC"}}, {"type": "Feature", "geometry": {"type": "Point", "coordinates": [-96.47288730687035, 31.895724705343497]}, "properties": {"osm_id": 15727108, "osm_type": "relation", "name": "Pisgah Ridge Solar", "fuel": "solar", "mw": 250.0, "operator": "Duke Energy Sustainable Solutions"}}, {"type": "Feature", "geometry": {"type": "Point", "coordinates": [-97.08820413243242, 31.329026129729723]}, "properties": {"osm_id": 15729968, "osm_type": "relation", "name": "BPL Crown Solar Project", "fuel": "solar", "mw": 100.0, "operator": ""}}, {"type": "Feature", "geometry": {"type": "Point", "coordinates": [-96.82659272493156, 31.472408943013665]}, "properties": {"osm_id": 15730205, "osm_type": "relation", "name": "Roseland Solar Project", "fuel": "solar", "mw": 500.0, "operator": ""}}, {"type": "Feature", "geometry": {"type": "Point", "coordinates": [-99.19089529253735, 31.567917898507464]}, "properties": {"osm_id": 15737960, "osm_type": "relation", "name": "IP Radian Solar Project", "fuel": "solar", "mw": 320.0, "operator": ""}}, {"type": "Feature", "geometry": {"type": "Point", "coordinates": [-98.21439811666669, 31.73287955277779]}, "properties": {"osm_id": 15823022, "osm_type": "relation", "name": "Grizzly Ridge Solar", "fuel": "solar", "mw": 100.0, "operator": "Grizzly Ridge Solar LLC"}}, {"type": "Feature", "geometry": {"type": "Point", "coordinates": [-97.06404586964284, 31.34299162499999]}, "properties": {"osm_id": 15875125, "osm_type": "relation", "name": "BPL Sol Solar LLC", "fuel": "solar", "mw": null, "operator": "BPL Sol Solar LLC"}}, {"type": "Feature", "geometry": {"type": "Point", "coordinates": [-95.34046814342852, 33.468407092571404]}, "properties": {"osm_id": 15877131, "osm_type": "relation", "name": "Samson Solar Energy III", "fuel": "solar", "mw": 250.0, "operator": "Invenergy Services LLC"}}, {"type": "Feature", "geometry": {"type": "Point", "coordinates": [-99.27177931666667, 33.15867995833334]}, "properties": {"osm_id": 16075042, "osm_type": "relation", "name": "Azure Sky Wind Project", "fuel": "wind", "mw": 350.0, "operator": "Azure Sky Wind Project, LLC"}}, {"type": "Feature", "geometry": {"type": "Point", "coordinates": [-99.05748885, 33.843270489999995]}, "properties": {"osm_id": 16075128, "osm_type": "relation", "name": "Western Trail Wind Farm", "fuel": "wind", "mw": 366.6, "operator": "Orsted Onshore North America"}}, {"type": "Feature", "geometry": {"type": "Point", "coordinates": [-96.37728638301886, 33.501463392452834]}, "properties": {"osm_id": 17319264, "osm_type": "relation", "name": "Whitewright Solar", "fuel": "solar", "mw": 10.0, "operator": "Cypress Creek Renewables"}}, {"type": "Feature", "geometry": {"type": "Point", "coordinates": [-96.17297523181816, 33.16569142272727]}, "properties": {"osm_id": 17393662, "osm_type": "relation", "name": "Sterling Solar (TX)", "fuel": "solar", "mw": 10.0, "operator": "Cypress Creek Renewables"}}, {"type": "Feature", "geometry": {"type": "Point", "coordinates": [-95.51447290097086, 33.6096080446602]}, "properties": {"osm_id": 19819707, "osm_type": "relation", "name": "Eiffel Solar Project", "fuel": "solar", "mw": 240.0, "operator": "Paris Solar Farm, LLC"}}, {"type": "Feature", "geometry": {"type": "Point", "coordinates": [-98.72040484, 33.3711455]}, "properties": {"osm_id": 19823828, "osm_type": "relation", "name": "Olney", "fuel": "battery", "mw": 9.9, "operator": "HEN Infrastructure, L.L.C."}}, {"type": "Feature", "geometry": {"type": "Point", "coordinates": [-95.67443535999999, 33.451838179999996]}, "properties": {"osm_id": 19823852, "osm_type": "relation", "name": "Estonian Solar Project, LLC", "fuel": "battery", "mw": 100.0, "operator": "Enel Green Power Estonian Solar Project, LLC"}}, {"type": "Feature", "geometry": {"type": "Point", "coordinates": [-96.40829376, 33.161170600000005]}, "properties": {"osm_id": 19823955, "osm_type": "relation", "name": "Farmersville (TX)", "fuel": "battery", "mw": 9.9, "operator": "HEN Infrastructure, L.L.C."}}, {"type": "Feature", "geometry": {"type": "Point", "coordinates": [-96.40255865454547, 33.157019909090906]}, "properties": {"osm_id": 19823959, "osm_type": "relation", "name": "Farmersville West", "fuel": "battery", "mw": 9.9, "operator": "SBESS TX7 LLC"}}, {"type": "Feature", "geometry": {"type": "Point", "coordinates": [-97.06047344528301, 32.19624306037736]}, "properties": {"osm_id": 20028132, "osm_type": "relation", "name": "BPL Files Solar", "fuel": "solar", "mw": 157.5, "operator": "BPL Files Solar LLC"}}, {"type": "Feature", "geometry": {"type": "Point", "coordinates": [-96.85751337074828, 31.4530183462585]}, "properties": {"osm_id": 20053497, "osm_type": "relation", "name": "Copperhead Solar", "fuel": "solar;battery", "mw": 250.0, "operator": "National Grid Renewables"}}, {"type": "Feature", "geometry": {"type": "Point", "coordinates": [-96.79831084065934, 31.469661769230758]}, "properties": {"osm_id": 20053498, "osm_type": "relation", "name": "True North Solar", "fuel": "solar", "mw": 238.8, "operator": "Avangrid Power LLC"}}, {"type": "Feature", "geometry": {"type": "Point", "coordinates": [-96.81841849347829, 31.708411363043478]}, "properties": {"osm_id": 20053556, "osm_type": "relation", "name": "Waco Solar", "fuel": "solar", "mw": 400.0, "operator": "Waco Solar, LLC"}}, {"type": "Feature", "geometry": {"type": "Point", "coordinates": [-95.31508084459459, 33.22304935405405]}, "properties": {"osm_id": 20053557, "osm_type": "relation", "name": "Stampede Solar Hybrid", "fuel": "solar;battery", "mw": 72.2, "operator": "Stampede Solar Project LLC"}}, {"type": "Feature", "geometry": {"type": "Point", "coordinates": [-96.8721986368421, 31.893582842105268]}, "properties": {"osm_id": 20053559, "osm_type": "relation", "name": "Pitts Dudik Solar", "fuel": "solar", "mw": 49.6, "operator": "Elawan Pitts Dudik Solar, LLC"}}, {"type": "Feature", "geometry": {"type": "Point", "coordinates": [-95.71540420945945, 33.65116728459459]}, "properties": {"osm_id": 20056420, "osm_type": "relation", "name": "Mockingbird Solar Center", "fuel": "solar", "mw": 471.0, "operator": "Mockingbird Solar Center, LLC"}}, {"type": "Feature", "geometry": {"type": "Point", "coordinates": [-95.26710128695653, 33.4842530942029]}, "properties": {"osm_id": 20057185, "osm_type": "relation", "name": "Delilah Solar Energy II", "fuel": "solar", "mw": 310.0, "operator": "Invenergy Services LLC"}}, {"type": "Feature", "geometry": {"type": "Point", "coordinates": [-95.33676276720004, 33.4074416456]}, "properties": {"osm_id": 20057186, "osm_type": "relation", "name": "Samson Solar Energy II", "fuel": "solar", "mw": 200.0, "operator": "Invenergy Services LLC"}}, {"type": "Feature", "geometry": {"type": "Point", "coordinates": [-95.29911222518514, 33.46298849999998]}, "properties": {"osm_id": 20057187, "osm_type": "relation", "name": "Delilah Solar Energy", "fuel": "solar", "mw": 300.0, "operator": "Invenergy Services LLC"}}, {"type": "Feature", "geometry": {"type": "Point", "coordinates": [-95.45821941341464, 33.21636800487804]}, "properties": {"osm_id": 20080203, "osm_type": "relation", "name": "Hopkins Energy", "fuel": "solar", "mw": 250.0, "operator": "Hopkins Energy LLC"}}, {"type": "Feature", "geometry": {"type": "Point", "coordinates": [-97.37663103749999, 31.698129606250003]}, "properties": {"osm_id": 20080207, "osm_type": "relation", "name": "Markum Solar Farm", "fuel": "solar", "mw": 161.0, "operator": "Markum Solar Farm, LLC"}}, {"type": "Feature", "geometry": {"type": "Point", "coordinates": [-98.98079167070706, 34.62236229595961]}, "properties": {"osm_id": 20083346, "osm_type": "relation", "name": "North Fork Solar Project", "fuel": "solar", "mw": 120.0, "operator": "North Fork Solar Project, LLC"}}, {"type": "Feature", "geometry": {"type": "Point", "coordinates": [-99.88293253333332, 31.465690074999998]}, "properties": {"osm_id": 20083395, "osm_type": "relation", "name": "Galloway 2 Solar Farm", "fuel": "solar", "mw": 110.0, "operator": "224WB 8me LLC"}}, {"type": "Feature", "geometry": {"type": "Point", "coordinates": [-97.04345185277776, 32.4686078861111]}, "properties": {"osm_id": 20113329, "osm_type": "relation", "name": "Ellis Solar", "fuel": "solar", "mw": 80.0, "operator": "174 Power Global Corp."}}, {"type": "Feature", "geometry": {"type": "Point", "coordinates": [-97.1837897316239, 31.20994560427351]}, "properties": {"osm_id": 20188454, "osm_type": "relation", "name": "Blevins Solar & Storage", "fuel": "solar", "mw": 270.0, "operator": "Geronimo Power"}}]}