Date,Hour,Generator,Dispatch,Headroom,Unit State,Unit Cost
2024-06-17,0,CPSES_UNIT1,1269.0,0.0,True,10152.0
2024-06-17,0,CPSES_UNIT2,1269.0,0.0,True,10152.0
2024-06-17,0,STP_STP_G1,1365.0,0.0,True,10920.0
2024-06-17,0,STP_STP_G2,1365.0,0.0,True,10920.0
2024-06-17,0,COLETO_COLETOG1,0.0,0.0,False,0.0
2024-06-17,0,FPPYD1_FPP_G1,0.0,0.0,False,0.0
2024-06-17,0,FPPYD1_FPP_G2,0.0,0.0,False,0.0
2024-06-17,0,FPPYD2_FPP_G3,0.0,0.0,False,0.0
2024-06-17,0,CALAVERS_JKS1,0.0,0.0,False,0.0
2024-06-17,0,CALAVERS_JKS2,0.0,0.0,False,0.0
2024-06-17,0,LEG_LEG_G1,893.0,0.0,True,22325.0
2024-06-17,0,LEG_LEG_G2,956.8,0.0,True,23920.0
2024-06-17,0,MLSES_UNIT1,893.0,0.0,True,22325.0
2024-06-17,0,MLSES_UNIT2,893.0,0.0,True,22325.0
2024-06-17,0,MLSES_UNIT3,700.5322976031537,192.46770239684633,True,17513.3074
2024-06-17,0,OGSES_UNIT1A,916.8,0.0,True,22920.0
2024-06-17,0,OGSES_UNIT2,916.8,0.0,True,22920.0
2024-06-17,0,SANMIGL_G1,0.0,0.0,False,0.0
2024-06-17,0,SCES_UNIT1,1006.6184000000001,1.3815999999999349,True,25165.46
2024-06-17,0,TNP_ONE_TNP_O_1,174.6,0.0,True,4365.0
2024-06-17,0,TNP_ONE_TNP_O_2,174.6,0.0,True,4365.0
2024-06-17,0,WAP_WAP_G5,308.99438295770665,425.1056170422933,True,7724.8596
2024-06-17,0,WAP_WAP_G6,734.1,-5.684341886080802e-14,True,18352.5
2024-06-17,0,WAP_WAP_G7,0.0,0.0,False,0.0
2024-06-17,0,WAP_WAP_G8,261.6,392.4,True,6540.0
2024-06-17,0,BRAUNIG_AVR1_CT1,0.0,0.0,False,0.0
2024-06-17,0,BRAUNIG_AVR1_CT2,0.0,0.0,False,0.0
2024-06-17,0,BRAUNIG_AVR1_ST,0.0,0.0,False,0.0
2024-06-17,0,ATKINS_ATKINSG7,0.0,0.0,False,0.0
2024-06-17,0,B_DAVIS_B_DAVIG3,0.0,0.0,False,0.0
2024-06-17,0,B_DAVIS_B_DAVIG4,0.0,0.0,False,0.0
2024-06-17,0,B_DAVIS_B_DAVIG1,0.0,0.0,False,0.0
2024-06-17,0,B_DAVIS_B_DAVIG2,0.0,0.0,False,0.0
2024-06-17,0,BASTEN_GTG1100,0.0,0.0,False,0.0
2024-06-17,0,BASTEN_GTG2100,0.0,0.0,False,0.0
2024-06-17,0,BASTEN_ST0100,0.0,0.0,False,0.0
2024-06-17,0,BCH_UNIT1,0.0,0.0,False,0.0
2024-06-17,0,BCH_UNIT2,0.0,0.0,False,0.0
2024-06-17,0,BCH_UNIT3,0.0,0.0,False,0.0
2024-06-17,0,BCH_UNIT4,0.0,0.0,False,0.0
2024-06-17,0,BCH_UNIT5,0.0,0.0,False,0.0
2024-06-17,0,BCH_UNIT6,0.0,0.0,False,0.0
2024-06-17,0,BCH_UNIT7,0.0,0.0,False,0.0
2024-06-17,0,BCH_UNIT8,0.0,0.0,False,0.0
2024-06-17,0,BOSQUESW_BSQSU_1,0.0,0.0,False,0.0
2024-06-17,0,BOSQUESW_BSQSU_2,0.0,0.0,False,0.0
2024-06-17,0,BOSQUESW_BSQSU_3,0.0,0.0,False,0.0
2024-06-17,0,BOSQUESW_BSQSU_4,0.0,0.0,False,0.0
2024-06-17,0,BOSQUESW_BSQSU_5,0.0,0.0,False,0.0
2024-06-17,0,BVE_UNIT1,0.0,0.0,False,0.0
2024-06-17,0,BVE_UNIT2,0.0,0.0,False,0.0
2024-06-17,0,BVE_UNIT3,0.0,0.0,False,0.0
2024-06-17,0,BTM_UNIT1,0.0,0.0,False,0.0
2024-06-17,0,BTM_UNIT2,0.0,0.0,False,0.0
2024-06-17,0,BTM_UNIT3,0.0,0.0,False,0.0
2024-06-17,0,BTM_UNIT4,0.0,0.0,False,0.0
2024-06-17,0,BTM_UNIT5,0.0,0.0,False,0.0
2024-06-17,0,BTM_UNIT6,0.0,0.0,False,0.0
2024-06-17,0,BTM_UNIT7,0.0,0.0,False,0.0
2024-06-17,0,BTM_UNIT8,0.0,0.0,False,0.0
2024-06-17,0,FLCNS_UNIT1,0.0,0.0,False,0.0
2024-06-17,0,FLCNS_UNIT2,0.0,0.0,False,0.0
2024-06-17,0,CALHOUN_UNIT1,0.0,0.0,False,0.0
2024-06-17,0,CALHOUN_UNIT2,0.0,0.0,False,0.0
2024-06-17,0,CHAMON_CTG_0101,0.0,0.0,False,0.0
2024-06-17,0,CHAMON_CTG_0301,0.0,0.0,False,0.0
2024-06-17,0,CBY4_CT41,205.0,0.0,True,5740.0
2024-06-17,0,CBY4_CT42,205.0,0.0,True,5740.0
2024-06-17,0,CBY4_ST04,205.0,0.0,True,5740.0
2024-06-17,0,CBY_CBY_G1,765.0,0.0,True,26775.0
2024-06-17,0,CBY_CBY_G2,765.0,0.0,True,26775.0
2024-06-17,0,CBEC_GT1,0.0,0.0,False,0.0
2024-06-17,0,CBEC_GT2,0.0,0.0,False,0.0
2024-06-17,0,CBEC_GT3,0.0,0.0,False,0.0
2024-06-17,0,CBEC_GT4,0.0,0.0,False,0.0
2024-06-17,0,CBEC_STG1,0.0,0.0,False,0.0
2024-06-17,0,CBEC_STG2,0.0,0.0,False,0.0
2024-06-17,0,CBECII_CT7,0.0,0.0,False,0.0
2024-06-17,0,CBECII_CT8,0.0,0.0,False,0.0
2024-06-17,0,CBECII_STG9,0.0,0.0,False,0.0
2024-06-17,0,CBEC_GT11,0.0,0.0,False,0.0
2024-06-17,0,CBEC_GT12,0.0,0.0,False,0.0
2024-06-17,0,CVC_CVC_G1,192.09999999999994,5.684341886080802e-14,True,5378.8
2024-06-17,0,CVC_CVC_G2,192.1,0.0,True,5378.8
2024-06-17,0,CVC_CVC_G3,192.1,0.0,True,5378.8
2024-06-17,0,CVC_CVC_G5,150.0,0.0,True,4200.0
2024-06-17,0,DANSBY_DANSBYG2,0.0,0.0,False,0.0
2024-06-17,0,DANSBY_DANSBYG3,0.0,0.0,False,0.0
2024-06-17,0,DANSBY_DANSBYG1,0.0,0.0,False,0.0
2024-06-17,0,DECKER_DPGT_1,0.0,0.0,False,0.0
2024-06-17,0,DECKER_DPGT_2,0.0,0.0,False,0.0
2024-06-17,0,DECKER_DPGT_3,0.0,0.0,False,0.0
2024-06-17,0,DECKER_DPGT_4,0.0,0.0,False,0.0
2024-06-17,0,DCSES_CT10,0.0,0.0,False,0.0
2024-06-17,0,DCSES_CT20,0.0,0.0,False,0.0
2024-06-17,0,DCSES_CT30,0.0,0.0,False,0.0
2024-06-17,0,DCSES_CT40,0.0,0.0,False,0.0
2024-06-17,0,DDPEC_GT1,0.0,0.0,False,0.0
2024-06-17,0,DDPEC_GT2,167.45,47.55,True,4688.6
2024-06-17,0,DDPEC_GT3,0.0,0.0,False,0.0
2024-06-17,0,DDPEC_GT4,215.0,0.0,True,6020.0
2024-06-17,0,DDPEC_GT6,59.7,139.3,True,1671.6
2024-06-17,0,DDPEC_ST1,290.0,0.0,True,8120.0
2024-06-17,0,DEC_AGR_A,0.0,0.0,False,0.0
2024-06-17,0,DEC_AGR_B,0.0,0.0,False,0.0
2024-06-17,0,DEC_AGR_C,0.0,0.0,False,0.0
2024-06-17,0,DEC_AGR_D,0.0,0.0,False,0.0
2024-06-17,0,ECEC_G1,0.0,0.0,False,0.0
2024-06-17,0,ECEC_G2,0.0,0.0,False,0.0
2024-06-17,0,ETCCS_CT1,0.0,0.0,False,0.0
2024-06-17,0,ETCCS_UNIT1,0.0,0.0,False,0.0
2024-06-17,0,AZ_AZ_G1,40.0,0.0,True,1680.0
2024-06-17,0,AZ_AZ_G2,40.0,0.0,True,1680.0
2024-06-17,0,AZ_AZ_G3,40.0,0.0,True,1680.0
2024-06-17,0,AZ_AZ_G4,40.0,0.0,True,1680.0
2024-06-17,0,FERGCC_FERGGT1,0.0,0.0,False,0.0
2024-06-17,0,FERGCC_FERGGT2,0.0,0.0,False,0.0
2024-06-17,0,FERGCC_FERGST1,0.0,0.0,False,0.0
2024-06-17,0,FRNYPP_GT11,196.7,0.0,True,5507.6
2024-06-17,0,FRNYPP_GT12,196.7,0.0,True,5507.6
2024-06-17,0,FRNYPP_GT13,196.7,0.0,True,5507.6
2024-06-17,0,FRNYPP_GT21,196.7,0.0,True,5507.6
2024-06-17,0,FRNYPP_GT22,0.0,0.0,False,0.0
2024-06-17,0,FRNYPP_GT23,196.7,0.0,True,5507.6
2024-06-17,0,FRNYPP_ST10,0.0,0.0,False,0.0
2024-06-17,0,FRNYPP_ST20,422.0,0.0,True,11816.0
2024-06-17,0,FREC_GT1,179.4,0.0,True,5023.2
2024-06-17,0,FREC_GT2,179.4,0.0,True,5023.2
2024-06-17,0,FREC_GT4,179.39999999999998,2.842170943040401e-14,True,5023.2
2024-06-17,0,FREC_GT5,179.4,0.0,True,5023.2
2024-06-17,0,FREC_ST3,190.7,0.0,True,5339.6
2024-06-17,0,FREC_ST6,190.7,0.0,True,5339.6
2024-06-17,0,FEGC_UNIT1,0.0,0.0,False,0.0
2024-06-17,0,FRONT_EC_CT1,0.0,0.0,False,0.0
2024-06-17,0,FRONT_EC_CT2,0.0,0.0,False,0.0
2024-06-17,0,FRONT_EC_ST,0.0,0.0,False,0.0
2024-06-17,0,GRSES_UNIT1,0.0,0.0,False,0.0
2024-06-17,0,GRSES_UNIT2,0.0,0.0,False,0.0
2024-06-17,0,GBY_GBYGT73,0.0,0.0,False,0.0
2024-06-17,0,GBY_GBYGT74,0.0,0.0,False,0.0
2024-06-17,0,GBY_GBYGT81,0.0,0.0,False,0.0
2024-06-17,0,GBY_GBYGT82,0.0,0.0,False,0.0
2024-06-17,0,GBY_GBYGT83,0.0,0.0,False,0.0
2024-06-17,0,GBY_GBYGT84,0.0,0.0,False,0.0
2024-06-17,0,STEAM_ENGINE_1,0.0,0.0,False,0.0
2024-06-17,0,STEAM_ENGINE_2,0.0,0.0,False,0.0
2024-06-17,0,STEAM_ENGINE_3,0.0,0.0,False,0.0
2024-06-17,0,LGE_LGE_GT1,0.0,0.0,False,0.0
2024-06-17,0,LGE_LGE_GT2,0.0,0.0,False,0.0
2024-06-17,0,LGE_LGE_STG,0.0,0.0,False,0.0
2024-06-17,0,GUADG_GAS1,0.0,0.0,False,0.0
2024-06-17,0,GUADG_GAS2,0.0,0.0,False,0.0
2024-06-17,0,GUADG_GAS3,0.0,0.0,False,0.0
2024-06-17,0,GUADG_GAS4,0.0,0.0,False,0.0
2024-06-17,0,GUADG_STM5,0.0,0.0,False,0.0
2024-06-17,0,GUADG_STM6,0.0,0.0,False,0.0
2024-06-17,0,HLSES_UNIT3,0.0,0.0,False,0.0
2024-06-17,0,HLSES_UNIT4,0.0,0.0,False,0.0
2024-06-17,0,HLSES_UNIT5,0.0,0.0,False,0.0
2024-06-17,0,HAYSEN_HAYSENG1,0.0,0.0,False,0.0
2024-06-17,0,HAYSEN_HAYSENG2,0.0,0.0,False,0.0
2024-06-17,0,HAYSEN_HAYSENG3,0.0,0.0,False,0.0
2024-06-17,0,HAYSEN_HAYSENG4,0.0,0.0,False,0.0
2024-06-17,0,DUKE_DUKE_GT1,0.0,0.0,False,0.0
2024-06-17,0,DUKE_DUKE_GT2,0.0,0.0,False,0.0
2024-06-17,0,DUKE_DUKE_ST1,0.0,0.0,False,0.0
2024-06-17,0,JACKCNTY_CT1,0.0,0.0,False,0.0
2024-06-17,0,JACKCNTY_CT2,0.0,0.0,False,0.0
2024-06-17,0,JCKCNTY2_CT3,0.0,0.0,False,0.0
2024-06-17,0,JCKCNTY2_CT4,0.0,0.0,False,0.0
2024-06-17,0,JACKCNTY_STG,0.0,0.0,False,0.0
2024-06-17,0,JCKCNTY2_ST2,0.0,0.0,False,0.0
2024-06-17,0,TEN_CT1,0.0,0.0,False,0.0
2024-06-17,0,TEN_STG,0.0,0.0,False,0.0
2024-06-17,0,LHSES_UNIT1,0.0,0.0,False,0.0
2024-06-17,0,LHSES_UNIT2A,0.0,0.0,False,0.0
2024-06-17,0,LPCCS_CT11,186.0,0.0,True,5208.0
2024-06-17,0,LPCCS_CT12,0.0,0.0,False,0.0
2024-06-17,0,LPCCS_CT21,0.0,0.0,False,0.0
2024-06-17,0,LPCCS_CT22,0.0,0.0,False,0.0
2024-06-17,0,LPCCS_UNIT1,216.0,0.0,True,6048.0
2024-06-17,0,LPCCS_UNIT2,0.0,0.0,False,0.0
2024-06-17,0,LARDVFTN_G4,0.0,0.0,False,0.0
2024-06-17,0,LARDVFTN_G5,0.0,0.0,False,0.0
2024-06-17,0,LEON_CRK_LCPCT1,0.0,0.0,False,0.0
2024-06-17,0,LEON_CRK_LCPCT2,0.0,0.0,False,0.0
2024-06-17,0,LEON_CRK_LCPCT3,0.0,0.0,False,0.0
2024-06-17,0,LEON_CRK_LCPCT4,0.0,0.0,False,0.0
2024-06-17,0,LIG_UNIT1,60.5,0.0,True,2541.0
2024-06-17,0,LIG_UNIT2,60.5,0.0,True,2541.0
2024-06-17,0,LOSTPI_LOSTPGT1,0.0,0.0,False,0.0
2024-06-17,0,LOSTPI_LOSTPGT2,0.0,0.0,False,0.0
2024-06-17,0,LOSTPI_LOSTPST1,0.0,0.0,False,0.0
2024-06-17,0,NEDIN_NEDIN_G1,0.0,0.0,False,0.0
2024-06-17,0,NEDIN_NEDIN_G2,0.0,0.0,False,0.0
2024-06-17,0,NEDIN_NEDIN_G3,0.0,0.0,False,0.0
2024-06-17,0,MDANP_CT1,0.0,0.0,False,0.0
2024-06-17,0,MDANP_CT2,0.0,0.0,False,0.0
2024-06-17,0,MDANP_CT3,0.0,0.0,False,0.0
2024-06-17,0,MDANP_CT4,0.0,0.0,False,0.0
2024-06-17,0,MDANP_CT5,0.0,0.0,False,0.0
2024-06-17,0,MDANP_CT6,0.0,0.0,False,0.0
2024-06-17,0,MGSES_CT1,0.0,0.0,False,0.0
2024-06-17,0,MGSES_CT2,0.0,0.0,False,0.0
2024-06-17,0,MGSES_CT3,0.0,0.0,False,0.0
2024-06-17,0,MGSES_CT4,0.0,0.0,False,0.0
2024-06-17,0,MGSES_CT5,0.0,0.0,False,0.0
2024-06-17,0,MGSES_CT6,0.0,0.0,False,0.0
2024-06-17,0,MCSES_UNIT6,0.0,0.0,False,0.0
2024-06-17,0,MCSES_UNIT7,0.0,0.0,False,0.0
2024-06-17,0,MCSES_UNIT8,0.0,0.0,False,0.0
2024-06-17,0,NUECES_B_NUECESG8,0.0,0.0,False,0.0
2024-06-17,0,NUECES_B_NUECESG9,0.0,0.0,False,0.0
2024-06-17,0,NUECES_B_NUECESG7,0.0,0.0,False,0.0
2024-06-17,0,CALAVERS_OWS1,0.0,0.0,False,0.0
2024-06-17,0,CALAVERS_OWS2,0.0,0.0,False,0.0
2024-06-17,0,OECCS_CT11,0.0,0.0,False,0.0
2024-06-17,0,OECCS_CT12,0.0,0.0,False,0.0
2024-06-17,0,OECCS_CT21,0.0,0.0,False,0.0
2024-06-17,0,OECCS_CT22,0.0,0.0,False,0.0
2024-06-17,0,OECCS_UNIT1,0.0,0.0,False,0.0
2024-06-17,0,OECCS_UNIT2,0.0,0.0,False,0.0
2024-06-17,0,VICTPRT2_UNIT1,0.0,0.0,False,0.0
2024-06-17,0,VICTPRT2_UNIT2,0.0,0.0,False,0.0
2024-06-17,0,PANDA_S_SHER1CT1,232.0,0.0,True,6496.0
2024-06-17,0,PANDA_S_SHER1CT2,232.0,0.0,True,6496.0
2024-06-17,0,PANDA_S_SHER1ST1,332.31184860844303,20.788151391557022,True,9304.7318
2024-06-17,0,PANDA_T1_TMPL1CT1,124.63335258014004,107.36664741985996,True,3489.7339
2024-06-17,0,PANDA_T1_TMPL1CT2,69.6,162.4,True,1948.8
2024-06-17,0,PANDA_T1_TMPL1ST1,105.93,247.17000000000002,True,2966.04
2024-06-17,0,PANDA_T2_TMPL2CT1,69.6,162.4,True,1948.8
2024-06-17,0,PANDA_T2_TMPL2CT2,232.0,0.0,True,6496.0
2024-06-17,0,PANDA_T2_TMPL2ST1,353.1,0.0,True,9886.8
2024-06-17,0,TNSKA_GT1,0.0,0.0,False,0.0
2024-06-17,0,TNSKA_GT2,0.0,0.0,False,0.0
2024-06-17,0,TNSKA_STG,0.0,0.0,False,0.0
2024-06-17,0,PSG_PSG_GT2,92.26833436706801,122.83166563293199,True,2583.5134
2024-06-17,0,PSG_PSG_GT3,215.1,0.0,True,6022.8
2024-06-17,0,PSG_PSG_ST2,195.5,0.0,True,5474.0
2024-06-17,0,PEARSAL2_AGR_A,0.0,0.0,False,0.0
2024-06-17,0,PEARSAL2_AGR_B,0.0,0.0,False,0.0
2024-06-17,0,PEARSAL2_AGR_C,0.0,0.0,False,0.0
2024-06-17,0,PEARSAL2_AGR_D,0.0,0.0,False,0.0
2024-06-17,0,PB2SES_CT1,0.0,0.0,False,0.0
2024-06-17,0,PB2SES_CT2,0.0,0.0,False,0.0
2024-06-17,0,PB2SES_CT3,0.0,0.0,False,0.0
2024-06-17,0,PB2SES_CT4,0.0,0.0,False,0.0
2024-06-17,0,PB2SES_CT5,0.0,0.0,False,0.0
2024-06-17,0,PRO_UNIT1,6.05,54.45,True,254.1
2024-06-17,0,PRO_UNIT2,6.05,54.45,True,254.1
2024-06-17,0,PRO_UNIT3,6.05,54.45,True,254.1
2024-06-17,0,PRO_UNIT4,6.05,54.45,True,254.1
2024-06-17,0,PRO_UNIT5,6.05,54.45,True,254.1
2024-06-17,0,PRO_UNIT6,6.05,54.45,True,254.1
2024-06-17,0,PRO_UNIT7,6.05,54.45,True,254.1
2024-06-17,0,PRO_UNIT8,6.05,54.45,True,254.1
2024-06-17,0,BAC_CTG1,65.0,0.0,True,2730.0
2024-06-17,0,BAC_CTG2,65.0,0.0,True,2730.0
2024-06-17,0,BAC_CTG3,65.0,0.0,True,2730.0
2024-06-17,0,BAC_CTG4,65.0,0.0,True,2730.0
2024-06-17,0,BAC_CTG5,65.0,0.0,True,2730.0
2024-06-17,0,BAC_CTG6,65.0,0.0,True,2730.0
2024-06-17,0,STEAM1A_STEAM_1,0.0,0.0,False,0.0
2024-06-17,0,STEAM_STEAM_2,0.0,0.0,False,0.0
2024-06-17,0,STEAM_STEAM_3,0.0,0.0,False,0.0
2024-06-17,0,QALSW_GT1,0.0,0.0,False,0.0
2024-06-17,0,QALSW_GT2,0.0,0.0,False,0.0
2024-06-17,0,QALSW_GT3,0.0,0.0,False,0.0
2024-06-17,0,QALSW_GT4,0.0,0.0,False,0.0
2024-06-17,0,QALSW_STG1,0.0,0.0,False,0.0
2024-06-17,0,QALSW_STG2,0.0,0.0,False,0.0
2024-06-17,0,MIL_MILLERG4,0.0,0.0,False,0.0
2024-06-17,0,MIL_MILLERG5,0.0,0.0,False,0.0
2024-06-17,0,MIL_MILLERG1,0.0,0.0,False,0.0
2024-06-17,0,MIL_MILLERG2,0.0,0.0,False,0.0
2024-06-17,0,MIL_MILLERG3,0.0,0.0,False,0.0
2024-06-17,0,OLINGR_OLING_4,0.0,0.0,False,0.0
2024-06-17,0,OLINGR_OLING_2,0.0,0.0,False,0.0
2024-06-17,0,OLINGR_OLING_3,0.0,0.0,False,0.0
2024-06-17,0,RAB_UNIT1,0.0,0.0,False,0.0
2024-06-17,0,RAB_UNIT2,0.0,0.0,False,0.0
2024-06-17,0,RAB_UNIT3,0.0,0.0,False,0.0
2024-06-17,0,RAB_UNIT4,0.0,0.0,False,0.0
2024-06-17,0,RAB_UNIT5,0.0,0.0,False,0.0
2024-06-17,0,RAB_UNIT6,0.0,0.0,False,0.0
2024-06-17,0,RAB_UNIT7,0.0,0.0,False,0.0
2024-06-17,0,RAB_UNIT8,0.0,0.0,False,0.0
2024-06-17,0,REDGATE_AGR_A,0.0,0.0,False,0.0
2024-06-17,0,REDGATE_AGR_B,0.0,0.0,False,0.0
2024-06-17,0,REDGATE_AGR_C,0.0,0.0,False,0.0
2024-06-17,0,REDGATE_AGR_D,0.0,0.0,False,0.0
2024-06-17,0,JAD_UNIT1,60.5,0.0,True,2541.0
2024-06-17,0,JAD_UNIT2,60.5,0.0,True,2541.0
2024-06-17,0,JAD_UNIT3,60.5,0.0,True,2541.0
2024-06-17,0,JAD_UNIT4,55.41113070755209,5.08886929244791,True,2327.2675
2024-06-17,0,JAD_UNIT5,6.05,54.45,True,254.1
2024-06-17,0,JAD_UNIT6,6.05,54.45,True,254.1
2024-06-17,0,JAD_UNIT7,6.05,54.45,True,254.1
2024-06-17,0,JAD_UNIT8,6.05,54.45,True,254.1
2024-06-17,0,RIONOG_CT1,0.0,0.0,False,0.0
2024-06-17,0,RIONOG_CT2,0.0,0.0,False,0.0
2024-06-17,0,RIONOG_CT3,0.0,0.0,False,0.0
2024-06-17,0,RIONOG_ST1,0.0,0.0,False,0.0
2024-06-17,0,RAYBURN_RAYBURG7,60.5,0.0,True,1694.0
2024-06-17,0,RAYBURN_RAYBURG8,18.15,42.35,True,508.2
2024-06-17,0,RAYBURN_RAYBURG9,18.15,42.35,True,508.2
2024-06-17,0,RAYBURN_RAYBURG10,12.6,29.4,True,352.8
2024-06-17,0,SJS_SJS_G1,0.0,0.0,False,0.0
2024-06-17,0,SJS_SJS_G2,0.0,0.0,False,0.0
2024-06-17,0,SANDHSYD_SH1,0.0,0.0,False,0.0
2024-06-17,0,SANDHSYD_SH2,0.0,0.0,False,0.0
2024-06-17,0,SANDHSYD_SH3,0.0,0.0,False,0.0
2024-06-17,0,SANDHSYD_SH4,0.0,0.0,False,0.0
2024-06-17,0,SANDHSYD_SH_5A,0.0,0.0,False,0.0
2024-06-17,0,SANDHSYD_SH6,0.0,0.0,False,0.0
2024-06-17,0,SANDHSYD_SH7,0.0,0.0,False,0.0
2024-06-17,0,SANDHSYD_SH_5C,0.0,0.0,False,0.0
2024-06-17,0,SILASRAY_SILAS_10,0.0,0.0,False,0.0
2024-06-17,0,SILASRAY_SILAS_9,0.0,0.0,False,0.0
2024-06-17,0,SILASRAY_SILAS_6,0.0,0.0,False,0.0
2024-06-17,0,GIDEON_GIDEONG1,0.0,0.0,False,0.0
2024-06-17,0,GIDEON_GIDEONG2,0.0,0.0,False,0.0
2024-06-17,0,GIDEON_GIDEONG3,0.0,0.0,False,0.0
2024-06-17,0,SKY1_SKY1A,0.0,0.0,False,0.0
2024-06-17,0,SKY1_SKY1B,0.0,0.0,False,0.0
2024-06-17,0,SPNCER_SPNCE_4,0.0,0.0,False,0.0
2024-06-17,0,SPNCER_SPNCE_5,0.0,0.0,False,0.0
2024-06-17,0,SCSES_UNIT1A,0.0,0.0,False,0.0
2024-06-17,0,SCSES_UNIT2,0.0,0.0,False,0.0
2024-06-17,0,THW_THWGT_1,0.0,0.0,False,0.0
2024-06-17,0,THW_THWGT31,51.3,0.0,True,1436.4
2024-06-17,0,THW_THWGT32,51.3,0.0,True,1436.4
2024-06-17,0,THW_THWGT33,51.3,0.0,True,1436.4
2024-06-17,0,THW_THWGT34,51.3,0.0,True,1436.4
2024-06-17,0,THW_THWGT41,51.3,0.0,True,1436.4
2024-06-17,0,THW_THWGT42,51.3,0.0,True,1436.4
2024-06-17,0,THW_THWGT43,62.0,0.0,True,1736.0
2024-06-17,0,THW_THWGT44,62.0,0.0,True,1736.0
2024-06-17,0,THW_THWGT51,0.0,0.0,False,0.0
2024-06-17,0,THW_THWGT52,0.0,0.0,False,0.0
2024-06-17,0,THW_THWGT53,0.0,0.0,False,0.0
2024-06-17,0,THW_THWGT54,0.0,0.0,False,0.0
2024-06-17,0,THW_THWGT55,0.0,0.0,False,0.0
2024-06-17,0,THW_THWGT56,0.0,0.0,False,0.0
2024-06-17,0,THW_THWST_3,113.1,0.0,True,3166.8
2024-06-17,0,THW_THWST_4,113.1,0.0,True,3166.8
2024-06-17,0,TXCTY_CTA,129.1,0.0,True,3614.8
2024-06-17,0,TXCTY_CTB,129.1,0.0,True,3614.8
2024-06-17,0,TXCTY_CTC,129.1,0.0,True,3614.8
2024-06-17,0,TXCTY_ST,143.7,0.0,True,4023.6
2024-06-17,0,TGS_GT01,0.0,0.0,False,0.0
2024-06-17,0,TIMPP_AGR1,0.0,0.0,False,0.0
2024-06-17,0,TIMPP_AGR2,0.0,0.0,False,0.0
2024-06-17,0,TIMPP_AGR3,0.0,0.0,False,0.0
2024-06-17,0,TIMPP_AGR4,0.0,0.0,False,0.0
2024-06-17,0,TRSES_UNIT6,0.0,0.0,False,0.0
2024-06-17,0,TOPAZ_UNIT1,60.5,0.0,True,2541.0
2024-06-17,0,TOPAZ_UNIT2,60.5,0.0,True,2541.0
2024-06-17,0,TOPAZ_UNIT3,60.5,0.0,True,2541.0
2024-06-17,0,TOPAZ_UNIT4,60.5,0.0,True,2541.0
2024-06-17,0,TOPAZ_UNIT5,60.5,0.0,True,2541.0
2024-06-17,0,TOPAZ_UNIT6,60.5,0.0,True,2541.0
2024-06-17,0,TOPAZ_UNIT7,60.5,0.0,True,2541.0
2024-06-17,0,TOPAZ_UNIT8,60.5,0.0,True,2541.0
2024-06-17,0,TOPAZ_UNIT9,38.25738019771907,22.242619802280927,True,1606.81
2024-06-17,0,TOPAZ_UNIT10,60.5,0.0,True,2541.0
2024-06-17,0,BRAUNIG_VHB6CT5,0.0,0.0,False,0.0
2024-06-17,0,BRAUNIG_VHB6CT6,0.0,0.0,False,0.0
2024-06-17,0,BRAUNIG_VHB6CT7,0.0,0.0,False,0.0
2024-06-17,0,BRAUNIG_VHB6CT8,0.0,0.0,False,0.0
2024-06-17,0,CITYVICT_CTG01,0.0,0.0,False,0.0
2024-06-17,0,CITYVICT_CTG02,0.0,0.0,False,0.0
2024-06-17,0,VICTPORT_CTG01,0.0,0.0,False,0.0
2024-06-17,0,VICTPORT_CTG02,0.0,0.0,False,0.0
2024-06-17,0,VICTORIA_VICTORG6,0.0,0.0,False,0.0
2024-06-17,0,VICTORIA_VICTORG5,0.0,0.0,False,0.0
2024-06-17,0,WAP_WAPGT_1,0.0,0.0,False,0.0
2024-06-17,0,WAP_WAP_G1,0.0,0.0,False,0.0
2024-06-17,0,WAP_WAP_G2,0.0,0.0,False,0.0
2024-06-17,0,WAP_WAP_G3,0.0,0.0,False,0.0
2024-06-17,0,WAP_WAP_G4,0.0,0.0,False,0.0
2024-06-17,0,WFCOGEN_UNIT1,0.0,0.0,False,0.0
2024-06-17,0,WFCOGEN_UNIT2,0.0,0.0,False,0.0
2024-06-17,0,WFCOGEN_UNIT3,0.0,0.0,False,0.0
2024-06-17,0,WIPOPA_WPP_G1,0.0,0.0,False,0.0
2024-06-17,0,WIPOPA_WPP_G2,0.0,0.0,False,0.0
2024-06-17,0,WIPOPA_WPP_G3,0.0,0.0,False,0.0
2024-06-17,0,WIPOPA_WPP_G4,0.0,0.0,False,0.0
2024-06-17,0,WCPP_CT1,0.0,0.0,False,0.0
2024-06-17,0,WCPP_CT2,0.0,0.0,False,0.0
2024-06-17,0,WCPP_ST1,0.0,0.0,False,0.0
2024-06-17,0,WHCCS_CT1,0.0,0.0,False,0.0
2024-06-17,0,WHCCS_CT2,0.0,0.0,False,0.0
2024-06-17,0,WHCCS_STG,0.0,0.0,False,0.0
2024-06-17,0,WHCCS2_CT4,0.0,0.0,False,0.0
2024-06-17,0,WHCCS2_CT5,0.0,0.0,False,0.0
2024-06-17,0,WHCCS2_STG6,0.0,0.0,False,0.0
2024-06-17,0,NACPW_UNIT1,0.0,0.0,False,0.0
2024-06-17,0,HBR_2UNITS,0.0,0.0,False,0.0
2024-06-17,0,TRIRA_1UNIT,0.0,0.0,False,0.0
2024-06-17,0,78252_4UNITS,0.0,0.0,False,0.0
2024-06-17,0,SPRIN_4UNITS,0.0,0.0,False,0.0
2024-06-17,0,FREIH_2UNITS,0.0,0.0,False,0.0
2024-06-17,0,WSTHL_3UNITS,0.0,0.0,False,0.0
2024-06-17,0,FEGC_CTG2,0.0,0.0,False,0.0
2024-06-17,0,FEGC_CTG3,0.0,0.0,False,0.0
2024-06-17,0,FEGC_CTG4,0.0,0.0,False,0.0
2024-06-17,0,OLNEYTN_AGR1,0.0,0.0,False,0.0
2024-06-17,0,AMISTAD_AMISTAG1,0.0,0.0,False,0.0
2024-06-17,0,AMISTAD_AMISTAG2,0.0,0.0,False,0.0
2024-06-17,0,AUSTPL_AUSTING1,9.0,0.0,True,9.0
2024-06-17,0,AUSTPL_AUSTING2,9.0,0.0,True,9.0
2024-06-17,0,BUCHAN_BUCHANG1,18.299999999999997,3.552713678800501e-15,True,18.3
2024-06-17,0,BUCHAN_BUCHANG2,1.83,16.470000000000002,True,1.83
2024-06-17,0,BUCHAN_BUCHANG3,6.6852607276145495,11.614739272385453,True,6.6853
2024-06-17,0,DNDAM_DENISOG1,50.8,0.0,True,50.8
2024-06-17,0,DNDAM_DENISOG2,50.8,0.0,True,50.8
2024-06-17,0,FALCON_FALCONG1,12.0,0.0,True,12.0
2024-06-17,0,FALCON_FALCONG2,12.0,0.0,True,12.0
2024-06-17,0,FALCON_FALCONG3,12.0,0.0,True,12.0
2024-06-17,0,WIRTZ_WIRTZ_G1,29.0,0.0,True,29.0
2024-06-17,0,WIRTZ_WIRTZ_G2,29.0,0.0,True,29.0
2024-06-17,0,CANYHY_CANYHYG1,6.0,0.0,True,6.0
2024-06-17,0,INKSDA_INKS_G1,1.5,13.5,True,1.5
2024-06-17,0,MARBFA_MARBFAG1,21.0,0.0,True,21.0
2024-06-17,0,MARBFA_MARBFAG2,20.0,0.0,True,20.0
2024-06-17,0,MARSFO_MARSFOG1,36.0,0.0,True,36.0
2024-06-17,0,MARSFO_MARSFOG2,36.0,0.0,True,36.0
2024-06-17,0,MARSFO_MARSFOG3,36.0,0.0,True,36.0
2024-06-17,0,WND_WHITNEY1,22.0,0.0,True,22.0
2024-06-17,0,WND_WHITNEY2,22.0,0.0,True,22.0
2024-06-17,0,AEEC_ANTLP_1,0.0,0.0,False,0.0
2024-06-17,0,AEEC_ANTLP_2,0.0,0.0,False,0.0
2024-06-17,0,AEEC_ANTLP_3,0.0,0.0,False,0.0
2024-06-17,0,AEEC_ELK_1,0.0,0.0,False,0.0
2024-06-17,0,AEEC_ELK_2,0.0,0.0,False,0.0
2024-06-17,0,AEEC_ELK_3,0.0,0.0,False,0.0
2024-06-17,0,FTR_FTR_G1,185.0,0.0,True,5180.0
2024-06-17,0,FTR_FTR_G2,185.0,0.0,True,5180.0
2024-06-17,0,FTR_FTR_G3,185.0,0.0,True,5180.0
2024-06-17,0,FTR_FTR_G4,400.0,0.0,True,11200.0
2024-06-17,0,TGCCS_CT1,0.0,0.0,False,0.0
2024-06-17,0,TGCCS_CT2,0.0,0.0,False,0.0
2024-06-17,0,TGCCS_CT3,0.0,0.0,False,0.0
2024-06-17,0,TGCCS_UNIT4,0.0,0.0,False,0.0
2024-06-17,0,KMCHI_1CT101,185.0,0.0,True,5180.0
2024-06-17,0,KMCHI_1CT201,185.0,0.0,True,5180.0
2024-06-17,0,KMCHI_1ST,330.0,0.0,True,9240.0
2024-06-17,0,KMCHI_2CT101,55.5,129.5,True,1554.0
2024-06-17,0,KMCHI_2CT201,185.0,0.0,True,5180.0
2024-06-17,0,KMCHI_2ST,330.0,0.0,True,9240.0
2024-06-17,0,A4_DGR1,0.0,0.0,False,0.0
2024-06-17,0,A4_DGR2,0.0,0.0,False,0.0
2024-06-17,0,K2_DGR1,0.0,0.0,False,0.0
2024-06-17,0,K2_DGR2,0.0,0.0,False,0.0
2024-06-17,0,P2_DGR1,0.0,0.0,False,0.0
2024-06-17,0,P2_DGR2,0.0,0.0,False,0.0
2024-06-17,0,Q1_DGR1,0.0,0.0,False,0.0
2024-06-17,0,BRAUNIG_VHB3,0.0,0.0,False,0.0
2024-06-17,0,V2_DGR1,0.0,0.0,False,0.0
2024-06-17,0,V2_DGR2,0.0,0.0,False,0.0
2024-06-17,0,V2_DGR3,0.0,0.0,False,0.0
2024-06-17,0,V4_DGR1,0.0,0.0,False,0.0
2024-06-17,0,X1_DGR1,0.0,0.0,False,0.0
2024-06-17,0,Z0_DGR1,0.0,0.0,False,0.0
2024-06-17,0,Z0_DGR2,0.0,0.0,False,0.0
2024-06-17,0,Z5_DGR1,0.0,0.0,False,0.0
2024-06-17,0,DC_E,0.0,0.0,False,0.0
2024-06-17,0,DC_N,0.0,0.0,False,0.0
2024-06-17,0,DC_L,0.0,0.0,False,0.0
2024-06-17,0,DC_R,0.0,0.0,False,0.0
2024-06-17,0,CEDARVALE_GAS,0.0,0.0,False,0.0
2024-06-17,0,ENCHANTED_ROCK_NEWPP,0.0,0.0,False,0.0
2024-06-17,1,CPSES_UNIT1,1269.0,0.0,True,10152.0
2024-06-17,1,CPSES_UNIT2,1269.0,0.0,True,10152.0
2024-06-17,1,STP_STP_G1,1228.5,136.5,True,9828.0
2024-06-17,1,STP_STP_G2,1228.5,136.5,True,9828.0
2024-06-17,1,COLETO_COLETOG1,0.0,0.0,False,0.0
2024-06-17,1,FPPYD1_FPP_G1,0.0,0.0,False,0.0
2024-06-17,1,FPPYD1_FPP_G2,0.0,0.0,False,0.0
2024-06-17,1,FPPYD2_FPP_G3,0.0,0.0,False,0.0
2024-06-17,1,CALAVERS_JKS1,0.0,0.0,False,0.0
2024-06-17,1,CALAVERS_JKS2,0.0,0.0,False,0.0
2024-06-17,1,LEG_LEG_G1,893.0,0.0,True,22325.0
2024-06-17,1,LEG_LEG_G2,956.8,0.0,True,23920.0
2024-06-17,1,MLSES_UNIT1,553.0222561697622,339.97774383023784,True,13825.5564
2024-06-17,1,MLSES_UNIT2,893.0,0.0,True,22325.0
2024-06-17,1,MLSES_UNIT3,893.0,0.0,True,22325.0
2024-06-17,1,OGSES_UNIT1A,916.8,0.0,True,22920.0
2024-06-17,1,OGSES_UNIT2,916.8,0.0,True,22920.0
2024-06-17,1,SANMIGL_G1,0.0,0.0,False,0.0
2024-06-17,1,SCES_UNIT1,1006.2472000000005,1.7527999999995245,True,25156.18
2024-06-17,1,TNP_ONE_TNP_O_1,174.6,0.0,True,4365.0
2024-06-17,1,TNP_ONE_TNP_O_2,174.6,0.0,True,4365.0
2024-06-17,1,WAP_WAP_G5,594.9335813413235,139.16641865867655,True,14873.3395
2024-06-17,1,WAP_WAP_G6,734.1,0.0,True,18352.5
2024-06-17,1,WAP_WAP_G7,0.0,0.0,False,0.0
2024-06-17,1,WAP_WAP_G8,261.6,392.4,True,6540.0
2024-06-17,1,BRAUNIG_AVR1_CT1,0.0,0.0,False,0.0
2024-06-17,1,BRAUNIG_AVR1_CT2,0.0,0.0,False,0.0
2024-06-17,1,BRAUNIG_AVR1_ST,0.0,0.0,False,0.0
2024-06-17,1,ATKINS_ATKINSG7,0.0,0.0,False,0.0
2024-06-17,1,B_DAVIS_B_DAVIG3,0.0,0.0,False,0.0
2024-06-17,1,B_DAVIS_B_DAVIG4,0.0,0.0,False,0.0
2024-06-17,1,B_DAVIS_B_DAVIG1,0.0,0.0,False,0.0
2024-06-17,1,B_DAVIS_B_DAVIG2,0.0,0.0,False,0.0
2024-06-17,1,BASTEN_GTG1100,0.0,0.0,False,0.0
2024-06-17,1,BASTEN_GTG2100,0.0,0.0,False,0.0
2024-06-17,1,BASTEN_ST0100,0.0,0.0,False,0.0
2024-06-17,1,BCH_UNIT1,0.0,0.0,False,0.0
2024-06-17,1,BCH_UNIT2,0.0,0.0,False,0.0
2024-06-17,1,BCH_UNIT3,0.0,0.0,False,0.0
2024-06-17,1,BCH_UNIT4,0.0,0.0,False,0.0
2024-06-17,1,BCH_UNIT5,0.0,0.0,False,0.0
2024-06-17,1,BCH_UNIT6,0.0,0.0,False,0.0
2024-06-17,1,BCH_UNIT7,0.0,0.0,False,0.0
2024-06-17,1,BCH_UNIT8,0.0,0.0,False,0.0
2024-06-17,1,BOSQUESW_BSQSU_1,0.0,0.0,False,0.0
2024-06-17,1,BOSQUESW_BSQSU_2,0.0,0.0,False,0.0
2024-06-17,1,BOSQUESW_BSQSU_3,0.0,0.0,False,0.0
2024-06-17,1,BOSQUESW_BSQSU_4,0.0,0.0,False,0.0
2024-06-17,1,BOSQUESW_BSQSU_5,0.0,0.0,False,0.0
2024-06-17,1,BVE_UNIT1,0.0,0.0,False,0.0
2024-06-17,1,BVE_UNIT2,0.0,0.0,False,0.0
2024-06-17,1,BVE_UNIT3,0.0,0.0,False,0.0
2024-06-17,1,BTM_UNIT1,0.0,0.0,False,0.0
2024-06-17,1,BTM_UNIT2,0.0,0.0,False,0.0
2024-06-17,1,BTM_UNIT3,0.0,0.0,False,0.0
2024-06-17,1,BTM_UNIT4,0.0,0.0,False,0.0
2024-06-17,1,BTM_UNIT5,0.0,0.0,False,0.0
2024-06-17,1,BTM_UNIT6,0.0,0.0,False,0.0
2024-06-17,1,BTM_UNIT7,0.0,0.0,False,0.0
2024-06-17,1,BTM_UNIT8,0.0,0.0,False,0.0
2024-06-17,1,FLCNS_UNIT1,0.0,0.0,False,0.0
2024-06-17,1,FLCNS_UNIT2,0.0,0.0,False,0.0
2024-06-17,1,CALHOUN_UNIT1,0.0,0.0,False,0.0
2024-06-17,1,CALHOUN_UNIT2,0.0,0.0,False,0.0
2024-06-17,1,CHAMON_CTG_0101,0.0,0.0,False,0.0
2024-06-17,1,CHAMON_CTG_0301,0.0,0.0,False,0.0
2024-06-17,1,CBY4_CT41,205.0,0.0,True,5740.0
2024-06-17,1,CBY4_CT42,205.0,0.0,True,5740.0
2024-06-17,1,CBY4_ST04,205.0,0.0,True,5740.0
2024-06-17,1,CBY_CBY_G1,765.0,0.0,True,26775.0
2024-06-17,1,CBY_CBY_G2,765.0,0.0,True,26775.0
2024-06-17,1,CBEC_GT1,0.0,0.0,False,0.0
2024-06-17,1,CBEC_GT2,0.0,0.0,False,0.0
2024-06-17,1,CBEC_GT3,0.0,0.0,False,0.0
2024-06-17,1,CBEC_GT4,0.0,0.0,False,0.0
2024-06-17,1,CBEC_STG1,0.0,0.0,False,0.0
2024-06-17,1,CBEC_STG2,0.0,0.0,False,0.0
2024-06-17,1,CBECII_CT7,0.0,0.0,False,0.0
2024-06-17,1,CBECII_CT8,0.0,0.0,False,0.0
2024-06-17,1,CBECII_STG9,0.0,0.0,False,0.0
2024-06-17,1,CBEC_GT11,0.0,0.0,False,0.0
2024-06-17,1,CBEC_GT12,0.0,0.0,False,0.0
2024-06-17,1,CVC_CVC_G1,192.1,0.0,True,5378.8
2024-06-17,1,CVC_CVC_G2,192.09999999999994,5.684341886080802e-14,True,5378.8
2024-06-17,1,CVC_CVC_G3,192.1,0.0,True,5378.8
2024-06-17,1,CVC_CVC_G5,150.0,0.0,True,4200.0
2024-06-17,1,DANSBY_DANSBYG2,0.0,0.0,False,0.0
2024-06-17,1,DANSBY_DANSBYG3,0.0,0.0,False,0.0
2024-06-17,1,DANSBY_DANSBYG1,0.0,0.0,False,0.0
2024-06-17,1,DECKER_DPGT_1,0.0,0.0,False,0.0
2024-06-17,1,DECKER_DPGT_2,0.0,0.0,False,0.0
2024-06-17,1,DECKER_DPGT_3,0.0,0.0,False,0.0
2024-06-17,1,DECKER_DPGT_4,0.0,0.0,False,0.0
2024-06-17,1,DCSES_CT10,0.0,0.0,False,0.0
2024-06-17,1,DCSES_CT20,0.0,0.0,False,0.0
2024-06-17,1,DCSES_CT30,0.0,0.0,False,0.0
2024-06-17,1,DCSES_CT40,0.0,0.0,False,0.0
2024-06-17,1,DDPEC_GT1,0.0,0.0,False,0.0
2024-06-17,1,DDPEC_GT2,64.5,150.5,True,1806.0
2024-06-17,1,DDPEC_GT3,0.0,0.0,False,0.0
2024-06-17,1,DDPEC_GT4,215.0,0.0,True,6020.0
2024-06-17,1,DDPEC_GT6,199.0,0.0,True,5572.0
2024-06-17,1,DDPEC_ST1,244.24700000000217,45.752999999997826,True,6838.916
2024-06-17,1,DEC_AGR_A,0.0,0.0,False,0.0
2024-06-17,1,DEC_AGR_B,0.0,0.0,False,0.0
2024-06-17,1,DEC_AGR_C,0.0,0.0,False,0.0
2024-06-17,1,DEC_AGR_D,0.0,0.0,False,0.0
2024-06-17,1,ECEC_G1,0.0,0.0,False,0.0
2024-06-17,1,ECEC_G2,0.0,0.0,False,0.0
2024-06-17,1,ETCCS_CT1,0.0,0.0,False,0.0
2024-06-17,1,ETCCS_UNIT1,0.0,0.0,False,0.0
2024-06-17,1,AZ_AZ_G1,40.0,0.0,True,1680.0
2024-06-17,1,AZ_AZ_G2,40.0,0.0,True,1680.0
2024-06-17,1,AZ_AZ_G3,40.0,0.0,True,1680.0
2024-06-17,1,AZ_AZ_G4,4.0,36.0,True,168.0
2024-06-17,1,FERGCC_FERGGT1,0.0,0.0,False,0.0
2024-06-17,1,FERGCC_FERGGT2,0.0,0.0,False,0.0
2024-06-17,1,FERGCC_FERGST1,0.0,0.0,False,0.0
2024-06-17,1,FRNYPP_GT11,59.01,137.69,True,1652.28
2024-06-17,1,FRNYPP_GT12,106.1841630138357,90.51583698616429,True,2973.1566
2024-06-17,1,FRNYPP_GT13,59.01,137.69,True,1652.28
2024-06-17,1,FRNYPP_GT21,196.7,0.0,True,5507.6
2024-06-17,1,FRNYPP_GT22,0.0,0.0,False,0.0
2024-06-17,1,FRNYPP_GT23,196.7,0.0,True,5507.6
2024-06-17,1,FRNYPP_ST10,0.0,0.0,False,0.0
2024-06-17,1,FRNYPP_ST20,422.0,0.0,True,11816.0
2024-06-17,1,FREC_GT1,0.0,0.0,False,0.0
2024-06-17,1,FREC_GT2,0.0,0.0,False,0.0
2024-06-17,1,FREC_GT4,0.0,0.0,False,0.0
2024-06-17,1,FREC_GT5,0.0,0.0,False,0.0
2024-06-17,1,FREC_ST3,0.0,0.0,False,0.0
2024-06-17,1,FREC_ST6,0.0,0.0,False,0.0
2024-06-17,1,FEGC_UNIT1,0.0,0.0,False,0.0
2024-06-17,1,FRONT_EC_CT1,0.0,0.0,False,0.0
2024-06-17,1,FRONT_EC_CT2,0.0,0.0,False,0.0
2024-06-17,1,FRONT_EC_ST,0.0,0.0,False,0.0
2024-06-17,1,GRSES_UNIT1,0.0,0.0,False,0.0
2024-06-17,1,GRSES_UNIT2,0.0,0.0,False,0.0
2024-06-17,1,GBY_GBYGT73,0.0,0.0,False,0.0
2024-06-17,1,GBY_GBYGT74,0.0,0.0,False,0.0
2024-06-17,1,GBY_GBYGT81,0.0,0.0,False,0.0
2024-06-17,1,GBY_GBYGT82,0.0,0.0,False,0.0
2024-06-17,1,GBY_GBYGT83,0.0,0.0,False,0.0
2024-06-17,1,GBY_GBYGT84,0.0,0.0,False,0.0
2024-06-17,1,STEAM_ENGINE_1,0.0,0.0,False,0.0
2024-06-17,1,STEAM_ENGINE_2,0.0,0.0,False,0.0
2024-06-17,1,STEAM_ENGINE_3,0.0,0.0,False,0.0
2024-06-17,1,LGE_LGE_GT1,0.0,0.0,False,0.0
2024-06-17,1,LGE_LGE_GT2,0.0,0.0,False,0.0
2024-06-17,1,LGE_LGE_STG,0.0,0.0,False,0.0
2024-06-17,1,GUADG_GAS1,0.0,0.0,False,0.0
2024-06-17,1,GUADG_GAS2,0.0,0.0,False,0.0
2024-06-17,1,GUADG_GAS3,0.0,0.0,False,0.0
2024-06-17,1,GUADG_GAS4,0.0,0.0,False,0.0
2024-06-17,1,GUADG_STM5,0.0,0.0,False,0.0
2024-06-17,1,GUADG_STM6,0.0,0.0,False,0.0
2024-06-17,1,HLSES_UNIT3,0.0,0.0,False,0.0
2024-06-17,1,HLSES_UNIT4,0.0,0.0,False,0.0
2024-06-17,1,HLSES_UNIT5,0.0,0.0,False,0.0
2024-06-17,1,HAYSEN_HAYSENG1,0.0,0.0,False,0.0
2024-06-17,1,HAYSEN_HAYSENG2,0.0,0.0,False,0.0
2024-06-17,1,HAYSEN_HAYSENG3,0.0,0.0,False,0.0
2024-06-17,1,HAYSEN_HAYSENG4,0.0,0.0,False,0.0
2024-06-17,1,DUKE_DUKE_GT1,0.0,0.0,False,0.0
2024-06-17,1,DUKE_DUKE_GT2,0.0,0.0,False,0.0
2024-06-17,1,DUKE_DUKE_ST1,0.0,0.0,False,0.0
2024-06-17,1,JACKCNTY_CT1,0.0,0.0,False,0.0
2024-06-17,1,JACKCNTY_CT2,0.0,0.0,False,0.0
2024-06-17,1,JCKCNTY2_CT3,0.0,0.0,False,0.0
2024-06-17,1,JCKCNTY2_CT4,0.0,0.0,False,0.0
2024-06-17,1,JACKCNTY_STG,0.0,0.0,False,0.0
2024-06-17,1,JCKCNTY2_ST2,0.0,0.0,False,0.0
2024-06-17,1,TEN_CT1,0.0,0.0,False,0.0
2024-06-17,1,TEN_STG,0.0,0.0,False,0.0
2024-06-17,1,LHSES_UNIT1,0.0,0.0,False,0.0
2024-06-17,1,LHSES_UNIT2A,0.0,0.0,False,0.0
2024-06-17,1,LPCCS_CT11,186.0,0.0,True,5208.0
2024-06-17,1,LPCCS_CT12,0.0,0.0,False,0.0
2024-06-17,1,LPCCS_CT21,0.0,0.0,False,0.0
2024-06-17,1,LPCCS_CT22,0.0,0.0,False,0.0
2024-06-17,1,LPCCS_UNIT1,216.0,0.0,True,6048.0
2024-06-17,1,LPCCS_UNIT2,0.0,0.0,False,0.0
2024-06-17,1,LARDVFTN_G4,0.0,0.0,False,0.0
2024-06-17,1,LARDVFTN_G5,0.0,0.0,False,0.0
2024-06-17,1,LEON_CRK_LCPCT1,0.0,0.0,False,0.0
2024-06-17,1,LEON_CRK_LCPCT2,0.0,0.0,False,0.0
2024-06-17,1,LEON_CRK_LCPCT3,0.0,0.0,False,0.0
2024-06-17,1,LEON_CRK_LCPCT4,0.0,0.0,False,0.0
2024-06-17,1,LIG_UNIT1,60.5,0.0,True,2541.0
2024-06-17,1,LIG_UNIT2,60.5,0.0,True,2541.0
2024-06-17,1,LOSTPI_LOSTPGT1,0.0,0.0,False,0.0
2024-06-17,1,LOSTPI_LOSTPGT2,0.0,0.0,False,0.0
2024-06-17,1,LOSTPI_LOSTPST1,0.0,0.0,False,0.0
2024-06-17,1,NEDIN_NEDIN_G1,0.0,0.0,False,0.0
2024-06-17,1,NEDIN_NEDIN_G2,0.0,0.0,False,0.0
2024-06-17,1,NEDIN_NEDIN_G3,0.0,0.0,False,0.0
2024-06-17,1,MDANP_CT1,0.0,0.0,False,0.0
2024-06-17,1,MDANP_CT2,0.0,0.0,False,0.0
2024-06-17,1,MDANP_CT3,0.0,0.0,False,0.0
2024-06-17,1,MDANP_CT4,0.0,0.0,False,0.0
2024-06-17,1,MDANP_CT5,0.0,0.0,False,0.0
2024-06-17,1,MDANP_CT6,0.0,0.0,False,0.0
2024-06-17,1,MGSES_CT1,0.0,0.0,False,0.0
2024-06-17,1,MGSES_CT2,0.0,0.0,False,0.0
2024-06-17,1,MGSES_CT3,0.0,0.0,False,0.0
2024-06-17,1,MGSES_CT4,0.0,0.0,False,0.0
2024-06-17,1,MGSES_CT5,0.0,0.0,False,0.0
2024-06-17,1,MGSES_CT6,0.0,0.0,False,0.0
2024-06-17,1,MCSES_UNIT6,0.0,0.0,False,0.0
2024-06-17,1,MCSES_UNIT7,0.0,0.0,False,0.0
2024-06-17,1,MCSES_UNIT8,0.0,0.0,False,0.0
2024-06-17,1,NUECES_B_NUECESG8,0.0,0.0,False,0.0
2024-06-17,1,NUECES_B_NUECESG9,0.0,0.0,False,0.0
2024-06-17,1,NUECES_B_NUECESG7,0.0,0.0,False,0.0
2024-06-17,1,CALAVERS_OWS1,0.0,0.0,False,0.0
2024-06-17,1,CALAVERS_OWS2,0.0,0.0,False,0.0
2024-06-17,1,OECCS_CT11,0.0,0.0,False,0.0
2024-06-17,1,OECCS_CT12,0.0,0.0,False,0.0
2024-06-17,1,OECCS_CT21,0.0,0.0,False,0.0
2024-06-17,1,OECCS_CT22,0.0,0.0,False,0.0
2024-06-17,1,OECCS_UNIT1,0.0,0.0,False,0.0
2024-06-17,1,OECCS_UNIT2,0.0,0.0,False,0.0
2024-06-17,1,VICTPRT2_UNIT1,0.0,0.0,False,0.0
2024-06-17,1,VICTPRT2_UNIT2,0.0,0.0,False,0.0
2024-06-17,1,PANDA_S_SHER1CT1,232.0,0.0,True,6496.0
2024-06-17,1,PANDA_S_SHER1CT2,228.9672273511948,3.0327726488052065,True,6411.0824
2024-06-17,1,PANDA_S_SHER1ST1,353.1,0.0,True,9886.8
2024-06-17,1,PANDA_T1_TMPL1CT1,197.92079526977727,34.07920473022273,True,5541.7823
2024-06-17,1,PANDA_T1_TMPL1CT2,232.0,0.0,True,6496.0
2024-06-17,1,PANDA_T1_TMPL1ST1,353.1,0.0,True,9886.8
2024-06-17,1,PANDA_T2_TMPL2CT1,69.6,162.4,True,1948.8
2024-06-17,1,PANDA_T2_TMPL2CT2,69.6,162.4,True,1948.8
2024-06-17,1,PANDA_T2_TMPL2ST1,105.93,247.17000000000002,True,2966.04
2024-06-17,1,TNSKA_GT1,0.0,0.0,False,0.0
2024-06-17,1,TNSKA_GT2,0.0,0.0,False,0.0
2024-06-17,1,TNSKA_STG,0.0,0.0,False,0.0
2024-06-17,1,PSG_PSG_GT2,121.92081441153107,93.17918558846893,True,3413.7828
2024-06-17,1,PSG_PSG_GT3,215.1,0.0,True,6022.8
2024-06-17,1,PSG_PSG_ST2,195.5,0.0,True,5474.0
2024-06-17,1,PEARSAL2_AGR_A,0.0,0.0,False,0.0
2024-06-17,1,PEARSAL2_AGR_B,0.0,0.0,False,0.0
2024-06-17,1,PEARSAL2_AGR_C,0.0,0.0,False,0.0
2024-06-17,1,PEARSAL2_AGR_D,0.0,0.0,False,0.0
2024-06-17,1,PB2SES_CT1,0.0,0.0,False,0.0
2024-06-17,1,PB2SES_CT2,0.0,0.0,False,0.0
2024-06-17,1,PB2SES_CT3,0.0,0.0,False,0.0
2024-06-17,1,PB2SES_CT4,0.0,0.0,False,0.0
2024-06-17,1,PB2SES_CT5,0.0,0.0,False,0.0
2024-06-17,1,PRO_UNIT1,60.5,0.0,True,2541.0
2024-06-17,1,PRO_UNIT2,60.5,0.0,True,2541.0
2024-06-17,1,PRO_UNIT3,16.318064071787408,44.181935928212596,True,685.3587
2024-06-17,1,PRO_UNIT4,6.05,54.45,True,254.1
2024-06-17,1,PRO_UNIT5,6.05,54.45,True,254.1
2024-06-17,1,PRO_UNIT6,6.05,54.45,True,254.1
2024-06-17,1,PRO_UNIT7,6.05,54.45,True,254.1
2024-06-17,1,PRO_UNIT8,6.05,54.45,True,254.1
2024-06-17,1,BAC_CTG1,6.5,58.5,True,273.0
2024-06-17,1,BAC_CTG2,6.5,58.5,True,273.0
2024-06-17,1,BAC_CTG3,65.0,0.0,True,2730.0
2024-06-17,1,BAC_CTG4,65.0,0.0,True,2730.0
2024-06-17,1,BAC_CTG5,6.5,58.5,True,273.0
2024-06-17,1,BAC_CTG6,6.5,58.5,True,273.0
2024-06-17,1,STEAM1A_STEAM_1,0.0,0.0,False,0.0
2024-06-17,1,STEAM_STEAM_2,0.0,0.0,False,0.0
2024-06-17,1,STEAM_STEAM_3,0.0,0.0,False,0.0
2024-06-17,1,QALSW_GT1,0.0,0.0,False,0.0
2024-06-17,1,QALSW_GT2,0.0,0.0,False,0.0
2024-06-17,1,QALSW_GT3,0.0,0.0,False,0.0
2024-06-17,1,QALSW_GT4,0.0,0.0,False,0.0
2024-06-17,1,QALSW_STG1,0.0,0.0,False,0.0
2024-06-17,1,QALSW_STG2,0.0,0.0,False,0.0
2024-06-17,1,MIL_MILLERG4,0.0,0.0,False,0.0
2024-06-17,1,MIL_MILLERG5,0.0,0.0,False,0.0
2024-06-17,1,MIL_MILLERG1,0.0,0.0,False,0.0
2024-06-17,1,MIL_MILLERG2,0.0,0.0,False,0.0
2024-06-17,1,MIL_MILLERG3,0.0,0.0,False,0.0
2024-06-17,1,OLINGR_OLING_4,0.0,0.0,False,0.0
2024-06-17,1,OLINGR_OLING_2,0.0,0.0,False,0.0
2024-06-17,1,OLINGR_OLING_3,0.0,0.0,False,0.0
2024-06-17,1,RAB_UNIT1,0.0,0.0,False,0.0
2024-06-17,1,RAB_UNIT2,0.0,0.0,False,0.0
2024-06-17,1,RAB_UNIT3,0.0,0.0,False,0.0
2024-06-17,1,RAB_UNIT4,0.0,0.0,False,0.0
2024-06-17,1,RAB_UNIT5,0.0,0.0,False,0.0
2024-06-17,1,RAB_UNIT6,0.0,0.0,False,0.0
2024-06-17,1,RAB_UNIT7,0.0,0.0,False,0.0
2024-06-17,1,RAB_UNIT8,0.0,0.0,False,0.0
2024-06-17,1,REDGATE_AGR_A,0.0,0.0,False,0.0
2024-06-17,1,REDGATE_AGR_B,0.0,0.0,False,0.0
2024-06-17,1,REDGATE_AGR_C,0.0,0.0,False,0.0
2024-06-17,1,REDGATE_AGR_D,0.0,0.0,False,0.0
2024-06-17,1,JAD_UNIT1,6.05,54.45,True,254.1
2024-06-17,1,JAD_UNIT2,6.05,54.45,True,254.1
2024-06-17,1,JAD_UNIT3,6.05,54.45,True,254.1
2024-06-17,1,JAD_UNIT4,6.05,54.45,True,254.1
2024-06-17,1,JAD_UNIT5,60.5,0.0,True,2541.0
2024-06-17,1,JAD_UNIT6,6.05,54.45,True,254.1
2024-06-17,1,JAD_UNIT7,60.5,0.0,True,2541.0
2024-06-17,1,JAD_UNIT8,60.5,0.0,True,2541.0
2024-06-17,1,RIONOG_CT1,0.0,0.0,False,0.0
2024-06-17,1,RIONOG_CT2,0.0,0.0,False,0.0
2024-06-17,1,RIONOG_CT3,0.0,0.0,False,0.0
2024-06-17,1,RIONOG_ST1,0.0,0.0,False,0.0
2024-06-17,1,RAYBURN_RAYBURG7,60.5,0.0,True,1694.0
2024-06-17,1,RAYBURN_RAYBURG8,18.15,42.35,True,508.2
2024-06-17,1,RAYBURN_RAYBURG9,18.15,42.35,True,508.2
2024-06-17,1,RAYBURN_RAYBURG10,12.6,29.4,True,352.8
2024-06-17,1,SJS_SJS_G1,0.0,0.0,False,0.0
2024-06-17,1,SJS_SJS_G2,0.0,0.0,False,0.0
2024-06-17,1,SANDHSYD_SH1,0.0,0.0,False,0.0
2024-06-17,1,SANDHSYD_SH2,0.0,0.0,False,0.0
2024-06-17,1,SANDHSYD_SH3,0.0,0.0,False,0.0
2024-06-17,1,SANDHSYD_SH4,0.0,0.0,False,0.0
2024-06-17,1,SANDHSYD_SH_5A,0.0,0.0,False,0.0
2024-06-17,1,SANDHSYD_SH6,0.0,0.0,False,0.0
2024-06-17,1,SANDHSYD_SH7,0.0,0.0,False,0.0
2024-06-17,1,SANDHSYD_SH_5C,0.0,0.0,False,0.0
2024-06-17,1,SILASRAY_SILAS_10,0.0,0.0,False,0.0
2024-06-17,1,SILASRAY_SILAS_9,0.0,0.0,False,0.0
2024-06-17,1,SILASRAY_SILAS_6,0.0,0.0,False,0.0
2024-06-17,1,GIDEON_GIDEONG1,0.0,0.0,False,0.0
2024-06-17,1,GIDEON_GIDEONG2,0.0,0.0,False,0.0
2024-06-17,1,GIDEON_GIDEONG3,0.0,0.0,False,0.0
2024-06-17,1,SKY1_SKY1A,0.0,0.0,False,0.0
2024-06-17,1,SKY1_SKY1B,0.0,0.0,False,0.0
2024-06-17,1,SPNCER_SPNCE_4,0.0,0.0,False,0.0
2024-06-17,1,SPNCER_SPNCE_5,0.0,0.0,False,0.0
2024-06-17,1,SCSES_UNIT1A,0.0,0.0,False,0.0
2024-06-17,1,SCSES_UNIT2,0.0,0.0,False,0.0
2024-06-17,1,THW_THWGT_1,0.0,0.0,False,0.0
2024-06-17,1,THW_THWGT31,51.3,0.0,True,1436.4
2024-06-17,1,THW_THWGT32,51.3,0.0,True,1436.4
2024-06-17,1,THW_THWGT33,51.3,0.0,True,1436.4
2024-06-17,1,THW_THWGT34,51.3,0.0,True,1436.4
2024-06-17,1,THW_THWGT41,51.3,0.0,True,1436.4
2024-06-17,1,THW_THWGT42,51.3,0.0,True,1436.4
2024-06-17,1,THW_THWGT43,62.0,0.0,True,1736.0
2024-06-17,1,THW_THWGT44,62.0,0.0,True,1736.0
2024-06-17,1,THW_THWGT51,0.0,0.0,False,0.0
2024-06-17,1,THW_THWGT52,0.0,0.0,False,0.0
2024-06-17,1,THW_THWGT53,0.0,0.0,False,0.0
2024-06-17,1,THW_THWGT54,0.0,0.0,False,0.0
2024-06-17,1,THW_THWGT55,0.0,0.0,False,0.0
2024-06-17,1,THW_THWGT56,0.0,0.0,False,0.0
2024-06-17,1,THW_THWST_3,113.1,0.0,True,3166.8
2024-06-17,1,THW_THWST_4,113.1,0.0,True,3166.8
2024-06-17,1,TXCTY_CTA,129.1,0.0,True,3614.8
2024-06-17,1,TXCTY_CTB,129.1,0.0,True,3614.8
2024-06-17,1,TXCTY_CTC,129.1,0.0,True,3614.8
2024-06-17,1,TXCTY_ST,143.7,0.0,True,4023.6
2024-06-17,1,TGS_GT01,0.0,0.0,False,0.0
2024-06-17,1,TIMPP_AGR1,0.0,0.0,False,0.0
2024-06-17,1,TIMPP_AGR2,0.0,0.0,False,0.0
2024-06-17,1,TIMPP_AGR3,0.0,0.0,False,0.0
2024-06-17,1,TIMPP_AGR4,0.0,0.0,False,0.0
2024-06-17,1,TRSES_UNIT6,0.0,0.0,False,0.0
2024-06-17,1,TOPAZ_UNIT1,0.0,0.0,False,0.0
2024-06-17,1,TOPAZ_UNIT2,23.505693154729247,36.994306845270756,True,987.2391
2024-06-17,1,TOPAZ_UNIT3,0.0,0.0,False,0.0
2024-06-17,1,TOPAZ_UNIT4,60.5,0.0,True,2541.0
2024-06-17,1,TOPAZ_UNIT5,0.0,0.0,False,0.0
2024-06-17,1,TOPAZ_UNIT6,6.05,54.45,True,254.1
2024-06-17,1,TOPAZ_UNIT7,0.0,0.0,False,0.0
2024-06-17,1,TOPAZ_UNIT8,6.05,54.45,True,254.1
2024-06-17,1,TOPAZ_UNIT9,6.05,54.45,True,254.1
2024-06-17,1,TOPAZ_UNIT10,60.5,0.0,True,2541.0
2024-06-17,1,BRAUNIG_VHB6CT5,0.0,0.0,False,0.0
2024-06-17,1,BRAUNIG_VHB6CT6,0.0,0.0,False,0.0
2024-06-17,1,BRAUNIG_VHB6CT7,0.0,0.0,False,0.0
2024-06-17,1,BRAUNIG_VHB6CT8,0.0,0.0,False,0.0
2024-06-17,1,CITYVICT_CTG01,0.0,0.0,False,0.0
2024-06-17,1,CITYVICT_CTG02,0.0,0.0,False,0.0
2024-06-17,1,VICTPORT_CTG01,0.0,0.0,False,0.0
2024-06-17,1,VICTPORT_CTG02,0.0,0.0,False,0.0
2024-06-17,1,VICTORIA_VICTORG6,0.0,0.0,False,0.0
2024-06-17,1,VICTORIA_VICTORG5,0.0,0.0,False,0.0
2024-06-17,1,WAP_WAPGT_1,0.0,0.0,False,0.0
2024-06-17,1,WAP_WAP_G1,0.0,0.0,False,0.0
2024-06-17,1,WAP_WAP_G2,0.0,0.0,False,0.0
2024-06-17,1,WAP_WAP_G3,0.0,0.0,False,0.0
2024-06-17,1,WAP_WAP_G4,0.0,0.0,False,0.0
2024-06-17,1,WFCOGEN_UNIT1,0.0,0.0,False,0.0
2024-06-17,1,WFCOGEN_UNIT2,0.0,0.0,False,0.0
2024-06-17,1,WFCOGEN_UNIT3,0.0,0.0,False,0.0
2024-06-17,1,WIPOPA_WPP_G1,0.0,0.0,False,0.0
2024-06-17,1,WIPOPA_WPP_G2,0.0,0.0,False,0.0
2024-06-17,1,WIPOPA_WPP_G3,0.0,0.0,False,0.0
2024-06-17,1,WIPOPA_WPP_G4,0.0,0.0,False,0.0
2024-06-17,1,WCPP_CT1,0.0,0.0,False,0.0
2024-06-17,1,WCPP_CT2,0.0,0.0,False,0.0
2024-06-17,1,WCPP_ST1,0.0,0.0,False,0.0
2024-06-17,1,WHCCS_CT1,0.0,0.0,False,0.0
2024-06-17,1,WHCCS_CT2,0.0,0.0,False,0.0
2024-06-17,1,WHCCS_STG,0.0,0.0,False,0.0
2024-06-17,1,WHCCS2_CT4,0.0,0.0,False,0.0
2024-06-17,1,WHCCS2_CT5,0.0,0.0,False,0.0
2024-06-17,1,WHCCS2_STG6,0.0,0.0,False,0.0
2024-06-17,1,NACPW_UNIT1,0.0,0.0,False,0.0
2024-06-17,1,HBR_2UNITS,0.0,0.0,False,0.0
2024-06-17,1,TRIRA_1UNIT,0.0,0.0,False,0.0
2024-06-17,1,78252_4UNITS,0.0,0.0,False,0.0
2024-06-17,1,SPRIN_4UNITS,0.0,0.0,False,0.0
2024-06-17,1,FREIH_2UNITS,0.0,0.0,False,0.0
2024-06-17,1,WSTHL_3UNITS,0.0,0.0,False,0.0
2024-06-17,1,FEGC_CTG2,0.0,0.0,False,0.0
2024-06-17,1,FEGC_CTG3,0.0,0.0,False,0.0
2024-06-17,1,FEGC_CTG4,0.0,0.0,False,0.0
2024-06-17,1,OLNEYTN_AGR1,0.0,0.0,False,0.0
2024-06-17,1,AMISTAD_AMISTAG1,0.0,0.0,False,0.0
2024-06-17,1,AMISTAD_AMISTAG2,0.0,0.0,False,0.0
2024-06-17,1,AUSTPL_AUSTING1,9.0,0.0,True,9.0
2024-06-17,1,AUSTPL_AUSTING2,9.0,0.0,True,9.0
2024-06-17,1,BUCHAN_BUCHANG1,18.299999999999997,3.552713678800501e-15,True,18.3
2024-06-17,1,BUCHAN_BUCHANG2,8.995437217784692,9.30456278221531,True,8.9954
2024-06-17,1,BUCHAN_BUCHANG3,18.299999999999997,3.552713678800501e-15,True,18.3
2024-06-17,1,DNDAM_DENISOG1,50.8,0.0,True,50.8
2024-06-17,1,DNDAM_DENISOG2,50.8,0.0,True,50.8
2024-06-17,1,FALCON_FALCONG1,12.0,0.0,True,12.0
2024-06-17,1,FALCON_FALCONG2,12.0,0.0,True,12.0
2024-06-17,1,FALCON_FALCONG3,12.0,0.0,True,12.0
2024-06-17,1,WIRTZ_WIRTZ_G1,29.0,0.0,True,29.0
2024-06-17,1,WIRTZ_WIRTZ_G2,29.0,0.0,True,29.0
2024-06-17,1,CANYHY_CANYHYG1,6.0,0.0,True,6.0
2024-06-17,1,INKSDA_INKS_G1,15.0,0.0,True,15.0
2024-06-17,1,MARBFA_MARBFAG1,21.0,0.0,True,21.0
2024-06-17,1,MARBFA_MARBFAG2,20.0,0.0,True,20.0
2024-06-17,1,MARSFO_MARSFOG1,36.0,0.0,True,36.0
2024-06-17,1,MARSFO_MARSFOG2,36.0,0.0,True,36.0
2024-06-17,1,MARSFO_MARSFOG3,36.0,0.0,True,36.0
2024-06-17,1,WND_WHITNEY1,22.0,0.0,True,22.0
2024-06-17,1,WND_WHITNEY2,22.0,0.0,True,22.0
2024-06-17,1,AEEC_ANTLP_1,0.0,0.0,False,0.0
2024-06-17,1,AEEC_ANTLP_2,0.0,0.0,False,0.0
2024-06-17,1,AEEC_ANTLP_3,0.0,0.0,False,0.0
2024-06-17,1,AEEC_ELK_1,0.0,0.0,False,0.0
2024-06-17,1,AEEC_ELK_2,0.0,0.0,False,0.0
2024-06-17,1,AEEC_ELK_3,0.0,0.0,False,0.0
2024-06-17,1,FTR_FTR_G1,185.0,0.0,True,5180.0
2024-06-17,1,FTR_FTR_G2,185.0,0.0,True,5180.0
2024-06-17,1,FTR_FTR_G3,185.0,0.0,True,5180.0
2024-06-17,1,FTR_FTR_G4,400.0,0.0,True,11200.0
2024-06-17,1,TGCCS_CT1,0.0,0.0,False,0.0
2024-06-17,1,TGCCS_CT2,0.0,0.0,False,0.0
2024-06-17,1,TGCCS_CT3,0.0,0.0,False,0.0
2024-06-17,1,TGCCS_UNIT4,0.0,0.0,False,0.0
2024-06-17,1,KMCHI_1CT101,185.0,0.0,True,5180.0
2024-06-17,1,KMCHI_1CT201,185.0,0.0,True,5180.0
2024-06-17,1,KMCHI_1ST,330.0,0.0,True,9240.0
2024-06-17,1,KMCHI_2CT101,185.0,0.0,True,5180.0
2024-06-17,1,KMCHI_2CT201,55.5,129.5,True,1554.0
2024-06-17,1,KMCHI_2ST,330.0,0.0,True,9240.0
2024-06-17,1,A4_DGR1,0.0,0.0,False,0.0
2024-06-17,1,A4_DGR2,0.0,0.0,False,0.0
2024-06-17,1,K2_DGR1,0.0,0.0,False,0.0
2024-06-17,1,K2_DGR2,0.0,0.0,False,0.0
2024-06-17,1,P2_DGR1,0.0,0.0,False,0.0
2024-06-17,1,P2_DGR2,0.0,0.0,False,0.0
2024-06-17,1,Q1_DGR1,0.0,0.0,False,0.0
2024-06-17,1,BRAUNIG_VHB3,0.0,0.0,False,0.0
2024-06-17,1,V2_DGR1,0.0,0.0,False,0.0
2024-06-17,1,V2_DGR2,0.0,0.0,False,0.0
2024-06-17,1,V2_DGR3,0.0,0.0,False,0.0
2024-06-17,1,V4_DGR1,0.0,0.0,False,0.0
2024-06-17,1,X1_DGR1,0.0,0.0,False,0.0
2024-06-17,1,Z0_DGR1,0.0,0.0,False,0.0
2024-06-17,1,Z0_DGR2,0.0,0.0,False,0.0
2024-06-17,1,Z5_DGR1,0.0,0.0,False,0.0
2024-06-17,1,DC_E,0.0,0.0,False,0.0
2024-06-17,1,DC_N,0.0,0.0,False,0.0
2024-06-17,1,DC_L,0.0,0.0,False,0.0
2024-06-17,1,DC_R,0.0,0.0,False,0.0
2024-06-17,1,CEDARVALE_GAS,0.0,0.0,False,0.0
2024-06-17,1,ENCHANTED_ROCK_NEWPP,0.0,0.0,False,0.0
2024-06-17,2,CPSES_UNIT1,1269.0,0.0,True,10152.0
2024-06-17,2,CPSES_UNIT2,1269.0,0.0,True,10152.0
2024-06-17,2,STP_STP_G1,1228.5,136.5,True,9828.0
2024-06-17,2,STP_STP_G2,1228.5,136.5,True,9828.0
2024-06-17,2,COLETO_COLETOG1,0.0,0.0,False,0.0
2024-06-17,2,FPPYD1_FPP_G1,0.0,0.0,False,0.0
2024-06-17,2,FPPYD1_FPP_G2,0.0,0.0,False,0.0
2024-06-17,2,FPPYD2_FPP_G3,0.0,0.0,False,0.0
2024-06-17,2,CALAVERS_JKS1,0.0,0.0,False,0.0
2024-06-17,2,CALAVERS_JKS2,0.0,0.0,False,0.0
2024-06-17,2,LEG_LEG_G1,893.0,0.0,True,22325.0
2024-06-17,2,LEG_LEG_G2,956.8,0.0,True,23920.0
2024-06-17,2,MLSES_UNIT1,893.0,0.0,True,22325.0
2024-06-17,2,MLSES_UNIT2,540.6940375650731,352.30596243492687,True,13517.3509
2024-06-17,2,MLSES_UNIT3,893.0,0.0,True,22325.0
2024-06-17,2,OGSES_UNIT1A,916.8,0.0,True,22920.0
2024-06-17,2,OGSES_UNIT2,916.8,0.0,True,22920.0
2024-06-17,2,SANMIGL_G1,0.0,0.0,False,0.0
2024-06-17,2,SCES_UNIT1,1006.0289000000005,1.9710999999995238,True,25150.7225
2024-06-17,2,TNP_ONE_TNP_O_1,174.6,0.0,True,4365.0
2024-06-17,2,TNP_ONE_TNP_O_2,174.6,0.0,True,4365.0
2024-06-17,2,WAP_WAP_G5,154.47,0.0,False,0.0
2024-06-17,2,WAP_WAP_G6,293.64,0.0,False,0.0
2024-06-17,2,WAP_WAP_G7,0.0,0.0,False,0.0
2024-06-17,2,WAP_WAP_G8,654.0,0.0,True,16350.0
2024-06-17,2,BRAUNIG_AVR1_CT1,0.0,0.0,False,0.0
2024-06-17,2,BRAUNIG_AVR1_CT2,0.0,0.0,False,0.0
2024-06-17,2,BRAUNIG_AVR1_ST,0.0,0.0,False,0.0
2024-06-17,2,ATKINS_ATKINSG7,0.0,0.0,False,0.0
2024-06-17,2,B_DAVIS_B_DAVIG3,0.0,0.0,False,0.0
2024-06-17,2,B_DAVIS_B_DAVIG4,0.0,0.0,False,0.0
2024-06-17,2,B_DAVIS_B_DAVIG1,0.0,0.0,False,0.0
2024-06-17,2,B_DAVIS_B_DAVIG2,0.0,0.0,False,0.0
2024-06-17,2,BASTEN_GTG1100,0.0,0.0,False,0.0
2024-06-17,2,BASTEN_GTG2100,0.0,0.0,False,0.0
2024-06-17,2,BASTEN_ST0100,0.0,0.0,False,0.0
2024-06-17,2,BCH_UNIT1,0.0,0.0,False,0.0
2024-06-17,2,BCH_UNIT2,0.0,0.0,False,0.0
2024-06-17,2,BCH_UNIT3,0.0,0.0,False,0.0
2024-06-17,2,BCH_UNIT4,0.0,0.0,False,0.0
2024-06-17,2,BCH_UNIT5,0.0,0.0,False,0.0
2024-06-17,2,BCH_UNIT6,0.0,0.0,False,0.0
2024-06-17,2,BCH_UNIT7,0.0,0.0,False,0.0
2024-06-17,2,BCH_UNIT8,0.0,0.0,False,0.0
2024-06-17,2,BOSQUESW_BSQSU_1,0.0,0.0,False,0.0
2024-06-17,2,BOSQUESW_BSQSU_2,0.0,0.0,False,0.0
2024-06-17,2,BOSQUESW_BSQSU_3,0.0,0.0,False,0.0
2024-06-17,2,BOSQUESW_BSQSU_4,0.0,0.0,False,0.0
2024-06-17,2,BOSQUESW_BSQSU_5,0.0,0.0,False,0.0
2024-06-17,2,BVE_UNIT1,0.0,0.0,False,0.0
2024-06-17,2,BVE_UNIT2,0.0,0.0,False,0.0
2024-06-17,2,BVE_UNIT3,0.0,0.0,False,0.0
2024-06-17,2,BTM_UNIT1,0.0,0.0,False,0.0
2024-06-17,2,BTM_UNIT2,0.0,0.0,False,0.0
2024-06-17,2,BTM_UNIT3,0.0,0.0,False,0.0
2024-06-17,2,BTM_UNIT4,0.0,0.0,False,0.0
2024-06-17,2,BTM_UNIT5,0.0,0.0,False,0.0
2024-06-17,2,BTM_UNIT6,0.0,0.0,False,0.0
2024-06-17,2,BTM_UNIT7,0.0,0.0,False,0.0
2024-06-17,2,BTM_UNIT8,0.0,0.0,False,0.0
2024-06-17,2,FLCNS_UNIT1,0.0,0.0,False,0.0
2024-06-17,2,FLCNS_UNIT2,0.0,0.0,False,0.0
2024-06-17,2,CALHOUN_UNIT1,0.0,0.0,False,0.0
2024-06-17,2,CALHOUN_UNIT2,0.0,0.0,False,0.0
2024-06-17,2,CHAMON_CTG_0101,0.0,0.0,False,0.0
2024-06-17,2,CHAMON_CTG_0301,0.0,0.0,False,0.0
2024-06-17,2,CBY4_CT41,205.0,0.0,True,5740.0
2024-06-17,2,CBY4_CT42,205.0,0.0,True,5740.0
2024-06-17,2,CBY4_ST04,205.0,0.0,True,5740.0
2024-06-17,2,CBY_CBY_G1,765.0,0.0,True,26775.0
2024-06-17,2,CBY_CBY_G2,765.0,0.0,True,26775.0
2024-06-17,2,CBEC_GT1,0.0,0.0,False,0.0
2024-06-17,2,CBEC_GT2,0.0,0.0,False,0.0
2024-06-17,2,CBEC_GT3,0.0,0.0,False,0.0
2024-06-17,2,CBEC_GT4,0.0,0.0,False,0.0
2024-06-17,2,CBEC_STG1,0.0,0.0,False,0.0
2024-06-17,2,CBEC_STG2,0.0,0.0,False,0.0
2024-06-17,2,CBECII_CT7,0.0,0.0,False,0.0
2024-06-17,2,CBECII_CT8,0.0,0.0,False,0.0
2024-06-17,2,CBECII_STG9,0.0,0.0,False,0.0
2024-06-17,2,CBEC_GT11,0.0,0.0,False,0.0
2024-06-17,2,CBEC_GT12,0.0,0.0,False,0.0
2024-06-17,2,CVC_CVC_G1,192.1,0.0,True,5378.8
2024-06-17,2,CVC_CVC_G2,192.1,0.0,True,5378.8
2024-06-17,2,CVC_CVC_G3,192.09999999999994,5.684341886080802e-14,True,5378.8
2024-06-17,2,CVC_CVC_G5,150.0,0.0,True,4200.0
2024-06-17,2,DANSBY_DANSBYG2,0.0,0.0,False,0.0
2024-06-17,2,DANSBY_DANSBYG3,0.0,0.0,False,0.0
2024-06-17,2,DANSBY_DANSBYG1,0.0,0.0,False,0.0
2024-06-17,2,DECKER_DPGT_1,0.0,0.0,False,0.0
2024-06-17,2,DECKER_DPGT_2,0.0,0.0,False,0.0
2024-06-17,2,DECKER_DPGT_3,0.0,0.0,False,0.0
2024-06-17,2,DECKER_DPGT_4,0.0,0.0,False,0.0
2024-06-17,2,DCSES_CT10,0.0,0.0,False,0.0
2024-06-17,2,DCSES_CT20,0.0,0.0,False,0.0
2024-06-17,2,DCSES_CT30,0.0,0.0,False,0.0
2024-06-17,2,DCSES_CT40,0.0,0.0,False,0.0
2024-06-17,2,DDPEC_GT1,0.0,0.0,False,0.0
2024-06-17,2,DDPEC_GT2,215.0,0.0,True,6020.0
2024-06-17,2,DDPEC_GT3,0.0,0.0,False,0.0
2024-06-17,2,DDPEC_GT4,64.5,150.5,True,1806.0
2024-06-17,2,DDPEC_GT6,199.0,0.0,True,5572.0
2024-06-17,2,DDPEC_ST1,237.98740000000248,52.01259999999752,True,6663.6472
2024-06-17,2,DEC_AGR_A,0.0,0.0,False,0.0
2024-06-17,2,DEC_AGR_B,0.0,0.0,False,0.0
2024-06-17,2,DEC_AGR_C,0.0,0.0,False,0.0
2024-06-17,2,DEC_AGR_D,0.0,0.0,False,0.0
2024-06-17,2,ECEC_G1,0.0,0.0,False,0.0
2024-06-17,2,ECEC_G2,0.0,0.0,False,0.0
2024-06-17,2,ETCCS_CT1,0.0,0.0,False,0.0
2024-06-17,2,ETCCS_UNIT1,0.0,0.0,False,0.0
2024-06-17,2,AZ_AZ_G1,4.0,36.0,True,168.0
2024-06-17,2,AZ_AZ_G2,4.0,36.0,True,168.0
2024-06-17,2,AZ_AZ_G3,4.0,36.0,True,168.0
2024-06-17,2,AZ_AZ_G4,40.0,0.0,True,1680.0
2024-06-17,2,FERGCC_FERGGT1,0.0,0.0,False,0.0
2024-06-17,2,FERGCC_FERGGT2,0.0,0.0,False,0.0
2024-06-17,2,FERGCC_FERGST1,0.0,0.0,False,0.0
2024-06-17,2,FRNYPP_GT11,124.14012093955506,72.55987906044493,True,3475.9234
2024-06-17,2,FRNYPP_GT12,196.7,0.0,True,5507.6
2024-06-17,2,FRNYPP_GT13,59.01,137.69,True,1652.28
2024-06-17,2,FRNYPP_GT21,196.7,0.0,True,5507.6
2024-06-17,2,FRNYPP_GT22,0.0,0.0,False,0.0
2024-06-17,2,FRNYPP_GT23,196.7,0.0,True,5507.6
2024-06-17,2,FRNYPP_ST10,0.0,0.0,False,0.0
2024-06-17,2,FRNYPP_ST20,422.0,0.0,True,11816.0
2024-06-17,2,FREC_GT1,0.0,0.0,False,0.0
2024-06-17,2,FREC_GT2,0.0,0.0,False,0.0
2024-06-17,2,FREC_GT4,0.0,0.0,False,0.0
2024-06-17,2,FREC_GT5,0.0,0.0,False,0.0
2024-06-17,2,FREC_ST3,0.0,0.0,False,0.0
2024-06-17,2,FREC_ST6,0.0,0.0,False,0.0
2024-06-17,2,FEGC_UNIT1,0.0,0.0,False,0.0
2024-06-17,2,FRONT_EC_CT1,0.0,0.0,False,0.0
2024-06-17,2,FRONT_EC_CT2,0.0,0.0,False,0.0
2024-06-17,2,FRONT_EC_ST,0.0,0.0,False,0.0
2024-06-17,2,GRSES_UNIT1,0.0,0.0,False,0.0
2024-06-17,2,GRSES_UNIT2,0.0,0.0,False,0.0
2024-06-17,2,GBY_GBYGT73,0.0,0.0,False,0.0
2024-06-17,2,GBY_GBYGT74,0.0,0.0,False,0.0
2024-06-17,2,GBY_GBYGT81,0.0,0.0,False,0.0
2024-06-17,2,GBY_GBYGT82,0.0,0.0,False,0.0
2024-06-17,2,GBY_GBYGT83,0.0,0.0,False,0.0
2024-06-17,2,GBY_GBYGT84,0.0,0.0,False,0.0
2024-06-17,2,STEAM_ENGINE_1,0.0,0.0,False,0.0
2024-06-17,2,STEAM_ENGINE_2,0.0,0.0,False,0.0
2024-06-17,2,STEAM_ENGINE_3,0.0,0.0,False,0.0
2024-06-17,2,LGE_LGE_GT1,0.0,0.0,False,0.0
2024-06-17,2,LGE_LGE_GT2,0.0,0.0,False,0.0
2024-06-17,2,LGE_LGE_STG,0.0,0.0,False,0.0
2024-06-17,2,GUADG_GAS1,0.0,0.0,False,0.0
2024-06-17,2,GUADG_GAS2,0.0,0.0,False,0.0
2024-06-17,2,GUADG_GAS3,0.0,0.0,False,0.0
2024-06-17,2,GUADG_GAS4,0.0,0.0,False,0.0
2024-06-17,2,GUADG_STM5,0.0,0.0,False,0.0
2024-06-17,2,GUADG_STM6,0.0,0.0,False,0.0
2024-06-17,2,HLSES_UNIT3,0.0,0.0,False,0.0
2024-06-17,2,HLSES_UNIT4,0.0,0.0,False,0.0
2024-06-17,2,HLSES_UNIT5,0.0,0.0,False,0.0
2024-06-17,2,HAYSEN_HAYSENG1,0.0,0.0,False,0.0
2024-06-17,2,HAYSEN_HAYSENG2,0.0,0.0,False,0.0
2024-06-17,2,HAYSEN_HAYSENG3,0.0,0.0,False,0.0
2024-06-17,2,HAYSEN_HAYSENG4,0.0,0.0,False,0.0
2024-06-17,2,DUKE_DUKE_GT1,0.0,0.0,False,0.0
2024-06-17,2,DUKE_DUKE_GT2,0.0,0.0,False,0.0
2024-06-17,2,DUKE_DUKE_ST1,0.0,0.0,False,0.0
2024-06-17,2,JACKCNTY_CT1,0.0,0.0,False,0.0
2024-06-17,2,JACKCNTY_CT2,0.0,0.0,False,0.0
2024-06-17,2,JCKCNTY2_CT3,0.0,0.0,False,0.0
2024-06-17,2,JCKCNTY2_CT4,0.0,0.0,False,0.0
2024-06-17,2,JACKCNTY_STG,0.0,0.0,False,0.0
2024-06-17,2,JCKCNTY2_ST2,0.0,0.0,False,0.0
2024-06-17,2,TEN_CT1,0.0,0.0,False,0.0
2024-06-17,2,TEN_STG,0.0,0.0,False,0.0
2024-06-17,2,LHSES_UNIT1,0.0,0.0,False,0.0
2024-06-17,2,LHSES_UNIT2A,0.0,0.0,False,0.0
2024-06-17,2,LPCCS_CT11,0.0,0.0,False,0.0
2024-06-17,2,LPCCS_CT12,0.0,0.0,False,0.0
2024-06-17,2,LPCCS_CT21,0.0,0.0,False,0.0
2024-06-17,2,LPCCS_CT22,0.0,0.0,False,0.0
2024-06-17,2,LPCCS_UNIT1,216.0,0.0,True,6048.0
2024-06-17,2,LPCCS_UNIT2,0.0,0.0,False,0.0
2024-06-17,2,LARDVFTN_G4,0.0,0.0,False,0.0
2024-06-17,2,LARDVFTN_G5,0.0,0.0,False,0.0
2024-06-17,2,LEON_CRK_LCPCT1,0.0,0.0,False,0.0
2024-06-17,2,LEON_CRK_LCPCT2,0.0,0.0,False,0.0
2024-06-17,2,LEON_CRK_LCPCT3,0.0,0.0,False,0.0
2024-06-17,2,LEON_CRK_LCPCT4,0.0,0.0,False,0.0
2024-06-17,2,LIG_UNIT1,6.05,54.45,True,254.1
2024-06-17,2,LIG_UNIT2,6.05,54.45,True,254.1
2024-06-17,2,LOSTPI_LOSTPGT1,0.0,0.0,False,0.0
2024-06-17,2,LOSTPI_LOSTPGT2,0.0,0.0,False,0.0
2024-06-17,2,LOSTPI_LOSTPST1,0.0,0.0,False,0.0
2024-06-17,2,NEDIN_NEDIN_G1,0.0,0.0,False,0.0
2024-06-17,2,NEDIN_NEDIN_G2,0.0,0.0,False,0.0
2024-06-17,2,NEDIN_NEDIN_G3,0.0,0.0,False,0.0
2024-06-17,2,MDANP_CT1,0.0,0.0,False,0.0
2024-06-17,2,MDANP_CT2,0.0,0.0,False,0.0
2024-06-17,2,MDANP_CT3,0.0,0.0,False,0.0
2024-06-17,2,MDANP_CT4,0.0,0.0,False,0.0
2024-06-17,2,MDANP_CT5,0.0,0.0,False,0.0
2024-06-17,2,MDANP_CT6,0.0,0.0,False,0.0
2024-06-17,2,MGSES_CT1,0.0,0.0,False,0.0
2024-06-17,2,MGSES_CT2,0.0,0.0,False,0.0
2024-06-17,2,MGSES_CT3,0.0,0.0,False,0.0
2024-06-17,2,MGSES_CT4,0.0,0.0,False,0.0
2024-06-17,2,MGSES_CT5,0.0,0.0,False,0.0
2024-06-17,2,MGSES_CT6,0.0,0.0,False,0.0
2024-06-17,2,MCSES_UNIT6,0.0,0.0,False,0.0
2024-06-17,2,MCSES_UNIT7,0.0,0.0,False,0.0
2024-06-17,2,MCSES_UNIT8,0.0,0.0,False,0.0
2024-06-17,2,NUECES_B_NUECESG8,0.0,0.0,False,0.0
2024-06-17,2,NUECES_B_NUECESG9,0.0,0.0,False,0.0
2024-06-17,2,NUECES_B_NUECESG7,0.0,0.0,False,0.0
2024-06-17,2,CALAVERS_OWS1,0.0,0.0,False,0.0
2024-06-17,2,CALAVERS_OWS2,0.0,0.0,False,0.0
2024-06-17,2,OECCS_CT11,0.0,0.0,False,0.0
2024-06-17,2,OECCS_CT12,0.0,0.0,False,0.0
2024-06-17,2,OECCS_CT21,0.0,0.0,False,0.0
2024-06-17,2,OECCS_CT22,0.0,0.0,False,0.0
2024-06-17,2,OECCS_UNIT1,0.0,0.0,False,0.0
2024-06-17,2,OECCS_UNIT2,0.0,0.0,False,0.0
2024-06-17,2,VICTPRT2_UNIT1,0.0,0.0,False,0.0
2024-06-17,2,VICTPRT2_UNIT2,0.0,0.0,False,0.0
2024-06-17,2,PANDA_S_SHER1CT1,232.0,0.0,True,6496.0
2024-06-17,2,PANDA_S_SHER1CT2,232.0,0.0,True,6496.0
2024-06-17,2,PANDA_S_SHER1ST1,311.5811535572676,41.51884644273241,True,8724.2723
2024-06-17,2,PANDA_T1_TMPL1CT1,82.53364735380694,149.46635264619306,True,2310.9421
2024-06-17,2,PANDA_T1_TMPL1CT2,232.0,0.0,True,6496.0
2024-06-17,2,PANDA_T1_TMPL1ST1,353.1,0.0,True,9886.8
2024-06-17,2,PANDA_T2_TMPL2CT1,232.0,0.0,True,6496.0
2024-06-17,2,PANDA_T2_TMPL2CT2,69.6,162.4,True,1948.8
2024-06-17,2,PANDA_T2_TMPL2ST1,105.93,247.17000000000002,True,2966.04
2024-06-17,2,TNSKA_GT1,0.0,0.0,False,0.0
2024-06-17,2,TNSKA_GT2,0.0,0.0,False,0.0
2024-06-17,2,TNSKA_STG,0.0,0.0,False,0.0
2024-06-17,2,PSG_PSG_GT2,215.1,0.0,True,6022.8
2024-06-17,2,PSG_PSG_GT3,133.08218022809854,82.01781977190146,True,3726.301
2024-06-17,2,PSG_PSG_ST2,195.5,0.0,True,5474.0
2024-06-17,2,PEARSAL2_AGR_A,0.0,0.0,False,0.0
2024-06-17,2,PEARSAL2_AGR_B,0.0,0.0,False,0.0
2024-06-17,2,PEARSAL2_AGR_C,0.0,0.0,False,0.0
2024-06-17,2,PEARSAL2_AGR_D,0.0,0.0,False,0.0
2024-06-17,2,PB2SES_CT1,0.0,0.0,False,0.0
2024-06-17,2,PB2SES_CT2,0.0,0.0,False,0.0
2024-06-17,2,PB2SES_CT3,0.0,0.0,False,0.0
2024-06-17,2,PB2SES_CT4,0.0,0.0,False,0.0
2024-06-17,2,PB2SES_CT5,0.0,0.0,False,0.0
2024-06-17,2,PRO_UNIT1,6.05,54.45,True,254.1
2024-06-17,2,PRO_UNIT2,6.05,54.45,True,254.1
2024-06-17,2,PRO_UNIT3,6.05,54.45,True,254.1
2024-06-17,2,PRO_UNIT4,6.05,54.45,True,254.1
2024-06-17,2,PRO_UNIT5,60.5,0.0,True,2541.0
2024-06-17,2,PRO_UNIT6,6.05,54.45,True,254.1
2024-06-17,2,PRO_UNIT7,60.5,0.0,True,2541.0
2024-06-17,2,PRO_UNIT8,60.5,0.0,True,2541.0
2024-06-17,2,BAC_CTG1,0.0,0.0,False,0.0
2024-06-17,2,BAC_CTG2,0.0,0.0,False,0.0
2024-06-17,2,BAC_CTG3,0.0,0.0,False,0.0
2024-06-17,2,BAC_CTG4,0.0,0.0,False,0.0
2024-06-17,2,BAC_CTG5,0.0,0.0,False,0.0
2024-06-17,2,BAC_CTG6,0.0,0.0,False,0.0
2024-06-17,2,STEAM1A_STEAM_1,0.0,0.0,False,0.0
2024-06-17,2,STEAM_STEAM_2,0.0,0.0,False,0.0
2024-06-17,2,STEAM_STEAM_3,0.0,0.0,False,0.0
2024-06-17,2,QALSW_GT1,0.0,0.0,False,0.0
2024-06-17,2,QALSW_GT2,0.0,0.0,False,0.0
2024-06-17,2,QALSW_GT3,0.0,0.0,False,0.0
2024-06-17,2,QALSW_GT4,0.0,0.0,False,0.0
2024-06-17,2,QALSW_STG1,0.0,0.0,False,0.0
2024-06-17,2,QALSW_STG2,0.0,0.0,False,0.0
2024-06-17,2,MIL_MILLERG4,0.0,0.0,False,0.0
2024-06-17,2,MIL_MILLERG5,0.0,0.0,False,0.0
2024-06-17,2,MIL_MILLERG1,0.0,0.0,False,0.0
2024-06-17,2,MIL_MILLERG2,0.0,0.0,False,0.0
2024-06-17,2,MIL_MILLERG3,0.0,0.0,False,0.0
2024-06-17,2,OLINGR_OLING_4,0.0,0.0,False,0.0
2024-06-17,2,OLINGR_OLING_2,0.0,0.0,False,0.0
2024-06-17,2,OLINGR_OLING_3,0.0,0.0,False,0.0
2024-06-17,2,RAB_UNIT1,0.0,0.0,False,0.0
2024-06-17,2,RAB_UNIT2,0.0,0.0,False,0.0
2024-06-17,2,RAB_UNIT3,0.0,0.0,False,0.0
2024-06-17,2,RAB_UNIT4,0.0,0.0,False,0.0
2024-06-17,2,RAB_UNIT5,0.0,0.0,False,0.0
2024-06-17,2,RAB_UNIT6,0.0,0.0,False,0.0
2024-06-17,2,RAB_UNIT7,0.0,0.0,False,0.0
2024-06-17,2,RAB_UNIT8,0.0,0.0,False,0.0
2024-06-17,2,REDGATE_AGR_A,0.0,0.0,False,0.0
2024-06-17,2,REDGATE_AGR_B,0.0,0.0,False,0.0
2024-06-17,2,REDGATE_AGR_C,0.0,0.0,False,0.0
2024-06-17,2,REDGATE_AGR_D,0.0,0.0,False,0.0
2024-06-17,2,JAD_UNIT1,6.05,54.45,True,254.1
2024-06-17,2,JAD_UNIT2,60.5,0.0,True,2541.0
2024-06-17,2,JAD_UNIT3,6.05,54.45,True,254.1
2024-06-17,2,JAD_UNIT4,6.05,54.45,True,254.1
2024-06-17,2,JAD_UNIT5,6.05,54.45,True,254.1
2024-06-17,2,JAD_UNIT6,6.05,54.45,True,254.1
2024-06-17,2,JAD_UNIT7,10.711320356471536,49.78867964352847,True,449.8755
2024-06-17,2,JAD_UNIT8,6.05,54.45,True,254.1
2024-06-17,2,RIONOG_CT1,0.0,0.0,False,0.0
2024-06-17,2,RIONOG_CT2,0.0,0.0,False,0.0
2024-06-17,2,RIONOG_CT3,0.0,0.0,False,0.0
2024-06-17,2,RIONOG_ST1,0.0,0.0,False,0.0
2024-06-17,2,RAYBURN_RAYBURG7,60.5,0.0,True,1694.0
2024-06-17,2,RAYBURN_RAYBURG8,60.5,0.0,True,1694.0
2024-06-17,2,RAYBURN_RAYBURG9,60.5,0.0,True,1694.0
2024-06-17,2,RAYBURN_RAYBURG10,12.6,29.4,True,352.8
2024-06-17,2,SJS_SJS_G1,0.0,0.0,False,0.0
2024-06-17,2,SJS_SJS_G2,0.0,0.0,False,0.0
2024-06-17,2,SANDHSYD_SH1,0.0,0.0,False,0.0
2024-06-17,2,SANDHSYD_SH2,0.0,0.0,False,0.0
2024-06-17,2,SANDHSYD_SH3,0.0,0.0,False,0.0
2024-06-17,2,SANDHSYD_SH4,0.0,0.0,False,0.0
2024-06-17,2,SANDHSYD_SH_5A,0.0,0.0,False,0.0
2024-06-17,2,SANDHSYD_SH6,0.0,0.0,False,0.0
2024-06-17,2,SANDHSYD_SH7,0.0,0.0,False,0.0
2024-06-17,2,SANDHSYD_SH_5C,0.0,0.0,False,0.0
2024-06-17,2,SILASRAY_SILAS_10,0.0,0.0,False,0.0
2024-06-17,2,SILASRAY_SILAS_9,0.0,0.0,False,0.0
2024-06-17,2,SILASRAY_SILAS_6,0.0,0.0,False,0.0
2024-06-17,2,GIDEON_GIDEONG1,0.0,0.0,False,0.0
2024-06-17,2,GIDEON_GIDEONG2,0.0,0.0,False,0.0
2024-06-17,2,GIDEON_GIDEONG3,0.0,0.0,False,0.0
2024-06-17,2,SKY1_SKY1A,0.0,0.0,False,0.0
2024-06-17,2,SKY1_SKY1B,0.0,0.0,False,0.0
2024-06-17,2,SPNCER_SPNCE_4,0.0,0.0,False,0.0
2024-06-17,2,SPNCER_SPNCE_5,0.0,0.0,False,0.0
2024-06-17,2,SCSES_UNIT1A,0.0,0.0,False,0.0
2024-06-17,2,SCSES_UNIT2,0.0,0.0,False,0.0
2024-06-17,2,THW_THWGT_1,0.0,0.0,False,0.0
2024-06-17,2,THW_THWGT31,51.3,0.0,True,1436.4
2024-06-17,2,THW_THWGT32,51.3,0.0,True,1436.4
2024-06-17,2,THW_THWGT33,51.3,0.0,True,1436.4
2024-06-17,2,THW_THWGT34,51.3,0.0,True,1436.4
2024-06-17,2,THW_THWGT41,51.3,0.0,True,1436.4
2024-06-17,2,THW_THWGT42,51.3,0.0,True,1436.4
2024-06-17,2,THW_THWGT43,62.0,0.0,True,1736.0
2024-06-17,2,THW_THWGT44,62.0,0.0,True,1736.0
2024-06-17,2,THW_THWGT51,0.0,0.0,False,0.0
2024-06-17,2,THW_THWGT52,0.0,0.0,False,0.0
2024-06-17,2,THW_THWGT53,0.0,0.0,False,0.0
2024-06-17,2,THW_THWGT54,0.0,0.0,False,0.0
2024-06-17,2,THW_THWGT55,0.0,0.0,False,0.0
2024-06-17,2,THW_THWGT56,0.0,0.0,False,0.0
2024-06-17,2,THW_THWST_3,113.1,0.0,True,3166.8
2024-06-17,2,THW_THWST_4,113.1,0.0,True,3166.8
2024-06-17,2,TXCTY_CTA,129.1,0.0,True,3614.8
2024-06-17,2,TXCTY_CTB,129.1,0.0,True,3614.8
2024-06-17,2,TXCTY_CTC,129.1,0.0,True,3614.8
2024-06-17,2,TXCTY_ST,143.7,0.0,True,4023.6
2024-06-17,2,TGS_GT01,0.0,0.0,False,0.0
2024-06-17,2,TIMPP_AGR1,0.0,0.0,False,0.0
2024-06-17,2,TIMPP_AGR2,0.0,0.0,False,0.0
2024-06-17,2,TIMPP_AGR3,0.0,0.0,False,0.0
2024-06-17,2,TIMPP_AGR4,0.0,0.0,False,0.0
2024-06-17,2,TRSES_UNIT6,0.0,0.0,False,0.0
2024-06-17,2,TOPAZ_UNIT1,0.0,0.0,False,0.0
2024-06-17,2,TOPAZ_UNIT2,0.0,0.0,False,0.0
2024-06-17,2,TOPAZ_UNIT3,0.0,0.0,False,0.0
2024-06-17,2,TOPAZ_UNIT4,0.0,0.0,False,0.0
2024-06-17,2,TOPAZ_UNIT5,0.0,0.0,False,0.0
2024-06-17,2,TOPAZ_UNIT6,0.0,0.0,False,0.0
2024-06-17,2,TOPAZ_UNIT7,0.0,0.0,False,0.0
2024-06-17,2,TOPAZ_UNIT8,0.0,0.0,False,0.0
2024-06-17,2,TOPAZ_UNIT9,0.0,0.0,False,0.0
2024-06-17,2,TOPAZ_UNIT10,0.0,0.0,False,0.0
2024-06-17,2,BRAUNIG_VHB6CT5,0.0,0.0,False,0.0
2024-06-17,2,BRAUNIG_VHB6CT6,0.0,0.0,False,0.0
2024-06-17,2,BRAUNIG_VHB6CT7,0.0,0.0,False,0.0
2024-06-17,2,BRAUNIG_VHB6CT8,0.0,0.0,False,0.0
2024-06-17,2,CITYVICT_CTG01,0.0,0.0,False,0.0
2024-06-17,2,CITYVICT_CTG02,0.0,0.0,False,0.0
2024-06-17,2,VICTPORT_CTG01,0.0,0.0,False,0.0
2024-06-17,2,VICTPORT_CTG02,0.0,0.0,False,0.0
2024-06-17,2,VICTORIA_VICTORG6,0.0,0.0,False,0.0
2024-06-17,2,VICTORIA_VICTORG5,0.0,0.0,False,0.0
2024-06-17,2,WAP_WAPGT_1,0.0,0.0,False,0.0
2024-06-17,2,WAP_WAP_G1,0.0,0.0,False,0.0
2024-06-17,2,WAP_WAP_G2,0.0,0.0,False,0.0
2024-06-17,2,WAP_WAP_G3,0.0,0.0,False,0.0
2024-06-17,2,WAP_WAP_G4,0.0,0.0,False,0.0
2024-06-17,2,WFCOGEN_UNIT1,0.0,0.0,False,0.0
2024-06-17,2,WFCOGEN_UNIT2,0.0,0.0,False,0.0
2024-06-17,2,WFCOGEN_UNIT3,0.0,0.0,False,0.0
2024-06-17,2,WIPOPA_WPP_G1,0.0,0.0,False,0.0
2024-06-17,2,WIPOPA_WPP_G2,0.0,0.0,False,0.0
2024-06-17,2,WIPOPA_WPP_G3,0.0,0.0,False,0.0
2024-06-17,2,WIPOPA_WPP_G4,0.0,0.0,False,0.0
2024-06-17,2,WCPP_CT1,0.0,0.0,False,0.0
2024-06-17,2,WCPP_CT2,0.0,0.0,False,0.0
2024-06-17,2,WCPP_ST1,0.0,0.0,False,0.0
2024-06-17,2,WHCCS_CT1,0.0,0.0,False,0.0
2024-06-17,2,WHCCS_CT2,0.0,0.0,False,0.0
2024-06-17,2,WHCCS_STG,0.0,0.0,False,0.0
2024-06-17,2,WHCCS2_CT4,0.0,0.0,False,0.0
2024-06-17,2,WHCCS2_CT5,0.0,0.0,False,0.0
2024-06-17,2,WHCCS2_STG6,0.0,0.0,False,0.0
2024-06-17,2,NACPW_UNIT1,0.0,0.0,False,0.0
2024-06-17,2,HBR_2UNITS,0.0,0.0,False,0.0
2024-06-17,2,TRIRA_1UNIT,0.0,0.0,False,0.0
2024-06-17,2,78252_4UNITS,0.0,0.0,False,0.0
2024-06-17,2,SPRIN_4UNITS,0.0,0.0,False,0.0
2024-06-17,2,FREIH_2UNITS,0.0,0.0,False,0.0
2024-06-17,2,WSTHL_3UNITS,0.0,0.0,False,0.0
2024-06-17,2,FEGC_CTG2,0.0,0.0,False,0.0
2024-06-17,2,FEGC_CTG3,0.0,0.0,False,0.0
2024-06-17,2,FEGC_CTG4,0.0,0.0,False,0.0
2024-06-17,2,OLNEYTN_AGR1,0.0,0.0,False,0.0
2024-06-17,2,AMISTAD_AMISTAG1,0.0,0.0,False,0.0
2024-06-17,2,AMISTAD_AMISTAG2,0.0,0.0,False,0.0
2024-06-17,2,AUSTPL_AUSTING1,9.0,0.0,True,9.0
2024-06-17,2,AUSTPL_AUSTING2,9.0,0.0,True,9.0
2024-06-17,2,BUCHAN_BUCHANG1,4.443809748046855,13.856190251953148,True,4.4438
2024-06-17,2,BUCHAN_BUCHANG2,18.299999999999997,3.552713678800501e-15,True,18.3
2024-06-17,2,BUCHAN_BUCHANG3,18.299999999999997,3.552713678800501e-15,True,18.3
2024-06-17,2,DNDAM_DENISOG1,50.8,0.0,True,50.8
2024-06-17,2,DNDAM_DENISOG2,50.8,0.0,True,50.8
2024-06-17,2,FALCON_FALCONG1,12.0,0.0,True,12.0
2024-06-17,2,FALCON_FALCONG2,12.0,0.0,True,12.0
2024-06-17,2,FALCON_FALCONG3,12.0,0.0,True,12.0
2024-06-17,2,WIRTZ_WIRTZ_G1,29.0,0.0,True,29.0
2024-06-17,2,WIRTZ_WIRTZ_G2,29.0,0.0,True,29.0
2024-06-17,2,CANYHY_CANYHYG1,6.0,0.0,True,6.0
2024-06-17,2,INKSDA_INKS_G1,15.0,0.0,True,15.0
2024-06-17,2,MARBFA_MARBFAG1,21.0,0.0,True,21.0
2024-06-17,2,MARBFA_MARBFAG2,20.0,0.0,True,20.0
2024-06-17,2,MARSFO_MARSFOG1,36.0,0.0,True,36.0
2024-06-17,2,MARSFO_MARSFOG2,36.0,0.0,True,36.0
2024-06-17,2,MARSFO_MARSFOG3,36.0,0.0,True,36.0
2024-06-17,2,WND_WHITNEY1,22.0,0.0,True,22.0
2024-06-17,2,WND_WHITNEY2,22.0,0.0,True,22.0
2024-06-17,2,AEEC_ANTLP_1,0.0,0.0,False,0.0
2024-06-17,2,AEEC_ANTLP_2,0.0,0.0,False,0.0
2024-06-17,2,AEEC_ANTLP_3,0.0,0.0,False,0.0
2024-06-17,2,AEEC_ELK_1,0.0,0.0,False,0.0
2024-06-17,2,AEEC_ELK_2,0.0,0.0,False,0.0
2024-06-17,2,AEEC_ELK_3,0.0,0.0,False,0.0
2024-06-17,2,FTR_FTR_G1,185.0,0.0,True,5180.0
2024-06-17,2,FTR_FTR_G2,185.0,0.0,True,5180.0
2024-06-17,2,FTR_FTR_G3,185.0,0.0,True,5180.0
2024-06-17,2,FTR_FTR_G4,400.0,0.0,True,11200.0
2024-06-17,2,TGCCS_CT1,0.0,0.0,False,0.0
2024-06-17,2,TGCCS_CT2,0.0,0.0,False,0.0
2024-06-17,2,TGCCS_CT3,0.0,0.0,False,0.0
2024-06-17,2,TGCCS_UNIT4,0.0,0.0,False,0.0
2024-06-17,2,KMCHI_1CT101,185.0,0.0,True,5180.0
2024-06-17,2,KMCHI_1CT201,185.0,0.0,True,5180.0
2024-06-17,2,KMCHI_1ST,330.0,0.0,True,9240.0
2024-06-17,2,KMCHI_2CT101,185.0,0.0,True,5180.0
2024-06-17,2,KMCHI_2CT201,55.5,129.5,True,1554.0
2024-06-17,2,KMCHI_2ST,330.0,0.0,True,9240.0
2024-06-17,2,A4_DGR1,0.0,0.0,False,0.0
2024-06-17,2,A4_DGR2,0.0,0.0,False,0.0
2024-06-17,2,K2_DGR1,0.0,0.0,False,0.0
2024-06-17,2,K2_DGR2,0.0,0.0,False,0.0
2024-06-17,2,P2_DGR1,0.0,0.0,False,0.0
2024-06-17,2,P2_DGR2,0.0,0.0,False,0.0
2024-06-17,2,Q1_DGR1,0.0,0.0,False,0.0
2024-06-17,2,BRAUNIG_VHB3,0.0,0.0,False,0.0
2024-06-17,2,V2_DGR1,0.0,0.0,False,0.0
2024-06-17,2,V2_DGR2,0.0,0.0,False,0.0
2024-06-17,2,V2_DGR3,0.0,0.0,False,0.0
2024-06-17,2,V4_DGR1,0.0,0.0,False,0.0
2024-06-17,2,X1_DGR1,0.0,0.0,False,0.0
2024-06-17,2,Z0_DGR1,0.0,0.0,False,0.0
2024-06-17,2,Z0_DGR2,0.0,0.0,False,0.0
2024-06-17,2,Z5_DGR1,0.0,0.0,False,0.0
2024-06-17,2,DC_E,0.0,0.0,False,0.0
2024-06-17,2,DC_N,0.0,0.0,False,0.0
2024-06-17,2,DC_L,0.0,0.0,False,0.0
2024-06-17,2,DC_R,0.0,0.0,False,0.0
2024-06-17,2,CEDARVALE_GAS,0.0,0.0,False,0.0
2024-06-17,2,ENCHANTED_ROCK_NEWPP,0.0,0.0,False,0.0
2024-06-17,3,CPSES_UNIT1,1269.0,0.0,True,10152.0
2024-06-17,3,CPSES_UNIT2,1269.0,0.0,True,10152.0
2024-06-17,3,STP_STP_G1,1228.5,136.5,True,9828.0
2024-06-17,3,STP_STP_G2,1228.5,136.5,True,9828.0
2024-06-17,3,COLETO_COLETOG1,0.0,0.0,False,0.0
2024-06-17,3,FPPYD1_FPP_G1,0.0,0.0,False,0.0
2024-06-17,3,FPPYD1_FPP_G2,0.0,0.0,False,0.0
2024-06-17,3,FPPYD2_FPP_G3,0.0,0.0,False,0.0
2024-06-17,3,CALAVERS_JKS1,0.0,0.0,False,0.0
2024-06-17,3,CALAVERS_JKS2,0.0,0.0,False,0.0
2024-06-17,3,LEG_LEG_G1,893.0,0.0,True,22325.0
2024-06-17,3,LEG_LEG_G2,956.8,0.0,True,23920.0
2024-06-17,3,MLSES_UNIT1,893.0,0.0,True,22325.0
2024-06-17,3,MLSES_UNIT2,893.0,0.0,True,22325.0
2024-06-17,3,MLSES_UNIT3,517.4272636618186,375.57273633818136,True,12935.6816
2024-06-17,3,OGSES_UNIT1A,916.8,0.0,True,22920.0
2024-06-17,3,OGSES_UNIT2,916.8,0.0,True,22920.0
2024-06-17,3,SANMIGL_G1,0.0,0.0,False,0.0
2024-06-17,3,SCES_UNIT1,1005.9043000000004,2.095699999999624,True,25147.6075
2024-06-17,3,TNP_ONE_TNP_O_1,174.6,0.0,True,4365.0
2024-06-17,3,TNP_ONE_TNP_O_2,174.6,0.0,True,4365.0
2024-06-17,3,WAP_WAP_G5,0.0,0.0,False,0.0
2024-06-17,3,WAP_WAP_G6,0.0,0.0,False,0.0
2024-06-17,3,WAP_WAP_G7,0.0,0.0,False,0.0
2024-06-17,3,WAP_WAP_G8,654.0,0.0,True,16350.0
2024-06-17,3,BRAUNIG_AVR1_CT1,0.0,0.0,False,0.0
2024-06-17,3,BRAUNIG_AVR1_CT2,0.0,0.0,False,0.0
2024-06-17,3,BRAUNIG_AVR1_ST,0.0,0.0,False,0.0
2024-06-17,3,ATKINS_ATKINSG7,0.0,0.0,False,0.0
2024-06-17,3,B_DAVIS_B_DAVIG3,0.0,0.0,False,0.0
2024-06-17,3,B_DAVIS_B_DAVIG4,0.0,0.0,False,0.0
2024-06-17,3,B_DAVIS_B_DAVIG1,0.0,0.0,False,0.0
2024-06-17,3,B_DAVIS_B_DAVIG2,0.0,0.0,False,0.0
2024-06-17,3,BASTEN_GTG1100,0.0,0.0,False,0.0
2024-06-17,3,BASTEN_GTG2100,0.0,0.0,False,0.0
2024-06-17,3,BASTEN_ST0100,0.0,0.0,False,0.0
2024-06-17,3,BCH_UNIT1,0.0,0.0,False,0.0
2024-06-17,3,BCH_UNIT2,0.0,0.0,False,0.0
2024-06-17,3,BCH_UNIT3,0.0,0.0,False,0.0
2024-06-17,3,BCH_UNIT4,0.0,0.0,False,0.0
2024-06-17,3,BCH_UNIT5,0.0,0.0,False,0.0
2024-06-17,3,BCH_UNIT6,0.0,0.0,False,0.0
2024-06-17,3,BCH_UNIT7,0.0,0.0,False,0.0
2024-06-17,3,BCH_UNIT8,0.0,0.0,False,0.0
2024-06-17,3,BOSQUESW_BSQSU_1,0.0,0.0,False,0.0
2024-06-17,3,BOSQUESW_BSQSU_2,0.0,0.0,False,0.0
2024-06-17,3,BOSQUESW_BSQSU_3,0.0,0.0,False,0.0
2024-06-17,3,BOSQUESW_BSQSU_4,0.0,0.0,False,0.0
2024-06-17,3,BOSQUESW_BSQSU_5,0.0,0.0,False,0.0
2024-06-17,3,BVE_UNIT1,0.0,0.0,False,0.0
2024-06-17,3,BVE_UNIT2,0.0,0.0,False,0.0
2024-06-17,3,BVE_UNIT3,0.0,0.0,False,0.0
2024-06-17,3,BTM_UNIT1,0.0,0.0,False,0.0
2024-06-17,3,BTM_UNIT2,0.0,0.0,False,0.0
2024-06-17,3,BTM_UNIT3,0.0,0.0,False,0.0
2024-06-17,3,BTM_UNIT4,0.0,0.0,False,0.0
2024-06-17,3,BTM_UNIT5,0.0,0.0,False,0.0
2024-06-17,3,BTM_UNIT6,0.0,0.0,False,0.0
2024-06-17,3,BTM_UNIT7,0.0,0.0,False,0.0
2024-06-17,3,BTM_UNIT8,0.0,0.0,False,0.0
2024-06-17,3,FLCNS_UNIT1,0.0,0.0,False,0.0
2024-06-17,3,FLCNS_UNIT2,0.0,0.0,False,0.0
2024-06-17,3,CALHOUN_UNIT1,0.0,0.0,False,0.0
2024-06-17,3,CALHOUN_UNIT2,0.0,0.0,False,0.0
2024-06-17,3,CHAMON_CTG_0101,0.0,0.0,False,0.0
2024-06-17,3,CHAMON_CTG_0301,0.0,0.0,False,0.0
2024-06-17,3,CBY4_CT41,205.0,0.0,True,5740.0
2024-06-17,3,CBY4_CT42,205.0,0.0,True,5740.0
2024-06-17,3,CBY4_ST04,205.0,0.0,True,5740.0
2024-06-17,3,CBY_CBY_G1,765.0,0.0,True,26775.0
2024-06-17,3,CBY_CBY_G2,765.0,0.0,True,26775.0
2024-06-17,3,CBEC_GT1,0.0,0.0,False,0.0
2024-06-17,3,CBEC_GT2,0.0,0.0,False,0.0
2024-06-17,3,CBEC_GT3,0.0,0.0,False,0.0
2024-06-17,3,CBEC_GT4,0.0,0.0,False,0.0
2024-06-17,3,CBEC_STG1,0.0,0.0,False,0.0
2024-06-17,3,CBEC_STG2,0.0,0.0,False,0.0
2024-06-17,3,CBECII_CT7,0.0,0.0,False,0.0
2024-06-17,3,CBECII_CT8,0.0,0.0,False,0.0
2024-06-17,3,CBECII_STG9,0.0,0.0,False,0.0
2024-06-17,3,CBEC_GT11,0.0,0.0,False,0.0
2024-06-17,3,CBEC_GT12,0.0,0.0,False,0.0
2024-06-17,3,CVC_CVC_G1,192.09999999999994,5.684341886080802e-14,True,5378.8
2024-06-17,3,CVC_CVC_G2,192.1,0.0,True,5378.8
2024-06-17,3,CVC_CVC_G3,192.1,0.0,True,5378.8
2024-06-17,3,CVC_CVC_G5,150.0,0.0,True,4200.0
2024-06-17,3,DANSBY_DANSBYG2,0.0,0.0,False,0.0
2024-06-17,3,DANSBY_DANSBYG3,0.0,0.0,False,0.0
2024-06-17,3,DANSBY_DANSBYG1,0.0,0.0,False,0.0
2024-06-17,3,DECKER_DPGT_1,0.0,0.0,False,0.0
2024-06-17,3,DECKER_DPGT_2,0.0,0.0,False,0.0
2024-06-17,3,DECKER_DPGT_3,0.0,0.0,False,0.0
2024-06-17,3,DECKER_DPGT_4,0.0,0.0,False,0.0
2024-06-17,3,DCSES_CT10,0.0,0.0,False,0.0
2024-06-17,3,DCSES_CT20,0.0,0.0,False,0.0
2024-06-17,3,DCSES_CT30,0.0,0.0,False,0.0
2024-06-17,3,DCSES_CT40,0.0,0.0,False,0.0
2024-06-17,3,DDPEC_GT1,0.0,0.0,False,0.0
2024-06-17,3,DDPEC_GT2,159.2014000000027,55.79859999999729,True,4457.6392
2024-06-17,3,DDPEC_GT3,0.0,0.0,False,0.0
2024-06-17,3,DDPEC_GT4,64.5,150.5,True,1806.0
2024-06-17,3,DDPEC_GT6,199.0,0.0,True,5572.0
2024-06-17,3,DDPEC_ST1,290.0,0.0,True,8120.0
2024-06-17,3,DEC_AGR_A,0.0,0.0,False,0.0
2024-06-17,3,DEC_AGR_B,0.0,0.0,False,0.0
2024-06-17,3,DEC_AGR_C,0.0,0.0,False,0.0
2024-06-17,3,DEC_AGR_D,0.0,0.0,False,0.0
2024-06-17,3,ECEC_G1,0.0,0.0,False,0.0
2024-06-17,3,ECEC_G2,0.0,0.0,False,0.0
2024-06-17,3,ETCCS_CT1,0.0,0.0,False,0.0
2024-06-17,3,ETCCS_UNIT1,0.0,0.0,False,0.0
2024-06-17,3,AZ_AZ_G1,4.0,36.0,True,168.0
2024-06-17,3,AZ_AZ_G2,40.0,0.0,True,1680.0
2024-06-17,3,AZ_AZ_G3,4.0,36.0,True,168.0
2024-06-17,3,AZ_AZ_G4,4.0,36.0,True,168.0
2024-06-17,3,FERGCC_FERGGT1,0.0,0.0,False,0.0
2024-06-17,3,FERGCC_FERGGT2,0.0,0.0,False,0.0
2024-06-17,3,FERGCC_FERGST1,0.0,0.0,False,0.0
2024-06-17,3,FRNYPP_GT11,196.7,0.0,True,5507.6
2024-06-17,3,FRNYPP_GT12,161.42755799317507,35.27244200682492,True,4519.9716
2024-06-17,3,FRNYPP_GT13,196.7,0.0,True,5507.6
2024-06-17,3,FRNYPP_GT21,196.7,0.0,True,5507.6
2024-06-17,3,FRNYPP_GT22,0.0,0.0,False,0.0
2024-06-17,3,FRNYPP_GT23,196.7,0.0,True,5507.6
2024-06-17,3,FRNYPP_ST10,0.0,0.0,False,0.0
2024-06-17,3,FRNYPP_ST20,422.0,0.0,True,11816.0
2024-06-17,3,FREC_GT1,0.0,0.0,False,0.0
2024-06-17,3,FREC_GT2,0.0,0.0,False,0.0
2024-06-17,3,FREC_GT4,0.0,0.0,False,0.0
2024-06-17,3,FREC_GT5,0.0,0.0,False,0.0
2024-06-17,3,FREC_ST3,0.0,0.0,False,0.0
2024-06-17,3,FREC_ST6,0.0,0.0,False,0.0
2024-06-17,3,FEGC_UNIT1,0.0,0.0,False,0.0
2024-06-17,3,FRONT_EC_CT1,0.0,0.0,False,0.0
2024-06-17,3,FRONT_EC_CT2,0.0,0.0,False,0.0
2024-06-17,3,FRONT_EC_ST,0.0,0.0,False,0.0
2024-06-17,3,GRSES_UNIT1,0.0,0.0,False,0.0
2024-06-17,3,GRSES_UNIT2,0.0,0.0,False,0.0
2024-06-17,3,GBY_GBYGT73,0.0,0.0,False,0.0
2024-06-17,3,GBY_GBYGT74,0.0,0.0,False,0.0
2024-06-17,3,GBY_GBYGT81,0.0,0.0,False,0.0
2024-06-17,3,GBY_GBYGT82,0.0,0.0,False,0.0
2024-06-17,3,GBY_GBYGT83,0.0,0.0,False,0.0
2024-06-17,3,GBY_GBYGT84,0.0,0.0,False,0.0
2024-06-17,3,STEAM_ENGINE_1,0.0,0.0,False,0.0
2024-06-17,3,STEAM_ENGINE_2,0.0,0.0,False,0.0
2024-06-17,3,STEAM_ENGINE_3,0.0,0.0,False,0.0
2024-06-17,3,LGE_LGE_GT1,0.0,0.0,False,0.0
2024-06-17,3,LGE_LGE_GT2,0.0,0.0,False,0.0
2024-06-17,3,LGE_LGE_STG,0.0,0.0,False,0.0
2024-06-17,3,GUADG_GAS1,0.0,0.0,False,0.0
2024-06-17,3,GUADG_GAS2,0.0,0.0,False,0.0
2024-06-17,3,GUADG_GAS3,0.0,0.0,False,0.0
2024-06-17,3,GUADG_GAS4,0.0,0.0,False,0.0
2024-06-17,3,GUADG_STM5,0.0,0.0,False,0.0
2024-06-17,3,GUADG_STM6,0.0,0.0,False,0.0
2024-06-17,3,HLSES_UNIT3,0.0,0.0,False,0.0
2024-06-17,3,HLSES_UNIT4,0.0,0.0,False,0.0
2024-06-17,3,HLSES_UNIT5,0.0,0.0,False,0.0
2024-06-17,3,HAYSEN_HAYSENG1,0.0,0.0,False,0.0
2024-06-17,3,HAYSEN_HAYSENG2,0.0,0.0,False,0.0
2024-06-17,3,HAYSEN_HAYSENG3,0.0,0.0,False,0.0
2024-06-17,3,HAYSEN_HAYSENG4,0.0,0.0,False,0.0
2024-06-17,3,DUKE_DUKE_GT1,0.0,0.0,False,0.0
2024-06-17,3,DUKE_DUKE_GT2,0.0,0.0,False,0.0
2024-06-17,3,DUKE_DUKE_ST1,0.0,0.0,False,0.0
2024-06-17,3,JACKCNTY_CT1,0.0,0.0,False,0.0
2024-06-17,3,JACKCNTY_CT2,0.0,0.0,False,0.0
2024-06-17,3,JCKCNTY2_CT3,0.0,0.0,False,0.0
2024-06-17,3,JCKCNTY2_CT4,0.0,0.0,False,0.0
2024-06-17,3,JACKCNTY_STG,0.0,0.0,False,0.0
2024-06-17,3,JCKCNTY2_ST2,0.0,0.0,False,0.0
2024-06-17,3,TEN_CT1,0.0,0.0,False,0.0
2024-06-17,3,TEN_STG,0.0,0.0,False,0.0
2024-06-17,3,LHSES_UNIT1,0.0,0.0,False,0.0
2024-06-17,3,LHSES_UNIT2A,0.0,0.0,False,0.0
2024-06-17,3,LPCCS_CT11,0.0,0.0,False,0.0
2024-06-17,3,LPCCS_CT12,0.0,0.0,False,0.0
2024-06-17,3,LPCCS_CT21,0.0,0.0,False,0.0
2024-06-17,3,LPCCS_CT22,0.0,0.0,False,0.0
2024-06-17,3,LPCCS_UNIT1,0.0,0.0,False,0.0
2024-06-17,3,LPCCS_UNIT2,0.0,0.0,False,0.0
2024-06-17,3,LARDVFTN_G4,0.0,0.0,False,0.0
2024-06-17,3,LARDVFTN_G5,0.0,0.0,False,0.0
2024-06-17,3,LEON_CRK_LCPCT1,0.0,0.0,False,0.0
2024-06-17,3,LEON_CRK_LCPCT2,0.0,0.0,False,0.0
2024-06-17,3,LEON_CRK_LCPCT3,0.0,0.0,False,0.0
2024-06-17,3,LEON_CRK_LCPCT4,0.0,0.0,False,0.0
2024-06-17,3,LIG_UNIT1,60.5,0.0,True,2541.0
2024-06-17,3,LIG_UNIT2,6.05,54.45,True,254.1
2024-06-17,3,LOSTPI_LOSTPGT1,0.0,0.0,False,0.0
2024-06-17,3,LOSTPI_LOSTPGT2,0.0,0.0,False,0.0
2024-06-17,3,LOSTPI_LOSTPST1,0.0,0.0,False,0.0
2024-06-17,3,NEDIN_NEDIN_G1,0.0,0.0,False,0.0
2024-06-17,3,NEDIN_NEDIN_G2,0.0,0.0,False,0.0
2024-06-17,3,NEDIN_NEDIN_G3,0.0,0.0,False,0.0
2024-06-17,3,MDANP_CT1,0.0,0.0,False,0.0
2024-06-17,3,MDANP_CT2,0.0,0.0,False,0.0
2024-06-17,3,MDANP_CT3,0.0,0.0,False,0.0
2024-06-17,3,MDANP_CT4,0.0,0.0,False,0.0
2024-06-17,3,MDANP_CT5,0.0,0.0,False,0.0
2024-06-17,3,MDANP_CT6,0.0,0.0,False,0.0
2024-06-17,3,MGSES_CT1,0.0,0.0,False,0.0
2024-06-17,3,MGSES_CT2,0.0,0.0,False,0.0
2024-06-17,3,MGSES_CT3,0.0,0.0,False,0.0
2024-06-17,3,MGSES_CT4,0.0,0.0,False,0.0
2024-06-17,3,MGSES_CT5,0.0,0.0,False,0.0
2024-06-17,3,MGSES_CT6,0.0,0.0,False,0.0
2024-06-17,3,MCSES_UNIT6,0.0,0.0,False,0.0
2024-06-17,3,MCSES_UNIT7,0.0,0.0,False,0.0
2024-06-17,3,MCSES_UNIT8,0.0,0.0,False,0.0
2024-06-17,3,NUECES_B_NUECESG8,0.0,0.0,False,0.0
2024-06-17,3,NUECES_B_NUECESG9,0.0,0.0,False,0.0
2024-06-17,3,NUECES_B_NUECESG7,0.0,0.0,False,0.0
2024-06-17,3,CALAVERS_OWS1,0.0,0.0,False,0.0
2024-06-17,3,CALAVERS_OWS2,0.0,0.0,False,0.0
2024-06-17,3,OECCS_CT11,0.0,0.0,False,0.0
2024-06-17,3,OECCS_CT12,0.0,0.0,False,0.0
2024-06-17,3,OECCS_CT21,0.0,0.0,False,0.0
2024-06-17,3,OECCS_CT22,0.0,0.0,False,0.0
2024-06-17,3,OECCS_UNIT1,0.0,0.0,False,0.0
2024-06-17,3,OECCS_UNIT2,0.0,0.0,False,0.0
2024-06-17,3,VICTPRT2_UNIT1,0.0,0.0,False,0.0
2024-06-17,3,VICTPRT2_UNIT2,0.0,0.0,False,0.0
2024-06-17,3,PANDA_S_SHER1CT1,232.0,0.0,True,6496.0
2024-06-17,3,PANDA_S_SHER1CT2,232.0,0.0,True,6496.0
2024-06-17,3,PANDA_S_SHER1ST1,353.1,0.0,True,9886.8
2024-06-17,3,PANDA_T1_TMPL1CT1,0.0,0.0,False,0.0
2024-06-17,3,PANDA_T1_TMPL1CT2,69.6,162.4,True,1948.8
2024-06-17,3,PANDA_T1_TMPL1ST1,353.1,0.0,True,9886.8
2024-06-17,3,PANDA_T2_TMPL2CT1,69.6,162.4,True,1948.8
2024-06-17,3,PANDA_T2_TMPL2CT2,176.11134940654617,55.88865059345383,True,4931.1178
2024-06-17,3,PANDA_T2_TMPL2ST1,353.1,0.0,True,9886.8
2024-06-17,3,TNSKA_GT1,0.0,0.0,False,0.0
2024-06-17,3,TNSKA_GT2,0.0,0.0,False,0.0
2024-06-17,3,TNSKA_STG,0.0,0.0,False,0.0
2024-06-17,3,PSG_PSG_GT2,215.1,0.0,True,6022.8
2024-06-17,3,PSG_PSG_GT3,123.46072606014343,91.63927393985657,True,3456.9003
2024-06-17,3,PSG_PSG_ST2,195.5,0.0,True,5474.0
2024-06-17,3,PEARSAL2_AGR_A,0.0,0.0,False,0.0
2024-06-17,3,PEARSAL2_AGR_B,0.0,0.0,False,0.0
2024-06-17,3,PEARSAL2_AGR_C,0.0,0.0,False,0.0
2024-06-17,3,PEARSAL2_AGR_D,0.0,0.0,False,0.0
2024-06-17,3,PB2SES_CT1,0.0,0.0,False,0.0
2024-06-17,3,PB2SES_CT2,0.0,0.0,False,0.0
2024-06-17,3,PB2SES_CT3,0.0,0.0,False,0.0
2024-06-17,3,PB2SES_CT4,0.0,0.0,False,0.0
2024-06-17,3,PB2SES_CT5,0.0,0.0,False,0.0
2024-06-17,3,PRO_UNIT1,6.05,54.45,True,254.1
2024-06-17,3,PRO_UNIT2,10.171010059508067,50.32898994049194,True,427.1824
2024-06-17,3,PRO_UNIT3,6.05,54.45,True,254.1
2024-06-17,3,PRO_UNIT4,6.05,54.45,True,254.1
2024-06-17,3,PRO_UNIT5,6.05,54.45,True,254.1
2024-06-17,3,PRO_UNIT6,6.05,54.45,True,254.1
2024-06-17,3,PRO_UNIT7,6.05,54.45,True,254.1
2024-06-17,3,PRO_UNIT8,6.05,54.45,True,254.1
2024-06-17,3,BAC_CTG1,0.0,0.0,False,0.0
2024-06-17,3,BAC_CTG2,0.0,0.0,False,0.0
2024-06-17,3,BAC_CTG3,0.0,0.0,False,0.0
2024-06-17,3,BAC_CTG4,0.0,0.0,False,0.0
2024-06-17,3,BAC_CTG5,0.0,0.0,False,0.0
2024-06-17,3,BAC_CTG6,0.0,0.0,False,0.0
2024-06-17,3,STEAM1A_STEAM_1,0.0,0.0,False,0.0
2024-06-17,3,STEAM_STEAM_2,0.0,0.0,False,0.0
2024-06-17,3,STEAM_STEAM_3,0.0,0.0,False,0.0
2024-06-17,3,QALSW_GT1,0.0,0.0,False,0.0
2024-06-17,3,QALSW_GT2,0.0,0.0,False,0.0
2024-06-17,3,QALSW_GT3,0.0,0.0,False,0.0
2024-06-17,3,QALSW_GT4,0.0,0.0,False,0.0
2024-06-17,3,QALSW_STG1,0.0,0.0,False,0.0
2024-06-17,3,QALSW_STG2,0.0,0.0,False,0.0
2024-06-17,3,MIL_MILLERG4,0.0,0.0,False,0.0
2024-06-17,3,MIL_MILLERG5,0.0,0.0,False,0.0
2024-06-17,3,MIL_MILLERG1,0.0,0.0,False,0.0
2024-06-17,3,MIL_MILLERG2,0.0,0.0,False,0.0
2024-06-17,3,MIL_MILLERG3,0.0,0.0,False,0.0
2024-06-17,3,OLINGR_OLING_4,0.0,0.0,False,0.0
2024-06-17,3,OLINGR_OLING_2,0.0,0.0,False,0.0
2024-06-17,3,OLINGR_OLING_3,0.0,0.0,False,0.0
2024-06-17,3,RAB_UNIT1,0.0,0.0,False,0.0
2024-06-17,3,RAB_UNIT2,0.0,0.0,False,0.0
2024-06-17,3,RAB_UNIT3,0.0,0.0,False,0.0
2024-06-17,3,RAB_UNIT4,0.0,0.0,False,0.0
2024-06-17,3,RAB_UNIT5,0.0,0.0,False,0.0
2024-06-17,3,RAB_UNIT6,0.0,0.0,False,0.0
2024-06-17,3,RAB_UNIT7,0.0,0.0,False,0.0
2024-06-17,3,RAB_UNIT8,0.0,0.0,False,0.0
2024-06-17,3,REDGATE_AGR_A,0.0,0.0,False,0.0
2024-06-17,3,REDGATE_AGR_B,0.0,0.0,False,0.0
2024-06-17,3,REDGATE_AGR_C,0.0,0.0,False,0.0
2024-06-17,3,REDGATE_AGR_D,0.0,0.0,False,0.0
2024-06-17,3,JAD_UNIT1,6.05,54.45,True,254.1
2024-06-17,3,JAD_UNIT2,6.05,54.45,True,254.1
2024-06-17,3,JAD_UNIT3,6.05,54.45,True,254.1
2024-06-17,3,JAD_UNIT4,6.05,54.45,True,254.1
2024-06-17,3,JAD_UNIT5,6.05,54.45,True,254.1
2024-06-17,3,JAD_UNIT6,60.5,0.0,True,2541.0
2024-06-17,3,JAD_UNIT7,60.5,0.0,True,2541.0
2024-06-17,3,JAD_UNIT8,6.05,54.45,True,254.1
2024-06-17,3,RIONOG_CT1,0.0,0.0,False,0.0
2024-06-17,3,RIONOG_CT2,0.0,0.0,False,0.0
2024-06-17,3,RIONOG_CT3,0.0,0.0,False,0.0
2024-06-17,3,RIONOG_ST1,0.0,0.0,False,0.0
2024-06-17,3,RAYBURN_RAYBURG7,19.92159033598289,40.57840966401711,True,557.8045
2024-06-17,3,RAYBURN_RAYBURG8,18.15,42.35,True,508.2
2024-06-17,3,RAYBURN_RAYBURG9,18.15,42.35,True,508.2
2024-06-17,3,RAYBURN_RAYBURG10,12.6,29.4,True,352.8
2024-06-17,3,SJS_SJS_G1,0.0,0.0,False,0.0
2024-06-17,3,SJS_SJS_G2,0.0,0.0,False,0.0
2024-06-17,3,SANDHSYD_SH1,0.0,0.0,False,0.0
2024-06-17,3,SANDHSYD_SH2,0.0,0.0,False,0.0
2024-06-17,3,SANDHSYD_SH3,0.0,0.0,False,0.0
2024-06-17,3,SANDHSYD_SH4,0.0,0.0,False,0.0
2024-06-17,3,SANDHSYD_SH_5A,0.0,0.0,False,0.0
2024-06-17,3,SANDHSYD_SH6,0.0,0.0,False,0.0
2024-06-17,3,SANDHSYD_SH7,0.0,0.0,False,0.0
2024-06-17,3,SANDHSYD_SH_5C,0.0,0.0,False,0.0
2024-06-17,3,SILASRAY_SILAS_10,0.0,0.0,False,0.0
2024-06-17,3,SILASRAY_SILAS_9,0.0,0.0,False,0.0
2024-06-17,3,SILASRAY_SILAS_6,0.0,0.0,False,0.0
2024-06-17,3,GIDEON_GIDEONG1,0.0,0.0,False,0.0
2024-06-17,3,GIDEON_GIDEONG2,0.0,0.0,False,0.0
2024-06-17,3,GIDEON_GIDEONG3,0.0,0.0,False,0.0
2024-06-17,3,SKY1_SKY1A,0.0,0.0,False,0.0
2024-06-17,3,SKY1_SKY1B,0.0,0.0,False,0.0
2024-06-17,3,SPNCER_SPNCE_4,0.0,0.0,False,0.0
2024-06-17,3,SPNCER_SPNCE_5,0.0,0.0,False,0.0
2024-06-17,3,SCSES_UNIT1A,0.0,0.0,False,0.0
2024-06-17,3,SCSES_UNIT2,0.0,0.0,False,0.0
2024-06-17,3,THW_THWGT_1,0.0,0.0,False,0.0
2024-06-17,3,THW_THWGT31,51.3,0.0,True,1436.4
2024-06-17,3,THW_THWGT32,51.3,0.0,True,1436.4
2024-06-17,3,THW_THWGT33,51.3,0.0,True,1436.4
2024-06-17,3,THW_THWGT34,51.3,0.0,True,1436.4
2024-06-17,3,THW_THWGT41,51.3,0.0,True,1436.4
2024-06-17,3,THW_THWGT42,51.3,0.0,True,1436.4
2024-06-17,3,THW_THWGT43,62.0,0.0,True,1736.0
2024-06-17,3,THW_THWGT44,62.0,0.0,True,1736.0
2024-06-17,3,THW_THWGT51,0.0,0.0,False,0.0
2024-06-17,3,THW_THWGT52,0.0,0.0,False,0.0
2024-06-17,3,THW_THWGT53,0.0,0.0,False,0.0
2024-06-17,3,THW_THWGT54,0.0,0.0,False,0.0
2024-06-17,3,THW_THWGT55,0.0,0.0,False,0.0
2024-06-17,3,THW_THWGT56,0.0,0.0,False,0.0
2024-06-17,3,THW_THWST_3,113.1,0.0,True,3166.8
2024-06-17,3,THW_THWST_4,113.1,0.0,True,3166.8
2024-06-17,3,TXCTY_CTA,129.1,0.0,True,3614.8
2024-06-17,3,TXCTY_CTB,129.1,0.0,True,3614.8
2024-06-17,3,TXCTY_CTC,129.1,0.0,True,3614.8
2024-06-17,3,TXCTY_ST,143.7,0.0,True,4023.6
2024-06-17,3,TGS_GT01,0.0,0.0,False,0.0
2024-06-17,3,TIMPP_AGR1,0.0,0.0,False,0.0
2024-06-17,3,TIMPP_AGR2,0.0,0.0,False,0.0
2024-06-17,3,TIMPP_AGR3,0.0,0.0,False,0.0
2024-06-17,3,TIMPP_AGR4,0.0,0.0,False,0.0
2024-06-17,3,TRSES_UNIT6,0.0,0.0,False,0.0
2024-06-17,3,TOPAZ_UNIT1,0.0,0.0,False,0.0
2024-06-17,3,TOPAZ_UNIT2,0.0,0.0,False,0.0
2024-06-17,3,TOPAZ_UNIT3,0.0,0.0,False,0.0
2024-06-17,3,TOPAZ_UNIT4,0.0,0.0,False,0.0
2024-06-17,3,TOPAZ_UNIT5,0.0,0.0,False,0.0
2024-06-17,3,TOPAZ_UNIT6,0.0,0.0,False,0.0
2024-06-17,3,TOPAZ_UNIT7,0.0,0.0,False,0.0
2024-06-17,3,TOPAZ_UNIT8,0.0,0.0,False,0.0
2024-06-17,3,TOPAZ_UNIT9,0.0,0.0,False,0.0
2024-06-17,3,TOPAZ_UNIT10,0.0,0.0,False,0.0
2024-06-17,3,BRAUNIG_VHB6CT5,0.0,0.0,False,0.0
2024-06-17,3,BRAUNIG_VHB6CT6,0.0,0.0,False,0.0
2024-06-17,3,BRAUNIG_VHB6CT7,0.0,0.0,False,0.0
2024-06-17,3,BRAUNIG_VHB6CT8,0.0,0.0,False,0.0
2024-06-17,3,CITYVICT_CTG01,0.0,0.0,False,0.0
2024-06-17,3,CITYVICT_CTG02,0.0,0.0,False,0.0
2024-06-17,3,VICTPORT_CTG01,0.0,0.0,False,0.0
2024-06-17,3,VICTPORT_CTG02,0.0,0.0,False,0.0
2024-06-17,3,VICTORIA_VICTORG6,0.0,0.0,False,0.0
2024-06-17,3,VICTORIA_VICTORG5,0.0,0.0,False,0.0
2024-06-17,3,WAP_WAPGT_1,0.0,0.0,False,0.0
2024-06-17,3,WAP_WAP_G1,0.0,0.0,False,0.0
2024-06-17,3,WAP_WAP_G2,0.0,0.0,False,0.0
2024-06-17,3,WAP_WAP_G3,0.0,0.0,False,0.0
2024-06-17,3,WAP_WAP_G4,0.0,0.0,False,0.0
2024-06-17,3,WFCOGEN_UNIT1,0.0,0.0,False,0.0
2024-06-17,3,WFCOGEN_UNIT2,0.0,0.0,False,0.0
2024-06-17,3,WFCOGEN_UNIT3,0.0,0.0,False,0.0
2024-06-17,3,WIPOPA_WPP_G1,0.0,0.0,False,0.0
2024-06-17,3,WIPOPA_WPP_G2,0.0,0.0,False,0.0
2024-06-17,3,WIPOPA_WPP_G3,0.0,0.0,False,0.0
2024-06-17,3,WIPOPA_WPP_G4,0.0,0.0,False,0.0
2024-06-17,3,WCPP_CT1,0.0,0.0,False,0.0
2024-06-17,3,WCPP_CT2,0.0,0.0,False,0.0
2024-06-17,3,WCPP_ST1,0.0,0.0,False,0.0
2024-06-17,3,WHCCS_CT1,0.0,0.0,False,0.0
2024-06-17,3,WHCCS_CT2,0.0,0.0,False,0.0
2024-06-17,3,WHCCS_STG,0.0,0.0,False,0.0
2024-06-17,3,WHCCS2_CT4,0.0,0.0,False,0.0
2024-06-17,3,WHCCS2_CT5,0.0,0.0,False,0.0
2024-06-17,3,WHCCS2_STG6,0.0,0.0,False,0.0
2024-06-17,3,NACPW_UNIT1,0.0,0.0,False,0.0
2024-06-17,3,HBR_2UNITS,0.0,0.0,False,0.0
2024-06-17,3,TRIRA_1UNIT,0.0,0.0,False,0.0
2024-06-17,3,78252_4UNITS,0.0,0.0,False,0.0
2024-06-17,3,SPRIN_4UNITS,0.0,0.0,False,0.0
2024-06-17,3,FREIH_2UNITS,0.0,0.0,False,0.0
2024-06-17,3,WSTHL_3UNITS,0.0,0.0,False,0.0
2024-06-17,3,FEGC_CTG2,0.0,0.0,False,0.0
2024-06-17,3,FEGC_CTG3,0.0,0.0,False,0.0
2024-06-17,3,FEGC_CTG4,0.0,0.0,False,0.0
2024-06-17,3,OLNEYTN_AGR1,0.0,0.0,False,0.0
2024-06-17,3,AMISTAD_AMISTAG1,0.0,0.0,False,0.0
2024-06-17,3,AMISTAD_AMISTAG2,0.0,0.0,False,0.0
2024-06-17,3,AUSTPL_AUSTING1,9.0,0.0,True,9.0
2024-06-17,3,AUSTPL_AUSTING2,9.0,0.0,True,9.0
2024-06-17,3,BUCHAN_BUCHANG1,18.299999999999997,3.552713678800501e-15,True,18.3
2024-06-17,3,BUCHAN_BUCHANG2,8.59595810931564,9.704041890684362,True,8.596
2024-06-17,3,BUCHAN_BUCHANG3,18.299999999999997,3.552713678800501e-15,True,18.3
2024-06-17,3,DNDAM_DENISOG1,50.8,0.0,True,50.8
2024-06-17,3,DNDAM_DENISOG2,50.8,0.0,True,50.8
2024-06-17,3,FALCON_FALCONG1,2.4595543734757515,9.54044562652425,True,2.4596
2024-06-17,3,FALCON_FALCONG2,12.0,0.0,True,12.0
2024-06-17,3,FALCON_FALCONG3,12.0,0.0,True,12.0
2024-06-17,3,WIRTZ_WIRTZ_G1,29.0,0.0,True,29.0
2024-06-17,3,WIRTZ_WIRTZ_G2,29.0,0.0,True,29.0
2024-06-17,3,CANYHY_CANYHYG1,6.0,0.0,True,6.0
2024-06-17,3,INKSDA_INKS_G1,15.0,0.0,True,15.0
2024-06-17,3,MARBFA_MARBFAG1,21.0,0.0,True,21.0
2024-06-17,3,MARBFA_MARBFAG2,20.0,0.0,True,20.0
2024-06-17,3,MARSFO_MARSFOG1,3.6,32.4,True,3.6
2024-06-17,3,MARSFO_MARSFOG2,3.6,32.4,True,3.6
2024-06-17,3,MARSFO_MARSFOG3,3.6,32.4,True,3.6
2024-06-17,3,WND_WHITNEY1,22.0,0.0,True,22.0
2024-06-17,3,WND_WHITNEY2,22.0,0.0,True,22.0
2024-06-17,3,AEEC_ANTLP_1,0.0,0.0,False,0.0
2024-06-17,3,AEEC_ANTLP_2,0.0,0.0,False,0.0
2024-06-17,3,AEEC_ANTLP_3,0.0,0.0,False,0.0
2024-06-17,3,AEEC_ELK_1,0.0,0.0,False,0.0
2024-06-17,3,AEEC_ELK_2,0.0,0.0,False,0.0
2024-06-17,3,AEEC_ELK_3,0.0,0.0,False,0.0
2024-06-17,3,FTR_FTR_G1,185.0,0.0,True,5180.0
2024-06-17,3,FTR_FTR_G2,185.0,0.0,True,5180.0
2024-06-17,3,FTR_FTR_G3,185.0,0.0,True,5180.0
2024-06-17,3,FTR_FTR_G4,400.0,0.0,True,11200.0
2024-06-17,3,TGCCS_CT1,0.0,0.0,False,0.0
2024-06-17,3,TGCCS_CT2,0.0,0.0,False,0.0
2024-06-17,3,TGCCS_CT3,0.0,0.0,False,0.0
2024-06-17,3,TGCCS_UNIT4,0.0,0.0,False,0.0
2024-06-17,3,KMCHI_1CT101,185.0,0.0,True,5180.0
2024-06-17,3,KMCHI_1CT201,185.0,0.0,True,5180.0
2024-06-17,3,KMCHI_1ST,330.0,0.0,True,9240.0
2024-06-17,3,KMCHI_2CT101,185.0,0.0,True,5180.0
2024-06-17,3,KMCHI_2CT201,185.0,0.0,True,5180.0
2024-06-17,3,KMCHI_2ST,330.0,0.0,True,9240.0
2024-06-17,3,A4_DGR1,0.0,0.0,False,0.0
2024-06-17,3,A4_DGR2,0.0,0.0,False,0.0
2024-06-17,3,K2_DGR1,0.0,0.0,False,0.0
2024-06-17,3,K2_DGR2,0.0,0.0,False,0.0
2024-06-17,3,P2_DGR1,0.0,0.0,False,0.0
2024-06-17,3,P2_DGR2,0.0,0.0,False,0.0
2024-06-17,3,Q1_DGR1,0.0,0.0,False,0.0
2024-06-17,3,BRAUNIG_VHB3,0.0,0.0,False,0.0
2024-06-17,3,V2_DGR1,0.0,0.0,False,0.0
2024-06-17,3,V2_DGR2,0.0,0.0,False,0.0
2024-06-17,3,V2_DGR3,0.0,0.0,False,0.0
2024-06-17,3,V4_DGR1,0.0,0.0,False,0.0
2024-06-17,3,X1_DGR1,0.0,0.0,False,0.0
2024-06-17,3,Z0_DGR1,0.0,0.0,False,0.0
2024-06-17,3,Z0_DGR2,0.0,0.0,False,0.0
2024-06-17,3,Z5_DGR1,0.0,0.0,False,0.0
2024-06-17,3,DC_E,0.0,0.0,False,0.0
2024-06-17,3,DC_N,0.0,0.0,False,0.0
2024-06-17,3,DC_L,0.0,0.0,False,0.0
2024-06-17,3,DC_R,0.0,0.0,False,0.0
2024-06-17,3,CEDARVALE_GAS,0.0,0.0,False,0.0
2024-06-17,3,ENCHANTED_ROCK_NEWPP,0.0,0.0,False,0.0
2024-06-17,4,CPSES_UNIT1,1269.0,0.0,True,10152.0
2024-06-17,4,CPSES_UNIT2,1269.0,0.0,True,10152.0
2024-06-17,4,STP_STP_G1,1228.5,136.5,True,9828.0
2024-06-17,4,STP_STP_G2,1228.5,136.5,True,9828.0
2024-06-17,4,COLETO_COLETOG1,0.0,0.0,False,0.0
2024-06-17,4,FPPYD1_FPP_G1,0.0,0.0,False,0.0
2024-06-17,4,FPPYD1_FPP_G2,0.0,0.0,False,0.0
2024-06-17,4,FPPYD2_FPP_G3,0.0,0.0,False,0.0
2024-06-17,4,CALAVERS_JKS1,0.0,0.0,False,0.0
2024-06-17,4,CALAVERS_JKS2,0.0,0.0,False,0.0
2024-06-17,4,LEG_LEG_G1,893.0,0.0,True,22325.0
2024-06-17,4,LEG_LEG_G2,956.8,0.0,True,23920.0
2024-06-17,4,MLSES_UNIT1,893.0,0.0,True,22325.0
2024-06-17,4,MLSES_UNIT2,512.6521016844865,380.3478983155135,True,12816.3025
2024-06-17,4,MLSES_UNIT3,893.0,0.0,True,22325.0
2024-06-17,4,OGSES_UNIT1A,916.8,0.0,True,22920.0
2024-06-17,4,OGSES_UNIT2,916.8,0.0,True,22920.0
2024-06-17,4,SANMIGL_G1,0.0,0.0,False,0.0
2024-06-17,4,SCES_UNIT1,1005.9034000000004,2.0965999999996257,True,25147.585
2024-06-17,4,TNP_ONE_TNP_O_1,174.6,0.0,True,4365.0
2024-06-17,4,TNP_ONE_TNP_O_2,174.6,0.0,True,4365.0
2024-06-17,4,WAP_WAP_G5,0.0,0.0,False,0.0
2024-06-17,4,WAP_WAP_G6,0.0,0.0,False,0.0
2024-06-17,4,WAP_WAP_G7,0.0,0.0,False,0.0
2024-06-17,4,WAP_WAP_G8,654.0,0.0,True,16350.0
2024-06-17,4,BRAUNIG_AVR1_CT1,0.0,0.0,False,0.0
2024-06-17,4,BRAUNIG_AVR1_CT2,0.0,0.0,False,0.0
2024-06-17,4,BRAUNIG_AVR1_ST,0.0,0.0,False,0.0
2024-06-17,4,ATKINS_ATKINSG7,0.0,0.0,False,0.0
2024-06-17,4,B_DAVIS_B_DAVIG3,0.0,0.0,False,0.0
2024-06-17,4,B_DAVIS_B_DAVIG4,0.0,0.0,False,0.0
2024-06-17,4,B_DAVIS_B_DAVIG1,0.0,0.0,False,0.0
2024-06-17,4,B_DAVIS_B_DAVIG2,0.0,0.0,False,0.0
2024-06-17,4,BASTEN_GTG1100,0.0,0.0,False,0.0
2024-06-17,4,BASTEN_GTG2100,0.0,0.0,False,0.0
2024-06-17,4,BASTEN_ST0100,0.0,0.0,False,0.0
2024-06-17,4,BCH_UNIT1,0.0,0.0,False,0.0
2024-06-17,4,BCH_UNIT2,0.0,0.0,False,0.0
2024-06-17,4,BCH_UNIT3,0.0,0.0,False,0.0
2024-06-17,4,BCH_UNIT4,0.0,0.0,False,0.0
2024-06-17,4,BCH_UNIT5,0.0,0.0,False,0.0
2024-06-17,4,BCH_UNIT6,0.0,0.0,False,0.0
2024-06-17,4,BCH_UNIT7,0.0,0.0,False,0.0
2024-06-17,4,BCH_UNIT8,0.0,0.0,False,0.0
2024-06-17,4,BOSQUESW_BSQSU_1,0.0,0.0,False,0.0
2024-06-17,4,BOSQUESW_BSQSU_2,0.0,0.0,False,0.0
2024-06-17,4,BOSQUESW_BSQSU_3,0.0,0.0,False,0.0
2024-06-17,4,BOSQUESW_BSQSU_4,0.0,0.0,False,0.0
2024-06-17,4,BOSQUESW_BSQSU_5,0.0,0.0,False,0.0
2024-06-17,4,BVE_UNIT1,0.0,0.0,False,0.0
2024-06-17,4,BVE_UNIT2,0.0,0.0,False,0.0
2024-06-17,4,BVE_UNIT3,0.0,0.0,False,0.0
2024-06-17,4,BTM_UNIT1,0.0,0.0,False,0.0
2024-06-17,4,BTM_UNIT2,0.0,0.0,False,0.0
2024-06-17,4,BTM_UNIT3,0.0,0.0,False,0.0
2024-06-17,4,BTM_UNIT4,0.0,0.0,False,0.0
2024-06-17,4,BTM_UNIT5,0.0,0.0,False,0.0
2024-06-17,4,BTM_UNIT6,0.0,0.0,False,0.0
2024-06-17,4,BTM_UNIT7,0.0,0.0,False,0.0
2024-06-17,4,BTM_UNIT8,0.0,0.0,False,0.0
2024-06-17,4,FLCNS_UNIT1,0.0,0.0,False,0.0
2024-06-17,4,FLCNS_UNIT2,0.0,0.0,False,0.0
2024-06-17,4,CALHOUN_UNIT1,0.0,0.0,False,0.0
2024-06-17,4,CALHOUN_UNIT2,0.0,0.0,False,0.0
2024-06-17,4,CHAMON_CTG_0101,0.0,0.0,False,0.0
2024-06-17,4,CHAMON_CTG_0301,0.0,0.0,False,0.0
2024-06-17,4,CBY4_CT41,205.0,0.0,True,5740.0
2024-06-17,4,CBY4_CT42,205.0,0.0,True,5740.0
2024-06-17,4,CBY4_ST04,205.0,0.0,True,5740.0
2024-06-17,4,CBY_CBY_G1,765.0,0.0,True,26775.0
2024-06-17,4,CBY_CBY_G2,765.0,0.0,True,26775.0
2024-06-17,4,CBEC_GT1,0.0,0.0,False,0.0
2024-06-17,4,CBEC_GT2,0.0,0.0,False,0.0
2024-06-17,4,CBEC_GT3,0.0,0.0,False,0.0
2024-06-17,4,CBEC_GT4,0.0,0.0,False,0.0
2024-06-17,4,CBEC_STG1,0.0,0.0,False,0.0
2024-06-17,4,CBEC_STG2,0.0,0.0,False,0.0
2024-06-17,4,CBECII_CT7,0.0,0.0,False,0.0
2024-06-17,4,CBECII_CT8,0.0,0.0,False,0.0
2024-06-17,4,CBECII_STG9,0.0,0.0,False,0.0
2024-06-17,4,CBEC_GT11,0.0,0.0,False,0.0
2024-06-17,4,CBEC_GT12,0.0,0.0,False,0.0
2024-06-17,4,CVC_CVC_G1,192.09999999999994,5.684341886080802e-14,True,5378.8
2024-06-17,4,CVC_CVC_G2,192.1,0.0,True,5378.8
2024-06-17,4,CVC_CVC_G3,192.1,0.0,True,5378.8
2024-06-17,4,CVC_CVC_G5,150.0,0.0,True,4200.0
2024-06-17,4,DANSBY_DANSBYG2,0.0,0.0,False,0.0
2024-06-17,4,DANSBY_DANSBYG3,0.0,0.0,False,0.0
2024-06-17,4,DANSBY_DANSBYG1,0.0,0.0,False,0.0
2024-06-17,4,DECKER_DPGT_1,0.0,0.0,False,0.0
2024-06-17,4,DECKER_DPGT_2,0.0,0.0,False,0.0
2024-06-17,4,DECKER_DPGT_3,0.0,0.0,False,0.0
2024-06-17,4,DECKER_DPGT_4,0.0,0.0,False,0.0
2024-06-17,4,DCSES_CT10,0.0,0.0,False,0.0
2024-06-17,4,DCSES_CT20,0.0,0.0,False,0.0
2024-06-17,4,DCSES_CT30,0.0,0.0,False,0.0
2024-06-17,4,DCSES_CT40,0.0,0.0,False,0.0
2024-06-17,4,DDPEC_GT1,60.9,0.0,True,1705.2
2024-06-17,4,DDPEC_GT2,215.0,0.0,True,6020.0
2024-06-17,4,DDPEC_GT3,60.9,0.0,True,1705.2
2024-06-17,4,DDPEC_GT4,89.51680000000255,125.48319999999745,True,2506.4704
2024-06-17,4,DDPEC_GT6,199.0,0.0,True,5572.0
2024-06-17,4,DDPEC_ST1,87.0,203.0,True,2436.0
2024-06-17,4,DEC_AGR_A,0.0,0.0,False,0.0
2024-06-17,4,DEC_AGR_B,0.0,0.0,False,0.0
2024-06-17,4,DEC_AGR_C,0.0,0.0,False,0.0
2024-06-17,4,DEC_AGR_D,0.0,0.0,False,0.0
2024-06-17,4,ECEC_G1,0.0,0.0,False,0.0
2024-06-17,4,ECEC_G2,0.0,0.0,False,0.0
2024-06-17,4,ETCCS_CT1,0.0,0.0,False,0.0
2024-06-17,4,ETCCS_UNIT1,0.0,0.0,False,0.0
2024-06-17,4,AZ_AZ_G1,40.0,0.0,True,1680.0
2024-06-17,4,AZ_AZ_G2,40.0,0.0,True,1680.0
2024-06-17,4,AZ_AZ_G3,40.0,0.0,True,1680.0
2024-06-17,4,AZ_AZ_G4,40.0,0.0,True,1680.0
2024-06-17,4,FERGCC_FERGGT1,0.0,0.0,False,0.0
2024-06-17,4,FERGCC_FERGGT2,0.0,0.0,False,0.0
2024-06-17,4,FERGCC_FERGST1,0.0,0.0,False,0.0
2024-06-17,4,FRNYPP_GT11,196.7,0.0,True,5507.6
2024-06-17,4,FRNYPP_GT12,196.7,0.0,True,5507.6
2024-06-17,4,FRNYPP_GT13,196.7,0.0,True,5507.6
2024-06-17,4,FRNYPP_GT21,196.7,0.0,True,5507.6
2024-06-17,4,FRNYPP_GT22,59.01,0.0,True,1652.28
2024-06-17,4,FRNYPP_GT23,196.7,0.0,True,5507.6
2024-06-17,4,FRNYPP_ST10,0.0,0.0,False,0.0
2024-06-17,4,FRNYPP_ST20,422.0,0.0,True,11816.0
2024-06-17,4,FREC_GT1,0.0,0.0,False,0.0
2024-06-17,4,FREC_GT2,0.0,0.0,False,0.0
2024-06-17,4,FREC_GT4,0.0,0.0,False,0.0
2024-06-17,4,FREC_GT5,0.0,0.0,False,0.0
2024-06-17,4,FREC_ST3,0.0,0.0,False,0.0
2024-06-17,4,FREC_ST6,0.0,0.0,False,0.0
2024-06-17,4,FEGC_UNIT1,0.0,0.0,False,0.0
2024-06-17,4,FRONT_EC_CT1,0.0,0.0,False,0.0
2024-06-17,4,FRONT_EC_CT2,0.0,0.0,False,0.0
2024-06-17,4,FRONT_EC_ST,0.0,0.0,False,0.0
2024-06-17,4,GRSES_UNIT1,0.0,0.0,False,0.0
2024-06-17,4,GRSES_UNIT2,0.0,0.0,False,0.0
2024-06-17,4,GBY_GBYGT73,0.0,0.0,False,0.0
2024-06-17,4,GBY_GBYGT74,0.0,0.0,False,0.0
2024-06-17,4,GBY_GBYGT81,0.0,0.0,False,0.0
2024-06-17,4,GBY_GBYGT82,0.0,0.0,False,0.0
2024-06-17,4,GBY_GBYGT83,0.0,0.0,False,0.0
2024-06-17,4,GBY_GBYGT84,0.0,0.0,False,0.0
2024-06-17,4,STEAM_ENGINE_1,0.0,0.0,False,0.0
2024-06-17,4,STEAM_ENGINE_2,0.0,0.0,False,0.0
2024-06-17,4,STEAM_ENGINE_3,0.0,0.0,False,0.0
2024-06-17,4,LGE_LGE_GT1,0.0,0.0,False,0.0
2024-06-17,4,LGE_LGE_GT2,0.0,0.0,False,0.0
2024-06-17,4,LGE_LGE_STG,0.0,0.0,False,0.0
2024-06-17,4,GUADG_GAS1,0.0,0.0,False,0.0
2024-06-17,4,GUADG_GAS2,0.0,0.0,False,0.0
2024-06-17,4,GUADG_GAS3,0.0,0.0,False,0.0
2024-06-17,4,GUADG_GAS4,0.0,0.0,False,0.0
2024-06-17,4,GUADG_STM5,0.0,0.0,False,0.0
2024-06-17,4,GUADG_STM6,0.0,0.0,False,0.0
2024-06-17,4,HLSES_UNIT3,0.0,0.0,False,0.0
2024-06-17,4,HLSES_UNIT4,0.0,0.0,False,0.0
2024-06-17,4,HLSES_UNIT5,0.0,0.0,False,0.0
2024-06-17,4,HAYSEN_HAYSENG1,0.0,0.0,False,0.0
2024-06-17,4,HAYSEN_HAYSENG2,0.0,0.0,False,0.0
2024-06-17,4,HAYSEN_HAYSENG3,0.0,0.0,False,0.0
2024-06-17,4,HAYSEN_HAYSENG4,0.0,0.0,False,0.0
2024-06-17,4,DUKE_DUKE_GT1,0.0,0.0,False,0.0
2024-06-17,4,DUKE_DUKE_GT2,0.0,0.0,False,0.0
2024-06-17,4,DUKE_DUKE_ST1,0.0,0.0,False,0.0
2024-06-17,4,JACKCNTY_CT1,0.0,0.0,False,0.0
2024-06-17,4,JACKCNTY_CT2,0.0,0.0,False,0.0
2024-06-17,4,JCKCNTY2_CT3,0.0,0.0,False,0.0
2024-06-17,4,JCKCNTY2_CT4,0.0,0.0,False,0.0
2024-06-17,4,JACKCNTY_STG,0.0,0.0,False,0.0
2024-06-17,4,JCKCNTY2_ST2,0.0,0.0,False,0.0
2024-06-17,4,TEN_CT1,0.0,0.0,False,0.0
2024-06-17,4,TEN_STG,0.0,0.0,False,0.0
2024-06-17,4,LHSES_UNIT1,0.0,0.0,False,0.0
2024-06-17,4,LHSES_UNIT2A,0.0,0.0,False,0.0
2024-06-17,4,LPCCS_CT11,0.0,0.0,False,0.0
2024-06-17,4,LPCCS_CT12,0.0,0.0,False,0.0
2024-06-17,4,LPCCS_CT21,0.0,0.0,False,0.0
2024-06-17,4,LPCCS_CT22,0.0,0.0,False,0.0
2024-06-17,4,LPCCS_UNIT1,0.0,0.0,False,0.0
2024-06-17,4,LPCCS_UNIT2,64.8,0.0,True,1814.4
2024-06-17,4,LARDVFTN_G4,0.0,0.0,False,0.0
2024-06-17,4,LARDVFTN_G5,0.0,0.0,False,0.0
2024-06-17,4,LEON_CRK_LCPCT1,0.0,0.0,False,0.0
2024-06-17,4,LEON_CRK_LCPCT2,0.0,0.0,False,0.0
2024-06-17,4,LEON_CRK_LCPCT3,0.0,0.0,False,0.0
2024-06-17,4,LEON_CRK_LCPCT4,0.0,0.0,False,0.0
2024-06-17,4,LIG_UNIT1,0.0,0.0,False,0.0
2024-06-17,4,LIG_UNIT2,0.0,0.0,False,0.0
2024-06-17,4,LOSTPI_LOSTPGT1,0.0,0.0,False,0.0
2024-06-17,4,LOSTPI_LOSTPGT2,0.0,0.0,False,0.0
2024-06-17,4,LOSTPI_LOSTPST1,0.0,0.0,False,0.0
2024-06-17,4,NEDIN_NEDIN_G1,0.0,0.0,False,0.0
2024-06-17,4,NEDIN_NEDIN_G2,0.0,0.0,False,0.0
2024-06-17,4,NEDIN_NEDIN_G3,0.0,0.0,False,0.0
2024-06-17,4,MDANP_CT1,0.0,0.0,False,0.0
2024-06-17,4,MDANP_CT2,0.0,0.0,False,0.0
2024-06-17,4,MDANP_CT3,0.0,0.0,False,0.0
2024-06-17,4,MDANP_CT4,0.0,0.0,False,0.0
2024-06-17,4,MDANP_CT5,0.0,0.0,False,0.0
2024-06-17,4,MDANP_CT6,0.0,0.0,False,0.0
2024-06-17,4,MGSES_CT1,0.0,0.0,False,0.0
2024-06-17,4,MGSES_CT2,0.0,0.0,False,0.0
2024-06-17,4,MGSES_CT3,0.0,0.0,False,0.0
2024-06-17,4,MGSES_CT4,0.0,0.0,False,0.0
2024-06-17,4,MGSES_CT5,0.0,0.0,False,0.0
2024-06-17,4,MGSES_CT6,0.0,0.0,False,0.0
2024-06-17,4,MCSES_UNIT6,0.0,0.0,False,0.0
2024-06-17,4,MCSES_UNIT7,0.0,0.0,False,0.0
2024-06-17,4,MCSES_UNIT8,0.0,0.0,False,0.0
2024-06-17,4,NUECES_B_NUECESG8,0.0,0.0,False,0.0
2024-06-17,4,NUECES_B_NUECESG9,0.0,0.0,False,0.0
2024-06-17,4,NUECES_B_NUECESG7,0.0,0.0,False,0.0
2024-06-17,4,CALAVERS_OWS1,0.0,0.0,False,0.0
2024-06-17,4,CALAVERS_OWS2,0.0,0.0,False,0.0
2024-06-17,4,OECCS_CT11,0.0,0.0,False,0.0
2024-06-17,4,OECCS_CT12,0.0,0.0,False,0.0
2024-06-17,4,OECCS_CT21,0.0,0.0,False,0.0
2024-06-17,4,OECCS_CT22,0.0,0.0,False,0.0
2024-06-17,4,OECCS_UNIT1,0.0,0.0,False,0.0
2024-06-17,4,OECCS_UNIT2,0.0,0.0,False,0.0
2024-06-17,4,VICTPRT2_UNIT1,0.0,0.0,False,0.0
2024-06-17,4,VICTPRT2_UNIT2,0.0,0.0,False,0.0
2024-06-17,4,PANDA_S_SHER1CT1,229.03735816999813,2.9626418300018713,True,6413.046
2024-06-17,4,PANDA_S_SHER1CT2,232.0,0.0,True,6496.0
2024-06-17,4,PANDA_S_SHER1ST1,353.1,0.0,True,9886.8
2024-06-17,4,PANDA_T1_TMPL1CT1,0.0,0.0,False,0.0
2024-06-17,4,PANDA_T1_TMPL1CT2,232.0,0.0,True,6496.0
2024-06-17,4,PANDA_T1_TMPL1ST1,105.93,247.17000000000002,True,2966.04
2024-06-17,4,PANDA_T2_TMPL2CT1,183.10064567904527,48.89935432095473,True,5126.8181
2024-06-17,4,PANDA_T2_TMPL2CT2,232.0,0.0,True,6496.0
2024-06-17,4,PANDA_T2_TMPL2ST1,105.93,247.17000000000002,True,2966.04
2024-06-17,4,TNSKA_GT1,0.0,0.0,False,0.0
2024-06-17,4,TNSKA_GT2,0.0,0.0,False,0.0
2024-06-17,4,TNSKA_STG,0.0,0.0,False,0.0
2024-06-17,4,PSG_PSG_GT2,215.1,0.0,True,6022.8
2024-06-17,4,PSG_PSG_GT3,126.58381691194234,88.51618308805766,True,3544.3469
2024-06-17,4,PSG_PSG_ST2,195.5,0.0,True,5474.0
2024-06-17,4,PEARSAL2_AGR_A,0.0,0.0,False,0.0
2024-06-17,4,PEARSAL2_AGR_B,0.0,0.0,False,0.0
2024-06-17,4,PEARSAL2_AGR_C,0.0,0.0,False,0.0
2024-06-17,4,PEARSAL2_AGR_D,0.0,0.0,False,0.0
2024-06-17,4,PB2SES_CT1,0.0,0.0,False,0.0
2024-06-17,4,PB2SES_CT2,0.0,0.0,False,0.0
2024-06-17,4,PB2SES_CT3,0.0,0.0,False,0.0
2024-06-17,4,PB2SES_CT4,0.0,0.0,False,0.0
2024-06-17,4,PB2SES_CT5,0.0,0.0,False,0.0
2024-06-17,4,PRO_UNIT1,60.5,0.0,True,2541.0
2024-06-17,4,PRO_UNIT2,55.899570605504906,4.6004293944950945,True,2347.782
2024-06-17,4,PRO_UNIT3,0.0,0.0,False,0.0
2024-06-17,4,PRO_UNIT4,60.5,0.0,True,2541.0
2024-06-17,4,PRO_UNIT5,0.0,0.0,False,0.0
2024-06-17,4,PRO_UNIT6,60.5,0.0,True,2541.0
2024-06-17,4,PRO_UNIT7,0.0,0.0,False,0.0
2024-06-17,4,PRO_UNIT8,60.5,0.0,True,2541.0
2024-06-17,4,BAC_CTG1,0.0,0.0,False,0.0
2024-06-17,4,BAC_CTG2,0.0,0.0,False,0.0
2024-06-17,4,BAC_CTG3,0.0,0.0,False,0.0
2024-06-17,4,BAC_CTG4,0.0,0.0,False,0.0
2024-06-17,4,BAC_CTG5,0.0,0.0,False,0.0
2024-06-17,4,BAC_CTG6,0.0,0.0,False,0.0
2024-06-17,4,STEAM1A_STEAM_1,0.0,0.0,False,0.0
2024-06-17,4,STEAM_STEAM_2,0.0,0.0,False,0.0
2024-06-17,4,STEAM_STEAM_3,0.0,0.0,False,0.0
2024-06-17,4,QALSW_GT1,0.0,0.0,False,0.0
2024-06-17,4,QALSW_GT2,0.0,0.0,False,0.0
2024-06-17,4,QALSW_GT3,0.0,0.0,False,0.0
2024-06-17,4,QALSW_GT4,0.0,0.0,False,0.0
2024-06-17,4,QALSW_STG1,0.0,0.0,False,0.0
2024-06-17,4,QALSW_STG2,0.0,0.0,False,0.0
2024-06-17,4,MIL_MILLERG4,0.0,0.0,False,0.0
2024-06-17,4,MIL_MILLERG5,0.0,0.0,False,0.0
2024-06-17,4,MIL_MILLERG1,0.0,0.0,False,0.0
2024-06-17,4,MIL_MILLERG2,0.0,0.0,False,0.0
2024-06-17,4,MIL_MILLERG3,0.0,0.0,False,0.0
2024-06-17,4,OLINGR_OLING_4,0.0,0.0,False,0.0
2024-06-17,4,OLINGR_OLING_2,0.0,0.0,False,0.0
2024-06-17,4,OLINGR_OLING_3,0.0,0.0,False,0.0
2024-06-17,4,RAB_UNIT1,0.0,0.0,False,0.0
2024-06-17,4,RAB_UNIT2,0.0,0.0,False,0.0
2024-06-17,4,RAB_UNIT3,0.0,0.0,False,0.0
2024-06-17,4,RAB_UNIT4,0.0,0.0,False,0.0
2024-06-17,4,RAB_UNIT5,0.0,0.0,False,0.0
2024-06-17,4,RAB_UNIT6,0.0,0.0,False,0.0
2024-06-17,4,RAB_UNIT7,0.0,0.0,False,0.0
2024-06-17,4,RAB_UNIT8,0.0,0.0,False,0.0
2024-06-17,4,REDGATE_AGR_A,0.0,0.0,False,0.0
2024-06-17,4,REDGATE_AGR_B,0.0,0.0,False,0.0
2024-06-17,4,REDGATE_AGR_C,0.0,0.0,False,0.0
2024-06-17,4,REDGATE_AGR_D,0.0,0.0,False,0.0
2024-06-17,4,JAD_UNIT1,60.5,0.0,True,2541.0
2024-06-17,4,JAD_UNIT2,0.0,0.0,False,0.0
2024-06-17,4,JAD_UNIT3,0.0,0.0,False,0.0
2024-06-17,4,JAD_UNIT4,60.5,0.0,True,2541.0
2024-06-17,4,JAD_UNIT5,60.5,0.0,True,2541.0
2024-06-17,4,JAD_UNIT6,60.5,0.0,True,2541.0
2024-06-17,4,JAD_UNIT7,6.05,54.45,True,254.1
2024-06-17,4,JAD_UNIT8,60.5,0.0,True,2541.0
2024-06-17,4,RIONOG_CT1,0.0,0.0,False,0.0
2024-06-17,4,RIONOG_CT2,0.0,0.0,False,0.0
2024-06-17,4,RIONOG_CT3,0.0,0.0,False,0.0
2024-06-17,4,RIONOG_ST1,0.0,0.0,False,0.0
2024-06-17,4,RAYBURN_RAYBURG7,60.5,0.0,True,1694.0
2024-06-17,4,RAYBURN_RAYBURG8,60.5,0.0,True,1694.0
2024-06-17,4,RAYBURN_RAYBURG9,60.5,0.0,True,1694.0
2024-06-17,4,RAYBURN_RAYBURG10,12.6,29.4,True,352.8
2024-06-17,4,SJS_SJS_G1,0.0,0.0,False,0.0
2024-06-17,4,SJS_SJS_G2,0.0,0.0,False,0.0
2024-06-17,4,SANDHSYD_SH1,0.0,0.0,False,0.0
2024-06-17,4,SANDHSYD_SH2,0.0,0.0,False,0.0
2024-06-17,4,SANDHSYD_SH3,0.0,0.0,False,0.0
2024-06-17,4,SANDHSYD_SH4,0.0,0.0,False,0.0
2024-06-17,4,SANDHSYD_SH_5A,0.0,0.0,False,0.0
2024-06-17,4,SANDHSYD_SH6,0.0,0.0,False,0.0
2024-06-17,4,SANDHSYD_SH7,0.0,0.0,False,0.0
2024-06-17,4,SANDHSYD_SH_5C,0.0,0.0,False,0.0
2024-06-17,4,SILASRAY_SILAS_10,0.0,0.0,False,0.0
2024-06-17,4,SILASRAY_SILAS_9,0.0,0.0,False,0.0
2024-06-17,4,SILASRAY_SILAS_6,0.0,0.0,False,0.0
2024-06-17,4,GIDEON_GIDEONG1,0.0,0.0,False,0.0
2024-06-17,4,GIDEON_GIDEONG2,0.0,0.0,False,0.0
2024-06-17,4,GIDEON_GIDEONG3,0.0,0.0,False,0.0
2024-06-17,4,SKY1_SKY1A,0.0,0.0,False,0.0
2024-06-17,4,SKY1_SKY1B,0.0,0.0,False,0.0
2024-06-17,4,SPNCER_SPNCE_4,0.0,0.0,False,0.0
2024-06-17,4,SPNCER_SPNCE_5,0.0,0.0,False,0.0
2024-06-17,4,SCSES_UNIT1A,0.0,0.0,False,0.0
2024-06-17,4,SCSES_UNIT2,0.0,0.0,False,0.0
2024-06-17,4,THW_THWGT_1,0.0,0.0,False,0.0
2024-06-17,4,THW_THWGT31,51.3,0.0,True,1436.4
2024-06-17,4,THW_THWGT32,51.3,0.0,True,1436.4
2024-06-17,4,THW_THWGT33,51.3,0.0,True,1436.4
2024-06-17,4,THW_THWGT34,51.3,0.0,True,1436.4
2024-06-17,4,THW_THWGT41,51.3,0.0,True,1436.4
2024-06-17,4,THW_THWGT42,51.3,0.0,True,1436.4
2024-06-17,4,THW_THWGT43,62.0,0.0,True,1736.0
2024-06-17,4,THW_THWGT44,62.0,0.0,True,1736.0
2024-06-17,4,THW_THWGT51,0.0,0.0,False,0.0
2024-06-17,4,THW_THWGT52,0.0,0.0,False,0.0
2024-06-17,4,THW_THWGT53,0.0,0.0,False,0.0
2024-06-17,4,THW_THWGT54,0.0,0.0,False,0.0
2024-06-17,4,THW_THWGT55,0.0,0.0,False,0.0
2024-06-17,4,THW_THWGT56,0.0,0.0,False,0.0
2024-06-17,4,THW_THWST_3,113.1,0.0,True,3166.8
2024-06-17,4,THW_THWST_4,113.1,0.0,True,3166.8
2024-06-17,4,TXCTY_CTA,129.1,0.0,True,3614.8
2024-06-17,4,TXCTY_CTB,129.1,0.0,True,3614.8
2024-06-17,4,TXCTY_CTC,129.1,0.0,True,3614.8
2024-06-17,4,TXCTY_ST,143.7,0.0,True,4023.6
2024-06-17,4,TGS_GT01,0.0,0.0,False,0.0
2024-06-17,4,TIMPP_AGR1,0.0,0.0,False,0.0
2024-06-17,4,TIMPP_AGR2,0.0,0.0,False,0.0
2024-06-17,4,TIMPP_AGR3,0.0,0.0,False,0.0
2024-06-17,4,TIMPP_AGR4,0.0,0.0,False,0.0
2024-06-17,4,TRSES_UNIT6,0.0,0.0,False,0.0
2024-06-17,4,TOPAZ_UNIT1,0.0,0.0,False,0.0
2024-06-17,4,TOPAZ_UNIT2,0.0,0.0,False,0.0
2024-06-17,4,TOPAZ_UNIT3,0.0,0.0,False,0.0
2024-06-17,4,TOPAZ_UNIT4,0.0,0.0,False,0.0
2024-06-17,4,TOPAZ_UNIT5,0.0,0.0,False,0.0
2024-06-17,4,TOPAZ_UNIT6,0.0,0.0,False,0.0
2024-06-17,4,TOPAZ_UNIT7,0.0,0.0,False,0.0
2024-06-17,4,TOPAZ_UNIT8,0.0,0.0,False,0.0
2024-06-17,4,TOPAZ_UNIT9,0.0,0.0,False,0.0
2024-06-17,4,TOPAZ_UNIT10,0.0,0.0,False,0.0
2024-06-17,4,BRAUNIG_VHB6CT5,0.0,0.0,False,0.0
2024-06-17,4,BRAUNIG_VHB6CT6,0.0,0.0,False,0.0
2024-06-17,4,BRAUNIG_VHB6CT7,0.0,0.0,False,0.0
2024-06-17,4,BRAUNIG_VHB6CT8,0.0,0.0,False,0.0
2024-06-17,4,CITYVICT_CTG01,0.0,0.0,False,0.0
2024-06-17,4,CITYVICT_CTG02,0.0,0.0,False,0.0
2024-06-17,4,VICTPORT_CTG01,0.0,0.0,False,0.0
2024-06-17,4,VICTPORT_CTG02,0.0,0.0,False,0.0
2024-06-17,4,VICTORIA_VICTORG6,0.0,0.0,False,0.0
2024-06-17,4,VICTORIA_VICTORG5,0.0,0.0,False,0.0
2024-06-17,4,WAP_WAPGT_1,0.0,0.0,False,0.0
2024-06-17,4,WAP_WAP_G1,0.0,0.0,False,0.0
2024-06-17,4,WAP_WAP_G2,0.0,0.0,False,0.0
2024-06-17,4,WAP_WAP_G3,0.0,0.0,False,0.0
2024-06-17,4,WAP_WAP_G4,0.0,0.0,False,0.0
2024-06-17,4,WFCOGEN_UNIT1,0.0,0.0,False,0.0
2024-06-17,4,WFCOGEN_UNIT2,0.0,0.0,False,0.0
2024-06-17,4,WFCOGEN_UNIT3,0.0,0.0,False,0.0
2024-06-17,4,WIPOPA_WPP_G1,0.0,0.0,False,0.0
2024-06-17,4,WIPOPA_WPP_G2,0.0,0.0,False,0.0
2024-06-17,4,WIPOPA_WPP_G3,0.0,0.0,False,0.0
2024-06-17,4,WIPOPA_WPP_G4,0.0,0.0,False,0.0
2024-06-17,4,WCPP_CT1,0.0,0.0,False,0.0
2024-06-17,4,WCPP_CT2,0.0,0.0,False,0.0
2024-06-17,4,WCPP_ST1,0.0,0.0,False,0.0
2024-06-17,4,WHCCS_CT1,0.0,0.0,False,0.0
2024-06-17,4,WHCCS_CT2,0.0,0.0,False,0.0
2024-06-17,4,WHCCS_STG,0.0,0.0,False,0.0
2024-06-17,4,WHCCS2_CT4,0.0,0.0,False,0.0
2024-06-17,4,WHCCS2_CT5,0.0,0.0,False,0.0
2024-06-17,4,WHCCS2_STG6,0.0,0.0,False,0.0
2024-06-17,4,NACPW_UNIT1,0.0,0.0,False,0.0
2024-06-17,4,HBR_2UNITS,0.0,0.0,False,0.0
2024-06-17,4,TRIRA_1UNIT,0.0,0.0,False,0.0
2024-06-17,4,78252_4UNITS,0.0,0.0,False,0.0
2024-06-17,4,SPRIN_4UNITS,0.0,0.0,False,0.0
2024-06-17,4,FREIH_2UNITS,0.0,0.0,False,0.0
2024-06-17,4,WSTHL_3UNITS,0.0,0.0,False,0.0
2024-06-17,4,FEGC_CTG2,0.0,0.0,False,0.0
2024-06-17,4,FEGC_CTG3,0.0,0.0,False,0.0
2024-06-17,4,FEGC_CTG4,0.0,0.0,False,0.0
2024-06-17,4,OLNEYTN_AGR1,0.0,0.0,False,0.0
2024-06-17,4,AMISTAD_AMISTAG1,0.0,0.0,False,0.0
2024-06-17,4,AMISTAD_AMISTAG2,0.0,0.0,False,0.0
2024-06-17,4,AUSTPL_AUSTING1,0.9,8.1,True,0.9
2024-06-17,4,AUSTPL_AUSTING2,0.9,8.1,True,0.9
2024-06-17,4,BUCHAN_BUCHANG1,1.83,16.470000000000002,True,1.83
2024-06-17,4,BUCHAN_BUCHANG2,1.83,16.470000000000002,True,1.83
2024-06-17,4,BUCHAN_BUCHANG3,1.83,16.470000000000002,True,1.83
2024-06-17,4,DNDAM_DENISOG1,50.8,0.0,True,50.8
2024-06-17,4,DNDAM_DENISOG2,50.8,0.0,True,50.8
2024-06-17,4,FALCON_FALCONG1,1.2,10.8,True,1.2
2024-06-17,4,FALCON_FALCONG2,1.2,10.8,True,1.2
2024-06-17,4,FALCON_FALCONG3,1.2,10.8,True,1.2
2024-06-17,4,WIRTZ_WIRTZ_G1,2.9,26.1,True,2.9
2024-06-17,4,WIRTZ_WIRTZ_G2,2.9,26.1,True,2.9
2024-06-17,4,CANYHY_CANYHYG1,0.6,5.4,True,0.6
2024-06-17,4,INKSDA_INKS_G1,1.5,13.5,True,1.5
2024-06-17,4,MARBFA_MARBFAG1,2.1,18.9,True,2.1
2024-06-17,4,MARBFA_MARBFAG2,2.0,18.0,True,2.0
2024-06-17,4,MARSFO_MARSFOG1,3.6,32.4,True,3.6
2024-06-17,4,MARSFO_MARSFOG2,3.6,32.4,True,3.6
2024-06-17,4,MARSFO_MARSFOG3,3.6,32.4,True,3.6
2024-06-17,4,WND_WHITNEY1,22.0,0.0,True,22.0
2024-06-17,4,WND_WHITNEY2,22.0,0.0,True,22.0
2024-06-17,4,AEEC_ANTLP_1,0.0,0.0,False,0.0
2024-06-17,4,AEEC_ANTLP_2,0.0,0.0,False,0.0
2024-06-17,4,AEEC_ANTLP_3,0.0,0.0,False,0.0
2024-06-17,4,AEEC_ELK_1,0.0,0.0,False,0.0
2024-06-17,4,AEEC_ELK_2,0.0,0.0,False,0.0
2024-06-17,4,AEEC_ELK_3,0.0,0.0,False,0.0
2024-06-17,4,FTR_FTR_G1,185.0,0.0,True,5180.0
2024-06-17,4,FTR_FTR_G2,185.0,0.0,True,5180.0
2024-06-17,4,FTR_FTR_G3,185.0,0.0,True,5180.0
2024-06-17,4,FTR_FTR_G4,400.0,0.0,True,11200.0
2024-06-17,4,TGCCS_CT1,0.0,0.0,False,0.0
2024-06-17,4,TGCCS_CT2,0.0,0.0,False,0.0
2024-06-17,4,TGCCS_CT3,0.0,0.0,False,0.0
2024-06-17,4,TGCCS_UNIT4,0.0,0.0,False,0.0
2024-06-17,4,KMCHI_1CT101,185.0,0.0,True,5180.0
2024-06-17,4,KMCHI_1CT201,185.0,0.0,True,5180.0
2024-06-17,4,KMCHI_1ST,330.0,0.0,True,9240.0
2024-06-17,4,KMCHI_2CT101,185.0,0.0,True,5180.0
2024-06-17,4,KMCHI_2CT201,55.5,129.5,True,1554.0
2024-06-17,4,KMCHI_2ST,330.0,0.0,True,9240.0
2024-06-17,4,A4_DGR1,0.0,0.0,False,0.0
2024-06-17,4,A4_DGR2,0.0,0.0,False,0.0
2024-06-17,4,K2_DGR1,0.0,0.0,False,0.0
2024-06-17,4,K2_DGR2,0.0,0.0,False,0.0
2024-06-17,4,P2_DGR1,0.0,0.0,False,0.0
2024-06-17,4,P2_DGR2,0.0,0.0,False,0.0
2024-06-17,4,Q1_DGR1,0.0,0.0,False,0.0
2024-06-17,4,BRAUNIG_VHB3,0.0,0.0,False,0.0
2024-06-17,4,V2_DGR1,0.0,0.0,False,0.0
2024-06-17,4,V2_DGR2,0.0,0.0,False,0.0
2024-06-17,4,V2_DGR3,0.0,0.0,False,0.0
2024-06-17,4,V4_DGR1,0.0,0.0,False,0.0
2024-06-17,4,X1_DGR1,0.0,0.0,False,0.0
2024-06-17,4,Z0_DGR1,0.0,0.0,False,0.0
2024-06-17,4,Z0_DGR2,0.0,0.0,False,0.0
2024-06-17,4,Z5_DGR1,0.0,0.0,False,0.0
2024-06-17,4,DC_E,0.0,0.0,False,0.0
2024-06-17,4,DC_N,0.0,0.0,False,0.0
2024-06-17,4,DC_L,0.0,0.0,False,0.0
2024-06-17,4,DC_R,0.0,0.0,False,0.0
2024-06-17,4,CEDARVALE_GAS,0.0,0.0,False,0.0
2024-06-17,4,ENCHANTED_ROCK_NEWPP,0.0,0.0,False,0.0
2024-06-17,5,CPSES_UNIT1,1269.0,0.0,True,10152.0
2024-06-17,5,CPSES_UNIT2,1269.0,0.0,True,10152.0
2024-06-17,5,STP_STP_G1,1228.5,136.5,True,9828.0
2024-06-17,5,STP_STP_G2,1228.5,136.5,True,9828.0
2024-06-17,5,COLETO_COLETOG1,0.0,0.0,False,0.0
2024-06-17,5,FPPYD1_FPP_G1,0.0,0.0,False,0.0
2024-06-17,5,FPPYD1_FPP_G2,0.0,0.0,False,0.0
2024-06-17,5,FPPYD2_FPP_G3,0.0,0.0,False,0.0
2024-06-17,5,CALAVERS_JKS1,0.0,0.0,False,0.0
2024-06-17,5,CALAVERS_JKS2,0.0,0.0,False,0.0
2024-06-17,5,LEG_LEG_G1,893.0,0.0,True,22325.0
2024-06-17,5,LEG_LEG_G2,956.8,0.0,True,23920.0
2024-06-17,5,MLSES_UNIT1,893.0,0.0,True,22325.0
2024-06-17,5,MLSES_UNIT2,554.1732971822632,338.82670281773676,True,13854.3324
2024-06-17,5,MLSES_UNIT3,893.0,0.0,True,22325.0
2024-06-17,5,OGSES_UNIT1A,916.8,0.0,True,22920.0
2024-06-17,5,OGSES_UNIT2,916.8,0.0,True,22920.0
2024-06-17,5,SANMIGL_G1,0.0,0.0,False,0.0
2024-06-17,5,SCES_UNIT1,1006.05,1.95,True,25151.25
2024-06-17,5,TNP_ONE_TNP_O_1,174.6,0.0,True,4365.0
2024-06-17,5,TNP_ONE_TNP_O_2,174.6,0.0,True,4365.0
2024-06-17,5,WAP_WAP_G5,0.0,0.0,False,0.0
2024-06-17,5,WAP_WAP_G6,0.0,0.0,False,0.0
2024-06-17,5,WAP_WAP_G7,0.0,0.0,False,0.0
2024-06-17,5,WAP_WAP_G8,654.0,0.0,True,16350.0
2024-06-17,5,BRAUNIG_AVR1_CT1,0.0,0.0,False,0.0
2024-06-17,5,BRAUNIG_AVR1_CT2,0.0,0.0,False,0.0
2024-06-17,5,BRAUNIG_AVR1_ST,0.0,0.0,False,0.0
2024-06-17,5,ATKINS_ATKINSG7,0.0,0.0,False,0.0
2024-06-17,5,B_DAVIS_B_DAVIG3,0.0,0.0,False,0.0
2024-06-17,5,B_DAVIS_B_DAVIG4,0.0,0.0,False,0.0
2024-06-17,5,B_DAVIS_B_DAVIG1,0.0,0.0,False,0.0
2024-06-17,5,B_DAVIS_B_DAVIG2,0.0,0.0,False,0.0
2024-06-17,5,BASTEN_GTG1100,0.0,0.0,False,0.0
2024-06-17,5,BASTEN_GTG2100,0.0,0.0,False,0.0
2024-06-17,5,BASTEN_ST0100,0.0,0.0,False,0.0
2024-06-17,5,BCH_UNIT1,0.0,0.0,False,0.0
2024-06-17,5,BCH_UNIT2,0.0,0.0,False,0.0
2024-06-17,5,BCH_UNIT3,0.0,0.0,False,0.0
2024-06-17,5,BCH_UNIT4,0.0,0.0,False,0.0
2024-06-17,5,BCH_UNIT5,0.0,0.0,False,0.0
2024-06-17,5,BCH_UNIT6,0.0,0.0,False,0.0
2024-06-17,5,BCH_UNIT7,0.0,0.0,False,0.0
2024-06-17,5,BCH_UNIT8,0.0,0.0,False,0.0
2024-06-17,5,BOSQUESW_BSQSU_1,0.0,0.0,False,0.0
2024-06-17,5,BOSQUESW_BSQSU_2,0.0,0.0,False,0.0
2024-06-17,5,BOSQUESW_BSQSU_3,0.0,0.0,False,0.0
2024-06-17,5,BOSQUESW_BSQSU_4,0.0,0.0,False,0.0
2024-06-17,5,BOSQUESW_BSQSU_5,0.0,0.0,False,0.0
2024-06-17,5,BVE_UNIT1,0.0,0.0,False,0.0
2024-06-17,5,BVE_UNIT2,0.0,0.0,False,0.0
2024-06-17,5,BVE_UNIT3,0.0,0.0,False,0.0
2024-06-17,5,BTM_UNIT1,0.0,0.0,False,0.0
2024-06-17,5,BTM_UNIT2,0.0,0.0,False,0.0
2024-06-17,5,BTM_UNIT3,0.0,0.0,False,0.0
2024-06-17,5,BTM_UNIT4,0.0,0.0,False,0.0
2024-06-17,5,BTM_UNIT5,0.0,0.0,False,0.0
2024-06-17,5,BTM_UNIT6,0.0,0.0,False,0.0
2024-06-17,5,BTM_UNIT7,0.0,0.0,False,0.0
2024-06-17,5,BTM_UNIT8,0.0,0.0,False,0.0
2024-06-17,5,FLCNS_UNIT1,0.0,0.0,False,0.0
2024-06-17,5,FLCNS_UNIT2,0.0,0.0,False,0.0
2024-06-17,5,CALHOUN_UNIT1,0.0,0.0,False,0.0
2024-06-17,5,CALHOUN_UNIT2,0.0,0.0,False,0.0
2024-06-17,5,CHAMON_CTG_0101,0.0,0.0,False,0.0
2024-06-17,5,CHAMON_CTG_0301,0.0,0.0,False,0.0
2024-06-17,5,CBY4_CT41,205.0,0.0,True,5740.0
2024-06-17,5,CBY4_CT42,205.0,0.0,True,5740.0
2024-06-17,5,CBY4_ST04,205.0,0.0,True,5740.0
2024-06-17,5,CBY_CBY_G1,765.0,0.0,True,26775.0
2024-06-17,5,CBY_CBY_G2,765.0,0.0,True,26775.0
2024-06-17,5,CBEC_GT1,0.0,0.0,False,0.0
2024-06-17,5,CBEC_GT2,0.0,0.0,False,0.0
2024-06-17,5,CBEC_GT3,0.0,0.0,False,0.0
2024-06-17,5,CBEC_GT4,0.0,0.0,False,0.0
2024-06-17,5,CBEC_STG1,0.0,0.0,False,0.0
2024-06-17,5,CBEC_STG2,0.0,0.0,False,0.0
2024-06-17,5,CBECII_CT7,0.0,0.0,False,0.0
2024-06-17,5,CBECII_CT8,0.0,0.0,False,0.0
2024-06-17,5,CBECII_STG9,0.0,0.0,False,0.0
2024-06-17,5,CBEC_GT11,0.0,0.0,False,0.0
2024-06-17,5,CBEC_GT12,0.0,0.0,False,0.0
2024-06-17,5,CVC_CVC_G1,192.1,0.0,True,5378.8
2024-06-17,5,CVC_CVC_G2,192.1,0.0,True,5378.8
2024-06-17,5,CVC_CVC_G3,192.09999999999994,5.684341886080802e-14,True,5378.8
2024-06-17,5,CVC_CVC_G5,150.0,0.0,True,4200.0
2024-06-17,5,DANSBY_DANSBYG2,0.0,0.0,False,0.0
2024-06-17,5,DANSBY_DANSBYG3,0.0,0.0,False,0.0
2024-06-17,5,DANSBY_DANSBYG1,0.0,0.0,False,0.0
2024-06-17,5,DECKER_DPGT_1,0.0,0.0,False,0.0
2024-06-17,5,DECKER_DPGT_2,0.0,0.0,False,0.0
2024-06-17,5,DECKER_DPGT_3,0.0,0.0,False,0.0
2024-06-17,5,DECKER_DPGT_4,0.0,0.0,False,0.0
2024-06-17,5,DCSES_CT10,0.0,0.0,False,0.0
2024-06-17,5,DCSES_CT20,0.0,0.0,False,0.0
2024-06-17,5,DCSES_CT30,0.0,0.0,False,0.0
2024-06-17,5,DCSES_CT40,0.0,0.0,False,0.0
2024-06-17,5,DDPEC_GT1,60.9,142.1,True,1705.2
2024-06-17,5,DDPEC_GT2,179.50140000000277,35.498599999997225,True,5026.0392
2024-06-17,5,DDPEC_GT3,60.9,142.1,True,1705.2
2024-06-17,5,DDPEC_GT4,64.5,150.5,True,1806.0
2024-06-17,5,DDPEC_GT6,59.7,139.3,True,1671.6
2024-06-17,5,DDPEC_ST1,290.0,0.0,True,8120.0
2024-06-17,5,DEC_AGR_A,0.0,0.0,False,0.0
2024-06-17,5,DEC_AGR_B,0.0,0.0,False,0.0
2024-06-17,5,DEC_AGR_C,0.0,0.0,False,0.0
2024-06-17,5,DEC_AGR_D,0.0,0.0,False,0.0
2024-06-17,5,ECEC_G1,0.0,0.0,False,0.0
2024-06-17,5,ECEC_G2,0.0,0.0,False,0.0
2024-06-17,5,ETCCS_CT1,0.0,0.0,False,0.0
2024-06-17,5,ETCCS_UNIT1,0.0,0.0,False,0.0
2024-06-17,5,AZ_AZ_G1,40.0,0.0,True,1680.0
2024-06-17,5,AZ_AZ_G2,40.0,0.0,True,1680.0
2024-06-17,5,AZ_AZ_G3,40.0,0.0,True,1680.0
2024-06-17,5,AZ_AZ_G4,40.0,0.0,True,1680.0
2024-06-17,5,FERGCC_FERGGT1,0.0,0.0,False,0.0
2024-06-17,5,FERGCC_FERGGT2,0.0,0.0,False,0.0
2024-06-17,5,FERGCC_FERGST1,0.0,0.0,False,0.0
2024-06-17,5,FRNYPP_GT11,196.7,0.0,True,5507.6
2024-06-17,5,FRNYPP_GT12,196.7,0.0,True,5507.6
2024-06-17,5,FRNYPP_GT13,196.7,0.0,True,5507.6
2024-06-17,5,FRNYPP_GT21,196.7,0.0,True,5507.6
2024-06-17,5,FRNYPP_GT22,196.7,0.0,True,5507.6
2024-06-17,5,FRNYPP_GT23,196.7,0.0,True,5507.6
2024-06-17,5,FRNYPP_ST10,0.0,0.0,False,0.0
2024-06-17,5,FRNYPP_ST20,422.0,0.0,True,11816.0
2024-06-17,5,FREC_GT1,0.0,0.0,False,0.0
2024-06-17,5,FREC_GT2,0.0,0.0,False,0.0
2024-06-17,5,FREC_GT4,0.0,0.0,False,0.0
2024-06-17,5,FREC_GT5,0.0,0.0,False,0.0
2024-06-17,5,FREC_ST3,0.0,0.0,False,0.0
2024-06-17,5,FREC_ST6,0.0,0.0,False,0.0
2024-06-17,5,FEGC_UNIT1,0.0,0.0,False,0.0
2024-06-17,5,FRONT_EC_CT1,0.0,0.0,False,0.0
2024-06-17,5,FRONT_EC_CT2,0.0,0.0,False,0.0
2024-06-17,5,FRONT_EC_ST,0.0,0.0,False,0.0
2024-06-17,5,GRSES_UNIT1,0.0,0.0,False,0.0
2024-06-17,5,GRSES_UNIT2,0.0,0.0,False,0.0
2024-06-17,5,GBY_GBYGT73,0.0,0.0,False,0.0
2024-06-17,5,GBY_GBYGT74,0.0,0.0,False,0.0
2024-06-17,5,GBY_GBYGT81,0.0,0.0,False,0.0
2024-06-17,5,GBY_GBYGT82,0.0,0.0,False,0.0
2024-06-17,5,GBY_GBYGT83,0.0,0.0,False,0.0
2024-06-17,5,GBY_GBYGT84,0.0,0.0,False,0.0
2024-06-17,5,STEAM_ENGINE_1,0.0,0.0,False,0.0
2024-06-17,5,STEAM_ENGINE_2,0.0,0.0,False,0.0
2024-06-17,5,STEAM_ENGINE_3,0.0,0.0,False,0.0
2024-06-17,5,LGE_LGE_GT1,0.0,0.0,False,0.0
2024-06-17,5,LGE_LGE_GT2,0.0,0.0,False,0.0
2024-06-17,5,LGE_LGE_STG,0.0,0.0,False,0.0
2024-06-17,5,GUADG_GAS1,0.0,0.0,False,0.0
2024-06-17,5,GUADG_GAS2,0.0,0.0,False,0.0
2024-06-17,5,GUADG_GAS3,0.0,0.0,False,0.0
2024-06-17,5,GUADG_GAS4,0.0,0.0,False,0.0
2024-06-17,5,GUADG_STM5,0.0,0.0,False,0.0
2024-06-17,5,GUADG_STM6,0.0,0.0,False,0.0
2024-06-17,5,HLSES_UNIT3,0.0,0.0,False,0.0
2024-06-17,5,HLSES_UNIT4,0.0,0.0,False,0.0
2024-06-17,5,HLSES_UNIT5,0.0,0.0,False,0.0
2024-06-17,5,HAYSEN_HAYSENG1,0.0,0.0,False,0.0
2024-06-17,5,HAYSEN_HAYSENG2,0.0,0.0,False,0.0
2024-06-17,5,HAYSEN_HAYSENG3,0.0,0.0,False,0.0
2024-06-17,5,HAYSEN_HAYSENG4,0.0,0.0,False,0.0
2024-06-17,5,DUKE_DUKE_GT1,0.0,0.0,False,0.0
2024-06-17,5,DUKE_DUKE_GT2,0.0,0.0,False,0.0
2024-06-17,5,DUKE_DUKE_ST1,0.0,0.0,False,0.0
2024-06-17,5,JACKCNTY_CT1,0.0,0.0,False,0.0
2024-06-17,5,JACKCNTY_CT2,0.0,0.0,False,0.0
2024-06-17,5,JCKCNTY2_CT3,0.0,0.0,False,0.0
2024-06-17,5,JCKCNTY2_CT4,0.0,0.0,False,0.0
2024-06-17,5,JACKCNTY_STG,0.0,0.0,False,0.0
2024-06-17,5,JCKCNTY2_ST2,0.0,0.0,False,0.0
2024-06-17,5,TEN_CT1,0.0,0.0,False,0.0
2024-06-17,5,TEN_STG,0.0,0.0,False,0.0
2024-06-17,5,LHSES_UNIT1,0.0,0.0,False,0.0
2024-06-17,5,LHSES_UNIT2A,0.0,0.0,False,0.0
2024-06-17,5,LPCCS_CT11,0.0,0.0,False,0.0
2024-06-17,5,LPCCS_CT12,55.8,0.0,True,1562.4
2024-06-17,5,LPCCS_CT21,55.8,0.0,True,1562.4
2024-06-17,5,LPCCS_CT22,0.0,0.0,False,0.0
2024-06-17,5,LPCCS_UNIT1,0.0,0.0,False,0.0
2024-06-17,5,LPCCS_UNIT2,216.0,0.0,True,6048.0
2024-06-17,5,LARDVFTN_G4,0.0,0.0,False,0.0
2024-06-17,5,LARDVFTN_G5,0.0,0.0,False,0.0
2024-06-17,5,LEON_CRK_LCPCT1,0.0,0.0,False,0.0
2024-06-17,5,LEON_CRK_LCPCT2,0.0,0.0,False,0.0
2024-06-17,5,LEON_CRK_LCPCT3,0.0,0.0,False,0.0
2024-06-17,5,LEON_CRK_LCPCT4,0.0,0.0,False,0.0
2024-06-17,5,LIG_UNIT1,0.0,0.0,False,0.0
2024-06-17,5,LIG_UNIT2,0.0,0.0,False,0.0
2024-06-17,5,LOSTPI_LOSTPGT1,0.0,0.0,False,0.0
2024-06-17,5,LOSTPI_LOSTPGT2,0.0,0.0,False,0.0
2024-06-17,5,LOSTPI_LOSTPST1,0.0,0.0,False,0.0
2024-06-17,5,NEDIN_NEDIN_G1,0.0,0.0,False,0.0
2024-06-17,5,NEDIN_NEDIN_G2,0.0,0.0,False,0.0
2024-06-17,5,NEDIN_NEDIN_G3,0.0,0.0,False,0.0
2024-06-17,5,MDANP_CT1,0.0,0.0,False,0.0
2024-06-17,5,MDANP_CT2,0.0,0.0,False,0.0
2024-06-17,5,MDANP_CT3,0.0,0.0,False,0.0
2024-06-17,5,MDANP_CT4,0.0,0.0,False,0.0
2024-06-17,5,MDANP_CT5,0.0,0.0,False,0.0
2024-06-17,5,MDANP_CT6,0.0,0.0,False,0.0
2024-06-17,5,MGSES_CT1,0.0,0.0,False,0.0
2024-06-17,5,MGSES_CT2,0.0,0.0,False,0.0
2024-06-17,5,MGSES_CT3,0.0,0.0,False,0.0
2024-06-17,5,MGSES_CT4,0.0,0.0,False,0.0
2024-06-17,5,MGSES_CT5,0.0,0.0,False,0.0
2024-06-17,5,MGSES_CT6,0.0,0.0,False,0.0
2024-06-17,5,MCSES_UNIT6,0.0,0.0,False,0.0
2024-06-17,5,MCSES_UNIT7,0.0,0.0,False,0.0
2024-06-17,5,MCSES_UNIT8,0.0,0.0,False,0.0
2024-06-17,5,NUECES_B_NUECESG8,0.0,0.0,False,0.0
2024-06-17,5,NUECES_B_NUECESG9,0.0,0.0,False,0.0
2024-06-17,5,NUECES_B_NUECESG7,0.0,0.0,False,0.0
2024-06-17,5,CALAVERS_OWS1,0.0,0.0,False,0.0
2024-06-17,5,CALAVERS_OWS2,0.0,0.0,False,0.0
2024-06-17,5,OECCS_CT11,0.0,0.0,False,0.0
2024-06-17,5,OECCS_CT12,0.0,0.0,False,0.0
2024-06-17,5,OECCS_CT21,0.0,0.0,False,0.0
2024-06-17,5,OECCS_CT22,0.0,0.0,False,0.0
2024-06-17,5,OECCS_UNIT1,0.0,0.0,False,0.0
2024-06-17,5,OECCS_UNIT2,0.0,0.0,False,0.0
2024-06-17,5,VICTPRT2_UNIT1,0.0,0.0,False,0.0
2024-06-17,5,VICTPRT2_UNIT2,0.0,0.0,False,0.0
2024-06-17,5,PANDA_S_SHER1CT1,232.0,0.0,True,6496.0
2024-06-17,5,PANDA_S_SHER1CT2,232.0,0.0,True,6496.0
2024-06-17,5,PANDA_S_SHER1ST1,353.1,0.0,True,9886.8
2024-06-17,5,PANDA_T1_TMPL1CT1,0.0,0.0,False,0.0
2024-06-17,5,PANDA_T1_TMPL1CT2,232.0,0.0,True,6496.0
2024-06-17,5,PANDA_T1_TMPL1ST1,353.1,0.0,True,9886.8
2024-06-17,5,PANDA_T2_TMPL2CT1,232.0,0.0,True,6496.0
2024-06-17,5,PANDA_T2_TMPL2CT2,232.0,0.0,True,6496.0
2024-06-17,5,PANDA_T2_TMPL2ST1,353.1,0.0,True,9886.8
2024-06-17,5,TNSKA_GT1,0.0,0.0,False,0.0
2024-06-17,5,TNSKA_GT2,0.0,0.0,False,0.0
2024-06-17,5,TNSKA_STG,0.0,0.0,False,0.0
2024-06-17,5,PSG_PSG_GT2,215.1,0.0,True,6022.8
2024-06-17,5,PSG_PSG_GT3,136.68690101239736,78.41309898760264,True,3827.2332
2024-06-17,5,PSG_PSG_ST2,195.5,0.0,True,5474.0
2024-06-17,5,PEARSAL2_AGR_A,0.0,0.0,False,0.0
2024-06-17,5,PEARSAL2_AGR_B,0.0,0.0,False,0.0
2024-06-17,5,PEARSAL2_AGR_C,0.0,0.0,False,0.0
2024-06-17,5,PEARSAL2_AGR_D,0.0,0.0,False,0.0
2024-06-17,5,PB2SES_CT1,0.0,0.0,False,0.0
2024-06-17,5,PB2SES_CT2,0.0,0.0,False,0.0
2024-06-17,5,PB2SES_CT3,0.0,0.0,False,0.0
2024-06-17,5,PB2SES_CT4,0.0,0.0,False,0.0
2024-06-17,5,PB2SES_CT5,0.0,0.0,False,0.0
2024-06-17,5,PRO_UNIT1,60.5,0.0,True,2541.0
2024-06-17,5,PRO_UNIT2,31.015141337908933,29.48485866209107,True,1302.6359
2024-06-17,5,PRO_UNIT3,0.0,0.0,False,0.0
2024-06-17,5,PRO_UNIT4,60.5,0.0,True,2541.0
2024-06-17,5,PRO_UNIT5,0.0,0.0,False,0.0
2024-06-17,5,PRO_UNIT6,60.5,0.0,True,2541.0
2024-06-17,5,PRO_UNIT7,0.0,0.0,False,0.0
2024-06-17,5,PRO_UNIT8,6.05,54.45,True,254.1
2024-06-17,5,BAC_CTG1,0.0,0.0,False,0.0
2024-06-17,5,BAC_CTG2,0.0,0.0,False,0.0
2024-06-17,5,BAC_CTG3,0.0,0.0,False,0.0
2024-06-17,5,BAC_CTG4,0.0,0.0,False,0.0
2024-06-17,5,BAC_CTG5,0.0,0.0,False,0.0
2024-06-17,5,BAC_CTG6,0.0,0.0,False,0.0
2024-06-17,5,STEAM1A_STEAM_1,0.0,0.0,False,0.0
2024-06-17,5,STEAM_STEAM_2,0.0,0.0,False,0.0
2024-06-17,5,STEAM_STEAM_3,0.0,0.0,False,0.0
2024-06-17,5,QALSW_GT1,0.0,0.0,False,0.0
2024-06-17,5,QALSW_GT2,0.0,0.0,False,0.0
2024-06-17,5,QALSW_GT3,0.0,0.0,False,0.0
2024-06-17,5,QALSW_GT4,0.0,0.0,False,0.0
2024-06-17,5,QALSW_STG1,0.0,0.0,False,0.0
2024-06-17,5,QALSW_STG2,0.0,0.0,False,0.0
2024-06-17,5,MIL_MILLERG4,0.0,0.0,False,0.0
2024-06-17,5,MIL_MILLERG5,0.0,0.0,False,0.0
2024-06-17,5,MIL_MILLERG1,0.0,0.0,False,0.0
2024-06-17,5,MIL_MILLERG2,0.0,0.0,False,0.0
2024-06-17,5,MIL_MILLERG3,0.0,0.0,False,0.0
2024-06-17,5,OLINGR_OLING_4,0.0,0.0,False,0.0
2024-06-17,5,OLINGR_OLING_2,0.0,0.0,False,0.0
2024-06-17,5,OLINGR_OLING_3,0.0,0.0,False,0.0
2024-06-17,5,RAB_UNIT1,0.0,0.0,False,0.0
2024-06-17,5,RAB_UNIT2,0.0,0.0,False,0.0
2024-06-17,5,RAB_UNIT3,0.0,0.0,False,0.0
2024-06-17,5,RAB_UNIT4,0.0,0.0,False,0.0
2024-06-17,5,RAB_UNIT5,0.0,0.0,False,0.0
2024-06-17,5,RAB_UNIT6,0.0,0.0,False,0.0
2024-06-17,5,RAB_UNIT7,0.0,0.0,False,0.0
2024-06-17,5,RAB_UNIT8,0.0,0.0,False,0.0
2024-06-17,5,REDGATE_AGR_A,0.0,0.0,False,0.0
2024-06-17,5,REDGATE_AGR_B,0.0,0.0,False,0.0
2024-06-17,5,REDGATE_AGR_C,0.0,0.0,False,0.0
2024-06-17,5,REDGATE_AGR_D,0.0,0.0,False,0.0
2024-06-17,5,JAD_UNIT1,60.5,0.0,True,2541.0
2024-06-17,5,JAD_UNIT2,6.05,0.0,True,254.1
2024-06-17,5,JAD_UNIT3,6.05,0.0,True,254.1
2024-06-17,5,JAD_UNIT4,60.5,0.0,True,2541.0
2024-06-17,5,JAD_UNIT5,60.5,0.0,True,2541.0
2024-06-17,5,JAD_UNIT6,60.5,0.0,True,2541.0
2024-06-17,5,JAD_UNIT7,60.5,0.0,True,2541.0
2024-06-17,5,JAD_UNIT8,60.5,0.0,True,2541.0
2024-06-17,5,RIONOG_CT1,0.0,0.0,False,0.0
2024-06-17,5,RIONOG_CT2,0.0,0.0,False,0.0
2024-06-17,5,RIONOG_CT3,0.0,0.0,False,0.0
2024-06-17,5,RIONOG_ST1,0.0,0.0,False,0.0
2024-06-17,5,RAYBURN_RAYBURG7,18.15,42.35,True,508.2
2024-06-17,5,RAYBURN_RAYBURG8,49.23408840799452,11.26591159200548,True,1378.5545
2024-06-17,5,RAYBURN_RAYBURG9,60.5,0.0,True,1694.0
2024-06-17,5,RAYBURN_RAYBURG10,12.6,29.4,True,352.8
2024-06-17,5,SJS_SJS_G1,0.0,0.0,False,0.0
2024-06-17,5,SJS_SJS_G2,0.0,0.0,False,0.0
2024-06-17,5,SANDHSYD_SH1,0.0,0.0,False,0.0
2024-06-17,5,SANDHSYD_SH2,0.0,0.0,False,0.0
2024-06-17,5,SANDHSYD_SH3,0.0,0.0,False,0.0
2024-06-17,5,SANDHSYD_SH4,0.0,0.0,False,0.0
2024-06-17,5,SANDHSYD_SH_5A,0.0,0.0,False,0.0
2024-06-17,5,SANDHSYD_SH6,0.0,0.0,False,0.0
2024-06-17,5,SANDHSYD_SH7,0.0,0.0,False,0.0
2024-06-17,5,SANDHSYD_SH_5C,0.0,0.0,False,0.0
2024-06-17,5,SILASRAY_SILAS_10,0.0,0.0,False,0.0
2024-06-17,5,SILASRAY_SILAS_9,0.0,0.0,False,0.0
2024-06-17,5,SILASRAY_SILAS_6,0.0,0.0,False,0.0
2024-06-17,5,GIDEON_GIDEONG1,0.0,0.0,False,0.0
2024-06-17,5,GIDEON_GIDEONG2,0.0,0.0,False,0.0
2024-06-17,5,GIDEON_GIDEONG3,0.0,0.0,False,0.0
2024-06-17,5,SKY1_SKY1A,0.0,0.0,False,0.0
2024-06-17,5,SKY1_SKY1B,0.0,0.0,False,0.0
2024-06-17,5,SPNCER_SPNCE_4,0.0,0.0,False,0.0
2024-06-17,5,SPNCER_SPNCE_5,0.0,0.0,False,0.0
2024-06-17,5,SCSES_UNIT1A,0.0,0.0,False,0.0
2024-06-17,5,SCSES_UNIT2,0.0,0.0,False,0.0
2024-06-17,5,THW_THWGT_1,0.0,0.0,False,0.0
2024-06-17,5,THW_THWGT31,51.3,0.0,True,1436.4
2024-06-17,5,THW_THWGT32,51.3,0.0,True,1436.4
2024-06-17,5,THW_THWGT33,51.3,0.0,True,1436.4
2024-06-17,5,THW_THWGT34,51.3,0.0,True,1436.4
2024-06-17,5,THW_THWGT41,51.3,0.0,True,1436.4
2024-06-17,5,THW_THWGT42,51.3,0.0,True,1436.4
2024-06-17,5,THW_THWGT43,62.0,0.0,True,1736.0
2024-06-17,5,THW_THWGT44,62.0,0.0,True,1736.0
2024-06-17,5,THW_THWGT51,0.0,0.0,False,0.0
2024-06-17,5,THW_THWGT52,0.0,0.0,False,0.0
2024-06-17,5,THW_THWGT53,0.0,0.0,False,0.0
2024-06-17,5,THW_THWGT54,0.0,0.0,False,0.0
2024-06-17,5,THW_THWGT55,0.0,0.0,False,0.0
2024-06-17,5,THW_THWGT56,0.0,0.0,False,0.0
2024-06-17,5,THW_THWST_3,113.1,0.0,True,3166.8
2024-06-17,5,THW_THWST_4,113.1,0.0,True,3166.8
2024-06-17,5,TXCTY_CTA,129.1,0.0,True,3614.8
2024-06-17,5,TXCTY_CTB,129.1,0.0,True,3614.8
2024-06-17,5,TXCTY_CTC,129.1,0.0,True,3614.8
2024-06-17,5,TXCTY_ST,143.7,0.0,True,4023.6
2024-06-17,5,TGS_GT01,0.0,0.0,False,0.0
2024-06-17,5,TIMPP_AGR1,0.0,0.0,False,0.0
2024-06-17,5,TIMPP_AGR2,0.0,0.0,False,0.0
2024-06-17,5,TIMPP_AGR3,0.0,0.0,False,0.0
2024-06-17,5,TIMPP_AGR4,0.0,0.0,False,0.0
2024-06-17,5,TRSES_UNIT6,0.0,0.0,False,0.0
2024-06-17,5,TOPAZ_UNIT1,0.0,0.0,False,0.0
2024-06-17,5,TOPAZ_UNIT2,0.0,0.0,False,0.0
2024-06-17,5,TOPAZ_UNIT3,0.0,0.0,False,0.0
2024-06-17,5,TOPAZ_UNIT4,0.0,0.0,False,0.0
2024-06-17,5,TOPAZ_UNIT5,0.0,0.0,False,0.0
2024-06-17,5,TOPAZ_UNIT6,0.0,0.0,False,0.0
2024-06-17,5,TOPAZ_UNIT7,0.0,0.0,False,0.0
2024-06-17,5,TOPAZ_UNIT8,0.0,0.0,False,0.0
2024-06-17,5,TOPAZ_UNIT9,0.0,0.0,False,0.0
2024-06-17,5,TOPAZ_UNIT10,0.0,0.0,False,0.0
2024-06-17,5,BRAUNIG_VHB6CT5,0.0,0.0,False,0.0
2024-06-17,5,BRAUNIG_VHB6CT6,0.0,0.0,False,0.0
2024-06-17,5,BRAUNIG_VHB6CT7,0.0,0.0,False,0.0
2024-06-17,5,BRAUNIG_VHB6CT8,0.0,0.0,False,0.0
2024-06-17,5,CITYVICT_CTG01,0.0,0.0,False,0.0
2024-06-17,5,CITYVICT_CTG02,0.0,0.0,False,0.0
2024-06-17,5,VICTPORT_CTG01,0.0,0.0,False,0.0
2024-06-17,5,VICTPORT_CTG02,0.0,0.0,False,0.0
2024-06-17,5,VICTORIA_VICTORG6,0.0,0.0,False,0.0
2024-06-17,5,VICTORIA_VICTORG5,0.0,0.0,False,0.0
2024-06-17,5,WAP_WAPGT_1,0.0,0.0,False,0.0
2024-06-17,5,WAP_WAP_G1,0.0,0.0,False,0.0
2024-06-17,5,WAP_WAP_G2,0.0,0.0,False,0.0
2024-06-17,5,WAP_WAP_G3,0.0,0.0,False,0.0
2024-06-17,5,WAP_WAP_G4,0.0,0.0,False,0.0
2024-06-17,5,WFCOGEN_UNIT1,0.0,0.0,False,0.0
2024-06-17,5,WFCOGEN_UNIT2,0.0,0.0,False,0.0
2024-06-17,5,WFCOGEN_UNIT3,0.0,0.0,False,0.0
2024-06-17,5,WIPOPA_WPP_G1,0.0,0.0,False,0.0
2024-06-17,5,WIPOPA_WPP_G2,0.0,0.0,False,0.0
2024-06-17,5,WIPOPA_WPP_G3,0.0,0.0,False,0.0
2024-06-17,5,WIPOPA_WPP_G4,0.0,0.0,False,0.0
2024-06-17,5,WCPP_CT1,0.0,0.0,False,0.0
2024-06-17,5,WCPP_CT2,0.0,0.0,False,0.0
2024-06-17,5,WCPP_ST1,0.0,0.0,False,0.0
2024-06-17,5,WHCCS_CT1,0.0,0.0,False,0.0
2024-06-17,5,WHCCS_CT2,0.0,0.0,False,0.0
2024-06-17,5,WHCCS_STG,0.0,0.0,False,0.0
2024-06-17,5,WHCCS2_CT4,0.0,0.0,False,0.0
2024-06-17,5,WHCCS2_CT5,0.0,0.0,False,0.0
2024-06-17,5,WHCCS2_STG6,0.0,0.0,False,0.0
2024-06-17,5,NACPW_UNIT1,0.0,0.0,False,0.0
2024-06-17,5,HBR_2UNITS,0.0,0.0,False,0.0
2024-06-17,5,TRIRA_1UNIT,0.0,0.0,False,0.0
2024-06-17,5,78252_4UNITS,0.0,0.0,False,0.0
2024-06-17,5,SPRIN_4UNITS,0.0,0.0,False,0.0
2024-06-17,5,FREIH_2UNITS,0.0,0.0,False,0.0
2024-06-17,5,WSTHL_3UNITS,0.0,0.0,False,0.0
2024-06-17,5,FEGC_CTG2,0.0,0.0,False,0.0
2024-06-17,5,FEGC_CTG3,0.0,0.0,False,0.0
2024-06-17,5,FEGC_CTG4,0.0,0.0,False,0.0
2024-06-17,5,OLNEYTN_AGR1,0.0,0.0,False,0.0
2024-06-17,5,AMISTAD_AMISTAG1,0.0,0.0,False,0.0
2024-06-17,5,AMISTAD_AMISTAG2,0.0,0.0,False,0.0
2024-06-17,5,AUSTPL_AUSTING1,0.9,8.1,True,0.9
2024-06-17,5,AUSTPL_AUSTING2,0.9,8.1,True,0.9
2024-06-17,5,BUCHAN_BUCHANG1,18.299999999999997,3.552713678800501e-15,True,18.3
2024-06-17,5,BUCHAN_BUCHANG2,18.299999999999997,3.552713678800501e-15,True,18.3
2024-06-17,5,BUCHAN_BUCHANG3,13.404588039218313,4.89541196078169,True,13.4046
2024-06-17,5,DNDAM_DENISOG1,50.8,0.0,True,50.8
2024-06-17,5,DNDAM_DENISOG2,50.8,0.0,True,50.8
2024-06-17,5,FALCON_FALCONG1,1.2,10.8,True,1.2
2024-06-17,5,FALCON_FALCONG2,1.2,10.8,True,1.2
2024-06-17,5,FALCON_FALCONG3,1.2,10.8,True,1.2
2024-06-17,5,WIRTZ_WIRTZ_G1,2.9,26.1,True,2.9
2024-06-17,5,WIRTZ_WIRTZ_G2,2.9,26.1,True,2.9
2024-06-17,5,CANYHY_CANYHYG1,0.6,5.4,True,0.6
2024-06-17,5,INKSDA_INKS_G1,1.5,13.5,True,1.5
2024-06-17,5,MARBFA_MARBFAG1,2.1,18.9,True,2.1
2024-06-17,5,MARBFA_MARBFAG2,2.0,18.0,True,2.0
2024-06-17,5,MARSFO_MARSFOG1,3.6,32.4,True,3.6
2024-06-17,5,MARSFO_MARSFOG2,3.6,32.4,True,3.6
2024-06-17,5,MARSFO_MARSFOG3,3.6,32.4,True,3.6
2024-06-17,5,WND_WHITNEY1,22.0,0.0,True,22.0
2024-06-17,5,WND_WHITNEY2,22.0,0.0,True,22.0
2024-06-17,5,AEEC_ANTLP_1,0.0,0.0,False,0.0
2024-06-17,5,AEEC_ANTLP_2,0.0,0.0,False,0.0
2024-06-17,5,AEEC_ANTLP_3,0.0,0.0,False,0.0
2024-06-17,5,AEEC_ELK_1,0.0,0.0,False,0.0
2024-06-17,5,AEEC_ELK_2,0.0,0.0,False,0.0
2024-06-17,5,AEEC_ELK_3,0.0,0.0,False,0.0
2024-06-17,5,FTR_FTR_G1,185.0,0.0,True,5180.0
2024-06-17,5,FTR_FTR_G2,185.0,0.0,True,5180.0
2024-06-17,5,FTR_FTR_G3,185.0,0.0,True,5180.0
2024-06-17,5,FTR_FTR_G4,400.0,0.0,True,11200.0
2024-06-17,5,TGCCS_CT1,0.0,0.0,False,0.0
2024-06-17,5,TGCCS_CT2,0.0,0.0,False,0.0
2024-06-17,5,TGCCS_CT3,0.0,0.0,False,0.0
2024-06-17,5,TGCCS_UNIT4,0.0,0.0,False,0.0
2024-06-17,5,KMCHI_1CT101,185.0,0.0,True,5180.0
2024-06-17,5,KMCHI_1CT201,185.0,0.0,True,5180.0
2024-06-17,5,KMCHI_1ST,330.0,0.0,True,9240.0
2024-06-17,5,KMCHI_2CT101,55.5,129.5,True,1554.0
2024-06-17,5,KMCHI_2CT201,185.0,0.0,True,5180.0
2024-06-17,5,KMCHI_2ST,330.0,0.0,True,9240.0
2024-06-17,5,A4_DGR1,0.0,0.0,False,0.0
2024-06-17,5,A4_DGR2,0.0,0.0,False,0.0
2024-06-17,5,K2_DGR1,0.0,0.0,False,0.0
2024-06-17,5,K2_DGR2,0.0,0.0,False,0.0
2024-06-17,5,P2_DGR1,0.0,0.0,False,0.0
2024-06-17,5,P2_DGR2,0.0,0.0,False,0.0
2024-06-17,5,Q1_DGR1,0.0,0.0,False,0.0
2024-06-17,5,BRAUNIG_VHB3,0.0,0.0,False,0.0
2024-06-17,5,V2_DGR1,0.0,0.0,False,0.0
2024-06-17,5,V2_DGR2,0.0,0.0,False,0.0
2024-06-17,5,V2_DGR3,0.0,0.0,False,0.0
2024-06-17,5,V4_DGR1,0.0,0.0,False,0.0
2024-06-17,5,X1_DGR1,0.0,0.0,False,0.0
2024-06-17,5,Z0_DGR1,0.0,0.0,False,0.0
2024-06-17,5,Z0_DGR2,0.0,0.0,False,0.0
2024-06-17,5,Z5_DGR1,0.0,0.0,False,0.0
2024-06-17,5,DC_E,0.0,0.0,False,0.0
2024-06-17,5,DC_N,0.0,0.0,False,0.0
2024-06-17,5,DC_L,0.0,0.0,False,0.0
2024-06-17,5,DC_R,0.0,0.0,False,0.0
2024-06-17,5,CEDARVALE_GAS,0.0,0.0,False,0.0
2024-06-17,5,ENCHANTED_ROCK_NEWPP,0.0,0.0,False,0.0
2024-06-17,6,CPSES_UNIT1,1269.0,0.0,True,10152.0
2024-06-17,6,CPSES_UNIT2,1269.0,0.0,True,10152.0
2024-06-17,6,STP_STP_G1,1228.5,136.5,True,9828.0
2024-06-17,6,STP_STP_G2,1290.5567652985897,74.44323470141035,True,10324.4541
2024-06-17,6,COLETO_COLETOG1,0.0,0.0,False,0.0
2024-06-17,6,FPPYD1_FPP_G1,0.0,0.0,False,0.0
2024-06-17,6,FPPYD1_FPP_G2,0.0,0.0,False,0.0
2024-06-17,6,FPPYD2_FPP_G3,0.0,0.0,False,0.0
2024-06-17,6,CALAVERS_JKS1,0.0,0.0,False,0.0
2024-06-17,6,CALAVERS_JKS2,0.0,0.0,False,0.0
2024-06-17,6,LEG_LEG_G1,893.0,0.0,True,22325.0
2024-06-17,6,LEG_LEG_G2,956.8,0.0,True,23920.0
2024-06-17,6,MLSES_UNIT1,893.0,0.0,True,22325.0
2024-06-17,6,MLSES_UNIT2,586.7042973412701,306.29570265872985,True,14667.6074
2024-06-17,6,MLSES_UNIT3,893.0,0.0,True,22325.0
2024-06-17,6,OGSES_UNIT1A,916.8,0.0,True,22920.0
2024-06-17,6,OGSES_UNIT2,916.8,0.0,True,22920.0
2024-06-17,6,SANMIGL_G1,0.0,0.0,False,0.0
2024-06-17,6,SCES_UNIT1,1006.2619000000007,1.7380999999993492,True,25156.5475
2024-06-17,6,TNP_ONE_TNP_O_1,174.6,0.0,True,4365.0
2024-06-17,6,TNP_ONE_TNP_O_2,174.6,0.0,True,4365.0
2024-06-17,6,WAP_WAP_G5,0.0,0.0,False,0.0
2024-06-17,6,WAP_WAP_G6,0.0,0.0,False,0.0
2024-06-17,6,WAP_WAP_G7,0.0,0.0,False,0.0
2024-06-17,6,WAP_WAP_G8,654.0,0.0,True,16350.0
2024-06-17,6,BRAUNIG_AVR1_CT1,0.0,0.0,False,0.0
2024-06-17,6,BRAUNIG_AVR1_CT2,0.0,0.0,False,0.0
2024-06-17,6,BRAUNIG_AVR1_ST,0.0,0.0,False,0.0
2024-06-17,6,ATKINS_ATKINSG7,0.0,0.0,False,0.0
2024-06-17,6,B_DAVIS_B_DAVIG3,0.0,0.0,False,0.0
2024-06-17,6,B_DAVIS_B_DAVIG4,0.0,0.0,False,0.0
2024-06-17,6,B_DAVIS_B_DAVIG1,0.0,0.0,False,0.0
2024-06-17,6,B_DAVIS_B_DAVIG2,0.0,0.0,False,0.0
2024-06-17,6,BASTEN_GTG1100,0.0,0.0,False,0.0
2024-06-17,6,BASTEN_GTG2100,0.0,0.0,False,0.0
2024-06-17,6,BASTEN_ST0100,0.0,0.0,False,0.0
2024-06-17,6,BCH_UNIT1,0.0,0.0,False,0.0
2024-06-17,6,BCH_UNIT2,0.0,0.0,False,0.0
2024-06-17,6,BCH_UNIT3,0.0,0.0,False,0.0
2024-06-17,6,BCH_UNIT4,0.0,0.0,False,0.0
2024-06-17,6,BCH_UNIT5,0.0,0.0,False,0.0
2024-06-17,6,BCH_UNIT6,0.0,0.0,False,0.0
2024-06-17,6,BCH_UNIT7,0.0,0.0,False,0.0
2024-06-17,6,BCH_UNIT8,0.0,0.0,False,0.0
2024-06-17,6,BOSQUESW_BSQSU_1,0.0,0.0,False,0.0
2024-06-17,6,BOSQUESW_BSQSU_2,0.0,0.0,False,0.0
2024-06-17,6,BOSQUESW_BSQSU_3,0.0,0.0,False,0.0
2024-06-17,6,BOSQUESW_BSQSU_4,0.0,0.0,False,0.0
2024-06-17,6,BOSQUESW_BSQSU_5,0.0,0.0,False,0.0
2024-06-17,6,BVE_UNIT1,0.0,0.0,False,0.0
2024-06-17,6,BVE_UNIT2,0.0,0.0,False,0.0
2024-06-17,6,BVE_UNIT3,0.0,0.0,False,0.0
2024-06-17,6,BTM_UNIT1,0.0,0.0,False,0.0
2024-06-17,6,BTM_UNIT2,0.0,0.0,False,0.0
2024-06-17,6,BTM_UNIT3,0.0,0.0,False,0.0
2024-06-17,6,BTM_UNIT4,0.0,0.0,False,0.0
2024-06-17,6,BTM_UNIT5,0.0,0.0,False,0.0
2024-06-17,6,BTM_UNIT6,0.0,0.0,False,0.0
2024-06-17,6,BTM_UNIT7,0.0,0.0,False,0.0
2024-06-17,6,BTM_UNIT8,0.0,0.0,False,0.0
2024-06-17,6,FLCNS_UNIT1,0.0,0.0,False,0.0
2024-06-17,6,FLCNS_UNIT2,0.0,0.0,False,0.0
2024-06-17,6,CALHOUN_UNIT1,0.0,0.0,False,0.0
2024-06-17,6,CALHOUN_UNIT2,0.0,0.0,False,0.0
2024-06-17,6,CHAMON_CTG_0101,0.0,0.0,False,0.0
2024-06-17,6,CHAMON_CTG_0301,0.0,0.0,False,0.0
2024-06-17,6,CBY4_CT41,205.0,0.0,True,5740.0
2024-06-17,6,CBY4_CT42,205.0,0.0,True,5740.0
2024-06-17,6,CBY4_ST04,205.0,0.0,True,5740.0
2024-06-17,6,CBY_CBY_G1,765.0,0.0,True,26775.0
2024-06-17,6,CBY_CBY_G2,765.0,0.0,True,26775.0
2024-06-17,6,CBEC_GT1,0.0,0.0,False,0.0
2024-06-17,6,CBEC_GT2,0.0,0.0,False,0.0
2024-06-17,6,CBEC_GT3,0.0,0.0,False,0.0
2024-06-17,6,CBEC_GT4,0.0,0.0,False,0.0
2024-06-17,6,CBEC_STG1,0.0,0.0,False,0.0
2024-06-17,6,CBEC_STG2,0.0,0.0,False,0.0
2024-06-17,6,CBECII_CT7,0.0,0.0,False,0.0
2024-06-17,6,CBECII_CT8,0.0,0.0,False,0.0
2024-06-17,6,CBECII_STG9,0.0,0.0,False,0.0
2024-06-17,6,CBEC_GT11,0.0,0.0,False,0.0
2024-06-17,6,CBEC_GT12,0.0,0.0,False,0.0
2024-06-17,6,CVC_CVC_G1,192.1,0.0,True,5378.8
2024-06-17,6,CVC_CVC_G2,192.09999999999994,5.684341886080802e-14,True,5378.8
2024-06-17,6,CVC_CVC_G3,192.1,0.0,True,5378.8
2024-06-17,6,CVC_CVC_G5,150.0,0.0,True,4200.0
2024-06-17,6,DANSBY_DANSBYG2,0.0,0.0,False,0.0
2024-06-17,6,DANSBY_DANSBYG3,0.0,0.0,False,0.0
2024-06-17,6,DANSBY_DANSBYG1,0.0,0.0,False,0.0
2024-06-17,6,DECKER_DPGT_1,0.0,0.0,False,0.0
2024-06-17,6,DECKER_DPGT_2,0.0,0.0,False,0.0
2024-06-17,6,DECKER_DPGT_3,0.0,0.0,False,0.0
2024-06-17,6,DECKER_DPGT_4,0.0,0.0,False,0.0
2024-06-17,6,DCSES_CT10,0.0,0.0,False,0.0
2024-06-17,6,DCSES_CT20,0.0,0.0,False,0.0
2024-06-17,6,DCSES_CT30,0.0,0.0,False,0.0
2024-06-17,6,DCSES_CT40,0.0,0.0,False,0.0
2024-06-17,6,DDPEC_GT1,60.9,142.1,True,1705.2
2024-06-17,6,DDPEC_GT2,181.14000000000266,33.85999999999734,True,5071.92
2024-06-17,6,DDPEC_GT3,60.9,142.1,True,1705.2
2024-06-17,6,DDPEC_GT4,64.5,150.5,True,1806.0
2024-06-17,6,DDPEC_GT6,59.7,139.3,True,1671.6
2024-06-17,6,DDPEC_ST1,290.0,0.0,True,8120.0
2024-06-17,6,DEC_AGR_A,0.0,0.0,False,0.0
2024-06-17,6,DEC_AGR_B,0.0,0.0,False,0.0
2024-06-17,6,DEC_AGR_C,0.0,0.0,False,0.0
2024-06-17,6,DEC_AGR_D,0.0,0.0,False,0.0
2024-06-17,6,ECEC_G1,0.0,0.0,False,0.0
2024-06-17,6,ECEC_G2,0.0,0.0,False,0.0
2024-06-17,6,ETCCS_CT1,0.0,0.0,False,0.0
2024-06-17,6,ETCCS_UNIT1,0.0,0.0,False,0.0
2024-06-17,6,AZ_AZ_G1,40.0,0.0,True,1680.0
2024-06-17,6,AZ_AZ_G2,40.0,0.0,True,1680.0
2024-06-17,6,AZ_AZ_G3,40.0,0.0,True,1680.0
2024-06-17,6,AZ_AZ_G4,40.0,0.0,True,1680.0
2024-06-17,6,FERGCC_FERGGT1,0.0,0.0,False,0.0
2024-06-17,6,FERGCC_FERGGT2,0.0,0.0,False,0.0
2024-06-17,6,FERGCC_FERGST1,0.0,0.0,False,0.0
2024-06-17,6,FRNYPP_GT11,196.7,0.0,True,5507.6
2024-06-17,6,FRNYPP_GT12,196.70000000000005,-5.684341886080802e-14,True,5507.6
2024-06-17,6,FRNYPP_GT13,196.7,0.0,True,5507.6
2024-06-17,6,FRNYPP_GT21,196.7,0.0,True,5507.6
2024-06-17,6,FRNYPP_GT22,196.7,0.0,True,5507.6
2024-06-17,6,FRNYPP_GT23,196.7,0.0,True,5507.6
2024-06-17,6,FRNYPP_ST10,126.6,0.0,True,3544.8
2024-06-17,6,FRNYPP_ST20,422.0,0.0,True,11816.0
2024-06-17,6,FREC_GT1,0.0,0.0,False,0.0
2024-06-17,6,FREC_GT2,0.0,0.0,False,0.0
2024-06-17,6,FREC_GT4,0.0,0.0,False,0.0
2024-06-17,6,FREC_GT5,0.0,0.0,False,0.0
2024-06-17,6,FREC_ST3,0.0,0.0,False,0.0
2024-06-17,6,FREC_ST6,0.0,0.0,False,0.0
2024-06-17,6,FEGC_UNIT1,0.0,0.0,False,0.0
2024-06-17,6,FRONT_EC_CT1,0.0,0.0,False,0.0
2024-06-17,6,FRONT_EC_CT2,0.0,0.0,False,0.0
2024-06-17,6,FRONT_EC_ST,0.0,0.0,False,0.0
2024-06-17,6,GRSES_UNIT1,0.0,0.0,False,0.0
2024-06-17,6,GRSES_UNIT2,0.0,0.0,False,0.0
2024-06-17,6,GBY_GBYGT73,0.0,0.0,False,0.0
2024-06-17,6,GBY_GBYGT74,0.0,0.0,False,0.0
2024-06-17,6,GBY_GBYGT81,0.0,0.0,False,0.0
2024-06-17,6,GBY_GBYGT82,0.0,0.0,False,0.0
2024-06-17,6,GBY_GBYGT83,0.0,0.0,False,0.0
2024-06-17,6,GBY_GBYGT84,0.0,0.0,False,0.0
2024-06-17,6,STEAM_ENGINE_1,0.0,0.0,False,0.0
2024-06-17,6,STEAM_ENGINE_2,0.0,0.0,False,0.0
2024-06-17,6,STEAM_ENGINE_3,0.0,0.0,False,0.0
2024-06-17,6,LGE_LGE_GT1,0.0,0.0,False,0.0
2024-06-17,6,LGE_LGE_GT2,0.0,0.0,False,0.0
2024-06-17,6,LGE_LGE_STG,0.0,0.0,False,0.0
2024-06-17,6,GUADG_GAS1,0.0,0.0,False,0.0
2024-06-17,6,GUADG_GAS2,0.0,0.0,False,0.0
2024-06-17,6,GUADG_GAS3,0.0,0.0,False,0.0
2024-06-17,6,GUADG_GAS4,0.0,0.0,False,0.0
2024-06-17,6,GUADG_STM5,0.0,0.0,False,0.0
2024-06-17,6,GUADG_STM6,0.0,0.0,False,0.0
2024-06-17,6,HLSES_UNIT3,0.0,0.0,False,0.0
2024-06-17,6,HLSES_UNIT4,0.0,0.0,False,0.0
2024-06-17,6,HLSES_UNIT5,0.0,0.0,False,0.0
2024-06-17,6,HAYSEN_HAYSENG1,0.0,0.0,False,0.0
2024-06-17,6,HAYSEN_HAYSENG2,0.0,0.0,False,0.0
2024-06-17,6,HAYSEN_HAYSENG3,0.0,0.0,False,0.0
2024-06-17,6,HAYSEN_HAYSENG4,0.0,0.0,False,0.0
2024-06-17,6,DUKE_DUKE_GT1,0.0,0.0,False,0.0
2024-06-17,6,DUKE_DUKE_GT2,0.0,0.0,False,0.0
2024-06-17,6,DUKE_DUKE_ST1,0.0,0.0,False,0.0
2024-06-17,6,JACKCNTY_CT1,0.0,0.0,False,0.0
2024-06-17,6,JACKCNTY_CT2,0.0,0.0,False,0.0
2024-06-17,6,JCKCNTY2_CT3,0.0,0.0,False,0.0
2024-06-17,6,JCKCNTY2_CT4,0.0,0.0,False,0.0
2024-06-17,6,JACKCNTY_STG,0.0,0.0,False,0.0
2024-06-17,6,JCKCNTY2_ST2,0.0,0.0,False,0.0
2024-06-17,6,TEN_CT1,0.0,0.0,False,0.0
2024-06-17,6,TEN_STG,0.0,0.0,False,0.0
2024-06-17,6,LHSES_UNIT1,0.0,0.0,False,0.0
2024-06-17,6,LHSES_UNIT2A,0.0,0.0,False,0.0
2024-06-17,6,LPCCS_CT11,0.0,0.0,False,0.0
2024-06-17,6,LPCCS_CT12,186.0,0.0,True,5208.0
2024-06-17,6,LPCCS_CT21,186.0,0.0,True,5208.0
2024-06-17,6,LPCCS_CT22,0.0,0.0,False,0.0
2024-06-17,6,LPCCS_UNIT1,0.0,0.0,False,0.0
2024-06-17,6,LPCCS_UNIT2,216.0,0.0,True,6048.0
2024-06-17,6,LARDVFTN_G4,0.0,0.0,False,0.0
2024-06-17,6,LARDVFTN_G5,0.0,0.0,False,0.0
2024-06-17,6,LEON_CRK_LCPCT1,0.0,0.0,False,0.0
2024-06-17,6,LEON_CRK_LCPCT2,0.0,0.0,False,0.0
2024-06-17,6,LEON_CRK_LCPCT3,0.0,0.0,False,0.0
2024-06-17,6,LEON_CRK_LCPCT4,0.0,0.0,False,0.0
2024-06-17,6,LIG_UNIT1,6.05,0.0,True,254.1
2024-06-17,6,LIG_UNIT2,6.05,0.0,True,254.1
2024-06-17,6,LOSTPI_LOSTPGT1,0.0,0.0,False,0.0
2024-06-17,6,LOSTPI_LOSTPGT2,0.0,0.0,False,0.0
2024-06-17,6,LOSTPI_LOSTPST1,0.0,0.0,False,0.0
2024-06-17,6,NEDIN_NEDIN_G1,0.0,0.0,False,0.0
2024-06-17,6,NEDIN_NEDIN_G2,0.0,0.0,False,0.0
2024-06-17,6,NEDIN_NEDIN_G3,0.0,0.0,False,0.0
2024-06-17,6,MDANP_CT1,0.0,0.0,False,0.0
2024-06-17,6,MDANP_CT2,0.0,0.0,False,0.0
2024-06-17,6,MDANP_CT3,0.0,0.0,False,0.0
2024-06-17,6,MDANP_CT4,0.0,0.0,False,0.0
2024-06-17,6,MDANP_CT5,0.0,0.0,False,0.0
2024-06-17,6,MDANP_CT6,0.0,0.0,False,0.0
2024-06-17,6,MGSES_CT1,0.0,0.0,False,0.0
2024-06-17,6,MGSES_CT2,0.0,0.0,False,0.0
2024-06-17,6,MGSES_CT3,0.0,0.0,False,0.0
2024-06-17,6,MGSES_CT4,0.0,0.0,False,0.0
2024-06-17,6,MGSES_CT5,0.0,0.0,False,0.0
2024-06-17,6,MGSES_CT6,0.0,0.0,False,0.0
2024-06-17,6,MCSES_UNIT6,0.0,0.0,False,0.0
2024-06-17,6,MCSES_UNIT7,0.0,0.0,False,0.0
2024-06-17,6,MCSES_UNIT8,0.0,0.0,False,0.0
2024-06-17,6,NUECES_B_NUECESG8,0.0,0.0,False,0.0
2024-06-17,6,NUECES_B_NUECESG9,0.0,0.0,False,0.0
2024-06-17,6,NUECES_B_NUECESG7,0.0,0.0,False,0.0
2024-06-17,6,CALAVERS_OWS1,0.0,0.0,False,0.0
2024-06-17,6,CALAVERS_OWS2,0.0,0.0,False,0.0
2024-06-17,6,OECCS_CT11,0.0,0.0,False,0.0
2024-06-17,6,OECCS_CT12,0.0,0.0,False,0.0
2024-06-17,6,OECCS_CT21,0.0,0.0,False,0.0
2024-06-17,6,OECCS_CT22,0.0,0.0,False,0.0
2024-06-17,6,OECCS_UNIT1,0.0,0.0,False,0.0
2024-06-17,6,OECCS_UNIT2,0.0,0.0,False,0.0
2024-06-17,6,VICTPRT2_UNIT1,0.0,0.0,False,0.0
2024-06-17,6,VICTPRT2_UNIT2,0.0,0.0,False,0.0
2024-06-17,6,PANDA_S_SHER1CT1,232.0,0.0,True,6496.0
2024-06-17,6,PANDA_S_SHER1CT2,208.5088480630339,23.491151936966105,True,5838.2477
2024-06-17,6,PANDA_S_SHER1ST1,353.1,0.0,True,9886.8
2024-06-17,6,PANDA_T1_TMPL1CT1,0.0,0.0,False,0.0
2024-06-17,6,PANDA_T1_TMPL1CT2,0.0,0.0,False,0.0
2024-06-17,6,PANDA_T1_TMPL1ST1,353.1,0.0,True,9886.8
2024-06-17,6,PANDA_T2_TMPL2CT1,232.0,0.0,True,6496.0
2024-06-17,6,PANDA_T2_TMPL2CT2,232.0,0.0,True,6496.0
2024-06-17,6,PANDA_T2_TMPL2ST1,353.1,0.0,True,9886.8
2024-06-17,6,TNSKA_GT1,0.0,0.0,False,0.0
2024-06-17,6,TNSKA_GT2,0.0,0.0,False,0.0
2024-06-17,6,TNSKA_STG,0.0,0.0,False,0.0
2024-06-17,6,PSG_PSG_GT2,142.20001700741432,72.89998299258568,True,3981.6005
2024-06-17,6,PSG_PSG_GT3,215.1,0.0,True,6022.8
2024-06-17,6,PSG_PSG_ST2,195.5,0.0,True,5474.0
2024-06-17,6,PEARSAL2_AGR_A,0.0,0.0,False,0.0
2024-06-17,6,PEARSAL2_AGR_B,0.0,0.0,False,0.0
2024-06-17,6,PEARSAL2_AGR_C,0.0,0.0,False,0.0
2024-06-17,6,PEARSAL2_AGR_D,0.0,0.0,False,0.0
2024-06-17,6,PB2SES_CT1,0.0,0.0,False,0.0
2024-06-17,6,PB2SES_CT2,0.0,0.0,False,0.0
2024-06-17,6,PB2SES_CT3,0.0,0.0,False,0.0
2024-06-17,6,PB2SES_CT4,0.0,0.0,False,0.0
2024-06-17,6,PB2SES_CT5,0.0,0.0,False,0.0
2024-06-17,6,PRO_UNIT1,60.5,0.0,True,2541.0
2024-06-17,6,PRO_UNIT2,60.5,0.0,True,2541.0
2024-06-17,6,PRO_UNIT3,6.05,0.0,True,254.1
2024-06-17,6,PRO_UNIT4,60.5,0.0,True,2541.0
2024-06-17,6,PRO_UNIT5,6.05,0.0,True,254.1
2024-06-17,6,PRO_UNIT6,60.5,0.0,True,2541.0
2024-06-17,6,PRO_UNIT7,6.05,0.0,True,254.1
2024-06-17,6,PRO_UNIT8,60.5,0.0,True,2541.0
2024-06-17,6,BAC_CTG1,0.0,0.0,False,0.0
2024-06-17,6,BAC_CTG2,0.0,0.0,False,0.0
2024-06-17,6,BAC_CTG3,0.0,0.0,False,0.0
2024-06-17,6,BAC_CTG4,0.0,0.0,False,0.0
2024-06-17,6,BAC_CTG5,0.0,0.0,False,0.0
2024-06-17,6,BAC_CTG6,0.0,0.0,False,0.0
2024-06-17,6,STEAM1A_STEAM_1,0.0,0.0,False,0.0
2024-06-17,6,STEAM_STEAM_2,0.0,0.0,False,0.0
2024-06-17,6,STEAM_STEAM_3,0.0,0.0,False,0.0
2024-06-17,6,QALSW_GT1,0.0,0.0,False,0.0
2024-06-17,6,QALSW_GT2,0.0,0.0,False,0.0
2024-06-17,6,QALSW_GT3,0.0,0.0,False,0.0
2024-06-17,6,QALSW_GT4,0.0,0.0,False,0.0
2024-06-17,6,QALSW_STG1,0.0,0.0,False,0.0
2024-06-17,6,QALSW_STG2,0.0,0.0,False,0.0
2024-06-17,6,MIL_MILLERG4,0.0,0.0,False,0.0
2024-06-17,6,MIL_MILLERG5,0.0,0.0,False,0.0
2024-06-17,6,MIL_MILLERG1,0.0,0.0,False,0.0
2024-06-17,6,MIL_MILLERG2,0.0,0.0,False,0.0
2024-06-17,6,MIL_MILLERG3,0.0,0.0,False,0.0
2024-06-17,6,OLINGR_OLING_4,0.0,0.0,False,0.0
2024-06-17,6,OLINGR_OLING_2,0.0,0.0,False,0.0
2024-06-17,6,OLINGR_OLING_3,0.0,0.0,False,0.0
2024-06-17,6,RAB_UNIT1,0.0,0.0,False,0.0
2024-06-17,6,RAB_UNIT2,0.0,0.0,False,0.0
2024-06-17,6,RAB_UNIT3,0.0,0.0,False,0.0
2024-06-17,6,RAB_UNIT4,0.0,0.0,False,0.0
2024-06-17,6,RAB_UNIT5,0.0,0.0,False,0.0
2024-06-17,6,RAB_UNIT6,0.0,0.0,False,0.0
2024-06-17,6,RAB_UNIT7,0.0,0.0,False,0.0
2024-06-17,6,RAB_UNIT8,0.0,0.0,False,0.0
2024-06-17,6,REDGATE_AGR_A,0.0,0.0,False,0.0
2024-06-17,6,REDGATE_AGR_B,0.0,0.0,False,0.0
2024-06-17,6,REDGATE_AGR_C,0.0,0.0,False,0.0
2024-06-17,6,REDGATE_AGR_D,0.0,0.0,False,0.0
2024-06-17,6,JAD_UNIT1,60.5,0.0,True,2541.0
2024-06-17,6,JAD_UNIT2,60.5,0.0,True,2541.0
2024-06-17,6,JAD_UNIT3,60.5,0.0,True,2541.0
2024-06-17,6,JAD_UNIT4,60.5,0.0,True,2541.0
2024-06-17,6,JAD_UNIT5,60.5,0.0,True,2541.0
2024-06-17,6,JAD_UNIT6,27.07409002939507,33.425909970604934,True,1137.1118
2024-06-17,6,JAD_UNIT7,60.5,0.0,True,2541.0
2024-06-17,6,JAD_UNIT8,60.5,0.0,True,2541.0
2024-06-17,6,RIONOG_CT1,0.0,0.0,False,0.0
2024-06-17,6,RIONOG_CT2,0.0,0.0,False,0.0
2024-06-17,6,RIONOG_CT3,0.0,0.0,False,0.0
2024-06-17,6,RIONOG_ST1,0.0,0.0,False,0.0
2024-06-17,6,RAYBURN_RAYBURG7,18.15,42.35,True,508.2
2024-06-17,6,RAYBURN_RAYBURG8,60.5,0.0,True,1694.0
2024-06-17,6,RAYBURN_RAYBURG9,60.5,0.0,True,1694.0
2024-06-17,6,RAYBURN_RAYBURG10,12.6,29.4,True,352.8
2024-06-17,6,SJS_SJS_G1,0.0,0.0,False,0.0
2024-06-17,6,SJS_SJS_G2,0.0,0.0,False,0.0
2024-06-17,6,SANDHSYD_SH1,0.0,0.0,False,0.0
2024-06-17,6,SANDHSYD_SH2,0.0,0.0,False,0.0
2024-06-17,6,SANDHSYD_SH3,0.0,0.0,False,0.0
2024-06-17,6,SANDHSYD_SH4,0.0,0.0,False,0.0
2024-06-17,6,SANDHSYD_SH_5A,0.0,0.0,False,0.0
2024-06-17,6,SANDHSYD_SH6,0.0,0.0,False,0.0
2024-06-17,6,SANDHSYD_SH7,0.0,0.0,False,0.0
2024-06-17,6,SANDHSYD_SH_5C,0.0,0.0,False,0.0
2024-06-17,6,SILASRAY_SILAS_10,0.0,0.0,False,0.0
2024-06-17,6,SILASRAY_SILAS_9,0.0,0.0,False,0.0
2024-06-17,6,SILASRAY_SILAS_6,0.0,0.0,False,0.0
2024-06-17,6,GIDEON_GIDEONG1,0.0,0.0,False,0.0
2024-06-17,6,GIDEON_GIDEONG2,0.0,0.0,False,0.0
2024-06-17,6,GIDEON_GIDEONG3,0.0,0.0,False,0.0
2024-06-17,6,SKY1_SKY1A,0.0,0.0,False,0.0
2024-06-17,6,SKY1_SKY1B,0.0,0.0,False,0.0
2024-06-17,6,SPNCER_SPNCE_4,0.0,0.0,False,0.0
2024-06-17,6,SPNCER_SPNCE_5,0.0,0.0,False,0.0
2024-06-17,6,SCSES_UNIT1A,0.0,0.0,False,0.0
2024-06-17,6,SCSES_UNIT2,0.0,0.0,False,0.0
2024-06-17,6,THW_THWGT_1,0.0,0.0,False,0.0
2024-06-17,6,THW_THWGT31,51.3,0.0,True,1436.4
2024-06-17,6,THW_THWGT32,51.3,0.0,True,1436.4
2024-06-17,6,THW_THWGT33,51.3,0.0,True,1436.4
2024-06-17,6,THW_THWGT34,51.3,0.0,True,1436.4
2024-06-17,6,THW_THWGT41,51.3,0.0,True,1436.4
2024-06-17,6,THW_THWGT42,51.3,0.0,True,1436.4
2024-06-17,6,THW_THWGT43,62.0,0.0,True,1736.0
2024-06-17,6,THW_THWGT44,62.0,0.0,True,1736.0
2024-06-17,6,THW_THWGT51,0.0,0.0,False,0.0
2024-06-17,6,THW_THWGT52,0.0,0.0,False,0.0
2024-06-17,6,THW_THWGT53,0.0,0.0,False,0.0
2024-06-17,6,THW_THWGT54,0.0,0.0,False,0.0
2024-06-17,6,THW_THWGT55,0.0,0.0,False,0.0
2024-06-17,6,THW_THWGT56,0.0,0.0,False,0.0
2024-06-17,6,THW_THWST_3,113.1,0.0,True,3166.8
2024-06-17,6,THW_THWST_4,113.1,0.0,True,3166.8
2024-06-17,6,TXCTY_CTA,129.1,0.0,True,3614.8
2024-06-17,6,TXCTY_CTB,129.1,0.0,True,3614.8
2024-06-17,6,TXCTY_CTC,129.1,0.0,True,3614.8
2024-06-17,6,TXCTY_ST,143.7,0.0,True,4023.6
2024-06-17,6,TGS_GT01,0.0,0.0,False,0.0
2024-06-17,6,TIMPP_AGR1,0.0,0.0,False,0.0
2024-06-17,6,TIMPP_AGR2,0.0,0.0,False,0.0
2024-06-17,6,TIMPP_AGR3,0.0,0.0,False,0.0
2024-06-17,6,TIMPP_AGR4,0.0,0.0,False,0.0
2024-06-17,6,TRSES_UNIT6,0.0,0.0,False,0.0
2024-06-17,6,TOPAZ_UNIT1,0.0,0.0,False,0.0
2024-06-17,6,TOPAZ_UNIT2,0.0,0.0,False,0.0
2024-06-17,6,TOPAZ_UNIT3,0.0,0.0,False,0.0
2024-06-17,6,TOPAZ_UNIT4,0.0,0.0,False,0.0
2024-06-17,6,TOPAZ_UNIT5,0.0,0.0,False,0.0
2024-06-17,6,TOPAZ_UNIT6,0.0,0.0,False,0.0
2024-06-17,6,TOPAZ_UNIT7,0.0,0.0,False,0.0
2024-06-17,6,TOPAZ_UNIT8,0.0,0.0,False,0.0
2024-06-17,6,TOPAZ_UNIT9,0.0,0.0,False,0.0
2024-06-17,6,TOPAZ_UNIT10,0.0,0.0,False,0.0
2024-06-17,6,BRAUNIG_VHB6CT5,0.0,0.0,False,0.0
2024-06-17,6,BRAUNIG_VHB6CT6,0.0,0.0,False,0.0
2024-06-17,6,BRAUNIG_VHB6CT7,0.0,0.0,False,0.0
2024-06-17,6,BRAUNIG_VHB6CT8,0.0,0.0,False,0.0
2024-06-17,6,CITYVICT_CTG01,0.0,0.0,False,0.0
2024-06-17,6,CITYVICT_CTG02,0.0,0.0,False,0.0
2024-06-17,6,VICTPORT_CTG01,0.0,0.0,False,0.0
2024-06-17,6,VICTPORT_CTG02,0.0,0.0,False,0.0
2024-06-17,6,VICTORIA_VICTORG6,0.0,0.0,False,0.0
2024-06-17,6,VICTORIA_VICTORG5,0.0,0.0,False,0.0
2024-06-17,6,WAP_WAPGT_1,0.0,0.0,False,0.0
2024-06-17,6,WAP_WAP_G1,0.0,0.0,False,0.0
2024-06-17,6,WAP_WAP_G2,0.0,0.0,False,0.0
2024-06-17,6,WAP_WAP_G3,0.0,0.0,False,0.0
2024-06-17,6,WAP_WAP_G4,0.0,0.0,False,0.0
2024-06-17,6,WFCOGEN_UNIT1,0.0,0.0,False,0.0
2024-06-17,6,WFCOGEN_UNIT2,0.0,0.0,False,0.0
2024-06-17,6,WFCOGEN_UNIT3,0.0,0.0,False,0.0
2024-06-17,6,WIPOPA_WPP_G1,0.0,0.0,False,0.0
2024-06-17,6,WIPOPA_WPP_G2,0.0,0.0,False,0.0
2024-06-17,6,WIPOPA_WPP_G3,0.0,0.0,False,0.0
2024-06-17,6,WIPOPA_WPP_G4,0.0,0.0,False,0.0
2024-06-17,6,WCPP_CT1,0.0,0.0,False,0.0
2024-06-17,6,WCPP_CT2,0.0,0.0,False,0.0
2024-06-17,6,WCPP_ST1,0.0,0.0,False,0.0
2024-06-17,6,WHCCS_CT1,0.0,0.0,False,0.0
2024-06-17,6,WHCCS_CT2,0.0,0.0,False,0.0
2024-06-17,6,WHCCS_STG,0.0,0.0,False,0.0
2024-06-17,6,WHCCS2_CT4,0.0,0.0,False,0.0
2024-06-17,6,WHCCS2_CT5,0.0,0.0,False,0.0
2024-06-17,6,WHCCS2_STG6,0.0,0.0,False,0.0
2024-06-17,6,NACPW_UNIT1,0.0,0.0,False,0.0
2024-06-17,6,HBR_2UNITS,0.0,0.0,False,0.0
2024-06-17,6,TRIRA_1UNIT,0.0,0.0,False,0.0
2024-06-17,6,78252_4UNITS,0.0,0.0,False,0.0
2024-06-17,6,SPRIN_4UNITS,0.0,0.0,False,0.0
2024-06-17,6,FREIH_2UNITS,0.0,0.0,False,0.0
2024-06-17,6,WSTHL_3UNITS,0.0,0.0,False,0.0
2024-06-17,6,FEGC_CTG2,0.0,0.0,False,0.0
2024-06-17,6,FEGC_CTG3,0.0,0.0,False,0.0
2024-06-17,6,FEGC_CTG4,0.0,0.0,False,0.0
2024-06-17,6,OLNEYTN_AGR1,0.0,0.0,False,0.0
2024-06-17,6,AMISTAD_AMISTAG1,0.0,0.0,False,0.0
2024-06-17,6,AMISTAD_AMISTAG2,0.0,0.0,False,0.0
2024-06-17,6,AUSTPL_AUSTING1,9.0,0.0,True,9.0
2024-06-17,6,AUSTPL_AUSTING2,9.0,0.0,True,9.0
2024-06-17,6,BUCHAN_BUCHANG1,18.299999999999997,3.552713678800501e-15,True,18.3
2024-06-17,6,BUCHAN_BUCHANG2,18.299999999999997,3.552713678800501e-15,True,18.3
2024-06-17,6,BUCHAN_BUCHANG3,18.299999999999997,3.552713678800501e-15,True,18.3
2024-06-17,6,DNDAM_DENISOG1,50.8,0.0,True,50.8
2024-06-17,6,DNDAM_DENISOG2,50.8,0.0,True,50.8
2024-06-17,6,FALCON_FALCONG1,12.0,0.0,True,12.0
2024-06-17,6,FALCON_FALCONG2,12.0,0.0,True,12.0
2024-06-17,6,FALCON_FALCONG3,12.0,0.0,True,12.0
2024-06-17,6,WIRTZ_WIRTZ_G1,29.0,0.0,True,29.0
2024-06-17,6,WIRTZ_WIRTZ_G2,29.0,0.0,True,29.0
2024-06-17,6,CANYHY_CANYHYG1,6.0,0.0,True,6.0
2024-06-17,6,INKSDA_INKS_G1,15.0,0.0,True,15.0
2024-06-17,6,MARBFA_MARBFAG1,21.0,0.0,True,21.0
2024-06-17,6,MARBFA_MARBFAG2,20.0,0.0,True,20.0
2024-06-17,6,MARSFO_MARSFOG1,27.0553071455112,8.9446928544888,True,27.0553
2024-06-17,6,MARSFO_MARSFOG2,36.0,0.0,True,36.0
2024-06-17,6,MARSFO_MARSFOG3,36.0,0.0,True,36.0
2024-06-17,6,WND_WHITNEY1,22.0,0.0,True,22.0
2024-06-17,6,WND_WHITNEY2,22.0,0.0,True,22.0
2024-06-17,6,AEEC_ANTLP_1,0.0,0.0,False,0.0
2024-06-17,6,AEEC_ANTLP_2,0.0,0.0,False,0.0
2024-06-17,6,AEEC_ANTLP_3,0.0,0.0,False,0.0
2024-06-17,6,AEEC_ELK_1,0.0,0.0,False,0.0
2024-06-17,6,AEEC_ELK_2,0.0,0.0,False,0.0
2024-06-17,6,AEEC_ELK_3,0.0,0.0,False,0.0
2024-06-17,6,FTR_FTR_G1,185.0,0.0,True,5180.0
2024-06-17,6,FTR_FTR_G2,185.0,0.0,True,5180.0
2024-06-17,6,FTR_FTR_G3,185.0,0.0,True,5180.0
2024-06-17,6,FTR_FTR_G4,400.0,0.0,True,11200.0
2024-06-17,6,TGCCS_CT1,0.0,0.0,False,0.0
2024-06-17,6,TGCCS_CT2,0.0,0.0,False,0.0
2024-06-17,6,TGCCS_CT3,0.0,0.0,False,0.0
2024-06-17,6,TGCCS_UNIT4,0.0,0.0,False,0.0
2024-06-17,6,KMCHI_1CT101,185.0,0.0,True,5180.0
2024-06-17,6,KMCHI_1CT201,55.5,129.5,True,1554.0
2024-06-17,6,KMCHI_1ST,330.0,0.0,True,9240.0
2024-06-17,6,KMCHI_2CT101,185.0,0.0,True,5180.0
2024-06-17,6,KMCHI_2CT201,185.0,0.0,True,5180.0
2024-06-17,6,KMCHI_2ST,330.0,0.0,True,9240.0
2024-06-17,6,A4_DGR1,0.0,0.0,False,0.0
2024-06-17,6,A4_DGR2,0.0,0.0,False,0.0
2024-06-17,6,K2_DGR1,0.0,0.0,False,0.0
2024-06-17,6,K2_DGR2,0.0,0.0,False,0.0
2024-06-17,6,P2_DGR1,0.0,0.0,False,0.0
2024-06-17,6,P2_DGR2,0.0,0.0,False,0.0
2024-06-17,6,Q1_DGR1,0.0,0.0,False,0.0
2024-06-17,6,BRAUNIG_VHB3,0.0,0.0,False,0.0
2024-06-17,6,V2_DGR1,0.0,0.0,False,0.0
2024-06-17,6,V2_DGR2,0.0,0.0,False,0.0
2024-06-17,6,V2_DGR3,0.0,0.0,False,0.0
2024-06-17,6,V4_DGR1,0.0,0.0,False,0.0
2024-06-17,6,X1_DGR1,0.0,0.0,False,0.0
2024-06-17,6,Z0_DGR1,0.0,0.0,False,0.0
2024-06-17,6,Z0_DGR2,0.0,0.0,False,0.0
2024-06-17,6,Z5_DGR1,0.0,0.0,False,0.0
2024-06-17,6,DC_E,0.0,0.0,False,0.0
2024-06-17,6,DC_N,0.0,0.0,False,0.0
2024-06-17,6,DC_L,0.0,0.0,False,0.0
2024-06-17,6,DC_R,0.0,0.0,False,0.0
2024-06-17,6,CEDARVALE_GAS,0.0,0.0,False,0.0
2024-06-17,6,ENCHANTED_ROCK_NEWPP,0.0,0.0,False,0.0
2024-06-17,7,CPSES_UNIT1,1269.0,0.0,True,10152.0
2024-06-17,7,CPSES_UNIT2,1269.0,0.0,True,10152.0
2024-06-17,7,STP_STP_G1,1365.0,0.0,True,10920.0
2024-06-17,7,STP_STP_G2,1365.0,0.0,True,10920.0
2024-06-17,7,COLETO_COLETOG1,0.0,0.0,False,0.0
2024-06-17,7,FPPYD1_FPP_G1,0.0,0.0,False,0.0
2024-06-17,7,FPPYD1_FPP_G2,0.0,0.0,False,0.0
2024-06-17,7,FPPYD2_FPP_G3,0.0,0.0,False,0.0
2024-06-17,7,CALAVERS_JKS1,0.0,0.0,False,0.0
2024-06-17,7,CALAVERS_JKS2,0.0,0.0,False,0.0
2024-06-17,7,LEG_LEG_G1,893.0,0.0,True,22325.0
2024-06-17,7,LEG_LEG_G2,956.8,0.0,True,23920.0
2024-06-17,7,MLSES_UNIT1,893.0,0.0,True,22325.0
2024-06-17,7,MLSES_UNIT2,893.0,0.0,True,22325.0
2024-06-17,7,MLSES_UNIT3,649.3540928808341,243.64590711916594,True,16233.8523
2024-06-17,7,OGSES_UNIT1A,916.8,0.0,True,22920.0
2024-06-17,7,OGSES_UNIT2,916.8,0.0,True,22920.0
2024-06-17,7,SANMIGL_G1,0.0,0.0,False,0.0
2024-06-17,7,SCES_UNIT1,1006.5558000000005,1.444199999999455,True,25163.895
2024-06-17,7,TNP_ONE_TNP_O_1,174.6,0.0,True,4365.0
2024-06-17,7,TNP_ONE_TNP_O_2,174.6,0.0,True,4365.0
2024-06-17,7,WAP_WAP_G5,0.0,0.0,False,0.0
2024-06-17,7,WAP_WAP_G6,0.0,0.0,False,0.0
2024-06-17,7,WAP_WAP_G7,0.0,0.0,False,0.0
2024-06-17,7,WAP_WAP_G8,654.0,0.0,True,16350.0
2024-06-17,7,BRAUNIG_AVR1_CT1,0.0,0.0,False,0.0
2024-06-17,7,BRAUNIG_AVR1_CT2,0.0,0.0,False,0.0
2024-06-17,7,BRAUNIG_AVR1_ST,0.0,0.0,False,0.0
2024-06-17,7,ATKINS_ATKINSG7,0.0,0.0,False,0.0
2024-06-17,7,B_DAVIS_B_DAVIG3,0.0,0.0,False,0.0
2024-06-17,7,B_DAVIS_B_DAVIG4,0.0,0.0,False,0.0
2024-06-17,7,B_DAVIS_B_DAVIG1,0.0,0.0,False,0.0
2024-06-17,7,B_DAVIS_B_DAVIG2,0.0,0.0,False,0.0
2024-06-17,7,BASTEN_GTG1100,0.0,0.0,False,0.0
2024-06-17,7,BASTEN_GTG2100,0.0,0.0,False,0.0
2024-06-17,7,BASTEN_ST0100,0.0,0.0,False,0.0
2024-06-17,7,BCH_UNIT1,0.0,0.0,False,0.0
2024-06-17,7,BCH_UNIT2,0.0,0.0,False,0.0
2024-06-17,7,BCH_UNIT3,6.05,0.0,True,254.1
2024-06-17,7,BCH_UNIT4,0.0,0.0,False,0.0
2024-06-17,7,BCH_UNIT5,0.0,0.0,False,0.0
2024-06-17,7,BCH_UNIT6,6.05,0.0,True,254.1
2024-06-17,7,BCH_UNIT7,0.0,0.0,False,0.0
2024-06-17,7,BCH_UNIT8,6.05,0.0,True,254.1
2024-06-17,7,BOSQUESW_BSQSU_1,0.0,0.0,False,0.0
2024-06-17,7,BOSQUESW_BSQSU_2,0.0,0.0,False,0.0
2024-06-17,7,BOSQUESW_BSQSU_3,0.0,0.0,False,0.0
2024-06-17,7,BOSQUESW_BSQSU_4,0.0,0.0,False,0.0
2024-06-17,7,BOSQUESW_BSQSU_5,0.0,0.0,False,0.0
2024-06-17,7,BVE_UNIT1,0.0,0.0,False,0.0
2024-06-17,7,BVE_UNIT2,0.0,0.0,False,0.0
2024-06-17,7,BVE_UNIT3,0.0,0.0,False,0.0
2024-06-17,7,BTM_UNIT1,0.0,0.0,False,0.0
2024-06-17,7,BTM_UNIT2,0.0,0.0,False,0.0
2024-06-17,7,BTM_UNIT3,0.0,0.0,False,0.0
2024-06-17,7,BTM_UNIT4,0.0,0.0,False,0.0
2024-06-17,7,BTM_UNIT5,0.0,0.0,False,0.0
2024-06-17,7,BTM_UNIT6,0.0,0.0,False,0.0
2024-06-17,7,BTM_UNIT7,0.0,0.0,False,0.0
2024-06-17,7,BTM_UNIT8,0.0,0.0,False,0.0
2024-06-17,7,FLCNS_UNIT1,0.0,0.0,False,0.0
2024-06-17,7,FLCNS_UNIT2,0.0,0.0,False,0.0
2024-06-17,7,CALHOUN_UNIT1,0.0,0.0,False,0.0
2024-06-17,7,CALHOUN_UNIT2,0.0,0.0,False,0.0
2024-06-17,7,CHAMON_CTG_0101,0.0,0.0,False,0.0
2024-06-17,7,CHAMON_CTG_0301,0.0,0.0,False,0.0
2024-06-17,7,CBY4_CT41,205.0,0.0,True,5740.0
2024-06-17,7,CBY4_CT42,205.0,0.0,True,5740.0
2024-06-17,7,CBY4_ST04,205.0,0.0,True,5740.0
2024-06-17,7,CBY_CBY_G1,765.0,0.0,True,26775.0
2024-06-17,7,CBY_CBY_G2,765.0,0.0,True,26775.0
2024-06-17,7,CBEC_GT1,0.0,0.0,False,0.0
2024-06-17,7,CBEC_GT2,0.0,0.0,False,0.0
2024-06-17,7,CBEC_GT3,0.0,0.0,False,0.0
2024-06-17,7,CBEC_GT4,0.0,0.0,False,0.0
2024-06-17,7,CBEC_STG1,0.0,0.0,False,0.0
2024-06-17,7,CBEC_STG2,0.0,0.0,False,0.0
2024-06-17,7,CBECII_CT7,0.0,0.0,False,0.0
2024-06-17,7,CBECII_CT8,0.0,0.0,False,0.0
2024-06-17,7,CBECII_STG9,0.0,0.0,False,0.0
2024-06-17,7,CBEC_GT11,0.0,0.0,False,0.0
2024-06-17,7,CBEC_GT12,0.0,0.0,False,0.0
2024-06-17,7,CVC_CVC_G1,192.09999999999994,5.684341886080802e-14,True,5378.8
2024-06-17,7,CVC_CVC_G2,192.1,0.0,True,5378.8
2024-06-17,7,CVC_CVC_G3,192.1,0.0,True,5378.8
2024-06-17,7,CVC_CVC_G5,150.0,0.0,True,4200.0
2024-06-17,7,DANSBY_DANSBYG2,0.0,0.0,False,0.0
2024-06-17,7,DANSBY_DANSBYG3,0.0,0.0,False,0.0
2024-06-17,7,DANSBY_DANSBYG1,0.0,0.0,False,0.0
2024-06-17,7,DECKER_DPGT_1,0.0,0.0,False,0.0
2024-06-17,7,DECKER_DPGT_2,0.0,0.0,False,0.0
2024-06-17,7,DECKER_DPGT_3,0.0,0.0,False,0.0
2024-06-17,7,DECKER_DPGT_4,0.0,0.0,False,0.0
2024-06-17,7,DCSES_CT10,0.0,0.0,False,0.0
2024-06-17,7,DCSES_CT20,0.0,0.0,False,0.0
2024-06-17,7,DCSES_CT30,0.0,0.0,False,0.0
2024-06-17,7,DCSES_CT40,0.0,0.0,False,0.0
2024-06-17,7,DDPEC_GT1,60.9,142.1,True,1705.2
2024-06-17,7,DDPEC_GT2,64.5,150.5,True,1806.0
2024-06-17,7,DDPEC_GT3,60.9,142.1,True,1705.2
2024-06-17,7,DDPEC_GT4,186.74000000000217,28.25999999999783,True,5228.72
2024-06-17,7,DDPEC_GT6,59.7,139.3,True,1671.6
2024-06-17,7,DDPEC_ST1,290.0,0.0,True,8120.0
2024-06-17,7,DEC_AGR_A,0.0,0.0,False,0.0
2024-06-17,7,DEC_AGR_B,0.0,0.0,False,0.0
2024-06-17,7,DEC_AGR_C,0.0,0.0,False,0.0
2024-06-17,7,DEC_AGR_D,0.0,0.0,False,0.0
2024-06-17,7,ECEC_G1,0.0,0.0,False,0.0
2024-06-17,7,ECEC_G2,0.0,0.0,False,0.0
2024-06-17,7,ETCCS_CT1,78.0,0.0,True,2184.0
2024-06-17,7,ETCCS_UNIT1,42.0,0.0,True,1176.0
2024-06-17,7,AZ_AZ_G1,4.0,36.0,True,168.0
2024-06-17,7,AZ_AZ_G2,14.56297783764768,25.43702216235232,True,611.6451
2024-06-17,7,AZ_AZ_G3,4.0,36.0,True,168.0
2024-06-17,7,AZ_AZ_G4,4.0,36.0,True,168.0
2024-06-17,7,FERGCC_FERGGT1,0.0,0.0,False,0.0
2024-06-17,7,FERGCC_FERGGT2,0.0,0.0,False,0.0
2024-06-17,7,FERGCC_FERGST1,0.0,0.0,False,0.0
2024-06-17,7,FRNYPP_GT11,196.7,0.0,True,5507.6
2024-06-17,7,FRNYPP_GT12,196.7,0.0,True,5507.6
2024-06-17,7,FRNYPP_GT13,196.7,0.0,True,5507.6
2024-06-17,7,FRNYPP_GT21,196.7,0.0,True,5507.6
2024-06-17,7,FRNYPP_GT22,196.7,0.0,True,5507.6
2024-06-17,7,FRNYPP_GT23,147.71318672626808,48.98681327373191,True,4135.9692
2024-06-17,7,FRNYPP_ST10,422.0,0.0,True,11816.0
2024-06-17,7,FRNYPP_ST20,422.0,0.0,True,11816.0
2024-06-17,7,FREC_GT1,53.82,0.0,True,1506.96
2024-06-17,7,FREC_GT2,53.82,0.0,True,1506.96
2024-06-17,7,FREC_GT4,53.82,0.0,True,1506.96
2024-06-17,7,FREC_GT5,53.82,0.0,True,1506.96
2024-06-17,7,FREC_ST3,57.21,0.0,True,1601.88
2024-06-17,7,FREC_ST6,57.21,0.0,True,1601.88
2024-06-17,7,FEGC_UNIT1,0.0,0.0,False,0.0
2024-06-17,7,FRONT_EC_CT1,0.0,0.0,False,0.0
2024-06-17,7,FRONT_EC_CT2,0.0,0.0,False,0.0
2024-06-17,7,FRONT_EC_ST,0.0,0.0,False,0.0
2024-06-17,7,GRSES_UNIT1,0.0,0.0,False,0.0
2024-06-17,7,GRSES_UNIT2,0.0,0.0,False,0.0
2024-06-17,7,GBY_GBYGT73,0.0,0.0,False,0.0
2024-06-17,7,GBY_GBYGT74,0.0,0.0,False,0.0
2024-06-17,7,GBY_GBYGT81,0.0,0.0,False,0.0
2024-06-17,7,GBY_GBYGT82,0.0,0.0,False,0.0
2024-06-17,7,GBY_GBYGT83,0.0,0.0,False,0.0
2024-06-17,7,GBY_GBYGT84,0.0,0.0,False,0.0
2024-06-17,7,STEAM_ENGINE_1,0.0,0.0,False,0.0
2024-06-17,7,STEAM_ENGINE_2,0.0,0.0,False,0.0
2024-06-17,7,STEAM_ENGINE_3,0.0,0.0,False,0.0
2024-06-17,7,LGE_LGE_GT1,0.0,0.0,False,0.0
2024-06-17,7,LGE_LGE_GT2,0.0,0.0,False,0.0
2024-06-17,7,LGE_LGE_STG,0.0,0.0,False,0.0
2024-06-17,7,GUADG_GAS1,0.0,0.0,False,0.0
2024-06-17,7,GUADG_GAS2,0.0,0.0,False,0.0
2024-06-17,7,GUADG_GAS3,0.0,0.0,False,0.0
2024-06-17,7,GUADG_GAS4,0.0,0.0,False,0.0
2024-06-17,7,GUADG_STM5,0.0,0.0,False,0.0
2024-06-17,7,GUADG_STM6,0.0,0.0,False,0.0
2024-06-17,7,HLSES_UNIT3,0.0,0.0,False,0.0
2024-06-17,7,HLSES_UNIT4,0.0,0.0,False,0.0
2024-06-17,7,HLSES_UNIT5,0.0,0.0,False,0.0
2024-06-17,7,HAYSEN_HAYSENG1,0.0,0.0,False,0.0
2024-06-17,7,HAYSEN_HAYSENG2,0.0,0.0,False,0.0
2024-06-17,7,HAYSEN_HAYSENG3,0.0,0.0,False,0.0
2024-06-17,7,HAYSEN_HAYSENG4,0.0,0.0,False,0.0
2024-06-17,7,DUKE_DUKE_GT1,0.0,0.0,False,0.0
2024-06-17,7,DUKE_DUKE_GT2,0.0,0.0,False,0.0
2024-06-17,7,DUKE_DUKE_ST1,0.0,0.0,False,0.0
2024-06-17,7,JACKCNTY_CT1,0.0,0.0,False,0.0
2024-06-17,7,JACKCNTY_CT2,0.0,0.0,False,0.0
2024-06-17,7,JCKCNTY2_CT3,0.0,0.0,False,0.0
2024-06-17,7,JCKCNTY2_CT4,0.0,0.0,False,0.0
2024-06-17,7,JACKCNTY_STG,0.0,0.0,False,0.0
2024-06-17,7,JCKCNTY2_ST2,0.0,0.0,False,0.0
2024-06-17,7,TEN_CT1,0.0,0.0,False,0.0
2024-06-17,7,TEN_STG,0.0,0.0,False,0.0
2024-06-17,7,LHSES_UNIT1,0.0,0.0,False,0.0
2024-06-17,7,LHSES_UNIT2A,0.0,0.0,False,0.0
2024-06-17,7,LPCCS_CT11,0.0,0.0,False,0.0
2024-06-17,7,LPCCS_CT12,186.0,0.0,True,5208.0
2024-06-17,7,LPCCS_CT21,186.0,0.0,True,5208.0
2024-06-17,7,LPCCS_CT22,0.0,0.0,False,0.0
2024-06-17,7,LPCCS_UNIT1,0.0,0.0,False,0.0
2024-06-17,7,LPCCS_UNIT2,216.0,0.0,True,6048.0
2024-06-17,7,LARDVFTN_G4,0.0,0.0,False,0.0
2024-06-17,7,LARDVFTN_G5,0.0,0.0,False,0.0
2024-06-17,7,LEON_CRK_LCPCT1,0.0,0.0,False,0.0
2024-06-17,7,LEON_CRK_LCPCT2,0.0,0.0,False,0.0
2024-06-17,7,LEON_CRK_LCPCT3,0.0,0.0,False,0.0
2024-06-17,7,LEON_CRK_LCPCT4,0.0,0.0,False,0.0
2024-06-17,7,LIG_UNIT1,60.5,0.0,True,2541.0
2024-06-17,7,LIG_UNIT2,60.5,0.0,True,2541.0
2024-06-17,7,LOSTPI_LOSTPGT1,0.0,0.0,False,0.0
2024-06-17,7,LOSTPI_LOSTPGT2,0.0,0.0,False,0.0
2024-06-17,7,LOSTPI_LOSTPST1,0.0,0.0,False,0.0
2024-06-17,7,NEDIN_NEDIN_G1,0.0,0.0,False,0.0
2024-06-17,7,NEDIN_NEDIN_G2,0.0,0.0,False,0.0
2024-06-17,7,NEDIN_NEDIN_G3,0.0,0.0,False,0.0
2024-06-17,7,MDANP_CT1,0.0,0.0,False,0.0
2024-06-17,7,MDANP_CT2,0.0,0.0,False,0.0
2024-06-17,7,MDANP_CT3,0.0,0.0,False,0.0
2024-06-17,7,MDANP_CT4,0.0,0.0,False,0.0
2024-06-17,7,MDANP_CT5,0.0,0.0,False,0.0
2024-06-17,7,MDANP_CT6,0.0,0.0,False,0.0
2024-06-17,7,MGSES_CT1,0.0,0.0,False,0.0
2024-06-17,7,MGSES_CT2,0.0,0.0,False,0.0
2024-06-17,7,MGSES_CT3,0.0,0.0,False,0.0
2024-06-17,7,MGSES_CT4,0.0,0.0,False,0.0
2024-06-17,7,MGSES_CT5,0.0,0.0,False,0.0
2024-06-17,7,MGSES_CT6,0.0,0.0,False,0.0
2024-06-17,7,MCSES_UNIT6,0.0,0.0,False,0.0
2024-06-17,7,MCSES_UNIT7,0.0,0.0,False,0.0
2024-06-17,7,MCSES_UNIT8,0.0,0.0,False,0.0
2024-06-17,7,NUECES_B_NUECESG8,0.0,0.0,False,0.0
2024-06-17,7,NUECES_B_NUECESG9,0.0,0.0,False,0.0
2024-06-17,7,NUECES_B_NUECESG7,0.0,0.0,False,0.0
2024-06-17,7,CALAVERS_OWS1,0.0,0.0,False,0.0
2024-06-17,7,CALAVERS_OWS2,0.0,0.0,False,0.0
2024-06-17,7,OECCS_CT11,0.0,0.0,False,0.0
2024-06-17,7,OECCS_CT12,0.0,0.0,False,0.0
2024-06-17,7,OECCS_CT21,0.0,0.0,False,0.0
2024-06-17,7,OECCS_CT22,0.0,0.0,False,0.0
2024-06-17,7,OECCS_UNIT1,0.0,0.0,False,0.0
2024-06-17,7,OECCS_UNIT2,0.0,0.0,False,0.0
2024-06-17,7,VICTPRT2_UNIT1,0.0,0.0,False,0.0
2024-06-17,7,VICTPRT2_UNIT2,0.0,0.0,False,0.0
2024-06-17,7,PANDA_S_SHER1CT1,190.12810069988933,41.87189930011067,True,5323.5868
2024-06-17,7,PANDA_S_SHER1CT2,232.0,0.0,True,6496.0
2024-06-17,7,PANDA_S_SHER1ST1,353.1,0.0,True,9886.8
2024-06-17,7,PANDA_T1_TMPL1CT1,0.0,0.0,False,0.0
2024-06-17,7,PANDA_T1_TMPL1CT2,0.0,0.0,False,0.0
2024-06-17,7,PANDA_T1_TMPL1ST1,353.1,0.0,True,9886.8
2024-06-17,7,PANDA_T2_TMPL2CT1,232.0,0.0,True,6496.0
2024-06-17,7,PANDA_T2_TMPL2CT2,232.0,0.0,True,6496.0
2024-06-17,7,PANDA_T2_TMPL2ST1,353.1,0.0,True,9886.8
2024-06-17,7,TNSKA_GT1,0.0,0.0,False,0.0
2024-06-17,7,TNSKA_GT2,0.0,0.0,False,0.0
2024-06-17,7,TNSKA_STG,0.0,0.0,False,0.0
2024-06-17,7,PSG_PSG_GT2,150.74852930974475,64.35147069025524,True,4220.9588
2024-06-17,7,PSG_PSG_GT3,215.1,0.0,True,6022.8
2024-06-17,7,PSG_PSG_ST2,195.5,0.0,True,5474.0
2024-06-17,7,PEARSAL2_AGR_A,0.0,0.0,False,0.0
2024-06-17,7,PEARSAL2_AGR_B,0.0,0.0,False,0.0
2024-06-17,7,PEARSAL2_AGR_C,0.0,0.0,False,0.0
2024-06-17,7,PEARSAL2_AGR_D,0.0,0.0,False,0.0
2024-06-17,7,PB2SES_CT1,0.0,0.0,False,0.0
2024-06-17,7,PB2SES_CT2,0.0,0.0,False,0.0
2024-06-17,7,PB2SES_CT3,0.0,0.0,False,0.0
2024-06-17,7,PB2SES_CT4,0.0,0.0,False,0.0
2024-06-17,7,PB2SES_CT5,0.0,0.0,False,0.0
2024-06-17,7,PRO_UNIT1,60.5,0.0,True,2541.0
2024-06-17,7,PRO_UNIT2,60.5,0.0,True,2541.0
2024-06-17,7,PRO_UNIT3,60.5,0.0,True,2541.0
2024-06-17,7,PRO_UNIT4,60.5,0.0,True,2541.0
2024-06-17,7,PRO_UNIT5,60.5,0.0,True,2541.0
2024-06-17,7,PRO_UNIT6,6.05,54.45,True,254.1
2024-06-17,7,PRO_UNIT7,6.05,54.45,True,254.1
2024-06-17,7,PRO_UNIT8,6.05,54.45,True,254.1
2024-06-17,7,BAC_CTG1,0.0,0.0,False,0.0
2024-06-17,7,BAC_CTG2,0.0,0.0,False,0.0
2024-06-17,7,BAC_CTG3,0.0,0.0,False,0.0
2024-06-17,7,BAC_CTG4,0.0,0.0,False,0.0
2024-06-17,7,BAC_CTG5,0.0,0.0,False,0.0
2024-06-17,7,BAC_CTG6,0.0,0.0,False,0.0
2024-06-17,7,STEAM1A_STEAM_1,0.0,0.0,False,0.0
2024-06-17,7,STEAM_STEAM_2,0.0,0.0,False,0.0
2024-06-17,7,STEAM_STEAM_3,0.0,0.0,False,0.0
2024-06-17,7,QALSW_GT1,0.0,0.0,False,0.0
2024-06-17,7,QALSW_GT2,0.0,0.0,False,0.0
2024-06-17,7,QALSW_GT3,0.0,0.0,False,0.0
2024-06-17,7,QALSW_GT4,0.0,0.0,False,0.0
2024-06-17,7,QALSW_STG1,0.0,0.0,False,0.0
2024-06-17,7,QALSW_STG2,0.0,0.0,False,0.0
2024-06-17,7,MIL_MILLERG4,0.0,0.0,False,0.0
2024-06-17,7,MIL_MILLERG5,0.0,0.0,False,0.0
2024-06-17,7,MIL_MILLERG1,0.0,0.0,False,0.0
2024-06-17,7,MIL_MILLERG2,0.0,0.0,False,0.0
2024-06-17,7,MIL_MILLERG3,0.0,0.0,False,0.0
2024-06-17,7,OLINGR_OLING_4,0.0,0.0,False,0.0
2024-06-17,7,OLINGR_OLING_2,0.0,0.0,False,0.0
2024-06-17,7,OLINGR_OLING_3,0.0,0.0,False,0.0
2024-06-17,7,RAB_UNIT1,0.0,0.0,False,0.0
2024-06-17,7,RAB_UNIT2,0.0,0.0,False,0.0
2024-06-17,7,RAB_UNIT3,0.0,0.0,False,0.0
2024-06-17,7,RAB_UNIT4,0.0,0.0,False,0.0
2024-06-17,7,RAB_UNIT5,0.0,0.0,False,0.0
2024-06-17,7,RAB_UNIT6,0.0,0.0,False,0.0
2024-06-17,7,RAB_UNIT7,0.0,0.0,False,0.0
2024-06-17,7,RAB_UNIT8,0.0,0.0,False,0.0
2024-06-17,7,REDGATE_AGR_A,0.0,0.0,False,0.0
2024-06-17,7,REDGATE_AGR_B,0.0,0.0,False,0.0
2024-06-17,7,REDGATE_AGR_C,0.0,0.0,False,0.0
2024-06-17,7,REDGATE_AGR_D,0.0,0.0,False,0.0
2024-06-17,7,JAD_UNIT1,60.5,0.0,True,2541.0
2024-06-17,7,JAD_UNIT2,60.5,0.0,True,2541.0
2024-06-17,7,JAD_UNIT3,60.5,0.0,True,2541.0
2024-06-17,7,JAD_UNIT4,60.5,0.0,True,2541.0
2024-06-17,7,JAD_UNIT5,60.5,0.0,True,2541.0
2024-06-17,7,JAD_UNIT6,60.5,0.0,True,2541.0
2024-06-17,7,JAD_UNIT7,60.5,0.0,True,2541.0
2024-06-17,7,JAD_UNIT8,60.5,0.0,True,2541.0
2024-06-17,7,RIONOG_CT1,0.0,0.0,False,0.0
2024-06-17,7,RIONOG_CT2,0.0,0.0,False,0.0
2024-06-17,7,RIONOG_CT3,0.0,0.0,False,0.0
2024-06-17,7,RIONOG_ST1,0.0,0.0,False,0.0
2024-06-17,7,RAYBURN_RAYBURG7,60.5,0.0,True,1694.0
2024-06-17,7,RAYBURN_RAYBURG8,60.5,0.0,True,1694.0
2024-06-17,7,RAYBURN_RAYBURG9,18.15,42.35,True,508.2
2024-06-17,7,RAYBURN_RAYBURG10,12.6,29.4,True,352.8
2024-06-17,7,SJS_SJS_G1,0.0,0.0,False,0.0
2024-06-17,7,SJS_SJS_G2,0.0,0.0,False,0.0
2024-06-17,7,SANDHSYD_SH1,0.0,0.0,False,0.0
2024-06-17,7,SANDHSYD_SH2,0.0,0.0,False,0.0
2024-06-17,7,SANDHSYD_SH3,0.0,0.0,False,0.0
2024-06-17,7,SANDHSYD_SH4,0.0,0.0,False,0.0
2024-06-17,7,SANDHSYD_SH_5A,0.0,0.0,False,0.0
2024-06-17,7,SANDHSYD_SH6,0.0,0.0,False,0.0
2024-06-17,7,SANDHSYD_SH7,0.0,0.0,False,0.0
2024-06-17,7,SANDHSYD_SH_5C,0.0,0.0,False,0.0
2024-06-17,7,SILASRAY_SILAS_10,0.0,0.0,False,0.0
2024-06-17,7,SILASRAY_SILAS_9,0.0,0.0,False,0.0
2024-06-17,7,SILASRAY_SILAS_6,0.0,0.0,False,0.0
2024-06-17,7,GIDEON_GIDEONG1,0.0,0.0,False,0.0
2024-06-17,7,GIDEON_GIDEONG2,0.0,0.0,False,0.0
2024-06-17,7,GIDEON_GIDEONG3,0.0,0.0,False,0.0
2024-06-17,7,SKY1_SKY1A,0.0,0.0,False,0.0
2024-06-17,7,SKY1_SKY1B,0.0,0.0,False,0.0
2024-06-17,7,SPNCER_SPNCE_4,0.0,0.0,False,0.0
2024-06-17,7,SPNCER_SPNCE_5,0.0,0.0,False,0.0
2024-06-17,7,SCSES_UNIT1A,0.0,0.0,False,0.0
2024-06-17,7,SCSES_UNIT2,0.0,0.0,False,0.0
2024-06-17,7,THW_THWGT_1,0.0,0.0,False,0.0
2024-06-17,7,THW_THWGT31,51.3,0.0,True,1436.4
2024-06-17,7,THW_THWGT32,51.3,0.0,True,1436.4
2024-06-17,7,THW_THWGT33,51.3,0.0,True,1436.4
2024-06-17,7,THW_THWGT34,51.3,0.0,True,1436.4
2024-06-17,7,THW_THWGT41,51.3,0.0,True,1436.4
2024-06-17,7,THW_THWGT42,51.3,0.0,True,1436.4
2024-06-17,7,THW_THWGT43,62.0,0.0,True,1736.0
2024-06-17,7,THW_THWGT44,62.0,0.0,True,1736.0
2024-06-17,7,THW_THWGT51,0.0,0.0,False,0.0
2024-06-17,7,THW_THWGT52,0.0,0.0,False,0.0
2024-06-17,7,THW_THWGT53,0.0,0.0,False,0.0
2024-06-17,7,THW_THWGT54,0.0,0.0,False,0.0
2024-06-17,7,THW_THWGT55,0.0,0.0,False,0.0
2024-06-17,7,THW_THWGT56,0.0,0.0,False,0.0
2024-06-17,7,THW_THWST_3,113.1,0.0,True,3166.8
2024-06-17,7,THW_THWST_4,113.1,0.0,True,3166.8
2024-06-17,7,TXCTY_CTA,129.1,0.0,True,3614.8
2024-06-17,7,TXCTY_CTB,129.1,0.0,True,3614.8
2024-06-17,7,TXCTY_CTC,129.1,0.0,True,3614.8
2024-06-17,7,TXCTY_ST,143.7,0.0,True,4023.6
2024-06-17,7,TGS_GT01,0.0,0.0,False,0.0
2024-06-17,7,TIMPP_AGR1,0.0,0.0,False,0.0
2024-06-17,7,TIMPP_AGR2,0.0,0.0,False,0.0
2024-06-17,7,TIMPP_AGR3,0.0,0.0,False,0.0
2024-06-17,7,TIMPP_AGR4,0.0,0.0,False,0.0
2024-06-17,7,TRSES_UNIT6,0.0,0.0,False,0.0
2024-06-17,7,TOPAZ_UNIT1,0.0,0.0,False,0.0
2024-06-17,7,TOPAZ_UNIT2,6.05,0.0,True,254.1
2024-06-17,7,TOPAZ_UNIT3,0.0,0.0,False,0.0
2024-06-17,7,TOPAZ_UNIT4,6.05,0.0,True,254.1
2024-06-17,7,TOPAZ_UNIT5,6.05,0.0,True,254.1
2024-06-17,7,TOPAZ_UNIT6,0.0,0.0,False,0.0
2024-06-17,7,TOPAZ_UNIT7,6.05,0.0,True,254.1
2024-06-17,7,TOPAZ_UNIT8,6.05,0.0,True,254.1
2024-06-17,7,TOPAZ_UNIT9,6.05,0.0,True,254.1
2024-06-17,7,TOPAZ_UNIT10,6.05,0.0,True,254.1
2024-06-17,7,BRAUNIG_VHB6CT5,0.0,0.0,False,0.0
2024-06-17,7,BRAUNIG_VHB6CT6,0.0,0.0,False,0.0
2024-06-17,7,BRAUNIG_VHB6CT7,0.0,0.0,False,0.0
2024-06-17,7,BRAUNIG_VHB6CT8,0.0,0.0,False,0.0
2024-06-17,7,CITYVICT_CTG01,0.0,0.0,False,0.0
2024-06-17,7,CITYVICT_CTG02,0.0,0.0,False,0.0
2024-06-17,7,VICTPORT_CTG01,0.0,0.0,False,0.0
2024-06-17,7,VICTPORT_CTG02,0.0,0.0,False,0.0
2024-06-17,7,VICTORIA_VICTORG6,0.0,0.0,False,0.0
2024-06-17,7,VICTORIA_VICTORG5,0.0,0.0,False,0.0
2024-06-17,7,WAP_WAPGT_1,0.0,0.0,False,0.0
2024-06-17,7,WAP_WAP_G1,0.0,0.0,False,0.0
2024-06-17,7,WAP_WAP_G2,0.0,0.0,False,0.0
2024-06-17,7,WAP_WAP_G3,0.0,0.0,False,0.0
2024-06-17,7,WAP_WAP_G4,0.0,0.0,False,0.0
2024-06-17,7,WFCOGEN_UNIT1,0.0,0.0,False,0.0
2024-06-17,7,WFCOGEN_UNIT2,0.0,0.0,False,0.0
2024-06-17,7,WFCOGEN_UNIT3,0.0,0.0,False,0.0
2024-06-17,7,WIPOPA_WPP_G1,0.0,0.0,False,0.0
2024-06-17,7,WIPOPA_WPP_G2,0.0,0.0,False,0.0
2024-06-17,7,WIPOPA_WPP_G3,0.0,0.0,False,0.0
2024-06-17,7,WIPOPA_WPP_G4,0.0,0.0,False,0.0
2024-06-17,7,WCPP_CT1,0.0,0.0,False,0.0
2024-06-17,7,WCPP_CT2,0.0,0.0,False,0.0
2024-06-17,7,WCPP_ST1,0.0,0.0,False,0.0
2024-06-17,7,WHCCS_CT1,0.0,0.0,False,0.0
2024-06-17,7,WHCCS_CT2,0.0,0.0,False,0.0
2024-06-17,7,WHCCS_STG,0.0,0.0,False,0.0
2024-06-17,7,WHCCS2_CT4,0.0,0.0,False,0.0
2024-06-17,7,WHCCS2_CT5,0.0,0.0,False,0.0
2024-06-17,7,WHCCS2_STG6,0.0,0.0,False,0.0
2024-06-17,7,NACPW_UNIT1,0.0,0.0,False,0.0
2024-06-17,7,HBR_2UNITS,0.0,0.0,False,0.0
2024-06-17,7,TRIRA_1UNIT,0.0,0.0,False,0.0
2024-06-17,7,78252_4UNITS,0.0,0.0,False,0.0
2024-06-17,7,SPRIN_4UNITS,0.0,0.0,False,0.0
2024-06-17,7,FREIH_2UNITS,0.0,0.0,False,0.0
2024-06-17,7,WSTHL_3UNITS,0.0,0.0,False,0.0
2024-06-17,7,FEGC_CTG2,0.0,0.0,False,0.0
2024-06-17,7,FEGC_CTG3,0.0,0.0,False,0.0
2024-06-17,7,FEGC_CTG4,0.0,0.0,False,0.0
2024-06-17,7,OLNEYTN_AGR1,0.0,0.0,False,0.0
2024-06-17,7,AMISTAD_AMISTAG1,0.0,0.0,False,0.0
2024-06-17,7,AMISTAD_AMISTAG2,0.0,0.0,False,0.0
2024-06-17,7,AUSTPL_AUSTING1,9.0,0.0,True,9.0
2024-06-17,7,AUSTPL_AUSTING2,9.0,0.0,True,9.0
2024-06-17,7,BUCHAN_BUCHANG1,18.299999999999997,3.552713678800501e-15,True,18.3
2024-06-17,7,BUCHAN_BUCHANG2,18.299999999999997,3.552713678800501e-15,True,18.3
2024-06-17,7,BUCHAN_BUCHANG3,18.299999999999997,3.552713678800501e-15,True,18.3
2024-06-17,7,DNDAM_DENISOG1,50.8,0.0,True,50.8
2024-06-17,7,DNDAM_DENISOG2,50.8,0.0,True,50.8
2024-06-17,7,FALCON_FALCONG1,12.0,0.0,True,12.0
2024-06-17,7,FALCON_FALCONG2,12.0,0.0,True,12.0
2024-06-17,7,FALCON_FALCONG3,12.0,0.0,True,12.0
2024-06-17,7,WIRTZ_WIRTZ_G1,29.0,0.0,True,29.0
2024-06-17,7,WIRTZ_WIRTZ_G2,29.0,0.0,True,29.0
2024-06-17,7,CANYHY_CANYHYG1,6.0,0.0,True,6.0
2024-06-17,7,INKSDA_INKS_G1,15.0,0.0,True,15.0
2024-06-17,7,MARBFA_MARBFAG1,21.0,0.0,True,21.0
2024-06-17,7,MARBFA_MARBFAG2,20.0,0.0,True,20.0
2024-06-17,7,MARSFO_MARSFOG1,36.0,0.0,True,36.0
2024-06-17,7,MARSFO_MARSFOG2,36.0,0.0,True,36.0
2024-06-17,7,MARSFO_MARSFOG3,34.051990367382565,1.9480096326174348,True,34.052
2024-06-17,7,WND_WHITNEY1,22.0,0.0,True,22.0
2024-06-17,7,WND_WHITNEY2,22.0,0.0,True,22.0
2024-06-17,7,AEEC_ANTLP_1,0.0,0.0,False,0.0
2024-06-17,7,AEEC_ANTLP_2,0.0,0.0,False,0.0
2024-06-17,7,AEEC_ANTLP_3,0.0,0.0,False,0.0
2024-06-17,7,AEEC_ELK_1,0.0,0.0,False,0.0
2024-06-17,7,AEEC_ELK_2,0.0,0.0,False,0.0
2024-06-17,7,AEEC_ELK_3,0.0,0.0,False,0.0
2024-06-17,7,FTR_FTR_G1,185.0,0.0,True,5180.0
2024-06-17,7,FTR_FTR_G2,185.0,0.0,True,5180.0
2024-06-17,7,FTR_FTR_G3,185.0,0.0,True,5180.0
2024-06-17,7,FTR_FTR_G4,400.0,0.0,True,11200.0
2024-06-17,7,TGCCS_CT1,0.0,0.0,False,0.0
2024-06-17,7,TGCCS_CT2,0.0,0.0,False,0.0
2024-06-17,7,TGCCS_CT3,0.0,0.0,False,0.0
2024-06-17,7,TGCCS_UNIT4,0.0,0.0,False,0.0
2024-06-17,7,KMCHI_1CT101,185.0,0.0,True,5180.0
2024-06-17,7,KMCHI_1CT201,185.0,0.0,True,5180.0
2024-06-17,7,KMCHI_1ST,330.0,0.0,True,9240.0
2024-06-17,7,KMCHI_2CT101,55.5,129.5,True,1554.0
2024-06-17,7,KMCHI_2CT201,185.0,0.0,True,5180.0
2024-06-17,7,KMCHI_2ST,330.0,0.0,True,9240.0
2024-06-17,7,A4_DGR1,0.0,0.0,False,0.0
2024-06-17,7,A4_DGR2,0.0,0.0,False,0.0
2024-06-17,7,K2_DGR1,0.0,0.0,False,0.0
2024-06-17,7,K2_DGR2,0.0,0.0,False,0.0
2024-06-17,7,P2_DGR1,0.0,0.0,False,0.0
2024-06-17,7,P2_DGR2,0.0,0.0,False,0.0
2024-06-17,7,Q1_DGR1,0.0,0.0,False,0.0
2024-06-17,7,BRAUNIG_VHB3,0.0,0.0,False,0.0
2024-06-17,7,V2_DGR1,0.0,0.0,False,0.0
2024-06-17,7,V2_DGR2,0.0,0.0,False,0.0
2024-06-17,7,V2_DGR3,0.0,0.0,False,0.0
2024-06-17,7,V4_DGR1,0.0,0.0,False,0.0
2024-06-17,7,X1_DGR1,0.0,0.0,False,0.0
2024-06-17,7,Z0_DGR1,0.0,0.0,False,0.0
2024-06-17,7,Z0_DGR2,0.0,0.0,False,0.0
2024-06-17,7,Z5_DGR1,0.0,0.0,False,0.0
2024-06-17,7,DC_E,0.0,0.0,False,0.0
2024-06-17,7,DC_N,0.0,0.0,False,0.0
2024-06-17,7,DC_L,0.0,0.0,False,0.0
2024-06-17,7,DC_R,0.0,0.0,False,0.0
2024-06-17,7,CEDARVALE_GAS,0.0,0.0,False,0.0
2024-06-17,7,ENCHANTED_ROCK_NEWPP,0.0,0.0,False,0.0
2024-06-17,8,CPSES_UNIT1,1269.0,0.0,True,10152.0
2024-06-17,8,CPSES_UNIT2,1269.0,0.0,True,10152.0
2024-06-17,8,STP_STP_G1,1228.5,136.5,True,9828.0
2024-06-17,8,STP_STP_G2,1228.5,136.5,True,9828.0
2024-06-17,8,COLETO_COLETOG1,0.0,0.0,False,0.0
2024-06-17,8,FPPYD1_FPP_G1,0.0,0.0,False,0.0
2024-06-17,8,FPPYD1_FPP_G2,0.0,0.0,False,0.0
2024-06-17,8,FPPYD2_FPP_G3,0.0,0.0,False,0.0
2024-06-17,8,CALAVERS_JKS1,0.0,0.0,False,0.0
2024-06-17,8,CALAVERS_JKS2,0.0,0.0,False,0.0
2024-06-17,8,LEG_LEG_G1,893.0,0.0,True,22325.0
2024-06-17,8,LEG_LEG_G2,956.8,0.0,True,23920.0
2024-06-17,8,MLSES_UNIT1,893.0,0.0,True,22325.0
2024-06-17,8,MLSES_UNIT2,893.0,0.0,True,22325.0
2024-06-17,8,MLSES_UNIT3,729.9778019087732,163.02219809122676,True,18249.445
2024-06-17,8,OGSES_UNIT1A,916.8,0.0,True,22920.0
2024-06-17,8,OGSES_UNIT2,916.8,0.0,True,22920.0
2024-06-17,8,SANMIGL_G1,0.0,0.0,False,0.0
2024-06-17,8,SCES_UNIT1,998.8354352904835,9.164564709516526,True,24970.8859
2024-06-17,8,TNP_ONE_TNP_O_1,174.6,0.0,True,4365.0
2024-06-17,8,TNP_ONE_TNP_O_2,174.6,0.0,True,4365.0
2024-06-17,8,WAP_WAP_G5,0.0,0.0,False,0.0
2024-06-17,8,WAP_WAP_G6,0.0,0.0,False,0.0
2024-06-17,8,WAP_WAP_G7,0.0,0.0,False,0.0
2024-06-17,8,WAP_WAP_G8,261.6,0.0,False,0.0
2024-06-17,8,BRAUNIG_AVR1_CT1,0.0,0.0,False,0.0
2024-06-17,8,BRAUNIG_AVR1_CT2,0.0,0.0,False,0.0
2024-06-17,8,BRAUNIG_AVR1_ST,0.0,0.0,False,0.0
2024-06-17,8,ATKINS_ATKINSG7,0.0,0.0,False,0.0
2024-06-17,8,B_DAVIS_B_DAVIG3,0.0,0.0,False,0.0
2024-06-17,8,B_DAVIS_B_DAVIG4,0.0,0.0,False,0.0
2024-06-17,8,B_DAVIS_B_DAVIG1,0.0,0.0,False,0.0
2024-06-17,8,B_DAVIS_B_DAVIG2,0.0,0.0,False,0.0
2024-06-17,8,BASTEN_GTG1100,0.0,0.0,False,0.0
2024-06-17,8,BASTEN_GTG2100,0.0,0.0,False,0.0
2024-06-17,8,BASTEN_ST0100,0.0,0.0,False,0.0
2024-06-17,8,BCH_UNIT1,0.0,0.0,False,0.0
2024-06-17,8,BCH_UNIT2,0.0,0.0,False,0.0
2024-06-17,8,BCH_UNIT3,6.05,54.45,True,254.1
2024-06-17,8,BCH_UNIT4,0.0,0.0,False,0.0
2024-06-17,8,BCH_UNIT5,0.0,0.0,False,0.0
2024-06-17,8,BCH_UNIT6,6.05,54.45,True,254.1
2024-06-17,8,BCH_UNIT7,0.0,0.0,False,0.0
2024-06-17,8,BCH_UNIT8,6.05,54.45,True,254.1
2024-06-17,8,BOSQUESW_BSQSU_1,0.0,0.0,False,0.0
2024-06-17,8,BOSQUESW_BSQSU_2,0.0,0.0,False,0.0
2024-06-17,8,BOSQUESW_BSQSU_3,0.0,0.0,False,0.0
2024-06-17,8,BOSQUESW_BSQSU_4,0.0,0.0,False,0.0
2024-06-17,8,BOSQUESW_BSQSU_5,0.0,0.0,False,0.0
2024-06-17,8,BVE_UNIT1,0.0,0.0,False,0.0
2024-06-17,8,BVE_UNIT2,0.0,0.0,False,0.0
2024-06-17,8,BVE_UNIT3,0.0,0.0,False,0.0
2024-06-17,8,BTM_UNIT1,0.0,0.0,False,0.0
2024-06-17,8,BTM_UNIT2,0.0,0.0,False,0.0
2024-06-17,8,BTM_UNIT3,0.0,0.0,False,0.0
2024-06-17,8,BTM_UNIT4,0.0,0.0,False,0.0
2024-06-17,8,BTM_UNIT5,0.0,0.0,False,0.0
2024-06-17,8,BTM_UNIT6,0.0,0.0,False,0.0
2024-06-17,8,BTM_UNIT7,0.0,0.0,False,0.0
2024-06-17,8,BTM_UNIT8,0.0,0.0,False,0.0
2024-06-17,8,FLCNS_UNIT1,0.0,0.0,False,0.0
2024-06-17,8,FLCNS_UNIT2,0.0,0.0,False,0.0
2024-06-17,8,CALHOUN_UNIT1,0.0,0.0,False,0.0
2024-06-17,8,CALHOUN_UNIT2,0.0,0.0,False,0.0
2024-06-17,8,CHAMON_CTG_0101,6.05,0.0,True,254.1
2024-06-17,8,CHAMON_CTG_0301,6.05,0.0,True,254.1
2024-06-17,8,CBY4_CT41,205.0,0.0,True,5740.0
2024-06-17,8,CBY4_CT42,205.0,0.0,True,5740.0
2024-06-17,8,CBY4_ST04,205.0,0.0,True,5740.0
2024-06-17,8,CBY_CBY_G1,765.0,0.0,True,26775.0
2024-06-17,8,CBY_CBY_G2,765.0,0.0,True,26775.0
2024-06-17,8,CBEC_GT1,0.0,0.0,False,0.0
2024-06-17,8,CBEC_GT2,0.0,0.0,False,0.0
2024-06-17,8,CBEC_GT3,0.0,0.0,False,0.0
2024-06-17,8,CBEC_GT4,0.0,0.0,False,0.0
2024-06-17,8,CBEC_STG1,0.0,0.0,False,0.0
2024-06-17,8,CBEC_STG2,0.0,0.0,False,0.0
2024-06-17,8,CBECII_CT7,0.0,0.0,False,0.0
2024-06-17,8,CBECII_CT8,0.0,0.0,False,0.0
2024-06-17,8,CBECII_STG9,0.0,0.0,False,0.0
2024-06-17,8,CBEC_GT11,0.0,0.0,False,0.0
2024-06-17,8,CBEC_GT12,0.0,0.0,False,0.0
2024-06-17,8,CVC_CVC_G1,192.09999999999994,5.684341886080802e-14,True,5378.8
2024-06-17,8,CVC_CVC_G2,192.1,0.0,True,5378.8
2024-06-17,8,CVC_CVC_G3,192.1,0.0,True,5378.8
2024-06-17,8,CVC_CVC_G5,150.0,0.0,True,4200.0
2024-06-17,8,DANSBY_DANSBYG2,0.0,0.0,False,0.0
2024-06-17,8,DANSBY_DANSBYG3,0.0,0.0,False,0.0
2024-06-17,8,DANSBY_DANSBYG1,0.0,0.0,False,0.0
2024-06-17,8,DECKER_DPGT_1,0.0,0.0,False,0.0
2024-06-17,8,DECKER_DPGT_2,0.0,0.0,False,0.0
2024-06-17,8,DECKER_DPGT_3,0.0,0.0,False,0.0
2024-06-17,8,DECKER_DPGT_4,0.0,0.0,False,0.0
2024-06-17,8,DCSES_CT10,0.0,0.0,False,0.0
2024-06-17,8,DCSES_CT20,0.0,0.0,False,0.0
2024-06-17,8,DCSES_CT30,0.0,0.0,False,0.0
2024-06-17,8,DCSES_CT40,0.0,0.0,False,0.0
2024-06-17,8,DDPEC_GT1,60.9,142.1,True,1705.2
2024-06-17,8,DDPEC_GT2,199.61540000000235,15.384599999997647,True,5589.2312
2024-06-17,8,DDPEC_GT3,60.9,142.1,True,1705.2
2024-06-17,8,DDPEC_GT4,64.5,150.5,True,1806.0
2024-06-17,8,DDPEC_GT6,59.7,139.3,True,1671.6
2024-06-17,8,DDPEC_ST1,290.0,0.0,True,8120.0
2024-06-17,8,DEC_AGR_A,0.0,0.0,False,0.0
2024-06-17,8,DEC_AGR_B,0.0,0.0,False,0.0
2024-06-17,8,DEC_AGR_C,0.0,0.0,False,0.0
2024-06-17,8,DEC_AGR_D,0.0,0.0,False,0.0
2024-06-17,8,ECEC_G1,0.0,0.0,False,0.0
2024-06-17,8,ECEC_G2,0.0,0.0,False,0.0
2024-06-17,8,ETCCS_CT1,260.0,0.0,True,7280.0
2024-06-17,8,ETCCS_UNIT1,140.0,0.0,True,3920.0
2024-06-17,8,AZ_AZ_G1,4.0,36.0,True,168.0
2024-06-17,8,AZ_AZ_G2,40.0,0.0,True,1680.0
2024-06-17,8,AZ_AZ_G3,40.0,0.0,True,1680.0
2024-06-17,8,AZ_AZ_G4,40.0,0.0,True,1680.0
2024-06-17,8,FERGCC_FERGGT1,0.0,0.0,False,0.0
2024-06-17,8,FERGCC_FERGGT2,0.0,0.0,False,0.0
2024-06-17,8,FERGCC_FERGST1,0.0,0.0,False,0.0
2024-06-17,8,FRNYPP_GT11,59.01,137.69,True,1652.28
2024-06-17,8,FRNYPP_GT12,59.01,137.69,True,1652.28
2024-06-17,8,FRNYPP_GT13,59.01,137.69,True,1652.28
2024-06-17,8,FRNYPP_GT21,59.01,137.69,True,1652.28
2024-06-17,8,FRNYPP_GT22,59.01,137.69,True,1652.28
2024-06-17,8,FRNYPP_GT23,59.01,137.69,True,1652.28
2024-06-17,8,FRNYPP_ST10,422.0,0.0,True,11816.0
2024-06-17,8,FRNYPP_ST20,322.57145848847904,99.42854151152096,True,9032.0008
2024-06-17,8,FREC_GT1,179.4,0.0,True,5023.2
2024-06-17,8,FREC_GT2,179.4,0.0,True,5023.2
2024-06-17,8,FREC_GT4,179.4,0.0,True,5023.2
2024-06-17,8,FREC_GT5,179.39999999999998,2.842170943040401e-14,True,5023.2
2024-06-17,8,FREC_ST3,190.7,0.0,True,5339.6
2024-06-17,8,FREC_ST6,190.7,0.0,True,5339.6
2024-06-17,8,FEGC_UNIT1,0.0,0.0,False,0.0
2024-06-17,8,FRONT_EC_CT1,0.0,0.0,False,0.0
2024-06-17,8,FRONT_EC_CT2,0.0,0.0,False,0.0
2024-06-17,8,FRONT_EC_ST,0.0,0.0,False,0.0
2024-06-17,8,GRSES_UNIT1,0.0,0.0,False,0.0
2024-06-17,8,GRSES_UNIT2,0.0,0.0,False,0.0
2024-06-17,8,GBY_GBYGT73,7.2,0.0,True,302.4
2024-06-17,8,GBY_GBYGT74,7.2,0.0,True,302.4
2024-06-17,8,GBY_GBYGT81,7.2,0.0,True,302.4
2024-06-17,8,GBY_GBYGT82,7.2,0.0,True,302.4
2024-06-17,8,GBY_GBYGT83,7.2,0.0,True,302.4
2024-06-17,8,GBY_GBYGT84,7.2,0.0,True,302.4
2024-06-17,8,STEAM_ENGINE_1,0.0,0.0,False,0.0
2024-06-17,8,STEAM_ENGINE_2,0.0,0.0,False,0.0
2024-06-17,8,STEAM_ENGINE_3,0.0,0.0,False,0.0
2024-06-17,8,LGE_LGE_GT1,0.0,0.0,False,0.0
2024-06-17,8,LGE_LGE_GT2,0.0,0.0,False,0.0
2024-06-17,8,LGE_LGE_STG,0.0,0.0,False,0.0
2024-06-17,8,GUADG_GAS1,0.0,0.0,False,0.0
2024-06-17,8,GUADG_GAS2,0.0,0.0,False,0.0
2024-06-17,8,GUADG_GAS3,0.0,0.0,False,0.0
2024-06-17,8,GUADG_GAS4,0.0,0.0,False,0.0
2024-06-17,8,GUADG_STM5,0.0,0.0,False,0.0
2024-06-17,8,GUADG_STM6,0.0,0.0,False,0.0
2024-06-17,8,HLSES_UNIT3,0.0,0.0,False,0.0
2024-06-17,8,HLSES_UNIT4,0.0,0.0,False,0.0
2024-06-17,8,HLSES_UNIT5,0.0,0.0,False,0.0
2024-06-17,8,HAYSEN_HAYSENG1,0.0,0.0,False,0.0
2024-06-17,8,HAYSEN_HAYSENG2,0.0,0.0,False,0.0
2024-06-17,8,HAYSEN_HAYSENG3,0.0,0.0,False,0.0
2024-06-17,8,HAYSEN_HAYSENG4,0.0,0.0,False,0.0
2024-06-17,8,DUKE_DUKE_GT1,0.0,0.0,False,0.0
2024-06-17,8,DUKE_DUKE_GT2,0.0,0.0,False,0.0
2024-06-17,8,DUKE_DUKE_ST1,0.0,0.0,False,0.0
2024-06-17,8,JACKCNTY_CT1,0.0,0.0,False,0.0
2024-06-17,8,JACKCNTY_CT2,0.0,0.0,False,0.0
2024-06-17,8,JCKCNTY2_CT3,0.0,0.0,False,0.0
2024-06-17,8,JCKCNTY2_CT4,0.0,0.0,False,0.0
2024-06-17,8,JACKCNTY_STG,0.0,0.0,False,0.0
2024-06-17,8,JCKCNTY2_ST2,0.0,0.0,False,0.0
2024-06-17,8,TEN_CT1,0.0,0.0,False,0.0
2024-06-17,8,TEN_STG,0.0,0.0,False,0.0
2024-06-17,8,LHSES_UNIT1,0.0,0.0,False,0.0
2024-06-17,8,LHSES_UNIT2A,0.0,0.0,False,0.0
2024-06-17,8,LPCCS_CT11,0.0,0.0,False,0.0
2024-06-17,8,LPCCS_CT12,55.8,130.2,True,1562.4
2024-06-17,8,LPCCS_CT21,55.8,130.2,True,1562.4
2024-06-17,8,LPCCS_CT22,0.0,0.0,False,0.0
2024-06-17,8,LPCCS_UNIT1,0.0,0.0,False,0.0
2024-06-17,8,LPCCS_UNIT2,0.0,0.0,False,0.0
2024-06-17,8,LARDVFTN_G4,0.0,0.0,False,0.0
2024-06-17,8,LARDVFTN_G5,0.0,0.0,False,0.0
2024-06-17,8,LEON_CRK_LCPCT1,0.0,0.0,False,0.0
2024-06-17,8,LEON_CRK_LCPCT2,0.0,0.0,False,0.0
2024-06-17,8,LEON_CRK_LCPCT3,0.0,0.0,False,0.0
2024-06-17,8,LEON_CRK_LCPCT4,0.0,0.0,False,0.0
2024-06-17,8,LIG_UNIT1,6.05,54.45,True,254.1
2024-06-17,8,LIG_UNIT2,60.5,0.0,True,2541.0
2024-06-17,8,LOSTPI_LOSTPGT1,0.0,0.0,False,0.0
2024-06-17,8,LOSTPI_LOSTPGT2,0.0,0.0,False,0.0
2024-06-17,8,LOSTPI_LOSTPST1,0.0,0.0,False,0.0
2024-06-17,8,NEDIN_NEDIN_G1,0.0,0.0,False,0.0
2024-06-17,8,NEDIN_NEDIN_G2,0.0,0.0,False,0.0
2024-06-17,8,NEDIN_NEDIN_G3,0.0,0.0,False,0.0
2024-06-17,8,MDANP_CT1,0.0,0.0,False,0.0
2024-06-17,8,MDANP_CT2,0.0,0.0,False,0.0
2024-06-17,8,MDANP_CT3,0.0,0.0,False,0.0
2024-06-17,8,MDANP_CT4,0.0,0.0,False,0.0
2024-06-17,8,MDANP_CT5,0.0,0.0,False,0.0
2024-06-17,8,MDANP_CT6,83.4,0.0,True,2335.2
2024-06-17,8,MGSES_CT1,0.0,0.0,False,0.0
2024-06-17,8,MGSES_CT2,0.0,0.0,False,0.0
2024-06-17,8,MGSES_CT3,0.0,0.0,False,0.0
2024-06-17,8,MGSES_CT4,0.0,0.0,False,0.0
2024-06-17,8,MGSES_CT5,0.0,0.0,False,0.0
2024-06-17,8,MGSES_CT6,0.0,0.0,False,0.0
2024-06-17,8,MCSES_UNIT6,0.0,0.0,False,0.0
2024-06-17,8,MCSES_UNIT7,0.0,0.0,False,0.0
2024-06-17,8,MCSES_UNIT8,0.0,0.0,False,0.0
2024-06-17,8,NUECES_B_NUECESG8,0.0,0.0,False,0.0
2024-06-17,8,NUECES_B_NUECESG9,0.0,0.0,False,0.0
2024-06-17,8,NUECES_B_NUECESG7,0.0,0.0,False,0.0
2024-06-17,8,CALAVERS_OWS1,0.0,0.0,False,0.0
2024-06-17,8,CALAVERS_OWS2,0.0,0.0,False,0.0
2024-06-17,8,OECCS_CT11,0.0,0.0,False,0.0
2024-06-17,8,OECCS_CT12,0.0,0.0,False,0.0
2024-06-17,8,OECCS_CT21,0.0,0.0,False,0.0
2024-06-17,8,OECCS_CT22,0.0,0.0,False,0.0
2024-06-17,8,OECCS_UNIT1,0.0,0.0,False,0.0
2024-06-17,8,OECCS_UNIT2,0.0,0.0,False,0.0
2024-06-17,8,VICTPRT2_UNIT1,0.0,0.0,False,0.0
2024-06-17,8,VICTPRT2_UNIT2,0.0,0.0,False,0.0
2024-06-17,8,PANDA_S_SHER1CT1,232.0,0.0,True,6496.0
2024-06-17,8,PANDA_S_SHER1CT2,229.66518438558182,2.3348156144181758,True,6430.6252
2024-06-17,8,PANDA_S_SHER1ST1,353.1,0.0,True,9886.8
2024-06-17,8,PANDA_T1_TMPL1CT1,0.0,0.0,False,0.0
2024-06-17,8,PANDA_T1_TMPL1CT2,0.0,0.0,False,0.0
2024-06-17,8,PANDA_T1_TMPL1ST1,0.0,0.0,False,0.0
2024-06-17,8,PANDA_T2_TMPL2CT1,0.0,0.0,False,0.0
2024-06-17,8,PANDA_T2_TMPL2CT2,0.0,0.0,False,0.0
2024-06-17,8,PANDA_T2_TMPL2ST1,0.0,0.0,False,0.0
2024-06-17,8,TNSKA_GT1,0.0,0.0,False,0.0
2024-06-17,8,TNSKA_GT2,0.0,0.0,False,0.0
2024-06-17,8,TNSKA_STG,0.0,0.0,False,0.0
2024-06-17,8,PSG_PSG_GT2,141.220037835394,73.87996216460598,True,3954.1611
2024-06-17,8,PSG_PSG_GT3,215.1,0.0,True,6022.8
2024-06-17,8,PSG_PSG_ST2,195.5,0.0,True,5474.0
2024-06-17,8,PEARSAL2_AGR_A,0.0,0.0,False,0.0
2024-06-17,8,PEARSAL2_AGR_B,0.0,0.0,False,0.0
2024-06-17,8,PEARSAL2_AGR_C,0.0,0.0,False,0.0
2024-06-17,8,PEARSAL2_AGR_D,0.0,0.0,False,0.0
2024-06-17,8,PB2SES_CT1,0.0,0.0,False,0.0
2024-06-17,8,PB2SES_CT2,0.0,0.0,False,0.0
2024-06-17,8,PB2SES_CT3,0.0,0.0,False,0.0
2024-06-17,8,PB2SES_CT4,0.0,0.0,False,0.0
2024-06-17,8,PB2SES_CT5,0.0,0.0,False,0.0
2024-06-17,8,PRO_UNIT1,6.05,54.45,True,254.1
2024-06-17,8,PRO_UNIT2,6.05,54.45,True,254.1
2024-06-17,8,PRO_UNIT3,6.05,54.45,True,254.1
2024-06-17,8,PRO_UNIT4,6.05,54.45,True,254.1
2024-06-17,8,PRO_UNIT5,6.05,54.45,True,254.1
2024-06-17,8,PRO_UNIT6,19.28769243983746,41.21230756016254,True,810.0831
2024-06-17,8,PRO_UNIT7,60.5,0.0,True,2541.0
2024-06-17,8,PRO_UNIT8,60.5,0.0,True,2541.0
2024-06-17,8,BAC_CTG1,6.5,0.0,True,273.0
2024-06-17,8,BAC_CTG2,6.5,0.0,True,273.0
2024-06-17,8,BAC_CTG3,6.5,0.0,True,273.0
2024-06-17,8,BAC_CTG4,6.5,0.0,True,273.0
2024-06-17,8,BAC_CTG5,6.5,0.0,True,273.0
2024-06-17,8,BAC_CTG6,6.5,0.0,True,273.0
2024-06-17,8,STEAM1A_STEAM_1,0.0,0.0,False,0.0
2024-06-17,8,STEAM_STEAM_2,0.0,0.0,False,0.0
2024-06-17,8,STEAM_STEAM_3,0.0,0.0,False,0.0
2024-06-17,8,QALSW_GT1,0.0,0.0,False,0.0
2024-06-17,8,QALSW_GT2,0.0,0.0,False,0.0
2024-06-17,8,QALSW_GT3,0.0,0.0,False,0.0
2024-06-17,8,QALSW_GT4,0.0,0.0,False,0.0
2024-06-17,8,QALSW_STG1,0.0,0.0,False,0.0
2024-06-17,8,QALSW_STG2,0.0,0.0,False,0.0
2024-06-17,8,MIL_MILLERG4,0.0,0.0,False,0.0
2024-06-17,8,MIL_MILLERG5,0.0,0.0,False,0.0
2024-06-17,8,MIL_MILLERG1,0.0,0.0,False,0.0
2024-06-17,8,MIL_MILLERG2,0.0,0.0,False,0.0
2024-06-17,8,MIL_MILLERG3,0.0,0.0,False,0.0
2024-06-17,8,OLINGR_OLING_4,0.0,0.0,False,0.0
2024-06-17,8,OLINGR_OLING_2,0.0,0.0,False,0.0
2024-06-17,8,OLINGR_OLING_3,0.0,0.0,False,0.0
2024-06-17,8,RAB_UNIT1,0.0,0.0,False,0.0
2024-06-17,8,RAB_UNIT2,0.0,0.0,False,0.0
2024-06-17,8,RAB_UNIT3,0.0,0.0,False,0.0
2024-06-17,8,RAB_UNIT4,0.0,0.0,False,0.0
2024-06-17,8,RAB_UNIT5,0.0,0.0,False,0.0
2024-06-17,8,RAB_UNIT6,0.0,0.0,False,0.0
2024-06-17,8,RAB_UNIT7,0.0,0.0,False,0.0
2024-06-17,8,RAB_UNIT8,0.0,0.0,False,0.0
2024-06-17,8,REDGATE_AGR_A,0.0,0.0,False,0.0
2024-06-17,8,REDGATE_AGR_B,0.0,0.0,False,0.0
2024-06-17,8,REDGATE_AGR_C,0.0,0.0,False,0.0
2024-06-17,8,REDGATE_AGR_D,0.0,0.0,False,0.0
2024-06-17,8,JAD_UNIT1,6.05,54.45,True,254.1
2024-06-17,8,JAD_UNIT2,60.5,0.0,True,2541.0
2024-06-17,8,JAD_UNIT3,60.5,0.0,True,2541.0
2024-06-17,8,JAD_UNIT4,6.05,54.45,True,254.1
2024-06-17,8,JAD_UNIT5,60.5,0.0,True,2541.0
2024-06-17,8,JAD_UNIT6,6.05,54.45,True,254.1
2024-06-17,8,JAD_UNIT7,60.5,0.0,True,2541.0
2024-06-17,8,JAD_UNIT8,6.05,54.45,True,254.1
2024-06-17,8,RIONOG_CT1,0.0,0.0,False,0.0
2024-06-17,8,RIONOG_CT2,0.0,0.0,False,0.0
2024-06-17,8,RIONOG_CT3,0.0,0.0,False,0.0
2024-06-17,8,RIONOG_ST1,0.0,0.0,False,0.0
2024-06-17,8,RAYBURN_RAYBURG7,18.15,42.35,True,508.2
2024-06-17,8,RAYBURN_RAYBURG8,18.15,42.35,True,508.2
2024-06-17,8,RAYBURN_RAYBURG9,18.15,42.35,True,508.2
2024-06-17,8,RAYBURN_RAYBURG10,12.6,29.4,True,352.8
2024-06-17,8,SJS_SJS_G1,8.82,0.0,True,370.44
2024-06-17,8,SJS_SJS_G2,8.82,0.0,True,370.44
2024-06-17,8,SANDHSYD_SH1,0.0,0.0,False,0.0
2024-06-17,8,SANDHSYD_SH2,0.0,0.0,False,0.0
2024-06-17,8,SANDHSYD_SH3,0.0,0.0,False,0.0
2024-06-17,8,SANDHSYD_SH4,0.0,0.0,False,0.0
2024-06-17,8,SANDHSYD_SH_5A,0.0,0.0,False,0.0
2024-06-17,8,SANDHSYD_SH6,0.0,0.0,False,0.0
2024-06-17,8,SANDHSYD_SH7,0.0,0.0,False,0.0
2024-06-17,8,SANDHSYD_SH_5C,0.0,0.0,False,0.0
2024-06-17,8,SILASRAY_SILAS_10,0.0,0.0,False,0.0
2024-06-17,8,SILASRAY_SILAS_9,0.0,0.0,False,0.0
2024-06-17,8,SILASRAY_SILAS_6,0.0,0.0,False,0.0
2024-06-17,8,GIDEON_GIDEONG1,0.0,0.0,False,0.0
2024-06-17,8,GIDEON_GIDEONG2,0.0,0.0,False,0.0
2024-06-17,8,GIDEON_GIDEONG3,0.0,0.0,False,0.0
2024-06-17,8,SKY1_SKY1A,0.0,0.0,False,0.0
2024-06-17,8,SKY1_SKY1B,0.0,0.0,False,0.0
2024-06-17,8,SPNCER_SPNCE_4,0.0,0.0,False,0.0
2024-06-17,8,SPNCER_SPNCE_5,0.0,0.0,False,0.0
2024-06-17,8,SCSES_UNIT1A,0.0,0.0,False,0.0
2024-06-17,8,SCSES_UNIT2,0.0,0.0,False,0.0
2024-06-17,8,THW_THWGT_1,0.0,0.0,False,0.0
2024-06-17,8,THW_THWGT31,51.3,0.0,True,1436.4
2024-06-17,8,THW_THWGT32,51.3,0.0,True,1436.4
2024-06-17,8,THW_THWGT33,51.3,0.0,True,1436.4
2024-06-17,8,THW_THWGT34,51.3,0.0,True,1436.4
2024-06-17,8,THW_THWGT41,51.3,0.0,True,1436.4
2024-06-17,8,THW_THWGT42,51.3,0.0,True,1436.4
2024-06-17,8,THW_THWGT43,62.0,0.0,True,1736.0
2024-06-17,8,THW_THWGT44,62.0,0.0,True,1736.0
2024-06-17,8,THW_THWGT51,0.0,0.0,False,0.0
2024-06-17,8,THW_THWGT52,0.0,0.0,False,0.0
2024-06-17,8,THW_THWGT53,0.0,0.0,False,0.0
2024-06-17,8,THW_THWGT54,0.0,0.0,False,0.0
2024-06-17,8,THW_THWGT55,0.0,0.0,False,0.0
2024-06-17,8,THW_THWGT56,0.0,0.0,False,0.0
2024-06-17,8,THW_THWST_3,113.1,0.0,True,3166.8
2024-06-17,8,THW_THWST_4,113.1,0.0,True,3166.8
2024-06-17,8,TXCTY_CTA,129.1,0.0,True,3614.8
2024-06-17,8,TXCTY_CTB,129.1,0.0,True,3614.8
2024-06-17,8,TXCTY_CTC,129.1,0.0,True,3614.8
2024-06-17,8,TXCTY_ST,143.7,0.0,True,4023.6
2024-06-17,8,TGS_GT01,0.0,0.0,False,0.0
2024-06-17,8,TIMPP_AGR1,0.0,0.0,False,0.0
2024-06-17,8,TIMPP_AGR2,0.0,0.0,False,0.0
2024-06-17,8,TIMPP_AGR3,0.0,0.0,False,0.0
2024-06-17,8,TIMPP_AGR4,0.0,0.0,False,0.0
2024-06-17,8,TRSES_UNIT6,0.0,0.0,False,0.0
2024-06-17,8,TOPAZ_UNIT1,6.05,0.0,True,254.1
2024-06-17,8,TOPAZ_UNIT2,60.5,0.0,True,2541.0
2024-06-17,8,TOPAZ_UNIT3,6.05,0.0,True,254.1
2024-06-17,8,TOPAZ_UNIT4,60.5,0.0,True,2541.0
2024-06-17,8,TOPAZ_UNIT5,60.5,0.0,True,2541.0
2024-06-17,8,TOPAZ_UNIT6,6.05,0.0,True,254.1
2024-06-17,8,TOPAZ_UNIT7,60.5,0.0,True,2541.0
2024-06-17,8,TOPAZ_UNIT8,60.5,0.0,True,2541.0
2024-06-17,8,TOPAZ_UNIT9,60.5,0.0,True,2541.0
2024-06-17,8,TOPAZ_UNIT10,60.5,0.0,True,2541.0
2024-06-17,8,BRAUNIG_VHB6CT5,0.0,0.0,False,0.0
2024-06-17,8,BRAUNIG_VHB6CT6,0.0,0.0,False,0.0
2024-06-17,8,BRAUNIG_VHB6CT7,0.0,0.0,False,0.0
2024-06-17,8,BRAUNIG_VHB6CT8,0.0,0.0,False,0.0
2024-06-17,8,CITYVICT_CTG01,0.0,0.0,False,0.0
2024-06-17,8,CITYVICT_CTG02,0.0,0.0,False,0.0
2024-06-17,8,VICTPORT_CTG01,0.0,0.0,False,0.0
2024-06-17,8,VICTPORT_CTG02,0.0,0.0,False,0.0
2024-06-17,8,VICTORIA_VICTORG6,0.0,0.0,False,0.0
2024-06-17,8,VICTORIA_VICTORG5,0.0,0.0,False,0.0
2024-06-17,8,WAP_WAPGT_1,0.0,0.0,False,0.0
2024-06-17,8,WAP_WAP_G1,0.0,0.0,False,0.0
2024-06-17,8,WAP_WAP_G2,0.0,0.0,False,0.0
2024-06-17,8,WAP_WAP_G3,0.0,0.0,False,0.0
2024-06-17,8,WAP_WAP_G4,0.0,0.0,False,0.0
2024-06-17,8,WFCOGEN_UNIT1,0.0,0.0,False,0.0
2024-06-17,8,WFCOGEN_UNIT2,0.0,0.0,False,0.0
2024-06-17,8,WFCOGEN_UNIT3,0.0,0.0,False,0.0
2024-06-17,8,WIPOPA_WPP_G1,0.0,0.0,False,0.0
2024-06-17,8,WIPOPA_WPP_G2,0.0,0.0,False,0.0
2024-06-17,8,WIPOPA_WPP_G3,0.0,0.0,False,0.0
2024-06-17,8,WIPOPA_WPP_G4,0.0,0.0,False,0.0
2024-06-17,8,WCPP_CT1,0.0,0.0,False,0.0
2024-06-17,8,WCPP_CT2,0.0,0.0,False,0.0
2024-06-17,8,WCPP_ST1,0.0,0.0,False,0.0
2024-06-17,8,WHCCS_CT1,0.0,0.0,False,0.0
2024-06-17,8,WHCCS_CT2,0.0,0.0,False,0.0
2024-06-17,8,WHCCS_STG,0.0,0.0,False,0.0
2024-06-17,8,WHCCS2_CT4,0.0,0.0,False,0.0
2024-06-17,8,WHCCS2_CT5,0.0,0.0,False,0.0
2024-06-17,8,WHCCS2_STG6,0.0,0.0,False,0.0
2024-06-17,8,NACPW_UNIT1,0.0,0.0,False,0.0
2024-06-17,8,HBR_2UNITS,0.0,0.0,False,0.0
2024-06-17,8,TRIRA_1UNIT,0.0,0.0,False,0.0
2024-06-17,8,78252_4UNITS,0.0,0.0,False,0.0
2024-06-17,8,SPRIN_4UNITS,0.0,0.0,False,0.0
2024-06-17,8,FREIH_2UNITS,0.0,0.0,False,0.0
2024-06-17,8,WSTHL_3UNITS,0.0,0.0,False,0.0
2024-06-17,8,FEGC_CTG2,0.0,0.0,False,0.0
2024-06-17,8,FEGC_CTG3,0.0,0.0,False,0.0
2024-06-17,8,FEGC_CTG4,0.0,0.0,False,0.0
2024-06-17,8,OLNEYTN_AGR1,0.0,0.0,False,0.0
2024-06-17,8,AMISTAD_AMISTAG1,0.0,0.0,False,0.0
2024-06-17,8,AMISTAD_AMISTAG2,0.0,0.0,False,0.0
2024-06-17,8,AUSTPL_AUSTING1,9.0,0.0,True,9.0
2024-06-17,8,AUSTPL_AUSTING2,9.0,0.0,True,9.0
2024-06-17,8,BUCHAN_BUCHANG1,18.299999999999997,3.552713678800501e-15,True,18.3
2024-06-17,8,BUCHAN_BUCHANG2,2.7400453424349767,15.559954657565026,True,2.74
2024-06-17,8,BUCHAN_BUCHANG3,18.299999999999997,3.552713678800501e-15,True,18.3
2024-06-17,8,DNDAM_DENISOG1,50.8,0.0,True,50.8
2024-06-17,8,DNDAM_DENISOG2,50.8,0.0,True,50.8
2024-06-17,8,FALCON_FALCONG1,12.0,0.0,True,12.0
2024-06-17,8,FALCON_FALCONG2,12.0,0.0,True,12.0
2024-06-17,8,FALCON_FALCONG3,12.0,0.0,True,12.0
2024-06-17,8,WIRTZ_WIRTZ_G1,29.0,0.0,True,29.0
2024-06-17,8,WIRTZ_WIRTZ_G2,29.0,0.0,True,29.0
2024-06-17,8,CANYHY_CANYHYG1,6.0,0.0,True,6.0
2024-06-17,8,INKSDA_INKS_G1,1.5,13.5,True,1.5
2024-06-17,8,MARBFA_MARBFAG1,21.0,0.0,True,21.0
2024-06-17,8,MARBFA_MARBFAG2,20.0,0.0,True,20.0
2024-06-17,8,MARSFO_MARSFOG1,36.0,0.0,True,36.0
2024-06-17,8,MARSFO_MARSFOG2,36.0,0.0,True,36.0
2024-06-17,8,MARSFO_MARSFOG3,36.0,0.0,True,36.0
2024-06-17,8,WND_WHITNEY1,22.0,0.0,True,22.0
2024-06-17,8,WND_WHITNEY2,22.0,0.0,True,22.0
2024-06-17,8,AEEC_ANTLP_1,0.0,0.0,False,0.0
2024-06-17,8,AEEC_ANTLP_2,0.0,0.0,False,0.0
2024-06-17,8,AEEC_ANTLP_3,0.0,0.0,False,0.0
2024-06-17,8,AEEC_ELK_1,0.0,0.0,False,0.0
2024-06-17,8,AEEC_ELK_2,0.0,0.0,False,0.0
2024-06-17,8,AEEC_ELK_3,0.0,0.0,False,0.0
2024-06-17,8,FTR_FTR_G1,185.0,0.0,True,5180.0
2024-06-17,8,FTR_FTR_G2,185.0,0.0,True,5180.0
2024-06-17,8,FTR_FTR_G3,185.0,0.0,True,5180.0
2024-06-17,8,FTR_FTR_G4,400.0,0.0,True,11200.0
2024-06-17,8,TGCCS_CT1,0.0,0.0,False,0.0
2024-06-17,8,TGCCS_CT2,0.0,0.0,False,0.0
2024-06-17,8,TGCCS_CT3,0.0,0.0,False,0.0
2024-06-17,8,TGCCS_UNIT4,0.0,0.0,False,0.0
2024-06-17,8,KMCHI_1CT101,55.5,129.5,True,1554.0
2024-06-17,8,KMCHI_1CT201,185.0,0.0,True,5180.0
2024-06-17,8,KMCHI_1ST,0.0,0.0,False,0.0
2024-06-17,8,KMCHI_2CT101,55.5,129.5,True,1554.0
2024-06-17,8,KMCHI_2CT201,55.5,129.5,True,1554.0
2024-06-17,8,KMCHI_2ST,330.0,0.0,True,9240.0
2024-06-17,8,A4_DGR1,0.0,0.0,False,0.0
2024-06-17,8,A4_DGR2,0.0,0.0,False,0.0
2024-06-17,8,K2_DGR1,0.0,0.0,False,0.0
2024-06-17,8,K2_DGR2,0.0,0.0,False,0.0
2024-06-17,8,P2_DGR1,0.0,0.0,False,0.0
2024-06-17,8,P2_DGR2,0.0,0.0,False,0.0
2024-06-17,8,Q1_DGR1,0.0,0.0,False,0.0
2024-06-17,8,BRAUNIG_VHB3,0.0,0.0,False,0.0
2024-06-17,8,V2_DGR1,0.0,0.0,False,0.0
2024-06-17,8,V2_DGR2,0.0,0.0,False,0.0
2024-06-17,8,V2_DGR3,0.0,0.0,False,0.0
2024-06-17,8,V4_DGR1,0.0,0.0,False,0.0
2024-06-17,8,X1_DGR1,0.0,0.0,False,0.0
2024-06-17,8,Z0_DGR1,0.0,0.0,False,0.0
2024-06-17,8,Z0_DGR2,0.0,0.0,False,0.0
2024-06-17,8,Z5_DGR1,0.0,0.0,False,0.0
2024-06-17,8,DC_E,0.0,0.0,False,0.0
2024-06-17,8,DC_N,0.0,0.0,False,0.0
2024-06-17,8,DC_L,0.0,0.0,False,0.0
2024-06-17,8,DC_R,0.0,0.0,False,0.0
2024-06-17,8,CEDARVALE_GAS,0.0,0.0,False,0.0
2024-06-17,8,ENCHANTED_ROCK_NEWPP,3.0,0.0,True,135.0
2024-06-17,9,CPSES_UNIT1,1269.0,0.0,True,10152.0
2024-06-17,9,CPSES_UNIT2,1269.0,0.0,True,10152.0
2024-06-17,9,STP_STP_G1,1228.5,136.5,True,9828.0
2024-06-17,9,STP_STP_G2,1228.5,136.5,True,9828.0
2024-06-17,9,COLETO_COLETOG1,0.0,0.0,False,0.0
2024-06-17,9,FPPYD1_FPP_G1,0.0,0.0,False,0.0
2024-06-17,9,FPPYD1_FPP_G2,0.0,0.0,False,0.0
2024-06-17,9,FPPYD2_FPP_G3,0.0,0.0,False,0.0
2024-06-17,9,CALAVERS_JKS1,0.0,0.0,False,0.0
2024-06-17,9,CALAVERS_JKS2,0.0,0.0,False,0.0
2024-06-17,9,LEG_LEG_G1,893.0,0.0,True,22325.0
2024-06-17,9,LEG_LEG_G2,956.8,0.0,True,23920.0
2024-06-17,9,MLSES_UNIT1,893.0,0.0,True,22325.0
2024-06-17,9,MLSES_UNIT2,357.2,535.8,True,8930.0
2024-06-17,9,MLSES_UNIT3,389.22509174450323,503.7749082554967,True,9730.6273
2024-06-17,9,OGSES_UNIT1A,916.8,0.0,True,22920.0
2024-06-17,9,OGSES_UNIT2,916.8,0.0,True,22920.0
2024-06-17,9,SANMIGL_G1,0.0,0.0,False,0.0
2024-06-17,9,SCES_UNIT1,403.2,604.8,True,10080.0
2024-06-17,9,TNP_ONE_TNP_O_1,174.6,0.0,True,4365.0
2024-06-17,9,TNP_ONE_TNP_O_2,174.6,0.0,True,4365.0
2024-06-17,9,WAP_WAP_G5,0.0,0.0,False,0.0
2024-06-17,9,WAP_WAP_G6,0.0,0.0,False,0.0
2024-06-17,9,WAP_WAP_G7,0.0,0.0,False,0.0
2024-06-17,9,WAP_WAP_G8,0.0,0.0,False,0.0
2024-06-17,9,BRAUNIG_AVR1_CT1,0.0,0.0,False,0.0
2024-06-17,9,BRAUNIG_AVR1_CT2,0.0,0.0,False,0.0
2024-06-17,9,BRAUNIG_AVR1_ST,0.0,0.0,False,0.0
2024-06-17,9,ATKINS_ATKINSG7,2.1,0.0,True,88.2
2024-06-17,9,B_DAVIS_B_DAVIG3,0.0,0.0,False,0.0
2024-06-17,9,B_DAVIS_B_DAVIG4,0.0,0.0,False,0.0
2024-06-17,9,B_DAVIS_B_DAVIG1,0.0,0.0,False,0.0
2024-06-17,9,B_DAVIS_B_DAVIG2,0.0,0.0,False,0.0
2024-06-17,9,BASTEN_GTG1100,0.0,0.0,False,0.0
2024-06-17,9,BASTEN_GTG2100,0.0,0.0,False,0.0
2024-06-17,9,BASTEN_ST0100,0.0,0.0,False,0.0
2024-06-17,9,BCH_UNIT1,6.05,0.0,True,254.1
2024-06-17,9,BCH_UNIT2,6.05,0.0,True,254.1
2024-06-17,9,BCH_UNIT3,6.05,54.45,True,254.1
2024-06-17,9,BCH_UNIT4,6.05,0.0,True,254.1
2024-06-17,9,BCH_UNIT5,6.05,0.0,True,254.1
2024-06-17,9,BCH_UNIT6,6.05,54.45,True,254.1
2024-06-17,9,BCH_UNIT7,6.05,0.0,True,254.1
2024-06-17,9,BCH_UNIT8,6.05,54.45,True,254.1
2024-06-17,9,BOSQUESW_BSQSU_1,0.0,0.0,False,0.0
2024-06-17,9,BOSQUESW_BSQSU_2,0.0,0.0,False,0.0
2024-06-17,9,BOSQUESW_BSQSU_3,0.0,0.0,False,0.0
2024-06-17,9,BOSQUESW_BSQSU_4,0.0,0.0,False,0.0
2024-06-17,9,BOSQUESW_BSQSU_5,0.0,0.0,False,0.0
2024-06-17,9,BVE_UNIT1,0.0,0.0,False,0.0
2024-06-17,9,BVE_UNIT2,0.0,0.0,False,0.0
2024-06-17,9,BVE_UNIT3,0.0,0.0,False,0.0
2024-06-17,9,BTM_UNIT1,0.0,0.0,False,0.0
2024-06-17,9,BTM_UNIT2,6.05,0.0,True,254.1
2024-06-17,9,BTM_UNIT3,0.0,0.0,False,0.0
2024-06-17,9,BTM_UNIT4,6.05,0.0,True,254.1
2024-06-17,9,BTM_UNIT5,6.05,0.0,True,254.1
2024-06-17,9,BTM_UNIT6,6.05,0.0,True,254.1
2024-06-17,9,BTM_UNIT7,0.0,0.0,False,0.0
2024-06-17,9,BTM_UNIT8,6.05,0.0,True,254.1
2024-06-17,9,FLCNS_UNIT1,0.0,0.0,False,0.0
2024-06-17,9,FLCNS_UNIT2,0.0,0.0,False,0.0
2024-06-17,9,CALHOUN_UNIT1,0.0,0.0,False,0.0
2024-06-17,9,CALHOUN_UNIT2,0.0,0.0,False,0.0
2024-06-17,9,CHAMON_CTG_0101,60.5,0.0,True,2541.0
2024-06-17,9,CHAMON_CTG_0301,60.5,0.0,True,2541.0
2024-06-17,9,CBY4_CT41,205.0,0.0,True,5740.0
2024-06-17,9,CBY4_CT42,205.0,0.0,True,5740.0
2024-06-17,9,CBY4_ST04,205.0,0.0,True,5740.0
2024-06-17,9,CBY_CBY_G1,765.0,0.0,True,26775.0
2024-06-17,9,CBY_CBY_G2,765.0,0.0,True,26775.0
2024-06-17,9,CBEC_GT1,0.0,0.0,False,0.0
2024-06-17,9,CBEC_GT2,0.0,0.0,False,0.0
2024-06-17,9,CBEC_GT3,0.0,0.0,False,0.0
2024-06-17,9,CBEC_GT4,0.0,0.0,False,0.0
2024-06-17,9,CBEC_STG1,0.0,0.0,False,0.0
2024-06-17,9,CBEC_STG2,0.0,0.0,False,0.0
2024-06-17,9,CBECII_CT7,0.0,0.0,False,0.0
2024-06-17,9,CBECII_CT8,0.0,0.0,False,0.0
2024-06-17,9,CBECII_STG9,0.0,0.0,False,0.0
2024-06-17,9,CBEC_GT11,0.0,0.0,False,0.0
2024-06-17,9,CBEC_GT12,0.0,0.0,False,0.0
2024-06-17,9,CVC_CVC_G1,192.09999999999994,5.684341886080802e-14,True,5378.8
2024-06-17,9,CVC_CVC_G2,192.1,0.0,True,5378.8
2024-06-17,9,CVC_CVC_G3,192.1,0.0,True,5378.8
2024-06-17,9,CVC_CVC_G5,150.0,0.0,True,4200.0
2024-06-17,9,DANSBY_DANSBYG2,4.8,0.0,True,201.6
2024-06-17,9,DANSBY_DANSBYG3,5.0,0.0,True,210.0
2024-06-17,9,DANSBY_DANSBYG1,36.0,0.0,True,1260.0
2024-06-17,9,DECKER_DPGT_1,0.0,0.0,False,0.0
2024-06-17,9,DECKER_DPGT_2,0.0,0.0,False,0.0
2024-06-17,9,DECKER_DPGT_3,0.0,0.0,False,0.0
2024-06-17,9,DECKER_DPGT_4,0.0,0.0,False,0.0
2024-06-17,9,DCSES_CT10,0.0,0.0,False,0.0
2024-06-17,9,DCSES_CT20,0.0,0.0,False,0.0
2024-06-17,9,DCSES_CT30,0.0,0.0,False,0.0
2024-06-17,9,DCSES_CT40,0.0,0.0,False,0.0
2024-06-17,9,DDPEC_GT1,60.9,142.1,True,1705.2
2024-06-17,9,DDPEC_GT2,64.5,150.5,True,1806.0
2024-06-17,9,DDPEC_GT3,60.9,142.1,True,1705.2
2024-06-17,9,DDPEC_GT4,215.0,0.0,True,6020.0
2024-06-17,9,DDPEC_GT6,59.7,139.3,True,1671.6
2024-06-17,9,DDPEC_ST1,288.6792000000021,1.3207999999979165,True,8083.0176
2024-06-17,9,DEC_AGR_A,0.0,0.0,False,0.0
2024-06-17,9,DEC_AGR_B,0.0,0.0,False,0.0
2024-06-17,9,DEC_AGR_C,0.0,0.0,False,0.0
2024-06-17,9,DEC_AGR_D,0.0,0.0,False,0.0
2024-06-17,9,ECEC_G1,0.0,0.0,False,0.0
2024-06-17,9,ECEC_G2,0.0,0.0,False,0.0
2024-06-17,9,ETCCS_CT1,78.0,182.0,True,2184.0
2024-06-17,9,ETCCS_UNIT1,42.0,98.0,True,1176.0
2024-06-17,9,AZ_AZ_G1,40.0,0.0,True,1680.0
2024-06-17,9,AZ_AZ_G2,40.0,0.0,True,1680.0
2024-06-17,9,AZ_AZ_G3,40.0,0.0,True,1680.0
2024-06-17,9,AZ_AZ_G4,40.0,0.0,True,1680.0
2024-06-17,9,FERGCC_FERGGT1,0.0,0.0,False,0.0
2024-06-17,9,FERGCC_FERGGT2,0.0,0.0,False,0.0
2024-06-17,9,FERGCC_FERGST1,0.0,0.0,False,0.0
2024-06-17,9,FRNYPP_GT11,168.51310253835072,28.186897461649266,True,4718.3669
2024-06-17,9,FRNYPP_GT12,59.01,137.69,True,1652.28
2024-06-17,9,FRNYPP_GT13,59.01,137.69,True,1652.28
2024-06-17,9,FRNYPP_GT21,59.01,137.69,True,1652.28
2024-06-17,9,FRNYPP_GT22,59.01,137.69,True,1652.28
2024-06-17,9,FRNYPP_GT23,59.01,137.69,True,1652.28
2024-06-17,9,FRNYPP_ST10,126.6,295.4,True,3544.8
2024-06-17,9,FRNYPP_ST20,126.6,295.4,True,3544.8
2024-06-17,9,FREC_GT1,179.4,0.0,True,5023.2
2024-06-17,9,FREC_GT2,179.4,0.0,True,5023.2
2024-06-17,9,FREC_GT4,179.4,0.0,True,5023.2
2024-06-17,9,FREC_GT5,75.19171598136882,104.20828401863119,True,2105.368
2024-06-17,9,FREC_ST3,57.21,133.48999999999998,True,1601.88
2024-06-17,9,FREC_ST6,190.7,0.0,True,5339.6
2024-06-17,9,FEGC_UNIT1,0.0,0.0,False,0.0
2024-06-17,9,FRONT_EC_CT1,0.0,0.0,False,0.0
2024-06-17,9,FRONT_EC_CT2,0.0,0.0,False,0.0
2024-06-17,9,FRONT_EC_ST,0.0,0.0,False,0.0
2024-06-17,9,GRSES_UNIT1,0.0,0.0,False,0.0
2024-06-17,9,GRSES_UNIT2,0.0,0.0,False,0.0
2024-06-17,9,GBY_GBYGT73,72.0,0.0,True,3024.0
2024-06-17,9,GBY_GBYGT74,72.0,0.0,True,3024.0
2024-06-17,9,GBY_GBYGT81,72.0,0.0,True,3024.0
2024-06-17,9,GBY_GBYGT82,72.0,0.0,True,3024.0
2024-06-17,9,GBY_GBYGT83,72.0,0.0,True,3024.0
2024-06-17,9,GBY_GBYGT84,72.0,0.0,True,3024.0
2024-06-17,9,STEAM_ENGINE_1,0.0,0.0,False,0.0
2024-06-17,9,STEAM_ENGINE_2,0.0,0.0,False,0.0
2024-06-17,9,STEAM_ENGINE_3,0.0,0.0,False,0.0
2024-06-17,9,LGE_LGE_GT1,0.0,0.0,False,0.0
2024-06-17,9,LGE_LGE_GT2,0.0,0.0,False,0.0
2024-06-17,9,LGE_LGE_STG,0.0,0.0,False,0.0
2024-06-17,9,GUADG_GAS1,0.0,0.0,False,0.0
2024-06-17,9,GUADG_GAS2,0.0,0.0,False,0.0
2024-06-17,9,GUADG_GAS3,0.0,0.0,False,0.0
2024-06-17,9,GUADG_GAS4,0.0,0.0,False,0.0
2024-06-17,9,GUADG_STM5,0.0,0.0,False,0.0
2024-06-17,9,GUADG_STM6,0.0,0.0,False,0.0
2024-06-17,9,HLSES_UNIT3,0.0,0.0,False,0.0
2024-06-17,9,HLSES_UNIT4,0.0,0.0,False,0.0
2024-06-17,9,HLSES_UNIT5,0.0,0.0,False,0.0
2024-06-17,9,HAYSEN_HAYSENG1,0.0,0.0,False,0.0
2024-06-17,9,HAYSEN_HAYSENG2,0.0,0.0,False,0.0
2024-06-17,9,HAYSEN_HAYSENG3,0.0,0.0,False,0.0
2024-06-17,9,HAYSEN_HAYSENG4,0.0,0.0,False,0.0
2024-06-17,9,DUKE_DUKE_GT1,0.0,0.0,False,0.0
2024-06-17,9,DUKE_DUKE_GT2,0.0,0.0,False,0.0
2024-06-17,9,DUKE_DUKE_ST1,0.0,0.0,False,0.0
2024-06-17,9,JACKCNTY_CT1,0.0,0.0,False,0.0
2024-06-17,9,JACKCNTY_CT2,0.0,0.0,False,0.0
2024-06-17,9,JCKCNTY2_CT3,0.0,0.0,False,0.0
2024-06-17,9,JCKCNTY2_CT4,0.0,0.0,False,0.0
2024-06-17,9,JACKCNTY_STG,0.0,0.0,False,0.0
2024-06-17,9,JCKCNTY2_ST2,0.0,0.0,False,0.0
2024-06-17,9,TEN_CT1,55.5,0.0,True,1554.0
2024-06-17,9,TEN_STG,32.1,0.0,True,898.8
2024-06-17,9,LHSES_UNIT1,0.0,0.0,False,0.0
2024-06-17,9,LHSES_UNIT2A,0.0,0.0,False,0.0
2024-06-17,9,LPCCS_CT11,0.0,0.0,False,0.0
2024-06-17,9,LPCCS_CT12,0.0,0.0,False,0.0
2024-06-17,9,LPCCS_CT21,0.0,0.0,False,0.0
2024-06-17,9,LPCCS_CT22,0.0,0.0,False,0.0
2024-06-17,9,LPCCS_UNIT1,0.0,0.0,False,0.0
2024-06-17,9,LPCCS_UNIT2,0.0,0.0,False,0.0
2024-06-17,9,LARDVFTN_G4,0.0,0.0,False,0.0
2024-06-17,9,LARDVFTN_G5,0.0,0.0,False,0.0
2024-06-17,9,LEON_CRK_LCPCT1,0.0,0.0,False,0.0
2024-06-17,9,LEON_CRK_LCPCT2,0.0,0.0,False,0.0
2024-06-17,9,LEON_CRK_LCPCT3,0.0,0.0,False,0.0
2024-06-17,9,LEON_CRK_LCPCT4,0.0,0.0,False,0.0
2024-06-17,9,LIG_UNIT1,6.05,54.45,True,254.1
2024-06-17,9,LIG_UNIT2,6.05,54.45,True,254.1
2024-06-17,9,LOSTPI_LOSTPGT1,0.0,0.0,False,0.0
2024-06-17,9,LOSTPI_LOSTPGT2,0.0,0.0,False,0.0
2024-06-17,9,LOSTPI_LOSTPST1,0.0,0.0,False,0.0
2024-06-17,9,NEDIN_NEDIN_G1,0.0,0.0,False,0.0
2024-06-17,9,NEDIN_NEDIN_G2,0.0,0.0,False,0.0
2024-06-17,9,NEDIN_NEDIN_G3,0.0,0.0,False,0.0
2024-06-17,9,MDANP_CT1,77.4,0.0,True,2167.2
2024-06-17,9,MDANP_CT2,76.8,0.0,True,2150.4
2024-06-17,9,MDANP_CT3,76.5,0.0,True,2142.0
2024-06-17,9,MDANP_CT4,77.4,0.0,True,2167.2
2024-06-17,9,MDANP_CT5,82.8,0.0,True,2318.4
2024-06-17,9,MDANP_CT6,83.4,194.6,True,2335.2
2024-06-17,9,MGSES_CT1,0.0,0.0,False,0.0
2024-06-17,9,MGSES_CT2,0.0,0.0,False,0.0
2024-06-17,9,MGSES_CT3,0.0,0.0,False,0.0
2024-06-17,9,MGSES_CT4,0.0,0.0,False,0.0
2024-06-17,9,MGSES_CT5,0.0,0.0,False,0.0
2024-06-17,9,MGSES_CT6,0.0,0.0,False,0.0
2024-06-17,9,MCSES_UNIT6,0.0,0.0,False,0.0
2024-06-17,9,MCSES_UNIT7,0.0,0.0,False,0.0
2024-06-17,9,MCSES_UNIT8,0.0,0.0,False,0.0
2024-06-17,9,NUECES_B_NUECESG8,0.0,0.0,False,0.0
2024-06-17,9,NUECES_B_NUECESG9,0.0,0.0,False,0.0
2024-06-17,9,NUECES_B_NUECESG7,0.0,0.0,False,0.0
2024-06-17,9,CALAVERS_OWS1,0.0,0.0,False,0.0
2024-06-17,9,CALAVERS_OWS2,0.0,0.0,False,0.0
2024-06-17,9,OECCS_CT11,0.0,0.0,False,0.0
2024-06-17,9,OECCS_CT12,0.0,0.0,False,0.0
2024-06-17,9,OECCS_CT21,0.0,0.0,False,0.0
2024-06-17,9,OECCS_CT22,0.0,0.0,False,0.0
2024-06-17,9,OECCS_UNIT1,0.0,0.0,False,0.0
2024-06-17,9,OECCS_UNIT2,0.0,0.0,False,0.0
2024-06-17,9,VICTPRT2_UNIT1,0.0,0.0,False,0.0
2024-06-17,9,VICTPRT2_UNIT2,0.0,0.0,False,0.0
2024-06-17,9,PANDA_S_SHER1CT1,0.0,0.0,False,0.0
2024-06-17,9,PANDA_S_SHER1CT2,69.6,162.4,True,1948.8
2024-06-17,9,PANDA_S_SHER1ST1,105.93,247.17000000000002,True,2966.04
2024-06-17,9,PANDA_T1_TMPL1CT1,0.0,0.0,False,0.0
2024-06-17,9,PANDA_T1_TMPL1CT2,0.0,0.0,False,0.0
2024-06-17,9,PANDA_T1_TMPL1ST1,0.0,0.0,False,0.0
2024-06-17,9,PANDA_T2_TMPL2CT1,0.0,0.0,False,0.0
2024-06-17,9,PANDA_T2_TMPL2CT2,0.0,0.0,False,0.0
2024-06-17,9,PANDA_T2_TMPL2ST1,0.0,0.0,False,0.0
2024-06-17,9,TNSKA_GT1,0.0,0.0,False,0.0
2024-06-17,9,TNSKA_GT2,0.0,0.0,False,0.0
2024-06-17,9,TNSKA_STG,0.0,0.0,False,0.0
2024-06-17,9,PSG_PSG_GT2,215.1,0.0,True,6022.8
2024-06-17,9,PSG_PSG_GT3,116.70231554168703,98.39768445831297,True,3267.6648
2024-06-17,9,PSG_PSG_ST2,195.5,0.0,True,5474.0
2024-06-17,9,PEARSAL2_AGR_A,0.0,0.0,False,0.0
2024-06-17,9,PEARSAL2_AGR_B,0.0,0.0,False,0.0
2024-06-17,9,PEARSAL2_AGR_C,0.0,0.0,False,0.0
2024-06-17,9,PEARSAL2_AGR_D,0.0,0.0,False,0.0
2024-06-17,9,PB2SES_CT1,0.0,0.0,False,0.0
2024-06-17,9,PB2SES_CT2,0.0,0.0,False,0.0
2024-06-17,9,PB2SES_CT3,0.0,0.0,False,0.0
2024-06-17,9,PB2SES_CT4,0.0,0.0,False,0.0
2024-06-17,9,PB2SES_CT5,0.0,0.0,False,0.0
2024-06-17,9,PRO_UNIT1,6.05,54.45,True,254.1
2024-06-17,9,PRO_UNIT2,6.05,54.45,True,254.1
2024-06-17,9,PRO_UNIT3,6.05,54.45,True,254.1
2024-06-17,9,PRO_UNIT4,6.05,54.45,True,254.1
2024-06-17,9,PRO_UNIT5,6.05,54.45,True,254.1
2024-06-17,9,PRO_UNIT6,6.05,54.45,True,254.1
2024-06-17,9,PRO_UNIT7,6.05,54.45,True,254.1
2024-06-17,9,PRO_UNIT8,59.89419843661726,0.6058015633827409,True,2515.5563
2024-06-17,9,BAC_CTG1,65.0,0.0,True,2730.0
2024-06-17,9,BAC_CTG2,65.0,0.0,True,2730.0
2024-06-17,9,BAC_CTG3,65.0,0.0,True,2730.0
2024-06-17,9,BAC_CTG4,65.0,0.0,True,2730.0
2024-06-17,9,BAC_CTG5,65.0,0.0,True,2730.0
2024-06-17,9,BAC_CTG6,65.0,0.0,True,2730.0
2024-06-17,9,STEAM1A_STEAM_1,0.0,0.0,False,0.0
2024-06-17,9,STEAM_STEAM_2,0.0,0.0,False,0.0
2024-06-17,9,STEAM_STEAM_3,0.0,0.0,False,0.0
2024-06-17,9,QALSW_GT1,0.0,0.0,False,0.0
2024-06-17,9,QALSW_GT2,0.0,0.0,False,0.0
2024-06-17,9,QALSW_GT3,0.0,0.0,False,0.0
2024-06-17,9,QALSW_GT4,0.0,0.0,False,0.0
2024-06-17,9,QALSW_STG1,0.0,0.0,False,0.0
2024-06-17,9,QALSW_STG2,0.0,0.0,False,0.0
2024-06-17,9,MIL_MILLERG4,0.0,0.0,False,0.0
2024-06-17,9,MIL_MILLERG5,0.0,0.0,False,0.0
2024-06-17,9,MIL_MILLERG1,0.0,0.0,False,0.0
2024-06-17,9,MIL_MILLERG2,0.0,0.0,False,0.0
2024-06-17,9,MIL_MILLERG3,0.0,0.0,False,0.0
2024-06-17,9,OLINGR_OLING_4,0.0,0.0,False,0.0
2024-06-17,9,OLINGR_OLING_2,0.0,0.0,False,0.0
2024-06-17,9,OLINGR_OLING_3,0.0,0.0,False,0.0
2024-06-17,9,RAB_UNIT1,0.0,0.0,False,0.0
2024-06-17,9,RAB_UNIT2,0.0,0.0,False,0.0
2024-06-17,9,RAB_UNIT3,0.0,0.0,False,0.0
2024-06-17,9,RAB_UNIT4,0.0,0.0,False,0.0
2024-06-17,9,RAB_UNIT5,0.0,0.0,False,0.0
2024-06-17,9,RAB_UNIT6,0.0,0.0,False,0.0
2024-06-17,9,RAB_UNIT7,0.0,0.0,False,0.0
2024-06-17,9,RAB_UNIT8,0.0,0.0,False,0.0
2024-06-17,9,REDGATE_AGR_A,0.0,0.0,False,0.0
2024-06-17,9,REDGATE_AGR_B,0.0,0.0,False,0.0
2024-06-17,9,REDGATE_AGR_C,0.0,0.0,False,0.0
2024-06-17,9,REDGATE_AGR_D,0.0,0.0,False,0.0
2024-06-17,9,JAD_UNIT1,60.5,0.0,True,2541.0
2024-06-17,9,JAD_UNIT2,60.5,0.0,True,2541.0
2024-06-17,9,JAD_UNIT3,60.5,0.0,True,2541.0
2024-06-17,9,JAD_UNIT4,60.5,0.0,True,2541.0
2024-06-17,9,JAD_UNIT5,60.5,0.0,True,2541.0
2024-06-17,9,JAD_UNIT6,6.05,54.45,True,254.1
2024-06-17,9,JAD_UNIT7,6.05,54.45,True,254.1
2024-06-17,9,JAD_UNIT8,6.05,54.45,True,254.1
2024-06-17,9,RIONOG_CT1,0.0,0.0,False,0.0
2024-06-17,9,RIONOG_CT2,0.0,0.0,False,0.0
2024-06-17,9,RIONOG_CT3,0.0,0.0,False,0.0
2024-06-17,9,RIONOG_ST1,0.0,0.0,False,0.0
2024-06-17,9,RAYBURN_RAYBURG7,18.15,42.35,True,508.2
2024-06-17,9,RAYBURN_RAYBURG8,18.15,42.35,True,508.2
2024-06-17,9,RAYBURN_RAYBURG9,18.15,42.35,True,508.2
2024-06-17,9,RAYBURN_RAYBURG10,12.6,29.4,True,352.8
2024-06-17,9,SJS_SJS_G1,88.19999999999999,1.4210854715202004e-14,True,3704.4
2024-06-17,9,SJS_SJS_G2,88.19999999999999,1.4210854715202004e-14,True,3704.4
2024-06-17,9,SANDHSYD_SH1,0.0,0.0,False,0.0
2024-06-17,9,SANDHSYD_SH2,0.0,0.0,False,0.0
2024-06-17,9,SANDHSYD_SH3,0.0,0.0,False,0.0
2024-06-17,9,SANDHSYD_SH4,0.0,0.0,False,0.0
2024-06-17,9,SANDHSYD_SH_5A,59.67,0.0,True,1670.76
2024-06-17,9,SANDHSYD_SH6,0.0,0.0,False,0.0
2024-06-17,9,SANDHSYD_SH7,0.0,0.0,False,0.0
2024-06-17,9,SANDHSYD_SH_5C,57.3,0.0,True,1604.4
2024-06-17,9,SILASRAY_SILAS_10,0.0,0.0,False,0.0
2024-06-17,9,SILASRAY_SILAS_9,0.0,0.0,False,0.0
2024-06-17,9,SILASRAY_SILAS_6,0.0,0.0,False,0.0
2024-06-17,9,GIDEON_GIDEONG1,0.0,0.0,False,0.0
2024-06-17,9,GIDEON_GIDEONG2,0.0,0.0,False,0.0
2024-06-17,9,GIDEON_GIDEONG3,0.0,0.0,False,0.0
2024-06-17,9,SKY1_SKY1A,0.0,0.0,False,0.0
2024-06-17,9,SKY1_SKY1B,0.0,0.0,False,0.0
2024-06-17,9,SPNCER_SPNCE_4,0.0,0.0,False,0.0
2024-06-17,9,SPNCER_SPNCE_5,0.0,0.0,False,0.0
2024-06-17,9,SCSES_UNIT1A,0.0,0.0,False,0.0
2024-06-17,9,SCSES_UNIT2,0.0,0.0,False,0.0
2024-06-17,9,THW_THWGT_1,1.63,0.0,True,68.46
2024-06-17,9,THW_THWGT31,51.3,0.0,True,1436.4
2024-06-17,9,THW_THWGT32,51.3,0.0,True,1436.4
2024-06-17,9,THW_THWGT33,51.3,0.0,True,1436.4
2024-06-17,9,THW_THWGT34,51.3,0.0,True,1436.4
2024-06-17,9,THW_THWGT41,51.3,0.0,True,1436.4
2024-06-17,9,THW_THWGT42,51.3,0.0,True,1436.4
2024-06-17,9,THW_THWGT43,62.0,0.0,True,1736.0
2024-06-17,9,THW_THWGT44,62.0,0.0,True,1736.0
2024-06-17,9,THW_THWGT51,8.5,0.0,True,357.0
2024-06-17,9,THW_THWGT52,8.5,0.0,True,357.0
2024-06-17,9,THW_THWGT53,8.5,0.0,True,357.0
2024-06-17,9,THW_THWGT54,8.5,0.0,True,357.0
2024-06-17,9,THW_THWGT55,8.5,0.0,True,357.0
2024-06-17,9,THW_THWGT56,8.5,0.0,True,357.0
2024-06-17,9,THW_THWST_3,113.10000000000304,-3.0411229090532288e-12,True,3166.8
2024-06-17,9,THW_THWST_4,113.1,0.0,True,3166.8
2024-06-17,9,TXCTY_CTA,129.1,0.0,True,3614.8
2024-06-17,9,TXCTY_CTB,129.1,0.0,True,3614.8
2024-06-17,9,TXCTY_CTC,129.1,0.0,True,3614.8
2024-06-17,9,TXCTY_ST,143.7,0.0,True,4023.6
2024-06-17,9,TGS_GT01,0.0,0.0,False,0.0
2024-06-17,9,TIMPP_AGR1,0.0,0.0,False,0.0
2024-06-17,9,TIMPP_AGR2,0.0,0.0,False,0.0
2024-06-17,9,TIMPP_AGR3,0.0,0.0,False,0.0
2024-06-17,9,TIMPP_AGR4,0.0,0.0,False,0.0
2024-06-17,9,TRSES_UNIT6,0.0,0.0,False,0.0
2024-06-17,9,TOPAZ_UNIT1,60.5,0.0,True,2541.0
2024-06-17,9,TOPAZ_UNIT2,60.5,0.0,True,2541.0
2024-06-17,9,TOPAZ_UNIT3,60.5,0.0,True,2541.0
2024-06-17,9,TOPAZ_UNIT4,60.5,0.0,True,2541.0
2024-06-17,9,TOPAZ_UNIT5,60.5,0.0,True,2541.0
2024-06-17,9,TOPAZ_UNIT6,60.5,0.0,True,2541.0
2024-06-17,9,TOPAZ_UNIT7,60.5,0.0,True,2541.0
2024-06-17,9,TOPAZ_UNIT8,60.5,0.0,True,2541.0
2024-06-17,9,TOPAZ_UNIT9,60.5,0.0,True,2541.0
2024-06-17,9,TOPAZ_UNIT10,60.5,0.0,True,2541.0
2024-06-17,9,BRAUNIG_VHB6CT5,0.0,0.0,False,0.0
2024-06-17,9,BRAUNIG_VHB6CT6,0.0,0.0,False,0.0
2024-06-17,9,BRAUNIG_VHB6CT7,0.0,0.0,False,0.0
2024-06-17,9,BRAUNIG_VHB6CT8,0.0,0.0,False,0.0
2024-06-17,9,CITYVICT_CTG01,0.0,0.0,False,0.0
2024-06-17,9,CITYVICT_CTG02,0.0,0.0,False,0.0
2024-06-17,9,VICTPORT_CTG01,0.0,0.0,False,0.0
2024-06-17,9,VICTPORT_CTG02,0.0,0.0,False,0.0
2024-06-17,9,VICTORIA_VICTORG6,0.0,0.0,False,0.0
2024-06-17,9,VICTORIA_VICTORG5,0.0,0.0,False,0.0
2024-06-17,9,WAP_WAPGT_1,0.0,0.0,False,0.0
2024-06-17,9,WAP_WAP_G1,0.0,0.0,False,0.0
2024-06-17,9,WAP_WAP_G2,0.0,0.0,False,0.0
2024-06-17,9,WAP_WAP_G3,0.0,0.0,False,0.0
2024-06-17,9,WAP_WAP_G4,0.0,0.0,False,0.0
2024-06-17,9,WFCOGEN_UNIT1,0.0,0.0,False,0.0
2024-06-17,9,WFCOGEN_UNIT2,0.0,0.0,False,0.0
2024-06-17,9,WFCOGEN_UNIT3,0.0,0.0,False,0.0
2024-06-17,9,WIPOPA_WPP_G1,0.0,0.0,False,0.0
2024-06-17,9,WIPOPA_WPP_G2,0.0,0.0,False,0.0
2024-06-17,9,WIPOPA_WPP_G3,0.0,0.0,False,0.0
2024-06-17,9,WIPOPA_WPP_G4,0.0,0.0,False,0.0
2024-06-17,9,WCPP_CT1,0.0,0.0,False,0.0
2024-06-17,9,WCPP_CT2,82.5,0.0,True,2310.0
2024-06-17,9,WCPP_ST1,89.4,0.0,True,2503.2
2024-06-17,9,WHCCS_CT1,0.0,0.0,False,0.0
2024-06-17,9,WHCCS_CT2,0.0,0.0,False,0.0
2024-06-17,9,WHCCS_STG,0.0,0.0,False,0.0
2024-06-17,9,WHCCS2_CT4,0.0,0.0,False,0.0
2024-06-17,9,WHCCS2_CT5,0.0,0.0,False,0.0
2024-06-17,9,WHCCS2_STG6,0.0,0.0,False,0.0
2024-06-17,9,NACPW_UNIT1,0.0,0.0,False,0.0
2024-06-17,9,HBR_2UNITS,0.0,0.0,False,0.0
2024-06-17,9,TRIRA_1UNIT,0.0,0.0,False,0.0
2024-06-17,9,78252_4UNITS,0.0,0.0,False,0.0
2024-06-17,9,SPRIN_4UNITS,0.0,0.0,False,0.0
2024-06-17,9,FREIH_2UNITS,0.0,0.0,False,0.0
2024-06-17,9,WSTHL_3UNITS,0.0,0.0,False,0.0
2024-06-17,9,FEGC_CTG2,0.0,0.0,False,0.0
2024-06-17,9,FEGC_CTG3,0.0,0.0,False,0.0
2024-06-17,9,FEGC_CTG4,0.0,0.0,False,0.0
2024-06-17,9,OLNEYTN_AGR1,0.0,0.0,False,0.0
2024-06-17,9,AMISTAD_AMISTAG1,0.0,0.0,False,0.0
2024-06-17,9,AMISTAD_AMISTAG2,0.0,0.0,False,0.0
2024-06-17,9,AUSTPL_AUSTING1,9.0,0.0,True,9.0
2024-06-17,9,AUSTPL_AUSTING2,9.0,0.0,True,9.0
2024-06-17,9,BUCHAN_BUCHANG1,18.299999999999997,3.552713678800501e-15,True,18.3
2024-06-17,9,BUCHAN_BUCHANG2,7.747135429832001,10.552864570168001,True,7.7471
2024-06-17,9,BUCHAN_BUCHANG3,18.299999999999997,3.552713678800501e-15,True,18.3
2024-06-17,9,DNDAM_DENISOG1,50.8,0.0,True,50.8
2024-06-17,9,DNDAM_DENISOG2,50.8,0.0,True,50.8
2024-06-17,9,FALCON_FALCONG1,12.0,0.0,True,12.0
2024-06-17,9,FALCON_FALCONG2,12.0,0.0,True,12.0
2024-06-17,9,FALCON_FALCONG3,12.0,0.0,True,12.0
2024-06-17,9,WIRTZ_WIRTZ_G1,29.0,0.0,True,29.0
2024-06-17,9,WIRTZ_WIRTZ_G2,29.0,0.0,True,29.0
2024-06-17,9,CANYHY_CANYHYG1,6.0,0.0,True,6.0
2024-06-17,9,INKSDA_INKS_G1,1.5,13.5,True,1.5
2024-06-17,9,MARBFA_MARBFAG1,21.0,0.0,True,21.0
2024-06-17,9,MARBFA_MARBFAG2,20.0,0.0,True,20.0
2024-06-17,9,MARSFO_MARSFOG1,3.6,32.4,True,3.6
2024-06-17,9,MARSFO_MARSFOG2,3.6,32.4,True,3.6
2024-06-17,9,MARSFO_MARSFOG3,3.6,32.4,True,3.6
2024-06-17,9,WND_WHITNEY1,22.0,0.0,True,22.0
2024-06-17,9,WND_WHITNEY2,22.0,0.0,True,22.0
2024-06-17,9,AEEC_ANTLP_1,0.0,0.0,False,0.0
2024-06-17,9,AEEC_ANTLP_2,0.0,0.0,False,0.0
2024-06-17,9,AEEC_ANTLP_3,0.0,0.0,False,0.0
2024-06-17,9,AEEC_ELK_1,0.0,0.0,False,0.0
2024-06-17,9,AEEC_ELK_2,0.0,0.0,False,0.0
2024-06-17,9,AEEC_ELK_3,0.0,0.0,False,0.0
2024-06-17,9,FTR_FTR_G1,185.0,0.0,True,5180.0
2024-06-17,9,FTR_FTR_G2,185.0,0.0,True,5180.0
2024-06-17,9,FTR_FTR_G3,185.0,0.0,True,5180.0
2024-06-17,9,FTR_FTR_G4,400.0,0.0,True,11200.0
2024-06-17,9,TGCCS_CT1,0.0,0.0,False,0.0
2024-06-17,9,TGCCS_CT2,0.0,0.0,False,0.0
2024-06-17,9,TGCCS_CT3,0.0,0.0,False,0.0
2024-06-17,9,TGCCS_UNIT4,0.0,0.0,False,0.0
2024-06-17,9,KMCHI_1CT101,55.5,129.5,True,1554.0
2024-06-17,9,KMCHI_1CT201,55.5,129.5,True,1554.0
2024-06-17,9,KMCHI_1ST,0.0,0.0,False,0.0
2024-06-17,9,KMCHI_2CT101,55.5,129.5,True,1554.0
2024-06-17,9,KMCHI_2CT201,55.5,129.5,True,1554.0
2024-06-17,9,KMCHI_2ST,99.0,231.0,True,2772.0
2024-06-17,9,A4_DGR1,0.0,0.0,False,0.0
2024-06-17,9,A4_DGR2,0.0,0.0,False,0.0
2024-06-17,9,K2_DGR1,0.0,0.0,False,0.0
2024-06-17,9,K2_DGR2,0.0,0.0,False,0.0
2024-06-17,9,P2_DGR1,0.0,0.0,False,0.0
2024-06-17,9,P2_DGR2,0.0,0.0,False,0.0
2024-06-17,9,Q1_DGR1,0.0,0.0,False,0.0
2024-06-17,9,BRAUNIG_VHB3,0.0,0.0,False,0.0
2024-06-17,9,V2_DGR1,0.0,0.0,False,0.0
2024-06-17,9,V2_DGR2,0.0,0.0,False,0.0
2024-06-17,9,V2_DGR3,0.0,0.0,False,0.0
2024-06-17,9,V4_DGR1,0.0,0.0,False,0.0
2024-06-17,9,X1_DGR1,0.0,0.0,False,0.0
2024-06-17,9,Z0_DGR1,0.0,0.0,False,0.0
2024-06-17,9,Z0_DGR2,0.0,0.0,False,0.0
2024-06-17,9,Z5_DGR1,0.0,0.0,False,0.0
2024-06-17,9,DC_E,0.0,0.0,False,0.0
2024-06-17,9,DC_N,0.0,0.0,False,0.0
2024-06-17,9,DC_L,0.0,0.0,False,0.0
2024-06-17,9,DC_R,0.0,0.0,False,0.0
2024-06-17,9,CEDARVALE_GAS,0.0,0.0,False,0.0
2024-06-17,9,ENCHANTED_ROCK_NEWPP,30.0,0.0,True,1350.0
2024-06-17,10,CPSES_UNIT1,1269.0,0.0,True,10152.0
2024-06-17,10,CPSES_UNIT2,1269.0,0.0,True,10152.0
2024-06-17,10,STP_STP_G1,1228.5,136.5,True,9828.0
2024-06-17,10,STP_STP_G2,1228.5,136.5,True,9828.0
2024-06-17,10,COLETO_COLETOG1,0.0,0.0,False,0.0
2024-06-17,10,FPPYD1_FPP_G1,246.0,0.0,True,6150.0
2024-06-17,10,FPPYD1_FPP_G2,246.0,0.0,True,6150.0
2024-06-17,10,FPPYD2_FPP_G3,184.0,0.0,True,4600.0
2024-06-17,10,CALAVERS_JKS1,224.0,0.0,True,5600.0
2024-06-17,10,CALAVERS_JKS2,368.8,0.0,True,9220.0
2024-06-17,10,LEG_LEG_G1,893.0,0.0,True,22325.0
2024-06-17,10,LEG_LEG_G2,956.8,0.0,True,23920.0
2024-06-17,10,MLSES_UNIT1,598.7609211865297,294.2390788134703,True,14969.023
2024-06-17,10,MLSES_UNIT2,357.2,535.8,True,8930.0
2024-06-17,10,MLSES_UNIT3,357.2,535.8,True,8930.0
2024-06-17,10,OGSES_UNIT1A,916.8,0.0,True,22920.0
2024-06-17,10,OGSES_UNIT2,916.8,0.0,True,22920.0
2024-06-17,10,SANMIGL_G1,0.0,0.0,False,0.0
2024-06-17,10,SCES_UNIT1,1007.9559000000006,0.04409999999938918,True,25198.8975
2024-06-17,10,TNP_ONE_TNP_O_1,174.6,0.0,True,4365.0
2024-06-17,10,TNP_ONE_TNP_O_2,174.6,0.0,True,4365.0
2024-06-17,10,WAP_WAP_G5,0.0,0.0,False,0.0
2024-06-17,10,WAP_WAP_G6,0.0,0.0,False,0.0
2024-06-17,10,WAP_WAP_G7,0.0,0.0,False,0.0
2024-06-17,10,WAP_WAP_G8,0.0,0.0,False,0.0
2024-06-17,10,BRAUNIG_AVR1_CT1,0.0,0.0,False,0.0
2024-06-17,10,BRAUNIG_AVR1_CT2,0.0,0.0,False,0.0
2024-06-17,10,BRAUNIG_AVR1_ST,66.6,0.0,True,1864.8
2024-06-17,10,ATKINS_ATKINSG7,21.0,0.0,True,882.0
2024-06-17,10,B_DAVIS_B_DAVIG3,0.0,0.0,False,0.0
2024-06-17,10,B_DAVIS_B_DAVIG4,0.0,0.0,False,0.0
2024-06-17,10,B_DAVIS_B_DAVIG1,0.0,0.0,False,0.0
2024-06-17,10,B_DAVIS_B_DAVIG2,0.0,0.0,False,0.0
2024-06-17,10,BASTEN_GTG1100,0.0,0.0,False,0.0
2024-06-17,10,BASTEN_GTG2100,0.0,0.0,False,0.0
2024-06-17,10,BASTEN_ST0100,72.6,0.0,True,2032.8
2024-06-17,10,BCH_UNIT1,60.5,0.0,True,2541.0
2024-06-17,10,BCH_UNIT2,60.5,0.0,True,2541.0
2024-06-17,10,BCH_UNIT3,60.5,0.0,True,2541.0
2024-06-17,10,BCH_UNIT4,60.5,0.0,True,2541.0
2024-06-17,10,BCH_UNIT5,60.5,0.0,True,2541.0
2024-06-17,10,BCH_UNIT6,60.5,0.0,True,2541.0
2024-06-17,10,BCH_UNIT7,60.5,0.0,True,2541.0
2024-06-17,10,BCH_UNIT8,60.5,0.0,True,2541.0
2024-06-17,10,BOSQUESW_BSQSU_1,0.0,0.0,False,0.0
2024-06-17,10,BOSQUESW_BSQSU_2,0.0,0.0,False,0.0
2024-06-17,10,BOSQUESW_BSQSU_3,0.0,0.0,False,0.0
2024-06-17,10,BOSQUESW_BSQSU_4,0.0,0.0,False,0.0
2024-06-17,10,BOSQUESW_BSQSU_5,0.0,0.0,False,0.0
2024-06-17,10,BVE_UNIT1,59.67,0.0,True,1670.76
2024-06-17,10,BVE_UNIT2,59.67,0.0,True,1670.76
2024-06-17,10,BVE_UNIT3,82.68,0.0,True,2315.04
2024-06-17,10,BTM_UNIT1,6.05,0.0,True,254.1
2024-06-17,10,BTM_UNIT2,60.5,0.0,True,2541.0
2024-06-17,10,BTM_UNIT3,6.05,0.0,True,254.1
2024-06-17,10,BTM_UNIT4,59.234960800402504,1.2650391995974957,True,2487.8684
2024-06-17,10,BTM_UNIT5,60.5,0.0,True,2541.0
2024-06-17,10,BTM_UNIT6,6.05,54.45,True,254.1
2024-06-17,10,BTM_UNIT7,6.05,0.0,True,254.1
2024-06-17,10,BTM_UNIT8,6.05,54.45,True,254.1
2024-06-17,10,FLCNS_UNIT1,0.0,0.0,False,0.0
2024-06-17,10,FLCNS_UNIT2,0.0,0.0,False,0.0
2024-06-17,10,CALHOUN_UNIT1,0.0,0.0,False,0.0
2024-06-17,10,CALHOUN_UNIT2,0.0,0.0,False,0.0
2024-06-17,10,CHAMON_CTG_0101,60.5,0.0,True,2541.0
2024-06-17,10,CHAMON_CTG_0301,60.5,0.0,True,2541.0
2024-06-17,10,CBY4_CT41,205.0,0.0,True,5740.0
2024-06-17,10,CBY4_CT42,205.0,0.0,True,5740.0
2024-06-17,10,CBY4_ST04,205.0,0.0,True,5740.0
2024-06-17,10,CBY_CBY_G1,765.0,0.0,True,26775.0
2024-06-17,10,CBY_CBY_G2,765.0,0.0,True,26775.0
2024-06-17,10,CBEC_GT1,0.0,0.0,False,0.0
2024-06-17,10,CBEC_GT2,0.0,0.0,False,0.0
2024-06-17,10,CBEC_GT3,0.0,0.0,False,0.0
2024-06-17,10,CBEC_GT4,0.0,0.0,False,0.0
2024-06-17,10,CBEC_STG1,0.0,0.0,False,0.0
2024-06-17,10,CBEC_STG2,0.0,0.0,False,0.0
2024-06-17,10,CBECII_CT7,0.0,0.0,False,0.0
2024-06-17,10,CBECII_CT8,0.0,0.0,False,0.0
2024-06-17,10,CBECII_STG9,0.0,0.0,False,0.0
2024-06-17,10,CBEC_GT11,0.0,0.0,False,0.0
2024-06-17,10,CBEC_GT12,0.0,0.0,False,0.0
2024-06-17,10,CVC_CVC_G1,192.1,0.0,True,5378.8
2024-06-17,10,CVC_CVC_G2,192.1,0.0,True,5378.8
2024-06-17,10,CVC_CVC_G3,192.1,0.0,True,5378.8
2024-06-17,10,CVC_CVC_G5,150.0,0.0,True,4200.0
2024-06-17,10,DANSBY_DANSBYG2,48.0,0.0,True,2016.0
2024-06-17,10,DANSBY_DANSBYG3,50.0,0.0,True,2100.0
2024-06-17,10,DANSBY_DANSBYG1,120.0,0.0,True,4200.0
2024-06-17,10,DECKER_DPGT_1,0.0,0.0,False,0.0
2024-06-17,10,DECKER_DPGT_2,0.0,0.0,False,0.0
2024-06-17,10,DECKER_DPGT_3,0.0,0.0,False,0.0
2024-06-17,10,DECKER_DPGT_4,0.0,0.0,False,0.0
2024-06-17,10,DCSES_CT10,0.0,0.0,False,0.0
2024-06-17,10,DCSES_CT20,0.0,0.0,False,0.0
2024-06-17,10,DCSES_CT30,0.0,0.0,False,0.0
2024-06-17,10,DCSES_CT40,0.0,0.0,False,0.0
2024-06-17,10,DDPEC_GT1,60.9,142.1,True,1705.2
2024-06-17,10,DDPEC_GT2,64.5,150.5,True,1806.0
2024-06-17,10,DDPEC_GT3,60.9,142.1,True,1705.2
2024-06-17,10,DDPEC_GT4,215.0,0.0,True,6020.0
2024-06-17,10,DDPEC_GT6,59.7,139.3,True,1671.6
2024-06-17,10,DDPEC_ST1,267.8920044038732,22.107995596126784,True,7500.9761
2024-06-17,10,DEC_AGR_A,0.0,0.0,False,0.0
2024-06-17,10,DEC_AGR_B,0.0,0.0,False,0.0
2024-06-17,10,DEC_AGR_C,0.0,0.0,False,0.0
2024-06-17,10,DEC_AGR_D,0.0,0.0,False,0.0
2024-06-17,10,ECEC_G1,0.0,0.0,False,0.0
2024-06-17,10,ECEC_G2,0.0,0.0,False,0.0
2024-06-17,10,ETCCS_CT1,260.0,0.0,True,7280.0
2024-06-17,10,ETCCS_UNIT1,140.0,0.0,True,3920.0
2024-06-17,10,AZ_AZ_G1,40.0,0.0,True,1680.0
2024-06-17,10,AZ_AZ_G2,40.0,0.0,True,1680.0
2024-06-17,10,AZ_AZ_G3,40.0,0.0,True,1680.0
2024-06-17,10,AZ_AZ_G4,40.0,0.0,True,1680.0
2024-06-17,10,FERGCC_FERGGT1,0.0,0.0,False,0.0
2024-06-17,10,FERGCC_FERGGT2,0.0,0.0,False,0.0
2024-06-17,10,FERGCC_FERGST1,0.0,0.0,False,0.0
2024-06-17,10,FRNYPP_GT11,59.01,137.69,True,1652.28
2024-06-17,10,FRNYPP_GT12,59.01,137.69,True,1652.28
2024-06-17,10,FRNYPP_GT13,59.01,137.69,True,1652.28
2024-06-17,10,FRNYPP_GT21,109.3706690963341,87.32933090366589,True,3062.3787
2024-06-17,10,FRNYPP_GT22,59.01,137.69,True,1652.28
2024-06-17,10,FRNYPP_GT23,59.01,137.69,True,1652.28
2024-06-17,10,FRNYPP_ST10,0.0,0.0,False,0.0
2024-06-17,10,FRNYPP_ST20,0.0,0.0,False,0.0
2024-06-17,10,FREC_GT1,179.4,0.0,True,5023.2
2024-06-17,10,FREC_GT2,179.4,0.0,True,5023.2
2024-06-17,10,FREC_GT4,179.39999999999998,2.842170943040401e-14,True,5023.2
2024-06-17,10,FREC_GT5,179.4,0.0,True,5023.2
2024-06-17,10,FREC_ST3,190.7,0.0,True,5339.6
2024-06-17,10,FREC_ST6,190.7,0.0,True,5339.6
2024-06-17,10,FEGC_UNIT1,0.0,0.0,False,0.0
2024-06-17,10,FRONT_EC_CT1,0.0,0.0,False,0.0
2024-06-17,10,FRONT_EC_CT2,0.0,0.0,False,0.0
2024-06-17,10,FRONT_EC_ST,0.0,0.0,False,0.0
2024-06-17,10,GRSES_UNIT1,0.0,0.0,False,0.0
2024-06-17,10,GRSES_UNIT2,0.0,0.0,False,0.0
2024-06-17,10,GBY_GBYGT73,72.0,0.0,True,3024.0
2024-06-17,10,GBY_GBYGT74,72.0,0.0,True,3024.0
2024-06-17,10,GBY_GBYGT81,72.0,0.0,True,3024.0
2024-06-17,10,GBY_GBYGT82,72.0,0.0,True,3024.0
2024-06-17,10,GBY_GBYGT83,72.0,0.0,True,3024.0
2024-06-17,10,GBY_GBYGT84,72.0,0.0,True,3024.0
2024-06-17,10,STEAM_ENGINE_1,0.0,0.0,False,0.0
2024-06-17,10,STEAM_ENGINE_2,0.0,0.0,False,0.0
2024-06-17,10,STEAM_ENGINE_3,0.0,0.0,False,0.0
2024-06-17,10,LGE_LGE_GT1,0.0,0.0,False,0.0
2024-06-17,10,LGE_LGE_GT2,0.0,0.0,False,0.0
2024-06-17,10,LGE_LGE_STG,0.0,0.0,False,0.0
2024-06-17,10,GUADG_GAS1,0.0,0.0,False,0.0
2024-06-17,10,GUADG_GAS2,0.0,0.0,False,0.0
2024-06-17,10,GUADG_GAS3,0.0,0.0,False,0.0
2024-06-17,10,GUADG_GAS4,0.0,0.0,False,0.0
2024-06-17,10,GUADG_STM5,0.0,0.0,False,0.0
2024-06-17,10,GUADG_STM6,0.0,0.0,False,0.0
2024-06-17,10,HLSES_UNIT3,0.0,0.0,False,0.0
2024-06-17,10,HLSES_UNIT4,0.0,0.0,False,0.0
2024-06-17,10,HLSES_UNIT5,0.0,0.0,False,0.0
2024-06-17,10,HAYSEN_HAYSENG1,0.0,0.0,False,0.0
2024-06-17,10,HAYSEN_HAYSENG2,0.0,0.0,False,0.0
2024-06-17,10,HAYSEN_HAYSENG3,0.0,0.0,False,0.0
2024-06-17,10,HAYSEN_HAYSENG4,0.0,0.0,False,0.0
2024-06-17,10,DUKE_DUKE_GT1,0.0,0.0,False,0.0
2024-06-17,10,DUKE_DUKE_GT2,0.0,0.0,False,0.0
2024-06-17,10,DUKE_DUKE_ST1,0.0,0.0,False,0.0
2024-06-17,10,JACKCNTY_CT1,0.0,0.0,False,0.0
2024-06-17,10,JACKCNTY_CT2,0.0,0.0,False,0.0
2024-06-17,10,JCKCNTY2_CT3,0.0,0.0,False,0.0
2024-06-17,10,JCKCNTY2_CT4,0.0,0.0,False,0.0
2024-06-17,10,JACKCNTY_STG,0.0,0.0,False,0.0
2024-06-17,10,JCKCNTY2_ST2,0.0,0.0,False,0.0
2024-06-17,10,TEN_CT1,185.0,0.0,True,5180.0
2024-06-17,10,TEN_STG,83.42608827472415,23.57391172527585,True,2335.9305
2024-06-17,10,LHSES_UNIT1,0.0,0.0,False,0.0
2024-06-17,10,LHSES_UNIT2A,0.0,0.0,False,0.0
2024-06-17,10,LPCCS_CT11,0.0,0.0,False,0.0
2024-06-17,10,LPCCS_CT12,0.0,0.0,False,0.0
2024-06-17,10,LPCCS_CT21,0.0,0.0,False,0.0
2024-06-17,10,LPCCS_CT22,0.0,0.0,False,0.0
2024-06-17,10,LPCCS_UNIT1,0.0,0.0,False,0.0
2024-06-17,10,LPCCS_UNIT2,0.0,0.0,False,0.0
2024-06-17,10,LARDVFTN_G4,0.0,0.0,False,0.0
2024-06-17,10,LARDVFTN_G5,0.0,0.0,False,0.0
2024-06-17,10,LEON_CRK_LCPCT1,0.0,0.0,False,0.0
2024-06-17,10,LEON_CRK_LCPCT2,0.0,0.0,False,0.0
2024-06-17,10,LEON_CRK_LCPCT3,0.0,0.0,False,0.0
2024-06-17,10,LEON_CRK_LCPCT4,0.0,0.0,False,0.0
2024-06-17,10,LIG_UNIT1,60.5,0.0,True,2541.0
2024-06-17,10,LIG_UNIT2,60.5,0.0,True,2541.0
2024-06-17,10,LOSTPI_LOSTPGT1,60.75,0.0,True,1701.0
2024-06-17,10,LOSTPI_LOSTPGT2,60.75,0.0,True,1701.0
2024-06-17,10,LOSTPI_LOSTPST1,61.2,0.0,True,1713.6
2024-06-17,10,NEDIN_NEDIN_G1,0.0,0.0,False,0.0
2024-06-17,10,NEDIN_NEDIN_G2,0.0,0.0,False,0.0
2024-06-17,10,NEDIN_NEDIN_G3,0.0,0.0,False,0.0
2024-06-17,10,MDANP_CT1,258.0,0.0,True,7224.0
2024-06-17,10,MDANP_CT2,256.0,0.0,True,7168.0
2024-06-17,10,MDANP_CT3,255.0,0.0,True,7140.0
2024-06-17,10,MDANP_CT4,258.0,0.0,True,7224.0
2024-06-17,10,MDANP_CT5,276.0,0.0,True,7728.0
2024-06-17,10,MDANP_CT6,278.0,0.0,True,7784.0
2024-06-17,10,MGSES_CT1,0.0,0.0,False,0.0
2024-06-17,10,MGSES_CT2,0.0,0.0,False,0.0
2024-06-17,10,MGSES_CT3,0.0,0.0,False,0.0
2024-06-17,10,MGSES_CT4,0.0,0.0,False,0.0
2024-06-17,10,MGSES_CT5,0.0,0.0,False,0.0
2024-06-17,10,MGSES_CT6,0.0,0.0,False,0.0
2024-06-17,10,MCSES_UNIT6,36.6,0.0,True,1281.0
2024-06-17,10,MCSES_UNIT7,0.0,0.0,False,0.0
2024-06-17,10,MCSES_UNIT8,170.4,0.0,True,5964.0
2024-06-17,10,NUECES_B_NUECESG8,0.0,0.0,False,0.0
2024-06-17,10,NUECES_B_NUECESG9,0.0,0.0,False,0.0
2024-06-17,10,NUECES_B_NUECESG7,0.0,0.0,False,0.0
2024-06-17,10,CALAVERS_OWS1,0.0,0.0,False,0.0
2024-06-17,10,CALAVERS_OWS2,0.0,0.0,False,0.0
2024-06-17,10,OECCS_CT11,0.0,0.0,False,0.0
2024-06-17,10,OECCS_CT12,0.0,0.0,False,0.0
2024-06-17,10,OECCS_CT21,0.0,0.0,False,0.0
2024-06-17,10,OECCS_CT22,0.0,0.0,False,0.0
2024-06-17,10,OECCS_UNIT1,0.0,0.0,False,0.0
2024-06-17,10,OECCS_UNIT2,0.0,0.0,False,0.0
2024-06-17,10,VICTPRT2_UNIT1,0.0,0.0,False,0.0
2024-06-17,10,VICTPRT2_UNIT2,0.0,0.0,False,0.0
2024-06-17,10,PANDA_S_SHER1CT1,0.0,0.0,False,0.0
2024-06-17,10,PANDA_S_SHER1CT2,69.6,162.4,True,1948.8
2024-06-17,10,PANDA_S_SHER1ST1,105.93,247.17000000000002,True,2966.04
2024-06-17,10,PANDA_T1_TMPL1CT1,0.0,0.0,False,0.0
2024-06-17,10,PANDA_T1_TMPL1CT2,0.0,0.0,False,0.0
2024-06-17,10,PANDA_T1_TMPL1ST1,0.0,0.0,False,0.0
2024-06-17,10,PANDA_T2_TMPL2CT1,0.0,0.0,False,0.0
2024-06-17,10,PANDA_T2_TMPL2CT2,0.0,0.0,False,0.0
2024-06-17,10,PANDA_T2_TMPL2ST1,0.0,0.0,False,0.0
2024-06-17,10,TNSKA_GT1,0.0,0.0,False,0.0
2024-06-17,10,TNSKA_GT2,0.0,0.0,False,0.0
2024-06-17,10,TNSKA_STG,0.0,0.0,False,0.0
2024-06-17,10,PSG_PSG_GT2,215.1,0.0,True,6022.8
2024-06-17,10,PSG_PSG_GT3,215.1,0.0,True,6022.8
2024-06-17,10,PSG_PSG_ST2,195.5,0.0,True,5474.0
2024-06-17,10,PEARSAL2_AGR_A,0.0,0.0,False,0.0
2024-06-17,10,PEARSAL2_AGR_B,0.0,0.0,False,0.0
2024-06-17,10,PEARSAL2_AGR_C,0.0,0.0,False,0.0
2024-06-17,10,PEARSAL2_AGR_D,0.0,0.0,False,0.0
2024-06-17,10,PB2SES_CT1,0.0,0.0,False,0.0
2024-06-17,10,PB2SES_CT2,0.0,0.0,False,0.0
2024-06-17,10,PB2SES_CT3,0.0,0.0,False,0.0
2024-06-17,10,PB2SES_CT4,0.0,0.0,False,0.0
2024-06-17,10,PB2SES_CT5,0.0,0.0,False,0.0
2024-06-17,10,PRO_UNIT1,60.5,0.0,True,2541.0
2024-06-17,10,PRO_UNIT2,60.5,0.0,True,2541.0
2024-06-17,10,PRO_UNIT3,6.05,54.45,True,254.1
2024-06-17,10,PRO_UNIT4,6.05,54.45,True,254.1
2024-06-17,10,PRO_UNIT5,6.05,54.45,True,254.1
2024-06-17,10,PRO_UNIT6,6.05,54.45,True,254.1
2024-06-17,10,PRO_UNIT7,6.05,54.45,True,254.1
2024-06-17,10,PRO_UNIT8,6.05,54.45,True,254.1
2024-06-17,10,BAC_CTG1,65.0,0.0,True,2730.0
2024-06-17,10,BAC_CTG2,65.0,0.0,True,2730.0
2024-06-17,10,BAC_CTG3,65.0,0.0,True,2730.0
2024-06-17,10,BAC_CTG4,65.0,0.0,True,2730.0
2024-06-17,10,BAC_CTG5,65.0,0.0,True,2730.0
2024-06-17,10,BAC_CTG6,65.0,0.0,True,2730.0
2024-06-17,10,STEAM1A_STEAM_1,0.0,0.0,False,0.0
2024-06-17,10,STEAM_STEAM_2,0.0,0.0,False,0.0
2024-06-17,10,STEAM_STEAM_3,0.0,0.0,False,0.0
2024-06-17,10,QALSW_GT1,0.0,0.0,False,0.0
2024-06-17,10,QALSW_GT2,0.0,0.0,False,0.0
2024-06-17,10,QALSW_GT3,0.0,0.0,False,0.0
2024-06-17,10,QALSW_GT4,0.0,0.0,False,0.0
2024-06-17,10,QALSW_STG1,0.0,0.0,False,0.0
2024-06-17,10,QALSW_STG2,0.0,0.0,False,0.0
2024-06-17,10,MIL_MILLERG4,0.0,0.0,False,0.0
2024-06-17,10,MIL_MILLERG5,0.0,0.0,False,0.0
2024-06-17,10,MIL_MILLERG1,0.0,0.0,False,0.0
2024-06-17,10,MIL_MILLERG2,0.0,0.0,False,0.0
2024-06-17,10,MIL_MILLERG3,0.0,0.0,False,0.0
2024-06-17,10,OLINGR_OLING_4,0.0,0.0,False,0.0
2024-06-17,10,OLINGR_OLING_2,0.0,0.0,False,0.0
2024-06-17,10,OLINGR_OLING_3,0.0,0.0,False,0.0
2024-06-17,10,RAB_UNIT1,0.0,0.0,False,0.0
2024-06-17,10,RAB_UNIT2,0.0,0.0,False,0.0
2024-06-17,10,RAB_UNIT3,0.0,0.0,False,0.0
2024-06-17,10,RAB_UNIT4,0.0,0.0,False,0.0
2024-06-17,10,RAB_UNIT5,0.0,0.0,False,0.0
2024-06-17,10,RAB_UNIT6,0.0,0.0,False,0.0
2024-06-17,10,RAB_UNIT7,0.0,0.0,False,0.0
2024-06-17,10,RAB_UNIT8,0.0,0.0,False,0.0
2024-06-17,10,REDGATE_AGR_A,0.0,0.0,False,0.0
2024-06-17,10,REDGATE_AGR_B,0.0,0.0,False,0.0
2024-06-17,10,REDGATE_AGR_C,0.0,0.0,False,0.0
2024-06-17,10,REDGATE_AGR_D,0.0,0.0,False,0.0
2024-06-17,10,JAD_UNIT1,60.5,0.0,True,2541.0
2024-06-17,10,JAD_UNIT2,6.05,54.45,True,254.1
2024-06-17,10,JAD_UNIT3,6.05,54.45,True,254.1
2024-06-17,10,JAD_UNIT4,6.05,54.45,True,254.1
2024-06-17,10,JAD_UNIT5,6.05,54.45,True,254.1
2024-06-17,10,JAD_UNIT6,6.05,54.45,True,254.1
2024-06-17,10,JAD_UNIT7,54.51337442120125,5.986625578798751,True,2289.5617
2024-06-17,10,JAD_UNIT8,60.5,0.0,True,2541.0
2024-06-17,10,RIONOG_CT1,0.0,0.0,False,0.0
2024-06-17,10,RIONOG_CT2,0.0,0.0,False,0.0
2024-06-17,10,RIONOG_CT3,0.0,0.0,False,0.0
2024-06-17,10,RIONOG_ST1,0.0,0.0,False,0.0
2024-06-17,10,RAYBURN_RAYBURG7,18.15,42.35,True,508.2
2024-06-17,10,RAYBURN_RAYBURG8,18.15,42.35,True,508.2
2024-06-17,10,RAYBURN_RAYBURG9,18.15,42.35,True,508.2
2024-06-17,10,RAYBURN_RAYBURG10,12.6,29.4,True,352.8
2024-06-17,10,SJS_SJS_G1,88.19999999999999,1.4210854715202004e-14,True,3704.4
2024-06-17,10,SJS_SJS_G2,88.19999999999999,1.4210854715202004e-14,True,3704.4
2024-06-17,10,SANDHSYD_SH1,0.0,0.0,False,0.0
2024-06-17,10,SANDHSYD_SH2,0.0,0.0,False,0.0
2024-06-17,10,SANDHSYD_SH3,0.0,0.0,False,0.0
2024-06-17,10,SANDHSYD_SH4,0.0,0.0,False,0.0
2024-06-17,10,SANDHSYD_SH_5A,198.90000000000003,-2.842170943040401e-14,True,5569.2
2024-06-17,10,SANDHSYD_SH6,0.0,0.0,False,0.0
2024-06-17,10,SANDHSYD_SH7,0.0,0.0,False,0.0
2024-06-17,10,SANDHSYD_SH_5C,191.0,0.0,True,5348.0
2024-06-17,10,SILASRAY_SILAS_10,0.0,0.0,False,0.0
2024-06-17,10,SILASRAY_SILAS_9,0.0,0.0,False,0.0
2024-06-17,10,SILASRAY_SILAS_6,0.0,0.0,False,0.0
2024-06-17,10,GIDEON_GIDEONG1,0.0,0.0,False,0.0
2024-06-17,10,GIDEON_GIDEONG2,0.0,0.0,False,0.0
2024-06-17,10,GIDEON_GIDEONG3,0.0,0.0,False,0.0
2024-06-17,10,SKY1_SKY1A,0.0,0.0,False,0.0
2024-06-17,10,SKY1_SKY1B,0.0,0.0,False,0.0
2024-06-17,10,SPNCER_SPNCE_4,0.0,0.0,False,0.0
2024-06-17,10,SPNCER_SPNCE_5,0.0,0.0,False,0.0
2024-06-17,10,SCSES_UNIT1A,0.0,0.0,False,0.0
2024-06-17,10,SCSES_UNIT2,0.0,0.0,False,0.0
2024-06-17,10,THW_THWGT_1,16.3,0.0,True,684.6
2024-06-17,10,THW_THWGT31,51.3,0.0,True,1436.4
2024-06-17,10,THW_THWGT32,51.3,0.0,True,1436.4
2024-06-17,10,THW_THWGT33,51.3,0.0,True,1436.4
2024-06-17,10,THW_THWGT34,51.3,0.0,True,1436.4
2024-06-17,10,THW_THWGT41,51.3,0.0,True,1436.4
2024-06-17,10,THW_THWGT42,51.3,0.0,True,1436.4
2024-06-17,10,THW_THWGT43,62.0,0.0,True,1736.0
2024-06-17,10,THW_THWGT44,62.0,0.0,True,1736.0
2024-06-17,10,THW_THWGT51,85.0,0.0,True,3570.0
2024-06-17,10,THW_THWGT52,85.0,0.0,True,3570.0
2024-06-17,10,THW_THWGT53,85.0,0.0,True,3570.0
2024-06-17,10,THW_THWGT54,85.0,0.0,True,3570.0
2024-06-17,10,THW_THWGT55,85.0,0.0,True,3570.0
2024-06-17,10,THW_THWGT56,85.0,0.0,True,3570.0
2024-06-17,10,THW_THWST_3,113.1,0.0,True,3166.8
2024-06-17,10,THW_THWST_4,113.1,0.0,True,3166.8
2024-06-17,10,TXCTY_CTA,129.1,0.0,True,3614.8
2024-06-17,10,TXCTY_CTB,129.1,0.0,True,3614.8
2024-06-17,10,TXCTY_CTC,129.1,0.0,True,3614.8
2024-06-17,10,TXCTY_ST,143.7,0.0,True,4023.6
2024-06-17,10,TGS_GT01,0.0,0.0,False,0.0
2024-06-17,10,TIMPP_AGR1,0.0,0.0,False,0.0
2024-06-17,10,TIMPP_AGR2,0.0,0.0,False,0.0
2024-06-17,10,TIMPP_AGR3,0.0,0.0,False,0.0
2024-06-17,10,TIMPP_AGR4,0.0,0.0,False,0.0
2024-06-17,10,TRSES_UNIT6,0.0,0.0,False,0.0
2024-06-17,10,TOPAZ_UNIT1,60.5,0.0,True,2541.0
2024-06-17,10,TOPAZ_UNIT2,60.5,0.0,True,2541.0
2024-06-17,10,TOPAZ_UNIT3,60.5,0.0,True,2541.0
2024-06-17,10,TOPAZ_UNIT4,60.5,0.0,True,2541.0
2024-06-17,10,TOPAZ_UNIT5,60.5,0.0,True,2541.0
2024-06-17,10,TOPAZ_UNIT6,60.5,0.0,True,2541.0
2024-06-17,10,TOPAZ_UNIT7,60.5,0.0,True,2541.0
2024-06-17,10,TOPAZ_UNIT8,60.5,0.0,True,2541.0
2024-06-17,10,TOPAZ_UNIT9,60.5,0.0,True,2541.0
2024-06-17,10,TOPAZ_UNIT10,60.5,0.0,True,2541.0
2024-06-17,10,BRAUNIG_VHB6CT5,0.0,0.0,False,0.0
2024-06-17,10,BRAUNIG_VHB6CT6,0.0,0.0,False,0.0
2024-06-17,10,BRAUNIG_VHB6CT7,0.0,0.0,False,0.0
2024-06-17,10,BRAUNIG_VHB6CT8,0.0,0.0,False,0.0
2024-06-17,10,CITYVICT_CTG01,0.0,0.0,False,0.0
2024-06-17,10,CITYVICT_CTG02,0.0,0.0,False,0.0
2024-06-17,10,VICTPORT_CTG01,0.0,0.0,False,0.0
2024-06-17,10,VICTPORT_CTG02,0.0,0.0,False,0.0
2024-06-17,10,VICTORIA_VICTORG6,0.0,0.0,False,0.0
2024-06-17,10,VICTORIA_VICTORG5,0.0,0.0,False,0.0
2024-06-17,10,WAP_WAPGT_1,0.0,0.0,False,0.0
2024-06-17,10,WAP_WAP_G1,0.0,0.0,False,0.0
2024-06-17,10,WAP_WAP_G2,0.0,0.0,False,0.0
2024-06-17,10,WAP_WAP_G3,0.0,0.0,False,0.0
2024-06-17,10,WAP_WAP_G4,0.0,0.0,False,0.0
2024-06-17,10,WFCOGEN_UNIT1,0.0,0.0,False,0.0
2024-06-17,10,WFCOGEN_UNIT2,0.0,0.0,False,0.0
2024-06-17,10,WFCOGEN_UNIT3,0.0,0.0,False,0.0
2024-06-17,10,WIPOPA_WPP_G1,6.05,0.0,True,254.1
2024-06-17,10,WIPOPA_WPP_G2,6.05,0.0,True,254.1
2024-06-17,10,WIPOPA_WPP_G3,6.05,0.0,True,254.1
2024-06-17,10,WIPOPA_WPP_G4,6.05,0.0,True,254.1
2024-06-17,10,WCPP_CT1,0.0,0.0,False,0.0
2024-06-17,10,WCPP_CT2,82.5,192.5,True,2310.0
2024-06-17,10,WCPP_ST1,89.4,208.6,True,2503.2
2024-06-17,10,WHCCS_CT1,79.35,0.0,True,2221.8
2024-06-17,10,WHCCS_CT2,79.35,0.0,True,2221.8
2024-06-17,10,WHCCS_STG,90.0,0.0,True,2520.0
2024-06-17,10,WHCCS2_CT4,108.0,0.0,True,3024.0
2024-06-17,10,WHCCS2_CT5,108.0,0.0,True,3024.0
2024-06-17,10,WHCCS2_STG6,153.36,0.0,True,4294.08
2024-06-17,10,NACPW_UNIT1,0.0,0.0,False,0.0
2024-06-17,10,HBR_2UNITS,0.0,0.0,False,0.0
2024-06-17,10,TRIRA_1UNIT,0.0,0.0,False,0.0
2024-06-17,10,78252_4UNITS,0.0,0.0,False,0.0
2024-06-17,10,SPRIN_4UNITS,0.0,0.0,False,0.0
2024-06-17,10,FREIH_2UNITS,0.0,0.0,False,0.0
2024-06-17,10,WSTHL_3UNITS,0.0,0.0,False,0.0
2024-06-17,10,FEGC_CTG2,0.0,0.0,False,0.0
2024-06-17,10,FEGC_CTG3,0.0,0.0,False,0.0
2024-06-17,10,FEGC_CTG4,0.0,0.0,False,0.0
2024-06-17,10,OLNEYTN_AGR1,0.0,0.0,False,0.0
2024-06-17,10,AMISTAD_AMISTAG1,0.0,0.0,False,0.0
2024-06-17,10,AMISTAD_AMISTAG2,0.0,0.0,False,0.0
2024-06-17,10,AUSTPL_AUSTING1,9.0,0.0,True,9.0
2024-06-17,10,AUSTPL_AUSTING2,9.0,0.0,True,9.0
2024-06-17,10,BUCHAN_BUCHANG1,18.299999999999997,3.552713678800501e-15,True,18.3
2024-06-17,10,BUCHAN_BUCHANG2,18.299999999999997,3.552713678800501e-15,True,18.3
2024-06-17,10,BUCHAN_BUCHANG3,18.299999999999997,3.552713678800501e-15,True,18.3
2024-06-17,10,DNDAM_DENISOG1,50.8,0.0,True,50.8
2024-06-17,10,DNDAM_DENISOG2,50.8,0.0,True,50.8
2024-06-17,10,FALCON_FALCONG1,1.2,10.8,True,1.2
2024-06-17,10,FALCON_FALCONG2,1.2,10.8,True,1.2
2024-06-17,10,FALCON_FALCONG3,1.2,10.8,True,1.2
2024-06-17,10,WIRTZ_WIRTZ_G1,2.9,26.1,True,2.9
2024-06-17,10,WIRTZ_WIRTZ_G2,2.9,26.1,True,2.9
2024-06-17,10,CANYHY_CANYHYG1,6.0,0.0,True,6.0
2024-06-17,10,INKSDA_INKS_G1,1.5,13.5,True,1.5
2024-06-17,10,MARBFA_MARBFAG1,2.1,18.9,True,2.1
2024-06-17,10,MARBFA_MARBFAG2,17.17406620745473,2.825933792545271,True,17.1741
2024-06-17,10,MARSFO_MARSFOG1,3.6,32.4,True,3.6
2024-06-17,10,MARSFO_MARSFOG2,3.6,32.4,True,3.6
2024-06-17,10,MARSFO_MARSFOG3,3.6,32.4,True,3.6
2024-06-17,10,WND_WHITNEY1,22.0,0.0,True,22.0
2024-06-17,10,WND_WHITNEY2,22.0,0.0,True,22.0
2024-06-17,10,AEEC_ANTLP_1,0.0,0.0,False,0.0
2024-06-17,10,AEEC_ANTLP_2,0.0,0.0,False,0.0
2024-06-17,10,AEEC_ANTLP_3,0.0,0.0,False,0.0
2024-06-17,10,AEEC_ELK_1,0.0,0.0,False,0.0
2024-06-17,10,AEEC_ELK_2,0.0,0.0,False,0.0
2024-06-17,10,AEEC_ELK_3,0.0,0.0,False,0.0
2024-06-17,10,FTR_FTR_G1,185.0,0.0,True,5180.0
2024-06-17,10,FTR_FTR_G2,185.0,0.0,True,5180.0
2024-06-17,10,FTR_FTR_G3,185.0,0.0,True,5180.0
2024-06-17,10,FTR_FTR_G4,400.0,0.0,True,11200.0
2024-06-17,10,TGCCS_CT1,0.0,0.0,False,0.0
2024-06-17,10,TGCCS_CT2,0.0,0.0,False,0.0
2024-06-17,10,TGCCS_CT3,0.0,0.0,False,0.0
2024-06-17,10,TGCCS_UNIT4,0.0,0.0,False,0.0
2024-06-17,10,KMCHI_1CT101,55.5,129.5,True,1554.0
2024-06-17,10,KMCHI_1CT201,55.5,129.5,True,1554.0
2024-06-17,10,KMCHI_1ST,0.0,0.0,False,0.0
2024-06-17,10,KMCHI_2CT101,55.5,129.5,True,1554.0
2024-06-17,10,KMCHI_2CT201,55.5,129.5,True,1554.0
2024-06-17,10,KMCHI_2ST,99.0,231.0,True,2772.0
2024-06-17,10,A4_DGR1,0.0,0.0,False,0.0
2024-06-17,10,A4_DGR2,0.0,0.0,False,0.0
2024-06-17,10,K2_DGR1,0.0,0.0,False,0.0
2024-06-17,10,K2_DGR2,0.0,0.0,False,0.0
2024-06-17,10,P2_DGR1,0.0,0.0,False,0.0
2024-06-17,10,P2_DGR2,0.0,0.0,False,0.0
2024-06-17,10,Q1_DGR1,0.0,0.0,False,0.0
2024-06-17,10,BRAUNIG_VHB3,0.0,0.0,False,0.0
2024-06-17,10,V2_DGR1,0.0,0.0,False,0.0
2024-06-17,10,V2_DGR2,0.0,0.0,False,0.0
2024-06-17,10,V2_DGR3,0.0,0.0,False,0.0
2024-06-17,10,V4_DGR1,0.0,0.0,False,0.0
2024-06-17,10,X1_DGR1,0.0,0.0,False,0.0
2024-06-17,10,Z0_DGR1,0.0,0.0,False,0.0
2024-06-17,10,Z0_DGR2,0.0,0.0,False,0.0
2024-06-17,10,Z5_DGR1,0.0,0.0,False,0.0
2024-06-17,10,DC_E,0.0,0.0,False,0.0
2024-06-17,10,DC_N,0.0,0.0,False,0.0
2024-06-17,10,DC_L,0.0,0.0,False,0.0
2024-06-17,10,DC_R,0.0,0.0,False,0.0
2024-06-17,10,CEDARVALE_GAS,0.0,0.0,False,0.0
2024-06-17,10,ENCHANTED_ROCK_NEWPP,30.0,0.0,True,1350.0
2024-06-17,11,CPSES_UNIT1,1269.0,0.0,True,10152.0
2024-06-17,11,CPSES_UNIT2,1269.0,0.0,True,10152.0
2024-06-17,11,STP_STP_G1,1228.5,136.5,True,9828.0
2024-06-17,11,STP_STP_G2,1228.5,136.5,True,9828.0
2024-06-17,11,COLETO_COLETOG1,0.0,0.0,False,0.0
2024-06-17,11,FPPYD1_FPP_G1,615.0,0.0,True,15375.0
2024-06-17,11,FPPYD1_FPP_G2,615.0,0.0,True,15375.0
2024-06-17,11,FPPYD2_FPP_G3,460.0,0.0,True,11500.0
2024-06-17,11,CALAVERS_JKS1,560.0,0.0,True,14000.0
2024-06-17,11,CALAVERS_JKS2,922.0,0.0,True,23050.0
2024-06-17,11,LEG_LEG_G1,893.0,0.0,True,22325.0
2024-06-17,11,LEG_LEG_G2,956.8,0.0,True,23920.0
2024-06-17,11,MLSES_UNIT1,357.2,535.8,True,8930.0
2024-06-17,11,MLSES_UNIT2,357.2,535.8,True,8930.0
2024-06-17,11,MLSES_UNIT3,357.2,535.8,True,8930.0
2024-06-17,11,OGSES_UNIT1A,916.8,0.0,True,22920.0
2024-06-17,11,OGSES_UNIT2,916.8,0.0,True,22920.0
2024-06-17,11,SANMIGL_G1,0.0,0.0,False,0.0
2024-06-17,11,SCES_UNIT1,417.50281508784934,590.4971849121506,True,10437.5704
2024-06-17,11,TNP_ONE_TNP_O_1,174.6,0.0,True,4365.0
2024-06-17,11,TNP_ONE_TNP_O_2,174.6,0.0,True,4365.0
2024-06-17,11,WAP_WAP_G5,0.0,0.0,False,0.0
2024-06-17,11,WAP_WAP_G6,0.0,0.0,False,0.0
2024-06-17,11,WAP_WAP_G7,0.0,0.0,False,0.0
2024-06-17,11,WAP_WAP_G8,0.0,0.0,False,0.0
2024-06-17,11,BRAUNIG_AVR1_CT1,56.7,0.0,True,1587.6
2024-06-17,11,BRAUNIG_AVR1_CT2,56.7,0.0,True,1587.6
2024-06-17,11,BRAUNIG_AVR1_ST,222.0,0.0,True,6216.0
2024-06-17,11,ATKINS_ATKINSG7,21.0,0.0,True,882.0
2024-06-17,11,B_DAVIS_B_DAVIG3,0.0,0.0,False,0.0
2024-06-17,11,B_DAVIS_B_DAVIG4,0.0,0.0,False,0.0
2024-06-17,11,B_DAVIS_B_DAVIG1,0.0,0.0,False,0.0
2024-06-17,11,B_DAVIS_B_DAVIG2,0.0,0.0,False,0.0
2024-06-17,11,BASTEN_GTG1100,56.4,0.0,True,1579.2
2024-06-17,11,BASTEN_GTG2100,56.4,0.0,True,1579.2
2024-06-17,11,BASTEN_ST0100,72.6,169.4,True,2032.8
2024-06-17,11,BCH_UNIT1,60.5,0.0,True,2541.0
2024-06-17,11,BCH_UNIT2,60.5,0.0,True,2541.0
2024-06-17,11,BCH_UNIT3,60.5,0.0,True,2541.0
2024-06-17,11,BCH_UNIT4,60.5,0.0,True,2541.0
2024-06-17,11,BCH_UNIT5,60.5,0.0,True,2541.0
2024-06-17,11,BCH_UNIT6,60.5,0.0,True,2541.0
2024-06-17,11,BCH_UNIT7,60.5,0.0,True,2541.0
2024-06-17,11,BCH_UNIT8,60.5,0.0,True,2541.0
2024-06-17,11,BOSQUESW_BSQSU_1,56.61,0.0,True,1585.08
2024-06-17,11,BOSQUESW_BSQSU_2,56.61,0.0,True,1585.08
2024-06-17,11,BOSQUESW_BSQSU_3,56.61,0.0,True,1585.08
2024-06-17,11,BOSQUESW_BSQSU_4,28.5,0.0,True,798.0
2024-06-17,11,BOSQUESW_BSQSU_5,76.26,0.0,True,2135.28
2024-06-17,11,BVE_UNIT1,198.90000000000003,-2.842170943040401e-14,True,5569.2
2024-06-17,11,BVE_UNIT2,198.90000000000003,-2.842170943040401e-14,True,5569.2
2024-06-17,11,BVE_UNIT3,275.6,0.0,True,7716.8
2024-06-17,11,BTM_UNIT1,60.5,0.0,True,2541.0
2024-06-17,11,BTM_UNIT2,60.5,0.0,True,2541.0
2024-06-17,11,BTM_UNIT3,60.5,0.0,True,2541.0
2024-06-17,11,BTM_UNIT4,60.5,0.0,True,2541.0
2024-06-17,11,BTM_UNIT5,60.5,0.0,True,2541.0
2024-06-17,11,BTM_UNIT6,60.5,0.0,True,2541.0
2024-06-17,11,BTM_UNIT7,60.5,0.0,True,2541.0
2024-06-17,11,BTM_UNIT8,60.5,0.0,True,2541.0
2024-06-17,11,FLCNS_UNIT1,0.0,0.0,False,0.0
2024-06-17,11,FLCNS_UNIT2,0.0,0.0,False,0.0
2024-06-17,11,CALHOUN_UNIT1,0.0,0.0,False,0.0
2024-06-17,11,CALHOUN_UNIT2,0.0,0.0,False,0.0
2024-06-17,11,CHAMON_CTG_0101,60.5,0.0,True,2541.0
2024-06-17,11,CHAMON_CTG_0301,60.5,0.0,True,2541.0
2024-06-17,11,CBY4_CT41,205.0,0.0,True,5740.0
2024-06-17,11,CBY4_CT42,205.0,0.0,True,5740.0
2024-06-17,11,CBY4_ST04,205.0,0.0,True,5740.0
2024-06-17,11,CBY_CBY_G1,765.0,0.0,True,26775.0
2024-06-17,11,CBY_CBY_G2,765.0,0.0,True,26775.0
2024-06-17,11,CBEC_GT1,0.0,0.0,False,0.0
2024-06-17,11,CBEC_GT2,0.0,0.0,False,0.0
2024-06-17,11,CBEC_GT3,0.0,0.0,False,0.0
2024-06-17,11,CBEC_GT4,0.0,0.0,False,0.0
2024-06-17,11,CBEC_STG1,0.0,0.0,False,0.0
2024-06-17,11,CBEC_STG2,0.0,0.0,False,0.0
2024-06-17,11,CBECII_CT7,0.0,0.0,False,0.0
2024-06-17,11,CBECII_CT8,0.0,0.0,False,0.0
2024-06-17,11,CBECII_STG9,0.0,0.0,False,0.0
2024-06-17,11,CBEC_GT11,0.0,0.0,False,0.0
2024-06-17,11,CBEC_GT12,0.0,0.0,False,0.0
2024-06-17,11,CVC_CVC_G1,192.1,0.0,True,5378.8
2024-06-17,11,CVC_CVC_G2,192.1,0.0,True,5378.8
2024-06-17,11,CVC_CVC_G3,192.1,0.0,True,5378.8
2024-06-17,11,CVC_CVC_G5,150.0,0.0,True,4200.0
2024-06-17,11,DANSBY_DANSBYG2,48.0,0.0,True,2016.0
2024-06-17,11,DANSBY_DANSBYG3,50.0,0.0,True,2100.0
2024-06-17,11,DANSBY_DANSBYG1,120.0,0.0,True,4200.0
2024-06-17,11,DECKER_DPGT_1,0.0,0.0,False,0.0
2024-06-17,11,DECKER_DPGT_2,0.0,0.0,False,0.0
2024-06-17,11,DECKER_DPGT_3,0.0,0.0,False,0.0
2024-06-17,11,DECKER_DPGT_4,0.0,0.0,False,0.0
2024-06-17,11,DCSES_CT10,0.0,0.0,False,0.0
2024-06-17,11,DCSES_CT20,0.0,0.0,False,0.0
2024-06-17,11,DCSES_CT30,0.0,0.0,False,0.0
2024-06-17,11,DCSES_CT40,0.0,0.0,False,0.0
2024-06-17,11,DDPEC_GT1,60.9,142.1,True,1705.2
2024-06-17,11,DDPEC_GT2,215.0,0.0,True,6020.0
2024-06-17,11,DDPEC_GT3,60.9,142.1,True,1705.2
2024-06-17,11,DDPEC_GT4,140.8139563929654,74.1860436070346,True,3942.7908
2024-06-17,11,DDPEC_GT6,199.0,0.0,True,5572.0
2024-06-17,11,DDPEC_ST1,87.0,203.0,True,2436.0
2024-06-17,11,DEC_AGR_A,0.0,0.0,False,0.0
2024-06-17,11,DEC_AGR_B,0.0,0.0,False,0.0
2024-06-17,11,DEC_AGR_C,0.0,0.0,False,0.0
2024-06-17,11,DEC_AGR_D,0.0,0.0,False,0.0
2024-06-17,11,ECEC_G1,0.0,0.0,False,0.0
2024-06-17,11,ECEC_G2,0.0,0.0,False,0.0
2024-06-17,11,ETCCS_CT1,78.0,182.0,True,2184.0
2024-06-17,11,ETCCS_UNIT1,42.0,98.0,True,1176.0
2024-06-17,11,AZ_AZ_G1,40.0,0.0,True,1680.0
2024-06-17,11,AZ_AZ_G2,40.0,0.0,True,1680.0
2024-06-17,11,AZ_AZ_G3,40.0,0.0,True,1680.0
2024-06-17,11,AZ_AZ_G4,40.0,0.0,True,1680.0
2024-06-17,11,FERGCC_FERGGT1,0.0,0.0,False,0.0
2024-06-17,11,FERGCC_FERGGT2,0.0,0.0,False,0.0
2024-06-17,11,FERGCC_FERGST1,0.0,0.0,False,0.0
2024-06-17,11,FRNYPP_GT11,59.01,137.69,True,1652.28
2024-06-17,11,FRNYPP_GT12,59.01,137.69,True,1652.28
2024-06-17,11,FRNYPP_GT13,59.01,137.69,True,1652.28
2024-06-17,11,FRNYPP_GT21,59.01,137.69,True,1652.28
2024-06-17,11,FRNYPP_GT22,59.01,137.69,True,1652.28
2024-06-17,11,FRNYPP_GT23,59.01,137.69,True,1652.28
2024-06-17,11,FRNYPP_ST10,0.0,0.0,False,0.0
2024-06-17,11,FRNYPP_ST20,0.0,0.0,False,0.0
2024-06-17,11,FREC_GT1,179.4,0.0,True,5023.2
2024-06-17,11,FREC_GT2,179.4,0.0,True,5023.2
2024-06-17,11,FREC_GT4,165.44723575494868,13.952764245051327,True,4632.5226
2024-06-17,11,FREC_GT5,179.4,0.0,True,5023.2
2024-06-17,11,FREC_ST3,57.21,133.48999999999998,True,1601.88
2024-06-17,11,FREC_ST6,190.7,0.0,True,5339.6
2024-06-17,11,FEGC_UNIT1,0.0,0.0,False,0.0
2024-06-17,11,FRONT_EC_CT1,0.0,0.0,False,0.0
2024-06-17,11,FRONT_EC_CT2,0.0,0.0,False,0.0
2024-06-17,11,FRONT_EC_ST,0.0,0.0,False,0.0
2024-06-17,11,GRSES_UNIT1,0.0,0.0,False,0.0
2024-06-17,11,GRSES_UNIT2,0.0,0.0,False,0.0
2024-06-17,11,GBY_GBYGT73,72.0,0.0,True,3024.0
2024-06-17,11,GBY_GBYGT74,72.0,0.0,True,3024.0
2024-06-17,11,GBY_GBYGT81,72.0,0.0,True,3024.0
2024-06-17,11,GBY_GBYGT82,72.0,0.0,True,3024.0
2024-06-17,11,GBY_GBYGT83,72.0,0.0,True,3024.0
2024-06-17,11,GBY_GBYGT84,72.0,0.0,True,3024.0
2024-06-17,11,STEAM_ENGINE_1,0.0,0.0,False,0.0
2024-06-17,11,STEAM_ENGINE_2,0.0,0.0,False,0.0
2024-06-17,11,STEAM_ENGINE_3,0.0,0.0,False,0.0
2024-06-17,11,LGE_LGE_GT1,0.0,0.0,False,0.0
2024-06-17,11,LGE_LGE_GT2,0.0,0.0,False,0.0
2024-06-17,11,LGE_LGE_STG,0.0,0.0,False,0.0
2024-06-17,11,GUADG_GAS1,0.0,0.0,False,0.0
2024-06-17,11,GUADG_GAS2,0.0,0.0,False,0.0
2024-06-17,11,GUADG_GAS3,0.0,0.0,False,0.0
2024-06-17,11,GUADG_GAS4,0.0,0.0,False,0.0
2024-06-17,11,GUADG_STM5,0.0,0.0,False,0.0
2024-06-17,11,GUADG_STM6,0.0,0.0,False,0.0
2024-06-17,11,HLSES_UNIT3,118.5,0.0,True,4147.5
2024-06-17,11,HLSES_UNIT4,130.5,0.0,True,4567.5
2024-06-17,11,HLSES_UNIT5,130.5,0.0,True,4567.5
2024-06-17,11,HAYSEN_HAYSENG1,0.0,0.0,False,0.0
2024-06-17,11,HAYSEN_HAYSENG2,0.0,0.0,False,0.0
2024-06-17,11,HAYSEN_HAYSENG3,0.0,0.0,False,0.0
2024-06-17,11,HAYSEN_HAYSENG4,0.0,0.0,False,0.0
2024-06-17,11,DUKE_DUKE_GT1,0.0,0.0,False,0.0
2024-06-17,11,DUKE_DUKE_GT2,0.0,0.0,False,0.0
2024-06-17,11,DUKE_DUKE_ST1,0.0,0.0,False,0.0
2024-06-17,11,JACKCNTY_CT1,0.0,0.0,False,0.0
2024-06-17,11,JACKCNTY_CT2,0.0,0.0,False,0.0
2024-06-17,11,JCKCNTY2_CT3,0.0,0.0,False,0.0
2024-06-17,11,JCKCNTY2_CT4,0.0,0.0,False,0.0
2024-06-17,11,JACKCNTY_STG,0.0,0.0,False,0.0
2024-06-17,11,JCKCNTY2_ST2,0.0,0.0,False,0.0
2024-06-17,11,TEN_CT1,185.0,0.0,True,5180.0
2024-06-17,11,TEN_STG,107.0,0.0,True,2996.0
2024-06-17,11,LHSES_UNIT1,0.0,0.0,False,0.0
2024-06-17,11,LHSES_UNIT2A,0.0,0.0,False,0.0
2024-06-17,11,LPCCS_CT11,0.0,0.0,False,0.0
2024-06-17,11,LPCCS_CT12,0.0,0.0,False,0.0
2024-06-17,11,LPCCS_CT21,0.0,0.0,False,0.0
2024-06-17,11,LPCCS_CT22,0.0,0.0,False,0.0
2024-06-17,11,LPCCS_UNIT1,0.0,0.0,False,0.0
2024-06-17,11,LPCCS_UNIT2,0.0,0.0,False,0.0
2024-06-17,11,LARDVFTN_G4,0.0,0.0,False,0.0
2024-06-17,11,LARDVFTN_G5,0.0,0.0,False,0.0
2024-06-17,11,LEON_CRK_LCPCT1,0.0,0.0,False,0.0
2024-06-17,11,LEON_CRK_LCPCT2,0.0,0.0,False,0.0
2024-06-17,11,LEON_CRK_LCPCT3,0.0,0.0,False,0.0
2024-06-17,11,LEON_CRK_LCPCT4,0.0,0.0,False,0.0
2024-06-17,11,LIG_UNIT1,6.05,54.45,True,254.1
2024-06-17,11,LIG_UNIT2,60.5,0.0,True,2541.0
2024-06-17,11,LOSTPI_LOSTPGT1,202.5,0.0,True,5670.0
2024-06-17,11,LOSTPI_LOSTPGT2,202.5,0.0,True,5670.0
2024-06-17,11,LOSTPI_LOSTPST1,204.0,0.0,True,5712.0
2024-06-17,11,NEDIN_NEDIN_G1,0.0,0.0,False,0.0
2024-06-17,11,NEDIN_NEDIN_G2,0.0,0.0,False,0.0
2024-06-17,11,NEDIN_NEDIN_G3,0.0,0.0,False,0.0
2024-06-17,11,MDANP_CT1,258.0,0.0,True,7224.0
2024-06-17,11,MDANP_CT2,256.0,0.0,True,7168.0
2024-06-17,11,MDANP_CT3,255.0,0.0,True,7140.0
2024-06-17,11,MDANP_CT4,258.0,0.0,True,7224.0
2024-06-17,11,MDANP_CT5,276.0,0.0,True,7728.0
2024-06-17,11,MDANP_CT6,278.0,0.0,True,7784.0
2024-06-17,11,MGSES_CT1,0.0,0.0,False,0.0
2024-06-17,11,MGSES_CT2,0.0,0.0,False,0.0
2024-06-17,11,MGSES_CT3,0.0,0.0,False,0.0
2024-06-17,11,MGSES_CT4,0.0,0.0,False,0.0
2024-06-17,11,MGSES_CT5,0.0,0.0,False,0.0
2024-06-17,11,MGSES_CT6,0.0,0.0,False,0.0
2024-06-17,11,MCSES_UNIT6,122.0,0.0,True,4270.0
2024-06-17,11,MCSES_UNIT7,35.4,0.0,True,1239.0
2024-06-17,11,MCSES_UNIT8,568.0,0.0,True,19880.0
2024-06-17,11,NUECES_B_NUECESG8,0.0,0.0,False,0.0
2024-06-17,11,NUECES_B_NUECESG9,0.0,0.0,False,0.0
2024-06-17,11,NUECES_B_NUECESG7,0.0,0.0,False,0.0
2024-06-17,11,CALAVERS_OWS1,133.5,0.0,True,4672.5
2024-06-17,11,CALAVERS_OWS2,130.5,0.0,True,4567.5
2024-06-17,11,OECCS_CT11,0.0,0.0,False,0.0
2024-06-17,11,OECCS_CT12,0.0,0.0,False,0.0
2024-06-17,11,OECCS_CT21,0.0,0.0,False,0.0
2024-06-17,11,OECCS_CT22,0.0,0.0,False,0.0
2024-06-17,11,OECCS_UNIT1,0.0,0.0,False,0.0
2024-06-17,11,OECCS_UNIT2,0.0,0.0,False,0.0
2024-06-17,11,VICTPRT2_UNIT1,0.0,0.0,False,0.0
2024-06-17,11,VICTPRT2_UNIT2,0.0,0.0,False,0.0
2024-06-17,11,PANDA_S_SHER1CT1,0.0,0.0,False,0.0
2024-06-17,11,PANDA_S_SHER1CT2,69.6,162.4,True,1948.8
2024-06-17,11,PANDA_S_SHER1ST1,105.93,247.17000000000002,True,2966.04
2024-06-17,11,PANDA_T1_TMPL1CT1,0.0,0.0,False,0.0
2024-06-17,11,PANDA_T1_TMPL1CT2,0.0,0.0,False,0.0
2024-06-17,11,PANDA_T1_TMPL1ST1,0.0,0.0,False,0.0
2024-06-17,11,PANDA_T2_TMPL2CT1,0.0,0.0,False,0.0
2024-06-17,11,PANDA_T2_TMPL2CT2,0.0,0.0,False,0.0
2024-06-17,11,PANDA_T2_TMPL2ST1,0.0,0.0,False,0.0
2024-06-17,11,TNSKA_GT1,0.0,0.0,False,0.0
2024-06-17,11,TNSKA_GT2,0.0,0.0,False,0.0
2024-06-17,11,TNSKA_STG,0.0,0.0,False,0.0
2024-06-17,11,PSG_PSG_GT2,215.1,0.0,True,6022.8
2024-06-17,11,PSG_PSG_GT3,215.1,0.0,True,6022.8
2024-06-17,11,PSG_PSG_ST2,195.5,0.0,True,5474.0
2024-06-17,11,PEARSAL2_AGR_A,0.0,0.0,False,0.0
2024-06-17,11,PEARSAL2_AGR_B,0.0,0.0,False,0.0
2024-06-17,11,PEARSAL2_AGR_C,0.0,0.0,False,0.0
2024-06-17,11,PEARSAL2_AGR_D,0.0,0.0,False,0.0
2024-06-17,11,PB2SES_CT1,0.0,0.0,False,0.0
2024-06-17,11,PB2SES_CT2,0.0,0.0,False,0.0
2024-06-17,11,PB2SES_CT3,0.0,0.0,False,0.0
2024-06-17,11,PB2SES_CT4,0.0,0.0,False,0.0
2024-06-17,11,PB2SES_CT5,0.0,0.0,False,0.0
2024-06-17,11,PRO_UNIT1,6.05,54.45,True,254.1
2024-06-17,11,PRO_UNIT2,6.05,54.45,True,254.1
2024-06-17,11,PRO_UNIT3,6.05,54.45,True,254.1
2024-06-17,11,PRO_UNIT4,60.5,0.0,True,2541.0
2024-06-17,11,PRO_UNIT5,6.05,54.45,True,254.1
2024-06-17,11,PRO_UNIT6,60.5,0.0,True,2541.0
2024-06-17,11,PRO_UNIT7,60.5,0.0,True,2541.0
2024-06-17,11,PRO_UNIT8,60.5,0.0,True,2541.0
2024-06-17,11,BAC_CTG1,65.0,0.0,True,2730.0
2024-06-17,11,BAC_CTG2,65.0,0.0,True,2730.0
2024-06-17,11,BAC_CTG3,65.0,0.0,True,2730.0
2024-06-17,11,BAC_CTG4,65.0,0.0,True,2730.0
2024-06-17,11,BAC_CTG5,65.0,0.0,True,2730.0
2024-06-17,11,BAC_CTG6,65.0,0.0,True,2730.0
2024-06-17,11,STEAM1A_STEAM_1,0.0,0.0,False,0.0
2024-06-17,11,STEAM_STEAM_2,0.0,0.0,False,0.0
2024-06-17,11,STEAM_STEAM_3,0.0,0.0,False,0.0
2024-06-17,11,QALSW_GT1,0.0,0.0,False,0.0
2024-06-17,11,QALSW_GT2,0.0,0.0,False,0.0
2024-06-17,11,QALSW_GT3,0.0,0.0,False,0.0
2024-06-17,11,QALSW_GT4,0.0,0.0,False,0.0
2024-06-17,11,QALSW_STG1,0.0,0.0,False,0.0
2024-06-17,11,QALSW_STG2,0.0,0.0,False,0.0
2024-06-17,11,MIL_MILLERG4,0.0,0.0,False,0.0
2024-06-17,11,MIL_MILLERG5,0.0,0.0,False,0.0
2024-06-17,11,MIL_MILLERG1,0.0,0.0,False,0.0
2024-06-17,11,MIL_MILLERG2,0.0,0.0,False,0.0
2024-06-17,11,MIL_MILLERG3,0.0,0.0,False,0.0
2024-06-17,11,OLINGR_OLING_4,0.0,0.0,False,0.0
2024-06-17,11,OLINGR_OLING_2,0.0,0.0,False,0.0
2024-06-17,11,OLINGR_OLING_3,0.0,0.0,False,0.0
2024-06-17,11,RAB_UNIT1,0.0,0.0,False,0.0
2024-06-17,11,RAB_UNIT2,0.0,0.0,False,0.0
2024-06-17,11,RAB_UNIT3,0.0,0.0,False,0.0
2024-06-17,11,RAB_UNIT4,0.0,0.0,False,0.0
2024-06-17,11,RAB_UNIT5,0.0,0.0,False,0.0
2024-06-17,11,RAB_UNIT6,0.0,0.0,False,0.0
2024-06-17,11,RAB_UNIT7,0.0,0.0,False,0.0
2024-06-17,11,RAB_UNIT8,0.0,0.0,False,0.0
2024-06-17,11,REDGATE_AGR_A,0.0,0.0,False,0.0
2024-06-17,11,REDGATE_AGR_B,0.0,0.0,False,0.0
2024-06-17,11,REDGATE_AGR_C,0.0,0.0,False,0.0
2024-06-17,11,REDGATE_AGR_D,0.0,0.0,False,0.0
2024-06-17,11,JAD_UNIT1,60.5,0.0,True,2541.0
2024-06-17,11,JAD_UNIT2,60.5,0.0,True,2541.0
2024-06-17,11,JAD_UNIT3,6.05,54.45,True,254.1
2024-06-17,11,JAD_UNIT4,6.05,54.45,True,254.1
2024-06-17,11,JAD_UNIT5,60.5,0.0,True,2541.0
2024-06-17,11,JAD_UNIT6,6.05,54.45,True,254.1
2024-06-17,11,JAD_UNIT7,60.5,0.0,True,2541.0
2024-06-17,11,JAD_UNIT8,39.8988234022344,20.6011765977656,True,1675.7506
2024-06-17,11,RIONOG_CT1,0.0,0.0,False,0.0
2024-06-17,11,RIONOG_CT2,0.0,0.0,False,0.0
2024-06-17,11,RIONOG_CT3,0.0,0.0,False,0.0
2024-06-17,11,RIONOG_ST1,0.0,0.0,False,0.0
2024-06-17,11,RAYBURN_RAYBURG7,18.15,42.35,True,508.2
2024-06-17,11,RAYBURN_RAYBURG8,18.15,42.35,True,508.2
2024-06-17,11,RAYBURN_RAYBURG9,18.15,42.35,True,508.2
2024-06-17,11,RAYBURN_RAYBURG10,12.6,29.4,True,352.8
2024-06-17,11,SJS_SJS_G1,88.19999999999999,1.4210854715202004e-14,True,3704.4
2024-06-17,11,SJS_SJS_G2,88.19999999999999,1.4210854715202004e-14,True,3704.4
2024-06-17,11,SANDHSYD_SH1,0.0,0.0,False,0.0
2024-06-17,11,SANDHSYD_SH2,0.0,0.0,False,0.0
2024-06-17,11,SANDHSYD_SH3,0.0,0.0,False,0.0
2024-06-17,11,SANDHSYD_SH4,0.0,0.0,False,0.0
2024-06-17,11,SANDHSYD_SH_5A,198.90000000000003,-2.842170943040401e-14,True,5569.2
2024-06-17,11,SANDHSYD_SH6,0.0,0.0,False,0.0
2024-06-17,11,SANDHSYD_SH7,0.0,0.0,False,0.0
2024-06-17,11,SANDHSYD_SH_5C,66.96743755830822,124.03256244169177,True,1875.0883
2024-06-17,11,SILASRAY_SILAS_10,0.0,0.0,False,0.0
2024-06-17,11,SILASRAY_SILAS_9,0.0,0.0,False,0.0
2024-06-17,11,SILASRAY_SILAS_6,0.0,0.0,False,0.0
2024-06-17,11,GIDEON_GIDEONG1,40.8,0.0,True,1428.0
2024-06-17,11,GIDEON_GIDEONG2,40.8,0.0,True,1428.0
2024-06-17,11,GIDEON_GIDEONG3,105.3,0.0,True,3685.5
2024-06-17,11,SKY1_SKY1A,0.0,0.0,False,0.0
2024-06-17,11,SKY1_SKY1B,0.0,0.0,False,0.0
2024-06-17,11,SPNCER_SPNCE_4,0.0,0.0,False,0.0
2024-06-17,11,SPNCER_SPNCE_5,0.0,0.0,False,0.0
2024-06-17,11,SCSES_UNIT1A,0.0,0.0,False,0.0
2024-06-17,11,SCSES_UNIT2,0.0,0.0,False,0.0
2024-06-17,11,THW_THWGT_1,16.3,0.0,True,684.6
2024-06-17,11,THW_THWGT31,51.3,0.0,True,1436.4
2024-06-17,11,THW_THWGT32,51.3,0.0,True,1436.4
2024-06-17,11,THW_THWGT33,51.3,0.0,True,1436.4
2024-06-17,11,THW_THWGT34,51.3,0.0,True,1436.4
2024-06-17,11,THW_THWGT41,51.3,0.0,True,1436.4
2024-06-17,11,THW_THWGT42,51.3,0.0,True,1436.4
2024-06-17,11,THW_THWGT43,62.0,0.0,True,1736.0
2024-06-17,11,THW_THWGT44,62.0,0.0,True,1736.0
2024-06-17,11,THW_THWGT51,85.0,0.0,True,3570.0
2024-06-17,11,THW_THWGT52,85.0,0.0,True,3570.0
2024-06-17,11,THW_THWGT53,85.0,0.0,True,3570.0
2024-06-17,11,THW_THWGT54,85.0,0.0,True,3570.0
2024-06-17,11,THW_THWGT55,85.0,0.0,True,3570.0
2024-06-17,11,THW_THWGT56,85.0,0.0,True,3570.0
2024-06-17,11,THW_THWST_3,113.1,0.0,True,3166.8
2024-06-17,11,THW_THWST_4,113.1,0.0,True,3166.8
2024-06-17,11,TXCTY_CTA,129.1,0.0,True,3614.8
2024-06-17,11,TXCTY_CTB,129.1,0.0,True,3614.8
2024-06-17,11,TXCTY_CTC,129.1,0.0,True,3614.8
2024-06-17,11,TXCTY_ST,143.7,0.0,True,4023.6
2024-06-17,11,TGS_GT01,0.0,0.0,False,0.0
2024-06-17,11,TIMPP_AGR1,0.0,0.0,False,0.0
2024-06-17,11,TIMPP_AGR2,0.0,0.0,False,0.0
2024-06-17,11,TIMPP_AGR3,0.0,0.0,False,0.0
2024-06-17,11,TIMPP_AGR4,0.0,0.0,False,0.0
2024-06-17,11,TRSES_UNIT6,71.7,0.0,True,2509.5
2024-06-17,11,TOPAZ_UNIT1,60.5,0.0,True,2541.0
2024-06-17,11,TOPAZ_UNIT2,60.5,0.0,True,2541.0
2024-06-17,11,TOPAZ_UNIT3,60.5,0.0,True,2541.0
2024-06-17,11,TOPAZ_UNIT4,60.5,0.0,True,2541.0
2024-06-17,11,TOPAZ_UNIT5,60.5,0.0,True,2541.0
2024-06-17,11,TOPAZ_UNIT6,60.5,0.0,True,2541.0
2024-06-17,11,TOPAZ_UNIT7,60.5,0.0,True,2541.0
2024-06-17,11,TOPAZ_UNIT8,60.5,0.0,True,2541.0
2024-06-17,11,TOPAZ_UNIT9,60.5,0.0,True,2541.0
2024-06-17,11,TOPAZ_UNIT10,60.5,0.0,True,2541.0
2024-06-17,11,BRAUNIG_VHB6CT5,0.0,0.0,False,0.0
2024-06-17,11,BRAUNIG_VHB6CT6,0.0,0.0,False,0.0
2024-06-17,11,BRAUNIG_VHB6CT7,0.0,0.0,False,0.0
2024-06-17,11,BRAUNIG_VHB6CT8,0.0,0.0,False,0.0
2024-06-17,11,CITYVICT_CTG01,0.0,0.0,False,0.0
2024-06-17,11,CITYVICT_CTG02,0.0,0.0,False,0.0
2024-06-17,11,VICTPORT_CTG01,0.0,0.0,False,0.0
2024-06-17,11,VICTPORT_CTG02,0.0,0.0,False,0.0
2024-06-17,11,VICTORIA_VICTORG6,0.0,0.0,False,0.0
2024-06-17,11,VICTORIA_VICTORG5,0.0,0.0,False,0.0
2024-06-17,11,WAP_WAPGT_1,0.0,0.0,False,0.0
2024-06-17,11,WAP_WAP_G1,0.0,0.0,False,0.0
2024-06-17,11,WAP_WAP_G2,0.0,0.0,False,0.0
2024-06-17,11,WAP_WAP_G3,0.0,0.0,False,0.0
2024-06-17,11,WAP_WAP_G4,0.0,0.0,False,0.0
2024-06-17,11,WFCOGEN_UNIT1,0.0,0.0,False,0.0
2024-06-17,11,WFCOGEN_UNIT2,0.0,0.0,False,0.0
2024-06-17,11,WFCOGEN_UNIT3,0.0,0.0,False,0.0
2024-06-17,11,WIPOPA_WPP_G1,60.5,0.0,True,2541.0
2024-06-17,11,WIPOPA_WPP_G2,60.5,0.0,True,2541.0
2024-06-17,11,WIPOPA_WPP_G3,60.5,0.0,True,2541.0
2024-06-17,11,WIPOPA_WPP_G4,60.5,0.0,True,2541.0
2024-06-17,11,WCPP_CT1,0.0,0.0,False,0.0
2024-06-17,11,WCPP_CT2,261.2610983197343,13.738901680265684,True,7315.3108
2024-06-17,11,WCPP_ST1,89.4,208.6,True,2503.2
2024-06-17,11,WHCCS_CT1,264.5,0.0,True,7406.0
2024-06-17,11,WHCCS_CT2,264.5,0.0,True,7406.0
2024-06-17,11,WHCCS_STG,300.0,0.0,True,8400.0
2024-06-17,11,WHCCS2_CT4,360.0,0.0,True,10080.0
2024-06-17,11,WHCCS2_CT5,360.0,0.0,True,10080.0
2024-06-17,11,WHCCS2_STG6,511.2,0.0,True,14313.6
2024-06-17,11,NACPW_UNIT1,0.0,0.0,False,0.0
2024-06-17,11,HBR_2UNITS,0.64,0.0,True,25.6
2024-06-17,11,TRIRA_1UNIT,0.8,0.0,True,32.0
2024-06-17,11,78252_4UNITS,0.0,0.0,False,0.0
2024-06-17,11,SPRIN_4UNITS,0.0,0.0,False,0.0
2024-06-17,11,FREIH_2UNITS,0.0,0.0,False,0.0
2024-06-17,11,WSTHL_3UNITS,0.0,0.0,False,0.0
2024-06-17,11,FEGC_CTG2,0.0,0.0,False,0.0
2024-06-17,11,FEGC_CTG3,0.0,0.0,False,0.0
2024-06-17,11,FEGC_CTG4,0.0,0.0,False,0.0
2024-06-17,11,OLNEYTN_AGR1,0.0,0.0,False,0.0
2024-06-17,11,AMISTAD_AMISTAG1,0.0,0.0,False,0.0
2024-06-17,11,AMISTAD_AMISTAG2,0.0,0.0,False,0.0
2024-06-17,11,AUSTPL_AUSTING1,9.0,0.0,True,9.0
2024-06-17,11,AUSTPL_AUSTING2,9.0,0.0,True,9.0
2024-06-17,11,BUCHAN_BUCHANG1,18.299999999999997,3.552713678800501e-15,True,18.3
2024-06-17,11,BUCHAN_BUCHANG2,18.299999999999997,3.552713678800501e-15,True,18.3
2024-06-17,11,BUCHAN_BUCHANG3,18.299999999999997,3.552713678800501e-15,True,18.3
2024-06-17,11,DNDAM_DENISOG1,50.8,0.0,True,50.8
2024-06-17,11,DNDAM_DENISOG2,50.8,0.0,True,50.8
2024-06-17,11,FALCON_FALCONG1,0.0,0.0,False,0.0
2024-06-17,11,FALCON_FALCONG2,0.0,0.0,False,0.0
2024-06-17,11,FALCON_FALCONG3,0.0,0.0,False,0.0
2024-06-17,11,WIRTZ_WIRTZ_G1,29.0,0.0,True,29.0
2024-06-17,11,WIRTZ_WIRTZ_G2,3.421375644829444,25.578624355170557,True,3.4214
2024-06-17,11,CANYHY_CANYHYG1,0.6,5.4,True,0.6
2024-06-17,11,INKSDA_INKS_G1,15.0,0.0,True,15.0
2024-06-17,11,MARBFA_MARBFAG1,21.0,0.0,True,21.0
2024-06-17,11,MARBFA_MARBFAG2,20.0,0.0,True,20.0
2024-06-17,11,MARSFO_MARSFOG1,0.0,0.0,False,0.0
2024-06-17,11,MARSFO_MARSFOG2,0.0,0.0,False,0.0
2024-06-17,11,MARSFO_MARSFOG3,0.0,0.0,False,0.0
2024-06-17,11,WND_WHITNEY1,22.0,0.0,True,22.0
2024-06-17,11,WND_WHITNEY2,22.0,0.0,True,22.0
2024-06-17,11,AEEC_ANTLP_1,0.0,0.0,False,0.0
2024-06-17,11,AEEC_ANTLP_2,0.0,0.0,False,0.0
2024-06-17,11,AEEC_ANTLP_3,0.0,0.0,False,0.0
2024-06-17,11,AEEC_ELK_1,0.0,0.0,False,0.0
2024-06-17,11,AEEC_ELK_2,0.0,0.0,False,0.0
2024-06-17,11,AEEC_ELK_3,0.0,0.0,False,0.0
2024-06-17,11,FTR_FTR_G1,185.0,0.0,True,5180.0
2024-06-17,11,FTR_FTR_G2,185.0,0.0,True,5180.0
2024-06-17,11,FTR_FTR_G3,185.0,0.0,True,5180.0
2024-06-17,11,FTR_FTR_G4,400.0,0.0,True,11200.0
2024-06-17,11,TGCCS_CT1,0.0,0.0,False,0.0
2024-06-17,11,TGCCS_CT2,0.0,0.0,False,0.0
2024-06-17,11,TGCCS_CT3,0.0,0.0,False,0.0
2024-06-17,11,TGCCS_UNIT4,0.0,0.0,False,0.0
2024-06-17,11,KMCHI_1CT101,55.5,129.5,True,1554.0
2024-06-17,11,KMCHI_1CT201,55.5,129.5,True,1554.0
2024-06-17,11,KMCHI_1ST,0.0,0.0,False,0.0
2024-06-17,11,KMCHI_2CT101,55.5,129.5,True,1554.0
2024-06-17,11,KMCHI_2CT201,55.5,129.5,True,1554.0
2024-06-17,11,KMCHI_2ST,99.0,231.0,True,2772.0
2024-06-17,11,A4_DGR1,0.0,0.0,False,0.0
2024-06-17,11,A4_DGR2,0.0,0.0,False,0.0
2024-06-17,11,K2_DGR1,0.0,0.0,False,0.0
2024-06-17,11,K2_DGR2,0.0,0.0,False,0.0
2024-06-17,11,P2_DGR1,0.0,0.0,False,0.0
2024-06-17,11,P2_DGR2,0.0,0.0,False,0.0
2024-06-17,11,Q1_DGR1,0.0,0.0,False,0.0
2024-06-17,11,BRAUNIG_VHB3,126.0,0.0,True,4410.0
2024-06-17,11,V2_DGR1,0.0,0.0,False,0.0
2024-06-17,11,V2_DGR2,0.0,0.0,False,0.0
2024-06-17,11,V2_DGR3,0.0,0.0,False,0.0
2024-06-17,11,V4_DGR1,0.0,0.0,False,0.0
2024-06-17,11,X1_DGR1,0.0,0.0,False,0.0
2024-06-17,11,Z0_DGR1,0.0,0.0,False,0.0
2024-06-17,11,Z0_DGR2,0.0,0.0,False,0.0
2024-06-17,11,Z5_DGR1,0.0,0.0,False,0.0
2024-06-17,11,DC_E,0.0,0.0,False,0.0
2024-06-17,11,DC_N,0.0,0.0,False,0.0
2024-06-17,11,DC_L,0.0,0.0,False,0.0
2024-06-17,11,DC_R,0.0,0.0,False,0.0
2024-06-17,11,CEDARVALE_GAS,0.0,0.0,False,0.0
2024-06-17,11,ENCHANTED_ROCK_NEWPP,30.0,0.0,True,1350.0
2024-06-17,12,CPSES_UNIT1,1269.0,0.0,True,10152.0
2024-06-17,12,CPSES_UNIT2,1269.0,0.0,True,10152.0
2024-06-17,12,STP_STP_G1,1228.5,136.5,True,9828.0
2024-06-17,12,STP_STP_G2,1228.5,136.5,True,9828.0
2024-06-17,12,COLETO_COLETOG1,0.0,0.0,False,0.0
2024-06-17,12,FPPYD1_FPP_G1,615.0,0.0,True,15375.0
2024-06-17,12,FPPYD1_FPP_G2,615.0,0.0,True,15375.0
2024-06-17,12,FPPYD2_FPP_G3,460.0,0.0,True,11500.0
2024-06-17,12,CALAVERS_JKS1,560.0,0.0,True,14000.0
2024-06-17,12,CALAVERS_JKS2,922.0,0.0,True,23050.0
2024-06-17,12,LEG_LEG_G1,893.0,0.0,True,22325.0
2024-06-17,12,LEG_LEG_G2,956.8,0.0,True,23920.0
2024-06-17,12,MLSES_UNIT1,0.0,0.0,False,0.0
2024-06-17,12,MLSES_UNIT2,357.2,535.8,True,8930.0
2024-06-17,12,MLSES_UNIT3,357.2,535.8,True,8930.0
2024-06-17,12,OGSES_UNIT1A,916.8,0.0,True,22920.0
2024-06-17,12,OGSES_UNIT2,916.8,0.0,True,22920.0
2024-06-17,12,SANMIGL_G1,0.0,0.0,False,0.0
2024-06-17,12,SCES_UNIT1,1008.0,0.0,True,25200.0
2024-06-17,12,TNP_ONE_TNP_O_1,174.6,0.0,True,4365.0
2024-06-17,12,TNP_ONE_TNP_O_2,174.6,0.0,True,4365.0
2024-06-17,12,WAP_WAP_G5,0.0,0.0,False,0.0
2024-06-17,12,WAP_WAP_G6,0.0,0.0,False,0.0
2024-06-17,12,WAP_WAP_G7,0.0,0.0,False,0.0
2024-06-17,12,WAP_WAP_G8,0.0,0.0,False,0.0
2024-06-17,12,BRAUNIG_AVR1_CT1,189.0,0.0,True,5292.0
2024-06-17,12,BRAUNIG_AVR1_CT2,189.0,0.0,True,5292.0
2024-06-17,12,BRAUNIG_AVR1_ST,222.0,0.0,True,6216.0
2024-06-17,12,ATKINS_ATKINSG7,21.0,0.0,True,882.0
2024-06-17,12,B_DAVIS_B_DAVIG3,0.0,0.0,False,0.0
2024-06-17,12,B_DAVIS_B_DAVIG4,0.0,0.0,False,0.0
2024-06-17,12,B_DAVIS_B_DAVIG1,0.0,0.0,False,0.0
2024-06-17,12,B_DAVIS_B_DAVIG2,0.0,0.0,False,0.0
2024-06-17,12,BASTEN_GTG1100,56.4,131.6,True,1579.2
2024-06-17,12,BASTEN_GTG2100,56.4,131.6,True,1579.2
2024-06-17,12,BASTEN_ST0100,72.6,169.4,True,2032.8
2024-06-17,12,BCH_UNIT1,60.5,0.0,True,2541.0
2024-06-17,12,BCH_UNIT2,60.5,0.0,True,2541.0
2024-06-17,12,BCH_UNIT3,60.5,0.0,True,2541.0
2024-06-17,12,BCH_UNIT4,60.5,0.0,True,2541.0
2024-06-17,12,BCH_UNIT5,60.5,0.0,True,2541.0
2024-06-17,12,BCH_UNIT6,60.5,0.0,True,2541.0
2024-06-17,12,BCH_UNIT7,60.5,0.0,True,2541.0
2024-06-17,12,BCH_UNIT8,60.5,0.0,True,2541.0
2024-06-17,12,BOSQUESW_BSQSU_1,56.61,132.08999999999997,True,1585.08
2024-06-17,12,BOSQUESW_BSQSU_2,56.61,132.08999999999997,True,1585.08
2024-06-17,12,BOSQUESW_BSQSU_3,56.61,132.08999999999997,True,1585.08
2024-06-17,12,BOSQUESW_BSQSU_4,28.5,66.5,True,798.0
2024-06-17,12,BOSQUESW_BSQSU_5,76.26,177.94,True,2135.28
2024-06-17,12,BVE_UNIT1,198.90000000000003,-2.842170943040401e-14,True,5569.2
2024-06-17,12,BVE_UNIT2,198.90000000000003,-2.842170943040401e-14,True,5569.2
2024-06-17,12,BVE_UNIT3,275.6,0.0,True,7716.8
2024-06-17,12,BTM_UNIT1,60.5,0.0,True,2541.0
2024-06-17,12,BTM_UNIT2,60.5,0.0,True,2541.0
2024-06-17,12,BTM_UNIT3,60.5,0.0,True,2541.0
2024-06-17,12,BTM_UNIT4,60.5,0.0,True,2541.0
2024-06-17,12,BTM_UNIT5,60.5,0.0,True,2541.0
2024-06-17,12,BTM_UNIT6,60.5,0.0,True,2541.0
2024-06-17,12,BTM_UNIT7,60.5,0.0,True,2541.0
2024-06-17,12,BTM_UNIT8,60.5,0.0,True,2541.0
2024-06-17,12,FLCNS_UNIT1,0.0,0.0,False,0.0
2024-06-17,12,FLCNS_UNIT2,0.0,0.0,False,0.0
2024-06-17,12,CALHOUN_UNIT1,0.0,0.0,False,0.0
2024-06-17,12,CALHOUN_UNIT2,0.0,0.0,False,0.0
2024-06-17,12,CHAMON_CTG_0101,60.5,0.0,True,2541.0
2024-06-17,12,CHAMON_CTG_0301,60.5,0.0,True,2541.0
2024-06-17,12,CBY4_CT41,205.0,0.0,True,5740.0
2024-06-17,12,CBY4_CT42,205.0,0.0,True,5740.0
2024-06-17,12,CBY4_ST04,205.0,0.0,True,5740.0
2024-06-17,12,CBY_CBY_G1,765.0,0.0,True,26775.0
2024-06-17,12,CBY_CBY_G2,765.0,0.0,True,26775.0
2024-06-17,12,CBEC_GT1,0.0,0.0,False,0.0
2024-06-17,12,CBEC_GT2,0.0,0.0,False,0.0
2024-06-17,12,CBEC_GT3,0.0,0.0,False,0.0
2024-06-17,12,CBEC_GT4,0.0,0.0,False,0.0
2024-06-17,12,CBEC_STG1,0.0,0.0,False,0.0
2024-06-17,12,CBEC_STG2,0.0,0.0,False,0.0
2024-06-17,12,CBECII_CT7,0.0,0.0,False,0.0
2024-06-17,12,CBECII_CT8,0.0,0.0,False,0.0
2024-06-17,12,CBECII_STG9,0.0,0.0,False,0.0
2024-06-17,12,CBEC_GT11,0.0,0.0,False,0.0
2024-06-17,12,CBEC_GT12,0.0,0.0,False,0.0
2024-06-17,12,CVC_CVC_G1,192.1,0.0,True,5378.8
2024-06-17,12,CVC_CVC_G2,192.1,0.0,True,5378.8
2024-06-17,12,CVC_CVC_G3,192.1,0.0,True,5378.8
2024-06-17,12,CVC_CVC_G5,150.0,0.0,True,4200.0
2024-06-17,12,DANSBY_DANSBYG2,48.0,0.0,True,2016.0
2024-06-17,12,DANSBY_DANSBYG3,50.0,0.0,True,2100.0
2024-06-17,12,DANSBY_DANSBYG1,120.0,0.0,True,4200.0
2024-06-17,12,DECKER_DPGT_1,0.0,0.0,False,0.0
2024-06-17,12,DECKER_DPGT_2,0.0,0.0,False,0.0
2024-06-17,12,DECKER_DPGT_3,0.0,0.0,False,0.0
2024-06-17,12,DECKER_DPGT_4,0.0,0.0,False,0.0
2024-06-17,12,DCSES_CT10,0.0,0.0,False,0.0
2024-06-17,12,DCSES_CT20,0.0,0.0,False,0.0
2024-06-17,12,DCSES_CT30,0.0,0.0,False,0.0
2024-06-17,12,DCSES_CT40,0.0,0.0,False,0.0
2024-06-17,12,DDPEC_GT1,60.9,142.1,True,1705.2
2024-06-17,12,DDPEC_GT2,215.0,0.0,True,6020.0
2024-06-17,12,DDPEC_GT3,60.9,142.1,True,1705.2
2024-06-17,12,DDPEC_GT4,64.5,150.5,True,1806.0
2024-06-17,12,DDPEC_GT6,199.0,0.0,True,5572.0
2024-06-17,12,DDPEC_ST1,181.58220000000205,108.41779999999795,True,5084.3016
2024-06-17,12,DEC_AGR_A,0.0,0.0,False,0.0
2024-06-17,12,DEC_AGR_B,0.0,0.0,False,0.0
2024-06-17,12,DEC_AGR_C,0.0,0.0,False,0.0
2024-06-17,12,DEC_AGR_D,0.0,0.0,False,0.0
2024-06-17,12,ECEC_G1,0.0,0.0,False,0.0
2024-06-17,12,ECEC_G2,0.0,0.0,False,0.0
2024-06-17,12,ETCCS_CT1,78.0,182.0,True,2184.0
2024-06-17,12,ETCCS_UNIT1,42.0,98.0,True,1176.0
2024-06-17,12,AZ_AZ_G1,40.0,0.0,True,1680.0
2024-06-17,12,AZ_AZ_G2,40.0,0.0,True,1680.0
2024-06-17,12,AZ_AZ_G3,40.0,0.0,True,1680.0
2024-06-17,12,AZ_AZ_G4,11.95206848447313,28.04793151552687,True,501.9869
2024-06-17,12,FERGCC_FERGGT1,0.0,0.0,False,0.0
2024-06-17,12,FERGCC_FERGGT2,0.0,0.0,False,0.0
2024-06-17,12,FERGCC_FERGST1,61.2,0.0,True,1713.6
2024-06-17,12,FRNYPP_GT11,59.01,137.69,True,1652.28
2024-06-17,12,FRNYPP_GT12,59.01,137.69,True,1652.28
2024-06-17,12,FRNYPP_GT13,0.0,0.0,False,0.0
2024-06-17,12,FRNYPP_GT21,0.0,0.0,False,0.0
2024-06-17,12,FRNYPP_GT22,0.0,0.0,False,0.0
2024-06-17,12,FRNYPP_GT23,59.01,137.69,True,1652.28
2024-06-17,12,FRNYPP_ST10,0.0,0.0,False,0.0
2024-06-17,12,FRNYPP_ST20,0.0,0.0,False,0.0
2024-06-17,12,FREC_GT1,179.4,0.0,True,5023.2
2024-06-17,12,FREC_GT2,179.4,0.0,True,5023.2
2024-06-17,12,FREC_GT4,119.07049573652967,60.32950426347034,True,3333.9739
2024-06-17,12,FREC_GT5,179.4,0.0,True,5023.2
2024-06-17,12,FREC_ST3,190.7,0.0,True,5339.6
2024-06-17,12,FREC_ST6,190.7,0.0,True,5339.6
2024-06-17,12,FEGC_UNIT1,0.0,0.0,False,0.0
2024-06-17,12,FRONT_EC_CT1,0.0,0.0,False,0.0
2024-06-17,12,FRONT_EC_CT2,0.0,0.0,False,0.0
2024-06-17,12,FRONT_EC_ST,0.0,0.0,False,0.0
2024-06-17,12,GRSES_UNIT1,0.0,0.0,False,0.0
2024-06-17,12,GRSES_UNIT2,0.0,0.0,False,0.0
2024-06-17,12,GBY_GBYGT73,72.0,0.0,True,3024.0
2024-06-17,12,GBY_GBYGT74,72.0,0.0,True,3024.0
2024-06-17,12,GBY_GBYGT81,72.0,0.0,True,3024.0
2024-06-17,12,GBY_GBYGT82,72.0,0.0,True,3024.0
2024-06-17,12,GBY_GBYGT83,72.0,0.0,True,3024.0
2024-06-17,12,GBY_GBYGT84,72.0,0.0,True,3024.0
2024-06-17,12,STEAM_ENGINE_1,0.0,0.0,False,0.0
2024-06-17,12,STEAM_ENGINE_2,0.0,0.0,False,0.0
2024-06-17,12,STEAM_ENGINE_3,0.0,0.0,False,0.0
2024-06-17,12,LGE_LGE_GT1,0.0,0.0,False,0.0
2024-06-17,12,LGE_LGE_GT2,0.0,0.0,False,0.0
2024-06-17,12,LGE_LGE_STG,0.0,0.0,False,0.0
2024-06-17,12,GUADG_GAS1,0.0,0.0,False,0.0
2024-06-17,12,GUADG_GAS2,0.0,0.0,False,0.0
2024-06-17,12,GUADG_GAS3,0.0,0.0,False,0.0
2024-06-17,12,GUADG_GAS4,0.0,0.0,False,0.0
2024-06-17,12,GUADG_STM5,0.0,0.0,False,0.0
2024-06-17,12,GUADG_STM6,0.0,0.0,False,0.0
2024-06-17,12,HLSES_UNIT3,395.0,0.0,True,13825.0
2024-06-17,12,HLSES_UNIT4,435.0,0.0,True,15225.0
2024-06-17,12,HLSES_UNIT5,435.0,0.0,True,15225.0
2024-06-17,12,HAYSEN_HAYSENG1,0.0,0.0,False,0.0
2024-06-17,12,HAYSEN_HAYSENG2,0.0,0.0,False,0.0
2024-06-17,12,HAYSEN_HAYSENG3,0.0,0.0,False,0.0
2024-06-17,12,HAYSEN_HAYSENG4,0.0,0.0,False,0.0
2024-06-17,12,DUKE_DUKE_GT1,0.0,0.0,False,0.0
2024-06-17,12,DUKE_DUKE_GT2,0.0,0.0,False,0.0
2024-06-17,12,DUKE_DUKE_ST1,0.0,0.0,False,0.0
2024-06-17,12,JACKCNTY_CT1,0.0,0.0,False,0.0
2024-06-17,12,JACKCNTY_CT2,0.0,0.0,False,0.0
2024-06-17,12,JCKCNTY2_CT3,0.0,0.0,False,0.0
2024-06-17,12,JCKCNTY2_CT4,0.0,0.0,False,0.0
2024-06-17,12,JACKCNTY_STG,0.0,0.0,False,0.0
2024-06-17,12,JCKCNTY2_ST2,0.0,0.0,False,0.0
2024-06-17,12,TEN_CT1,185.0,0.0,True,5180.0
2024-06-17,12,TEN_STG,107.0,0.0,True,2996.0
2024-06-17,12,LHSES_UNIT1,0.0,0.0,False,0.0
2024-06-17,12,LHSES_UNIT2A,0.0,0.0,False,0.0
2024-06-17,12,LPCCS_CT11,0.0,0.0,False,0.0
2024-06-17,12,LPCCS_CT12,0.0,0.0,False,0.0
2024-06-17,12,LPCCS_CT21,0.0,0.0,False,0.0
2024-06-17,12,LPCCS_CT22,0.0,0.0,False,0.0
2024-06-17,12,LPCCS_UNIT1,0.0,0.0,False,0.0
2024-06-17,12,LPCCS_UNIT2,0.0,0.0,False,0.0
2024-06-17,12,LARDVFTN_G4,0.0,0.0,False,0.0
2024-06-17,12,LARDVFTN_G5,0.0,0.0,False,0.0
2024-06-17,12,LEON_CRK_LCPCT1,4.8,0.0,True,201.6
2024-06-17,12,LEON_CRK_LCPCT2,4.8,0.0,True,201.6
2024-06-17,12,LEON_CRK_LCPCT3,4.8,0.0,True,201.6
2024-06-17,12,LEON_CRK_LCPCT4,4.8,0.0,True,201.6
2024-06-17,12,LIG_UNIT1,6.05,54.45,True,254.1
2024-06-17,12,LIG_UNIT2,60.5,0.0,True,2541.0
2024-06-17,12,LOSTPI_LOSTPGT1,202.5,0.0,True,5670.0
2024-06-17,12,LOSTPI_LOSTPGT2,202.5,0.0,True,5670.0
2024-06-17,12,LOSTPI_LOSTPST1,204.0,0.0,True,5712.0
2024-06-17,12,NEDIN_NEDIN_G1,0.0,0.0,False,0.0
2024-06-17,12,NEDIN_NEDIN_G2,0.0,0.0,False,0.0
2024-06-17,12,NEDIN_NEDIN_G3,0.0,0.0,False,0.0
2024-06-17,12,MDANP_CT1,258.0,0.0,True,7224.0
2024-06-17,12,MDANP_CT2,256.0,0.0,True,7168.0
2024-06-17,12,MDANP_CT3,255.0,0.0,True,7140.0
2024-06-17,12,MDANP_CT4,258.0,0.0,True,7224.0
2024-06-17,12,MDANP_CT5,276.0,0.0,True,7728.0
2024-06-17,12,MDANP_CT6,278.0,0.0,True,7784.0
2024-06-17,12,MGSES_CT1,0.0,0.0,False,0.0
2024-06-17,12,MGSES_CT2,0.0,0.0,False,0.0
2024-06-17,12,MGSES_CT3,0.0,0.0,False,0.0
2024-06-17,12,MGSES_CT4,0.0,0.0,False,0.0
2024-06-17,12,MGSES_CT5,0.0,0.0,False,0.0
2024-06-17,12,MGSES_CT6,0.0,0.0,False,0.0
2024-06-17,12,MCSES_UNIT6,122.0,0.0,True,4270.0
2024-06-17,12,MCSES_UNIT7,118.0,0.0,True,4130.0
2024-06-17,12,MCSES_UNIT8,568.0,0.0,True,19880.0
2024-06-17,12,NUECES_B_NUECESG8,0.0,0.0,False,0.0
2024-06-17,12,NUECES_B_NUECESG9,0.0,0.0,False,0.0
2024-06-17,12,NUECES_B_NUECESG7,0.0,0.0,False,0.0
2024-06-17,12,CALAVERS_OWS1,445.0,0.0,True,15575.0
2024-06-17,12,CALAVERS_OWS2,435.0,0.0,True,15225.0
2024-06-17,12,OECCS_CT11,0.0,0.0,False,0.0
2024-06-17,12,OECCS_CT12,0.0,0.0,False,0.0
2024-06-17,12,OECCS_CT21,0.0,0.0,False,0.0
2024-06-17,12,OECCS_CT22,0.0,0.0,False,0.0
2024-06-17,12,OECCS_UNIT1,0.0,0.0,False,0.0
2024-06-17,12,OECCS_UNIT2,0.0,0.0,False,0.0
2024-06-17,12,VICTPRT2_UNIT1,0.0,0.0,False,0.0
2024-06-17,12,VICTPRT2_UNIT2,0.0,0.0,False,0.0
2024-06-17,12,PANDA_S_SHER1CT1,0.0,0.0,False,0.0
2024-06-17,12,PANDA_S_SHER1CT2,223.67868507367047,8.321314926329535,True,6263.0032
2024-06-17,12,PANDA_S_SHER1ST1,353.1,0.0,True,9886.8
2024-06-17,12,PANDA_T1_TMPL1CT1,69.6,0.0,True,1948.8
2024-06-17,12,PANDA_T1_TMPL1CT2,69.6,0.0,True,1948.8
2024-06-17,12,PANDA_T1_TMPL1ST1,105.93,0.0,True,2966.04
2024-06-17,12,PANDA_T2_TMPL2CT1,69.6,0.0,True,1948.8
2024-06-17,12,PANDA_T2_TMPL2CT2,69.6,0.0,True,1948.8
2024-06-17,12,PANDA_T2_TMPL2ST1,105.93,0.0,True,2966.04
2024-06-17,12,TNSKA_GT1,0.0,0.0,False,0.0
2024-06-17,12,TNSKA_GT2,0.0,0.0,False,0.0
2024-06-17,12,TNSKA_STG,0.0,0.0,False,0.0
2024-06-17,12,PSG_PSG_GT2,215.1,0.0,True,6022.8
2024-06-17,12,PSG_PSG_GT3,215.1,0.0,True,6022.8
2024-06-17,12,PSG_PSG_ST2,195.5,0.0,True,5474.0
2024-06-17,12,PEARSAL2_AGR_A,0.0,0.0,False,0.0
2024-06-17,12,PEARSAL2_AGR_B,0.0,0.0,False,0.0
2024-06-17,12,PEARSAL2_AGR_C,0.0,0.0,False,0.0
2024-06-17,12,PEARSAL2_AGR_D,0.0,0.0,False,0.0
2024-06-17,12,PB2SES_CT1,0.0,0.0,False,0.0
2024-06-17,12,PB2SES_CT2,0.0,0.0,False,0.0
2024-06-17,12,PB2SES_CT3,0.0,0.0,False,0.0
2024-06-17,12,PB2SES_CT4,0.0,0.0,False,0.0
2024-06-17,12,PB2SES_CT5,0.0,0.0,False,0.0
2024-06-17,12,PRO_UNIT1,60.5,0.0,True,2541.0
2024-06-17,12,PRO_UNIT2,6.05,54.45,True,254.1
2024-06-17,12,PRO_UNIT3,6.05,54.45,True,254.1
2024-06-17,12,PRO_UNIT4,60.5,0.0,True,2541.0
2024-06-17,12,PRO_UNIT5,6.05,54.45,True,254.1
2024-06-17,12,PRO_UNIT6,60.5,0.0,True,2541.0
2024-06-17,12,PRO_UNIT7,60.5,0.0,True,2541.0
2024-06-17,12,PRO_UNIT8,60.5,0.0,True,2541.0
2024-06-17,12,BAC_CTG1,65.0,0.0,True,2730.0
2024-06-17,12,BAC_CTG2,65.0,0.0,True,2730.0
2024-06-17,12,BAC_CTG3,65.0,0.0,True,2730.0
2024-06-17,12,BAC_CTG4,65.0,0.0,True,2730.0
2024-06-17,12,BAC_CTG5,65.0,0.0,True,2730.0
2024-06-17,12,BAC_CTG6,65.0,0.0,True,2730.0
2024-06-17,12,STEAM1A_STEAM_1,0.0,0.0,False,0.0
2024-06-17,12,STEAM_STEAM_2,0.0,0.0,False,0.0
2024-06-17,12,STEAM_STEAM_3,0.0,0.0,False,0.0
2024-06-17,12,QALSW_GT1,0.0,0.0,False,0.0
2024-06-17,12,QALSW_GT2,0.0,0.0,False,0.0
2024-06-17,12,QALSW_GT3,0.0,0.0,False,0.0
2024-06-17,12,QALSW_GT4,0.0,0.0,False,0.0
2024-06-17,12,QALSW_STG1,0.0,0.0,False,0.0
2024-06-17,12,QALSW_STG2,0.0,0.0,False,0.0
2024-06-17,12,MIL_MILLERG4,0.0,0.0,False,0.0
2024-06-17,12,MIL_MILLERG5,0.0,0.0,False,0.0
2024-06-17,12,MIL_MILLERG1,0.0,0.0,False,0.0
2024-06-17,12,MIL_MILLERG2,0.0,0.0,False,0.0
2024-06-17,12,MIL_MILLERG3,0.0,0.0,False,0.0
2024-06-17,12,OLINGR_OLING_4,0.0,0.0,False,0.0
2024-06-17,12,OLINGR_OLING_2,0.0,0.0,False,0.0
2024-06-17,12,OLINGR_OLING_3,0.0,0.0,False,0.0
2024-06-17,12,RAB_UNIT1,0.0,0.0,False,0.0
2024-06-17,12,RAB_UNIT2,0.0,0.0,False,0.0
2024-06-17,12,RAB_UNIT3,0.0,0.0,False,0.0
2024-06-17,12,RAB_UNIT4,0.0,0.0,False,0.0
2024-06-17,12,RAB_UNIT5,0.0,0.0,False,0.0
2024-06-17,12,RAB_UNIT6,0.0,0.0,False,0.0
2024-06-17,12,RAB_UNIT7,0.0,0.0,False,0.0
2024-06-17,12,RAB_UNIT8,0.0,0.0,False,0.0
2024-06-17,12,REDGATE_AGR_A,0.0,0.0,False,0.0
2024-06-17,12,REDGATE_AGR_B,0.0,0.0,False,0.0
2024-06-17,12,REDGATE_AGR_C,0.0,0.0,False,0.0
2024-06-17,12,REDGATE_AGR_D,0.0,0.0,False,0.0
2024-06-17,12,JAD_UNIT1,6.05,54.45,True,254.1
2024-06-17,12,JAD_UNIT2,60.5,0.0,True,2541.0
2024-06-17,12,JAD_UNIT3,6.05,54.45,True,254.1
2024-06-17,12,JAD_UNIT4,60.5,0.0,True,2541.0
2024-06-17,12,JAD_UNIT5,60.5,0.0,True,2541.0
2024-06-17,12,JAD_UNIT6,60.5,0.0,True,2541.0
2024-06-17,12,JAD_UNIT7,6.05,54.45,True,254.1
2024-06-17,12,JAD_UNIT8,6.05,54.45,True,254.1
2024-06-17,12,RIONOG_CT1,0.0,0.0,False,0.0
2024-06-17,12,RIONOG_CT2,0.0,0.0,False,0.0
2024-06-17,12,RIONOG_CT3,0.0,0.0,False,0.0
2024-06-17,12,RIONOG_ST1,0.0,0.0,False,0.0
2024-06-17,12,RAYBURN_RAYBURG7,60.5,0.0,True,1694.0
2024-06-17,12,RAYBURN_RAYBURG8,60.5,0.0,True,1694.0
2024-06-17,12,RAYBURN_RAYBURG9,60.5,0.0,True,1694.0
2024-06-17,12,RAYBURN_RAYBURG10,12.6,29.4,True,352.8
2024-06-17,12,SJS_SJS_G1,88.19999999999999,1.4210854715202004e-14,True,3704.4
2024-06-17,12,SJS_SJS_G2,88.19999999999999,1.4210854715202004e-14,True,3704.4
2024-06-17,12,SANDHSYD_SH1,6.05,0.0,True,254.1
2024-06-17,12,SANDHSYD_SH2,6.05,0.0,True,254.1
2024-06-17,12,SANDHSYD_SH3,0.0,0.0,False,0.0
2024-06-17,12,SANDHSYD_SH4,6.05,0.0,True,254.1
2024-06-17,12,SANDHSYD_SH_5A,198.90000000000003,-2.842170943040401e-14,True,5569.2
2024-06-17,12,SANDHSYD_SH6,6.05,0.0,True,254.1
2024-06-17,12,SANDHSYD_SH7,0.0,0.0,False,0.0
2024-06-17,12,SANDHSYD_SH_5C,186.41281926989052,4.5871807301094805,True,5219.5589
2024-06-17,12,SILASRAY_SILAS_10,0.0,0.0,False,0.0
2024-06-17,12,SILASRAY_SILAS_9,0.0,0.0,False,0.0
2024-06-17,12,SILASRAY_SILAS_6,0.0,0.0,False,0.0
2024-06-17,12,GIDEON_GIDEONG1,40.8,95.2,True,1428.0
2024-06-17,12,GIDEON_GIDEONG2,40.8,95.2,True,1428.0
2024-06-17,12,GIDEON_GIDEONG3,105.3,245.7,True,3685.5
2024-06-17,12,SKY1_SKY1A,0.0,0.0,False,0.0
2024-06-17,12,SKY1_SKY1B,0.0,0.0,False,0.0
2024-06-17,12,SPNCER_SPNCE_4,0.0,0.0,False,0.0
2024-06-17,12,SPNCER_SPNCE_5,0.0,0.0,False,0.0
2024-06-17,12,SCSES_UNIT1A,0.0,0.0,False,0.0
2024-06-17,12,SCSES_UNIT2,0.0,0.0,False,0.0
2024-06-17,12,THW_THWGT_1,16.3,0.0,True,684.6
2024-06-17,12,THW_THWGT31,51.3,0.0,True,1436.4
2024-06-17,12,THW_THWGT32,51.3,0.0,True,1436.4
2024-06-17,12,THW_THWGT33,51.3,0.0,True,1436.4
2024-06-17,12,THW_THWGT34,51.3,0.0,True,1436.4
2024-06-17,12,THW_THWGT41,51.3,0.0,True,1436.4
2024-06-17,12,THW_THWGT42,51.3,0.0,True,1436.4
2024-06-17,12,THW_THWGT43,62.0,0.0,True,1736.0
2024-06-17,12,THW_THWGT44,62.0,0.0,True,1736.0
2024-06-17,12,THW_THWGT51,85.0,0.0,True,3570.0
2024-06-17,12,THW_THWGT52,85.0,0.0,True,3570.0
2024-06-17,12,THW_THWGT53,85.0,0.0,True,3570.0
2024-06-17,12,THW_THWGT54,85.0,0.0,True,3570.0
2024-06-17,12,THW_THWGT55,85.0,0.0,True,3570.0
2024-06-17,12,THW_THWGT56,85.0,0.0,True,3570.0
2024-06-17,12,THW_THWST_3,113.1,0.0,True,3166.8
2024-06-17,12,THW_THWST_4,113.1,0.0,True,3166.8
2024-06-17,12,TXCTY_CTA,129.1,0.0,True,3614.8
2024-06-17,12,TXCTY_CTB,129.1,0.0,True,3614.8
2024-06-17,12,TXCTY_CTC,129.1,0.0,True,3614.8
2024-06-17,12,TXCTY_ST,143.7,0.0,True,4023.6
2024-06-17,12,TGS_GT01,0.0,0.0,False,0.0
2024-06-17,12,TIMPP_AGR1,0.0,0.0,False,0.0
2024-06-17,12,TIMPP_AGR2,0.0,0.0,False,0.0
2024-06-17,12,TIMPP_AGR3,0.0,0.0,False,0.0
2024-06-17,12,TIMPP_AGR4,0.0,0.0,False,0.0
2024-06-17,12,TRSES_UNIT6,71.7,167.3,True,2509.5
2024-06-17,12,TOPAZ_UNIT1,60.5,0.0,True,2541.0
2024-06-17,12,TOPAZ_UNIT2,60.5,0.0,True,2541.0
2024-06-17,12,TOPAZ_UNIT3,60.5,0.0,True,2541.0
2024-06-17,12,TOPAZ_UNIT4,60.5,0.0,True,2541.0
2024-06-17,12,TOPAZ_UNIT5,60.5,0.0,True,2541.0
2024-06-17,12,TOPAZ_UNIT6,60.5,0.0,True,2541.0
2024-06-17,12,TOPAZ_UNIT7,60.5,0.0,True,2541.0
2024-06-17,12,TOPAZ_UNIT8,60.5,0.0,True,2541.0
2024-06-17,12,TOPAZ_UNIT9,60.5,0.0,True,2541.0
2024-06-17,12,TOPAZ_UNIT10,60.5,0.0,True,2541.0
2024-06-17,12,BRAUNIG_VHB6CT5,6.45,0.0,True,270.9
2024-06-17,12,BRAUNIG_VHB6CT6,6.45,0.0,True,270.9
2024-06-17,12,BRAUNIG_VHB6CT7,6.45,0.0,True,270.9
2024-06-17,12,BRAUNIG_VHB6CT8,6.45,0.0,True,270.9
2024-06-17,12,CITYVICT_CTG01,0.0,0.0,False,0.0
2024-06-17,12,CITYVICT_CTG02,0.0,0.0,False,0.0
2024-06-17,12,VICTPORT_CTG01,0.0,0.0,False,0.0
2024-06-17,12,VICTPORT_CTG02,0.0,0.0,False,0.0
2024-06-17,12,VICTORIA_VICTORG6,0.0,0.0,False,0.0
2024-06-17,12,VICTORIA_VICTORG5,0.0,0.0,False,0.0
2024-06-17,12,WAP_WAPGT_1,0.0,0.0,False,0.0
2024-06-17,12,WAP_WAP_G1,0.0,0.0,False,0.0
2024-06-17,12,WAP_WAP_G2,0.0,0.0,False,0.0
2024-06-17,12,WAP_WAP_G3,0.0,0.0,False,0.0
2024-06-17,12,WAP_WAP_G4,0.0,0.0,False,0.0
2024-06-17,12,WFCOGEN_UNIT1,0.0,0.0,False,0.0
2024-06-17,12,WFCOGEN_UNIT2,0.0,0.0,False,0.0
2024-06-17,12,WFCOGEN_UNIT3,0.0,0.0,False,0.0
2024-06-17,12,WIPOPA_WPP_G1,60.5,0.0,True,2541.0
2024-06-17,12,WIPOPA_WPP_G2,60.5,0.0,True,2541.0
2024-06-17,12,WIPOPA_WPP_G3,60.5,0.0,True,2541.0
2024-06-17,12,WIPOPA_WPP_G4,60.5,0.0,True,2541.0
2024-06-17,12,WCPP_CT1,0.0,0.0,False,0.0
2024-06-17,12,WCPP_CT2,82.5,192.5,True,2310.0
2024-06-17,12,WCPP_ST1,89.4,208.6,True,2503.2
2024-06-17,12,WHCCS_CT1,264.5,0.0,True,7406.0
2024-06-17,12,WHCCS_CT2,175.8869594027601,88.61304059723989,True,4924.8349
2024-06-17,12,WHCCS_STG,300.0,0.0,True,8400.0
2024-06-17,12,WHCCS2_CT4,108.0,252.0,True,3024.0
2024-06-17,12,WHCCS2_CT5,108.0,252.0,True,3024.0
2024-06-17,12,WHCCS2_STG6,153.36,357.84,True,4294.08
2024-06-17,12,NACPW_UNIT1,0.0,0.0,False,0.0
2024-06-17,12,HBR_2UNITS,3.2,0.0,True,128.0
2024-06-17,12,TRIRA_1UNIT,0.8,3.2,True,32.0
2024-06-17,12,78252_4UNITS,0.84,0.0,True,33.6
2024-06-17,12,SPRIN_4UNITS,0.0,0.0,False,0.0
2024-06-17,12,FREIH_2UNITS,0.0,0.0,False,0.0
2024-06-17,12,WSTHL_3UNITS,0.96,0.0,True,38.4
2024-06-17,12,FEGC_CTG2,0.0,0.0,False,0.0
2024-06-17,12,FEGC_CTG3,0.0,0.0,False,0.0
2024-06-17,12,FEGC_CTG4,0.0,0.0,False,0.0
2024-06-17,12,OLNEYTN_AGR1,0.0,0.0,False,0.0
2024-06-17,12,AMISTAD_AMISTAG1,3.79,0.0,True,3.79
2024-06-17,12,AMISTAD_AMISTAG2,3.79,0.0,True,3.79
2024-06-17,12,AUSTPL_AUSTING1,9.0,0.0,True,9.0
2024-06-17,12,AUSTPL_AUSTING2,9.0,0.0,True,9.0
2024-06-17,12,BUCHAN_BUCHANG1,18.299999999999997,3.552713678800501e-15,True,18.3
2024-06-17,12,BUCHAN_BUCHANG2,18.299999999999997,3.552713678800501e-15,True,18.3
2024-06-17,12,BUCHAN_BUCHANG3,18.299999999999997,3.552713678800501e-15,True,18.3
2024-06-17,12,DNDAM_DENISOG1,50.8,0.0,True,50.8
2024-06-17,12,DNDAM_DENISOG2,50.8,0.0,True,50.8
2024-06-17,12,FALCON_FALCONG1,0.0,0.0,False,0.0
2024-06-17,12,FALCON_FALCONG2,0.0,0.0,False,0.0
2024-06-17,12,FALCON_FALCONG3,0.0,0.0,False,0.0
2024-06-17,12,WIRTZ_WIRTZ_G1,22.849002198574365,6.1509978014256355,True,22.849
2024-06-17,12,WIRTZ_WIRTZ_G2,2.9,26.1,True,2.9
2024-06-17,12,CANYHY_CANYHYG1,0.0,0.0,False,0.0
2024-06-17,12,INKSDA_INKS_G1,1.5,13.5,True,1.5
2024-06-17,12,MARBFA_MARBFAG1,21.0,0.0,True,21.0
2024-06-17,12,MARBFA_MARBFAG2,20.0,0.0,True,20.0
2024-06-17,12,MARSFO_MARSFOG1,3.6,0.0,True,3.6
2024-06-17,12,MARSFO_MARSFOG2,3.6,0.0,True,3.6
2024-06-17,12,MARSFO_MARSFOG3,3.6,0.0,True,3.6
2024-06-17,12,WND_WHITNEY1,22.0,0.0,True,22.0
2024-06-17,12,WND_WHITNEY2,22.0,0.0,True,22.0
2024-06-17,12,AEEC_ANTLP_1,0.0,0.0,False,0.0
2024-06-17,12,AEEC_ANTLP_2,0.0,0.0,False,0.0
2024-06-17,12,AEEC_ANTLP_3,0.0,0.0,False,0.0
2024-06-17,12,AEEC_ELK_1,0.0,0.0,False,0.0
2024-06-17,12,AEEC_ELK_2,0.0,0.0,False,0.0
2024-06-17,12,AEEC_ELK_3,0.0,0.0,False,0.0
2024-06-17,12,FTR_FTR_G1,185.0,0.0,True,5180.0
2024-06-17,12,FTR_FTR_G2,185.0,0.0,True,5180.0
2024-06-17,12,FTR_FTR_G3,185.0,0.0,True,5180.0
2024-06-17,12,FTR_FTR_G4,400.0,0.0,True,11200.0
2024-06-17,12,TGCCS_CT1,53.7,0.0,True,1503.6
2024-06-17,12,TGCCS_CT2,53.7,0.0,True,1503.6
2024-06-17,12,TGCCS_CT3,53.7,0.0,True,1503.6
2024-06-17,12,TGCCS_UNIT4,120.0,0.0,True,3360.0
2024-06-17,12,KMCHI_1CT101,55.5,129.5,True,1554.0
2024-06-17,12,KMCHI_1CT201,185.0,0.0,True,5180.0
2024-06-17,12,KMCHI_1ST,99.0,0.0,True,2772.0
2024-06-17,12,KMCHI_2CT101,55.5,129.5,True,1554.0
2024-06-17,12,KMCHI_2CT201,185.0,0.0,True,5180.0
2024-06-17,12,KMCHI_2ST,99.0,231.0,True,2772.0
2024-06-17,12,A4_DGR1,0.0,0.0,False,0.0
2024-06-17,12,A4_DGR2,0.0,0.0,False,0.0
2024-06-17,12,K2_DGR1,0.0,0.0,False,0.0
2024-06-17,12,K2_DGR2,0.0,0.0,False,0.0
2024-06-17,12,P2_DGR1,0.0,0.0,False,0.0
2024-06-17,12,P2_DGR2,0.0,0.0,False,0.0
2024-06-17,12,Q1_DGR1,0.0,0.0,False,0.0
2024-06-17,12,BRAUNIG_VHB3,377.0666008853434,42.933399114656595,True,13197.331
2024-06-17,12,V2_DGR1,0.0,0.0,False,0.0
2024-06-17,12,V2_DGR2,0.0,0.0,False,0.0
2024-06-17,12,V2_DGR3,0.0,0.0,False,0.0
2024-06-17,12,V4_DGR1,0.0,0.0,False,0.0
2024-06-17,12,X1_DGR1,0.0,0.0,False,0.0
2024-06-17,12,Z0_DGR1,0.0,0.0,False,0.0
2024-06-17,12,Z0_DGR2,0.0,0.0,False,0.0
2024-06-17,12,Z5_DGR1,0.0,0.0,False,0.0
2024-06-17,12,DC_E,60.0,0.0,True,2100.0
2024-06-17,12,DC_N,0.0,0.0,False,0.0
2024-06-17,12,DC_L,0.0,0.0,False,0.0
2024-06-17,12,DC_R,0.0,0.0,False,0.0
2024-06-17,12,CEDARVALE_GAS,0.0,0.0,False,0.0
2024-06-17,12,ENCHANTED_ROCK_NEWPP,30.0,0.0,True,1350.0
2024-06-17,13,CPSES_UNIT1,1269.0,0.0,True,10152.0
2024-06-17,13,CPSES_UNIT2,1269.0,0.0,True,10152.0
2024-06-17,13,STP_STP_G1,1228.5,136.5,True,9828.0
2024-06-17,13,STP_STP_G2,1228.5,136.5,True,9828.0
2024-06-17,13,COLETO_COLETOG1,0.0,0.0,False,0.0
2024-06-17,13,FPPYD1_FPP_G1,615.0,0.0,True,15375.0
2024-06-17,13,FPPYD1_FPP_G2,615.0,0.0,True,15375.0
2024-06-17,13,FPPYD2_FPP_G3,460.0,0.0,True,11500.0
2024-06-17,13,CALAVERS_JKS1,560.0,0.0,True,14000.0
2024-06-17,13,CALAVERS_JKS2,922.0,0.0,True,23050.0
2024-06-17,13,LEG_LEG_G1,893.0,0.0,True,22325.0
2024-06-17,13,LEG_LEG_G2,956.8,0.0,True,23920.0
2024-06-17,13,MLSES_UNIT1,0.0,0.0,False,0.0
2024-06-17,13,MLSES_UNIT2,357.2,535.8,True,8930.0
2024-06-17,13,MLSES_UNIT3,357.2,535.8,True,8930.0
2024-06-17,13,OGSES_UNIT1A,916.8,0.0,True,22920.0
2024-06-17,13,OGSES_UNIT2,916.8,0.0,True,22920.0
2024-06-17,13,SANMIGL_G1,0.0,0.0,False,0.0
2024-06-17,13,SCES_UNIT1,1008.0,0.0,True,25200.0
2024-06-17,13,TNP_ONE_TNP_O_1,174.6,0.0,True,4365.0
2024-06-17,13,TNP_ONE_TNP_O_2,174.6,0.0,True,4365.0
2024-06-17,13,WAP_WAP_G5,0.0,0.0,False,0.0
2024-06-17,13,WAP_WAP_G6,0.0,0.0,False,0.0
2024-06-17,13,WAP_WAP_G7,0.0,0.0,False,0.0
2024-06-17,13,WAP_WAP_G8,0.0,0.0,False,0.0
2024-06-17,13,BRAUNIG_AVR1_CT1,189.0,0.0,True,5292.0
2024-06-17,13,BRAUNIG_AVR1_CT2,189.0,0.0,True,5292.0
2024-06-17,13,BRAUNIG_AVR1_ST,222.0,0.0,True,6216.0
2024-06-17,13,ATKINS_ATKINSG7,21.0,0.0,True,882.0
2024-06-17,13,B_DAVIS_B_DAVIG3,0.0,0.0,False,0.0
2024-06-17,13,B_DAVIS_B_DAVIG4,0.0,0.0,False,0.0
2024-06-17,13,B_DAVIS_B_DAVIG1,0.0,0.0,False,0.0
2024-06-17,13,B_DAVIS_B_DAVIG2,0.0,0.0,False,0.0
2024-06-17,13,BASTEN_GTG1100,56.4,131.6,True,1579.2
2024-06-17,13,BASTEN_GTG2100,188.0,0.0,True,5264.0
2024-06-17,13,BASTEN_ST0100,157.19678104698778,84.80321895301222,True,4401.5099
2024-06-17,13,BCH_UNIT1,60.5,0.0,True,2541.0
2024-06-17,13,BCH_UNIT2,60.5,0.0,True,2541.0
2024-06-17,13,BCH_UNIT3,60.5,0.0,True,2541.0
2024-06-17,13,BCH_UNIT4,60.5,0.0,True,2541.0
2024-06-17,13,BCH_UNIT5,60.5,0.0,True,2541.0
2024-06-17,13,BCH_UNIT6,60.5,0.0,True,2541.0
2024-06-17,13,BCH_UNIT7,60.5,0.0,True,2541.0
2024-06-17,13,BCH_UNIT8,60.5,0.0,True,2541.0
2024-06-17,13,BOSQUESW_BSQSU_1,188.7,0.0,True,5283.6
2024-06-17,13,BOSQUESW_BSQSU_2,56.61,132.08999999999997,True,1585.08
2024-06-17,13,BOSQUESW_BSQSU_3,188.7,0.0,True,5283.6
2024-06-17,13,BOSQUESW_BSQSU_4,95.0,0.0,True,2660.0
2024-06-17,13,BOSQUESW_BSQSU_5,250.72877137951122,3.4712286204887732,True,7020.4056
2024-06-17,13,BVE_UNIT1,198.90000000000003,-2.842170943040401e-14,True,5569.2
2024-06-17,13,BVE_UNIT2,198.90000000000003,-2.842170943040401e-14,True,5569.2
2024-06-17,13,BVE_UNIT3,275.6,0.0,True,7716.8
2024-06-17,13,BTM_UNIT1,60.5,0.0,True,2541.0
2024-06-17,13,BTM_UNIT2,60.5,0.0,True,2541.0
2024-06-17,13,BTM_UNIT3,60.5,0.0,True,2541.0
2024-06-17,13,BTM_UNIT4,60.5,0.0,True,2541.0
2024-06-17,13,BTM_UNIT5,60.5,0.0,True,2541.0
2024-06-17,13,BTM_UNIT6,60.5,0.0,True,2541.0
2024-06-17,13,BTM_UNIT7,60.5,0.0,True,2541.0
2024-06-17,13,BTM_UNIT8,60.5,0.0,True,2541.0
2024-06-17,13,FLCNS_UNIT1,0.0,0.0,False,0.0
2024-06-17,13,FLCNS_UNIT2,0.0,0.0,False,0.0
2024-06-17,13,CALHOUN_UNIT1,0.0,0.0,False,0.0
2024-06-17,13,CALHOUN_UNIT2,0.0,0.0,False,0.0
2024-06-17,13,CHAMON_CTG_0101,60.5,0.0,True,2541.0
2024-06-17,13,CHAMON_CTG_0301,60.5,0.0,True,2541.0
2024-06-17,13,CBY4_CT41,205.0,0.0,True,5740.0
2024-06-17,13,CBY4_CT42,205.0,0.0,True,5740.0
2024-06-17,13,CBY4_ST04,205.0,0.0,True,5740.0
2024-06-17,13,CBY_CBY_G1,765.0,0.0,True,26775.0
2024-06-17,13,CBY_CBY_G2,765.0,0.0,True,26775.0
2024-06-17,13,CBEC_GT1,0.0,0.0,False,0.0
2024-06-17,13,CBEC_GT2,0.0,0.0,False,0.0
2024-06-17,13,CBEC_GT3,0.0,0.0,False,0.0
2024-06-17,13,CBEC_GT4,0.0,0.0,False,0.0
2024-06-17,13,CBEC_STG1,0.0,0.0,False,0.0
2024-06-17,13,CBEC_STG2,0.0,0.0,False,0.0
2024-06-17,13,CBECII_CT7,0.0,0.0,False,0.0
2024-06-17,13,CBECII_CT8,0.0,0.0,False,0.0
2024-06-17,13,CBECII_STG9,0.0,0.0,False,0.0
2024-06-17,13,CBEC_GT11,0.0,0.0,False,0.0
2024-06-17,13,CBEC_GT12,0.0,0.0,False,0.0
2024-06-17,13,CVC_CVC_G1,192.1,0.0,True,5378.8
2024-06-17,13,CVC_CVC_G2,192.1,0.0,True,5378.8
2024-06-17,13,CVC_CVC_G3,192.1,0.0,True,5378.8
2024-06-17,13,CVC_CVC_G5,150.0,0.0,True,4200.0
2024-06-17,13,DANSBY_DANSBYG2,48.0,0.0,True,2016.0
2024-06-17,13,DANSBY_DANSBYG3,50.0,0.0,True,2100.0
2024-06-17,13,DANSBY_DANSBYG1,120.0,0.0,True,4200.0
2024-06-17,13,DECKER_DPGT_1,0.0,0.0,False,0.0
2024-06-17,13,DECKER_DPGT_2,5.67,0.0,True,238.14
2024-06-17,13,DECKER_DPGT_3,5.67,0.0,True,238.14
2024-06-17,13,DECKER_DPGT_4,5.67,0.0,True,238.14
2024-06-17,13,DCSES_CT10,0.0,0.0,False,0.0
2024-06-17,13,DCSES_CT20,0.0,0.0,False,0.0
2024-06-17,13,DCSES_CT30,0.0,0.0,False,0.0
2024-06-17,13,DCSES_CT40,0.0,0.0,False,0.0
2024-06-17,13,DDPEC_GT1,60.9,142.1,True,1705.2
2024-06-17,13,DDPEC_GT2,100.66000000000247,114.33999999999753,True,2818.48
2024-06-17,13,DDPEC_GT3,60.9,142.1,True,1705.2
2024-06-17,13,DDPEC_GT4,215.0,0.0,True,6020.0
2024-06-17,13,DDPEC_GT6,59.7,139.3,True,1671.6
2024-06-17,13,DDPEC_ST1,290.0,0.0,True,8120.0
2024-06-17,13,DEC_AGR_A,0.0,0.0,False,0.0
2024-06-17,13,DEC_AGR_B,0.0,0.0,False,0.0
2024-06-17,13,DEC_AGR_C,0.0,0.0,False,0.0
2024-06-17,13,DEC_AGR_D,0.0,0.0,False,0.0
2024-06-17,13,ECEC_G1,0.0,0.0,False,0.0
2024-06-17,13,ECEC_G2,0.0,0.0,False,0.0
2024-06-17,13,ETCCS_CT1,260.0,0.0,True,7280.0
2024-06-17,13,ETCCS_UNIT1,140.0,0.0,True,3920.0
2024-06-17,13,AZ_AZ_G1,4.0,36.0,True,168.0
2024-06-17,13,AZ_AZ_G2,4.0,36.0,True,168.0
2024-06-17,13,AZ_AZ_G3,4.0,36.0,True,168.0
2024-06-17,13,AZ_AZ_G4,40.0,0.0,True,1680.0
2024-06-17,13,FERGCC_FERGGT1,0.0,0.0,False,0.0
2024-06-17,13,FERGCC_FERGGT2,0.0,0.0,False,0.0
2024-06-17,13,FERGCC_FERGST1,61.2,142.8,True,1713.6
2024-06-17,13,FRNYPP_GT11,0.0,0.0,False,0.0
2024-06-17,13,FRNYPP_GT12,0.0,0.0,False,0.0
2024-06-17,13,FRNYPP_GT13,0.0,0.0,False,0.0
2024-06-17,13,FRNYPP_GT21,0.0,0.0,False,0.0
2024-06-17,13,FRNYPP_GT22,0.0,0.0,False,0.0
2024-06-17,13,FRNYPP_GT23,0.0,0.0,False,0.0
2024-06-17,13,FRNYPP_ST10,0.0,0.0,False,0.0
2024-06-17,13,FRNYPP_ST20,0.0,0.0,False,0.0
2024-06-17,13,FREC_GT1,179.4,0.0,True,5023.2
2024-06-17,13,FREC_GT2,179.4,0.0,True,5023.2
2024-06-17,13,FREC_GT4,179.40000000000055,-5.400124791776761e-13,True,5023.2
2024-06-17,13,FREC_GT5,179.4,0.0,True,5023.2
2024-06-17,13,FREC_ST3,190.7,0.0,True,5339.6
2024-06-17,13,FREC_ST6,190.7,0.0,True,5339.6
2024-06-17,13,FEGC_UNIT1,0.0,0.0,False,0.0
2024-06-17,13,FRONT_EC_CT1,0.0,0.0,False,0.0
2024-06-17,13,FRONT_EC_CT2,0.0,0.0,False,0.0
2024-06-17,13,FRONT_EC_ST,0.0,0.0,False,0.0
2024-06-17,13,GRSES_UNIT1,0.0,0.0,False,0.0
2024-06-17,13,GRSES_UNIT2,0.0,0.0,False,0.0
2024-06-17,13,GBY_GBYGT73,72.0,0.0,True,3024.0
2024-06-17,13,GBY_GBYGT74,72.0,0.0,True,3024.0
2024-06-17,13,GBY_GBYGT81,72.0,0.0,True,3024.0
2024-06-17,13,GBY_GBYGT82,72.0,0.0,True,3024.0
2024-06-17,13,GBY_GBYGT83,72.0,0.0,True,3024.0
2024-06-17,13,GBY_GBYGT84,72.0,0.0,True,3024.0
2024-06-17,13,STEAM_ENGINE_1,0.0,0.0,False,0.0
2024-06-17,13,STEAM_ENGINE_2,0.0,0.0,False,0.0
2024-06-17,13,STEAM_ENGINE_3,0.0,0.0,False,0.0
2024-06-17,13,LGE_LGE_GT1,0.0,0.0,False,0.0
2024-06-17,13,LGE_LGE_GT2,0.0,0.0,False,0.0
2024-06-17,13,LGE_LGE_STG,0.0,0.0,False,0.0
2024-06-17,13,GUADG_GAS1,0.0,0.0,False,0.0
2024-06-17,13,GUADG_GAS2,0.0,0.0,False,0.0
2024-06-17,13,GUADG_GAS3,0.0,0.0,False,0.0
2024-06-17,13,GUADG_GAS4,0.0,0.0,False,0.0
2024-06-17,13,GUADG_STM5,0.0,0.0,False,0.0
2024-06-17,13,GUADG_STM6,0.0,0.0,False,0.0
2024-06-17,13,HLSES_UNIT3,395.0,0.0,True,13825.0
2024-06-17,13,HLSES_UNIT4,435.0,0.0,True,15225.0
2024-06-17,13,HLSES_UNIT5,435.0,0.0,True,15225.0
2024-06-17,13,HAYSEN_HAYSENG1,0.0,0.0,False,0.0
2024-06-17,13,HAYSEN_HAYSENG2,0.0,0.0,False,0.0
2024-06-17,13,HAYSEN_HAYSENG3,0.0,0.0,False,0.0
2024-06-17,13,HAYSEN_HAYSENG4,0.0,0.0,False,0.0
2024-06-17,13,DUKE_DUKE_GT1,0.0,0.0,False,0.0
2024-06-17,13,DUKE_DUKE_GT2,0.0,0.0,False,0.0
2024-06-17,13,DUKE_DUKE_ST1,0.0,0.0,False,0.0
2024-06-17,13,JACKCNTY_CT1,59.67,0.0,True,1670.76
2024-06-17,13,JACKCNTY_CT2,59.67,0.0,True,1670.76
2024-06-17,13,JCKCNTY2_CT3,59.67,0.0,True,1670.76
2024-06-17,13,JCKCNTY2_CT4,59.67,0.0,True,1670.76
2024-06-17,13,JACKCNTY_STG,96.18,0.0,True,2693.04
2024-06-17,13,JCKCNTY2_ST2,96.18,0.0,True,2693.04
2024-06-17,13,TEN_CT1,55.5,129.5,True,1554.0
2024-06-17,13,TEN_STG,32.1,74.9,True,898.8
2024-06-17,13,LHSES_UNIT1,0.0,0.0,False,0.0
2024-06-17,13,LHSES_UNIT2A,0.0,0.0,False,0.0
2024-06-17,13,LPCCS_CT11,0.0,0.0,False,0.0
2024-06-17,13,LPCCS_CT12,0.0,0.0,False,0.0
2024-06-17,13,LPCCS_CT21,0.0,0.0,False,0.0
2024-06-17,13,LPCCS_CT22,0.0,0.0,False,0.0
2024-06-17,13,LPCCS_UNIT1,0.0,0.0,False,0.0
2024-06-17,13,LPCCS_UNIT2,0.0,0.0,False,0.0
2024-06-17,13,LARDVFTN_G4,0.0,0.0,False,0.0
2024-06-17,13,LARDVFTN_G5,0.0,0.0,False,0.0
2024-06-17,13,LEON_CRK_LCPCT1,48.0,0.0,True,2016.0
2024-06-17,13,LEON_CRK_LCPCT2,48.0,0.0,True,2016.0
2024-06-17,13,LEON_CRK_LCPCT3,48.0,0.0,True,2016.0
2024-06-17,13,LEON_CRK_LCPCT4,48.0,0.0,True,2016.0
2024-06-17,13,LIG_UNIT1,60.5,0.0,True,2541.0
2024-06-17,13,LIG_UNIT2,6.05,54.45,True,254.1
2024-06-17,13,LOSTPI_LOSTPGT1,202.5,0.0,True,5670.0
2024-06-17,13,LOSTPI_LOSTPGT2,202.5,0.0,True,5670.0
2024-06-17,13,LOSTPI_LOSTPST1,204.0,0.0,True,5712.0
2024-06-17,13,NEDIN_NEDIN_G1,0.0,0.0,False,0.0
2024-06-17,13,NEDIN_NEDIN_G2,0.0,0.0,False,0.0
2024-06-17,13,NEDIN_NEDIN_G3,0.0,0.0,False,0.0
2024-06-17,13,MDANP_CT1,0.0,0.0,False,0.0
2024-06-17,13,MDANP_CT2,0.0,0.0,False,0.0
2024-06-17,13,MDANP_CT3,76.5,178.5,True,2142.0
2024-06-17,13,MDANP_CT4,77.4,180.6,True,2167.2
2024-06-17,13,MDANP_CT5,0.0,0.0,False,0.0
2024-06-17,13,MDANP_CT6,83.4,194.6,True,2335.2
2024-06-17,13,MGSES_CT1,0.0,0.0,False,0.0
2024-06-17,13,MGSES_CT2,0.0,0.0,False,0.0
2024-06-17,13,MGSES_CT3,0.0,0.0,False,0.0
2024-06-17,13,MGSES_CT4,0.0,0.0,False,0.0
2024-06-17,13,MGSES_CT5,0.0,0.0,False,0.0
2024-06-17,13,MGSES_CT6,0.0,0.0,False,0.0
2024-06-17,13,MCSES_UNIT6,122.0,0.0,True,4270.0
2024-06-17,13,MCSES_UNIT7,118.0,0.0,True,4130.0
2024-06-17,13,MCSES_UNIT8,568.0,0.0,True,19880.0
2024-06-17,13,NUECES_B_NUECESG8,0.0,0.0,False,0.0
2024-06-17,13,NUECES_B_NUECESG9,0.0,0.0,False,0.0
2024-06-17,13,NUECES_B_NUECESG7,0.0,0.0,False,0.0
2024-06-17,13,CALAVERS_OWS1,445.0,0.0,True,15575.0
2024-06-17,13,CALAVERS_OWS2,435.0,0.0,True,15225.0
2024-06-17,13,OECCS_CT11,0.0,0.0,False,0.0
2024-06-17,13,OECCS_CT12,0.0,0.0,False,0.0
2024-06-17,13,OECCS_CT21,0.0,0.0,False,0.0
2024-06-17,13,OECCS_CT22,0.0,0.0,False,0.0
2024-06-17,13,OECCS_UNIT1,0.0,0.0,False,0.0
2024-06-17,13,OECCS_UNIT2,0.0,0.0,False,0.0
2024-06-17,13,VICTPRT2_UNIT1,0.0,0.0,False,0.0
2024-06-17,13,VICTPRT2_UNIT2,0.0,0.0,False,0.0
2024-06-17,13,PANDA_S_SHER1CT1,69.6,0.0,True,1948.8
2024-06-17,13,PANDA_S_SHER1CT2,232.0,0.0,True,6496.0
2024-06-17,13,PANDA_S_SHER1ST1,350.7573419117125,2.34265808828755,True,9821.2056
2024-06-17,13,PANDA_T1_TMPL1CT1,232.0,0.0,True,6496.0
2024-06-17,13,PANDA_T1_TMPL1CT2,232.0,0.0,True,6496.0
2024-06-17,13,PANDA_T1_TMPL1ST1,353.1,0.0,True,9886.8
2024-06-17,13,PANDA_T2_TMPL2CT1,232.0,0.0,True,6496.0
2024-06-17,13,PANDA_T2_TMPL2CT2,232.0,0.0,True,6496.0
2024-06-17,13,PANDA_T2_TMPL2ST1,353.1,0.0,True,9886.8
2024-06-17,13,TNSKA_GT1,0.0,0.0,False,0.0
2024-06-17,13,TNSKA_GT2,0.0,0.0,False,0.0
2024-06-17,13,TNSKA_STG,0.0,0.0,False,0.0
2024-06-17,13,PSG_PSG_GT2,215.1,0.0,True,6022.8
2024-06-17,13,PSG_PSG_GT3,215.1,0.0,True,6022.8
2024-06-17,13,PSG_PSG_ST2,195.5,0.0,True,5474.0
2024-06-17,13,PEARSAL2_AGR_A,0.0,0.0,False,0.0
2024-06-17,13,PEARSAL2_AGR_B,0.0,0.0,False,0.0
2024-06-17,13,PEARSAL2_AGR_C,0.0,0.0,False,0.0
2024-06-17,13,PEARSAL2_AGR_D,0.0,0.0,False,0.0
2024-06-17,13,PB2SES_CT1,0.0,0.0,False,0.0
2024-06-17,13,PB2SES_CT2,0.0,0.0,False,0.0
2024-06-17,13,PB2SES_CT3,0.0,0.0,False,0.0
2024-06-17,13,PB2SES_CT4,0.0,0.0,False,0.0
2024-06-17,13,PB2SES_CT5,0.0,0.0,False,0.0
2024-06-17,13,PRO_UNIT1,6.05,54.45,True,254.1
2024-06-17,13,PRO_UNIT2,60.5,0.0,True,2541.0
2024-06-17,13,PRO_UNIT3,6.05,54.45,True,254.1
2024-06-17,13,PRO_UNIT4,39.57623481962011,20.92376518037989,True,1662.2019
2024-06-17,13,PRO_UNIT5,6.05,54.45,True,254.1
2024-06-17,13,PRO_UNIT6,60.5,0.0,True,2541.0
2024-06-17,13,PRO_UNIT7,60.5,0.0,True,2541.0
2024-06-17,13,PRO_UNIT8,60.5,0.0,True,2541.0
2024-06-17,13,BAC_CTG1,65.0,0.0,True,2730.0
2024-06-17,13,BAC_CTG2,65.0,0.0,True,2730.0
2024-06-17,13,BAC_CTG3,65.0,0.0,True,2730.0
2024-06-17,13,BAC_CTG4,65.0,0.0,True,2730.0
2024-06-17,13,BAC_CTG5,65.0,0.0,True,2730.0
2024-06-17,13,BAC_CTG6,65.0,0.0,True,2730.0
2024-06-17,13,STEAM1A_STEAM_1,0.0,0.0,False,0.0
2024-06-17,13,STEAM_STEAM_2,0.0,0.0,False,0.0
2024-06-17,13,STEAM_STEAM_3,0.0,0.0,False,0.0
2024-06-17,13,QALSW_GT1,0.0,0.0,False,0.0
2024-06-17,13,QALSW_GT2,0.0,0.0,False,0.0
2024-06-17,13,QALSW_GT3,0.0,0.0,False,0.0
2024-06-17,13,QALSW_GT4,0.0,0.0,False,0.0
2024-06-17,13,QALSW_STG1,0.0,0.0,False,0.0
2024-06-17,13,QALSW_STG2,0.0,0.0,False,0.0
2024-06-17,13,MIL_MILLERG4,0.0,0.0,False,0.0
2024-06-17,13,MIL_MILLERG5,0.0,0.0,False,0.0
2024-06-17,13,MIL_MILLERG1,0.0,0.0,False,0.0
2024-06-17,13,MIL_MILLERG2,0.0,0.0,False,0.0
2024-06-17,13,MIL_MILLERG3,0.0,0.0,False,0.0
2024-06-17,13,OLINGR_OLING_4,0.0,0.0,False,0.0
2024-06-17,13,OLINGR_OLING_2,0.0,0.0,False,0.0
2024-06-17,13,OLINGR_OLING_3,0.0,0.0,False,0.0
2024-06-17,13,RAB_UNIT1,0.0,0.0,False,0.0
2024-06-17,13,RAB_UNIT2,0.0,0.0,False,0.0
2024-06-17,13,RAB_UNIT3,0.0,0.0,False,0.0
2024-06-17,13,RAB_UNIT4,0.0,0.0,False,0.0
2024-06-17,13,RAB_UNIT5,0.0,0.0,False,0.0
2024-06-17,13,RAB_UNIT6,0.0,0.0,False,0.0
2024-06-17,13,RAB_UNIT7,0.0,0.0,False,0.0
2024-06-17,13,RAB_UNIT8,0.0,0.0,False,0.0
2024-06-17,13,REDGATE_AGR_A,0.0,0.0,False,0.0
2024-06-17,13,REDGATE_AGR_B,0.0,0.0,False,0.0
2024-06-17,13,REDGATE_AGR_C,0.0,0.0,False,0.0
2024-06-17,13,REDGATE_AGR_D,0.0,0.0,False,0.0
2024-06-17,13,JAD_UNIT1,6.05,54.45,True,254.1
2024-06-17,13,JAD_UNIT2,6.05,54.45,True,254.1
2024-06-17,13,JAD_UNIT3,6.05,54.45,True,254.1
2024-06-17,13,JAD_UNIT4,60.5,0.0,True,2541.0
2024-06-17,13,JAD_UNIT5,60.5,0.0,True,2541.0
2024-06-17,13,JAD_UNIT6,60.5,0.0,True,2541.0
2024-06-17,13,JAD_UNIT7,60.5,0.0,True,2541.0
2024-06-17,13,JAD_UNIT8,60.5,0.0,True,2541.0
2024-06-17,13,RIONOG_CT1,0.0,0.0,False,0.0
2024-06-17,13,RIONOG_CT2,0.0,0.0,False,0.0
2024-06-17,13,RIONOG_CT3,0.0,0.0,False,0.0
2024-06-17,13,RIONOG_ST1,0.0,0.0,False,0.0
2024-06-17,13,RAYBURN_RAYBURG7,60.5,0.0,True,1694.0
2024-06-17,13,RAYBURN_RAYBURG8,60.5,0.0,True,1694.0
2024-06-17,13,RAYBURN_RAYBURG9,60.5,0.0,True,1694.0
2024-06-17,13,RAYBURN_RAYBURG10,12.6,29.4,True,352.8
2024-06-17,13,SJS_SJS_G1,88.19999999999999,1.4210854715202004e-14,True,3704.4
2024-06-17,13,SJS_SJS_G2,88.19999999999999,1.4210854715202004e-14,True,3704.4
2024-06-17,13,SANDHSYD_SH1,6.05,54.45,True,254.1
2024-06-17,13,SANDHSYD_SH2,6.05,54.45,True,254.1
2024-06-17,13,SANDHSYD_SH3,6.05,0.0,True,254.1
2024-06-17,13,SANDHSYD_SH4,6.05,54.45,True,254.1
2024-06-17,13,SANDHSYD_SH_5A,198.90000000000003,-2.842170943040401e-14,True,5569.2
2024-06-17,13,SANDHSYD_SH6,6.05,54.45,True,254.1
2024-06-17,13,SANDHSYD_SH7,6.05,0.0,True,254.1
2024-06-17,13,SANDHSYD_SH_5C,191.0,0.0,True,5348.0
2024-06-17,13,SILASRAY_SILAS_10,0.0,0.0,False,0.0
2024-06-17,13,SILASRAY_SILAS_9,0.0,0.0,False,0.0
2024-06-17,13,SILASRAY_SILAS_6,0.0,0.0,False,0.0
2024-06-17,13,GIDEON_GIDEONG1,136.0,0.0,True,4760.0
2024-06-17,13,GIDEON_GIDEONG2,136.0,0.0,True,4760.0
2024-06-17,13,GIDEON_GIDEONG3,351.0,0.0,True,12285.0
2024-06-17,13,SKY1_SKY1A,0.0,0.0,False,0.0
2024-06-17,13,SKY1_SKY1B,0.0,0.0,False,0.0
2024-06-17,13,SPNCER_SPNCE_4,0.0,0.0,False,0.0
2024-06-17,13,SPNCER_SPNCE_5,0.0,0.0,False,0.0
2024-06-17,13,SCSES_UNIT1A,53.1,0.0,True,1858.5
2024-06-17,13,SCSES_UNIT2,150.6,0.0,True,5271.0
2024-06-17,13,THW_THWGT_1,16.3,0.0,True,684.6
2024-06-17,13,THW_THWGT31,51.3,0.0,True,1436.4
2024-06-17,13,THW_THWGT32,51.3,0.0,True,1436.4
2024-06-17,13,THW_THWGT33,51.3,0.0,True,1436.4
2024-06-17,13,THW_THWGT34,51.3,0.0,True,1436.4
2024-06-17,13,THW_THWGT41,51.3,0.0,True,1436.4
2024-06-17,13,THW_THWGT42,51.3,0.0,True,1436.4
2024-06-17,13,THW_THWGT43,62.0,0.0,True,1736.0
2024-06-17,13,THW_THWGT44,62.0,0.0,True,1736.0
2024-06-17,13,THW_THWGT51,85.0,0.0,True,3570.0
2024-06-17,13,THW_THWGT52,85.0,0.0,True,3570.0
2024-06-17,13,THW_THWGT53,85.0,0.0,True,3570.0
2024-06-17,13,THW_THWGT54,85.0,0.0,True,3570.0
2024-06-17,13,THW_THWGT55,85.0,0.0,True,3570.0
2024-06-17,13,THW_THWGT56,85.0,0.0,True,3570.0
2024-06-17,13,THW_THWST_3,113.1,0.0,True,3166.8
2024-06-17,13,THW_THWST_4,113.1,0.0,True,3166.8
2024-06-17,13,TXCTY_CTA,129.1,0.0,True,3614.8
2024-06-17,13,TXCTY_CTB,129.1,0.0,True,3614.8
2024-06-17,13,TXCTY_CTC,129.1,0.0,True,3614.8
2024-06-17,13,TXCTY_ST,143.7,0.0,True,4023.6
2024-06-17,13,TGS_GT01,0.0,0.0,False,0.0
2024-06-17,13,TIMPP_AGR1,3.77,0.0,True,169.65
2024-06-17,13,TIMPP_AGR2,5.65,0.0,True,254.25
2024-06-17,13,TIMPP_AGR3,3.77,0.0,True,169.65
2024-06-17,13,TIMPP_AGR4,5.65,0.0,True,254.25
2024-06-17,13,TRSES_UNIT6,239.0,0.0,True,8365.0
2024-06-17,13,TOPAZ_UNIT1,60.5,0.0,True,2541.0
2024-06-17,13,TOPAZ_UNIT2,60.5,0.0,True,2541.0
2024-06-17,13,TOPAZ_UNIT3,60.5,0.0,True,2541.0
2024-06-17,13,TOPAZ_UNIT4,60.5,0.0,True,2541.0
2024-06-17,13,TOPAZ_UNIT5,60.5,0.0,True,2541.0
2024-06-17,13,TOPAZ_UNIT6,60.5,0.0,True,2541.0
2024-06-17,13,TOPAZ_UNIT7,60.5,0.0,True,2541.0
2024-06-17,13,TOPAZ_UNIT8,60.5,0.0,True,2541.0
2024-06-17,13,TOPAZ_UNIT9,60.5,0.0,True,2541.0
2024-06-17,13,TOPAZ_UNIT10,60.5,0.0,True,2541.0
2024-06-17,13,BRAUNIG_VHB6CT5,64.5,0.0,True,2709.0
2024-06-17,13,BRAUNIG_VHB6CT6,64.5,0.0,True,2709.0
2024-06-17,13,BRAUNIG_VHB6CT7,64.5,0.0,True,2709.0
2024-06-17,13,BRAUNIG_VHB6CT8,64.5,0.0,True,2709.0
2024-06-17,13,CITYVICT_CTG01,0.0,0.0,False,0.0
2024-06-17,13,CITYVICT_CTG02,0.0,0.0,False,0.0
2024-06-17,13,VICTPORT_CTG01,0.0,0.0,False,0.0
2024-06-17,13,VICTPORT_CTG02,0.0,0.0,False,0.0
2024-06-17,13,VICTORIA_VICTORG6,0.0,0.0,False,0.0
2024-06-17,13,VICTORIA_VICTORG5,0.0,0.0,False,0.0
2024-06-17,13,WAP_WAPGT_1,0.0,0.0,False,0.0
2024-06-17,13,WAP_WAP_G1,0.0,0.0,False,0.0
2024-06-17,13,WAP_WAP_G2,0.0,0.0,False,0.0
2024-06-17,13,WAP_WAP_G3,0.0,0.0,False,0.0
2024-06-17,13,WAP_WAP_G4,0.0,0.0,False,0.0
2024-06-17,13,WFCOGEN_UNIT1,0.0,0.0,False,0.0
2024-06-17,13,WFCOGEN_UNIT2,0.0,0.0,False,0.0
2024-06-17,13,WFCOGEN_UNIT3,0.0,0.0,False,0.0
2024-06-17,13,WIPOPA_WPP_G1,60.5,0.0,True,2541.0
2024-06-17,13,WIPOPA_WPP_G2,60.5,0.0,True,2541.0
2024-06-17,13,WIPOPA_WPP_G3,60.5,0.0,True,2541.0
2024-06-17,13,WIPOPA_WPP_G4,60.5,0.0,True,2541.0
2024-06-17,13,WCPP_CT1,82.5,0.0,True,2310.0
2024-06-17,13,WCPP_CT2,219.475568411345,55.524431588655005,True,6145.3159
2024-06-17,13,WCPP_ST1,298.0,0.0,True,8344.0
2024-06-17,13,WHCCS_CT1,264.5,0.0,True,7406.0
2024-06-17,13,WHCCS_CT2,264.5,0.0,True,7406.0
2024-06-17,13,WHCCS_STG,300.0,0.0,True,8400.0
2024-06-17,13,WHCCS2_CT4,119.73046472089442,240.26953527910558,True,3352.453
2024-06-17,13,WHCCS2_CT5,108.0,252.0,True,3024.0
2024-06-17,13,WHCCS2_STG6,153.36,357.84,True,4294.08
2024-06-17,13,NACPW_UNIT1,23.3,0.0,True,932.0
2024-06-17,13,HBR_2UNITS,3.2,0.0,True,128.0
2024-06-17,13,TRIRA_1UNIT,4.0,0.0,True,160.0
2024-06-17,13,78252_4UNITS,4.2,0.0,True,168.0
2024-06-17,13,SPRIN_4UNITS,1.28,0.0,True,51.2
2024-06-17,13,FREIH_2UNITS,0.0,0.0,False,0.0
2024-06-17,13,WSTHL_3UNITS,4.8,0.0,True,192.0
2024-06-17,13,FEGC_CTG2,0.0,0.0,False,0.0
2024-06-17,13,FEGC_CTG3,0.0,0.0,False,0.0
2024-06-17,13,FEGC_CTG4,0.0,0.0,False,0.0
2024-06-17,13,OLNEYTN_AGR1,0.0,0.0,False,0.0
2024-06-17,13,AMISTAD_AMISTAG1,3.79,34.11,True,3.79
2024-06-17,13,AMISTAD_AMISTAG2,3.79,34.11,True,3.79
2024-06-17,13,AUSTPL_AUSTING1,9.0,0.0,True,9.0
2024-06-17,13,AUSTPL_AUSTING2,9.0,0.0,True,9.0
2024-06-17,13,BUCHAN_BUCHANG1,18.299999999999997,3.552713678800501e-15,True,18.3
2024-06-17,13,BUCHAN_BUCHANG2,18.299999999999997,3.552713678800501e-15,True,18.3
2024-06-17,13,BUCHAN_BUCHANG3,18.299999999999997,3.552713678800501e-15,True,18.3
2024-06-17,13,DNDAM_DENISOG1,50.8,0.0,True,50.8
2024-06-17,13,DNDAM_DENISOG2,50.8,0.0,True,50.8
2024-06-17,13,FALCON_FALCONG1,0.0,0.0,False,0.0
2024-06-17,13,FALCON_FALCONG2,0.0,0.0,False,0.0
2024-06-17,13,FALCON_FALCONG3,0.0,0.0,False,0.0
2024-06-17,13,WIRTZ_WIRTZ_G1,2.9,26.1,True,2.9
2024-06-17,13,WIRTZ_WIRTZ_G2,23.764108037937184,5.235891962062816,True,23.7641
2024-06-17,13,CANYHY_CANYHYG1,0.0,0.0,False,0.0
2024-06-17,13,INKSDA_INKS_G1,1.5,13.5,True,1.5
2024-06-17,13,MARBFA_MARBFAG1,21.0,0.0,True,21.0
2024-06-17,13,MARBFA_MARBFAG2,20.0,0.0,True,20.0
2024-06-17,13,MARSFO_MARSFOG1,3.6,32.4,True,3.6
2024-06-17,13,MARSFO_MARSFOG2,3.6,32.4,True,3.6
2024-06-17,13,MARSFO_MARSFOG3,3.6,32.4,True,3.6
2024-06-17,13,WND_WHITNEY1,22.0,0.0,True,22.0
2024-06-17,13,WND_WHITNEY2,22.0,0.0,True,22.0
2024-06-17,13,AEEC_ANTLP_1,0.0,0.0,False,0.0
2024-06-17,13,AEEC_ANTLP_2,0.0,0.0,False,0.0
2024-06-17,13,AEEC_ANTLP_3,0.0,0.0,False,0.0
2024-06-17,13,AEEC_ELK_1,0.0,0.0,False,0.0
2024-06-17,13,AEEC_ELK_2,0.0,0.0,False,0.0
2024-06-17,13,AEEC_ELK_3,0.0,0.0,False,0.0
2024-06-17,13,FTR_FTR_G1,185.0,0.0,True,5180.0
2024-06-17,13,FTR_FTR_G2,185.0,0.0,True,5180.0
2024-06-17,13,FTR_FTR_G3,185.0,0.0,True,5180.0
2024-06-17,13,FTR_FTR_G4,400.0,0.0,True,11200.0
2024-06-17,13,TGCCS_CT1,53.7,125.3,True,1503.6
2024-06-17,13,TGCCS_CT2,115.19608293379493,63.803917066205074,True,3225.4903
2024-06-17,13,TGCCS_CT3,53.7,125.3,True,1503.6
2024-06-17,13,TGCCS_UNIT4,120.0,280.0,True,3360.0
2024-06-17,13,KMCHI_1CT101,55.5,129.5,True,1554.0
2024-06-17,13,KMCHI_1CT201,55.5,129.5,True,1554.0
2024-06-17,13,KMCHI_1ST,330.0,0.0,True,9240.0
2024-06-17,13,KMCHI_2CT101,185.0,0.0,True,5180.0
2024-06-17,13,KMCHI_2CT201,185.0,0.0,True,5180.0
2024-06-17,13,KMCHI_2ST,99.0,231.0,True,2772.0
2024-06-17,13,A4_DGR1,0.0,0.0,False,0.0
2024-06-17,13,A4_DGR2,0.0,0.0,False,0.0
2024-06-17,13,K2_DGR1,0.0,0.0,False,0.0
2024-06-17,13,K2_DGR2,0.0,0.0,False,0.0
2024-06-17,13,P2_DGR1,0.0,0.0,False,0.0
2024-06-17,13,P2_DGR2,0.0,0.0,False,0.0
2024-06-17,13,Q1_DGR1,0.0,0.0,False,0.0
2024-06-17,13,BRAUNIG_VHB3,420.0,0.0,True,14700.0
2024-06-17,13,V2_DGR1,0.0,0.0,False,0.0
2024-06-17,13,V2_DGR2,0.0,0.0,False,0.0
2024-06-17,13,V2_DGR3,0.0,0.0,False,0.0
2024-06-17,13,V4_DGR1,0.0,0.0,False,0.0
2024-06-17,13,X1_DGR1,0.0,0.0,False,0.0
2024-06-17,13,Z0_DGR1,0.0,0.0,False,0.0
2024-06-17,13,Z0_DGR2,0.0,0.0,False,0.0
2024-06-17,13,Z5_DGR1,0.0,0.0,False,0.0
2024-06-17,13,DC_E,600.0,0.0,True,21000.0
2024-06-17,13,DC_N,0.0,0.0,False,0.0
2024-06-17,13,DC_L,0.0,0.0,False,0.0
2024-06-17,13,DC_R,0.0,0.0,False,0.0
2024-06-17,13,CEDARVALE_GAS,0.0,0.0,False,0.0
2024-06-17,13,ENCHANTED_ROCK_NEWPP,30.0,0.0,True,1350.0
2024-06-17,14,CPSES_UNIT1,1269.0,0.0,True,10152.0
2024-06-17,14,CPSES_UNIT2,1269.0,0.0,True,10152.0
2024-06-17,14,STP_STP_G1,1228.5,136.5,True,9828.0
2024-06-17,14,STP_STP_G2,1228.5,136.5,True,9828.0
2024-06-17,14,COLETO_COLETOG1,0.0,0.0,False,0.0
2024-06-17,14,FPPYD1_FPP_G1,615.0,0.0,True,15375.0
2024-06-17,14,FPPYD1_FPP_G2,615.0,0.0,True,15375.0
2024-06-17,14,FPPYD2_FPP_G3,460.0,0.0,True,11500.0
2024-06-17,14,CALAVERS_JKS1,560.0,0.0,True,14000.0
2024-06-17,14,CALAVERS_JKS2,922.0,0.0,True,23050.0
2024-06-17,14,LEG_LEG_G1,893.0,0.0,True,22325.0
2024-06-17,14,LEG_LEG_G2,956.8,0.0,True,23920.0
2024-06-17,14,MLSES_UNIT1,0.0,0.0,False,0.0
2024-06-17,14,MLSES_UNIT2,357.2,535.8,True,8930.0
2024-06-17,14,MLSES_UNIT3,357.2,535.8,True,8930.0
2024-06-17,14,OGSES_UNIT1A,916.8,0.0,True,22920.0
2024-06-17,14,OGSES_UNIT2,916.8,0.0,True,22920.0
2024-06-17,14,SANMIGL_G1,0.0,0.0,False,0.0
2024-06-17,14,SCES_UNIT1,1008.0,0.0,True,25200.0
2024-06-17,14,TNP_ONE_TNP_O_1,174.6,0.0,True,4365.0
2024-06-17,14,TNP_ONE_TNP_O_2,174.6,0.0,True,4365.0
2024-06-17,14,WAP_WAP_G5,0.0,0.0,False,0.0
2024-06-17,14,WAP_WAP_G6,0.0,0.0,False,0.0
2024-06-17,14,WAP_WAP_G7,0.0,0.0,False,0.0
2024-06-17,14,WAP_WAP_G8,0.0,0.0,False,0.0
2024-06-17,14,BRAUNIG_AVR1_CT1,189.0,0.0,True,5292.0
2024-06-17,14,BRAUNIG_AVR1_CT2,189.0,0.0,True,5292.0
2024-06-17,14,BRAUNIG_AVR1_ST,222.0,0.0,True,6216.0
2024-06-17,14,ATKINS_ATKINSG7,21.0,0.0,True,882.0
2024-06-17,14,B_DAVIS_B_DAVIG3,0.0,0.0,False,0.0
2024-06-17,14,B_DAVIS_B_DAVIG4,0.0,0.0,False,0.0
2024-06-17,14,B_DAVIS_B_DAVIG1,0.0,0.0,False,0.0
2024-06-17,14,B_DAVIS_B_DAVIG2,0.0,0.0,False,0.0
2024-06-17,14,BASTEN_GTG1100,56.4,131.6,True,1579.2
2024-06-17,14,BASTEN_GTG2100,56.4,131.6,True,1579.2
2024-06-17,14,BASTEN_ST0100,232.8350937655728,9.164906234427207,True,6519.3826
2024-06-17,14,BCH_UNIT1,60.5,0.0,True,2541.0
2024-06-17,14,BCH_UNIT2,60.5,0.0,True,2541.0
2024-06-17,14,BCH_UNIT3,60.5,0.0,True,2541.0
2024-06-17,14,BCH_UNIT4,60.5,0.0,True,2541.0
2024-06-17,14,BCH_UNIT5,60.5,0.0,True,2541.0
2024-06-17,14,BCH_UNIT6,60.5,0.0,True,2541.0
2024-06-17,14,BCH_UNIT7,60.5,0.0,True,2541.0
2024-06-17,14,BCH_UNIT8,60.5,0.0,True,2541.0
2024-06-17,14,BOSQUESW_BSQSU_1,56.61,132.08999999999997,True,1585.08
2024-06-17,14,BOSQUESW_BSQSU_2,56.61,132.08999999999997,True,1585.08
2024-06-17,14,BOSQUESW_BSQSU_3,56.61,132.08999999999997,True,1585.08
2024-06-17,14,BOSQUESW_BSQSU_4,89.99799071601569,5.002009283984307,True,2519.9437
2024-06-17,14,BOSQUESW_BSQSU_5,254.2,0.0,True,7117.6
2024-06-17,14,BVE_UNIT1,198.90000000000003,-2.842170943040401e-14,True,5569.2
2024-06-17,14,BVE_UNIT2,198.90000000000003,-2.842170943040401e-14,True,5569.2
2024-06-17,14,BVE_UNIT3,275.6,0.0,True,7716.8
2024-06-17,14,BTM_UNIT1,60.5,0.0,True,2541.0
2024-06-17,14,BTM_UNIT2,60.5,0.0,True,2541.0
2024-06-17,14,BTM_UNIT3,60.5,0.0,True,2541.0
2024-06-17,14,BTM_UNIT4,60.5,0.0,True,2541.0
2024-06-17,14,BTM_UNIT5,60.5,0.0,True,2541.0
2024-06-17,14,BTM_UNIT6,60.5,0.0,True,2541.0
2024-06-17,14,BTM_UNIT7,60.5,0.0,True,2541.0
2024-06-17,14,BTM_UNIT8,60.5,0.0,True,2541.0
2024-06-17,14,FLCNS_UNIT1,0.0,0.0,False,0.0
2024-06-17,14,FLCNS_UNIT2,0.0,0.0,False,0.0
2024-06-17,14,CALHOUN_UNIT1,0.0,0.0,False,0.0
2024-06-17,14,CALHOUN_UNIT2,0.0,0.0,False,0.0
2024-06-17,14,CHAMON_CTG_0101,60.5,0.0,True,2541.0
2024-06-17,14,CHAMON_CTG_0301,60.5,0.0,True,2541.0
2024-06-17,14,CBY4_CT41,205.0,0.0,True,5740.0
2024-06-17,14,CBY4_CT42,205.0,0.0,True,5740.0
2024-06-17,14,CBY4_ST04,205.0,0.0,True,5740.0
2024-06-17,14,CBY_CBY_G1,765.0,0.0,True,26775.0
2024-06-17,14,CBY_CBY_G2,765.0,0.0,True,26775.0
2024-06-17,14,CBEC_GT1,0.0,0.0,False,0.0
2024-06-17,14,CBEC_GT2,0.0,0.0,False,0.0
2024-06-17,14,CBEC_GT3,0.0,0.0,False,0.0
2024-06-17,14,CBEC_GT4,0.0,0.0,False,0.0
2024-06-17,14,CBEC_STG1,0.0,0.0,False,0.0
2024-06-17,14,CBEC_STG2,0.0,0.0,False,0.0
2024-06-17,14,CBECII_CT7,0.0,0.0,False,0.0
2024-06-17,14,CBECII_CT8,0.0,0.0,False,0.0
2024-06-17,14,CBECII_STG9,0.0,0.0,False,0.0
2024-06-17,14,CBEC_GT11,0.0,0.0,False,0.0
2024-06-17,14,CBEC_GT12,0.0,0.0,False,0.0
2024-06-17,14,CVC_CVC_G1,192.1,0.0,True,5378.8
2024-06-17,14,CVC_CVC_G2,192.1,0.0,True,5378.8
2024-06-17,14,CVC_CVC_G3,192.1,0.0,True,5378.8
2024-06-17,14,CVC_CVC_G5,150.0,0.0,True,4200.0
2024-06-17,14,DANSBY_DANSBYG2,48.0,0.0,True,2016.0
2024-06-17,14,DANSBY_DANSBYG3,50.0,0.0,True,2100.0
2024-06-17,14,DANSBY_DANSBYG1,120.0,0.0,True,4200.0
2024-06-17,14,DECKER_DPGT_1,5.67,0.0,True,238.14
2024-06-17,14,DECKER_DPGT_2,5.67,51.03,True,238.14
2024-06-17,14,DECKER_DPGT_3,5.67,51.03,True,238.14
2024-06-17,14,DECKER_DPGT_4,5.67,51.03,True,238.14
2024-06-17,14,DCSES_CT10,0.0,0.0,False,0.0
2024-06-17,14,DCSES_CT20,0.0,0.0,False,0.0
2024-06-17,14,DCSES_CT30,0.0,0.0,False,0.0
2024-06-17,14,DCSES_CT40,0.0,0.0,False,0.0
2024-06-17,14,DDPEC_GT1,60.9,142.1,True,1705.2
2024-06-17,14,DDPEC_GT2,215.0,0.0,True,6020.0
2024-06-17,14,DDPEC_GT3,60.9,142.1,True,1705.2
2024-06-17,14,DDPEC_GT4,107.20740000000262,107.79259999999738,True,3001.8072
2024-06-17,14,DDPEC_GT6,59.7,139.3,True,1671.6
2024-06-17,14,DDPEC_ST1,290.0,0.0,True,8120.0
2024-06-17,14,DEC_AGR_A,0.0,0.0,False,0.0
2024-06-17,14,DEC_AGR_B,0.0,0.0,False,0.0
2024-06-17,14,DEC_AGR_C,0.0,0.0,False,0.0
2024-06-17,14,DEC_AGR_D,0.0,0.0,False,0.0
2024-06-17,14,ECEC_G1,0.0,0.0,False,0.0
2024-06-17,14,ECEC_G2,0.0,0.0,False,0.0
2024-06-17,14,ETCCS_CT1,260.0,0.0,True,7280.0
2024-06-17,14,ETCCS_UNIT1,140.0,0.0,True,3920.0
2024-06-17,14,AZ_AZ_G1,40.0,0.0,True,1680.0
2024-06-17,14,AZ_AZ_G2,40.0,0.0,True,1680.0
2024-06-17,14,AZ_AZ_G3,40.0,0.0,True,1680.0
2024-06-17,14,AZ_AZ_G4,9.4339046039307,30.5660953960693,True,396.224
2024-06-17,14,FERGCC_FERGGT1,0.0,0.0,False,0.0
2024-06-17,14,FERGCC_FERGGT2,0.0,0.0,False,0.0
2024-06-17,14,FERGCC_FERGST1,61.2,142.8,True,1713.6
2024-06-17,14,FRNYPP_GT11,0.0,0.0,False,0.0
2024-06-17,14,FRNYPP_GT12,0.0,0.0,False,0.0
2024-06-17,14,FRNYPP_GT13,0.0,0.0,False,0.0
2024-06-17,14,FRNYPP_GT21,0.0,0.0,False,0.0
2024-06-17,14,FRNYPP_GT22,0.0,0.0,False,0.0
2024-06-17,14,FRNYPP_GT23,0.0,0.0,False,0.0
2024-06-17,14,FRNYPP_ST10,0.0,0.0,False,0.0
2024-06-17,14,FRNYPP_ST20,0.0,0.0,False,0.0
2024-06-17,14,FREC_GT1,179.4,0.0,True,5023.2
2024-06-17,14,FREC_GT2,179.4,0.0,True,5023.2
2024-06-17,14,FREC_GT4,179.39999999999986,1.4210854715202004e-13,True,5023.2
2024-06-17,14,FREC_GT5,179.4,0.0,True,5023.2
2024-06-17,14,FREC_ST3,190.7,0.0,True,5339.6
2024-06-17,14,FREC_ST6,190.7,0.0,True,5339.6
2024-06-17,14,FEGC_UNIT1,0.0,0.0,False,0.0
2024-06-17,14,FRONT_EC_CT1,0.0,0.0,False,0.0
2024-06-17,14,FRONT_EC_CT2,0.0,0.0,False,0.0
2024-06-17,14,FRONT_EC_ST,0.0,0.0,False,0.0
2024-06-17,14,GRSES_UNIT1,0.0,0.0,False,0.0
2024-06-17,14,GRSES_UNIT2,0.0,0.0,False,0.0
2024-06-17,14,GBY_GBYGT73,72.0,0.0,True,3024.0
2024-06-17,14,GBY_GBYGT74,72.0,0.0,True,3024.0
2024-06-17,14,GBY_GBYGT81,72.0,0.0,True,3024.0
2024-06-17,14,GBY_GBYGT82,72.0,0.0,True,3024.0
2024-06-17,14,GBY_GBYGT83,72.0,0.0,True,3024.0
2024-06-17,14,GBY_GBYGT84,72.0,0.0,True,3024.0
2024-06-17,14,STEAM_ENGINE_1,0.0,0.0,False,0.0
2024-06-17,14,STEAM_ENGINE_2,0.0,0.0,False,0.0
2024-06-17,14,STEAM_ENGINE_3,0.0,0.0,False,0.0
2024-06-17,14,LGE_LGE_GT1,0.0,0.0,False,0.0
2024-06-17,14,LGE_LGE_GT2,0.0,0.0,False,0.0
2024-06-17,14,LGE_LGE_STG,0.0,0.0,False,0.0
2024-06-17,14,GUADG_GAS1,0.0,0.0,False,0.0
2024-06-17,14,GUADG_GAS2,0.0,0.0,False,0.0
2024-06-17,14,GUADG_GAS3,0.0,0.0,False,0.0
2024-06-17,14,GUADG_GAS4,0.0,0.0,False,0.0
2024-06-17,14,GUADG_STM5,0.0,0.0,False,0.0
2024-06-17,14,GUADG_STM6,0.0,0.0,False,0.0
2024-06-17,14,HLSES_UNIT3,395.0,0.0,True,13825.0
2024-06-17,14,HLSES_UNIT4,435.0,0.0,True,15225.0
2024-06-17,14,HLSES_UNIT5,435.0,0.0,True,15225.0
2024-06-17,14,HAYSEN_HAYSENG1,0.0,0.0,False,0.0
2024-06-17,14,HAYSEN_HAYSENG2,0.0,0.0,False,0.0
2024-06-17,14,HAYSEN_HAYSENG3,0.0,0.0,False,0.0
2024-06-17,14,HAYSEN_HAYSENG4,0.0,0.0,False,0.0
2024-06-17,14,DUKE_DUKE_GT1,0.0,0.0,False,0.0
2024-06-17,14,DUKE_DUKE_GT2,0.0,0.0,False,0.0
2024-06-17,14,DUKE_DUKE_ST1,0.0,0.0,False,0.0
2024-06-17,14,JACKCNTY_CT1,59.67,139.23,True,1670.76
2024-06-17,14,JACKCNTY_CT2,59.67,139.23,True,1670.76
2024-06-17,14,JCKCNTY2_CT3,59.67,139.23,True,1670.76
2024-06-17,14,JCKCNTY2_CT4,59.67,139.23,True,1670.76
2024-06-17,14,JACKCNTY_STG,96.18,224.42000000000002,True,2693.04
2024-06-17,14,JCKCNTY2_ST2,96.18,224.42000000000002,True,2693.04
2024-06-17,14,TEN_CT1,0.0,0.0,False,0.0
2024-06-17,14,TEN_STG,0.0,0.0,False,0.0
2024-06-17,14,LHSES_UNIT1,0.0,0.0,False,0.0
2024-06-17,14,LHSES_UNIT2A,0.0,0.0,False,0.0
2024-06-17,14,LPCCS_CT11,0.0,0.0,False,0.0
2024-06-17,14,LPCCS_CT12,0.0,0.0,False,0.0
2024-06-17,14,LPCCS_CT21,0.0,0.0,False,0.0
2024-06-17,14,LPCCS_CT22,0.0,0.0,False,0.0
2024-06-17,14,LPCCS_UNIT1,0.0,0.0,False,0.0
2024-06-17,14,LPCCS_UNIT2,0.0,0.0,False,0.0
2024-06-17,14,LARDVFTN_G4,0.0,0.0,False,0.0
2024-06-17,14,LARDVFTN_G5,0.0,0.0,False,0.0
2024-06-17,14,LEON_CRK_LCPCT1,48.0,0.0,True,2016.0
2024-06-17,14,LEON_CRK_LCPCT2,48.0,0.0,True,2016.0
2024-06-17,14,LEON_CRK_LCPCT3,48.0,0.0,True,2016.0
2024-06-17,14,LEON_CRK_LCPCT4,48.0,0.0,True,2016.0
2024-06-17,14,LIG_UNIT1,6.05,54.45,True,254.1
2024-06-17,14,LIG_UNIT2,6.05,54.45,True,254.1
2024-06-17,14,LOSTPI_LOSTPGT1,202.5,0.0,True,5670.0
2024-06-17,14,LOSTPI_LOSTPGT2,202.5,0.0,True,5670.0
2024-06-17,14,LOSTPI_LOSTPST1,204.0,0.0,True,5712.0
2024-06-17,14,NEDIN_NEDIN_G1,0.0,0.0,False,0.0
2024-06-17,14,NEDIN_NEDIN_G2,0.0,0.0,False,0.0
2024-06-17,14,NEDIN_NEDIN_G3,0.0,0.0,False,0.0
2024-06-17,14,MDANP_CT1,0.0,0.0,False,0.0
2024-06-17,14,MDANP_CT2,0.0,0.0,False,0.0
2024-06-17,14,MDANP_CT3,0.0,0.0,False,0.0
2024-06-17,14,MDANP_CT4,0.0,0.0,False,0.0
2024-06-17,14,MDANP_CT5,0.0,0.0,False,0.0
2024-06-17,14,MDANP_CT6,0.0,0.0,False,0.0
2024-06-17,14,MGSES_CT1,0.0,0.0,False,0.0
2024-06-17,14,MGSES_CT2,0.0,0.0,False,0.0
2024-06-17,14,MGSES_CT3,0.0,0.0,False,0.0
2024-06-17,14,MGSES_CT4,0.0,0.0,False,0.0
2024-06-17,14,MGSES_CT5,0.0,0.0,False,0.0
2024-06-17,14,MGSES_CT6,0.0,0.0,False,0.0
2024-06-17,14,MCSES_UNIT6,122.0,0.0,True,4270.0
2024-06-17,14,MCSES_UNIT7,118.0,0.0,True,4130.0
2024-06-17,14,MCSES_UNIT8,568.0,0.0,True,19880.0
2024-06-17,14,NUECES_B_NUECESG8,0.0,0.0,False,0.0
2024-06-17,14,NUECES_B_NUECESG9,0.0,0.0,False,0.0
2024-06-17,14,NUECES_B_NUECESG7,0.0,0.0,False,0.0
2024-06-17,14,CALAVERS_OWS1,445.0,0.0,True,15575.0
2024-06-17,14,CALAVERS_OWS2,435.0,0.0,True,15225.0
2024-06-17,14,OECCS_CT11,0.0,0.0,False,0.0
2024-06-17,14,OECCS_CT12,0.0,0.0,False,0.0
2024-06-17,14,OECCS_CT21,0.0,0.0,False,0.0
2024-06-17,14,OECCS_CT22,0.0,0.0,False,0.0
2024-06-17,14,OECCS_UNIT1,0.0,0.0,False,0.0
2024-06-17,14,OECCS_UNIT2,0.0,0.0,False,0.0
2024-06-17,14,VICTPRT2_UNIT1,0.0,0.0,False,0.0
2024-06-17,14,VICTPRT2_UNIT2,0.0,0.0,False,0.0
2024-06-17,14,PANDA_S_SHER1CT1,232.0,0.0,True,6496.0
2024-06-17,14,PANDA_S_SHER1CT2,232.0,0.0,True,6496.0
2024-06-17,14,PANDA_S_SHER1ST1,353.1,0.0,True,9886.8
2024-06-17,14,PANDA_T1_TMPL1CT1,232.0,0.0,True,6496.0
2024-06-17,14,PANDA_T1_TMPL1CT2,232.0,0.0,True,6496.0
2024-06-17,14,PANDA_T1_TMPL1ST1,353.1,0.0,True,9886.8
2024-06-17,14,PANDA_T2_TMPL2CT1,232.0,0.0,True,6496.0
2024-06-17,14,PANDA_T2_TMPL2CT2,232.0,0.0,True,6496.0
2024-06-17,14,PANDA_T2_TMPL2ST1,353.1,0.0,True,9886.8
2024-06-17,14,TNSKA_GT1,0.0,0.0,False,0.0
2024-06-17,14,TNSKA_GT2,0.0,0.0,False,0.0
2024-06-17,14,TNSKA_STG,0.0,0.0,False,0.0
2024-06-17,14,PSG_PSG_GT2,215.1,0.0,True,6022.8
2024-06-17,14,PSG_PSG_GT3,215.1,0.0,True,6022.8
2024-06-17,14,PSG_PSG_ST2,195.5,0.0,True,5474.0
2024-06-17,14,PEARSAL2_AGR_A,0.0,0.0,False,0.0
2024-06-17,14,PEARSAL2_AGR_B,0.0,0.0,False,0.0
2024-06-17,14,PEARSAL2_AGR_C,0.0,0.0,False,0.0
2024-06-17,14,PEARSAL2_AGR_D,0.0,0.0,False,0.0
2024-06-17,14,PB2SES_CT1,0.0,0.0,False,0.0
2024-06-17,14,PB2SES_CT2,0.0,0.0,False,0.0
2024-06-17,14,PB2SES_CT3,0.0,0.0,False,0.0
2024-06-17,14,PB2SES_CT4,0.0,0.0,False,0.0
2024-06-17,14,PB2SES_CT5,0.0,0.0,False,0.0
2024-06-17,14,PRO_UNIT1,6.05,54.45,True,254.1
2024-06-17,14,PRO_UNIT2,6.05,54.45,True,254.1
2024-06-17,14,PRO_UNIT3,6.05,54.45,True,254.1
2024-06-17,14,PRO_UNIT4,6.05,54.45,True,254.1
2024-06-17,14,PRO_UNIT5,6.05,54.45,True,254.1
2024-06-17,14,PRO_UNIT6,60.5,0.0,True,2541.0
2024-06-17,14,PRO_UNIT7,60.5,0.0,True,2541.0
2024-06-17,14,PRO_UNIT8,60.5,0.0,True,2541.0
2024-06-17,14,BAC_CTG1,65.0,0.0,True,2730.0
2024-06-17,14,BAC_CTG2,65.0,0.0,True,2730.0
2024-06-17,14,BAC_CTG3,65.0,0.0,True,2730.0
2024-06-17,14,BAC_CTG4,65.0,0.0,True,2730.0
2024-06-17,14,BAC_CTG5,65.0,0.0,True,2730.0
2024-06-17,14,BAC_CTG6,65.0,0.0,True,2730.0
2024-06-17,14,STEAM1A_STEAM_1,0.0,0.0,False,0.0
2024-06-17,14,STEAM_STEAM_2,0.0,0.0,False,0.0
2024-06-17,14,STEAM_STEAM_3,0.0,0.0,False,0.0
2024-06-17,14,QALSW_GT1,0.0,0.0,False,0.0
2024-06-17,14,QALSW_GT2,0.0,0.0,False,0.0
2024-06-17,14,QALSW_GT3,0.0,0.0,False,0.0
2024-06-17,14,QALSW_GT4,0.0,0.0,False,0.0
2024-06-17,14,QALSW_STG1,0.0,0.0,False,0.0
2024-06-17,14,QALSW_STG2,0.0,0.0,False,0.0
2024-06-17,14,MIL_MILLERG4,0.0,0.0,False,0.0
2024-06-17,14,MIL_MILLERG5,0.0,0.0,False,0.0
2024-06-17,14,MIL_MILLERG1,0.0,0.0,False,0.0
2024-06-17,14,MIL_MILLERG2,0.0,0.0,False,0.0
2024-06-17,14,MIL_MILLERG3,0.0,0.0,False,0.0
2024-06-17,14,OLINGR_OLING_4,0.0,0.0,False,0.0
2024-06-17,14,OLINGR_OLING_2,0.0,0.0,False,0.0
2024-06-17,14,OLINGR_OLING_3,0.0,0.0,False,0.0
2024-06-17,14,RAB_UNIT1,0.0,0.0,False,0.0
2024-06-17,14,RAB_UNIT2,0.0,0.0,False,0.0
2024-06-17,14,RAB_UNIT3,0.0,0.0,False,0.0
2024-06-17,14,RAB_UNIT4,0.0,0.0,False,0.0
2024-06-17,14,RAB_UNIT5,0.0,0.0,False,0.0
2024-06-17,14,RAB_UNIT6,0.0,0.0,False,0.0
2024-06-17,14,RAB_UNIT7,0.0,0.0,False,0.0
2024-06-17,14,RAB_UNIT8,0.0,0.0,False,0.0
2024-06-17,14,REDGATE_AGR_A,0.0,0.0,False,0.0
2024-06-17,14,REDGATE_AGR_B,0.0,0.0,False,0.0
2024-06-17,14,REDGATE_AGR_C,0.0,0.0,False,0.0
2024-06-17,14,REDGATE_AGR_D,0.0,0.0,False,0.0
2024-06-17,14,JAD_UNIT1,60.5,0.0,True,2541.0
2024-06-17,14,JAD_UNIT2,60.5,0.0,True,2541.0
2024-06-17,14,JAD_UNIT3,60.5,0.0,True,2541.0
2024-06-17,14,JAD_UNIT4,60.5,0.0,True,2541.0
2024-06-17,14,JAD_UNIT5,60.5,0.0,True,2541.0
2024-06-17,14,JAD_UNIT6,6.05,54.45,True,254.1
2024-06-17,14,JAD_UNIT7,6.05,54.45,True,254.1
2024-06-17,14,JAD_UNIT8,6.05,54.45,True,254.1
2024-06-17,14,RIONOG_CT1,0.0,0.0,False,0.0
2024-06-17,14,RIONOG_CT2,0.0,0.0,False,0.0
2024-06-17,14,RIONOG_CT3,0.0,0.0,False,0.0
2024-06-17,14,RIONOG_ST1,0.0,0.0,False,0.0
2024-06-17,14,RAYBURN_RAYBURG7,55.80252252190958,4.69747747809042,True,1562.4706
2024-06-17,14,RAYBURN_RAYBURG8,60.5,0.0,True,1694.0
2024-06-17,14,RAYBURN_RAYBURG9,18.15,42.35,True,508.2
2024-06-17,14,RAYBURN_RAYBURG10,12.6,29.4,True,352.8
2024-06-17,14,SJS_SJS_G1,88.19999999999999,1.4210854715202004e-14,True,3704.4
2024-06-17,14,SJS_SJS_G2,88.19999999999999,1.4210854715202004e-14,True,3704.4
2024-06-17,14,SANDHSYD_SH1,6.05,54.45,True,254.1
2024-06-17,14,SANDHSYD_SH2,6.05,54.45,True,254.1
2024-06-17,14,SANDHSYD_SH3,6.05,54.45,True,254.1
2024-06-17,14,SANDHSYD_SH4,6.05,54.45,True,254.1
2024-06-17,14,SANDHSYD_SH_5A,198.90000000000003,-2.842170943040401e-14,True,5569.2
2024-06-17,14,SANDHSYD_SH6,6.05,54.45,True,254.1
2024-06-17,14,SANDHSYD_SH7,6.05,54.45,True,254.1
2024-06-17,14,SANDHSYD_SH_5C,191.0,0.0,True,5348.0
2024-06-17,14,SILASRAY_SILAS_10,0.0,0.0,False,0.0
2024-06-17,14,SILASRAY_SILAS_9,0.0,0.0,False,0.0
2024-06-17,14,SILASRAY_SILAS_6,0.0,0.0,False,0.0
2024-06-17,14,GIDEON_GIDEONG1,136.0,0.0,True,4760.0
2024-06-17,14,GIDEON_GIDEONG2,136.0,0.0,True,4760.0
2024-06-17,14,GIDEON_GIDEONG3,351.0,0.0,True,12285.0
2024-06-17,14,SKY1_SKY1A,0.0,0.0,False,0.0
2024-06-17,14,SKY1_SKY1B,0.0,0.0,False,0.0
2024-06-17,14,SPNCER_SPNCE_4,0.0,0.0,False,0.0
2024-06-17,14,SPNCER_SPNCE_5,0.0,0.0,False,0.0
2024-06-17,14,SCSES_UNIT1A,53.1,123.9,True,1858.5
2024-06-17,14,SCSES_UNIT2,150.6,351.4,True,5271.0
2024-06-17,14,THW_THWGT_1,16.3,0.0,True,684.6
2024-06-17,14,THW_THWGT31,51.3,0.0,True,1436.4
2024-06-17,14,THW_THWGT32,51.3,0.0,True,1436.4
2024-06-17,14,THW_THWGT33,51.3,0.0,True,1436.4
2024-06-17,14,THW_THWGT34,51.3,0.0,True,1436.4
2024-06-17,14,THW_THWGT41,51.3,0.0,True,1436.4
2024-06-17,14,THW_THWGT42,51.3,0.0,True,1436.4
2024-06-17,14,THW_THWGT43,62.0,0.0,True,1736.0
2024-06-17,14,THW_THWGT44,62.0,0.0,True,1736.0
2024-06-17,14,THW_THWGT51,85.0,0.0,True,3570.0
2024-06-17,14,THW_THWGT52,85.0,0.0,True,3570.0
2024-06-17,14,THW_THWGT53,85.0,0.0,True,3570.0
2024-06-17,14,THW_THWGT54,85.0,0.0,True,3570.0
2024-06-17,14,THW_THWGT55,85.0,0.0,True,3570.0
2024-06-17,14,THW_THWGT56,85.0,0.0,True,3570.0
2024-06-17,14,THW_THWST_3,113.1,0.0,True,3166.8
2024-06-17,14,THW_THWST_4,113.1,0.0,True,3166.8
2024-06-17,14,TXCTY_CTA,129.1,0.0,True,3614.8
2024-06-17,14,TXCTY_CTB,129.1,0.0,True,3614.8
2024-06-17,14,TXCTY_CTC,129.1,0.0,True,3614.8
2024-06-17,14,TXCTY_ST,143.7,0.0,True,4023.6
2024-06-17,14,TGS_GT01,0.0,0.0,False,0.0
2024-06-17,14,TIMPP_AGR1,3.77,33.93,True,169.65
2024-06-17,14,TIMPP_AGR2,5.65,50.85,True,254.25
2024-06-17,14,TIMPP_AGR3,3.77,33.93,True,169.65
2024-06-17,14,TIMPP_AGR4,5.65,50.85,True,254.25
2024-06-17,14,TRSES_UNIT6,239.0,0.0,True,8365.0
2024-06-17,14,TOPAZ_UNIT1,60.5,0.0,True,2541.0
2024-06-17,14,TOPAZ_UNIT2,60.5,0.0,True,2541.0
2024-06-17,14,TOPAZ_UNIT3,60.5,0.0,True,2541.0
2024-06-17,14,TOPAZ_UNIT4,60.5,0.0,True,2541.0
2024-06-17,14,TOPAZ_UNIT5,60.5,0.0,True,2541.0
2024-06-17,14,TOPAZ_UNIT6,60.5,0.0,True,2541.0
2024-06-17,14,TOPAZ_UNIT7,60.5,0.0,True,2541.0
2024-06-17,14,TOPAZ_UNIT8,60.5,0.0,True,2541.0
2024-06-17,14,TOPAZ_UNIT9,60.5,0.0,True,2541.0
2024-06-17,14,TOPAZ_UNIT10,60.5,0.0,True,2541.0
2024-06-17,14,BRAUNIG_VHB6CT5,64.5,0.0,True,2709.0
2024-06-17,14,BRAUNIG_VHB6CT6,64.5,0.0,True,2709.0
2024-06-17,14,BRAUNIG_VHB6CT7,64.5,0.0,True,2709.0
2024-06-17,14,BRAUNIG_VHB6CT8,64.5,0.0,True,2709.0
2024-06-17,14,CITYVICT_CTG01,0.0,0.0,False,0.0
2024-06-17,14,CITYVICT_CTG02,0.0,0.0,False,0.0
2024-06-17,14,VICTPORT_CTG01,0.0,0.0,False,0.0
2024-06-17,14,VICTPORT_CTG02,0.0,0.0,False,0.0
2024-06-17,14,VICTORIA_VICTORG6,0.0,0.0,False,0.0
2024-06-17,14,VICTORIA_VICTORG5,0.0,0.0,False,0.0
2024-06-17,14,WAP_WAPGT_1,0.0,0.0,False,0.0
2024-06-17,14,WAP_WAP_G1,0.0,0.0,False,0.0
2024-06-17,14,WAP_WAP_G2,0.0,0.0,False,0.0
2024-06-17,14,WAP_WAP_G3,0.0,0.0,False,0.0
2024-06-17,14,WAP_WAP_G4,0.0,0.0,False,0.0
2024-06-17,14,WFCOGEN_UNIT1,0.0,0.0,False,0.0
2024-06-17,14,WFCOGEN_UNIT2,0.0,0.0,False,0.0
2024-06-17,14,WFCOGEN_UNIT3,0.0,0.0,False,0.0
2024-06-17,14,WIPOPA_WPP_G1,60.5,0.0,True,2541.0
2024-06-17,14,WIPOPA_WPP_G2,60.5,0.0,True,2541.0
2024-06-17,14,WIPOPA_WPP_G3,60.5,0.0,True,2541.0
2024-06-17,14,WIPOPA_WPP_G4,60.5,0.0,True,2541.0
2024-06-17,14,WCPP_CT1,275.0,0.0,True,7700.0
2024-06-17,14,WCPP_CT2,152.6503722865498,122.34962771345019,True,4274.2104
2024-06-17,14,WCPP_ST1,298.0,0.0,True,8344.0
2024-06-17,14,WHCCS_CT1,264.5,0.0,True,7406.0
2024-06-17,14,WHCCS_CT2,264.5,0.0,True,7406.0
2024-06-17,14,WHCCS_STG,300.0,0.0,True,8400.0
2024-06-17,14,WHCCS2_CT4,108.0,252.0,True,3024.0
2024-06-17,14,WHCCS2_CT5,225.9668989384349,134.0331010615651,True,6327.0732
2024-06-17,14,WHCCS2_STG6,153.36,357.84,True,4294.08
2024-06-17,14,NACPW_UNIT1,23.3,93.2,True,932.0
2024-06-17,14,HBR_2UNITS,3.2,0.0,True,128.0
2024-06-17,14,TRIRA_1UNIT,4.0,0.0,True,160.0
2024-06-17,14,78252_4UNITS,4.2,0.0,True,168.0
2024-06-17,14,SPRIN_4UNITS,1.28,5.12,True,51.2
2024-06-17,14,FREIH_2UNITS,0.0,0.0,False,0.0
2024-06-17,14,WSTHL_3UNITS,4.8,0.0,True,192.0
2024-06-17,14,FEGC_CTG2,0.0,0.0,False,0.0
2024-06-17,14,FEGC_CTG3,0.0,0.0,False,0.0
2024-06-17,14,FEGC_CTG4,0.0,0.0,False,0.0
2024-06-17,14,OLNEYTN_AGR1,0.0,0.0,False,0.0
2024-06-17,14,AMISTAD_AMISTAG1,3.79,34.11,True,3.79
2024-06-17,14,AMISTAD_AMISTAG2,3.79,34.11,True,3.79
2024-06-17,14,AUSTPL_AUSTING1,9.0,0.0,True,9.0
2024-06-17,14,AUSTPL_AUSTING2,9.0,0.0,True,9.0
2024-06-17,14,BUCHAN_BUCHANG1,18.299999999999997,3.552713678800501e-15,True,18.3
2024-06-17,14,BUCHAN_BUCHANG2,5.300241178977908,12.999758821022095,True,5.3002
2024-06-17,14,BUCHAN_BUCHANG3,18.299999999999997,3.552713678800501e-15,True,18.3
2024-06-17,14,DNDAM_DENISOG1,50.8,0.0,True,50.8
2024-06-17,14,DNDAM_DENISOG2,50.8,0.0,True,50.8
2024-06-17,14,FALCON_FALCONG1,0.0,0.0,False,0.0
2024-06-17,14,FALCON_FALCONG2,0.0,0.0,False,0.0
2024-06-17,14,FALCON_FALCONG3,0.0,0.0,False,0.0
2024-06-17,14,WIRTZ_WIRTZ_G1,29.0,0.0,True,29.0
2024-06-17,14,WIRTZ_WIRTZ_G2,29.0,0.0,True,29.0
2024-06-17,14,CANYHY_CANYHYG1,0.0,0.0,False,0.0
2024-06-17,14,INKSDA_INKS_G1,1.5,13.5,True,1.5
2024-06-17,14,MARBFA_MARBFAG1,21.0,0.0,True,21.0
2024-06-17,14,MARBFA_MARBFAG2,20.0,0.0,True,20.0
2024-06-17,14,MARSFO_MARSFOG1,3.6,32.4,True,3.6
2024-06-17,14,MARSFO_MARSFOG2,3.6,32.4,True,3.6
2024-06-17,14,MARSFO_MARSFOG3,3.6,32.4,True,3.6
2024-06-17,14,WND_WHITNEY1,22.0,0.0,True,22.0
2024-06-17,14,WND_WHITNEY2,22.0,0.0,True,22.0
2024-06-17,14,AEEC_ANTLP_1,0.0,0.0,False,0.0
2024-06-17,14,AEEC_ANTLP_2,0.0,0.0,False,0.0
2024-06-17,14,AEEC_ANTLP_3,0.0,0.0,False,0.0
2024-06-17,14,AEEC_ELK_1,0.0,0.0,False,0.0
2024-06-17,14,AEEC_ELK_2,0.0,0.0,False,0.0
2024-06-17,14,AEEC_ELK_3,0.0,0.0,False,0.0
2024-06-17,14,FTR_FTR_G1,185.0,0.0,True,5180.0
2024-06-17,14,FTR_FTR_G2,185.0,0.0,True,5180.0
2024-06-17,14,FTR_FTR_G3,185.0,0.0,True,5180.0
2024-06-17,14,FTR_FTR_G4,400.0,0.0,True,11200.0
2024-06-17,14,TGCCS_CT1,179.0,0.0,True,5012.0
2024-06-17,14,TGCCS_CT2,179.0,0.0,True,5012.0
2024-06-17,14,TGCCS_CT3,139.44315562092842,39.55684437907158,True,3904.4084
2024-06-17,14,TGCCS_UNIT4,400.0,0.0,True,11200.0
2024-06-17,14,KMCHI_1CT101,55.5,129.5,True,1554.0
2024-06-17,14,KMCHI_1CT201,55.5,129.5,True,1554.0
2024-06-17,14,KMCHI_1ST,99.0,231.0,True,2772.0
2024-06-17,14,KMCHI_2CT101,185.0,0.0,True,5180.0
2024-06-17,14,KMCHI_2CT201,55.5,129.5,True,1554.0
2024-06-17,14,KMCHI_2ST,330.0,0.0,True,9240.0
2024-06-17,14,A4_DGR1,0.0,0.0,False,0.0
2024-06-17,14,A4_DGR2,0.0,0.0,False,0.0
2024-06-17,14,K2_DGR1,0.0,0.0,False,0.0
2024-06-17,14,K2_DGR2,0.0,0.0,False,0.0
2024-06-17,14,P2_DGR1,0.0,0.0,False,0.0
2024-06-17,14,P2_DGR2,0.0,0.0,False,0.0
2024-06-17,14,Q1_DGR1,0.0,0.0,False,0.0
2024-06-17,14,BRAUNIG_VHB3,420.0,0.0,True,14700.0
2024-06-17,14,V2_DGR1,0.0,0.0,False,0.0
2024-06-17,14,V2_DGR2,0.0,0.0,False,0.0
2024-06-17,14,V2_DGR3,0.0,0.0,False,0.0
2024-06-17,14,V4_DGR1,0.0,0.0,False,0.0
2024-06-17,14,X1_DGR1,0.0,0.0,False,0.0
2024-06-17,14,Z0_DGR1,0.0,0.0,False,0.0
2024-06-17,14,Z0_DGR2,0.0,0.0,False,0.0
2024-06-17,14,Z5_DGR1,0.0,0.0,False,0.0
2024-06-17,14,DC_E,568.6176008091059,31.382399190894205,True,19901.616
2024-06-17,14,DC_N,0.0,0.0,False,0.0
2024-06-17,14,DC_L,0.0,0.0,False,0.0
2024-06-17,14,DC_R,0.0,0.0,False,0.0
2024-06-17,14,CEDARVALE_GAS,0.0,0.0,False,0.0
2024-06-17,14,ENCHANTED_ROCK_NEWPP,30.0,0.0,True,1350.0
2024-06-17,15,CPSES_UNIT1,1269.0,0.0,True,10152.0
2024-06-17,15,CPSES_UNIT2,1269.0,0.0,True,10152.0
2024-06-17,15,STP_STP_G1,1228.5,136.5,True,9828.0
2024-06-17,15,STP_STP_G2,1228.5,136.5,True,9828.0
2024-06-17,15,COLETO_COLETOG1,0.0,0.0,False,0.0
2024-06-17,15,FPPYD1_FPP_G1,615.0,0.0,True,15375.0
2024-06-17,15,FPPYD1_FPP_G2,615.0,0.0,True,15375.0
2024-06-17,15,FPPYD2_FPP_G3,460.0,0.0,True,11500.0
2024-06-17,15,CALAVERS_JKS1,560.0,0.0,True,14000.0
2024-06-17,15,CALAVERS_JKS2,922.0,0.0,True,23050.0
2024-06-17,15,LEG_LEG_G1,893.0,0.0,True,22325.0
2024-06-17,15,LEG_LEG_G2,956.8,0.0,True,23920.0
2024-06-17,15,MLSES_UNIT1,0.0,0.0,False,0.0
2024-06-17,15,MLSES_UNIT2,357.2,535.8,True,8930.0
2024-06-17,15,MLSES_UNIT3,711.3204917648168,181.67950823518322,True,17783.0123
2024-06-17,15,OGSES_UNIT1A,916.8,0.0,True,22920.0
2024-06-17,15,OGSES_UNIT2,916.8,0.0,True,22920.0
2024-06-17,15,SANMIGL_G1,0.0,0.0,False,0.0
2024-06-17,15,SCES_UNIT1,1008.0,0.0,True,25200.0
2024-06-17,15,TNP_ONE_TNP_O_1,174.6,0.0,True,4365.0
2024-06-17,15,TNP_ONE_TNP_O_2,174.6,0.0,True,4365.0
2024-06-17,15,WAP_WAP_G5,0.0,0.0,False,0.0
2024-06-17,15,WAP_WAP_G6,0.0,0.0,False,0.0
2024-06-17,15,WAP_WAP_G7,0.0,0.0,False,0.0
2024-06-17,15,WAP_WAP_G8,0.0,0.0,False,0.0
2024-06-17,15,BRAUNIG_AVR1_CT1,189.0,0.0,True,5292.0
2024-06-17,15,BRAUNIG_AVR1_CT2,189.0,0.0,True,5292.0
2024-06-17,15,BRAUNIG_AVR1_ST,222.0,0.0,True,6216.0
2024-06-17,15,ATKINS_ATKINSG7,21.0,0.0,True,882.0
2024-06-17,15,B_DAVIS_B_DAVIG3,0.0,0.0,False,0.0
2024-06-17,15,B_DAVIS_B_DAVIG4,0.0,0.0,False,0.0
2024-06-17,15,B_DAVIS_B_DAVIG1,0.0,0.0,False,0.0
2024-06-17,15,B_DAVIS_B_DAVIG2,0.0,0.0,False,0.0
2024-06-17,15,BASTEN_GTG1100,56.4,131.6,True,1579.2
2024-06-17,15,BASTEN_GTG2100,56.4,131.6,True,1579.2
2024-06-17,15,BASTEN_ST0100,72.6,169.4,True,2032.8
2024-06-17,15,BCH_UNIT1,60.5,0.0,True,2541.0
2024-06-17,15,BCH_UNIT2,60.5,0.0,True,2541.0
2024-06-17,15,BCH_UNIT3,60.5,0.0,True,2541.0
2024-06-17,15,BCH_UNIT4,60.5,0.0,True,2541.0
2024-06-17,15,BCH_UNIT5,60.5,0.0,True,2541.0
2024-06-17,15,BCH_UNIT6,60.5,0.0,True,2541.0
2024-06-17,15,BCH_UNIT7,60.5,0.0,True,2541.0
2024-06-17,15,BCH_UNIT8,60.5,0.0,True,2541.0
2024-06-17,15,BOSQUESW_BSQSU_1,56.61,132.08999999999997,True,1585.08
2024-06-17,15,BOSQUESW_BSQSU_2,56.61,132.08999999999997,True,1585.08
2024-06-17,15,BOSQUESW_BSQSU_3,56.61,132.08999999999997,True,1585.08
2024-06-17,15,BOSQUESW_BSQSU_4,28.5,66.5,True,798.0
2024-06-17,15,BOSQUESW_BSQSU_5,244.55170261400258,9.64829738599741,True,6847.4477
2024-06-17,15,BVE_UNIT1,198.90000000000003,-2.842170943040401e-14,True,5569.2
2024-06-17,15,BVE_UNIT2,198.90000000000003,-2.842170943040401e-14,True,5569.2
2024-06-17,15,BVE_UNIT3,275.6,0.0,True,7716.8
2024-06-17,15,BTM_UNIT1,60.5,0.0,True,2541.0
2024-06-17,15,BTM_UNIT2,60.5,0.0,True,2541.0
2024-06-17,15,BTM_UNIT3,60.5,0.0,True,2541.0
2024-06-17,15,BTM_UNIT4,60.5,0.0,True,2541.0
2024-06-17,15,BTM_UNIT5,60.5,0.0,True,2541.0
2024-06-17,15,BTM_UNIT6,60.5,0.0,True,2541.0
2024-06-17,15,BTM_UNIT7,60.5,0.0,True,2541.0
2024-06-17,15,BTM_UNIT8,60.5,0.0,True,2541.0
2024-06-17,15,FLCNS_UNIT1,0.0,0.0,False,0.0
2024-06-17,15,FLCNS_UNIT2,0.0,0.0,False,0.0
2024-06-17,15,CALHOUN_UNIT1,0.0,0.0,False,0.0
2024-06-17,15,CALHOUN_UNIT2,0.0,0.0,False,0.0
2024-06-17,15,CHAMON_CTG_0101,60.5,0.0,True,2541.0
2024-06-17,15,CHAMON_CTG_0301,60.5,0.0,True,2541.0
2024-06-17,15,CBY4_CT41,205.0,0.0,True,5740.0
2024-06-17,15,CBY4_CT42,205.0,0.0,True,5740.0
2024-06-17,15,CBY4_ST04,205.0,0.0,True,5740.0
2024-06-17,15,CBY_CBY_G1,765.0,0.0,True,26775.0
2024-06-17,15,CBY_CBY_G2,765.0,0.0,True,26775.0
2024-06-17,15,CBEC_GT1,0.0,0.0,False,0.0
2024-06-17,15,CBEC_GT2,0.0,0.0,False,0.0
2024-06-17,15,CBEC_GT3,0.0,0.0,False,0.0
2024-06-17,15,CBEC_GT4,0.0,0.0,False,0.0
2024-06-17,15,CBEC_STG1,0.0,0.0,False,0.0
2024-06-17,15,CBEC_STG2,0.0,0.0,False,0.0
2024-06-17,15,CBECII_CT7,0.0,0.0,False,0.0
2024-06-17,15,CBECII_CT8,0.0,0.0,False,0.0
2024-06-17,15,CBECII_STG9,0.0,0.0,False,0.0
2024-06-17,15,CBEC_GT11,0.0,0.0,False,0.0
2024-06-17,15,CBEC_GT12,0.0,0.0,False,0.0
2024-06-17,15,CVC_CVC_G1,192.1,0.0,True,5378.8
2024-06-17,15,CVC_CVC_G2,192.1,0.0,True,5378.8
2024-06-17,15,CVC_CVC_G3,192.1,0.0,True,5378.8
2024-06-17,15,CVC_CVC_G5,150.0,0.0,True,4200.0
2024-06-17,15,DANSBY_DANSBYG2,48.0,0.0,True,2016.0
2024-06-17,15,DANSBY_DANSBYG3,50.0,0.0,True,2100.0
2024-06-17,15,DANSBY_DANSBYG1,120.0,0.0,True,4200.0
2024-06-17,15,DECKER_DPGT_1,0.0,0.0,False,0.0
2024-06-17,15,DECKER_DPGT_2,5.67,51.03,True,238.14
2024-06-17,15,DECKER_DPGT_3,5.67,51.03,True,238.14
2024-06-17,15,DECKER_DPGT_4,5.67,51.03,True,238.14
2024-06-17,15,DCSES_CT10,0.0,0.0,False,0.0
2024-06-17,15,DCSES_CT20,0.0,0.0,False,0.0
2024-06-17,15,DCSES_CT30,0.0,0.0,False,0.0
2024-06-17,15,DCSES_CT40,0.0,0.0,False,0.0
2024-06-17,15,DDPEC_GT1,60.9,142.1,True,1705.2
2024-06-17,15,DDPEC_GT2,215.0,0.0,True,6020.0
2024-06-17,15,DDPEC_GT3,60.9,142.1,True,1705.2
2024-06-17,15,DDPEC_GT4,215.0,0.0,True,6020.0
2024-06-17,15,DDPEC_GT6,152.91540000000253,46.084599999997465,True,4281.6312
2024-06-17,15,DDPEC_ST1,87.0,203.0,True,2436.0
2024-06-17,15,DEC_AGR_A,0.0,0.0,False,0.0
2024-06-17,15,DEC_AGR_B,0.0,0.0,False,0.0
2024-06-17,15,DEC_AGR_C,0.0,0.0,False,0.0
2024-06-17,15,DEC_AGR_D,0.0,0.0,False,0.0
2024-06-17,15,ECEC_G1,0.0,0.0,False,0.0
2024-06-17,15,ECEC_G2,0.0,0.0,False,0.0
2024-06-17,15,ETCCS_CT1,260.0,0.0,True,7280.0
2024-06-17,15,ETCCS_UNIT1,140.0,0.0,True,3920.0
2024-06-17,15,AZ_AZ_G1,40.0,0.0,True,1680.0
2024-06-17,15,AZ_AZ_G2,40.0,0.0,True,1680.0
2024-06-17,15,AZ_AZ_G3,40.0,0.0,True,1680.0
2024-06-17,15,AZ_AZ_G4,40.0,0.0,True,1680.0
2024-06-17,15,FERGCC_FERGGT1,0.0,0.0,False,0.0
2024-06-17,15,FERGCC_FERGGT2,0.0,0.0,False,0.0
2024-06-17,15,FERGCC_FERGST1,61.2,142.8,True,1713.6
2024-06-17,15,FRNYPP_GT11,0.0,0.0,False,0.0
2024-06-17,15,FRNYPP_GT12,0.0,0.0,False,0.0
2024-06-17,15,FRNYPP_GT13,0.0,0.0,False,0.0
2024-06-17,15,FRNYPP_GT21,0.0,0.0,False,0.0
2024-06-17,15,FRNYPP_GT22,0.0,0.0,False,0.0
2024-06-17,15,FRNYPP_GT23,0.0,0.0,False,0.0
2024-06-17,15,FRNYPP_ST10,0.0,0.0,False,0.0
2024-06-17,15,FRNYPP_ST20,0.0,0.0,False,0.0
2024-06-17,15,FREC_GT1,179.4,0.0,True,5023.2
2024-06-17,15,FREC_GT2,179.4,0.0,True,5023.2
2024-06-17,15,FREC_GT4,179.4,0.0,True,5023.2
2024-06-17,15,FREC_GT5,179.4,0.0,True,5023.2
2024-06-17,15,FREC_ST3,190.7,0.0,True,5339.6
2024-06-17,15,FREC_ST6,190.7,0.0,True,5339.6
2024-06-17,15,FEGC_UNIT1,0.0,0.0,False,0.0
2024-06-17,15,FRONT_EC_CT1,0.0,0.0,False,0.0
2024-06-17,15,FRONT_EC_CT2,0.0,0.0,False,0.0
2024-06-17,15,FRONT_EC_ST,0.0,0.0,False,0.0
2024-06-17,15,GRSES_UNIT1,0.0,0.0,False,0.0
2024-06-17,15,GRSES_UNIT2,0.0,0.0,False,0.0
2024-06-17,15,GBY_GBYGT73,72.0,0.0,True,3024.0
2024-06-17,15,GBY_GBYGT74,72.0,0.0,True,3024.0
2024-06-17,15,GBY_GBYGT81,72.0,0.0,True,3024.0
2024-06-17,15,GBY_GBYGT82,72.0,0.0,True,3024.0
2024-06-17,15,GBY_GBYGT83,72.0,0.0,True,3024.0
2024-06-17,15,GBY_GBYGT84,72.0,0.0,True,3024.0
2024-06-17,15,STEAM_ENGINE_1,0.0,0.0,False,0.0
2024-06-17,15,STEAM_ENGINE_2,0.0,0.0,False,0.0
2024-06-17,15,STEAM_ENGINE_3,0.0,0.0,False,0.0
2024-06-17,15,LGE_LGE_GT1,0.0,0.0,False,0.0
2024-06-17,15,LGE_LGE_GT2,0.0,0.0,False,0.0
2024-06-17,15,LGE_LGE_STG,0.0,0.0,False,0.0
2024-06-17,15,GUADG_GAS1,0.0,0.0,False,0.0
2024-06-17,15,GUADG_GAS2,0.0,0.0,False,0.0
2024-06-17,15,GUADG_GAS3,0.0,0.0,False,0.0
2024-06-17,15,GUADG_GAS4,0.0,0.0,False,0.0
2024-06-17,15,GUADG_STM5,0.0,0.0,False,0.0
2024-06-17,15,GUADG_STM6,0.0,0.0,False,0.0
2024-06-17,15,HLSES_UNIT3,395.0,0.0,True,13825.0
2024-06-17,15,HLSES_UNIT4,435.0,0.0,True,15225.0
2024-06-17,15,HLSES_UNIT5,435.0,0.0,True,15225.0
2024-06-17,15,HAYSEN_HAYSENG1,0.0,0.0,False,0.0
2024-06-17,15,HAYSEN_HAYSENG2,0.0,0.0,False,0.0
2024-06-17,15,HAYSEN_HAYSENG3,0.0,0.0,False,0.0
2024-06-17,15,HAYSEN_HAYSENG4,0.0,0.0,False,0.0
2024-06-17,15,DUKE_DUKE_GT1,0.0,0.0,False,0.0
2024-06-17,15,DUKE_DUKE_GT2,0.0,0.0,False,0.0
2024-06-17,15,DUKE_DUKE_ST1,0.0,0.0,False,0.0
2024-06-17,15,JACKCNTY_CT1,59.67,139.23,True,1670.76
2024-06-17,15,JACKCNTY_CT2,59.67,139.23,True,1670.76
2024-06-17,15,JCKCNTY2_CT3,59.67,139.23,True,1670.76
2024-06-17,15,JCKCNTY2_CT4,59.67,139.23,True,1670.76
2024-06-17,15,JACKCNTY_STG,96.18,224.42000000000002,True,2693.04
2024-06-17,15,JCKCNTY2_ST2,96.18,224.42000000000002,True,2693.04
2024-06-17,15,TEN_CT1,0.0,0.0,False,0.0
2024-06-17,15,TEN_STG,0.0,0.0,False,0.0
2024-06-17,15,LHSES_UNIT1,0.0,0.0,False,0.0
2024-06-17,15,LHSES_UNIT2A,0.0,0.0,False,0.0
2024-06-17,15,LPCCS_CT11,0.0,0.0,False,0.0
2024-06-17,15,LPCCS_CT12,0.0,0.0,False,0.0
2024-06-17,15,LPCCS_CT21,0.0,0.0,False,0.0
2024-06-17,15,LPCCS_CT22,0.0,0.0,False,0.0
2024-06-17,15,LPCCS_UNIT1,0.0,0.0,False,0.0
2024-06-17,15,LPCCS_UNIT2,0.0,0.0,False,0.0
2024-06-17,15,LARDVFTN_G4,0.0,0.0,False,0.0
2024-06-17,15,LARDVFTN_G5,0.0,0.0,False,0.0
2024-06-17,15,LEON_CRK_LCPCT1,48.0,0.0,True,2016.0
2024-06-17,15,LEON_CRK_LCPCT2,48.0,0.0,True,2016.0
2024-06-17,15,LEON_CRK_LCPCT3,48.0,0.0,True,2016.0
2024-06-17,15,LEON_CRK_LCPCT4,48.0,0.0,True,2016.0
2024-06-17,15,LIG_UNIT1,6.05,54.45,True,254.1
2024-06-17,15,LIG_UNIT2,6.05,54.45,True,254.1
2024-06-17,15,LOSTPI_LOSTPGT1,202.5,0.0,True,5670.0
2024-06-17,15,LOSTPI_LOSTPGT2,202.5,0.0,True,5670.0
2024-06-17,15,LOSTPI_LOSTPST1,204.0,0.0,True,5712.0
2024-06-17,15,NEDIN_NEDIN_G1,0.0,0.0,False,0.0
2024-06-17,15,NEDIN_NEDIN_G2,0.0,0.0,False,0.0
2024-06-17,15,NEDIN_NEDIN_G3,0.0,0.0,False,0.0
2024-06-17,15,MDANP_CT1,0.0,0.0,False,0.0
2024-06-17,15,MDANP_CT2,0.0,0.0,False,0.0
2024-06-17,15,MDANP_CT3,0.0,0.0,False,0.0
2024-06-17,15,MDANP_CT4,0.0,0.0,False,0.0
2024-06-17,15,MDANP_CT5,0.0,0.0,False,0.0
2024-06-17,15,MDANP_CT6,0.0,0.0,False,0.0
2024-06-17,15,MGSES_CT1,0.0,0.0,False,0.0
2024-06-17,15,MGSES_CT2,0.0,0.0,False,0.0
2024-06-17,15,MGSES_CT3,0.0,0.0,False,0.0
2024-06-17,15,MGSES_CT4,0.0,0.0,False,0.0
2024-06-17,15,MGSES_CT5,0.0,0.0,False,0.0
2024-06-17,15,MGSES_CT6,0.0,0.0,False,0.0
2024-06-17,15,MCSES_UNIT6,122.0,0.0,True,4270.0
2024-06-17,15,MCSES_UNIT7,118.0,0.0,True,4130.0
2024-06-17,15,MCSES_UNIT8,568.0,0.0,True,19880.0
2024-06-17,15,NUECES_B_NUECESG8,0.0,0.0,False,0.0
2024-06-17,15,NUECES_B_NUECESG9,0.0,0.0,False,0.0
2024-06-17,15,NUECES_B_NUECESG7,0.0,0.0,False,0.0
2024-06-17,15,CALAVERS_OWS1,445.0,0.0,True,15575.0
2024-06-17,15,CALAVERS_OWS2,435.0,0.0,True,15225.0
2024-06-17,15,OECCS_CT11,0.0,0.0,False,0.0
2024-06-17,15,OECCS_CT12,0.0,0.0,False,0.0
2024-06-17,15,OECCS_CT21,0.0,0.0,False,0.0
2024-06-17,15,OECCS_CT22,0.0,0.0,False,0.0
2024-06-17,15,OECCS_UNIT1,0.0,0.0,False,0.0
2024-06-17,15,OECCS_UNIT2,0.0,0.0,False,0.0
2024-06-17,15,VICTPRT2_UNIT1,0.0,0.0,False,0.0
2024-06-17,15,VICTPRT2_UNIT2,0.0,0.0,False,0.0
2024-06-17,15,PANDA_S_SHER1CT1,232.0,0.0,True,6496.0
2024-06-17,15,PANDA_S_SHER1CT2,232.0,0.0,True,6496.0
2024-06-17,15,PANDA_S_SHER1ST1,353.1,0.0,True,9886.8
2024-06-17,15,PANDA_T1_TMPL1CT1,232.0,0.0,True,6496.0
2024-06-17,15,PANDA_T1_TMPL1CT2,232.0,0.0,True,6496.0
2024-06-17,15,PANDA_T1_TMPL1ST1,353.1,0.0,True,9886.8
2024-06-17,15,PANDA_T2_TMPL2CT1,232.0,0.0,True,6496.0
2024-06-17,15,PANDA_T2_TMPL2CT2,232.0,0.0,True,6496.0
2024-06-17,15,PANDA_T2_TMPL2ST1,353.1,0.0,True,9886.8
2024-06-17,15,TNSKA_GT1,0.0,0.0,False,0.0
2024-06-17,15,TNSKA_GT2,0.0,0.0,False,0.0
2024-06-17,15,TNSKA_STG,0.0,0.0,False,0.0
2024-06-17,15,PSG_PSG_GT2,215.1,0.0,True,6022.8
2024-06-17,15,PSG_PSG_GT3,215.1,0.0,True,6022.8
2024-06-17,15,PSG_PSG_ST2,195.5,0.0,True,5474.0
2024-06-17,15,PEARSAL2_AGR_A,0.0,0.0,False,0.0
2024-06-17,15,PEARSAL2_AGR_B,0.0,0.0,False,0.0
2024-06-17,15,PEARSAL2_AGR_C,0.0,0.0,False,0.0
2024-06-17,15,PEARSAL2_AGR_D,0.0,0.0,False,0.0
2024-06-17,15,PB2SES_CT1,0.0,0.0,False,0.0
2024-06-17,15,PB2SES_CT2,0.0,0.0,False,0.0
2024-06-17,15,PB2SES_CT3,0.0,0.0,False,0.0
2024-06-17,15,PB2SES_CT4,0.0,0.0,False,0.0
2024-06-17,15,PB2SES_CT5,0.0,0.0,False,0.0
2024-06-17,15,PRO_UNIT1,6.05,54.45,True,254.1
2024-06-17,15,PRO_UNIT2,6.05,54.45,True,254.1
2024-06-17,15,PRO_UNIT3,6.05,54.45,True,254.1
2024-06-17,15,PRO_UNIT4,6.05,54.45,True,254.1
2024-06-17,15,PRO_UNIT5,49.3735225217561,11.126477478243899,True,2073.6879
2024-06-17,15,PRO_UNIT6,60.5,0.0,True,2541.0
2024-06-17,15,PRO_UNIT7,60.5,0.0,True,2541.0
2024-06-17,15,PRO_UNIT8,60.5,0.0,True,2541.0
2024-06-17,15,BAC_CTG1,65.0,0.0,True,2730.0
2024-06-17,15,BAC_CTG2,65.0,0.0,True,2730.0
2024-06-17,15,BAC_CTG3,65.0,0.0,True,2730.0
2024-06-17,15,BAC_CTG4,65.0,0.0,True,2730.0
2024-06-17,15,BAC_CTG5,65.0,0.0,True,2730.0
2024-06-17,15,BAC_CTG6,65.0,0.0,True,2730.0
2024-06-17,15,STEAM1A_STEAM_1,0.0,0.0,False,0.0
2024-06-17,15,STEAM_STEAM_2,0.0,0.0,False,0.0
2024-06-17,15,STEAM_STEAM_3,0.0,0.0,False,0.0
2024-06-17,15,QALSW_GT1,0.0,0.0,False,0.0
2024-06-17,15,QALSW_GT2,0.0,0.0,False,0.0
2024-06-17,15,QALSW_GT3,0.0,0.0,False,0.0
2024-06-17,15,QALSW_GT4,0.0,0.0,False,0.0
2024-06-17,15,QALSW_STG1,0.0,0.0,False,0.0
2024-06-17,15,QALSW_STG2,0.0,0.0,False,0.0
2024-06-17,15,MIL_MILLERG4,0.0,0.0,False,0.0
2024-06-17,15,MIL_MILLERG5,0.0,0.0,False,0.0
2024-06-17,15,MIL_MILLERG1,0.0,0.0,False,0.0
2024-06-17,15,MIL_MILLERG2,0.0,0.0,False,0.0
2024-06-17,15,MIL_MILLERG3,0.0,0.0,False,0.0
2024-06-17,15,OLINGR_OLING_4,0.0,0.0,False,0.0
2024-06-17,15,OLINGR_OLING_2,0.0,0.0,False,0.0
2024-06-17,15,OLINGR_OLING_3,0.0,0.0,False,0.0
2024-06-17,15,RAB_UNIT1,0.0,0.0,False,0.0
2024-06-17,15,RAB_UNIT2,0.0,0.0,False,0.0
2024-06-17,15,RAB_UNIT3,0.0,0.0,False,0.0
2024-06-17,15,RAB_UNIT4,0.0,0.0,False,0.0
2024-06-17,15,RAB_UNIT5,0.0,0.0,False,0.0
2024-06-17,15,RAB_UNIT6,0.0,0.0,False,0.0
2024-06-17,15,RAB_UNIT7,0.0,0.0,False,0.0
2024-06-17,15,RAB_UNIT8,0.0,0.0,False,0.0
2024-06-17,15,REDGATE_AGR_A,0.0,0.0,False,0.0
2024-06-17,15,REDGATE_AGR_B,0.0,0.0,False,0.0
2024-06-17,15,REDGATE_AGR_C,0.0,0.0,False,0.0
2024-06-17,15,REDGATE_AGR_D,0.0,0.0,False,0.0
2024-06-17,15,JAD_UNIT1,60.5,0.0,True,2541.0
2024-06-17,15,JAD_UNIT2,60.5,0.0,True,2541.0
2024-06-17,15,JAD_UNIT3,60.5,0.0,True,2541.0
2024-06-17,15,JAD_UNIT4,6.05,54.45,True,254.1
2024-06-17,15,JAD_UNIT5,6.05,54.45,True,254.1
2024-06-17,15,JAD_UNIT6,6.05,54.45,True,254.1
2024-06-17,15,JAD_UNIT7,6.05,54.45,True,254.1
2024-06-17,15,JAD_UNIT8,60.5,0.0,True,2541.0
2024-06-17,15,RIONOG_CT1,0.0,0.0,False,0.0
2024-06-17,15,RIONOG_CT2,0.0,0.0,False,0.0
2024-06-17,15,RIONOG_CT3,0.0,0.0,False,0.0
2024-06-17,15,RIONOG_ST1,0.0,0.0,False,0.0
2024-06-17,15,RAYBURN_RAYBURG7,60.5,0.0,True,1694.0
2024-06-17,15,RAYBURN_RAYBURG8,23.52178695135583,36.97821304864417,True,658.61
2024-06-17,15,RAYBURN_RAYBURG9,60.5,0.0,True,1694.0
2024-06-17,15,RAYBURN_RAYBURG10,12.6,29.4,True,352.8
2024-06-17,15,SJS_SJS_G1,88.19999999999999,1.4210854715202004e-14,True,3704.4
2024-06-17,15,SJS_SJS_G2,88.19999999999999,1.4210854715202004e-14,True,3704.4
2024-06-17,15,SANDHSYD_SH1,6.05,54.45,True,254.1
2024-06-17,15,SANDHSYD_SH2,6.05,54.45,True,254.1
2024-06-17,15,SANDHSYD_SH3,6.05,54.45,True,254.1
2024-06-17,15,SANDHSYD_SH4,6.05,54.45,True,254.1
2024-06-17,15,SANDHSYD_SH_5A,198.90000000000003,-2.842170943040401e-14,True,5569.2
2024-06-17,15,SANDHSYD_SH6,6.05,54.45,True,254.1
2024-06-17,15,SANDHSYD_SH7,6.05,54.45,True,254.1
2024-06-17,15,SANDHSYD_SH_5C,191.0,0.0,True,5348.0
2024-06-17,15,SILASRAY_SILAS_10,0.0,0.0,False,0.0
2024-06-17,15,SILASRAY_SILAS_9,0.0,0.0,False,0.0
2024-06-17,15,SILASRAY_SILAS_6,0.0,0.0,False,0.0
2024-06-17,15,GIDEON_GIDEONG1,136.0,0.0,True,4760.0
2024-06-17,15,GIDEON_GIDEONG2,71.10074530041837,64.89925469958163,True,2488.5261
2024-06-17,15,GIDEON_GIDEONG3,351.0,0.0,True,12285.0
2024-06-17,15,SKY1_SKY1A,0.0,0.0,False,0.0
2024-06-17,15,SKY1_SKY1B,0.0,0.0,False,0.0
2024-06-17,15,SPNCER_SPNCE_4,0.0,0.0,False,0.0
2024-06-17,15,SPNCER_SPNCE_5,0.0,0.0,False,0.0
2024-06-17,15,SCSES_UNIT1A,53.1,123.9,True,1858.5
2024-06-17,15,SCSES_UNIT2,367.361332018836,134.638667981164,True,12857.6466
2024-06-17,15,THW_THWGT_1,16.3,0.0,True,684.6
2024-06-17,15,THW_THWGT31,51.3,0.0,True,1436.4
2024-06-17,15,THW_THWGT32,51.3,0.0,True,1436.4
2024-06-17,15,THW_THWGT33,51.3,0.0,True,1436.4
2024-06-17,15,THW_THWGT34,51.3,0.0,True,1436.4
2024-06-17,15,THW_THWGT41,51.3,0.0,True,1436.4
2024-06-17,15,THW_THWGT42,51.3,0.0,True,1436.4
2024-06-17,15,THW_THWGT43,62.0,0.0,True,1736.0
2024-06-17,15,THW_THWGT44,62.0,0.0,True,1736.0
2024-06-17,15,THW_THWGT51,85.0,0.0,True,3570.0
2024-06-17,15,THW_THWGT52,85.0,0.0,True,3570.0
2024-06-17,15,THW_THWGT53,85.0,0.0,True,3570.0
2024-06-17,15,THW_THWGT54,85.0,0.0,True,3570.0
2024-06-17,15,THW_THWGT55,85.0,0.0,True,3570.0
2024-06-17,15,THW_THWGT56,85.0,0.0,True,3570.0
2024-06-17,15,THW_THWST_3,113.1,0.0,True,3166.8
2024-06-17,15,THW_THWST_4,113.1,0.0,True,3166.8
2024-06-17,15,TXCTY_CTA,129.1,0.0,True,3614.8
2024-06-17,15,TXCTY_CTB,129.1,0.0,True,3614.8
2024-06-17,15,TXCTY_CTC,129.1,0.0,True,3614.8
2024-06-17,15,TXCTY_ST,143.7,0.0,True,4023.6
2024-06-17,15,TGS_GT01,0.0,0.0,False,0.0
2024-06-17,15,TIMPP_AGR1,3.77,33.93,True,169.65
2024-06-17,15,TIMPP_AGR2,5.65,50.85,True,254.25
2024-06-17,15,TIMPP_AGR3,3.77,33.93,True,169.65
2024-06-17,15,TIMPP_AGR4,5.65,50.85,True,254.25
2024-06-17,15,TRSES_UNIT6,239.0,0.0,True,8365.0
2024-06-17,15,TOPAZ_UNIT1,60.5,0.0,True,2541.0
2024-06-17,15,TOPAZ_UNIT2,60.5,0.0,True,2541.0
2024-06-17,15,TOPAZ_UNIT3,60.5,0.0,True,2541.0
2024-06-17,15,TOPAZ_UNIT4,60.5,0.0,True,2541.0
2024-06-17,15,TOPAZ_UNIT5,60.5,0.0,True,2541.0
2024-06-17,15,TOPAZ_UNIT6,60.5,0.0,True,2541.0
2024-06-17,15,TOPAZ_UNIT7,60.5,0.0,True,2541.0
2024-06-17,15,TOPAZ_UNIT8,60.5,0.0,True,2541.0
2024-06-17,15,TOPAZ_UNIT9,60.5,0.0,True,2541.0
2024-06-17,15,TOPAZ_UNIT10,60.5,0.0,True,2541.0
2024-06-17,15,BRAUNIG_VHB6CT5,64.5,0.0,True,2709.0
2024-06-17,15,BRAUNIG_VHB6CT6,64.5,0.0,True,2709.0
2024-06-17,15,BRAUNIG_VHB6CT7,64.5,0.0,True,2709.0
2024-06-17,15,BRAUNIG_VHB6CT8,64.5,0.0,True,2709.0
2024-06-17,15,CITYVICT_CTG01,0.0,0.0,False,0.0
2024-06-17,15,CITYVICT_CTG02,0.0,0.0,False,0.0
2024-06-17,15,VICTPORT_CTG01,0.0,0.0,False,0.0
2024-06-17,15,VICTPORT_CTG02,0.0,0.0,False,0.0
2024-06-17,15,VICTORIA_VICTORG6,0.0,0.0,False,0.0
2024-06-17,15,VICTORIA_VICTORG5,0.0,0.0,False,0.0
2024-06-17,15,WAP_WAPGT_1,0.0,0.0,False,0.0
2024-06-17,15,WAP_WAP_G1,0.0,0.0,False,0.0
2024-06-17,15,WAP_WAP_G2,0.0,0.0,False,0.0
2024-06-17,15,WAP_WAP_G3,0.0,0.0,False,0.0
2024-06-17,15,WAP_WAP_G4,0.0,0.0,False,0.0
2024-06-17,15,WFCOGEN_UNIT1,0.0,0.0,False,0.0
2024-06-17,15,WFCOGEN_UNIT2,0.0,0.0,False,0.0
2024-06-17,15,WFCOGEN_UNIT3,0.0,0.0,False,0.0
2024-06-17,15,WIPOPA_WPP_G1,60.5,0.0,True,2541.0
2024-06-17,15,WIPOPA_WPP_G2,60.5,0.0,True,2541.0
2024-06-17,15,WIPOPA_WPP_G3,60.5,0.0,True,2541.0
2024-06-17,15,WIPOPA_WPP_G4,60.5,0.0,True,2541.0
2024-06-17,15,WCPP_CT1,275.0,0.0,True,7700.0
2024-06-17,15,WCPP_CT2,275.0,0.0,True,7700.0
2024-06-17,15,WCPP_ST1,237.3885343054333,60.611465694566704,True,6646.879
2024-06-17,15,WHCCS_CT1,264.5,0.0,True,7406.0
2024-06-17,15,WHCCS_CT2,254.04503077260614,10.45496922739386,True,7113.2609
2024-06-17,15,WHCCS_STG,300.0,0.0,True,8400.0
2024-06-17,15,WHCCS2_CT4,108.0,252.0,True,3024.0
2024-06-17,15,WHCCS2_CT5,108.0,252.0,True,3024.0
2024-06-17,15,WHCCS2_STG6,153.36,357.84,True,4294.08
2024-06-17,15,NACPW_UNIT1,23.3,93.2,True,932.0
2024-06-17,15,HBR_2UNITS,3.2,0.0,True,128.0
2024-06-17,15,TRIRA_1UNIT,4.0,0.0,True,160.0
2024-06-17,15,78252_4UNITS,4.2,0.0,True,168.0
2024-06-17,15,SPRIN_4UNITS,1.28,5.12,True,51.2
2024-06-17,15,FREIH_2UNITS,0.0,0.0,False,0.0
2024-06-17,15,WSTHL_3UNITS,4.8,0.0,True,192.0
2024-06-17,15,FEGC_CTG2,0.0,0.0,False,0.0
2024-06-17,15,FEGC_CTG3,0.0,0.0,False,0.0
2024-06-17,15,FEGC_CTG4,0.0,0.0,False,0.0
2024-06-17,15,OLNEYTN_AGR1,0.0,0.0,False,0.0
2024-06-17,15,AMISTAD_AMISTAG1,0.0,0.0,False,0.0
2024-06-17,15,AMISTAD_AMISTAG2,0.0,0.0,False,0.0
2024-06-17,15,AUSTPL_AUSTING1,9.0,0.0,True,9.0
2024-06-17,15,AUSTPL_AUSTING2,9.0,0.0,True,9.0
2024-06-17,15,BUCHAN_BUCHANG1,18.299999999999997,3.552713678800501e-15,True,18.3
2024-06-17,15,BUCHAN_BUCHANG2,18.299999999999997,3.552713678800501e-15,True,18.3
2024-06-17,15,BUCHAN_BUCHANG3,18.299999999999997,3.552713678800501e-15,True,18.3
2024-06-17,15,DNDAM_DENISOG1,50.8,0.0,True,50.8
2024-06-17,15,DNDAM_DENISOG2,50.8,0.0,True,50.8
2024-06-17,15,FALCON_FALCONG1,0.0,0.0,False,0.0
2024-06-17,15,FALCON_FALCONG2,0.0,0.0,False,0.0
2024-06-17,15,FALCON_FALCONG3,0.0,0.0,False,0.0
2024-06-17,15,WIRTZ_WIRTZ_G1,13.13996228416608,15.860037715833922,True,13.14
2024-06-17,15,WIRTZ_WIRTZ_G2,2.9,26.1,True,2.9
2024-06-17,15,CANYHY_CANYHYG1,0.0,0.0,False,0.0
2024-06-17,15,INKSDA_INKS_G1,1.5,13.5,True,1.5
2024-06-17,15,MARBFA_MARBFAG1,21.0,0.0,True,21.0
2024-06-17,15,MARBFA_MARBFAG2,20.0,0.0,True,20.0
2024-06-17,15,MARSFO_MARSFOG1,0.0,0.0,False,0.0
2024-06-17,15,MARSFO_MARSFOG2,0.0,0.0,False,0.0
2024-06-17,15,MARSFO_MARSFOG3,0.0,0.0,False,0.0
2024-06-17,15,WND_WHITNEY1,22.0,0.0,True,22.0
2024-06-17,15,WND_WHITNEY2,22.0,0.0,True,22.0
2024-06-17,15,AEEC_ANTLP_1,0.0,0.0,False,0.0
2024-06-17,15,AEEC_ANTLP_2,0.0,0.0,False,0.0
2024-06-17,15,AEEC_ANTLP_3,0.0,0.0,False,0.0
2024-06-17,15,AEEC_ELK_1,0.0,0.0,False,0.0
2024-06-17,15,AEEC_ELK_2,0.0,0.0,False,0.0
2024-06-17,15,AEEC_ELK_3,0.0,0.0,False,0.0
2024-06-17,15,FTR_FTR_G1,185.0,0.0,True,5180.0
2024-06-17,15,FTR_FTR_G2,185.0,0.0,True,5180.0
2024-06-17,15,FTR_FTR_G3,185.0,0.0,True,5180.0
2024-06-17,15,FTR_FTR_G4,400.0,0.0,True,11200.0
2024-06-17,15,TGCCS_CT1,179.0,0.0,True,5012.0
2024-06-17,15,TGCCS_CT2,179.0,0.0,True,5012.0
2024-06-17,15,TGCCS_CT3,179.0,0.0,True,5012.0
2024-06-17,15,TGCCS_UNIT4,400.0,0.0,True,11200.0
2024-06-17,15,KMCHI_1CT101,55.5,129.5,True,1554.0
2024-06-17,15,KMCHI_1CT201,55.5,129.5,True,1554.0
2024-06-17,15,KMCHI_1ST,330.0,0.0,True,9240.0
2024-06-17,15,KMCHI_2CT101,55.5,129.5,True,1554.0
2024-06-17,15,KMCHI_2CT201,185.0,0.0,True,5180.0
2024-06-17,15,KMCHI_2ST,99.0,231.0,True,2772.0
2024-06-17,15,A4_DGR1,0.0,0.0,False,0.0
2024-06-17,15,A4_DGR2,0.0,0.0,False,0.0
2024-06-17,15,K2_DGR1,0.0,0.0,False,0.0
2024-06-17,15,K2_DGR2,0.0,0.0,False,0.0
2024-06-17,15,P2_DGR1,0.0,0.0,False,0.0
2024-06-17,15,P2_DGR2,4.09,0.0,True,245.4
2024-06-17,15,Q1_DGR1,0.0,0.0,False,0.0
2024-06-17,15,BRAUNIG_VHB3,420.0,0.0,True,14700.0
2024-06-17,15,V2_DGR1,3.2,0.0,True,192.0
2024-06-17,15,V2_DGR2,3.2,0.0,True,192.0
2024-06-17,15,V2_DGR3,3.2,0.0,True,192.0
2024-06-17,15,V4_DGR1,0.0,0.0,False,0.0
2024-06-17,15,X1_DGR1,0.0,0.0,False,0.0
2024-06-17,15,Z0_DGR1,0.0,0.0,False,0.0
2024-06-17,15,Z0_DGR2,0.0,0.0,False,0.0
2024-06-17,15,Z5_DGR1,2.94,0.0,True,176.4
2024-06-17,15,DC_E,487.8124433400293,112.18755665997071,True,17073.4355
2024-06-17,15,DC_N,0.0,0.0,False,0.0
2024-06-17,15,DC_L,0.0,0.0,False,0.0
2024-06-17,15,DC_R,0.0,0.0,False,0.0
2024-06-17,15,CEDARVALE_GAS,0.0,0.0,False,0.0
2024-06-17,15,ENCHANTED_ROCK_NEWPP,30.0,0.0,True,1350.0
2024-06-17,16,CPSES_UNIT1,1269.0,0.0,True,10152.0
2024-06-17,16,CPSES_UNIT2,1269.0,0.0,True,10152.0
2024-06-17,16,STP_STP_G1,1228.5,136.5,True,9828.0
2024-06-17,16,STP_STP_G2,1228.5,136.5,True,9828.0
2024-06-17,16,COLETO_COLETOG1,0.0,0.0,False,0.0
2024-06-17,16,FPPYD1_FPP_G1,615.0,0.0,True,15375.0
2024-06-17,16,FPPYD1_FPP_G2,615.0,0.0,True,15375.0
2024-06-17,16,FPPYD2_FPP_G3,460.0,0.0,True,11500.0
2024-06-17,16,CALAVERS_JKS1,560.0,0.0,True,14000.0
2024-06-17,16,CALAVERS_JKS2,922.0,0.0,True,23050.0
2024-06-17,16,LEG_LEG_G1,893.0,0.0,True,22325.0
2024-06-17,16,LEG_LEG_G2,956.8,0.0,True,23920.0
2024-06-17,16,MLSES_UNIT1,0.0,0.0,False,0.0
2024-06-17,16,MLSES_UNIT2,357.2,535.8,True,8930.0
2024-06-17,16,MLSES_UNIT3,357.2,535.8,True,8930.0
2024-06-17,16,OGSES_UNIT1A,916.8,0.0,True,22920.0
2024-06-17,16,OGSES_UNIT2,916.8,0.0,True,22920.0
2024-06-17,16,SANMIGL_G1,0.0,0.0,False,0.0
2024-06-17,16,SCES_UNIT1,1008.0,0.0,True,25200.0
2024-06-17,16,TNP_ONE_TNP_O_1,174.6,0.0,True,4365.0
2024-06-17,16,TNP_ONE_TNP_O_2,174.6,0.0,True,4365.0
2024-06-17,16,WAP_WAP_G5,0.0,0.0,False,0.0
2024-06-17,16,WAP_WAP_G6,0.0,0.0,False,0.0
2024-06-17,16,WAP_WAP_G7,0.0,0.0,False,0.0
2024-06-17,16,WAP_WAP_G8,0.0,0.0,False,0.0
2024-06-17,16,BRAUNIG_AVR1_CT1,189.0,0.0,True,5292.0
2024-06-17,16,BRAUNIG_AVR1_CT2,189.0,0.0,True,5292.0
2024-06-17,16,BRAUNIG_AVR1_ST,222.0,0.0,True,6216.0
2024-06-17,16,ATKINS_ATKINSG7,21.0,0.0,True,882.0
2024-06-17,16,B_DAVIS_B_DAVIG3,0.0,0.0,False,0.0
2024-06-17,16,B_DAVIS_B_DAVIG4,0.0,0.0,False,0.0
2024-06-17,16,B_DAVIS_B_DAVIG1,0.0,0.0,False,0.0
2024-06-17,16,B_DAVIS_B_DAVIG2,0.0,0.0,False,0.0
2024-06-17,16,BASTEN_GTG1100,188.0,0.0,True,5264.0
2024-06-17,16,BASTEN_GTG2100,188.0,0.0,True,5264.0
2024-06-17,16,BASTEN_ST0100,219.79702472088763,22.202975279112366,True,6154.3167
2024-06-17,16,BCH_UNIT1,60.5,0.0,True,2541.0
2024-06-17,16,BCH_UNIT2,60.5,0.0,True,2541.0
2024-06-17,16,BCH_UNIT3,60.5,0.0,True,2541.0
2024-06-17,16,BCH_UNIT4,60.5,0.0,True,2541.0
2024-06-17,16,BCH_UNIT5,60.5,0.0,True,2541.0
2024-06-17,16,BCH_UNIT6,60.5,0.0,True,2541.0
2024-06-17,16,BCH_UNIT7,60.5,0.0,True,2541.0
2024-06-17,16,BCH_UNIT8,60.5,0.0,True,2541.0
2024-06-17,16,BOSQUESW_BSQSU_1,56.61,132.08999999999997,True,1585.08
2024-06-17,16,BOSQUESW_BSQSU_2,56.61,132.08999999999997,True,1585.08
2024-06-17,16,BOSQUESW_BSQSU_3,188.7,0.0,True,5283.6
2024-06-17,16,BOSQUESW_BSQSU_4,28.5,66.5,True,798.0
2024-06-17,16,BOSQUESW_BSQSU_5,196.2852464082389,57.9147535917611,True,5495.9869
2024-06-17,16,BVE_UNIT1,198.90000000000003,-2.842170943040401e-14,True,5569.2
2024-06-17,16,BVE_UNIT2,198.90000000000003,-2.842170943040401e-14,True,5569.2
2024-06-17,16,BVE_UNIT3,275.6,0.0,True,7716.8
2024-06-17,16,BTM_UNIT1,60.5,0.0,True,2541.0
2024-06-17,16,BTM_UNIT2,60.5,0.0,True,2541.0
2024-06-17,16,BTM_UNIT3,60.5,0.0,True,2541.0
2024-06-17,16,BTM_UNIT4,60.5,0.0,True,2541.0
2024-06-17,16,BTM_UNIT5,60.5,0.0,True,2541.0
2024-06-17,16,BTM_UNIT6,60.5,0.0,True,2541.0
2024-06-17,16,BTM_UNIT7,60.5,0.0,True,2541.0
2024-06-17,16,BTM_UNIT8,60.5,0.0,True,2541.0
2024-06-17,16,FLCNS_UNIT1,0.0,0.0,False,0.0
2024-06-17,16,FLCNS_UNIT2,0.0,0.0,False,0.0
2024-06-17,16,CALHOUN_UNIT1,0.0,0.0,False,0.0
2024-06-17,16,CALHOUN_UNIT2,0.0,0.0,False,0.0
2024-06-17,16,CHAMON_CTG_0101,60.5,0.0,True,2541.0
2024-06-17,16,CHAMON_CTG_0301,60.5,0.0,True,2541.0
2024-06-17,16,CBY4_CT41,205.0,0.0,True,5740.0
2024-06-17,16,CBY4_CT42,205.0,0.0,True,5740.0
2024-06-17,16,CBY4_ST04,205.0,0.0,True,5740.0
2024-06-17,16,CBY_CBY_G1,765.0,0.0,True,26775.0
2024-06-17,16,CBY_CBY_G2,765.0,0.0,True,26775.0
2024-06-17,16,CBEC_GT1,0.0,0.0,False,0.0
2024-06-17,16,CBEC_GT2,0.0,0.0,False,0.0
2024-06-17,16,CBEC_GT3,0.0,0.0,False,0.0
2024-06-17,16,CBEC_GT4,0.0,0.0,False,0.0
2024-06-17,16,CBEC_STG1,0.0,0.0,False,0.0
2024-06-17,16,CBEC_STG2,0.0,0.0,False,0.0
2024-06-17,16,CBECII_CT7,0.0,0.0,False,0.0
2024-06-17,16,CBECII_CT8,0.0,0.0,False,0.0
2024-06-17,16,CBECII_STG9,0.0,0.0,False,0.0
2024-06-17,16,CBEC_GT11,0.0,0.0,False,0.0
2024-06-17,16,CBEC_GT12,0.0,0.0,False,0.0
2024-06-17,16,CVC_CVC_G1,192.1,0.0,True,5378.8
2024-06-17,16,CVC_CVC_G2,192.1,0.0,True,5378.8
2024-06-17,16,CVC_CVC_G3,192.1,0.0,True,5378.8
2024-06-17,16,CVC_CVC_G5,150.0,0.0,True,4200.0
2024-06-17,16,DANSBY_DANSBYG2,48.0,0.0,True,2016.0
2024-06-17,16,DANSBY_DANSBYG3,50.0,0.0,True,2100.0
2024-06-17,16,DANSBY_DANSBYG1,120.0,0.0,True,4200.0
2024-06-17,16,DECKER_DPGT_1,0.0,0.0,False,0.0
2024-06-17,16,DECKER_DPGT_2,0.0,0.0,False,0.0
2024-06-17,16,DECKER_DPGT_3,0.0,0.0,False,0.0
2024-06-17,16,DECKER_DPGT_4,0.0,0.0,False,0.0
2024-06-17,16,DCSES_CT10,0.0,0.0,False,0.0
2024-06-17,16,DCSES_CT20,0.0,0.0,False,0.0
2024-06-17,16,DCSES_CT30,0.0,0.0,False,0.0
2024-06-17,16,DCSES_CT40,0.0,0.0,False,0.0
2024-06-17,16,DDPEC_GT1,60.9,142.1,True,1705.2
2024-06-17,16,DDPEC_GT2,215.0,0.0,True,6020.0
2024-06-17,16,DDPEC_GT3,60.9,142.1,True,1705.2
2024-06-17,16,DDPEC_GT4,215.0,0.0,True,6020.0
2024-06-17,16,DDPEC_GT6,59.7,139.3,True,1671.6
2024-06-17,16,DDPEC_ST1,177.00360000000205,112.99639999999795,True,4956.1008
2024-06-17,16,DEC_AGR_A,0.0,0.0,False,0.0
2024-06-17,16,DEC_AGR_B,0.0,0.0,False,0.0
2024-06-17,16,DEC_AGR_C,0.0,0.0,False,0.0
2024-06-17,16,DEC_AGR_D,0.0,0.0,False,0.0
2024-06-17,16,ECEC_G1,0.0,0.0,False,0.0
2024-06-17,16,ECEC_G2,0.0,0.0,False,0.0
2024-06-17,16,ETCCS_CT1,260.0,0.0,True,7280.0
2024-06-17,16,ETCCS_UNIT1,140.0,0.0,True,3920.0
2024-06-17,16,AZ_AZ_G1,40.0,0.0,True,1680.0
2024-06-17,16,AZ_AZ_G2,40.0,0.0,True,1680.0
2024-06-17,16,AZ_AZ_G3,40.0,0.0,True,1680.0
2024-06-17,16,AZ_AZ_G4,4.0,36.0,True,168.0
2024-06-17,16,FERGCC_FERGGT1,0.0,0.0,False,0.0
2024-06-17,16,FERGCC_FERGGT2,0.0,0.0,False,0.0
2024-06-17,16,FERGCC_FERGST1,61.2,142.8,True,1713.6
2024-06-17,16,FRNYPP_GT11,0.0,0.0,False,0.0
2024-06-17,16,FRNYPP_GT12,0.0,0.0,False,0.0
2024-06-17,16,FRNYPP_GT13,0.0,0.0,False,0.0
2024-06-17,16,FRNYPP_GT21,0.0,0.0,False,0.0
2024-06-17,16,FRNYPP_GT22,0.0,0.0,False,0.0
2024-06-17,16,FRNYPP_GT23,0.0,0.0,False,0.0
2024-06-17,16,FRNYPP_ST10,0.0,0.0,False,0.0
2024-06-17,16,FRNYPP_ST20,0.0,0.0,False,0.0
2024-06-17,16,FREC_GT1,179.4,0.0,True,5023.2
2024-06-17,16,FREC_GT2,179.4,0.0,True,5023.2
2024-06-17,16,FREC_GT4,179.4,0.0,True,5023.2
2024-06-17,16,FREC_GT5,179.39999999999998,2.842170943040401e-14,True,5023.2
2024-06-17,16,FREC_ST3,190.7,0.0,True,5339.6
2024-06-17,16,FREC_ST6,190.7,0.0,True,5339.6
2024-06-17,16,FEGC_UNIT1,0.0,0.0,False,0.0
2024-06-17,16,FRONT_EC_CT1,0.0,0.0,False,0.0
2024-06-17,16,FRONT_EC_CT2,0.0,0.0,False,0.0
2024-06-17,16,FRONT_EC_ST,0.0,0.0,False,0.0
2024-06-17,16,GRSES_UNIT1,0.0,0.0,False,0.0
2024-06-17,16,GRSES_UNIT2,0.0,0.0,False,0.0
2024-06-17,16,GBY_GBYGT73,72.0,0.0,True,3024.0
2024-06-17,16,GBY_GBYGT74,72.0,0.0,True,3024.0
2024-06-17,16,GBY_GBYGT81,72.0,0.0,True,3024.0
2024-06-17,16,GBY_GBYGT82,72.0,0.0,True,3024.0
2024-06-17,16,GBY_GBYGT83,72.0,0.0,True,3024.0
2024-06-17,16,GBY_GBYGT84,72.0,0.0,True,3024.0
2024-06-17,16,STEAM_ENGINE_1,0.0,0.0,False,0.0
2024-06-17,16,STEAM_ENGINE_2,0.0,0.0,False,0.0
2024-06-17,16,STEAM_ENGINE_3,0.0,0.0,False,0.0
2024-06-17,16,LGE_LGE_GT1,0.0,0.0,False,0.0
2024-06-17,16,LGE_LGE_GT2,0.0,0.0,False,0.0
2024-06-17,16,LGE_LGE_STG,0.0,0.0,False,0.0
2024-06-17,16,GUADG_GAS1,0.0,0.0,False,0.0
2024-06-17,16,GUADG_GAS2,0.0,0.0,False,0.0
2024-06-17,16,GUADG_GAS3,0.0,0.0,False,0.0
2024-06-17,16,GUADG_GAS4,0.0,0.0,False,0.0
2024-06-17,16,GUADG_STM5,0.0,0.0,False,0.0
2024-06-17,16,GUADG_STM6,0.0,0.0,False,0.0
2024-06-17,16,HLSES_UNIT3,395.0,0.0,True,13825.0
2024-06-17,16,HLSES_UNIT4,435.0,0.0,True,15225.0
2024-06-17,16,HLSES_UNIT5,435.0,0.0,True,15225.0
2024-06-17,16,HAYSEN_HAYSENG1,0.0,0.0,False,0.0
2024-06-17,16,HAYSEN_HAYSENG2,0.0,0.0,False,0.0
2024-06-17,16,HAYSEN_HAYSENG3,0.0,0.0,False,0.0
2024-06-17,16,HAYSEN_HAYSENG4,0.0,0.0,False,0.0
2024-06-17,16,DUKE_DUKE_GT1,0.0,0.0,False,0.0
2024-06-17,16,DUKE_DUKE_GT2,0.0,0.0,False,0.0
2024-06-17,16,DUKE_DUKE_ST1,0.0,0.0,False,0.0
2024-06-17,16,JACKCNTY_CT1,59.67,139.23,True,1670.76
2024-06-17,16,JACKCNTY_CT2,59.67,139.23,True,1670.76
2024-06-17,16,JCKCNTY2_CT3,59.67,139.23,True,1670.76
2024-06-17,16,JCKCNTY2_CT4,59.67,139.23,True,1670.76
2024-06-17,16,JACKCNTY_STG,96.18,224.42000000000002,True,2693.04
2024-06-17,16,JCKCNTY2_ST2,96.18,224.42000000000002,True,2693.04
2024-06-17,16,TEN_CT1,0.0,0.0,False,0.0
2024-06-17,16,TEN_STG,0.0,0.0,False,0.0
2024-06-17,16,LHSES_UNIT1,0.0,0.0,False,0.0
2024-06-17,16,LHSES_UNIT2A,0.0,0.0,False,0.0
2024-06-17,16,LPCCS_CT11,0.0,0.0,False,0.0
2024-06-17,16,LPCCS_CT12,0.0,0.0,False,0.0
2024-06-17,16,LPCCS_CT21,0.0,0.0,False,0.0
2024-06-17,16,LPCCS_CT22,0.0,0.0,False,0.0
2024-06-17,16,LPCCS_UNIT1,0.0,0.0,False,0.0
2024-06-17,16,LPCCS_UNIT2,0.0,0.0,False,0.0
2024-06-17,16,LARDVFTN_G4,0.0,0.0,False,0.0
2024-06-17,16,LARDVFTN_G5,0.0,0.0,False,0.0
2024-06-17,16,LEON_CRK_LCPCT1,48.0,0.0,True,2016.0
2024-06-17,16,LEON_CRK_LCPCT2,48.0,0.0,True,2016.0
2024-06-17,16,LEON_CRK_LCPCT3,48.0,0.0,True,2016.0
2024-06-17,16,LEON_CRK_LCPCT4,48.0,0.0,True,2016.0
2024-06-17,16,LIG_UNIT1,60.5,0.0,True,2541.0
2024-06-17,16,LIG_UNIT2,6.05,54.45,True,254.1
2024-06-17,16,LOSTPI_LOSTPGT1,202.5,0.0,True,5670.0
2024-06-17,16,LOSTPI_LOSTPGT2,202.5,0.0,True,5670.0
2024-06-17,16,LOSTPI_LOSTPST1,204.0,0.0,True,5712.0
2024-06-17,16,NEDIN_NEDIN_G1,0.0,0.0,False,0.0
2024-06-17,16,NEDIN_NEDIN_G2,0.0,0.0,False,0.0
2024-06-17,16,NEDIN_NEDIN_G3,0.0,0.0,False,0.0
2024-06-17,16,MDANP_CT1,0.0,0.0,False,0.0
2024-06-17,16,MDANP_CT2,0.0,0.0,False,0.0
2024-06-17,16,MDANP_CT3,0.0,0.0,False,0.0
2024-06-17,16,MDANP_CT4,0.0,0.0,False,0.0
2024-06-17,16,MDANP_CT5,0.0,0.0,False,0.0
2024-06-17,16,MDANP_CT6,0.0,0.0,False,0.0
2024-06-17,16,MGSES_CT1,0.0,0.0,False,0.0
2024-06-17,16,MGSES_CT2,0.0,0.0,False,0.0
2024-06-17,16,MGSES_CT3,0.0,0.0,False,0.0
2024-06-17,16,MGSES_CT4,0.0,0.0,False,0.0
2024-06-17,16,MGSES_CT5,0.0,0.0,False,0.0
2024-06-17,16,MGSES_CT6,0.0,0.0,False,0.0
2024-06-17,16,MCSES_UNIT6,122.0,0.0,True,4270.0
2024-06-17,16,MCSES_UNIT7,118.0,0.0,True,4130.0
2024-06-17,16,MCSES_UNIT8,568.0,0.0,True,19880.0
2024-06-17,16,NUECES_B_NUECESG8,0.0,0.0,False,0.0
2024-06-17,16,NUECES_B_NUECESG9,0.0,0.0,False,0.0
2024-06-17,16,NUECES_B_NUECESG7,0.0,0.0,False,0.0
2024-06-17,16,CALAVERS_OWS1,445.0,0.0,True,15575.0
2024-06-17,16,CALAVERS_OWS2,435.0,0.0,True,15225.0
2024-06-17,16,OECCS_CT11,0.0,0.0,False,0.0
2024-06-17,16,OECCS_CT12,0.0,0.0,False,0.0
2024-06-17,16,OECCS_CT21,0.0,0.0,False,0.0
2024-06-17,16,OECCS_CT22,0.0,0.0,False,0.0
2024-06-17,16,OECCS_UNIT1,0.0,0.0,False,0.0
2024-06-17,16,OECCS_UNIT2,0.0,0.0,False,0.0
2024-06-17,16,VICTPRT2_UNIT1,0.0,0.0,False,0.0
2024-06-17,16,VICTPRT2_UNIT2,0.0,0.0,False,0.0
2024-06-17,16,PANDA_S_SHER1CT1,232.0,0.0,True,6496.0
2024-06-17,16,PANDA_S_SHER1CT2,232.0,0.0,True,6496.0
2024-06-17,16,PANDA_S_SHER1ST1,312.63792359964316,40.462076400356835,True,8753.8619
2024-06-17,16,PANDA_T1_TMPL1CT1,232.0,0.0,True,6496.0
2024-06-17,16,PANDA_T1_TMPL1CT2,232.0,0.0,True,6496.0
2024-06-17,16,PANDA_T1_TMPL1ST1,353.1,0.0,True,9886.8
2024-06-17,16,PANDA_T2_TMPL2CT1,232.0,0.0,True,6496.0
2024-06-17,16,PANDA_T2_TMPL2CT2,232.0,0.0,True,6496.0
2024-06-17,16,PANDA_T2_TMPL2ST1,353.1,0.0,True,9886.8
2024-06-17,16,TNSKA_GT1,0.0,0.0,False,0.0
2024-06-17,16,TNSKA_GT2,0.0,0.0,False,0.0
2024-06-17,16,TNSKA_STG,0.0,0.0,False,0.0
2024-06-17,16,PSG_PSG_GT2,215.1,0.0,True,6022.8
2024-06-17,16,PSG_PSG_GT3,215.1,0.0,True,6022.8
2024-06-17,16,PSG_PSG_ST2,195.5,0.0,True,5474.0
2024-06-17,16,PEARSAL2_AGR_A,0.0,0.0,False,0.0
2024-06-17,16,PEARSAL2_AGR_B,0.0,0.0,False,0.0
2024-06-17,16,PEARSAL2_AGR_C,0.0,0.0,False,0.0
2024-06-17,16,PEARSAL2_AGR_D,0.0,0.0,False,0.0
2024-06-17,16,PB2SES_CT1,0.0,0.0,False,0.0
2024-06-17,16,PB2SES_CT2,0.0,0.0,False,0.0
2024-06-17,16,PB2SES_CT3,0.0,0.0,False,0.0
2024-06-17,16,PB2SES_CT4,0.0,0.0,False,0.0
2024-06-17,16,PB2SES_CT5,0.0,0.0,False,0.0
2024-06-17,16,PRO_UNIT1,9.562564750986912,50.93743524901309,True,401.6277
2024-06-17,16,PRO_UNIT2,60.5,0.0,True,2541.0
2024-06-17,16,PRO_UNIT3,60.5,0.0,True,2541.0
2024-06-17,16,PRO_UNIT4,6.05,54.45,True,254.1
2024-06-17,16,PRO_UNIT5,6.05,54.45,True,254.1
2024-06-17,16,PRO_UNIT6,60.5,0.0,True,2541.0
2024-06-17,16,PRO_UNIT7,60.5,0.0,True,2541.0
2024-06-17,16,PRO_UNIT8,60.5,0.0,True,2541.0
2024-06-17,16,BAC_CTG1,65.0,0.0,True,2730.0
2024-06-17,16,BAC_CTG2,65.0,0.0,True,2730.0
2024-06-17,16,BAC_CTG3,65.0,0.0,True,2730.0
2024-06-17,16,BAC_CTG4,65.0,0.0,True,2730.0
2024-06-17,16,BAC_CTG5,65.0,0.0,True,2730.0
2024-06-17,16,BAC_CTG6,65.0,0.0,True,2730.0
2024-06-17,16,STEAM1A_STEAM_1,0.0,0.0,False,0.0
2024-06-17,16,STEAM_STEAM_2,0.0,0.0,False,0.0
2024-06-17,16,STEAM_STEAM_3,0.0,0.0,False,0.0
2024-06-17,16,QALSW_GT1,0.0,0.0,False,0.0
2024-06-17,16,QALSW_GT2,0.0,0.0,False,0.0
2024-06-17,16,QALSW_GT3,0.0,0.0,False,0.0
2024-06-17,16,QALSW_GT4,0.0,0.0,False,0.0
2024-06-17,16,QALSW_STG1,0.0,0.0,False,0.0
2024-06-17,16,QALSW_STG2,0.0,0.0,False,0.0
2024-06-17,16,MIL_MILLERG4,0.0,0.0,False,0.0
2024-06-17,16,MIL_MILLERG5,0.0,0.0,False,0.0
2024-06-17,16,MIL_MILLERG1,0.0,0.0,False,0.0
2024-06-17,16,MIL_MILLERG2,0.0,0.0,False,0.0
2024-06-17,16,MIL_MILLERG3,0.0,0.0,False,0.0
2024-06-17,16,OLINGR_OLING_4,0.0,0.0,False,0.0
2024-06-17,16,OLINGR_OLING_2,0.0,0.0,False,0.0
2024-06-17,16,OLINGR_OLING_3,0.0,0.0,False,0.0
2024-06-17,16,RAB_UNIT1,0.0,0.0,False,0.0
2024-06-17,16,RAB_UNIT2,0.0,0.0,False,0.0
2024-06-17,16,RAB_UNIT3,0.0,0.0,False,0.0
2024-06-17,16,RAB_UNIT4,0.0,0.0,False,0.0
2024-06-17,16,RAB_UNIT5,0.0,0.0,False,0.0
2024-06-17,16,RAB_UNIT6,0.0,0.0,False,0.0
2024-06-17,16,RAB_UNIT7,0.0,0.0,False,0.0
2024-06-17,16,RAB_UNIT8,0.0,0.0,False,0.0
2024-06-17,16,REDGATE_AGR_A,0.0,0.0,False,0.0
2024-06-17,16,REDGATE_AGR_B,0.0,0.0,False,0.0
2024-06-17,16,REDGATE_AGR_C,0.0,0.0,False,0.0
2024-06-17,16,REDGATE_AGR_D,0.0,0.0,False,0.0
2024-06-17,16,JAD_UNIT1,6.05,54.45,True,254.1
2024-06-17,16,JAD_UNIT2,6.05,54.45,True,254.1
2024-06-17,16,JAD_UNIT3,6.05,54.45,True,254.1
2024-06-17,16,JAD_UNIT4,6.05,54.45,True,254.1
2024-06-17,16,JAD_UNIT5,6.05,54.45,True,254.1
2024-06-17,16,JAD_UNIT6,60.5,0.0,True,2541.0
2024-06-17,16,JAD_UNIT7,60.5,0.0,True,2541.0
2024-06-17,16,JAD_UNIT8,60.5,0.0,True,2541.0
2024-06-17,16,RIONOG_CT1,0.0,0.0,False,0.0
2024-06-17,16,RIONOG_CT2,0.0,0.0,False,0.0
2024-06-17,16,RIONOG_CT3,0.0,0.0,False,0.0
2024-06-17,16,RIONOG_ST1,0.0,0.0,False,0.0
2024-06-17,16,RAYBURN_RAYBURG7,60.5,0.0,True,1694.0
2024-06-17,16,RAYBURN_RAYBURG8,60.5,0.0,True,1694.0
2024-06-17,16,RAYBURN_RAYBURG9,60.5,0.0,True,1694.0
2024-06-17,16,RAYBURN_RAYBURG10,12.6,29.4,True,352.8
2024-06-17,16,SJS_SJS_G1,88.19999999999999,1.4210854715202004e-14,True,3704.4
2024-06-17,16,SJS_SJS_G2,88.19999999999999,1.4210854715202004e-14,True,3704.4
2024-06-17,16,SANDHSYD_SH1,6.05,54.45,True,254.1
2024-06-17,16,SANDHSYD_SH2,6.05,54.45,True,254.1
2024-06-17,16,SANDHSYD_SH3,6.05,54.45,True,254.1
2024-06-17,16,SANDHSYD_SH4,6.05,54.45,True,254.1
2024-06-17,16,SANDHSYD_SH_5A,198.90000000000003,-2.842170943040401e-14,True,5569.2
2024-06-17,16,SANDHSYD_SH6,6.05,54.45,True,254.1
2024-06-17,16,SANDHSYD_SH7,6.05,54.45,True,254.1
2024-06-17,16,SANDHSYD_SH_5C,191.0,0.0,True,5348.0
2024-06-17,16,SILASRAY_SILAS_10,0.0,0.0,False,0.0
2024-06-17,16,SILASRAY_SILAS_9,0.0,0.0,False,0.0
2024-06-17,16,SILASRAY_SILAS_6,0.0,0.0,False,0.0
2024-06-17,16,GIDEON_GIDEONG1,136.0,0.0,True,4760.0
2024-06-17,16,GIDEON_GIDEONG2,136.0,0.0,True,4760.0
2024-06-17,16,GIDEON_GIDEONG3,351.0,0.0,True,12285.0
2024-06-17,16,SKY1_SKY1A,0.0,0.0,False,0.0
2024-06-17,16,SKY1_SKY1B,0.0,0.0,False,0.0
2024-06-17,16,SPNCER_SPNCE_4,0.0,0.0,False,0.0
2024-06-17,16,SPNCER_SPNCE_5,0.0,0.0,False,0.0
2024-06-17,16,SCSES_UNIT1A,102.60741223202896,74.39258776797104,True,3591.2594
2024-06-17,16,SCSES_UNIT2,502.0,0.0,True,17570.0
2024-06-17,16,THW_THWGT_1,16.3,0.0,True,684.6
2024-06-17,16,THW_THWGT31,51.3,0.0,True,1436.4
2024-06-17,16,THW_THWGT32,51.3,0.0,True,1436.4
2024-06-17,16,THW_THWGT33,51.3,0.0,True,1436.4
2024-06-17,16,THW_THWGT34,51.3,0.0,True,1436.4
2024-06-17,16,THW_THWGT41,51.3,0.0,True,1436.4
2024-06-17,16,THW_THWGT42,51.3,0.0,True,1436.4
2024-06-17,16,THW_THWGT43,62.0,0.0,True,1736.0
2024-06-17,16,THW_THWGT44,62.0,0.0,True,1736.0
2024-06-17,16,THW_THWGT51,85.0,0.0,True,3570.0
2024-06-17,16,THW_THWGT52,85.0,0.0,True,3570.0
2024-06-17,16,THW_THWGT53,85.0,0.0,True,3570.0
2024-06-17,16,THW_THWGT54,85.0,0.0,True,3570.0
2024-06-17,16,THW_THWGT55,85.0,0.0,True,3570.0
2024-06-17,16,THW_THWGT56,85.0,0.0,True,3570.0
2024-06-17,16,THW_THWST_3,113.1,0.0,True,3166.8
2024-06-17,16,THW_THWST_4,113.1,0.0,True,3166.8
2024-06-17,16,TXCTY_CTA,129.1,0.0,True,3614.8
2024-06-17,16,TXCTY_CTB,129.1,0.0,True,3614.8
2024-06-17,16,TXCTY_CTC,129.1,0.0,True,3614.8
2024-06-17,16,TXCTY_ST,143.7,0.0,True,4023.6
2024-06-17,16,TGS_GT01,0.0,0.0,False,0.0
2024-06-17,16,TIMPP_AGR1,0.0,0.0,False,0.0
2024-06-17,16,TIMPP_AGR2,0.0,0.0,False,0.0
2024-06-17,16,TIMPP_AGR3,0.0,0.0,False,0.0
2024-06-17,16,TIMPP_AGR4,0.0,0.0,False,0.0
2024-06-17,16,TRSES_UNIT6,239.0,0.0,True,8365.0
2024-06-17,16,TOPAZ_UNIT1,60.5,0.0,True,2541.0
2024-06-17,16,TOPAZ_UNIT2,60.5,0.0,True,2541.0
2024-06-17,16,TOPAZ_UNIT3,60.5,0.0,True,2541.0
2024-06-17,16,TOPAZ_UNIT4,60.5,0.0,True,2541.0
2024-06-17,16,TOPAZ_UNIT5,60.5,0.0,True,2541.0
2024-06-17,16,TOPAZ_UNIT6,60.5,0.0,True,2541.0
2024-06-17,16,TOPAZ_UNIT7,60.5,0.0,True,2541.0
2024-06-17,16,TOPAZ_UNIT8,60.5,0.0,True,2541.0
2024-06-17,16,TOPAZ_UNIT9,60.5,0.0,True,2541.0
2024-06-17,16,TOPAZ_UNIT10,60.5,0.0,True,2541.0
2024-06-17,16,BRAUNIG_VHB6CT5,64.5,0.0,True,2709.0
2024-06-17,16,BRAUNIG_VHB6CT6,64.5,0.0,True,2709.0
2024-06-17,16,BRAUNIG_VHB6CT7,64.5,0.0,True,2709.0
2024-06-17,16,BRAUNIG_VHB6CT8,64.5,0.0,True,2709.0
2024-06-17,16,CITYVICT_CTG01,0.0,0.0,False,0.0
2024-06-17,16,CITYVICT_CTG02,0.0,0.0,False,0.0
2024-06-17,16,VICTPORT_CTG01,0.0,0.0,False,0.0
2024-06-17,16,VICTPORT_CTG02,0.0,0.0,False,0.0
2024-06-17,16,VICTORIA_VICTORG6,0.0,0.0,False,0.0
2024-06-17,16,VICTORIA_VICTORG5,0.0,0.0,False,0.0
2024-06-17,16,WAP_WAPGT_1,0.0,0.0,False,0.0
2024-06-17,16,WAP_WAP_G1,0.0,0.0,False,0.0
2024-06-17,16,WAP_WAP_G2,0.0,0.0,False,0.0
2024-06-17,16,WAP_WAP_G3,0.0,0.0,False,0.0
2024-06-17,16,WAP_WAP_G4,0.0,0.0,False,0.0
2024-06-17,16,WFCOGEN_UNIT1,0.0,0.0,False,0.0
2024-06-17,16,WFCOGEN_UNIT2,0.0,0.0,False,0.0
2024-06-17,16,WFCOGEN_UNIT3,0.0,0.0,False,0.0
2024-06-17,16,WIPOPA_WPP_G1,60.5,0.0,True,2541.0
2024-06-17,16,WIPOPA_WPP_G2,60.5,0.0,True,2541.0
2024-06-17,16,WIPOPA_WPP_G3,60.5,0.0,True,2541.0
2024-06-17,16,WIPOPA_WPP_G4,60.5,0.0,True,2541.0
2024-06-17,16,WCPP_CT1,275.0,0.0,True,7700.0
2024-06-17,16,WCPP_CT2,144.45107917278952,130.54892082721048,True,4044.6302
2024-06-17,16,WCPP_ST1,298.0,0.0,True,8344.0
2024-06-17,16,WHCCS_CT1,264.5,0.0,True,7406.0
2024-06-17,16,WHCCS_CT2,264.5,0.0,True,7406.0
2024-06-17,16,WHCCS_STG,300.0,0.0,True,8400.0
2024-06-17,16,WHCCS2_CT4,108.0,252.0,True,3024.0
2024-06-17,16,WHCCS2_CT5,269.534442088103,90.46555791189701,True,7546.9644
2024-06-17,16,WHCCS2_STG6,153.36,357.84,True,4294.08
2024-06-17,16,NACPW_UNIT1,23.3,93.2,True,932.0
2024-06-17,16,HBR_2UNITS,3.2,0.0,True,128.0
2024-06-17,16,TRIRA_1UNIT,4.0,0.0,True,160.0
2024-06-17,16,78252_4UNITS,4.2,0.0,True,168.0
2024-06-17,16,SPRIN_4UNITS,1.28,5.12,True,51.2
2024-06-17,16,FREIH_2UNITS,0.0,0.0,False,0.0
2024-06-17,16,WSTHL_3UNITS,4.8,0.0,True,192.0
2024-06-17,16,FEGC_CTG2,0.0,0.0,False,0.0
2024-06-17,16,FEGC_CTG3,0.0,0.0,False,0.0
2024-06-17,16,FEGC_CTG4,0.0,0.0,False,0.0
2024-06-17,16,OLNEYTN_AGR1,0.0,0.0,False,0.0
2024-06-17,16,AMISTAD_AMISTAG1,0.0,0.0,False,0.0
2024-06-17,16,AMISTAD_AMISTAG2,0.0,0.0,False,0.0
2024-06-17,16,AUSTPL_AUSTING1,9.0,0.0,True,9.0
2024-06-17,16,AUSTPL_AUSTING2,9.0,0.0,True,9.0
2024-06-17,16,BUCHAN_BUCHANG1,18.299999999999997,3.552713678800501e-15,True,18.3
2024-06-17,16,BUCHAN_BUCHANG2,16.15630875954634,2.143691240453659,True,16.1563
2024-06-17,16,BUCHAN_BUCHANG3,1.83,16.470000000000002,True,1.83
2024-06-17,16,DNDAM_DENISOG1,50.8,0.0,True,50.8
2024-06-17,16,DNDAM_DENISOG2,50.8,0.0,True,50.8
2024-06-17,16,FALCON_FALCONG1,0.0,0.0,False,0.0
2024-06-17,16,FALCON_FALCONG2,0.0,0.0,False,0.0
2024-06-17,16,FALCON_FALCONG3,0.0,0.0,False,0.0
2024-06-17,16,WIRTZ_WIRTZ_G1,29.0,0.0,True,29.0
2024-06-17,16,WIRTZ_WIRTZ_G2,29.0,0.0,True,29.0
2024-06-17,16,CANYHY_CANYHYG1,0.0,0.0,False,0.0
2024-06-17,16,INKSDA_INKS_G1,1.5,13.5,True,1.5
2024-06-17,16,MARBFA_MARBFAG1,21.0,0.0,True,21.0
2024-06-17,16,MARBFA_MARBFAG2,20.0,0.0,True,20.0
2024-06-17,16,MARSFO_MARSFOG1,0.0,0.0,False,0.0
2024-06-17,16,MARSFO_MARSFOG2,0.0,0.0,False,0.0
2024-06-17,16,MARSFO_MARSFOG3,0.0,0.0,False,0.0
2024-06-17,16,WND_WHITNEY1,22.0,0.0,True,22.0
2024-06-17,16,WND_WHITNEY2,22.0,0.0,True,22.0
2024-06-17,16,AEEC_ANTLP_1,0.0,0.0,False,0.0
2024-06-17,16,AEEC_ANTLP_2,0.0,0.0,False,0.0
2024-06-17,16,AEEC_ANTLP_3,0.0,0.0,False,0.0
2024-06-17,16,AEEC_ELK_1,0.0,0.0,False,0.0
2024-06-17,16,AEEC_ELK_2,0.0,0.0,False,0.0
2024-06-17,16,AEEC_ELK_3,0.0,0.0,False,0.0
2024-06-17,16,FTR_FTR_G1,185.0,0.0,True,5180.0
2024-06-17,16,FTR_FTR_G2,185.0,0.0,True,5180.0
2024-06-17,16,FTR_FTR_G3,185.0,0.0,True,5180.0
2024-06-17,16,FTR_FTR_G4,400.0,0.0,True,11200.0
2024-06-17,16,TGCCS_CT1,179.0,0.0,True,5012.0
2024-06-17,16,TGCCS_CT2,179.0,0.0,True,5012.0
2024-06-17,16,TGCCS_CT3,179.0,0.0,True,5012.0
2024-06-17,16,TGCCS_UNIT4,400.0,0.0,True,11200.0
2024-06-17,16,KMCHI_1CT101,55.5,129.5,True,1554.0
2024-06-17,16,KMCHI_1CT201,55.5,129.5,True,1554.0
2024-06-17,16,KMCHI_1ST,330.0,0.0,True,9240.0
2024-06-17,16,KMCHI_2CT101,185.0,0.0,True,5180.0
2024-06-17,16,KMCHI_2CT201,55.5,129.5,True,1554.0
2024-06-17,16,KMCHI_2ST,99.0,231.0,True,2772.0
2024-06-17,16,A4_DGR1,3.5,0.0,True,210.0
2024-06-17,16,A4_DGR2,3.5,0.0,True,210.0
2024-06-17,16,K2_DGR1,2.94,0.0,True,176.4
2024-06-17,16,K2_DGR2,0.0,0.0,False,0.0
2024-06-17,16,P2_DGR1,4.09,0.0,True,245.4
2024-06-17,16,P2_DGR2,0.0,0.0,False,0.0
2024-06-17,16,Q1_DGR1,2.94,0.0,True,176.4
2024-06-17,16,BRAUNIG_VHB3,420.0,0.0,True,14700.0
2024-06-17,16,V2_DGR1,32.0,0.0,True,1920.0
2024-06-17,16,V2_DGR2,32.0,0.0,True,1920.0
2024-06-17,16,V2_DGR3,32.0,0.0,True,1920.0
2024-06-17,16,V4_DGR1,0.0,0.0,False,0.0
2024-06-17,16,X1_DGR1,0.0,0.0,False,0.0
2024-06-17,16,Z0_DGR1,2.94,0.0,True,176.4
2024-06-17,16,Z0_DGR2,2.94,0.0,True,176.4
2024-06-17,16,Z5_DGR1,29.4,0.0,True,1764.0
2024-06-17,16,DC_E,538.863410723315,61.13658927668496,True,18860.2194
2024-06-17,16,DC_N,0.0,0.0,False,0.0
2024-06-17,16,DC_L,0.0,0.0,False,0.0
2024-06-17,16,DC_R,0.0,0.0,False,0.0
2024-06-17,16,CEDARVALE_GAS,0.0,0.0,False,0.0
2024-06-17,16,ENCHANTED_ROCK_NEWPP,30.0,0.0,True,1350.0
2024-06-17,17,CPSES_UNIT1,1269.0,0.0,True,10152.0
2024-06-17,17,CPSES_UNIT2,1269.0,0.0,True,10152.0
2024-06-17,17,STP_STP_G1,1228.5,136.5,True,9828.0
2024-06-17,17,STP_STP_G2,1228.5,136.5,True,9828.0
2024-06-17,17,COLETO_COLETOG1,0.0,0.0,False,0.0
2024-06-17,17,FPPYD1_FPP_G1,615.0,0.0,True,15375.0
2024-06-17,17,FPPYD1_FPP_G2,615.0,0.0,True,15375.0
2024-06-17,17,FPPYD2_FPP_G3,460.0,0.0,True,11500.0
2024-06-17,17,CALAVERS_JKS1,560.0,0.0,True,14000.0
2024-06-17,17,CALAVERS_JKS2,922.0,0.0,True,23050.0
2024-06-17,17,LEG_LEG_G1,893.0,0.0,True,22325.0
2024-06-17,17,LEG_LEG_G2,956.8,0.0,True,23920.0
2024-06-17,17,MLSES_UNIT1,0.0,0.0,False,0.0
2024-06-17,17,MLSES_UNIT2,357.2,535.8,True,8930.0
2024-06-17,17,MLSES_UNIT3,357.2,535.8,True,8930.0
2024-06-17,17,OGSES_UNIT1A,916.8,0.0,True,22920.0
2024-06-17,17,OGSES_UNIT2,916.8,0.0,True,22920.0
2024-06-17,17,SANMIGL_G1,0.0,0.0,False,0.0
2024-06-17,17,SCES_UNIT1,1008.0,0.0,True,25200.0
2024-06-17,17,TNP_ONE_TNP_O_1,174.6,0.0,True,4365.0
2024-06-17,17,TNP_ONE_TNP_O_2,174.6,0.0,True,4365.0
2024-06-17,17,WAP_WAP_G5,0.0,0.0,False,0.0
2024-06-17,17,WAP_WAP_G6,0.0,0.0,False,0.0
2024-06-17,17,WAP_WAP_G7,0.0,0.0,False,0.0
2024-06-17,17,WAP_WAP_G8,0.0,0.0,False,0.0
2024-06-17,17,BRAUNIG_AVR1_CT1,189.0,0.0,True,5292.0
2024-06-17,17,BRAUNIG_AVR1_CT2,189.0,0.0,True,5292.0
2024-06-17,17,BRAUNIG_AVR1_ST,222.0,0.0,True,6216.0
2024-06-17,17,ATKINS_ATKINSG7,21.0,0.0,True,882.0
2024-06-17,17,B_DAVIS_B_DAVIG3,0.0,0.0,False,0.0
2024-06-17,17,B_DAVIS_B_DAVIG4,0.0,0.0,False,0.0
2024-06-17,17,B_DAVIS_B_DAVIG1,0.0,0.0,False,0.0
2024-06-17,17,B_DAVIS_B_DAVIG2,0.0,0.0,False,0.0
2024-06-17,17,BASTEN_GTG1100,188.0,0.0,True,5264.0
2024-06-17,17,BASTEN_GTG2100,188.0,0.0,True,5264.0
2024-06-17,17,BASTEN_ST0100,242.0,0.0,True,6776.0
2024-06-17,17,BCH_UNIT1,60.5,0.0,True,2541.0
2024-06-17,17,BCH_UNIT2,60.5,0.0,True,2541.0
2024-06-17,17,BCH_UNIT3,60.5,0.0,True,2541.0
2024-06-17,17,BCH_UNIT4,60.5,0.0,True,2541.0
2024-06-17,17,BCH_UNIT5,60.5,0.0,True,2541.0
2024-06-17,17,BCH_UNIT6,60.5,0.0,True,2541.0
2024-06-17,17,BCH_UNIT7,60.5,0.0,True,2541.0
2024-06-17,17,BCH_UNIT8,60.5,0.0,True,2541.0
2024-06-17,17,BOSQUESW_BSQSU_1,56.61,132.08999999999997,True,1585.08
2024-06-17,17,BOSQUESW_BSQSU_2,56.61,132.08999999999997,True,1585.08
2024-06-17,17,BOSQUESW_BSQSU_3,56.61,132.08999999999997,True,1585.08
2024-06-17,17,BOSQUESW_BSQSU_4,28.5,66.5,True,798.0
2024-06-17,17,BOSQUESW_BSQSU_5,216.1291948611904,38.07080513880959,True,6051.6175
2024-06-17,17,BVE_UNIT1,198.90000000000003,-2.842170943040401e-14,True,5569.2
2024-06-17,17,BVE_UNIT2,198.90000000000003,-2.842170943040401e-14,True,5569.2
2024-06-17,17,BVE_UNIT3,275.6,0.0,True,7716.8
2024-06-17,17,BTM_UNIT1,60.5,0.0,True,2541.0
2024-06-17,17,BTM_UNIT2,60.5,0.0,True,2541.0
2024-06-17,17,BTM_UNIT3,60.5,0.0,True,2541.0
2024-06-17,17,BTM_UNIT4,60.5,0.0,True,2541.0
2024-06-17,17,BTM_UNIT5,60.5,0.0,True,2541.0
2024-06-17,17,BTM_UNIT6,60.5,0.0,True,2541.0
2024-06-17,17,BTM_UNIT7,60.5,0.0,True,2541.0
2024-06-17,17,BTM_UNIT8,60.5,0.0,True,2541.0
2024-06-17,17,FLCNS_UNIT1,0.0,0.0,False,0.0
2024-06-17,17,FLCNS_UNIT2,0.0,0.0,False,0.0
2024-06-17,17,CALHOUN_UNIT1,0.0,0.0,False,0.0
2024-06-17,17,CALHOUN_UNIT2,0.0,0.0,False,0.0
2024-06-17,17,CHAMON_CTG_0101,60.5,0.0,True,2541.0
2024-06-17,17,CHAMON_CTG_0301,60.5,0.0,True,2541.0
2024-06-17,17,CBY4_CT41,205.0,0.0,True,5740.0
2024-06-17,17,CBY4_CT42,205.0,0.0,True,5740.0
2024-06-17,17,CBY4_ST04,205.0,0.0,True,5740.0
2024-06-17,17,CBY_CBY_G1,765.0,0.0,True,26775.0
2024-06-17,17,CBY_CBY_G2,765.0,0.0,True,26775.0
2024-06-17,17,CBEC_GT1,0.0,0.0,False,0.0
2024-06-17,17,CBEC_GT2,0.0,0.0,False,0.0
2024-06-17,17,CBEC_GT3,0.0,0.0,False,0.0
2024-06-17,17,CBEC_GT4,0.0,0.0,False,0.0
2024-06-17,17,CBEC_STG1,0.0,0.0,False,0.0
2024-06-17,17,CBEC_STG2,0.0,0.0,False,0.0
2024-06-17,17,CBECII_CT7,0.0,0.0,False,0.0
2024-06-17,17,CBECII_CT8,0.0,0.0,False,0.0
2024-06-17,17,CBECII_STG9,0.0,0.0,False,0.0
2024-06-17,17,CBEC_GT11,0.0,0.0,False,0.0
2024-06-17,17,CBEC_GT12,0.0,0.0,False,0.0
2024-06-17,17,CVC_CVC_G1,192.1,0.0,True,5378.8
2024-06-17,17,CVC_CVC_G2,192.1,0.0,True,5378.8
2024-06-17,17,CVC_CVC_G3,192.1,0.0,True,5378.8
2024-06-17,17,CVC_CVC_G5,150.0,0.0,True,4200.0
2024-06-17,17,DANSBY_DANSBYG2,48.0,0.0,True,2016.0
2024-06-17,17,DANSBY_DANSBYG3,50.0,0.0,True,2100.0
2024-06-17,17,DANSBY_DANSBYG1,120.0,0.0,True,4200.0
2024-06-17,17,DECKER_DPGT_1,5.67,0.0,True,238.14
2024-06-17,17,DECKER_DPGT_2,5.67,0.0,True,238.14
2024-06-17,17,DECKER_DPGT_3,5.67,0.0,True,238.14
2024-06-17,17,DECKER_DPGT_4,5.67,0.0,True,238.14
2024-06-17,17,DCSES_CT10,0.0,0.0,False,0.0
2024-06-17,17,DCSES_CT20,0.0,0.0,False,0.0
2024-06-17,17,DCSES_CT30,0.0,0.0,False,0.0
2024-06-17,17,DCSES_CT40,0.0,0.0,False,0.0
2024-06-17,17,DDPEC_GT1,60.9,142.1,True,1705.2
2024-06-17,17,DDPEC_GT2,215.0,0.0,True,6020.0
2024-06-17,17,DDPEC_GT3,60.9,142.1,True,1705.2
2024-06-17,17,DDPEC_GT4,215.0,0.0,True,6020.0
2024-06-17,17,DDPEC_GT6,59.7,139.3,True,1671.6
2024-06-17,17,DDPEC_ST1,174.65400000000204,115.34599999999796,True,4890.312
2024-06-17,17,DEC_AGR_A,0.0,0.0,False,0.0
2024-06-17,17,DEC_AGR_B,0.0,0.0,False,0.0
2024-06-17,17,DEC_AGR_C,0.0,0.0,False,0.0
2024-06-17,17,DEC_AGR_D,0.0,0.0,False,0.0
2024-06-17,17,ECEC_G1,0.0,0.0,False,0.0
2024-06-17,17,ECEC_G2,0.0,0.0,False,0.0
2024-06-17,17,ETCCS_CT1,260.0,0.0,True,7280.0
2024-06-17,17,ETCCS_UNIT1,140.0,0.0,True,3920.0
2024-06-17,17,AZ_AZ_G1,4.0,36.0,True,168.0
2024-06-17,17,AZ_AZ_G2,40.0,0.0,True,1680.0
2024-06-17,17,AZ_AZ_G3,4.0,36.0,True,168.0
2024-06-17,17,AZ_AZ_G4,40.0,0.0,True,1680.0
2024-06-17,17,FERGCC_FERGGT1,0.0,0.0,False,0.0
2024-06-17,17,FERGCC_FERGGT2,0.0,0.0,False,0.0
2024-06-17,17,FERGCC_FERGST1,0.0,0.0,False,0.0
2024-06-17,17,FRNYPP_GT11,0.0,0.0,False,0.0
2024-06-17,17,FRNYPP_GT12,0.0,0.0,False,0.0
2024-06-17,17,FRNYPP_GT13,0.0,0.0,False,0.0
2024-06-17,17,FRNYPP_GT21,0.0,0.0,False,0.0
2024-06-17,17,FRNYPP_GT22,0.0,0.0,False,0.0
2024-06-17,17,FRNYPP_GT23,0.0,0.0,False,0.0
2024-06-17,17,FRNYPP_ST10,0.0,0.0,False,0.0
2024-06-17,17,FRNYPP_ST20,0.0,0.0,False,0.0
2024-06-17,17,FREC_GT1,179.4,0.0,True,5023.2
2024-06-17,17,FREC_GT2,179.4,0.0,True,5023.2
2024-06-17,17,FREC_GT4,179.4,0.0,True,5023.2
2024-06-17,17,FREC_GT5,179.39999999999998,2.842170943040401e-14,True,5023.2
2024-06-17,17,FREC_ST3,190.7,0.0,True,5339.6
2024-06-17,17,FREC_ST6,190.7,0.0,True,5339.6
2024-06-17,17,FEGC_UNIT1,0.0,0.0,False,0.0
2024-06-17,17,FRONT_EC_CT1,0.0,0.0,False,0.0
2024-06-17,17,FRONT_EC_CT2,0.0,0.0,False,0.0
2024-06-17,17,FRONT_EC_ST,0.0,0.0,False,0.0
2024-06-17,17,GRSES_UNIT1,0.0,0.0,False,0.0
2024-06-17,17,GRSES_UNIT2,0.0,0.0,False,0.0
2024-06-17,17,GBY_GBYGT73,72.0,0.0,True,3024.0
2024-06-17,17,GBY_GBYGT74,72.0,0.0,True,3024.0
2024-06-17,17,GBY_GBYGT81,72.0,0.0,True,3024.0
2024-06-17,17,GBY_GBYGT82,72.0,0.0,True,3024.0
2024-06-17,17,GBY_GBYGT83,72.0,0.0,True,3024.0
2024-06-17,17,GBY_GBYGT84,72.0,0.0,True,3024.0
2024-06-17,17,STEAM_ENGINE_1,0.0,0.0,False,0.0
2024-06-17,17,STEAM_ENGINE_2,0.0,0.0,False,0.0
2024-06-17,17,STEAM_ENGINE_3,0.0,0.0,False,0.0
2024-06-17,17,LGE_LGE_GT1,0.0,0.0,False,0.0
2024-06-17,17,LGE_LGE_GT2,0.0,0.0,False,0.0
2024-06-17,17,LGE_LGE_STG,0.0,0.0,False,0.0
2024-06-17,17,GUADG_GAS1,0.0,0.0,False,0.0
2024-06-17,17,GUADG_GAS2,0.0,0.0,False,0.0
2024-06-17,17,GUADG_GAS3,0.0,0.0,False,0.0
2024-06-17,17,GUADG_GAS4,0.0,0.0,False,0.0
2024-06-17,17,GUADG_STM5,0.0,0.0,False,0.0
2024-06-17,17,GUADG_STM6,0.0,0.0,False,0.0
2024-06-17,17,HLSES_UNIT3,395.0,0.0,True,13825.0
2024-06-17,17,HLSES_UNIT4,435.0,0.0,True,15225.0
2024-06-17,17,HLSES_UNIT5,435.0,0.0,True,15225.0
2024-06-17,17,HAYSEN_HAYSENG1,0.0,0.0,False,0.0
2024-06-17,17,HAYSEN_HAYSENG2,0.0,0.0,False,0.0
2024-06-17,17,HAYSEN_HAYSENG3,0.0,0.0,False,0.0
2024-06-17,17,HAYSEN_HAYSENG4,0.0,0.0,False,0.0
2024-06-17,17,DUKE_DUKE_GT1,0.0,0.0,False,0.0
2024-06-17,17,DUKE_DUKE_GT2,0.0,0.0,False,0.0
2024-06-17,17,DUKE_DUKE_ST1,0.0,0.0,False,0.0
2024-06-17,17,JACKCNTY_CT1,59.67,139.23,True,1670.76
2024-06-17,17,JACKCNTY_CT2,0.0,0.0,False,0.0
2024-06-17,17,JCKCNTY2_CT3,0.0,0.0,False,0.0
2024-06-17,17,JCKCNTY2_CT4,59.67,139.23,True,1670.76
2024-06-17,17,JACKCNTY_STG,96.18,224.42000000000002,True,2693.04
2024-06-17,17,JCKCNTY2_ST2,96.18,224.42000000000002,True,2693.04
2024-06-17,17,TEN_CT1,0.0,0.0,False,0.0
2024-06-17,17,TEN_STG,0.0,0.0,False,0.0
2024-06-17,17,LHSES_UNIT1,0.0,0.0,False,0.0
2024-06-17,17,LHSES_UNIT2A,0.0,0.0,False,0.0
2024-06-17,17,LPCCS_CT11,0.0,0.0,False,0.0
2024-06-17,17,LPCCS_CT12,0.0,0.0,False,0.0
2024-06-17,17,LPCCS_CT21,0.0,0.0,False,0.0
2024-06-17,17,LPCCS_CT22,0.0,0.0,False,0.0
2024-06-17,17,LPCCS_UNIT1,0.0,0.0,False,0.0
2024-06-17,17,LPCCS_UNIT2,0.0,0.0,False,0.0
2024-06-17,17,LARDVFTN_G4,0.0,0.0,False,0.0
2024-06-17,17,LARDVFTN_G5,0.0,0.0,False,0.0
2024-06-17,17,LEON_CRK_LCPCT1,48.0,0.0,True,2016.0
2024-06-17,17,LEON_CRK_LCPCT2,48.0,0.0,True,2016.0
2024-06-17,17,LEON_CRK_LCPCT3,48.0,0.0,True,2016.0
2024-06-17,17,LEON_CRK_LCPCT4,48.0,0.0,True,2016.0
2024-06-17,17,LIG_UNIT1,6.05,54.45,True,254.1
2024-06-17,17,LIG_UNIT2,17.273857029448184,43.22614297055182,True,725.502
2024-06-17,17,LOSTPI_LOSTPGT1,202.5,0.0,True,5670.0
2024-06-17,17,LOSTPI_LOSTPGT2,202.5,0.0,True,5670.0
2024-06-17,17,LOSTPI_LOSTPST1,204.0,0.0,True,5712.0
2024-06-17,17,NEDIN_NEDIN_G1,0.0,0.0,False,0.0
2024-06-17,17,NEDIN_NEDIN_G2,0.0,0.0,False,0.0
2024-06-17,17,NEDIN_NEDIN_G3,0.0,0.0,False,0.0
2024-06-17,17,MDANP_CT1,0.0,0.0,False,0.0
2024-06-17,17,MDANP_CT2,0.0,0.0,False,0.0
2024-06-17,17,MDANP_CT3,0.0,0.0,False,0.0
2024-06-17,17,MDANP_CT4,0.0,0.0,False,0.0
2024-06-17,17,MDANP_CT5,0.0,0.0,False,0.0
2024-06-17,17,MDANP_CT6,0.0,0.0,False,0.0
2024-06-17,17,MGSES_CT1,0.0,0.0,False,0.0
2024-06-17,17,MGSES_CT2,0.0,0.0,False,0.0
2024-06-17,17,MGSES_CT3,0.0,0.0,False,0.0
2024-06-17,17,MGSES_CT4,0.0,0.0,False,0.0
2024-06-17,17,MGSES_CT5,0.0,0.0,False,0.0
2024-06-17,17,MGSES_CT6,0.0,0.0,False,0.0
2024-06-17,17,MCSES_UNIT6,122.0,0.0,True,4270.0
2024-06-17,17,MCSES_UNIT7,118.0,0.0,True,4130.0
2024-06-17,17,MCSES_UNIT8,568.0,0.0,True,19880.0
2024-06-17,17,NUECES_B_NUECESG8,0.0,0.0,False,0.0
2024-06-17,17,NUECES_B_NUECESG9,0.0,0.0,False,0.0
2024-06-17,17,NUECES_B_NUECESG7,0.0,0.0,False,0.0
2024-06-17,17,CALAVERS_OWS1,445.0,0.0,True,15575.0
2024-06-17,17,CALAVERS_OWS2,435.0,0.0,True,15225.0
2024-06-17,17,OECCS_CT11,0.0,0.0,False,0.0
2024-06-17,17,OECCS_CT12,0.0,0.0,False,0.0
2024-06-17,17,OECCS_CT21,0.0,0.0,False,0.0
2024-06-17,17,OECCS_CT22,0.0,0.0,False,0.0
2024-06-17,17,OECCS_UNIT1,0.0,0.0,False,0.0
2024-06-17,17,OECCS_UNIT2,0.0,0.0,False,0.0
2024-06-17,17,VICTPRT2_UNIT1,0.0,0.0,False,0.0
2024-06-17,17,VICTPRT2_UNIT2,0.0,0.0,False,0.0
2024-06-17,17,PANDA_S_SHER1CT1,232.0,0.0,True,6496.0
2024-06-17,17,PANDA_S_SHER1CT2,193.6022127577351,38.39778724226491,True,5420.862
2024-06-17,17,PANDA_S_SHER1ST1,353.1,0.0,True,9886.8
2024-06-17,17,PANDA_T1_TMPL1CT1,232.0,0.0,True,6496.0
2024-06-17,17,PANDA_T1_TMPL1CT2,232.0,0.0,True,6496.0
2024-06-17,17,PANDA_T1_TMPL1ST1,353.1,0.0,True,9886.8
2024-06-17,17,PANDA_T2_TMPL2CT1,232.0,0.0,True,6496.0
2024-06-17,17,PANDA_T2_TMPL2CT2,232.0,0.0,True,6496.0
2024-06-17,17,PANDA_T2_TMPL2ST1,353.1,0.0,True,9886.8
2024-06-17,17,TNSKA_GT1,0.0,0.0,False,0.0
2024-06-17,17,TNSKA_GT2,0.0,0.0,False,0.0
2024-06-17,17,TNSKA_STG,0.0,0.0,False,0.0
2024-06-17,17,PSG_PSG_GT2,215.1,0.0,True,6022.8
2024-06-17,17,PSG_PSG_GT3,215.1,0.0,True,6022.8
2024-06-17,17,PSG_PSG_ST2,195.5,0.0,True,5474.0
2024-06-17,17,PEARSAL2_AGR_A,0.0,0.0,False,0.0
2024-06-17,17,PEARSAL2_AGR_B,0.0,0.0,False,0.0
2024-06-17,17,PEARSAL2_AGR_C,0.0,0.0,False,0.0
2024-06-17,17,PEARSAL2_AGR_D,0.0,0.0,False,0.0
2024-06-17,17,PB2SES_CT1,0.0,0.0,False,0.0
2024-06-17,17,PB2SES_CT2,0.0,0.0,False,0.0
2024-06-17,17,PB2SES_CT3,0.0,0.0,False,0.0
2024-06-17,17,PB2SES_CT4,0.0,0.0,False,0.0
2024-06-17,17,PB2SES_CT5,0.0,0.0,False,0.0
2024-06-17,17,PRO_UNIT1,60.5,0.0,True,2541.0
2024-06-17,17,PRO_UNIT2,60.5,0.0,True,2541.0
2024-06-17,17,PRO_UNIT3,60.5,0.0,True,2541.0
2024-06-17,17,PRO_UNIT4,60.5,0.0,True,2541.0
2024-06-17,17,PRO_UNIT5,6.05,54.45,True,254.1
2024-06-17,17,PRO_UNIT6,6.05,54.45,True,254.1
2024-06-17,17,PRO_UNIT7,60.5,0.0,True,2541.0
2024-06-17,17,PRO_UNIT8,60.5,0.0,True,2541.0
2024-06-17,17,BAC_CTG1,65.0,0.0,True,2730.0
2024-06-17,17,BAC_CTG2,65.0,0.0,True,2730.0
2024-06-17,17,BAC_CTG3,65.0,0.0,True,2730.0
2024-06-17,17,BAC_CTG4,65.0,0.0,True,2730.0
2024-06-17,17,BAC_CTG5,65.0,0.0,True,2730.0
2024-06-17,17,BAC_CTG6,65.0,0.0,True,2730.0
2024-06-17,17,STEAM1A_STEAM_1,0.0,0.0,False,0.0
2024-06-17,17,STEAM_STEAM_2,0.0,0.0,False,0.0
2024-06-17,17,STEAM_STEAM_3,0.0,0.0,False,0.0
2024-06-17,17,QALSW_GT1,0.0,0.0,False,0.0
2024-06-17,17,QALSW_GT2,0.0,0.0,False,0.0
2024-06-17,17,QALSW_GT3,0.0,0.0,False,0.0
2024-06-17,17,QALSW_GT4,0.0,0.0,False,0.0
2024-06-17,17,QALSW_STG1,0.0,0.0,False,0.0
2024-06-17,17,QALSW_STG2,0.0,0.0,False,0.0
2024-06-17,17,MIL_MILLERG4,0.0,0.0,False,0.0
2024-06-17,17,MIL_MILLERG5,0.0,0.0,False,0.0
2024-06-17,17,MIL_MILLERG1,0.0,0.0,False,0.0
2024-06-17,17,MIL_MILLERG2,0.0,0.0,False,0.0
2024-06-17,17,MIL_MILLERG3,0.0,0.0,False,0.0
2024-06-17,17,OLINGR_OLING_4,0.0,0.0,False,0.0
2024-06-17,17,OLINGR_OLING_2,0.0,0.0,False,0.0
2024-06-17,17,OLINGR_OLING_3,0.0,0.0,False,0.0
2024-06-17,17,RAB_UNIT1,0.0,0.0,False,0.0
2024-06-17,17,RAB_UNIT2,0.0,0.0,False,0.0
2024-06-17,17,RAB_UNIT3,0.0,0.0,False,0.0
2024-06-17,17,RAB_UNIT4,0.0,0.0,False,0.0
2024-06-17,17,RAB_UNIT5,0.0,0.0,False,0.0
2024-06-17,17,RAB_UNIT6,0.0,0.0,False,0.0
2024-06-17,17,RAB_UNIT7,0.0,0.0,False,0.0
2024-06-17,17,RAB_UNIT8,0.0,0.0,False,0.0
2024-06-17,17,REDGATE_AGR_A,0.0,0.0,False,0.0
2024-06-17,17,REDGATE_AGR_B,0.0,0.0,False,0.0
2024-06-17,17,REDGATE_AGR_C,0.0,0.0,False,0.0
2024-06-17,17,REDGATE_AGR_D,0.0,0.0,False,0.0
2024-06-17,17,JAD_UNIT1,6.05,54.45,True,254.1
2024-06-17,17,JAD_UNIT2,6.05,54.45,True,254.1
2024-06-17,17,JAD_UNIT3,60.5,0.0,True,2541.0
2024-06-17,17,JAD_UNIT4,6.05,54.45,True,254.1
2024-06-17,17,JAD_UNIT5,6.05,54.45,True,254.1
2024-06-17,17,JAD_UNIT6,60.5,0.0,True,2541.0
2024-06-17,17,JAD_UNIT7,60.5,0.0,True,2541.0
2024-06-17,17,JAD_UNIT8,60.5,0.0,True,2541.0
2024-06-17,17,RIONOG_CT1,0.0,0.0,False,0.0
2024-06-17,17,RIONOG_CT2,0.0,0.0,False,0.0
2024-06-17,17,RIONOG_CT3,0.0,0.0,False,0.0
2024-06-17,17,RIONOG_ST1,0.0,0.0,False,0.0
2024-06-17,17,RAYBURN_RAYBURG7,60.5,0.0,True,1694.0
2024-06-17,17,RAYBURN_RAYBURG8,60.5,0.0,True,1694.0
2024-06-17,17,RAYBURN_RAYBURG9,60.5,0.0,True,1694.0
2024-06-17,17,RAYBURN_RAYBURG10,12.6,29.4,True,352.8
2024-06-17,17,SJS_SJS_G1,88.19999999999999,1.4210854715202004e-14,True,3704.4
2024-06-17,17,SJS_SJS_G2,88.19999999999999,1.4210854715202004e-14,True,3704.4
2024-06-17,17,SANDHSYD_SH1,60.5,0.0,True,2541.0
2024-06-17,17,SANDHSYD_SH2,60.5,0.0,True,2541.0
2024-06-17,17,SANDHSYD_SH3,60.5,0.0,True,2541.0
2024-06-17,17,SANDHSYD_SH4,60.5,0.0,True,2541.0
2024-06-17,17,SANDHSYD_SH_5A,198.90000000000003,-2.842170943040401e-14,True,5569.2
2024-06-17,17,SANDHSYD_SH6,60.5,0.0,True,2541.0
2024-06-17,17,SANDHSYD_SH7,60.5,0.0,True,2541.0
2024-06-17,17,SANDHSYD_SH_5C,191.0,0.0,True,5348.0
2024-06-17,17,SILASRAY_SILAS_10,0.0,0.0,False,0.0
2024-06-17,17,SILASRAY_SILAS_9,0.0,0.0,False,0.0
2024-06-17,17,SILASRAY_SILAS_6,0.0,0.0,False,0.0
2024-06-17,17,GIDEON_GIDEONG1,136.0,0.0,True,4760.0
2024-06-17,17,GIDEON_GIDEONG2,136.0,0.0,True,4760.0
2024-06-17,17,GIDEON_GIDEONG3,351.0,0.0,True,12285.0
2024-06-17,17,SKY1_SKY1A,0.0,0.0,False,0.0
2024-06-17,17,SKY1_SKY1B,0.0,0.0,False,0.0
2024-06-17,17,SPNCER_SPNCE_4,0.0,0.0,False,0.0
2024-06-17,17,SPNCER_SPNCE_5,0.0,0.0,False,0.0
2024-06-17,17,SCSES_UNIT1A,177.0,0.0,True,6195.0
2024-06-17,17,SCSES_UNIT2,502.0,0.0,True,17570.0
2024-06-17,17,THW_THWGT_1,16.3,0.0,True,684.6
2024-06-17,17,THW_THWGT31,51.3,0.0,True,1436.4
2024-06-17,17,THW_THWGT32,51.3,0.0,True,1436.4
2024-06-17,17,THW_THWGT33,51.3,0.0,True,1436.4
2024-06-17,17,THW_THWGT34,51.3,0.0,True,1436.4
2024-06-17,17,THW_THWGT41,51.3,0.0,True,1436.4
2024-06-17,17,THW_THWGT42,51.3,0.0,True,1436.4
2024-06-17,17,THW_THWGT43,62.0,0.0,True,1736.0
2024-06-17,17,THW_THWGT44,62.0,0.0,True,1736.0
2024-06-17,17,THW_THWGT51,85.0,0.0,True,3570.0
2024-06-17,17,THW_THWGT52,85.0,0.0,True,3570.0
2024-06-17,17,THW_THWGT53,85.0,0.0,True,3570.0
2024-06-17,17,THW_THWGT54,85.0,0.0,True,3570.0
2024-06-17,17,THW_THWGT55,85.0,0.0,True,3570.0
2024-06-17,17,THW_THWGT56,85.0,0.0,True,3570.0
2024-06-17,17,THW_THWST_3,113.1,0.0,True,3166.8
2024-06-17,17,THW_THWST_4,113.1,0.0,True,3166.8
2024-06-17,17,TXCTY_CTA,129.1,0.0,True,3614.8
2024-06-17,17,TXCTY_CTB,129.1,0.0,True,3614.8
2024-06-17,17,TXCTY_CTC,129.1,0.0,True,3614.8
2024-06-17,17,TXCTY_ST,143.7,0.0,True,4023.6
2024-06-17,17,TGS_GT01,0.0,0.0,False,0.0
2024-06-17,17,TIMPP_AGR1,3.77,0.0,True,169.65
2024-06-17,17,TIMPP_AGR2,5.65,0.0,True,254.25
2024-06-17,17,TIMPP_AGR3,3.77,0.0,True,169.65
2024-06-17,17,TIMPP_AGR4,5.65,0.0,True,254.25
2024-06-17,17,TRSES_UNIT6,239.0,0.0,True,8365.0
2024-06-17,17,TOPAZ_UNIT1,60.5,0.0,True,2541.0
2024-06-17,17,TOPAZ_UNIT2,60.5,0.0,True,2541.0
2024-06-17,17,TOPAZ_UNIT3,60.5,0.0,True,2541.0
2024-06-17,17,TOPAZ_UNIT4,60.5,0.0,True,2541.0
2024-06-17,17,TOPAZ_UNIT5,60.5,0.0,True,2541.0
2024-06-17,17,TOPAZ_UNIT6,60.5,0.0,True,2541.0
2024-06-17,17,TOPAZ_UNIT7,60.5,0.0,True,2541.0
2024-06-17,17,TOPAZ_UNIT8,60.5,0.0,True,2541.0
2024-06-17,17,TOPAZ_UNIT9,60.5,0.0,True,2541.0
2024-06-17,17,TOPAZ_UNIT10,60.5,0.0,True,2541.0
2024-06-17,17,BRAUNIG_VHB6CT5,64.5,0.0,True,2709.0
2024-06-17,17,BRAUNIG_VHB6CT6,64.5,0.0,True,2709.0
2024-06-17,17,BRAUNIG_VHB6CT7,64.5,0.0,True,2709.0
2024-06-17,17,BRAUNIG_VHB6CT8,64.5,0.0,True,2709.0
2024-06-17,17,CITYVICT_CTG01,0.0,0.0,False,0.0
2024-06-17,17,CITYVICT_CTG02,0.0,0.0,False,0.0
2024-06-17,17,VICTPORT_CTG01,0.0,0.0,False,0.0
2024-06-17,17,VICTPORT_CTG02,0.0,0.0,False,0.0
2024-06-17,17,VICTORIA_VICTORG6,0.0,0.0,False,0.0
2024-06-17,17,VICTORIA_VICTORG5,0.0,0.0,False,0.0
2024-06-17,17,WAP_WAPGT_1,0.0,0.0,False,0.0
2024-06-17,17,WAP_WAP_G1,0.0,0.0,False,0.0
2024-06-17,17,WAP_WAP_G2,0.0,0.0,False,0.0
2024-06-17,17,WAP_WAP_G3,0.0,0.0,False,0.0
2024-06-17,17,WAP_WAP_G4,0.0,0.0,False,0.0
2024-06-17,17,WFCOGEN_UNIT1,0.0,0.0,False,0.0
2024-06-17,17,WFCOGEN_UNIT2,0.0,0.0,False,0.0
2024-06-17,17,WFCOGEN_UNIT3,0.0,0.0,False,0.0
2024-06-17,17,WIPOPA_WPP_G1,60.5,0.0,True,2541.0
2024-06-17,17,WIPOPA_WPP_G2,60.5,0.0,True,2541.0
2024-06-17,17,WIPOPA_WPP_G3,60.5,0.0,True,2541.0
2024-06-17,17,WIPOPA_WPP_G4,60.5,0.0,True,2541.0
2024-06-17,17,WCPP_CT1,195.25881338230457,79.74118661769543,True,5467.2468
2024-06-17,17,WCPP_CT2,275.0,0.0,True,7700.0
2024-06-17,17,WCPP_ST1,298.0,0.0,True,8344.0
2024-06-17,17,WHCCS_CT1,182.03222444326468,82.46777555673532,True,5096.9023
2024-06-17,17,WHCCS_CT2,264.5,0.0,True,7406.0
2024-06-17,17,WHCCS_STG,300.0,0.0,True,8400.0
2024-06-17,17,WHCCS2_CT4,108.0,252.0,True,3024.0
2024-06-17,17,WHCCS2_CT5,108.0,252.0,True,3024.0
2024-06-17,17,WHCCS2_STG6,153.36,357.84,True,4294.08
2024-06-17,17,NACPW_UNIT1,23.3,93.2,True,932.0
2024-06-17,17,HBR_2UNITS,3.2,0.0,True,128.0
2024-06-17,17,TRIRA_1UNIT,4.0,0.0,True,160.0
2024-06-17,17,78252_4UNITS,4.2,0.0,True,168.0
2024-06-17,17,SPRIN_4UNITS,6.4,0.0,True,256.0
2024-06-17,17,FREIH_2UNITS,0.0,0.0,False,0.0
2024-06-17,17,WSTHL_3UNITS,4.8,0.0,True,192.0
2024-06-17,17,FEGC_CTG2,0.0,0.0,False,0.0
2024-06-17,17,FEGC_CTG3,0.0,0.0,False,0.0
2024-06-17,17,FEGC_CTG4,0.0,0.0,False,0.0
2024-06-17,17,OLNEYTN_AGR1,0.0,0.0,False,0.0
2024-06-17,17,AMISTAD_AMISTAG1,0.0,0.0,False,0.0
2024-06-17,17,AMISTAD_AMISTAG2,0.0,0.0,False,0.0
2024-06-17,17,AUSTPL_AUSTING1,9.0,0.0,True,9.0
2024-06-17,17,AUSTPL_AUSTING2,9.0,0.0,True,9.0
2024-06-17,17,BUCHAN_BUCHANG1,18.299999999999997,3.552713678800501e-15,True,18.3
2024-06-17,17,BUCHAN_BUCHANG2,18.299999999999997,3.552713678800501e-15,True,18.3
2024-06-17,17,BUCHAN_BUCHANG3,18.299999999999997,3.552713678800501e-15,True,18.3
2024-06-17,17,DNDAM_DENISOG1,50.8,0.0,True,50.8
2024-06-17,17,DNDAM_DENISOG2,50.8,0.0,True,50.8
2024-06-17,17,FALCON_FALCONG1,0.0,0.0,False,0.0
2024-06-17,17,FALCON_FALCONG2,0.0,0.0,False,0.0
2024-06-17,17,FALCON_FALCONG3,0.0,0.0,False,0.0
2024-06-17,17,WIRTZ_WIRTZ_G1,29.0,0.0,True,29.0
2024-06-17,17,WIRTZ_WIRTZ_G2,29.0,0.0,True,29.0
2024-06-17,17,CANYHY_CANYHYG1,0.0,0.0,False,0.0
2024-06-17,17,INKSDA_INKS_G1,10.146321235477753,4.853678764522247,True,10.1463
2024-06-17,17,MARBFA_MARBFAG1,21.0,0.0,True,21.0
2024-06-17,17,MARBFA_MARBFAG2,20.0,0.0,True,20.0
2024-06-17,17,MARSFO_MARSFOG1,0.0,0.0,False,0.0
2024-06-17,17,MARSFO_MARSFOG2,0.0,0.0,False,0.0
2024-06-17,17,MARSFO_MARSFOG3,0.0,0.0,False,0.0
2024-06-17,17,WND_WHITNEY1,22.0,0.0,True,22.0
2024-06-17,17,WND_WHITNEY2,22.0,0.0,True,22.0
2024-06-17,17,AEEC_ANTLP_1,0.0,0.0,False,0.0
2024-06-17,17,AEEC_ANTLP_2,0.0,0.0,False,0.0
2024-06-17,17,AEEC_ANTLP_3,0.0,0.0,False,0.0
2024-06-17,17,AEEC_ELK_1,0.0,0.0,False,0.0
2024-06-17,17,AEEC_ELK_2,0.0,0.0,False,0.0
2024-06-17,17,AEEC_ELK_3,0.0,0.0,False,0.0
2024-06-17,17,FTR_FTR_G1,185.0,0.0,True,5180.0
2024-06-17,17,FTR_FTR_G2,185.0,0.0,True,5180.0
2024-06-17,17,FTR_FTR_G3,185.0,0.0,True,5180.0
2024-06-17,17,FTR_FTR_G4,400.0,0.0,True,11200.0
2024-06-17,17,TGCCS_CT1,179.0,0.0,True,5012.0
2024-06-17,17,TGCCS_CT2,179.0,0.0,True,5012.0
2024-06-17,17,TGCCS_CT3,179.0,0.0,True,5012.0
2024-06-17,17,TGCCS_UNIT4,369.9670142110338,30.032985788966187,True,10359.0764
2024-06-17,17,KMCHI_1CT101,185.0,0.0,True,5180.0
2024-06-17,17,KMCHI_1CT201,55.5,129.5,True,1554.0
2024-06-17,17,KMCHI_1ST,330.0,0.0,True,9240.0
2024-06-17,17,KMCHI_2CT101,55.5,129.5,True,1554.0
2024-06-17,17,KMCHI_2CT201,55.5,129.5,True,1554.0
2024-06-17,17,KMCHI_2ST,99.0,231.0,True,2772.0
2024-06-17,17,A4_DGR1,35.0,0.0,True,2100.0
2024-06-17,17,A4_DGR2,3.5,31.5,True,210.0
2024-06-17,17,K2_DGR1,2.94,26.459999999999997,True,176.4
2024-06-17,17,K2_DGR2,2.94,0.0,True,176.4
2024-06-17,17,P2_DGR1,25.90994883082102,14.990051169178976,True,1554.5969
2024-06-17,17,P2_DGR2,0.0,0.0,False,0.0
2024-06-17,17,Q1_DGR1,29.4,0.0,True,1764.0
2024-06-17,17,BRAUNIG_VHB3,420.0,0.0,True,14700.0
2024-06-17,17,V2_DGR1,32.0,0.0,True,1920.0
2024-06-17,17,V2_DGR2,32.0,0.0,True,1920.0
2024-06-17,17,V2_DGR3,3.2,28.8,True,192.0
2024-06-17,17,V4_DGR1,0.0,0.0,False,0.0
2024-06-17,17,X1_DGR1,2.94,0.0,True,176.4
2024-06-17,17,Z0_DGR1,2.94,26.459999999999997,True,176.4
2024-06-17,17,Z0_DGR2,29.4,0.0,True,1764.0
2024-06-17,17,Z5_DGR1,29.4,0.0,True,1764.0
2024-06-17,17,DC_E,599.5701270379022,0.42987296209776105,True,20984.9544
2024-06-17,17,DC_N,0.0,0.0,False,0.0
2024-06-17,17,DC_L,0.0,0.0,False,0.0
2024-06-17,17,DC_R,0.0,0.0,False,0.0
2024-06-17,17,CEDARVALE_GAS,0.0,0.0,False,0.0
2024-06-17,17,ENCHANTED_ROCK_NEWPP,30.0,0.0,True,1350.0
2024-06-17,18,CPSES_UNIT1,1269.0,0.0,True,10152.0
2024-06-17,18,CPSES_UNIT2,1269.0,0.0,True,10152.0
2024-06-17,18,STP_STP_G1,1228.5,136.5,True,9828.0
2024-06-17,18,STP_STP_G2,1228.5,136.5,True,9828.0
2024-06-17,18,COLETO_COLETOG1,0.0,0.0,False,0.0
2024-06-17,18,FPPYD1_FPP_G1,615.0,0.0,True,15375.0
2024-06-17,18,FPPYD1_FPP_G2,455.2205977454894,159.77940225451061,True,11380.5149
2024-06-17,18,FPPYD2_FPP_G3,460.0,0.0,True,11500.0
2024-06-17,18,CALAVERS_JKS1,560.0,0.0,True,14000.0
2024-06-17,18,CALAVERS_JKS2,922.0,0.0,True,23050.0
2024-06-17,18,LEG_LEG_G1,893.0,0.0,True,22325.0
2024-06-17,18,LEG_LEG_G2,956.8,0.0,True,23920.0
2024-06-17,18,MLSES_UNIT1,0.0,0.0,False,0.0
2024-06-17,18,MLSES_UNIT2,357.2,535.8,True,8930.0
2024-06-17,18,MLSES_UNIT3,357.2,535.8,True,8930.0
2024-06-17,18,OGSES_UNIT1A,916.8,0.0,True,22920.0
2024-06-17,18,OGSES_UNIT2,916.8,0.0,True,22920.0
2024-06-17,18,SANMIGL_G1,0.0,0.0,False,0.0
2024-06-17,18,SCES_UNIT1,1008.0,0.0,True,25200.0
2024-06-17,18,TNP_ONE_TNP_O_1,174.6,0.0,True,4365.0
2024-06-17,18,TNP_ONE_TNP_O_2,174.6,0.0,True,4365.0
2024-06-17,18,WAP_WAP_G5,0.0,0.0,False,0.0
2024-06-17,18,WAP_WAP_G6,0.0,0.0,False,0.0
2024-06-17,18,WAP_WAP_G7,0.0,0.0,False,0.0
2024-06-17,18,WAP_WAP_G8,0.0,0.0,False,0.0
2024-06-17,18,BRAUNIG_AVR1_CT1,189.0,0.0,True,5292.0
2024-06-17,18,BRAUNIG_AVR1_CT2,189.0,0.0,True,5292.0
2024-06-17,18,BRAUNIG_AVR1_ST,222.0,0.0,True,6216.0
2024-06-17,18,ATKINS_ATKINSG7,21.0,0.0,True,882.0
2024-06-17,18,B_DAVIS_B_DAVIG3,0.0,0.0,False,0.0
2024-06-17,18,B_DAVIS_B_DAVIG4,0.0,0.0,False,0.0
2024-06-17,18,B_DAVIS_B_DAVIG1,0.0,0.0,False,0.0
2024-06-17,18,B_DAVIS_B_DAVIG2,0.0,0.0,False,0.0
2024-06-17,18,BASTEN_GTG1100,188.0,0.0,True,5264.0
2024-06-17,18,BASTEN_GTG2100,188.0,0.0,True,5264.0
2024-06-17,18,BASTEN_ST0100,242.0,0.0,True,6776.0
2024-06-17,18,BCH_UNIT1,60.5,0.0,True,2541.0
2024-06-17,18,BCH_UNIT2,60.5,0.0,True,2541.0
2024-06-17,18,BCH_UNIT3,60.5,0.0,True,2541.0
2024-06-17,18,BCH_UNIT4,60.5,0.0,True,2541.0
2024-06-17,18,BCH_UNIT5,60.5,0.0,True,2541.0
2024-06-17,18,BCH_UNIT6,60.5,0.0,True,2541.0
2024-06-17,18,BCH_UNIT7,60.5,0.0,True,2541.0
2024-06-17,18,BCH_UNIT8,60.5,0.0,True,2541.0
2024-06-17,18,BOSQUESW_BSQSU_1,56.61,132.08999999999997,True,1585.08
2024-06-17,18,BOSQUESW_BSQSU_2,188.7,0.0,True,5283.6
2024-06-17,18,BOSQUESW_BSQSU_3,56.61,132.08999999999997,True,1585.08
2024-06-17,18,BOSQUESW_BSQSU_4,28.5,66.5,True,798.0
2024-06-17,18,BOSQUESW_BSQSU_5,196.57791591289185,57.622084087108135,True,5504.1816
2024-06-17,18,BVE_UNIT1,59.67,139.23,True,1670.76
2024-06-17,18,BVE_UNIT2,59.67,139.23,True,1670.76
2024-06-17,18,BVE_UNIT3,82.68,192.92000000000002,True,2315.04
2024-06-17,18,BTM_UNIT1,60.5,0.0,True,2541.0
2024-06-17,18,BTM_UNIT2,60.5,0.0,True,2541.0
2024-06-17,18,BTM_UNIT3,60.5,0.0,True,2541.0
2024-06-17,18,BTM_UNIT4,60.5,0.0,True,2541.0
2024-06-17,18,BTM_UNIT5,60.5,0.0,True,2541.0
2024-06-17,18,BTM_UNIT6,60.5,0.0,True,2541.0
2024-06-17,18,BTM_UNIT7,60.5,0.0,True,2541.0
2024-06-17,18,BTM_UNIT8,60.5,0.0,True,2541.0
2024-06-17,18,FLCNS_UNIT1,0.0,0.0,False,0.0
2024-06-17,18,FLCNS_UNIT2,0.0,0.0,False,0.0
2024-06-17,18,CALHOUN_UNIT1,0.0,0.0,False,0.0
2024-06-17,18,CALHOUN_UNIT2,0.0,0.0,False,0.0
2024-06-17,18,CHAMON_CTG_0101,60.5,0.0,True,2541.0
2024-06-17,18,CHAMON_CTG_0301,60.5,0.0,True,2541.0
2024-06-17,18,CBY4_CT41,205.0,0.0,True,5740.0
2024-06-17,18,CBY4_CT42,205.0,0.0,True,5740.0
2024-06-17,18,CBY4_ST04,205.0,0.0,True,5740.0
2024-06-17,18,CBY_CBY_G1,765.0,0.0,True,26775.0
2024-06-17,18,CBY_CBY_G2,765.0,0.0,True,26775.0
2024-06-17,18,CBEC_GT1,0.0,0.0,False,0.0
2024-06-17,18,CBEC_GT2,0.0,0.0,False,0.0
2024-06-17,18,CBEC_GT3,0.0,0.0,False,0.0
2024-06-17,18,CBEC_GT4,0.0,0.0,False,0.0
2024-06-17,18,CBEC_STG1,0.0,0.0,False,0.0
2024-06-17,18,CBEC_STG2,0.0,0.0,False,0.0
2024-06-17,18,CBECII_CT7,0.0,0.0,False,0.0
2024-06-17,18,CBECII_CT8,0.0,0.0,False,0.0
2024-06-17,18,CBECII_STG9,0.0,0.0,False,0.0
2024-06-17,18,CBEC_GT11,0.0,0.0,False,0.0
2024-06-17,18,CBEC_GT12,0.0,0.0,False,0.0
2024-06-17,18,CVC_CVC_G1,192.1,0.0,True,5378.8
2024-06-17,18,CVC_CVC_G2,192.1,0.0,True,5378.8
2024-06-17,18,CVC_CVC_G3,192.1,0.0,True,5378.8
2024-06-17,18,CVC_CVC_G5,150.0,0.0,True,4200.0
2024-06-17,18,DANSBY_DANSBYG2,48.0,0.0,True,2016.0
2024-06-17,18,DANSBY_DANSBYG3,50.0,0.0,True,2100.0
2024-06-17,18,DANSBY_DANSBYG1,120.0,0.0,True,4200.0
2024-06-17,18,DECKER_DPGT_1,56.7,0.0,True,2381.4
2024-06-17,18,DECKER_DPGT_2,56.7,0.0,True,2381.4
2024-06-17,18,DECKER_DPGT_3,56.7,0.0,True,2381.4
2024-06-17,18,DECKER_DPGT_4,56.7,0.0,True,2381.4
2024-06-17,18,DCSES_CT10,0.0,0.0,False,0.0
2024-06-17,18,DCSES_CT20,0.0,0.0,False,0.0
2024-06-17,18,DCSES_CT30,0.0,0.0,False,0.0
2024-06-17,18,DCSES_CT40,0.0,0.0,False,0.0
2024-06-17,18,DDPEC_GT1,60.9,142.1,True,1705.2
2024-06-17,18,DDPEC_GT2,64.5,150.5,True,1806.0
2024-06-17,18,DDPEC_GT3,60.9,142.1,True,1705.2
2024-06-17,18,DDPEC_GT4,215.0,0.0,True,6020.0
2024-06-17,18,DDPEC_GT6,199.0,0.0,True,5572.0
2024-06-17,18,DDPEC_ST1,177.09940000000262,112.90059999999738,True,4958.7832
2024-06-17,18,DEC_AGR_A,0.0,0.0,False,0.0
2024-06-17,18,DEC_AGR_B,0.0,0.0,False,0.0
2024-06-17,18,DEC_AGR_C,0.0,0.0,False,0.0
2024-06-17,18,DEC_AGR_D,0.0,0.0,False,0.0
2024-06-17,18,ECEC_G1,0.0,0.0,False,0.0
2024-06-17,18,ECEC_G2,0.0,0.0,False,0.0
2024-06-17,18,ETCCS_CT1,260.0,0.0,True,7280.0
2024-06-17,18,ETCCS_UNIT1,140.0,0.0,True,3920.0
2024-06-17,18,AZ_AZ_G1,4.0,36.0,True,168.0
2024-06-17,18,AZ_AZ_G2,14.507898397971047,25.492101602028953,True,609.3317
2024-06-17,18,AZ_AZ_G3,40.0,0.0,True,1680.0
2024-06-17,18,AZ_AZ_G4,40.0,0.0,True,1680.0
2024-06-17,18,FERGCC_FERGGT1,0.0,0.0,False,0.0
2024-06-17,18,FERGCC_FERGGT2,0.0,0.0,False,0.0
2024-06-17,18,FERGCC_FERGST1,0.0,0.0,False,0.0
2024-06-17,18,FRNYPP_GT11,0.0,0.0,False,0.0
2024-06-17,18,FRNYPP_GT12,0.0,0.0,False,0.0
2024-06-17,18,FRNYPP_GT13,0.0,0.0,False,0.0
2024-06-17,18,FRNYPP_GT21,0.0,0.0,False,0.0
2024-06-17,18,FRNYPP_GT22,0.0,0.0,False,0.0
2024-06-17,18,FRNYPP_GT23,0.0,0.0,False,0.0
2024-06-17,18,FRNYPP_ST10,0.0,0.0,False,0.0
2024-06-17,18,FRNYPP_ST20,0.0,0.0,False,0.0
2024-06-17,18,FREC_GT1,179.39999999999986,1.4210854715202004e-13,True,5023.2
2024-06-17,18,FREC_GT2,179.4,0.0,True,5023.2
2024-06-17,18,FREC_GT4,179.4,0.0,True,5023.2
2024-06-17,18,FREC_GT5,179.4,0.0,True,5023.2
2024-06-17,18,FREC_ST3,190.7,0.0,True,5339.6
2024-06-17,18,FREC_ST6,190.7,0.0,True,5339.6
2024-06-17,18,FEGC_UNIT1,0.0,0.0,False,0.0
2024-06-17,18,FRONT_EC_CT1,0.0,0.0,False,0.0
2024-06-17,18,FRONT_EC_CT2,0.0,0.0,False,0.0
2024-06-17,18,FRONT_EC_ST,0.0,0.0,False,0.0
2024-06-17,18,GRSES_UNIT1,0.0,0.0,False,0.0
2024-06-17,18,GRSES_UNIT2,0.0,0.0,False,0.0
2024-06-17,18,GBY_GBYGT73,72.0,0.0,True,3024.0
2024-06-17,18,GBY_GBYGT74,72.0,0.0,True,3024.0
2024-06-17,18,GBY_GBYGT81,72.0,0.0,True,3024.0
2024-06-17,18,GBY_GBYGT82,72.0,0.0,True,3024.0
2024-06-17,18,GBY_GBYGT83,72.0,0.0,True,3024.0
2024-06-17,18,GBY_GBYGT84,72.0,0.0,True,3024.0
2024-06-17,18,STEAM_ENGINE_1,0.0,0.0,False,0.0
2024-06-17,18,STEAM_ENGINE_2,0.0,0.0,False,0.0
2024-06-17,18,STEAM_ENGINE_3,0.0,0.0,False,0.0
2024-06-17,18,LGE_LGE_GT1,0.0,0.0,False,0.0
2024-06-17,18,LGE_LGE_GT2,0.0,0.0,False,0.0
2024-06-17,18,LGE_LGE_STG,0.0,0.0,False,0.0
2024-06-17,18,GUADG_GAS1,0.0,0.0,False,0.0
2024-06-17,18,GUADG_GAS2,0.0,0.0,False,0.0
2024-06-17,18,GUADG_GAS3,0.0,0.0,False,0.0
2024-06-17,18,GUADG_GAS4,0.0,0.0,False,0.0
2024-06-17,18,GUADG_STM5,0.0,0.0,False,0.0
2024-06-17,18,GUADG_STM6,0.0,0.0,False,0.0
2024-06-17,18,HLSES_UNIT3,395.0,0.0,True,13825.0
2024-06-17,18,HLSES_UNIT4,435.0,0.0,True,15225.0
2024-06-17,18,HLSES_UNIT5,435.0,0.0,True,15225.0
2024-06-17,18,HAYSEN_HAYSENG1,0.0,0.0,False,0.0
2024-06-17,18,HAYSEN_HAYSENG2,0.0,0.0,False,0.0
2024-06-17,18,HAYSEN_HAYSENG3,0.0,0.0,False,0.0
2024-06-17,18,HAYSEN_HAYSENG4,0.0,0.0,False,0.0
2024-06-17,18,DUKE_DUKE_GT1,0.0,0.0,False,0.0
2024-06-17,18,DUKE_DUKE_GT2,0.0,0.0,False,0.0
2024-06-17,18,DUKE_DUKE_ST1,0.0,0.0,False,0.0
2024-06-17,18,JACKCNTY_CT1,106.30228920216335,92.59771079783664,True,2976.4641
2024-06-17,18,JACKCNTY_CT2,0.0,0.0,False,0.0
2024-06-17,18,JCKCNTY2_CT3,0.0,0.0,False,0.0
2024-06-17,18,JCKCNTY2_CT4,59.67,139.23,True,1670.76
2024-06-17,18,JACKCNTY_STG,0.0,0.0,False,0.0
2024-06-17,18,JCKCNTY2_ST2,0.0,0.0,False,0.0
2024-06-17,18,TEN_CT1,0.0,0.0,False,0.0
2024-06-17,18,TEN_STG,0.0,0.0,False,0.0
2024-06-17,18,LHSES_UNIT1,0.0,0.0,False,0.0
2024-06-17,18,LHSES_UNIT2A,0.0,0.0,False,0.0
2024-06-17,18,LPCCS_CT11,0.0,0.0,False,0.0
2024-06-17,18,LPCCS_CT12,0.0,0.0,False,0.0
2024-06-17,18,LPCCS_CT21,0.0,0.0,False,0.0
2024-06-17,18,LPCCS_CT22,0.0,0.0,False,0.0
2024-06-17,18,LPCCS_UNIT1,0.0,0.0,False,0.0
2024-06-17,18,LPCCS_UNIT2,0.0,0.0,False,0.0
2024-06-17,18,LARDVFTN_G4,0.0,0.0,False,0.0
2024-06-17,18,LARDVFTN_G5,0.0,0.0,False,0.0
2024-06-17,18,LEON_CRK_LCPCT1,48.0,0.0,True,2016.0
2024-06-17,18,LEON_CRK_LCPCT2,48.0,0.0,True,2016.0
2024-06-17,18,LEON_CRK_LCPCT3,48.0,0.0,True,2016.0
2024-06-17,18,LEON_CRK_LCPCT4,48.0,0.0,True,2016.0
2024-06-17,18,LIG_UNIT1,6.05,54.45,True,254.1
2024-06-17,18,LIG_UNIT2,6.05,54.45,True,254.1
2024-06-17,18,LOSTPI_LOSTPGT1,202.5,0.0,True,5670.0
2024-06-17,18,LOSTPI_LOSTPGT2,202.5,0.0,True,5670.0
2024-06-17,18,LOSTPI_LOSTPST1,204.0,0.0,True,5712.0
2024-06-17,18,NEDIN_NEDIN_G1,0.0,0.0,False,0.0
2024-06-17,18,NEDIN_NEDIN_G2,0.0,0.0,False,0.0
2024-06-17,18,NEDIN_NEDIN_G3,0.0,0.0,False,0.0
2024-06-17,18,MDANP_CT1,0.0,0.0,False,0.0
2024-06-17,18,MDANP_CT2,0.0,0.0,False,0.0
2024-06-17,18,MDANP_CT3,0.0,0.0,False,0.0
2024-06-17,18,MDANP_CT4,0.0,0.0,False,0.0
2024-06-17,18,MDANP_CT5,0.0,0.0,False,0.0
2024-06-17,18,MDANP_CT6,0.0,0.0,False,0.0
2024-06-17,18,MGSES_CT1,0.0,0.0,False,0.0
2024-06-17,18,MGSES_CT2,0.0,0.0,False,0.0
2024-06-17,18,MGSES_CT3,0.0,0.0,False,0.0
2024-06-17,18,MGSES_CT4,0.0,0.0,False,0.0
2024-06-17,18,MGSES_CT5,0.0,0.0,False,0.0
2024-06-17,18,MGSES_CT6,0.0,0.0,False,0.0
2024-06-17,18,MCSES_UNIT6,122.0,0.0,True,4270.0
2024-06-17,18,MCSES_UNIT7,118.0,0.0,True,4130.0
2024-06-17,18,MCSES_UNIT8,568.0,0.0,True,19880.0
2024-06-17,18,NUECES_B_NUECESG8,0.0,0.0,False,0.0
2024-06-17,18,NUECES_B_NUECESG9,0.0,0.0,False,0.0
2024-06-17,18,NUECES_B_NUECESG7,0.0,0.0,False,0.0
2024-06-17,18,CALAVERS_OWS1,445.0,0.0,True,15575.0
2024-06-17,18,CALAVERS_OWS2,435.0,0.0,True,15225.0
2024-06-17,18,OECCS_CT11,0.0,0.0,False,0.0
2024-06-17,18,OECCS_CT12,0.0,0.0,False,0.0
2024-06-17,18,OECCS_CT21,0.0,0.0,False,0.0
2024-06-17,18,OECCS_CT22,0.0,0.0,False,0.0
2024-06-17,18,OECCS_UNIT1,0.0,0.0,False,0.0
2024-06-17,18,OECCS_UNIT2,0.0,0.0,False,0.0
2024-06-17,18,VICTPRT2_UNIT1,0.0,0.0,False,0.0
2024-06-17,18,VICTPRT2_UNIT2,0.0,0.0,False,0.0
2024-06-17,18,PANDA_S_SHER1CT1,193.09245399890887,38.907546001091134,True,5406.5887
2024-06-17,18,PANDA_S_SHER1CT2,232.0,0.0,True,6496.0
2024-06-17,18,PANDA_S_SHER1ST1,353.1,0.0,True,9886.8
2024-06-17,18,PANDA_T1_TMPL1CT1,232.0,0.0,True,6496.0
2024-06-17,18,PANDA_T1_TMPL1CT2,232.0,0.0,True,6496.0
2024-06-17,18,PANDA_T1_TMPL1ST1,353.0999999999999,1.1368683772161603e-13,True,9886.8
2024-06-17,18,PANDA_T2_TMPL2CT1,232.0,0.0,True,6496.0
2024-06-17,18,PANDA_T2_TMPL2CT2,232.0,0.0,True,6496.0
2024-06-17,18,PANDA_T2_TMPL2ST1,353.1,0.0,True,9886.8
2024-06-17,18,TNSKA_GT1,0.0,0.0,False,0.0
2024-06-17,18,TNSKA_GT2,0.0,0.0,False,0.0
2024-06-17,18,TNSKA_STG,0.0,0.0,False,0.0
2024-06-17,18,PSG_PSG_GT2,207.0383466610045,8.061653338995484,True,5797.0737
2024-06-17,18,PSG_PSG_GT3,215.1,0.0,True,6022.8
2024-06-17,18,PSG_PSG_ST2,195.5,0.0,True,5474.0
2024-06-17,18,PEARSAL2_AGR_A,0.0,0.0,False,0.0
2024-06-17,18,PEARSAL2_AGR_B,0.0,0.0,False,0.0
2024-06-17,18,PEARSAL2_AGR_C,0.0,0.0,False,0.0
2024-06-17,18,PEARSAL2_AGR_D,0.0,0.0,False,0.0
2024-06-17,18,PB2SES_CT1,0.0,0.0,False,0.0
2024-06-17,18,PB2SES_CT2,0.0,0.0,False,0.0
2024-06-17,18,PB2SES_CT3,0.0,0.0,False,0.0
2024-06-17,18,PB2SES_CT4,0.0,0.0,False,0.0
2024-06-17,18,PB2SES_CT5,0.0,0.0,False,0.0
2024-06-17,18,PRO_UNIT1,60.5,0.0,True,2541.0
2024-06-17,18,PRO_UNIT2,60.5,0.0,True,2541.0
2024-06-17,18,PRO_UNIT3,6.05,54.45,True,254.1
2024-06-17,18,PRO_UNIT4,6.05,54.45,True,254.1
2024-06-17,18,PRO_UNIT5,60.5,0.0,True,2541.0
2024-06-17,18,PRO_UNIT6,60.5,0.0,True,2541.0
2024-06-17,18,PRO_UNIT7,60.5,0.0,True,2541.0
2024-06-17,18,PRO_UNIT8,6.05,54.45,True,254.1
2024-06-17,18,BAC_CTG1,65.0,0.0,True,2730.0
2024-06-17,18,BAC_CTG2,65.0,0.0,True,2730.0
2024-06-17,18,BAC_CTG3,65.0,0.0,True,2730.0
2024-06-17,18,BAC_CTG4,65.0,0.0,True,2730.0
2024-06-17,18,BAC_CTG5,65.0,0.0,True,2730.0
2024-06-17,18,BAC_CTG6,65.0,0.0,True,2730.0
2024-06-17,18,STEAM1A_STEAM_1,0.0,0.0,False,0.0
2024-06-17,18,STEAM_STEAM_2,0.0,0.0,False,0.0
2024-06-17,18,STEAM_STEAM_3,0.0,0.0,False,0.0
2024-06-17,18,QALSW_GT1,0.0,0.0,False,0.0
2024-06-17,18,QALSW_GT2,0.0,0.0,False,0.0
2024-06-17,18,QALSW_GT3,0.0,0.0,False,0.0
2024-06-17,18,QALSW_GT4,0.0,0.0,False,0.0
2024-06-17,18,QALSW_STG1,0.0,0.0,False,0.0
2024-06-17,18,QALSW_STG2,0.0,0.0,False,0.0
2024-06-17,18,MIL_MILLERG4,0.0,0.0,False,0.0
2024-06-17,18,MIL_MILLERG5,0.0,0.0,False,0.0
2024-06-17,18,MIL_MILLERG1,0.0,0.0,False,0.0
2024-06-17,18,MIL_MILLERG2,0.0,0.0,False,0.0
2024-06-17,18,MIL_MILLERG3,0.0,0.0,False,0.0
2024-06-17,18,OLINGR_OLING_4,0.0,0.0,False,0.0
2024-06-17,18,OLINGR_OLING_2,0.0,0.0,False,0.0
2024-06-17,18,OLINGR_OLING_3,0.0,0.0,False,0.0
2024-06-17,18,RAB_UNIT1,0.0,0.0,False,0.0
2024-06-17,18,RAB_UNIT2,0.0,0.0,False,0.0
2024-06-17,18,RAB_UNIT3,0.0,0.0,False,0.0
2024-06-17,18,RAB_UNIT4,0.0,0.0,False,0.0
2024-06-17,18,RAB_UNIT5,0.0,0.0,False,0.0
2024-06-17,18,RAB_UNIT6,0.0,0.0,False,0.0
2024-06-17,18,RAB_UNIT7,0.0,0.0,False,0.0
2024-06-17,18,RAB_UNIT8,0.0,0.0,False,0.0
2024-06-17,18,REDGATE_AGR_A,0.0,0.0,False,0.0
2024-06-17,18,REDGATE_AGR_B,0.0,0.0,False,0.0
2024-06-17,18,REDGATE_AGR_C,0.0,0.0,False,0.0
2024-06-17,18,REDGATE_AGR_D,0.0,0.0,False,0.0
2024-06-17,18,JAD_UNIT1,60.5,0.0,True,2541.0
2024-06-17,18,JAD_UNIT2,60.5,0.0,True,2541.0
2024-06-17,18,JAD_UNIT3,60.5,0.0,True,2541.0
2024-06-17,18,JAD_UNIT4,60.5,0.0,True,2541.0
2024-06-17,18,JAD_UNIT5,6.05,54.45,True,254.1
2024-06-17,18,JAD_UNIT6,6.05,54.45,True,254.1
2024-06-17,18,JAD_UNIT7,60.5,0.0,True,2541.0
2024-06-17,18,JAD_UNIT8,60.5,0.0,True,2541.0
2024-06-17,18,RIONOG_CT1,0.0,0.0,False,0.0
2024-06-17,18,RIONOG_CT2,0.0,0.0,False,0.0
2024-06-17,18,RIONOG_CT3,0.0,0.0,False,0.0
2024-06-17,18,RIONOG_ST1,0.0,0.0,False,0.0
2024-06-17,18,RAYBURN_RAYBURG7,18.15,42.35,True,508.2
2024-06-17,18,RAYBURN_RAYBURG8,18.15,42.35,True,508.2
2024-06-17,18,RAYBURN_RAYBURG9,60.5,0.0,True,1694.0
2024-06-17,18,RAYBURN_RAYBURG10,12.6,29.4,True,352.8
2024-06-17,18,SJS_SJS_G1,88.19999999999999,1.4210854715202004e-14,True,3704.4
2024-06-17,18,SJS_SJS_G2,88.19999999999999,1.4210854715202004e-14,True,3704.4
2024-06-17,18,SANDHSYD_SH1,60.5,0.0,True,2541.0
2024-06-17,18,SANDHSYD_SH2,60.5,0.0,True,2541.0
2024-06-17,18,SANDHSYD_SH3,60.5,0.0,True,2541.0
2024-06-17,18,SANDHSYD_SH4,60.5,0.0,True,2541.0
2024-06-17,18,SANDHSYD_SH_5A,198.90000000000003,-2.842170943040401e-14,True,5569.2
2024-06-17,18,SANDHSYD_SH6,60.5,0.0,True,2541.0
2024-06-17,18,SANDHSYD_SH7,60.5,0.0,True,2541.0
2024-06-17,18,SANDHSYD_SH_5C,191.0,0.0,True,5348.0
2024-06-17,18,SILASRAY_SILAS_10,0.0,0.0,False,0.0
2024-06-17,18,SILASRAY_SILAS_9,0.0,0.0,False,0.0
2024-06-17,18,SILASRAY_SILAS_6,0.0,0.0,False,0.0
2024-06-17,18,GIDEON_GIDEONG1,136.0,0.0,True,4760.0
2024-06-17,18,GIDEON_GIDEONG2,136.0,0.0,True,4760.0
2024-06-17,18,GIDEON_GIDEONG3,351.0,0.0,True,12285.0
2024-06-17,18,SKY1_SKY1A,0.0,0.0,False,0.0
2024-06-17,18,SKY1_SKY1B,0.0,0.0,False,0.0
2024-06-17,18,SPNCER_SPNCE_4,0.0,0.0,False,0.0
2024-06-17,18,SPNCER_SPNCE_5,0.0,0.0,False,0.0
2024-06-17,18,SCSES_UNIT1A,177.0,0.0,True,6195.0
2024-06-17,18,SCSES_UNIT2,502.0,0.0,True,17570.0
2024-06-17,18,THW_THWGT_1,16.3,0.0,True,684.6
2024-06-17,18,THW_THWGT31,51.3,0.0,True,1436.4
2024-06-17,18,THW_THWGT32,51.3,0.0,True,1436.4
2024-06-17,18,THW_THWGT33,51.3,0.0,True,1436.4
2024-06-17,18,THW_THWGT34,51.3,0.0,True,1436.4
2024-06-17,18,THW_THWGT41,51.3,0.0,True,1436.4
2024-06-17,18,THW_THWGT42,51.3,0.0,True,1436.4
2024-06-17,18,THW_THWGT43,62.0,0.0,True,1736.0
2024-06-17,18,THW_THWGT44,62.0,0.0,True,1736.0
2024-06-17,18,THW_THWGT51,85.0,0.0,True,3570.0
2024-06-17,18,THW_THWGT52,85.0,0.0,True,3570.0
2024-06-17,18,THW_THWGT53,85.0,0.0,True,3570.0
2024-06-17,18,THW_THWGT54,85.0,0.0,True,3570.0
2024-06-17,18,THW_THWGT55,85.0,0.0,True,3570.0
2024-06-17,18,THW_THWGT56,85.0,0.0,True,3570.0
2024-06-17,18,THW_THWST_3,113.1,0.0,True,3166.8
2024-06-17,18,THW_THWST_4,113.1,0.0,True,3166.8
2024-06-17,18,TXCTY_CTA,129.1,0.0,True,3614.8
2024-06-17,18,TXCTY_CTB,129.1,0.0,True,3614.8
2024-06-17,18,TXCTY_CTC,129.1,0.0,True,3614.8
2024-06-17,18,TXCTY_ST,143.7,0.0,True,4023.6
2024-06-17,18,TGS_GT01,0.0,0.0,False,0.0
2024-06-17,18,TIMPP_AGR1,37.7,0.0,True,1696.5
2024-06-17,18,TIMPP_AGR2,56.5,0.0,True,2542.5
2024-06-17,18,TIMPP_AGR3,37.7,0.0,True,1696.5
2024-06-17,18,TIMPP_AGR4,56.5,0.0,True,2542.5
2024-06-17,18,TRSES_UNIT6,239.0,0.0,True,8365.0
2024-06-17,18,TOPAZ_UNIT1,60.5,0.0,True,2541.0
2024-06-17,18,TOPAZ_UNIT2,60.5,0.0,True,2541.0
2024-06-17,18,TOPAZ_UNIT3,60.5,0.0,True,2541.0
2024-06-17,18,TOPAZ_UNIT4,60.5,0.0,True,2541.0
2024-06-17,18,TOPAZ_UNIT5,60.5,0.0,True,2541.0
2024-06-17,18,TOPAZ_UNIT6,60.5,0.0,True,2541.0
2024-06-17,18,TOPAZ_UNIT7,60.5,0.0,True,2541.0
2024-06-17,18,TOPAZ_UNIT8,60.5,0.0,True,2541.0
2024-06-17,18,TOPAZ_UNIT9,60.5,0.0,True,2541.0
2024-06-17,18,TOPAZ_UNIT10,60.5,0.0,True,2541.0
2024-06-17,18,BRAUNIG_VHB6CT5,64.5,0.0,True,2709.0
2024-06-17,18,BRAUNIG_VHB6CT6,64.5,0.0,True,2709.0
2024-06-17,18,BRAUNIG_VHB6CT7,64.5,0.0,True,2709.0
2024-06-17,18,BRAUNIG_VHB6CT8,64.5,0.0,True,2709.0
2024-06-17,18,CITYVICT_CTG01,0.0,0.0,False,0.0
2024-06-17,18,CITYVICT_CTG02,0.0,0.0,False,0.0
2024-06-17,18,VICTPORT_CTG01,0.0,0.0,False,0.0
2024-06-17,18,VICTPORT_CTG02,0.0,0.0,False,0.0
2024-06-17,18,VICTORIA_VICTORG6,0.0,0.0,False,0.0
2024-06-17,18,VICTORIA_VICTORG5,0.0,0.0,False,0.0
2024-06-17,18,WAP_WAPGT_1,0.0,0.0,False,0.0
2024-06-17,18,WAP_WAP_G1,0.0,0.0,False,0.0
2024-06-17,18,WAP_WAP_G2,0.0,0.0,False,0.0
2024-06-17,18,WAP_WAP_G3,0.0,0.0,False,0.0
2024-06-17,18,WAP_WAP_G4,0.0,0.0,False,0.0
2024-06-17,18,WFCOGEN_UNIT1,0.0,0.0,False,0.0
2024-06-17,18,WFCOGEN_UNIT2,0.0,0.0,False,0.0
2024-06-17,18,WFCOGEN_UNIT3,0.0,0.0,False,0.0
2024-06-17,18,WIPOPA_WPP_G1,6.05,54.45,True,254.1
2024-06-17,18,WIPOPA_WPP_G2,6.05,54.45,True,254.1
2024-06-17,18,WIPOPA_WPP_G3,6.05,54.45,True,254.1
2024-06-17,18,WIPOPA_WPP_G4,6.05,54.45,True,254.1
2024-06-17,18,WCPP_CT1,275.0,0.0,True,7700.0
2024-06-17,18,WCPP_CT2,275.0,0.0,True,7700.0
2024-06-17,18,WCPP_ST1,298.0,0.0,True,8344.0
2024-06-17,18,WHCCS_CT1,264.5,0.0,True,7406.0
2024-06-17,18,WHCCS_CT2,264.5,0.0,True,7406.0
2024-06-17,18,WHCCS_STG,300.0,0.0,True,8400.0
2024-06-17,18,WHCCS2_CT4,120.97980203649269,239.02019796350731,True,3387.4345
2024-06-17,18,WHCCS2_CT5,108.0,252.0,True,3024.0
2024-06-17,18,WHCCS2_STG6,153.36,357.84,True,4294.08
2024-06-17,18,NACPW_UNIT1,116.5,0.0,True,4660.0
2024-06-17,18,HBR_2UNITS,3.2,0.0,True,128.0
2024-06-17,18,TRIRA_1UNIT,4.0,0.0,True,160.0
2024-06-17,18,78252_4UNITS,4.2,0.0,True,168.0
2024-06-17,18,SPRIN_4UNITS,6.4,0.0,True,256.0
2024-06-17,18,FREIH_2UNITS,0.0,0.0,False,0.0
2024-06-17,18,WSTHL_3UNITS,4.8,0.0,True,192.0
2024-06-17,18,FEGC_CTG2,0.0,0.0,False,0.0
2024-06-17,18,FEGC_CTG3,0.0,0.0,False,0.0
2024-06-17,18,FEGC_CTG4,0.0,0.0,False,0.0
2024-06-17,18,OLNEYTN_AGR1,0.0,0.0,False,0.0
2024-06-17,18,AMISTAD_AMISTAG1,3.79,0.0,True,3.79
2024-06-17,18,AMISTAD_AMISTAG2,3.79,0.0,True,3.79
2024-06-17,18,AUSTPL_AUSTING1,9.0,0.0,True,9.0
2024-06-17,18,AUSTPL_AUSTING2,9.0,0.0,True,9.0
2024-06-17,18,BUCHAN_BUCHANG1,18.299999999999997,3.552713678800501e-15,True,18.3
2024-06-17,18,BUCHAN_BUCHANG2,18.299999999999997,3.552713678800501e-15,True,18.3
2024-06-17,18,BUCHAN_BUCHANG3,18.299999999999997,3.552713678800501e-15,True,18.3
2024-06-17,18,DNDAM_DENISOG1,50.8,0.0,True,50.8
2024-06-17,18,DNDAM_DENISOG2,50.8,0.0,True,50.8
2024-06-17,18,FALCON_FALCONG1,0.0,0.0,False,0.0
2024-06-17,18,FALCON_FALCONG2,0.0,0.0,False,0.0
2024-06-17,18,FALCON_FALCONG3,0.0,0.0,False,0.0
2024-06-17,18,WIRTZ_WIRTZ_G1,29.0,0.0,True,29.0
2024-06-17,18,WIRTZ_WIRTZ_G2,29.0,0.0,True,29.0
2024-06-17,18,CANYHY_CANYHYG1,0.0,0.0,False,0.0
2024-06-17,18,INKSDA_INKS_G1,13.060335409284933,1.9396645907150667,True,13.0603
2024-06-17,18,MARBFA_MARBFAG1,21.0,0.0,True,21.0
2024-06-17,18,MARBFA_MARBFAG2,20.0,0.0,True,20.0
2024-06-17,18,MARSFO_MARSFOG1,0.0,0.0,False,0.0
2024-06-17,18,MARSFO_MARSFOG2,0.0,0.0,False,0.0
2024-06-17,18,MARSFO_MARSFOG3,0.0,0.0,False,0.0
2024-06-17,18,WND_WHITNEY1,22.0,0.0,True,22.0
2024-06-17,18,WND_WHITNEY2,22.0,0.0,True,22.0
2024-06-17,18,AEEC_ANTLP_1,0.0,0.0,False,0.0
2024-06-17,18,AEEC_ANTLP_2,0.0,0.0,False,0.0
2024-06-17,18,AEEC_ANTLP_3,0.0,0.0,False,0.0
2024-06-17,18,AEEC_ELK_1,0.0,0.0,False,0.0
2024-06-17,18,AEEC_ELK_2,0.0,0.0,False,0.0
2024-06-17,18,AEEC_ELK_3,0.0,0.0,False,0.0
2024-06-17,18,FTR_FTR_G1,185.0,0.0,True,5180.0
2024-06-17,18,FTR_FTR_G2,185.0,0.0,True,5180.0
2024-06-17,18,FTR_FTR_G3,185.0,0.0,True,5180.0
2024-06-17,18,FTR_FTR_G4,400.0,0.0,True,11200.0
2024-06-17,18,TGCCS_CT1,179.0,0.0,True,5012.0
2024-06-17,18,TGCCS_CT2,179.0,0.0,True,5012.0
2024-06-17,18,TGCCS_CT3,179.0,0.0,True,5012.0
2024-06-17,18,TGCCS_UNIT4,320.7655381804263,79.23446181957371,True,8981.4351
2024-06-17,18,KMCHI_1CT101,55.5,129.5,True,1554.0
2024-06-17,18,KMCHI_1CT201,55.5,129.5,True,1554.0
2024-06-17,18,KMCHI_1ST,330.0,0.0,True,9240.0
2024-06-17,18,KMCHI_2CT101,55.5,129.5,True,1554.0
2024-06-17,18,KMCHI_2CT201,55.5,129.5,True,1554.0
2024-06-17,18,KMCHI_2ST,330.0,0.0,True,9240.0
2024-06-17,18,A4_DGR1,0.0,0.0,False,0.0
2024-06-17,18,A4_DGR2,0.0,0.0,False,0.0
2024-06-17,18,K2_DGR1,0.0,0.0,False,0.0
2024-06-17,18,K2_DGR2,0.0,0.0,False,0.0
2024-06-17,18,P2_DGR1,0.0,0.0,False,0.0
2024-06-17,18,P2_DGR2,0.0,0.0,False,0.0
2024-06-17,18,Q1_DGR1,0.0,0.0,False,0.0
2024-06-17,18,BRAUNIG_VHB3,420.0,0.0,True,14700.0
2024-06-17,18,V2_DGR1,0.0,0.0,False,0.0
2024-06-17,18,V2_DGR2,0.0,0.0,False,0.0
2024-06-17,18,V2_DGR3,0.0,0.0,False,0.0
2024-06-17,18,V4_DGR1,0.0,0.0,False,0.0
2024-06-17,18,X1_DGR1,0.0,0.0,False,0.0
2024-06-17,18,Z0_DGR1,0.0,0.0,False,0.0
2024-06-17,18,Z0_DGR2,0.0,0.0,False,0.0
2024-06-17,18,Z5_DGR1,0.0,0.0,False,0.0
2024-06-17,18,DC_E,600.0,0.0,True,21000.0
2024-06-17,18,DC_N,0.0,0.0,False,0.0
2024-06-17,18,DC_L,0.0,0.0,False,0.0
2024-06-17,18,DC_R,0.0,0.0,False,0.0
2024-06-17,18,CEDARVALE_GAS,0.0,0.0,False,0.0
2024-06-17,18,ENCHANTED_ROCK_NEWPP,30.0,0.0,True,1350.0
2024-06-17,19,CPSES_UNIT1,1269.0,0.0,True,10152.0
2024-06-17,19,CPSES_UNIT2,1269.0,0.0,True,10152.0
2024-06-17,19,STP_STP_G1,1228.5,136.5,True,9828.0
2024-06-17,19,STP_STP_G2,1228.5,136.5,True,9828.0
2024-06-17,19,COLETO_COLETOG1,0.0,0.0,False,0.0
2024-06-17,19,FPPYD1_FPP_G1,246.0,369.0,True,6150.0
2024-06-17,19,FPPYD1_FPP_G2,246.0,369.0,True,6150.0
2024-06-17,19,FPPYD2_FPP_G3,311.8651845990096,148.13481540099042,True,7796.6296
2024-06-17,19,CALAVERS_JKS1,560.0,0.0,True,14000.0
2024-06-17,19,CALAVERS_JKS2,922.0,0.0,True,23050.0
2024-06-17,19,LEG_LEG_G1,893.0,0.0,True,22325.0
2024-06-17,19,LEG_LEG_G2,956.8,0.0,True,23920.0
2024-06-17,19,MLSES_UNIT1,0.0,0.0,False,0.0
2024-06-17,19,MLSES_UNIT2,357.2,535.8,True,8930.0
2024-06-17,19,MLSES_UNIT3,357.2,535.8,True,8930.0
2024-06-17,19,OGSES_UNIT1A,916.8,0.0,True,22920.0
2024-06-17,19,OGSES_UNIT2,916.8,0.0,True,22920.0
2024-06-17,19,SANMIGL_G1,0.0,0.0,False,0.0
2024-06-17,19,SCES_UNIT1,1008.0,0.0,True,25200.0
2024-06-17,19,TNP_ONE_TNP_O_1,174.6,0.0,True,4365.0
2024-06-17,19,TNP_ONE_TNP_O_2,174.6,0.0,True,4365.0
2024-06-17,19,WAP_WAP_G5,0.0,0.0,False,0.0
2024-06-17,19,WAP_WAP_G6,0.0,0.0,False,0.0
2024-06-17,19,WAP_WAP_G7,0.0,0.0,False,0.0
2024-06-17,19,WAP_WAP_G8,0.0,0.0,False,0.0
2024-06-17,19,BRAUNIG_AVR1_CT1,189.0,0.0,True,5292.0
2024-06-17,19,BRAUNIG_AVR1_CT2,189.0,0.0,True,5292.0
2024-06-17,19,BRAUNIG_AVR1_ST,222.0,0.0,True,6216.0
2024-06-17,19,ATKINS_ATKINSG7,21.0,0.0,True,882.0
2024-06-17,19,B_DAVIS_B_DAVIG3,0.0,0.0,False,0.0
2024-06-17,19,B_DAVIS_B_DAVIG4,0.0,0.0,False,0.0
2024-06-17,19,B_DAVIS_B_DAVIG1,0.0,0.0,False,0.0
2024-06-17,19,B_DAVIS_B_DAVIG2,0.0,0.0,False,0.0
2024-06-17,19,BASTEN_GTG1100,188.0,0.0,True,5264.0
2024-06-17,19,BASTEN_GTG2100,188.0,0.0,True,5264.0
2024-06-17,19,BASTEN_ST0100,242.0,0.0,True,6776.0
2024-06-17,19,BCH_UNIT1,60.5,0.0,True,2541.0
2024-06-17,19,BCH_UNIT2,60.5,0.0,True,2541.0
2024-06-17,19,BCH_UNIT3,60.5,0.0,True,2541.0
2024-06-17,19,BCH_UNIT4,60.5,0.0,True,2541.0
2024-06-17,19,BCH_UNIT5,60.5,0.0,True,2541.0
2024-06-17,19,BCH_UNIT6,60.5,0.0,True,2541.0
2024-06-17,19,BCH_UNIT7,60.5,0.0,True,2541.0
2024-06-17,19,BCH_UNIT8,60.5,0.0,True,2541.0
2024-06-17,19,BOSQUESW_BSQSU_1,188.7,0.0,True,5283.6
2024-06-17,19,BOSQUESW_BSQSU_2,188.7,0.0,True,5283.6
2024-06-17,19,BOSQUESW_BSQSU_3,188.7,0.0,True,5283.6
2024-06-17,19,BOSQUESW_BSQSU_4,95.0,0.0,True,2660.0
2024-06-17,19,BOSQUESW_BSQSU_5,254.2,0.0,True,7117.6
2024-06-17,19,BVE_UNIT1,59.67,139.23,True,1670.76
2024-06-17,19,BVE_UNIT2,59.67,139.23,True,1670.76
2024-06-17,19,BVE_UNIT3,82.68,192.92000000000002,True,2315.04
2024-06-17,19,BTM_UNIT1,60.5,0.0,True,2541.0
2024-06-17,19,BTM_UNIT2,60.5,0.0,True,2541.0
2024-06-17,19,BTM_UNIT3,60.5,0.0,True,2541.0
2024-06-17,19,BTM_UNIT4,60.5,0.0,True,2541.0
2024-06-17,19,BTM_UNIT5,60.5,0.0,True,2541.0
2024-06-17,19,BTM_UNIT6,60.5,0.0,True,2541.0
2024-06-17,19,BTM_UNIT7,60.5,0.0,True,2541.0
2024-06-17,19,BTM_UNIT8,60.5,0.0,True,2541.0
2024-06-17,19,FLCNS_UNIT1,0.0,0.0,False,0.0
2024-06-17,19,FLCNS_UNIT2,0.0,0.0,False,0.0
2024-06-17,19,CALHOUN_UNIT1,0.0,0.0,False,0.0
2024-06-17,19,CALHOUN_UNIT2,0.0,0.0,False,0.0
2024-06-17,19,CHAMON_CTG_0101,60.5,0.0,True,2541.0
2024-06-17,19,CHAMON_CTG_0301,60.5,0.0,True,2541.0
2024-06-17,19,CBY4_CT41,205.0,0.0,True,5740.0
2024-06-17,19,CBY4_CT42,205.0,0.0,True,5740.0
2024-06-17,19,CBY4_ST04,205.0,0.0,True,5740.0
2024-06-17,19,CBY_CBY_G1,765.0,0.0,True,26775.0
2024-06-17,19,CBY_CBY_G2,765.0,0.0,True,26775.0
2024-06-17,19,CBEC_GT1,0.0,0.0,False,0.0
2024-06-17,19,CBEC_GT2,0.0,0.0,False,0.0
2024-06-17,19,CBEC_GT3,0.0,0.0,False,0.0
2024-06-17,19,CBEC_GT4,0.0,0.0,False,0.0
2024-06-17,19,CBEC_STG1,0.0,0.0,False,0.0
2024-06-17,19,CBEC_STG2,0.0,0.0,False,0.0
2024-06-17,19,CBECII_CT7,0.0,0.0,False,0.0
2024-06-17,19,CBECII_CT8,0.0,0.0,False,0.0
2024-06-17,19,CBECII_STG9,0.0,0.0,False,0.0
2024-06-17,19,CBEC_GT11,0.0,0.0,False,0.0
2024-06-17,19,CBEC_GT12,0.0,0.0,False,0.0
2024-06-17,19,CVC_CVC_G1,192.1,0.0,True,5378.8
2024-06-17,19,CVC_CVC_G2,192.1,0.0,True,5378.8
2024-06-17,19,CVC_CVC_G3,192.1,0.0,True,5378.8
2024-06-17,19,CVC_CVC_G5,150.0,0.0,True,4200.0
2024-06-17,19,DANSBY_DANSBYG2,48.0,0.0,True,2016.0
2024-06-17,19,DANSBY_DANSBYG3,50.0,0.0,True,2100.0
2024-06-17,19,DANSBY_DANSBYG1,120.0,0.0,True,4200.0
2024-06-17,19,DECKER_DPGT_1,56.7,0.0,True,2381.4
2024-06-17,19,DECKER_DPGT_2,56.7,0.0,True,2381.4
2024-06-17,19,DECKER_DPGT_3,56.7,0.0,True,2381.4
2024-06-17,19,DECKER_DPGT_4,56.7,0.0,True,2381.4
2024-06-17,19,DCSES_CT10,0.0,0.0,False,0.0
2024-06-17,19,DCSES_CT20,0.0,0.0,False,0.0
2024-06-17,19,DCSES_CT30,0.0,0.0,False,0.0
2024-06-17,19,DCSES_CT40,0.0,0.0,False,0.0
2024-06-17,19,DDPEC_GT1,60.9,142.1,True,1705.2
2024-06-17,19,DDPEC_GT2,98.5807212679585,116.4192787320415,True,2760.2602
2024-06-17,19,DDPEC_GT3,60.9,142.1,True,1705.2
2024-06-17,19,DDPEC_GT4,215.0,0.0,True,6020.0
2024-06-17,19,DDPEC_GT6,199.0,0.0,True,5572.0
2024-06-17,19,DDPEC_ST1,87.0,203.0,True,2436.0
2024-06-17,19,DEC_AGR_A,0.0,0.0,False,0.0
2024-06-17,19,DEC_AGR_B,0.0,0.0,False,0.0
2024-06-17,19,DEC_AGR_C,0.0,0.0,False,0.0
2024-06-17,19,DEC_AGR_D,0.0,0.0,False,0.0
2024-06-17,19,ECEC_G1,0.0,0.0,False,0.0
2024-06-17,19,ECEC_G2,0.0,0.0,False,0.0
2024-06-17,19,ETCCS_CT1,260.0,0.0,True,7280.0
2024-06-17,19,ETCCS_UNIT1,140.0,0.0,True,3920.0
2024-06-17,19,AZ_AZ_G1,40.0,0.0,True,1680.0
2024-06-17,19,AZ_AZ_G2,40.0,0.0,True,1680.0
2024-06-17,19,AZ_AZ_G3,40.0,0.0,True,1680.0
2024-06-17,19,AZ_AZ_G4,40.0,0.0,True,1680.0
2024-06-17,19,FERGCC_FERGGT1,0.0,0.0,False,0.0
2024-06-17,19,FERGCC_FERGGT2,0.0,0.0,False,0.0
2024-06-17,19,FERGCC_FERGST1,0.0,0.0,False,0.0
2024-06-17,19,FRNYPP_GT11,0.0,0.0,False,0.0
2024-06-17,19,FRNYPP_GT12,0.0,0.0,False,0.0
2024-06-17,19,FRNYPP_GT13,0.0,0.0,False,0.0
2024-06-17,19,FRNYPP_GT21,0.0,0.0,False,0.0
2024-06-17,19,FRNYPP_GT22,0.0,0.0,False,0.0
2024-06-17,19,FRNYPP_GT23,0.0,0.0,False,0.0
2024-06-17,19,FRNYPP_ST10,0.0,0.0,False,0.0
2024-06-17,19,FRNYPP_ST20,0.0,0.0,False,0.0
2024-06-17,19,FREC_GT1,179.4,0.0,True,5023.2
2024-06-17,19,FREC_GT2,179.4,0.0,True,5023.2
2024-06-17,19,FREC_GT4,179.4,0.0,True,5023.2
2024-06-17,19,FREC_GT5,179.39999999999998,2.842170943040401e-14,True,5023.2
2024-06-17,19,FREC_ST3,190.7,0.0,True,5339.6
2024-06-17,19,FREC_ST6,190.7,0.0,True,5339.6
2024-06-17,19,FEGC_UNIT1,0.0,0.0,False,0.0
2024-06-17,19,FRONT_EC_CT1,0.0,0.0,False,0.0
2024-06-17,19,FRONT_EC_CT2,0.0,0.0,False,0.0
2024-06-17,19,FRONT_EC_ST,0.0,0.0,False,0.0
2024-06-17,19,GRSES_UNIT1,0.0,0.0,False,0.0
2024-06-17,19,GRSES_UNIT2,0.0,0.0,False,0.0
2024-06-17,19,GBY_GBYGT73,72.0,0.0,True,3024.0
2024-06-17,19,GBY_GBYGT74,72.0,0.0,True,3024.0
2024-06-17,19,GBY_GBYGT81,72.0,0.0,True,3024.0
2024-06-17,19,GBY_GBYGT82,72.0,0.0,True,3024.0
2024-06-17,19,GBY_GBYGT83,72.0,0.0,True,3024.0
2024-06-17,19,GBY_GBYGT84,72.0,0.0,True,3024.0
2024-06-17,19,STEAM_ENGINE_1,0.0,0.0,False,0.0
2024-06-17,19,STEAM_ENGINE_2,0.0,0.0,False,0.0
2024-06-17,19,STEAM_ENGINE_3,0.0,0.0,False,0.0
2024-06-17,19,LGE_LGE_GT1,0.0,0.0,False,0.0
2024-06-17,19,LGE_LGE_GT2,0.0,0.0,False,0.0
2024-06-17,19,LGE_LGE_STG,0.0,0.0,False,0.0
2024-06-17,19,GUADG_GAS1,0.0,0.0,False,0.0
2024-06-17,19,GUADG_GAS2,0.0,0.0,False,0.0
2024-06-17,19,GUADG_GAS3,0.0,0.0,False,0.0
2024-06-17,19,GUADG_GAS4,0.0,0.0,False,0.0
2024-06-17,19,GUADG_STM5,0.0,0.0,False,0.0
2024-06-17,19,GUADG_STM6,0.0,0.0,False,0.0
2024-06-17,19,HLSES_UNIT3,395.0,0.0,True,13825.0
2024-06-17,19,HLSES_UNIT4,435.0,0.0,True,15225.0
2024-06-17,19,HLSES_UNIT5,435.0,0.0,True,15225.0
2024-06-17,19,HAYSEN_HAYSENG1,0.0,0.0,False,0.0
2024-06-17,19,HAYSEN_HAYSENG2,0.0,0.0,False,0.0
2024-06-17,19,HAYSEN_HAYSENG3,0.0,0.0,False,0.0
2024-06-17,19,HAYSEN_HAYSENG4,0.0,0.0,False,0.0
2024-06-17,19,DUKE_DUKE_GT1,0.0,0.0,False,0.0
2024-06-17,19,DUKE_DUKE_GT2,0.0,0.0,False,0.0
2024-06-17,19,DUKE_DUKE_ST1,0.0,0.0,False,0.0
2024-06-17,19,JACKCNTY_CT1,198.90000000000003,-2.842170943040401e-14,True,5569.2
2024-06-17,19,JACKCNTY_CT2,0.0,0.0,False,0.0
2024-06-17,19,JCKCNTY2_CT3,0.0,0.0,False,0.0
2024-06-17,19,JCKCNTY2_CT4,198.90000000000003,-2.842170943040401e-14,True,5569.2
2024-06-17,19,JACKCNTY_STG,0.0,0.0,False,0.0
2024-06-17,19,JCKCNTY2_ST2,0.0,0.0,False,0.0
2024-06-17,19,TEN_CT1,0.0,0.0,False,0.0
2024-06-17,19,TEN_STG,0.0,0.0,False,0.0
2024-06-17,19,LHSES_UNIT1,0.0,0.0,False,0.0
2024-06-17,19,LHSES_UNIT2A,0.0,0.0,False,0.0
2024-06-17,19,LPCCS_CT11,0.0,0.0,False,0.0
2024-06-17,19,LPCCS_CT12,0.0,0.0,False,0.0
2024-06-17,19,LPCCS_CT21,0.0,0.0,False,0.0
2024-06-17,19,LPCCS_CT22,0.0,0.0,False,0.0
2024-06-17,19,LPCCS_UNIT1,0.0,0.0,False,0.0
2024-06-17,19,LPCCS_UNIT2,0.0,0.0,False,0.0
2024-06-17,19,LARDVFTN_G4,0.0,0.0,False,0.0
2024-06-17,19,LARDVFTN_G5,0.0,0.0,False,0.0
2024-06-17,19,LEON_CRK_LCPCT1,48.0,0.0,True,2016.0
2024-06-17,19,LEON_CRK_LCPCT2,48.0,0.0,True,2016.0
2024-06-17,19,LEON_CRK_LCPCT3,48.0,0.0,True,2016.0
2024-06-17,19,LEON_CRK_LCPCT4,48.0,0.0,True,2016.0
2024-06-17,19,LIG_UNIT1,60.5,0.0,True,2541.0
2024-06-17,19,LIG_UNIT2,6.05,54.45,True,254.1
2024-06-17,19,LOSTPI_LOSTPGT1,202.5,0.0,True,5670.0
2024-06-17,19,LOSTPI_LOSTPGT2,202.5,0.0,True,5670.0
2024-06-17,19,LOSTPI_LOSTPST1,204.0,0.0,True,5712.0
2024-06-17,19,NEDIN_NEDIN_G1,0.0,0.0,False,0.0
2024-06-17,19,NEDIN_NEDIN_G2,0.0,0.0,False,0.0
2024-06-17,19,NEDIN_NEDIN_G3,0.0,0.0,False,0.0
2024-06-17,19,MDANP_CT1,0.0,0.0,False,0.0
2024-06-17,19,MDANP_CT2,0.0,0.0,False,0.0
2024-06-17,19,MDANP_CT3,0.0,0.0,False,0.0
2024-06-17,19,MDANP_CT4,0.0,0.0,False,0.0
2024-06-17,19,MDANP_CT5,0.0,0.0,False,0.0
2024-06-17,19,MDANP_CT6,0.0,0.0,False,0.0
2024-06-17,19,MGSES_CT1,0.0,0.0,False,0.0
2024-06-17,19,MGSES_CT2,0.0,0.0,False,0.0
2024-06-17,19,MGSES_CT3,0.0,0.0,False,0.0
2024-06-17,19,MGSES_CT4,0.0,0.0,False,0.0
2024-06-17,19,MGSES_CT5,0.0,0.0,False,0.0
2024-06-17,19,MGSES_CT6,0.0,0.0,False,0.0
2024-06-17,19,MCSES_UNIT6,122.0,0.0,True,4270.0
2024-06-17,19,MCSES_UNIT7,118.0,0.0,True,4130.0
2024-06-17,19,MCSES_UNIT8,568.0,0.0,True,19880.0
2024-06-17,19,NUECES_B_NUECESG8,0.0,0.0,False,0.0
2024-06-17,19,NUECES_B_NUECESG9,0.0,0.0,False,0.0
2024-06-17,19,NUECES_B_NUECESG7,0.0,0.0,False,0.0
2024-06-17,19,CALAVERS_OWS1,445.0,0.0,True,15575.0
2024-06-17,19,CALAVERS_OWS2,435.0,0.0,True,15225.0
2024-06-17,19,OECCS_CT11,0.0,0.0,False,0.0
2024-06-17,19,OECCS_CT12,0.0,0.0,False,0.0
2024-06-17,19,OECCS_CT21,0.0,0.0,False,0.0
2024-06-17,19,OECCS_CT22,0.0,0.0,False,0.0
2024-06-17,19,OECCS_UNIT1,0.0,0.0,False,0.0
2024-06-17,19,OECCS_UNIT2,0.0,0.0,False,0.0
2024-06-17,19,VICTPRT2_UNIT1,0.0,0.0,False,0.0
2024-06-17,19,VICTPRT2_UNIT2,0.0,0.0,False,0.0
2024-06-17,19,PANDA_S_SHER1CT1,232.0,0.0,True,6496.0
2024-06-17,19,PANDA_S_SHER1CT2,232.0,0.0,True,6496.0
2024-06-17,19,PANDA_S_SHER1ST1,353.1,0.0,True,9886.8
2024-06-17,19,PANDA_T1_TMPL1CT1,232.0,0.0,True,6496.0
2024-06-17,19,PANDA_T1_TMPL1CT2,232.0,0.0,True,6496.0
2024-06-17,19,PANDA_T1_TMPL1ST1,353.1,0.0,True,9886.8
2024-06-17,19,PANDA_T2_TMPL2CT1,232.0,0.0,True,6496.0
2024-06-17,19,PANDA_T2_TMPL2CT2,232.0,0.0,True,6496.0
2024-06-17,19,PANDA_T2_TMPL2ST1,353.1,0.0,True,9886.8
2024-06-17,19,TNSKA_GT1,0.0,0.0,False,0.0
2024-06-17,19,TNSKA_GT2,0.0,0.0,False,0.0
2024-06-17,19,TNSKA_STG,0.0,0.0,False,0.0
2024-06-17,19,PSG_PSG_GT2,215.1,0.0,True,6022.8
2024-06-17,19,PSG_PSG_GT3,215.1,0.0,True,6022.8
2024-06-17,19,PSG_PSG_ST2,195.5,0.0,True,5474.0
2024-06-17,19,PEARSAL2_AGR_A,0.0,0.0,False,0.0
2024-06-17,19,PEARSAL2_AGR_B,0.0,0.0,False,0.0
2024-06-17,19,PEARSAL2_AGR_C,0.0,0.0,False,0.0
2024-06-17,19,PEARSAL2_AGR_D,0.0,0.0,False,0.0
2024-06-17,19,PB2SES_CT1,0.0,0.0,False,0.0
2024-06-17,19,PB2SES_CT2,0.0,0.0,False,0.0
2024-06-17,19,PB2SES_CT3,0.0,0.0,False,0.0
2024-06-17,19,PB2SES_CT4,0.0,0.0,False,0.0
2024-06-17,19,PB2SES_CT5,0.0,0.0,False,0.0
2024-06-17,19,PRO_UNIT1,6.05,54.45,True,254.1
2024-06-17,19,PRO_UNIT2,6.05,54.45,True,254.1
2024-06-17,19,PRO_UNIT3,6.05,54.45,True,254.1
2024-06-17,19,PRO_UNIT4,6.05,54.45,True,254.1
2024-06-17,19,PRO_UNIT5,6.05,54.45,True,254.1
2024-06-17,19,PRO_UNIT6,6.05,54.45,True,254.1
2024-06-17,19,PRO_UNIT7,6.05,54.45,True,254.1
2024-06-17,19,PRO_UNIT8,60.5,0.0,True,2541.0
2024-06-17,19,BAC_CTG1,65.0,0.0,True,2730.0
2024-06-17,19,BAC_CTG2,65.0,0.0,True,2730.0
2024-06-17,19,BAC_CTG3,65.0,0.0,True,2730.0
2024-06-17,19,BAC_CTG4,65.0,0.0,True,2730.0
2024-06-17,19,BAC_CTG5,65.0,0.0,True,2730.0
2024-06-17,19,BAC_CTG6,65.0,0.0,True,2730.0
2024-06-17,19,STEAM1A_STEAM_1,0.0,0.0,False,0.0
2024-06-17,19,STEAM_STEAM_2,0.0,0.0,False,0.0
2024-06-17,19,STEAM_STEAM_3,0.0,0.0,False,0.0
2024-06-17,19,QALSW_GT1,0.0,0.0,False,0.0
2024-06-17,19,QALSW_GT2,0.0,0.0,False,0.0
2024-06-17,19,QALSW_GT3,0.0,0.0,False,0.0
2024-06-17,19,QALSW_GT4,0.0,0.0,False,0.0
2024-06-17,19,QALSW_STG1,0.0,0.0,False,0.0
2024-06-17,19,QALSW_STG2,0.0,0.0,False,0.0
2024-06-17,19,MIL_MILLERG4,0.0,0.0,False,0.0
2024-06-17,19,MIL_MILLERG5,0.0,0.0,False,0.0
2024-06-17,19,MIL_MILLERG1,0.0,0.0,False,0.0
2024-06-17,19,MIL_MILLERG2,0.0,0.0,False,0.0
2024-06-17,19,MIL_MILLERG3,0.0,0.0,False,0.0
2024-06-17,19,OLINGR_OLING_4,0.0,0.0,False,0.0
2024-06-17,19,OLINGR_OLING_2,0.0,0.0,False,0.0
2024-06-17,19,OLINGR_OLING_3,0.0,0.0,False,0.0
2024-06-17,19,RAB_UNIT1,0.0,0.0,False,0.0
2024-06-17,19,RAB_UNIT2,0.0,0.0,False,0.0
2024-06-17,19,RAB_UNIT3,0.0,0.0,False,0.0
2024-06-17,19,RAB_UNIT4,0.0,0.0,False,0.0
2024-06-17,19,RAB_UNIT5,0.0,0.0,False,0.0
2024-06-17,19,RAB_UNIT6,0.0,0.0,False,0.0
2024-06-17,19,RAB_UNIT7,0.0,0.0,False,0.0
2024-06-17,19,RAB_UNIT8,0.0,0.0,False,0.0
2024-06-17,19,REDGATE_AGR_A,0.0,0.0,False,0.0
2024-06-17,19,REDGATE_AGR_B,0.0,0.0,False,0.0
2024-06-17,19,REDGATE_AGR_C,0.0,0.0,False,0.0
2024-06-17,19,REDGATE_AGR_D,0.0,0.0,False,0.0
2024-06-17,19,JAD_UNIT1,6.05,54.45,True,254.1
2024-06-17,19,JAD_UNIT2,6.05,54.45,True,254.1
2024-06-17,19,JAD_UNIT3,21.615565221100017,38.88443477889999,True,907.8537
2024-06-17,19,JAD_UNIT4,60.5,0.0,True,2541.0
2024-06-17,19,JAD_UNIT5,60.5,0.0,True,2541.0
2024-06-17,19,JAD_UNIT6,6.05,54.45,True,254.1
2024-06-17,19,JAD_UNIT7,60.5,0.0,True,2541.0
2024-06-17,19,JAD_UNIT8,60.5,0.0,True,2541.0
2024-06-17,19,RIONOG_CT1,0.0,0.0,False,0.0
2024-06-17,19,RIONOG_CT2,0.0,0.0,False,0.0
2024-06-17,19,RIONOG_CT3,0.0,0.0,False,0.0
2024-06-17,19,RIONOG_ST1,0.0,0.0,False,0.0
2024-06-17,19,RAYBURN_RAYBURG7,18.15,42.35,True,508.2
2024-06-17,19,RAYBURN_RAYBURG8,18.15,42.35,True,508.2
2024-06-17,19,RAYBURN_RAYBURG9,24.283883067890336,36.216116932109664,True,679.9487
2024-06-17,19,RAYBURN_RAYBURG10,12.6,29.4,True,352.8
2024-06-17,19,SJS_SJS_G1,88.19999999999999,1.4210854715202004e-14,True,3704.4
2024-06-17,19,SJS_SJS_G2,88.19999999999999,1.4210854715202004e-14,True,3704.4
2024-06-17,19,SANDHSYD_SH1,60.5,0.0,True,2541.0
2024-06-17,19,SANDHSYD_SH2,60.5,0.0,True,2541.0
2024-06-17,19,SANDHSYD_SH3,60.5,0.0,True,2541.0
2024-06-17,19,SANDHSYD_SH4,60.5,0.0,True,2541.0
2024-06-17,19,SANDHSYD_SH_5A,198.90000000000003,-2.842170943040401e-14,True,5569.2
2024-06-17,19,SANDHSYD_SH6,60.5,0.0,True,2541.0
2024-06-17,19,SANDHSYD_SH7,60.5,0.0,True,2541.0
2024-06-17,19,SANDHSYD_SH_5C,191.0,0.0,True,5348.0
2024-06-17,19,SILASRAY_SILAS_10,0.0,0.0,False,0.0
2024-06-17,19,SILASRAY_SILAS_9,0.0,0.0,False,0.0
2024-06-17,19,SILASRAY_SILAS_6,0.0,0.0,False,0.0
2024-06-17,19,GIDEON_GIDEONG1,136.0,0.0,True,4760.0
2024-06-17,19,GIDEON_GIDEONG2,136.0,0.0,True,4760.0
2024-06-17,19,GIDEON_GIDEONG3,351.0,0.0,True,12285.0
2024-06-17,19,SKY1_SKY1A,0.0,0.0,False,0.0
2024-06-17,19,SKY1_SKY1B,0.0,0.0,False,0.0
2024-06-17,19,SPNCER_SPNCE_4,0.0,0.0,False,0.0
2024-06-17,19,SPNCER_SPNCE_5,0.0,0.0,False,0.0
2024-06-17,19,SCSES_UNIT1A,177.0,0.0,True,6195.0
2024-06-17,19,SCSES_UNIT2,502.0,0.0,True,17570.0
2024-06-17,19,THW_THWGT_1,16.3,0.0,True,684.6
2024-06-17,19,THW_THWGT31,51.3,0.0,True,1436.4
2024-06-17,19,THW_THWGT32,51.3,0.0,True,1436.4
2024-06-17,19,THW_THWGT33,51.3,0.0,True,1436.4
2024-06-17,19,THW_THWGT34,51.3,0.0,True,1436.4
2024-06-17,19,THW_THWGT41,51.3,0.0,True,1436.4
2024-06-17,19,THW_THWGT42,51.3,0.0,True,1436.4
2024-06-17,19,THW_THWGT43,62.0,0.0,True,1736.0
2024-06-17,19,THW_THWGT44,62.0,0.0,True,1736.0
2024-06-17,19,THW_THWGT51,85.0,0.0,True,3570.0
2024-06-17,19,THW_THWGT52,85.0,0.0,True,3570.0
2024-06-17,19,THW_THWGT53,85.0,0.0,True,3570.0
2024-06-17,19,THW_THWGT54,85.0,0.0,True,3570.0
2024-06-17,19,THW_THWGT55,85.0,0.0,True,3570.0
2024-06-17,19,THW_THWGT56,85.0,0.0,True,3570.0
2024-06-17,19,THW_THWST_3,113.1,0.0,True,3166.8
2024-06-17,19,THW_THWST_4,113.1,0.0,True,3166.8
2024-06-17,19,TXCTY_CTA,129.1,0.0,True,3614.8
2024-06-17,19,TXCTY_CTB,129.1,0.0,True,3614.8
2024-06-17,19,TXCTY_CTC,129.1,0.0,True,3614.8
2024-06-17,19,TXCTY_ST,143.7,0.0,True,4023.6
2024-06-17,19,TGS_GT01,0.0,0.0,False,0.0
2024-06-17,19,TIMPP_AGR1,37.7,0.0,True,1696.5
2024-06-17,19,TIMPP_AGR2,56.5,0.0,True,2542.5
2024-06-17,19,TIMPP_AGR3,37.7,0.0,True,1696.5
2024-06-17,19,TIMPP_AGR4,56.5,0.0,True,2542.5
2024-06-17,19,TRSES_UNIT6,239.0,0.0,True,8365.0
2024-06-17,19,TOPAZ_UNIT1,60.5,0.0,True,2541.0
2024-06-17,19,TOPAZ_UNIT2,60.5,0.0,True,2541.0
2024-06-17,19,TOPAZ_UNIT3,60.5,0.0,True,2541.0
2024-06-17,19,TOPAZ_UNIT4,60.5,0.0,True,2541.0
2024-06-17,19,TOPAZ_UNIT5,60.5,0.0,True,2541.0
2024-06-17,19,TOPAZ_UNIT6,60.5,0.0,True,2541.0
2024-06-17,19,TOPAZ_UNIT7,60.5,0.0,True,2541.0
2024-06-17,19,TOPAZ_UNIT8,60.5,0.0,True,2541.0
2024-06-17,19,TOPAZ_UNIT9,60.5,0.0,True,2541.0
2024-06-17,19,TOPAZ_UNIT10,60.5,0.0,True,2541.0
2024-06-17,19,BRAUNIG_VHB6CT5,64.5,0.0,True,2709.0
2024-06-17,19,BRAUNIG_VHB6CT6,64.5,0.0,True,2709.0
2024-06-17,19,BRAUNIG_VHB6CT7,64.5,0.0,True,2709.0
2024-06-17,19,BRAUNIG_VHB6CT8,64.5,0.0,True,2709.0
2024-06-17,19,CITYVICT_CTG01,0.0,0.0,False,0.0
2024-06-17,19,CITYVICT_CTG02,0.0,0.0,False,0.0
2024-06-17,19,VICTPORT_CTG01,0.0,0.0,False,0.0
2024-06-17,19,VICTPORT_CTG02,0.0,0.0,False,0.0
2024-06-17,19,VICTORIA_VICTORG6,0.0,0.0,False,0.0
2024-06-17,19,VICTORIA_VICTORG5,0.0,0.0,False,0.0
2024-06-17,19,WAP_WAPGT_1,0.0,0.0,False,0.0
2024-06-17,19,WAP_WAP_G1,0.0,0.0,False,0.0
2024-06-17,19,WAP_WAP_G2,0.0,0.0,False,0.0
2024-06-17,19,WAP_WAP_G3,0.0,0.0,False,0.0
2024-06-17,19,WAP_WAP_G4,0.0,0.0,False,0.0
2024-06-17,19,WFCOGEN_UNIT1,0.0,0.0,False,0.0
2024-06-17,19,WFCOGEN_UNIT2,0.0,0.0,False,0.0
2024-06-17,19,WFCOGEN_UNIT3,0.0,0.0,False,0.0
2024-06-17,19,WIPOPA_WPP_G1,6.05,54.45,True,254.1
2024-06-17,19,WIPOPA_WPP_G2,6.05,54.45,True,254.1
2024-06-17,19,WIPOPA_WPP_G3,6.05,54.45,True,254.1
2024-06-17,19,WIPOPA_WPP_G4,6.05,54.45,True,254.1
2024-06-17,19,WCPP_CT1,88.66124351382751,186.33875648617249,True,2482.5148
2024-06-17,19,WCPP_CT2,82.5,192.5,True,2310.0
2024-06-17,19,WCPP_ST1,298.0,0.0,True,8344.0
2024-06-17,19,WHCCS_CT1,264.5,0.0,True,7406.0
2024-06-17,19,WHCCS_CT2,264.5,0.0,True,7406.0
2024-06-17,19,WHCCS_STG,300.0,0.0,True,8400.0
2024-06-17,19,WHCCS2_CT4,360.0,0.0,True,10080.0
2024-06-17,19,WHCCS2_CT5,301.1742348594649,58.82576514053511,True,8432.8786
2024-06-17,19,WHCCS2_STG6,511.2,0.0,True,14313.6
2024-06-17,19,NACPW_UNIT1,116.5,0.0,True,4660.0
2024-06-17,19,HBR_2UNITS,3.2,0.0,True,128.0
2024-06-17,19,TRIRA_1UNIT,4.0,0.0,True,160.0
2024-06-17,19,78252_4UNITS,4.2,0.0,True,168.0
2024-06-17,19,SPRIN_4UNITS,6.4,0.0,True,256.0
2024-06-17,19,FREIH_2UNITS,0.0,0.0,False,0.0
2024-06-17,19,WSTHL_3UNITS,4.8,0.0,True,192.0
2024-06-17,19,FEGC_CTG2,0.0,0.0,False,0.0
2024-06-17,19,FEGC_CTG3,0.0,0.0,False,0.0
2024-06-17,19,FEGC_CTG4,0.0,0.0,False,0.0
2024-06-17,19,OLNEYTN_AGR1,0.0,0.0,False,0.0
2024-06-17,19,AMISTAD_AMISTAG1,3.79,34.11,True,3.79
2024-06-17,19,AMISTAD_AMISTAG2,3.79,34.11,True,3.79
2024-06-17,19,AUSTPL_AUSTING1,9.0,0.0,True,9.0
2024-06-17,19,AUSTPL_AUSTING2,9.0,0.0,True,9.0
2024-06-17,19,BUCHAN_BUCHANG1,18.299999999999997,3.552713678800501e-15,True,18.3
2024-06-17,19,BUCHAN_BUCHANG2,18.299999999999997,3.552713678800501e-15,True,18.3
2024-06-17,19,BUCHAN_BUCHANG3,18.299999999999997,3.552713678800501e-15,True,18.3
2024-06-17,19,DNDAM_DENISOG1,50.8,0.0,True,50.8
2024-06-17,19,DNDAM_DENISOG2,50.8,0.0,True,50.8
2024-06-17,19,FALCON_FALCONG1,0.0,0.0,False,0.0
2024-06-17,19,FALCON_FALCONG2,0.0,0.0,False,0.0
2024-06-17,19,FALCON_FALCONG3,0.0,0.0,False,0.0
2024-06-17,19,WIRTZ_WIRTZ_G1,29.0,0.0,True,29.0
2024-06-17,19,WIRTZ_WIRTZ_G2,29.0,0.0,True,29.0
2024-06-17,19,CANYHY_CANYHYG1,0.6,0.0,True,0.6
2024-06-17,19,INKSDA_INKS_G1,11.02458596100596,3.9754140389940407,True,11.0246
2024-06-17,19,MARBFA_MARBFAG1,21.0,0.0,True,21.0
2024-06-17,19,MARBFA_MARBFAG2,20.0,0.0,True,20.0
2024-06-17,19,MARSFO_MARSFOG1,0.0,0.0,False,0.0
2024-06-17,19,MARSFO_MARSFOG2,0.0,0.0,False,0.0
2024-06-17,19,MARSFO_MARSFOG3,0.0,0.0,False,0.0
2024-06-17,19,WND_WHITNEY1,22.0,0.0,True,22.0
2024-06-17,19,WND_WHITNEY2,22.0,0.0,True,22.0
2024-06-17,19,AEEC_ANTLP_1,0.0,0.0,False,0.0
2024-06-17,19,AEEC_ANTLP_2,0.0,0.0,False,0.0
2024-06-17,19,AEEC_ANTLP_3,0.0,0.0,False,0.0
2024-06-17,19,AEEC_ELK_1,0.0,0.0,False,0.0
2024-06-17,19,AEEC_ELK_2,0.0,0.0,False,0.0
2024-06-17,19,AEEC_ELK_3,0.0,0.0,False,0.0
2024-06-17,19,FTR_FTR_G1,185.0,0.0,True,5180.0
2024-06-17,19,FTR_FTR_G2,185.0,0.0,True,5180.0
2024-06-17,19,FTR_FTR_G3,185.0,0.0,True,5180.0
2024-06-17,19,FTR_FTR_G4,400.0,0.0,True,11200.0
2024-06-17,19,TGCCS_CT1,179.0,0.0,True,5012.0
2024-06-17,19,TGCCS_CT2,179.0,0.0,True,5012.0
2024-06-17,19,TGCCS_CT3,179.0,0.0,True,5012.0
2024-06-17,19,TGCCS_UNIT4,336.50474304652045,63.495256953479554,True,9422.1328
2024-06-17,19,KMCHI_1CT101,55.5,129.5,True,1554.0
2024-06-17,19,KMCHI_1CT201,55.5,129.5,True,1554.0
2024-06-17,19,KMCHI_1ST,330.0,0.0,True,9240.0
2024-06-17,19,KMCHI_2CT101,185.0,0.0,True,5180.0
2024-06-17,19,KMCHI_2CT201,185.0,0.0,True,5180.0
2024-06-17,19,KMCHI_2ST,99.0,231.0,True,2772.0
2024-06-17,19,A4_DGR1,0.0,0.0,False,0.0
2024-06-17,19,A4_DGR2,0.0,0.0,False,0.0
2024-06-17,19,K2_DGR1,0.0,0.0,False,0.0
2024-06-17,19,K2_DGR2,0.0,0.0,False,0.0
2024-06-17,19,P2_DGR1,4.09,0.0,True,245.4
2024-06-17,19,P2_DGR2,0.0,0.0,False,0.0
2024-06-17,19,Q1_DGR1,0.0,0.0,False,0.0
2024-06-17,19,BRAUNIG_VHB3,420.0,0.0,True,14700.0
2024-06-17,19,V2_DGR1,3.2,0.0,True,192.0
2024-06-17,19,V2_DGR2,3.2,0.0,True,192.0
2024-06-17,19,V2_DGR3,3.2,0.0,True,192.0
2024-06-17,19,V4_DGR1,0.0,0.0,False,0.0
2024-06-17,19,X1_DGR1,0.0,0.0,False,0.0
2024-06-17,19,Z0_DGR1,0.0,0.0,False,0.0
2024-06-17,19,Z0_DGR2,0.0,0.0,False,0.0
2024-06-17,19,Z5_DGR1,0.0,0.0,False,0.0
2024-06-17,19,DC_E,600.0,0.0,True,21000.0
2024-06-17,19,DC_N,0.0,0.0,False,0.0
2024-06-17,19,DC_L,0.0,0.0,False,0.0
2024-06-17,19,DC_R,0.0,0.0,False,0.0
2024-06-17,19,CEDARVALE_GAS,0.0,0.0,False,0.0
2024-06-17,19,ENCHANTED_ROCK_NEWPP,30.0,0.0,True,1350.0
2024-06-17,20,CPSES_UNIT1,1269.0,0.0,True,10152.0
2024-06-17,20,CPSES_UNIT2,1269.0,0.0,True,10152.0
2024-06-17,20,STP_STP_G1,1228.5,136.5,True,9828.0
2024-06-17,20,STP_STP_G2,1228.5,136.5,True,9828.0
2024-06-17,20,COLETO_COLETOG1,0.0,0.0,False,0.0
2024-06-17,20,FPPYD1_FPP_G1,246.0,369.0,True,6150.0
2024-06-17,20,FPPYD1_FPP_G2,246.0,369.0,True,6150.0
2024-06-17,20,FPPYD2_FPP_G3,184.0,276.0,True,4600.0
2024-06-17,20,CALAVERS_JKS1,224.0,336.0,True,5600.0
2024-06-17,20,CALAVERS_JKS2,450.0186579598856,471.98134204011444,True,11250.4664
2024-06-17,20,LEG_LEG_G1,893.0,0.0,True,22325.0
2024-06-17,20,LEG_LEG_G2,956.8,0.0,True,23920.0
2024-06-17,20,MLSES_UNIT1,357.2,0.0,True,8930.0
2024-06-17,20,MLSES_UNIT2,357.2,535.8,True,8930.0
2024-06-17,20,MLSES_UNIT3,357.2,535.8,True,8930.0
2024-06-17,20,OGSES_UNIT1A,916.8,0.0,True,22920.0
2024-06-17,20,OGSES_UNIT2,916.8,0.0,True,22920.0
2024-06-17,20,SANMIGL_G1,0.0,0.0,False,0.0
2024-06-17,20,SCES_UNIT1,1008.0,0.0,True,25200.0
2024-06-17,20,TNP_ONE_TNP_O_1,174.6,0.0,True,4365.0
2024-06-17,20,TNP_ONE_TNP_O_2,174.6,0.0,True,4365.0
2024-06-17,20,WAP_WAP_G5,0.0,0.0,False,0.0
2024-06-17,20,WAP_WAP_G6,0.0,0.0,False,0.0
2024-06-17,20,WAP_WAP_G7,0.0,0.0,False,0.0
2024-06-17,20,WAP_WAP_G8,0.0,0.0,False,0.0
2024-06-17,20,BRAUNIG_AVR1_CT1,56.7,132.3,True,1587.6
2024-06-17,20,BRAUNIG_AVR1_CT2,56.7,132.3,True,1587.6
2024-06-17,20,BRAUNIG_AVR1_ST,66.6,155.4,True,1864.8
2024-06-17,20,ATKINS_ATKINSG7,21.0,0.0,True,882.0
2024-06-17,20,B_DAVIS_B_DAVIG3,0.0,0.0,False,0.0
2024-06-17,20,B_DAVIS_B_DAVIG4,0.0,0.0,False,0.0
2024-06-17,20,B_DAVIS_B_DAVIG1,0.0,0.0,False,0.0
2024-06-17,20,B_DAVIS_B_DAVIG2,0.0,0.0,False,0.0
2024-06-17,20,BASTEN_GTG1100,188.0,0.0,True,5264.0
2024-06-17,20,BASTEN_GTG2100,188.0,0.0,True,5264.0
2024-06-17,20,BASTEN_ST0100,242.0,0.0,True,6776.0
2024-06-17,20,BCH_UNIT1,60.5,0.0,True,2541.0
2024-06-17,20,BCH_UNIT2,60.5,0.0,True,2541.0
2024-06-17,20,BCH_UNIT3,60.5,0.0,True,2541.0
2024-06-17,20,BCH_UNIT4,60.5,0.0,True,2541.0
2024-06-17,20,BCH_UNIT5,60.5,0.0,True,2541.0
2024-06-17,20,BCH_UNIT6,60.5,0.0,True,2541.0
2024-06-17,20,BCH_UNIT7,60.5,0.0,True,2541.0
2024-06-17,20,BCH_UNIT8,60.5,0.0,True,2541.0
2024-06-17,20,BOSQUESW_BSQSU_1,188.7,0.0,True,5283.6
2024-06-17,20,BOSQUESW_BSQSU_2,188.7,0.0,True,5283.6
2024-06-17,20,BOSQUESW_BSQSU_3,188.7,0.0,True,5283.6
2024-06-17,20,BOSQUESW_BSQSU_4,95.0,0.0,True,2660.0
2024-06-17,20,BOSQUESW_BSQSU_5,254.2,0.0,True,7117.6
2024-06-17,20,BVE_UNIT1,59.67,139.23,True,1670.76
2024-06-17,20,BVE_UNIT2,59.67,139.23,True,1670.76
2024-06-17,20,BVE_UNIT3,82.68,192.92000000000002,True,2315.04
2024-06-17,20,BTM_UNIT1,60.5,0.0,True,2541.0
2024-06-17,20,BTM_UNIT2,60.5,0.0,True,2541.0
2024-06-17,20,BTM_UNIT3,60.5,0.0,True,2541.0
2024-06-17,20,BTM_UNIT4,60.5,0.0,True,2541.0
2024-06-17,20,BTM_UNIT5,60.5,0.0,True,2541.0
2024-06-17,20,BTM_UNIT6,60.5,0.0,True,2541.0
2024-06-17,20,BTM_UNIT7,60.5,0.0,True,2541.0
2024-06-17,20,BTM_UNIT8,60.5,0.0,True,2541.0
2024-06-17,20,FLCNS_UNIT1,0.0,0.0,False,0.0
2024-06-17,20,FLCNS_UNIT2,0.0,0.0,False,0.0
2024-06-17,20,CALHOUN_UNIT1,0.0,0.0,False,0.0
2024-06-17,20,CALHOUN_UNIT2,0.0,0.0,False,0.0
2024-06-17,20,CHAMON_CTG_0101,60.5,0.0,True,2541.0
2024-06-17,20,CHAMON_CTG_0301,60.5,0.0,True,2541.0
2024-06-17,20,CBY4_CT41,205.0,0.0,True,5740.0
2024-06-17,20,CBY4_CT42,205.0,0.0,True,5740.0
2024-06-17,20,CBY4_ST04,205.0,0.0,True,5740.0
2024-06-17,20,CBY_CBY_G1,765.0,0.0,True,26775.0
2024-06-17,20,CBY_CBY_G2,765.0,0.0,True,26775.0
2024-06-17,20,CBEC_GT1,0.0,0.0,False,0.0
2024-06-17,20,CBEC_GT2,0.0,0.0,False,0.0
2024-06-17,20,CBEC_GT3,0.0,0.0,False,0.0
2024-06-17,20,CBEC_GT4,0.0,0.0,False,0.0
2024-06-17,20,CBEC_STG1,0.0,0.0,False,0.0
2024-06-17,20,CBEC_STG2,0.0,0.0,False,0.0
2024-06-17,20,CBECII_CT7,0.0,0.0,False,0.0
2024-06-17,20,CBECII_CT8,0.0,0.0,False,0.0
2024-06-17,20,CBECII_STG9,0.0,0.0,False,0.0
2024-06-17,20,CBEC_GT11,0.0,0.0,False,0.0
2024-06-17,20,CBEC_GT12,0.0,0.0,False,0.0
2024-06-17,20,CVC_CVC_G1,192.1,0.0,True,5378.8
2024-06-17,20,CVC_CVC_G2,192.1,0.0,True,5378.8
2024-06-17,20,CVC_CVC_G3,192.1,0.0,True,5378.8
2024-06-17,20,CVC_CVC_G5,150.0,0.0,True,4200.0
2024-06-17,20,DANSBY_DANSBYG2,48.0,0.0,True,2016.0
2024-06-17,20,DANSBY_DANSBYG3,50.0,0.0,True,2100.0
2024-06-17,20,DANSBY_DANSBYG1,120.0,0.0,True,4200.0
2024-06-17,20,DECKER_DPGT_1,5.67,51.03,True,238.14
2024-06-17,20,DECKER_DPGT_2,5.67,51.03,True,238.14
2024-06-17,20,DECKER_DPGT_3,5.67,51.03,True,238.14
2024-06-17,20,DECKER_DPGT_4,5.67,51.03,True,238.14
2024-06-17,20,DCSES_CT10,0.0,0.0,False,0.0
2024-06-17,20,DCSES_CT20,0.0,0.0,False,0.0
2024-06-17,20,DCSES_CT30,0.0,0.0,False,0.0
2024-06-17,20,DCSES_CT40,0.0,0.0,False,0.0
2024-06-17,20,DDPEC_GT1,60.9,142.1,True,1705.2
2024-06-17,20,DDPEC_GT2,64.5,150.5,True,1806.0
2024-06-17,20,DDPEC_GT3,60.9,142.1,True,1705.2
2024-06-17,20,DDPEC_GT4,203.93151370834653,11.068486291653471,True,5710.0824
2024-06-17,20,DDPEC_GT6,199.0,0.0,True,5572.0
2024-06-17,20,DDPEC_ST1,87.0,203.0,True,2436.0
2024-06-17,20,DEC_AGR_A,0.0,0.0,False,0.0
2024-06-17,20,DEC_AGR_B,0.0,0.0,False,0.0
2024-06-17,20,DEC_AGR_C,0.0,0.0,False,0.0
2024-06-17,20,DEC_AGR_D,0.0,0.0,False,0.0
2024-06-17,20,ECEC_G1,0.0,0.0,False,0.0
2024-06-17,20,ECEC_G2,0.0,0.0,False,0.0
2024-06-17,20,ETCCS_CT1,260.0,0.0,True,7280.0
2024-06-17,20,ETCCS_UNIT1,140.0,0.0,True,3920.0
2024-06-17,20,AZ_AZ_G1,40.0,0.0,True,1680.0
2024-06-17,20,AZ_AZ_G2,40.0,0.0,True,1680.0
2024-06-17,20,AZ_AZ_G3,4.0,36.0,True,168.0
2024-06-17,20,AZ_AZ_G4,4.0,36.0,True,168.0
2024-06-17,20,FERGCC_FERGGT1,0.0,0.0,False,0.0
2024-06-17,20,FERGCC_FERGGT2,0.0,0.0,False,0.0
2024-06-17,20,FERGCC_FERGST1,0.0,0.0,False,0.0
2024-06-17,20,FRNYPP_GT11,0.0,0.0,False,0.0
2024-06-17,20,FRNYPP_GT12,0.0,0.0,False,0.0
2024-06-17,20,FRNYPP_GT13,0.0,0.0,False,0.0
2024-06-17,20,FRNYPP_GT21,0.0,0.0,False,0.0
2024-06-17,20,FRNYPP_GT22,0.0,0.0,False,0.0
2024-06-17,20,FRNYPP_GT23,0.0,0.0,False,0.0
2024-06-17,20,FRNYPP_ST10,0.0,0.0,False,0.0
2024-06-17,20,FRNYPP_ST20,0.0,0.0,False,0.0
2024-06-17,20,FREC_GT1,179.4,0.0,True,5023.2
2024-06-17,20,FREC_GT2,179.4,0.0,True,5023.2
2024-06-17,20,FREC_GT4,179.39999999999998,2.842170943040401e-14,True,5023.2
2024-06-17,20,FREC_GT5,179.4,0.0,True,5023.2
2024-06-17,20,FREC_ST3,190.7,0.0,True,5339.6
2024-06-17,20,FREC_ST6,190.7,0.0,True,5339.6
2024-06-17,20,FEGC_UNIT1,0.0,0.0,False,0.0
2024-06-17,20,FRONT_EC_CT1,0.0,0.0,False,0.0
2024-06-17,20,FRONT_EC_CT2,0.0,0.0,False,0.0
2024-06-17,20,FRONT_EC_ST,0.0,0.0,False,0.0
2024-06-17,20,GRSES_UNIT1,0.0,0.0,False,0.0
2024-06-17,20,GRSES_UNIT2,0.0,0.0,False,0.0
2024-06-17,20,GBY_GBYGT73,72.0,0.0,True,3024.0
2024-06-17,20,GBY_GBYGT74,72.0,0.0,True,3024.0
2024-06-17,20,GBY_GBYGT81,72.0,0.0,True,3024.0
2024-06-17,20,GBY_GBYGT82,72.0,0.0,True,3024.0
2024-06-17,20,GBY_GBYGT83,72.0,0.0,True,3024.0
2024-06-17,20,GBY_GBYGT84,72.0,0.0,True,3024.0
2024-06-17,20,STEAM_ENGINE_1,0.0,0.0,False,0.0
2024-06-17,20,STEAM_ENGINE_2,0.0,0.0,False,0.0
2024-06-17,20,STEAM_ENGINE_3,0.0,0.0,False,0.0
2024-06-17,20,LGE_LGE_GT1,0.0,0.0,False,0.0
2024-06-17,20,LGE_LGE_GT2,0.0,0.0,False,0.0
2024-06-17,20,LGE_LGE_STG,0.0,0.0,False,0.0
2024-06-17,20,GUADG_GAS1,0.0,0.0,False,0.0
2024-06-17,20,GUADG_GAS2,0.0,0.0,False,0.0
2024-06-17,20,GUADG_GAS3,0.0,0.0,False,0.0
2024-06-17,20,GUADG_GAS4,0.0,0.0,False,0.0
2024-06-17,20,GUADG_STM5,0.0,0.0,False,0.0
2024-06-17,20,GUADG_STM6,0.0,0.0,False,0.0
2024-06-17,20,HLSES_UNIT3,395.0,0.0,True,13825.0
2024-06-17,20,HLSES_UNIT4,435.0,0.0,True,15225.0
2024-06-17,20,HLSES_UNIT5,435.0,0.0,True,15225.0
2024-06-17,20,HAYSEN_HAYSENG1,0.0,0.0,False,0.0
2024-06-17,20,HAYSEN_HAYSENG2,0.0,0.0,False,0.0
2024-06-17,20,HAYSEN_HAYSENG3,0.0,0.0,False,0.0
2024-06-17,20,HAYSEN_HAYSENG4,0.0,0.0,False,0.0
2024-06-17,20,DUKE_DUKE_GT1,0.0,0.0,False,0.0
2024-06-17,20,DUKE_DUKE_GT2,0.0,0.0,False,0.0
2024-06-17,20,DUKE_DUKE_ST1,0.0,0.0,False,0.0
2024-06-17,20,JACKCNTY_CT1,59.67,139.23,True,1670.76
2024-06-17,20,JACKCNTY_CT2,0.0,0.0,False,0.0
2024-06-17,20,JCKCNTY2_CT3,0.0,0.0,False,0.0
2024-06-17,20,JCKCNTY2_CT4,59.67,139.23,True,1670.76
2024-06-17,20,JACKCNTY_STG,0.0,0.0,False,0.0
2024-06-17,20,JCKCNTY2_ST2,0.0,0.0,False,0.0
2024-06-17,20,TEN_CT1,55.5,0.0,True,1554.0
2024-06-17,20,TEN_STG,32.1,0.0,True,898.8
2024-06-17,20,LHSES_UNIT1,0.0,0.0,False,0.0
2024-06-17,20,LHSES_UNIT2A,0.0,0.0,False,0.0
2024-06-17,20,LPCCS_CT11,0.0,0.0,False,0.0
2024-06-17,20,LPCCS_CT12,0.0,0.0,False,0.0
2024-06-17,20,LPCCS_CT21,0.0,0.0,False,0.0
2024-06-17,20,LPCCS_CT22,0.0,0.0,False,0.0
2024-06-17,20,LPCCS_UNIT1,0.0,0.0,False,0.0
2024-06-17,20,LPCCS_UNIT2,0.0,0.0,False,0.0
2024-06-17,20,LARDVFTN_G4,0.0,0.0,False,0.0
2024-06-17,20,LARDVFTN_G5,0.0,0.0,False,0.0
2024-06-17,20,LEON_CRK_LCPCT1,0.0,0.0,False,0.0
2024-06-17,20,LEON_CRK_LCPCT2,4.8,43.2,True,201.6
2024-06-17,20,LEON_CRK_LCPCT3,4.8,43.2,True,201.6
2024-06-17,20,LEON_CRK_LCPCT4,4.8,43.2,True,201.6
2024-06-17,20,LIG_UNIT1,6.05,54.45,True,254.1
2024-06-17,20,LIG_UNIT2,60.5,0.0,True,2541.0
2024-06-17,20,LOSTPI_LOSTPGT1,202.5,0.0,True,5670.0
2024-06-17,20,LOSTPI_LOSTPGT2,202.5,0.0,True,5670.0
2024-06-17,20,LOSTPI_LOSTPST1,204.0,0.0,True,5712.0
2024-06-17,20,NEDIN_NEDIN_G1,0.0,0.0,False,0.0
2024-06-17,20,NEDIN_NEDIN_G2,0.0,0.0,False,0.0
2024-06-17,20,NEDIN_NEDIN_G3,0.0,0.0,False,0.0
2024-06-17,20,MDANP_CT1,0.0,0.0,False,0.0
2024-06-17,20,MDANP_CT2,0.0,0.0,False,0.0
2024-06-17,20,MDANP_CT3,0.0,0.0,False,0.0
2024-06-17,20,MDANP_CT4,0.0,0.0,False,0.0
2024-06-17,20,MDANP_CT5,82.8,0.0,True,2318.4
2024-06-17,20,MDANP_CT6,83.4,0.0,True,2335.2
2024-06-17,20,MGSES_CT1,0.0,0.0,False,0.0
2024-06-17,20,MGSES_CT2,0.0,0.0,False,0.0
2024-06-17,20,MGSES_CT3,0.0,0.0,False,0.0
2024-06-17,20,MGSES_CT4,0.0,0.0,False,0.0
2024-06-17,20,MGSES_CT5,0.0,0.0,False,0.0
2024-06-17,20,MGSES_CT6,0.0,0.0,False,0.0
2024-06-17,20,MCSES_UNIT6,122.0,0.0,True,4270.0
2024-06-17,20,MCSES_UNIT7,118.0,0.0,True,4130.0
2024-06-17,20,MCSES_UNIT8,568.0,0.0,True,19880.0
2024-06-17,20,NUECES_B_NUECESG8,0.0,0.0,False,0.0
2024-06-17,20,NUECES_B_NUECESG9,0.0,0.0,False,0.0
2024-06-17,20,NUECES_B_NUECESG7,0.0,0.0,False,0.0
2024-06-17,20,CALAVERS_OWS1,133.5,311.5,True,4672.5
2024-06-17,20,CALAVERS_OWS2,130.5,304.5,True,4567.5
2024-06-17,20,OECCS_CT11,0.0,0.0,False,0.0
2024-06-17,20,OECCS_CT12,0.0,0.0,False,0.0
2024-06-17,20,OECCS_CT21,0.0,0.0,False,0.0
2024-06-17,20,OECCS_CT22,0.0,0.0,False,0.0
2024-06-17,20,OECCS_UNIT1,0.0,0.0,False,0.0
2024-06-17,20,OECCS_UNIT2,0.0,0.0,False,0.0
2024-06-17,20,VICTPRT2_UNIT1,0.0,0.0,False,0.0
2024-06-17,20,VICTPRT2_UNIT2,0.0,0.0,False,0.0
2024-06-17,20,PANDA_S_SHER1CT1,202.58880635161492,29.41119364838508,True,5672.4866
2024-06-17,20,PANDA_S_SHER1CT2,232.0,0.0,True,6496.0
2024-06-17,20,PANDA_S_SHER1ST1,353.1,0.0,True,9886.8
2024-06-17,20,PANDA_T1_TMPL1CT1,232.0,0.0,True,6496.0
2024-06-17,20,PANDA_T1_TMPL1CT2,232.0,0.0,True,6496.0
2024-06-17,20,PANDA_T1_TMPL1ST1,353.1,0.0,True,9886.8
2024-06-17,20,PANDA_T2_TMPL2CT1,232.0,0.0,True,6496.0
2024-06-17,20,PANDA_T2_TMPL2CT2,232.0,0.0,True,6496.0
2024-06-17,20,PANDA_T2_TMPL2ST1,353.1,0.0,True,9886.8
2024-06-17,20,TNSKA_GT1,0.0,0.0,False,0.0
2024-06-17,20,TNSKA_GT2,0.0,0.0,False,0.0
2024-06-17,20,TNSKA_STG,0.0,0.0,False,0.0
2024-06-17,20,PSG_PSG_GT2,215.1,0.0,True,6022.8
2024-06-17,20,PSG_PSG_GT3,215.1,0.0,True,6022.8
2024-06-17,20,PSG_PSG_ST2,195.5,0.0,True,5474.0
2024-06-17,20,PEARSAL2_AGR_A,0.0,0.0,False,0.0
2024-06-17,20,PEARSAL2_AGR_B,0.0,0.0,False,0.0
2024-06-17,20,PEARSAL2_AGR_C,0.0,0.0,False,0.0
2024-06-17,20,PEARSAL2_AGR_D,0.0,0.0,False,0.0
2024-06-17,20,PB2SES_CT1,0.0,0.0,False,0.0
2024-06-17,20,PB2SES_CT2,0.0,0.0,False,0.0
2024-06-17,20,PB2SES_CT3,0.0,0.0,False,0.0
2024-06-17,20,PB2SES_CT4,0.0,0.0,False,0.0
2024-06-17,20,PB2SES_CT5,0.0,0.0,False,0.0
2024-06-17,20,PRO_UNIT1,6.05,54.45,True,254.1
2024-06-17,20,PRO_UNIT2,6.05,54.45,True,254.1
2024-06-17,20,PRO_UNIT3,6.05,54.45,True,254.1
2024-06-17,20,PRO_UNIT4,6.05,54.45,True,254.1
2024-06-17,20,PRO_UNIT5,6.05,54.45,True,254.1
2024-06-17,20,PRO_UNIT6,6.05,54.45,True,254.1
2024-06-17,20,PRO_UNIT7,6.05,54.45,True,254.1
2024-06-17,20,PRO_UNIT8,29.972636929206747,30.527363070793257,True,1258.8508
2024-06-17,20,BAC_CTG1,65.0,0.0,True,2730.0
2024-06-17,20,BAC_CTG2,65.0,0.0,True,2730.0
2024-06-17,20,BAC_CTG3,65.0,0.0,True,2730.0
2024-06-17,20,BAC_CTG4,65.0,0.0,True,2730.0
2024-06-17,20,BAC_CTG5,65.0,0.0,True,2730.0
2024-06-17,20,BAC_CTG6,65.0,0.0,True,2730.0
2024-06-17,20,STEAM1A_STEAM_1,0.0,0.0,False,0.0
2024-06-17,20,STEAM_STEAM_2,0.0,0.0,False,0.0
2024-06-17,20,STEAM_STEAM_3,0.0,0.0,False,0.0
2024-06-17,20,QALSW_GT1,0.0,0.0,False,0.0
2024-06-17,20,QALSW_GT2,0.0,0.0,False,0.0
2024-06-17,20,QALSW_GT3,0.0,0.0,False,0.0
2024-06-17,20,QALSW_GT4,0.0,0.0,False,0.0
2024-06-17,20,QALSW_STG1,0.0,0.0,False,0.0
2024-06-17,20,QALSW_STG2,0.0,0.0,False,0.0
2024-06-17,20,MIL_MILLERG4,0.0,0.0,False,0.0
2024-06-17,20,MIL_MILLERG5,0.0,0.0,False,0.0
2024-06-17,20,MIL_MILLERG1,0.0,0.0,False,0.0
2024-06-17,20,MIL_MILLERG2,0.0,0.0,False,0.0
2024-06-17,20,MIL_MILLERG3,0.0,0.0,False,0.0
2024-06-17,20,OLINGR_OLING_4,0.0,0.0,False,0.0
2024-06-17,20,OLINGR_OLING_2,0.0,0.0,False,0.0
2024-06-17,20,OLINGR_OLING_3,0.0,0.0,False,0.0
2024-06-17,20,RAB_UNIT1,0.0,0.0,False,0.0
2024-06-17,20,RAB_UNIT2,0.0,0.0,False,0.0
2024-06-17,20,RAB_UNIT3,0.0,0.0,False,0.0
2024-06-17,20,RAB_UNIT4,0.0,0.0,False,0.0
2024-06-17,20,RAB_UNIT5,0.0,0.0,False,0.0
2024-06-17,20,RAB_UNIT6,0.0,0.0,False,0.0
2024-06-17,20,RAB_UNIT7,0.0,0.0,False,0.0
2024-06-17,20,RAB_UNIT8,0.0,0.0,False,0.0
2024-06-17,20,REDGATE_AGR_A,0.0,0.0,False,0.0
2024-06-17,20,REDGATE_AGR_B,0.0,0.0,False,0.0
2024-06-17,20,REDGATE_AGR_C,0.0,0.0,False,0.0
2024-06-17,20,REDGATE_AGR_D,0.0,0.0,False,0.0
2024-06-17,20,JAD_UNIT1,60.5,0.0,True,2541.0
2024-06-17,20,JAD_UNIT2,60.5,0.0,True,2541.0
2024-06-17,20,JAD_UNIT3,60.5,0.0,True,2541.0
2024-06-17,20,JAD_UNIT4,60.5,0.0,True,2541.0
2024-06-17,20,JAD_UNIT5,60.5,0.0,True,2541.0
2024-06-17,20,JAD_UNIT6,60.5,0.0,True,2541.0
2024-06-17,20,JAD_UNIT7,6.05,54.45,True,254.1
2024-06-17,20,JAD_UNIT8,6.05,54.45,True,254.1
2024-06-17,20,RIONOG_CT1,0.0,0.0,False,0.0
2024-06-17,20,RIONOG_CT2,0.0,0.0,False,0.0
2024-06-17,20,RIONOG_CT3,0.0,0.0,False,0.0
2024-06-17,20,RIONOG_ST1,0.0,0.0,False,0.0
2024-06-17,20,RAYBURN_RAYBURG7,60.5,0.0,True,1694.0
2024-06-17,20,RAYBURN_RAYBURG8,60.5,0.0,True,1694.0
2024-06-17,20,RAYBURN_RAYBURG9,60.5,0.0,True,1694.0
2024-06-17,20,RAYBURN_RAYBURG10,12.6,29.4,True,352.8
2024-06-17,20,SJS_SJS_G1,88.19999999999999,1.4210854715202004e-14,True,3704.4
2024-06-17,20,SJS_SJS_G2,88.19999999999999,1.4210854715202004e-14,True,3704.4
2024-06-17,20,SANDHSYD_SH1,6.05,54.45,True,254.1
2024-06-17,20,SANDHSYD_SH2,6.05,54.45,True,254.1
2024-06-17,20,SANDHSYD_SH3,6.05,54.45,True,254.1
2024-06-17,20,SANDHSYD_SH4,6.05,54.45,True,254.1
2024-06-17,20,SANDHSYD_SH_5A,198.90000000000003,-2.842170943040401e-14,True,5569.2
2024-06-17,20,SANDHSYD_SH6,6.05,54.45,True,254.1
2024-06-17,20,SANDHSYD_SH7,6.05,54.45,True,254.1
2024-06-17,20,SANDHSYD_SH_5C,191.0,0.0,True,5348.0
2024-06-17,20,SILASRAY_SILAS_10,0.0,0.0,False,0.0
2024-06-17,20,SILASRAY_SILAS_9,0.0,0.0,False,0.0
2024-06-17,20,SILASRAY_SILAS_6,0.0,0.0,False,0.0
2024-06-17,20,GIDEON_GIDEONG1,40.8,95.2,True,1428.0
2024-06-17,20,GIDEON_GIDEONG2,40.8,95.2,True,1428.0
2024-06-17,20,GIDEON_GIDEONG3,330.72353595390143,20.27646404609854,True,11575.3238
2024-06-17,20,SKY1_SKY1A,0.0,0.0,False,0.0
2024-06-17,20,SKY1_SKY1B,0.0,0.0,False,0.0
2024-06-17,20,SPNCER_SPNCE_4,0.0,0.0,False,0.0
2024-06-17,20,SPNCER_SPNCE_5,0.0,0.0,False,0.0
2024-06-17,20,SCSES_UNIT1A,53.1,123.9,True,1858.5
2024-06-17,20,SCSES_UNIT2,150.6,351.4,True,5271.0
2024-06-17,20,THW_THWGT_1,16.3,0.0,True,684.6
2024-06-17,20,THW_THWGT31,51.3,0.0,True,1436.4
2024-06-17,20,THW_THWGT32,51.3,0.0,True,1436.4
2024-06-17,20,THW_THWGT33,51.3,0.0,True,1436.4
2024-06-17,20,THW_THWGT34,51.3,0.0,True,1436.4
2024-06-17,20,THW_THWGT41,51.3,0.0,True,1436.4
2024-06-17,20,THW_THWGT42,51.3,0.0,True,1436.4
2024-06-17,20,THW_THWGT43,62.0,0.0,True,1736.0
2024-06-17,20,THW_THWGT44,62.0,0.0,True,1736.0
2024-06-17,20,THW_THWGT51,85.0,0.0,True,3570.0
2024-06-17,20,THW_THWGT52,85.0,0.0,True,3570.0
2024-06-17,20,THW_THWGT53,85.0,0.0,True,3570.0
2024-06-17,20,THW_THWGT54,85.0,0.0,True,3570.0
2024-06-17,20,THW_THWGT55,85.0,0.0,True,3570.0
2024-06-17,20,THW_THWGT56,85.0,0.0,True,3570.0
2024-06-17,20,THW_THWST_3,113.1,0.0,True,3166.8
2024-06-17,20,THW_THWST_4,113.1,0.0,True,3166.8
2024-06-17,20,TXCTY_CTA,129.1,0.0,True,3614.8
2024-06-17,20,TXCTY_CTB,129.1,0.0,True,3614.8
2024-06-17,20,TXCTY_CTC,129.1,0.0,True,3614.8
2024-06-17,20,TXCTY_ST,143.7,0.0,True,4023.6
2024-06-17,20,TGS_GT01,0.0,0.0,False,0.0
2024-06-17,20,TIMPP_AGR1,37.7,0.0,True,1696.5
2024-06-17,20,TIMPP_AGR2,56.5,0.0,True,2542.5
2024-06-17,20,TIMPP_AGR3,37.7,0.0,True,1696.5
2024-06-17,20,TIMPP_AGR4,56.5,0.0,True,2542.5
2024-06-17,20,TRSES_UNIT6,239.0,0.0,True,8365.0
2024-06-17,20,TOPAZ_UNIT1,60.5,0.0,True,2541.0
2024-06-17,20,TOPAZ_UNIT2,60.5,0.0,True,2541.0
2024-06-17,20,TOPAZ_UNIT3,60.5,0.0,True,2541.0
2024-06-17,20,TOPAZ_UNIT4,60.5,0.0,True,2541.0
2024-06-17,20,TOPAZ_UNIT5,60.5,0.0,True,2541.0
2024-06-17,20,TOPAZ_UNIT6,60.5,0.0,True,2541.0
2024-06-17,20,TOPAZ_UNIT7,60.5,0.0,True,2541.0
2024-06-17,20,TOPAZ_UNIT8,60.5,0.0,True,2541.0
2024-06-17,20,TOPAZ_UNIT9,60.5,0.0,True,2541.0
2024-06-17,20,TOPAZ_UNIT10,60.5,0.0,True,2541.0
2024-06-17,20,BRAUNIG_VHB6CT5,0.0,0.0,False,0.0
2024-06-17,20,BRAUNIG_VHB6CT6,0.0,0.0,False,0.0
2024-06-17,20,BRAUNIG_VHB6CT7,6.45,58.05,True,270.9
2024-06-17,20,BRAUNIG_VHB6CT8,0.0,0.0,False,0.0
2024-06-17,20,CITYVICT_CTG01,0.0,0.0,False,0.0
2024-06-17,20,CITYVICT_CTG02,0.0,0.0,False,0.0
2024-06-17,20,VICTPORT_CTG01,0.0,0.0,False,0.0
2024-06-17,20,VICTPORT_CTG02,0.0,0.0,False,0.0
2024-06-17,20,VICTORIA_VICTORG6,0.0,0.0,False,0.0
2024-06-17,20,VICTORIA_VICTORG5,0.0,0.0,False,0.0
2024-06-17,20,WAP_WAPGT_1,0.0,0.0,False,0.0
2024-06-17,20,WAP_WAP_G1,0.0,0.0,False,0.0
2024-06-17,20,WAP_WAP_G2,0.0,0.0,False,0.0
2024-06-17,20,WAP_WAP_G3,0.0,0.0,False,0.0
2024-06-17,20,WAP_WAP_G4,0.0,0.0,False,0.0
2024-06-17,20,WFCOGEN_UNIT1,0.0,0.0,False,0.0
2024-06-17,20,WFCOGEN_UNIT2,0.0,0.0,False,0.0
2024-06-17,20,WFCOGEN_UNIT3,0.0,0.0,False,0.0
2024-06-17,20,WIPOPA_WPP_G1,6.05,54.45,True,254.1
2024-06-17,20,WIPOPA_WPP_G2,6.05,54.45,True,254.1
2024-06-17,20,WIPOPA_WPP_G3,6.05,54.45,True,254.1
2024-06-17,20,WIPOPA_WPP_G4,6.05,54.45,True,254.1
2024-06-17,20,WCPP_CT1,82.5,192.5,True,2310.0
2024-06-17,20,WCPP_CT2,275.0,0.0,True,7700.0
2024-06-17,20,WCPP_ST1,158.2677801286873,139.7322198713127,True,4431.4978
2024-06-17,20,WHCCS_CT1,264.5,0.0,True,7406.0
2024-06-17,20,WHCCS_CT2,264.5,0.0,True,7406.0
2024-06-17,20,WHCCS_STG,300.0,0.0,True,8400.0
2024-06-17,20,WHCCS2_CT4,360.0,0.0,True,10080.0
2024-06-17,20,WHCCS2_CT5,313.1285969961171,46.871403003882904,True,8767.6007
2024-06-17,20,WHCCS2_STG6,511.2,0.0,True,14313.6
2024-06-17,20,NACPW_UNIT1,23.3,93.2,True,932.0
2024-06-17,20,HBR_2UNITS,3.2,0.0,True,128.0
2024-06-17,20,TRIRA_1UNIT,4.0,0.0,True,160.0
2024-06-17,20,78252_4UNITS,0.0,0.0,False,0.0
2024-06-17,20,SPRIN_4UNITS,1.28,5.12,True,51.2
2024-06-17,20,FREIH_2UNITS,0.0,0.0,False,0.0
2024-06-17,20,WSTHL_3UNITS,4.8,0.0,True,192.0
2024-06-17,20,FEGC_CTG2,0.0,0.0,False,0.0
2024-06-17,20,FEGC_CTG3,0.0,0.0,False,0.0
2024-06-17,20,FEGC_CTG4,0.0,0.0,False,0.0
2024-06-17,20,OLNEYTN_AGR1,0.0,0.0,False,0.0
2024-06-17,20,AMISTAD_AMISTAG1,3.79,34.11,True,3.79
2024-06-17,20,AMISTAD_AMISTAG2,3.79,34.11,True,3.79
2024-06-17,20,AUSTPL_AUSTING1,9.0,0.0,True,9.0
2024-06-17,20,AUSTPL_AUSTING2,9.0,0.0,True,9.0
2024-06-17,20,BUCHAN_BUCHANG1,18.299999999999997,3.552713678800501e-15,True,18.3
2024-06-17,20,BUCHAN_BUCHANG2,18.299999999999997,3.552713678800501e-15,True,18.3
2024-06-17,20,BUCHAN_BUCHANG3,18.299999999999997,3.552713678800501e-15,True,18.3
2024-06-17,20,DNDAM_DENISOG1,50.8,0.0,True,50.8
2024-06-17,20,DNDAM_DENISOG2,50.8,0.0,True,50.8
2024-06-17,20,FALCON_FALCONG1,1.2,0.0,True,1.2
2024-06-17,20,FALCON_FALCONG2,1.2,0.0,True,1.2
2024-06-17,20,FALCON_FALCONG3,1.2,0.0,True,1.2
2024-06-17,20,WIRTZ_WIRTZ_G1,29.0,0.0,True,29.0
2024-06-17,20,WIRTZ_WIRTZ_G2,29.0,0.0,True,29.0
2024-06-17,20,CANYHY_CANYHYG1,6.0,0.0,True,6.0
2024-06-17,20,INKSDA_INKS_G1,8.934281667564129,6.065718332435871,True,8.9343
2024-06-17,20,MARBFA_MARBFAG1,21.0,0.0,True,21.0
2024-06-17,20,MARBFA_MARBFAG2,20.0,0.0,True,20.0
2024-06-17,20,MARSFO_MARSFOG1,3.6,0.0,True,3.6
2024-06-17,20,MARSFO_MARSFOG2,3.6,0.0,True,3.6
2024-06-17,20,MARSFO_MARSFOG3,3.6,0.0,True,3.6
2024-06-17,20,WND_WHITNEY1,22.0,0.0,True,22.0
2024-06-17,20,WND_WHITNEY2,22.0,0.0,True,22.0
2024-06-17,20,AEEC_ANTLP_1,0.0,0.0,False,0.0
2024-06-17,20,AEEC_ANTLP_2,0.0,0.0,False,0.0
2024-06-17,20,AEEC_ANTLP_3,0.0,0.0,False,0.0
2024-06-17,20,AEEC_ELK_1,0.0,0.0,False,0.0
2024-06-17,20,AEEC_ELK_2,0.0,0.0,False,0.0
2024-06-17,20,AEEC_ELK_3,0.0,0.0,False,0.0
2024-06-17,20,FTR_FTR_G1,185.0,0.0,True,5180.0
2024-06-17,20,FTR_FTR_G2,185.0,0.0,True,5180.0
2024-06-17,20,FTR_FTR_G3,185.0,0.0,True,5180.0
2024-06-17,20,FTR_FTR_G4,400.0,0.0,True,11200.0
2024-06-17,20,TGCCS_CT1,53.7,125.3,True,1503.6
2024-06-17,20,TGCCS_CT2,53.7,125.3,True,1503.6
2024-06-17,20,TGCCS_CT3,53.7,125.3,True,1503.6
2024-06-17,20,TGCCS_UNIT4,120.0,280.0,True,3360.0
2024-06-17,20,KMCHI_1CT101,185.0,0.0,True,5180.0
2024-06-17,20,KMCHI_1CT201,185.0,0.0,True,5180.0
2024-06-17,20,KMCHI_1ST,99.0,231.0,True,2772.0
2024-06-17,20,KMCHI_2CT101,185.0,0.0,True,5180.0
2024-06-17,20,KMCHI_2CT201,55.5,129.5,True,1554.0
2024-06-17,20,KMCHI_2ST,99.0,231.0,True,2772.0
2024-06-17,20,A4_DGR1,0.0,0.0,False,0.0
2024-06-17,20,A4_DGR2,0.0,0.0,False,0.0
2024-06-17,20,K2_DGR1,0.0,0.0,False,0.0
2024-06-17,20,K2_DGR2,0.0,0.0,False,0.0
2024-06-17,20,P2_DGR1,0.0,0.0,False,0.0
2024-06-17,20,P2_DGR2,0.0,0.0,False,0.0
2024-06-17,20,Q1_DGR1,0.0,0.0,False,0.0
2024-06-17,20,BRAUNIG_VHB3,126.0,294.0,True,4410.0
2024-06-17,20,V2_DGR1,0.0,0.0,False,0.0
2024-06-17,20,V2_DGR2,0.0,0.0,False,0.0
2024-06-17,20,V2_DGR3,0.0,0.0,False,0.0
2024-06-17,20,V4_DGR1,0.0,0.0,False,0.0
2024-06-17,20,X1_DGR1,0.0,0.0,False,0.0
2024-06-17,20,Z0_DGR1,0.0,0.0,False,0.0
2024-06-17,20,Z0_DGR2,0.0,0.0,False,0.0
2024-06-17,20,Z5_DGR1,0.0,0.0,False,0.0
2024-06-17,20,DC_E,600.0,0.0,True,21000.0
2024-06-17,20,DC_N,0.0,0.0,False,0.0
2024-06-17,20,DC_L,0.0,0.0,False,0.0
2024-06-17,20,DC_R,0.0,0.0,False,0.0
2024-06-17,20,CEDARVALE_GAS,0.0,0.0,False,0.0
2024-06-17,20,ENCHANTED_ROCK_NEWPP,30.0,0.0,True,1350.0
2024-06-17,21,CPSES_UNIT1,1269.0,0.0,True,10152.0
2024-06-17,21,CPSES_UNIT2,1269.0,0.0,True,10152.0
2024-06-17,21,STP_STP_G1,1365.0,0.0,True,10920.0
2024-06-17,21,STP_STP_G2,1365.0,0.0,True,10920.0
2024-06-17,21,COLETO_COLETOG1,0.0,0.0,False,0.0
2024-06-17,21,FPPYD1_FPP_G1,615.0,0.0,True,15375.0
2024-06-17,21,FPPYD1_FPP_G2,615.0,0.0,True,15375.0
2024-06-17,21,FPPYD2_FPP_G3,460.0,0.0,True,11500.0
2024-06-17,21,CALAVERS_JKS1,224.0,336.0,True,5600.0
2024-06-17,21,CALAVERS_JKS2,368.8,553.2,True,9220.0
2024-06-17,21,LEG_LEG_G1,893.0,0.0,True,22325.0
2024-06-17,21,LEG_LEG_G2,956.8,0.0,True,23920.0
2024-06-17,21,MLSES_UNIT1,893.0,0.0,True,22325.0
2024-06-17,21,MLSES_UNIT2,609.6815561781357,283.3184438218643,True,15242.0389
2024-06-17,21,MLSES_UNIT3,893.0,0.0,True,22325.0
2024-06-17,21,OGSES_UNIT1A,916.8,0.0,True,22920.0
2024-06-17,21,OGSES_UNIT2,916.8,0.0,True,22920.0
2024-06-17,21,SANMIGL_G1,0.0,0.0,False,0.0
2024-06-17,21,SCES_UNIT1,1008.0,0.0,True,25200.0
2024-06-17,21,TNP_ONE_TNP_O_1,174.6,0.0,True,4365.0
2024-06-17,21,TNP_ONE_TNP_O_2,174.6,0.0,True,4365.0
2024-06-17,21,WAP_WAP_G5,0.0,0.0,False,0.0
2024-06-17,21,WAP_WAP_G6,0.0,0.0,False,0.0
2024-06-17,21,WAP_WAP_G7,0.0,0.0,False,0.0
2024-06-17,21,WAP_WAP_G8,0.0,0.0,False,0.0
2024-06-17,21,BRAUNIG_AVR1_CT1,0.0,0.0,False,0.0
2024-06-17,21,BRAUNIG_AVR1_CT2,0.0,0.0,False,0.0
2024-06-17,21,BRAUNIG_AVR1_ST,0.0,0.0,False,0.0
2024-06-17,21,ATKINS_ATKINSG7,2.1,18.9,True,88.2
2024-06-17,21,B_DAVIS_B_DAVIG3,0.0,0.0,False,0.0
2024-06-17,21,B_DAVIS_B_DAVIG4,0.0,0.0,False,0.0
2024-06-17,21,B_DAVIS_B_DAVIG1,0.0,0.0,False,0.0
2024-06-17,21,B_DAVIS_B_DAVIG2,0.0,0.0,False,0.0
2024-06-17,21,BASTEN_GTG1100,56.4,131.6,True,1579.2
2024-06-17,21,BASTEN_GTG2100,56.4,131.6,True,1579.2
2024-06-17,21,BASTEN_ST0100,166.15279037720424,75.84720962279576,True,4652.2781
2024-06-17,21,BCH_UNIT1,60.5,0.0,True,2541.0
2024-06-17,21,BCH_UNIT2,60.5,0.0,True,2541.0
2024-06-17,21,BCH_UNIT3,60.5,0.0,True,2541.0
2024-06-17,21,BCH_UNIT4,60.5,0.0,True,2541.0
2024-06-17,21,BCH_UNIT5,60.5,0.0,True,2541.0
2024-06-17,21,BCH_UNIT6,60.5,0.0,True,2541.0
2024-06-17,21,BCH_UNIT7,60.5,0.0,True,2541.0
2024-06-17,21,BCH_UNIT8,60.5,0.0,True,2541.0
2024-06-17,21,BOSQUESW_BSQSU_1,188.7,0.0,True,5283.6
2024-06-17,21,BOSQUESW_BSQSU_2,188.7,0.0,True,5283.6
2024-06-17,21,BOSQUESW_BSQSU_3,188.7,0.0,True,5283.6
2024-06-17,21,BOSQUESW_BSQSU_4,95.0,0.0,True,2660.0
2024-06-17,21,BOSQUESW_BSQSU_5,254.2,0.0,True,7117.6
2024-06-17,21,BVE_UNIT1,0.0,0.0,False,0.0
2024-06-17,21,BVE_UNIT2,0.0,0.0,False,0.0
2024-06-17,21,BVE_UNIT3,0.0,0.0,False,0.0
2024-06-17,21,BTM_UNIT1,6.05,54.45,True,254.1
2024-06-17,21,BTM_UNIT2,6.05,54.45,True,254.1
2024-06-17,21,BTM_UNIT3,6.05,54.45,True,254.1
2024-06-17,21,BTM_UNIT4,47.53120572390567,12.968794276094329,True,1996.3106
2024-06-17,21,BTM_UNIT5,6.05,54.45,True,254.1
2024-06-17,21,BTM_UNIT6,6.05,54.45,True,254.1
2024-06-17,21,BTM_UNIT7,60.5,0.0,True,2541.0
2024-06-17,21,BTM_UNIT8,60.5,0.0,True,2541.0
2024-06-17,21,FLCNS_UNIT1,0.0,0.0,False,0.0
2024-06-17,21,FLCNS_UNIT2,0.0,0.0,False,0.0
2024-06-17,21,CALHOUN_UNIT1,0.0,0.0,False,0.0
2024-06-17,21,CALHOUN_UNIT2,0.0,0.0,False,0.0
2024-06-17,21,CHAMON_CTG_0101,60.5,0.0,True,2541.0
2024-06-17,21,CHAMON_CTG_0301,60.5,0.0,True,2541.0
2024-06-17,21,CBY4_CT41,205.0,0.0,True,5740.0
2024-06-17,21,CBY4_CT42,205.0,0.0,True,5740.0
2024-06-17,21,CBY4_ST04,205.0,0.0,True,5740.0
2024-06-17,21,CBY_CBY_G1,765.0,0.0,True,26775.0
2024-06-17,21,CBY_CBY_G2,765.0,0.0,True,26775.0
2024-06-17,21,CBEC_GT1,0.0,0.0,False,0.0
2024-06-17,21,CBEC_GT2,0.0,0.0,False,0.0
2024-06-17,21,CBEC_GT3,0.0,0.0,False,0.0
2024-06-17,21,CBEC_GT4,0.0,0.0,False,0.0
2024-06-17,21,CBEC_STG1,0.0,0.0,False,0.0
2024-06-17,21,CBEC_STG2,0.0,0.0,False,0.0
2024-06-17,21,CBECII_CT7,0.0,0.0,False,0.0
2024-06-17,21,CBECII_CT8,0.0,0.0,False,0.0
2024-06-17,21,CBECII_STG9,0.0,0.0,False,0.0
2024-06-17,21,CBEC_GT11,0.0,0.0,False,0.0
2024-06-17,21,CBEC_GT12,0.0,0.0,False,0.0
2024-06-17,21,CVC_CVC_G1,192.1,0.0,True,5378.8
2024-06-17,21,CVC_CVC_G2,192.1,0.0,True,5378.8
2024-06-17,21,CVC_CVC_G3,192.1,0.0,True,5378.8
2024-06-17,21,CVC_CVC_G5,150.0,0.0,True,4200.0
2024-06-17,21,DANSBY_DANSBYG2,4.8,43.2,True,201.6
2024-06-17,21,DANSBY_DANSBYG3,5.0,45.0,True,210.0
2024-06-17,21,DANSBY_DANSBYG1,36.0,84.0,True,1260.0
2024-06-17,21,DECKER_DPGT_1,0.0,0.0,False,0.0
2024-06-17,21,DECKER_DPGT_2,0.0,0.0,False,0.0
2024-06-17,21,DECKER_DPGT_3,0.0,0.0,False,0.0
2024-06-17,21,DECKER_DPGT_4,0.0,0.0,False,0.0
2024-06-17,21,DCSES_CT10,0.0,0.0,False,0.0
2024-06-17,21,DCSES_CT20,0.0,0.0,False,0.0
2024-06-17,21,DCSES_CT30,0.0,0.0,False,0.0
2024-06-17,21,DCSES_CT40,0.0,0.0,False,0.0
2024-06-17,21,DDPEC_GT1,60.9,142.1,True,1705.2
2024-06-17,21,DDPEC_GT2,64.5,150.5,True,1806.0
2024-06-17,21,DDPEC_GT3,60.9,142.1,True,1705.2
2024-06-17,21,DDPEC_GT4,173.13759802277053,41.86240197722947,True,4847.8527
2024-06-17,21,DDPEC_GT6,199.0,0.0,True,5572.0
2024-06-17,21,DDPEC_ST1,87.0,203.0,True,2436.0
2024-06-17,21,DEC_AGR_A,0.0,0.0,False,0.0
2024-06-17,21,DEC_AGR_B,0.0,0.0,False,0.0
2024-06-17,21,DEC_AGR_C,0.0,0.0,False,0.0
2024-06-17,21,DEC_AGR_D,0.0,0.0,False,0.0
2024-06-17,21,ECEC_G1,0.0,0.0,False,0.0
2024-06-17,21,ECEC_G2,0.0,0.0,False,0.0
2024-06-17,21,ETCCS_CT1,260.0,0.0,True,7280.0
2024-06-17,21,ETCCS_UNIT1,140.0,0.0,True,3920.0
2024-06-17,21,AZ_AZ_G1,40.0,0.0,True,1680.0
2024-06-17,21,AZ_AZ_G2,4.0,36.0,True,168.0
2024-06-17,21,AZ_AZ_G3,40.0,0.0,True,1680.0
2024-06-17,21,AZ_AZ_G4,40.0,0.0,True,1680.0
2024-06-17,21,FERGCC_FERGGT1,0.0,0.0,False,0.0
2024-06-17,21,FERGCC_FERGGT2,0.0,0.0,False,0.0
2024-06-17,21,FERGCC_FERGST1,0.0,0.0,False,0.0
2024-06-17,21,FRNYPP_GT11,0.0,0.0,False,0.0
2024-06-17,21,FRNYPP_GT12,59.01,0.0,True,1652.28
2024-06-17,21,FRNYPP_GT13,0.0,0.0,False,0.0
2024-06-17,21,FRNYPP_GT21,0.0,0.0,False,0.0
2024-06-17,21,FRNYPP_GT22,59.01,0.0,True,1652.28
2024-06-17,21,FRNYPP_GT23,0.0,0.0,False,0.0
2024-06-17,21,FRNYPP_ST10,0.0,0.0,False,0.0
2024-06-17,21,FRNYPP_ST20,126.6,0.0,True,3544.8
2024-06-17,21,FREC_GT1,179.4,0.0,True,5023.2
2024-06-17,21,FREC_GT2,179.4,0.0,True,5023.2
2024-06-17,21,FREC_GT4,179.4,0.0,True,5023.2
2024-06-17,21,FREC_GT5,179.39999999999986,1.4210854715202004e-13,True,5023.2
2024-06-17,21,FREC_ST3,190.7,0.0,True,5339.6
2024-06-17,21,FREC_ST6,190.7,0.0,True,5339.6
2024-06-17,21,FEGC_UNIT1,0.0,0.0,False,0.0
2024-06-17,21,FRONT_EC_CT1,0.0,0.0,False,0.0
2024-06-17,21,FRONT_EC_CT2,0.0,0.0,False,0.0
2024-06-17,21,FRONT_EC_ST,0.0,0.0,False,0.0
2024-06-17,21,GRSES_UNIT1,0.0,0.0,False,0.0
2024-06-17,21,GRSES_UNIT2,0.0,0.0,False,0.0
2024-06-17,21,GBY_GBYGT73,72.0,0.0,True,3024.0
2024-06-17,21,GBY_GBYGT74,72.0,0.0,True,3024.0
2024-06-17,21,GBY_GBYGT81,72.0,0.0,True,3024.0
2024-06-17,21,GBY_GBYGT82,72.0,0.0,True,3024.0
2024-06-17,21,GBY_GBYGT83,72.0,0.0,True,3024.0
2024-06-17,21,GBY_GBYGT84,72.0,0.0,True,3024.0
2024-06-17,21,STEAM_ENGINE_1,0.0,0.0,False,0.0
2024-06-17,21,STEAM_ENGINE_2,0.0,0.0,False,0.0
2024-06-17,21,STEAM_ENGINE_3,0.0,0.0,False,0.0
2024-06-17,21,LGE_LGE_GT1,0.0,0.0,False,0.0
2024-06-17,21,LGE_LGE_GT2,0.0,0.0,False,0.0
2024-06-17,21,LGE_LGE_STG,0.0,0.0,False,0.0
2024-06-17,21,GUADG_GAS1,0.0,0.0,False,0.0
2024-06-17,21,GUADG_GAS2,0.0,0.0,False,0.0
2024-06-17,21,GUADG_GAS3,0.0,0.0,False,0.0
2024-06-17,21,GUADG_GAS4,0.0,0.0,False,0.0
2024-06-17,21,GUADG_STM5,0.0,0.0,False,0.0
2024-06-17,21,GUADG_STM6,0.0,0.0,False,0.0
2024-06-17,21,HLSES_UNIT3,374.72046780770137,20.279532192298632,True,13115.2164
2024-06-17,21,HLSES_UNIT4,130.5,304.5,True,4567.5
2024-06-17,21,HLSES_UNIT5,130.5,304.5,True,4567.5
2024-06-17,21,HAYSEN_HAYSENG1,0.0,0.0,False,0.0
2024-06-17,21,HAYSEN_HAYSENG2,0.0,0.0,False,0.0
2024-06-17,21,HAYSEN_HAYSENG3,0.0,0.0,False,0.0
2024-06-17,21,HAYSEN_HAYSENG4,0.0,0.0,False,0.0
2024-06-17,21,DUKE_DUKE_GT1,0.0,0.0,False,0.0
2024-06-17,21,DUKE_DUKE_GT2,0.0,0.0,False,0.0
2024-06-17,21,DUKE_DUKE_ST1,0.0,0.0,False,0.0
2024-06-17,21,JACKCNTY_CT1,59.67,139.23,True,1670.76
2024-06-17,21,JACKCNTY_CT2,59.67,0.0,True,1670.76
2024-06-17,21,JCKCNTY2_CT3,59.67,0.0,True,1670.76
2024-06-17,21,JCKCNTY2_CT4,59.67,139.23,True,1670.76
2024-06-17,21,JACKCNTY_STG,0.0,0.0,False,0.0
2024-06-17,21,JCKCNTY2_ST2,0.0,0.0,False,0.0
2024-06-17,21,TEN_CT1,185.0,0.0,True,5180.0
2024-06-17,21,TEN_STG,107.0,0.0,True,2996.0
2024-06-17,21,LHSES_UNIT1,0.0,0.0,False,0.0
2024-06-17,21,LHSES_UNIT2A,0.0,0.0,False,0.0
2024-06-17,21,LPCCS_CT11,0.0,0.0,False,0.0
2024-06-17,21,LPCCS_CT12,0.0,0.0,False,0.0
2024-06-17,21,LPCCS_CT21,0.0,0.0,False,0.0
2024-06-17,21,LPCCS_CT22,0.0,0.0,False,0.0
2024-06-17,21,LPCCS_UNIT1,0.0,0.0,False,0.0
2024-06-17,21,LPCCS_UNIT2,0.0,0.0,False,0.0
2024-06-17,21,LARDVFTN_G4,0.0,0.0,False,0.0
2024-06-17,21,LARDVFTN_G5,0.0,0.0,False,0.0
2024-06-17,21,LEON_CRK_LCPCT1,0.0,0.0,False,0.0
2024-06-17,21,LEON_CRK_LCPCT2,0.0,0.0,False,0.0
2024-06-17,21,LEON_CRK_LCPCT3,0.0,0.0,False,0.0
2024-06-17,21,LEON_CRK_LCPCT4,0.0,0.0,False,0.0
2024-06-17,21,LIG_UNIT1,60.5,0.0,True,2541.0
2024-06-17,21,LIG_UNIT2,60.5,0.0,True,2541.0
2024-06-17,21,LOSTPI_LOSTPGT1,60.75,141.75,True,1701.0
2024-06-17,21,LOSTPI_LOSTPGT2,60.75,141.75,True,1701.0
2024-06-17,21,LOSTPI_LOSTPST1,61.2,142.8,True,1713.6
2024-06-17,21,NEDIN_NEDIN_G1,0.0,0.0,False,0.0
2024-06-17,21,NEDIN_NEDIN_G2,0.0,0.0,False,0.0
2024-06-17,21,NEDIN_NEDIN_G3,0.0,0.0,False,0.0
2024-06-17,21,MDANP_CT1,77.4,0.0,True,2167.2
2024-06-17,21,MDANP_CT2,76.8,0.0,True,2150.4
2024-06-17,21,MDANP_CT3,76.5,0.0,True,2142.0
2024-06-17,21,MDANP_CT4,77.4,0.0,True,2167.2
2024-06-17,21,MDANP_CT5,276.0,0.0,True,7728.0
2024-06-17,21,MDANP_CT6,278.0,0.0,True,7784.0
2024-06-17,21,MGSES_CT1,0.0,0.0,False,0.0
2024-06-17,21,MGSES_CT2,0.0,0.0,False,0.0
2024-06-17,21,MGSES_CT3,0.0,0.0,False,0.0
2024-06-17,21,MGSES_CT4,0.0,0.0,False,0.0
2024-06-17,21,MGSES_CT5,0.0,0.0,False,0.0
2024-06-17,21,MGSES_CT6,0.0,0.0,False,0.0
2024-06-17,21,MCSES_UNIT6,122.0,0.0,True,4270.0
2024-06-17,21,MCSES_UNIT7,118.0,0.0,True,4130.0
2024-06-17,21,MCSES_UNIT8,568.0,0.0,True,19880.0
2024-06-17,21,NUECES_B_NUECESG8,0.0,0.0,False,0.0
2024-06-17,21,NUECES_B_NUECESG9,0.0,0.0,False,0.0
2024-06-17,21,NUECES_B_NUECESG7,0.0,0.0,False,0.0
2024-06-17,21,CALAVERS_OWS1,0.0,0.0,False,0.0
2024-06-17,21,CALAVERS_OWS2,0.0,0.0,False,0.0
2024-06-17,21,OECCS_CT11,0.0,0.0,False,0.0
2024-06-17,21,OECCS_CT12,0.0,0.0,False,0.0
2024-06-17,21,OECCS_CT21,0.0,0.0,False,0.0
2024-06-17,21,OECCS_CT22,0.0,0.0,False,0.0
2024-06-17,21,OECCS_UNIT1,0.0,0.0,False,0.0
2024-06-17,21,OECCS_UNIT2,0.0,0.0,False,0.0
2024-06-17,21,VICTPRT2_UNIT1,0.0,0.0,False,0.0
2024-06-17,21,VICTPRT2_UNIT2,0.0,0.0,False,0.0
2024-06-17,21,PANDA_S_SHER1CT1,230.21970571683676,1.7802942831632436,True,6446.1518
2024-06-17,21,PANDA_S_SHER1CT2,232.0,0.0,True,6496.0
2024-06-17,21,PANDA_S_SHER1ST1,353.1,0.0,True,9886.8
2024-06-17,21,PANDA_T1_TMPL1CT1,69.6,162.4,True,1948.8
2024-06-17,21,PANDA_T1_TMPL1CT2,69.6,162.4,True,1948.8
2024-06-17,21,PANDA_T1_TMPL1ST1,324.71970640659333,28.38029359340669,True,9092.1518
2024-06-17,21,PANDA_T2_TMPL2CT1,69.6,162.4,True,1948.8
2024-06-17,21,PANDA_T2_TMPL2CT2,69.6,162.4,True,1948.8
2024-06-17,21,PANDA_T2_TMPL2ST1,353.1,0.0,True,9886.8
2024-06-17,21,TNSKA_GT1,0.0,0.0,False,0.0
2024-06-17,21,TNSKA_GT2,0.0,0.0,False,0.0
2024-06-17,21,TNSKA_STG,0.0,0.0,False,0.0
2024-06-17,21,PSG_PSG_GT2,215.1,0.0,True,6022.8
2024-06-17,21,PSG_PSG_GT3,215.1,0.0,True,6022.8
2024-06-17,21,PSG_PSG_ST2,195.5,0.0,True,5474.0
2024-06-17,21,PEARSAL2_AGR_A,0.0,0.0,False,0.0
2024-06-17,21,PEARSAL2_AGR_B,0.0,0.0,False,0.0
2024-06-17,21,PEARSAL2_AGR_C,0.0,0.0,False,0.0
2024-06-17,21,PEARSAL2_AGR_D,0.0,0.0,False,0.0
2024-06-17,21,PB2SES_CT1,0.0,0.0,False,0.0
2024-06-17,21,PB2SES_CT2,0.0,0.0,False,0.0
2024-06-17,21,PB2SES_CT3,0.0,0.0,False,0.0
2024-06-17,21,PB2SES_CT4,0.0,0.0,False,0.0
2024-06-17,21,PB2SES_CT5,0.0,0.0,False,0.0
2024-06-17,21,PRO_UNIT1,60.5,0.0,True,2541.0
2024-06-17,21,PRO_UNIT2,6.05,54.45,True,254.1
2024-06-17,21,PRO_UNIT3,6.05,54.45,True,254.1
2024-06-17,21,PRO_UNIT4,6.05,54.45,True,254.1
2024-06-17,21,PRO_UNIT5,6.05,54.45,True,254.1
2024-06-17,21,PRO_UNIT6,6.05,54.45,True,254.1
2024-06-17,21,PRO_UNIT7,6.05,54.45,True,254.1
2024-06-17,21,PRO_UNIT8,6.05,54.45,True,254.1
2024-06-17,21,BAC_CTG1,65.0,0.0,True,2730.0
2024-06-17,21,BAC_CTG2,65.0,0.0,True,2730.0
2024-06-17,21,BAC_CTG3,65.0,0.0,True,2730.0
2024-06-17,21,BAC_CTG4,65.0,0.0,True,2730.0
2024-06-17,21,BAC_CTG5,65.0,0.0,True,2730.0
2024-06-17,21,BAC_CTG6,65.0,0.0,True,2730.0
2024-06-17,21,STEAM1A_STEAM_1,0.0,0.0,False,0.0
2024-06-17,21,STEAM_STEAM_2,0.0,0.0,False,0.0
2024-06-17,21,STEAM_STEAM_3,0.0,0.0,False,0.0
2024-06-17,21,QALSW_GT1,0.0,0.0,False,0.0
2024-06-17,21,QALSW_GT2,0.0,0.0,False,0.0
2024-06-17,21,QALSW_GT3,0.0,0.0,False,0.0
2024-06-17,21,QALSW_GT4,0.0,0.0,False,0.0
2024-06-17,21,QALSW_STG1,0.0,0.0,False,0.0
2024-06-17,21,QALSW_STG2,0.0,0.0,False,0.0
2024-06-17,21,MIL_MILLERG4,0.0,0.0,False,0.0
2024-06-17,21,MIL_MILLERG5,0.0,0.0,False,0.0
2024-06-17,21,MIL_MILLERG1,0.0,0.0,False,0.0
2024-06-17,21,MIL_MILLERG2,0.0,0.0,False,0.0
2024-06-17,21,MIL_MILLERG3,0.0,0.0,False,0.0
2024-06-17,21,OLINGR_OLING_4,0.0,0.0,False,0.0
2024-06-17,21,OLINGR_OLING_2,0.0,0.0,False,0.0
2024-06-17,21,OLINGR_OLING_3,0.0,0.0,False,0.0
2024-06-17,21,RAB_UNIT1,0.0,0.0,False,0.0
2024-06-17,21,RAB_UNIT2,0.0,0.0,False,0.0
2024-06-17,21,RAB_UNIT3,0.0,0.0,False,0.0
2024-06-17,21,RAB_UNIT4,0.0,0.0,False,0.0
2024-06-17,21,RAB_UNIT5,0.0,0.0,False,0.0
2024-06-17,21,RAB_UNIT6,0.0,0.0,False,0.0
2024-06-17,21,RAB_UNIT7,0.0,0.0,False,0.0
2024-06-17,21,RAB_UNIT8,0.0,0.0,False,0.0
2024-06-17,21,REDGATE_AGR_A,0.0,0.0,False,0.0
2024-06-17,21,REDGATE_AGR_B,0.0,0.0,False,0.0
2024-06-17,21,REDGATE_AGR_C,0.0,0.0,False,0.0
2024-06-17,21,REDGATE_AGR_D,0.0,0.0,False,0.0
2024-06-17,21,JAD_UNIT1,60.5,0.0,True,2541.0
2024-06-17,21,JAD_UNIT2,60.5,0.0,True,2541.0
2024-06-17,21,JAD_UNIT3,60.5,0.0,True,2541.0
2024-06-17,21,JAD_UNIT4,6.05,54.45,True,254.1
2024-06-17,21,JAD_UNIT5,6.05,54.45,True,254.1
2024-06-17,21,JAD_UNIT6,31.480835082408905,29.019164917591098,True,1322.1951
2024-06-17,21,JAD_UNIT7,6.05,54.45,True,254.1
2024-06-17,21,JAD_UNIT8,6.05,54.45,True,254.1
2024-06-17,21,RIONOG_CT1,0.0,0.0,False,0.0
2024-06-17,21,RIONOG_CT2,0.0,0.0,False,0.0
2024-06-17,21,RIONOG_CT3,0.0,0.0,False,0.0
2024-06-17,21,RIONOG_ST1,0.0,0.0,False,0.0
2024-06-17,21,RAYBURN_RAYBURG7,60.5,0.0,True,1694.0
2024-06-17,21,RAYBURN_RAYBURG8,60.5,0.0,True,1694.0
2024-06-17,21,RAYBURN_RAYBURG9,60.5,0.0,True,1694.0
2024-06-17,21,RAYBURN_RAYBURG10,12.6,29.4,True,352.8
2024-06-17,21,SJS_SJS_G1,88.19999999999999,1.4210854715202004e-14,True,3704.4
2024-06-17,21,SJS_SJS_G2,88.19999999999999,1.4210854715202004e-14,True,3704.4
2024-06-17,21,SANDHSYD_SH1,0.0,0.0,False,0.0
2024-06-17,21,SANDHSYD_SH2,0.0,0.0,False,0.0
2024-06-17,21,SANDHSYD_SH3,0.0,0.0,False,0.0
2024-06-17,21,SANDHSYD_SH4,0.0,0.0,False,0.0
2024-06-17,21,SANDHSYD_SH_5A,198.90000000000003,-2.842170943040401e-14,True,5569.2
2024-06-17,21,SANDHSYD_SH6,0.0,0.0,False,0.0
2024-06-17,21,SANDHSYD_SH7,0.0,0.0,False,0.0
2024-06-17,21,SANDHSYD_SH_5C,191.0,0.0,True,5348.0
2024-06-17,21,SILASRAY_SILAS_10,0.0,0.0,False,0.0
2024-06-17,21,SILASRAY_SILAS_9,0.0,0.0,False,0.0
2024-06-17,21,SILASRAY_SILAS_6,0.0,0.0,False,0.0
2024-06-17,21,GIDEON_GIDEONG1,0.0,0.0,False,0.0
2024-06-17,21,GIDEON_GIDEONG2,0.0,0.0,False,0.0
2024-06-17,21,GIDEON_GIDEONG3,0.0,0.0,False,0.0
2024-06-17,21,SKY1_SKY1A,0.0,0.0,False,0.0
2024-06-17,21,SKY1_SKY1B,0.0,0.0,False,0.0
2024-06-17,21,SPNCER_SPNCE_4,0.0,0.0,False,0.0
2024-06-17,21,SPNCER_SPNCE_5,0.0,0.0,False,0.0
2024-06-17,21,SCSES_UNIT1A,0.0,0.0,False,0.0
2024-06-17,21,SCSES_UNIT2,0.0,0.0,False,0.0
2024-06-17,21,THW_THWGT_1,16.3,0.0,True,684.6
2024-06-17,21,THW_THWGT31,51.3,0.0,True,1436.4
2024-06-17,21,THW_THWGT32,51.3,0.0,True,1436.4
2024-06-17,21,THW_THWGT33,51.3,0.0,True,1436.4
2024-06-17,21,THW_THWGT34,51.3,0.0,True,1436.4
2024-06-17,21,THW_THWGT41,51.3,0.0,True,1436.4
2024-06-17,21,THW_THWGT42,51.3,0.0,True,1436.4
2024-06-17,21,THW_THWGT43,62.0,0.0,True,1736.0
2024-06-17,21,THW_THWGT44,62.0,0.0,True,1736.0
2024-06-17,21,THW_THWGT51,85.0,0.0,True,3570.0
2024-06-17,21,THW_THWGT52,85.0,0.0,True,3570.0
2024-06-17,21,THW_THWGT53,8.5,76.5,True,357.0
2024-06-17,21,THW_THWGT54,85.0,0.0,True,3570.0
2024-06-17,21,THW_THWGT55,8.5,76.5,True,357.0
2024-06-17,21,THW_THWGT56,23.60802322987388,61.39197677012612,True,991.537
2024-06-17,21,THW_THWST_3,113.1,0.0,True,3166.8
2024-06-17,21,THW_THWST_4,113.1,0.0,True,3166.8
2024-06-17,21,TXCTY_CTA,129.1,0.0,True,3614.8
2024-06-17,21,TXCTY_CTB,129.1,0.0,True,3614.8
2024-06-17,21,TXCTY_CTC,129.1,0.0,True,3614.8
2024-06-17,21,TXCTY_ST,143.7,0.0,True,4023.6
2024-06-17,21,TGS_GT01,0.0,0.0,False,0.0
2024-06-17,21,TIMPP_AGR1,0.0,0.0,False,0.0
2024-06-17,21,TIMPP_AGR2,0.0,0.0,False,0.0
2024-06-17,21,TIMPP_AGR3,0.0,0.0,False,0.0
2024-06-17,21,TIMPP_AGR4,0.0,0.0,False,0.0
2024-06-17,21,TRSES_UNIT6,71.7,167.3,True,2509.5
2024-06-17,21,TOPAZ_UNIT1,60.5,0.0,True,2541.0
2024-06-17,21,TOPAZ_UNIT2,60.5,0.0,True,2541.0
2024-06-17,21,TOPAZ_UNIT3,60.5,0.0,True,2541.0
2024-06-17,21,TOPAZ_UNIT4,60.5,0.0,True,2541.0
2024-06-17,21,TOPAZ_UNIT5,60.5,0.0,True,2541.0
2024-06-17,21,TOPAZ_UNIT6,60.5,0.0,True,2541.0
2024-06-17,21,TOPAZ_UNIT7,60.5,0.0,True,2541.0
2024-06-17,21,TOPAZ_UNIT8,60.5,0.0,True,2541.0
2024-06-17,21,TOPAZ_UNIT9,60.5,0.0,True,2541.0
2024-06-17,21,TOPAZ_UNIT10,60.5,0.0,True,2541.0
2024-06-17,21,BRAUNIG_VHB6CT5,0.0,0.0,False,0.0
2024-06-17,21,BRAUNIG_VHB6CT6,0.0,0.0,False,0.0
2024-06-17,21,BRAUNIG_VHB6CT7,0.0,0.0,False,0.0
2024-06-17,21,BRAUNIG_VHB6CT8,0.0,0.0,False,0.0
2024-06-17,21,CITYVICT_CTG01,0.0,0.0,False,0.0
2024-06-17,21,CITYVICT_CTG02,0.0,0.0,False,0.0
2024-06-17,21,VICTPORT_CTG01,0.0,0.0,False,0.0
2024-06-17,21,VICTPORT_CTG02,0.0,0.0,False,0.0
2024-06-17,21,VICTORIA_VICTORG6,0.0,0.0,False,0.0
2024-06-17,21,VICTORIA_VICTORG5,0.0,0.0,False,0.0
2024-06-17,21,WAP_WAPGT_1,0.0,0.0,False,0.0
2024-06-17,21,WAP_WAP_G1,0.0,0.0,False,0.0
2024-06-17,21,WAP_WAP_G2,0.0,0.0,False,0.0
2024-06-17,21,WAP_WAP_G3,0.0,0.0,False,0.0
2024-06-17,21,WAP_WAP_G4,0.0,0.0,False,0.0
2024-06-17,21,WFCOGEN_UNIT1,0.0,0.0,False,0.0
2024-06-17,21,WFCOGEN_UNIT2,0.0,0.0,False,0.0
2024-06-17,21,WFCOGEN_UNIT3,0.0,0.0,False,0.0
2024-06-17,21,WIPOPA_WPP_G1,0.0,0.0,False,0.0
2024-06-17,21,WIPOPA_WPP_G2,0.0,0.0,False,0.0
2024-06-17,21,WIPOPA_WPP_G3,0.0,0.0,False,0.0
2024-06-17,21,WIPOPA_WPP_G4,0.0,0.0,False,0.0
2024-06-17,21,WCPP_CT1,210.51619452598507,64.48380547401493,True,5894.4534
2024-06-17,21,WCPP_CT2,275.0,0.0,True,7700.0
2024-06-17,21,WCPP_ST1,298.0,0.0,True,8344.0
2024-06-17,21,WHCCS_CT1,264.5,0.0,True,7406.0
2024-06-17,21,WHCCS_CT2,264.5,0.0,True,7406.0
2024-06-17,21,WHCCS_STG,300.0,0.0,True,8400.0
2024-06-17,21,WHCCS2_CT4,360.0,0.0,True,10080.0
2024-06-17,21,WHCCS2_CT5,360.0,0.0,True,10080.0
2024-06-17,21,WHCCS2_STG6,511.2,0.0,True,14313.6
2024-06-17,21,NACPW_UNIT1,0.0,0.0,False,0.0
2024-06-17,21,HBR_2UNITS,3.2,0.0,True,128.0
2024-06-17,21,TRIRA_1UNIT,0.8,3.2,True,32.0
2024-06-17,21,78252_4UNITS,0.0,0.0,False,0.0
2024-06-17,21,SPRIN_4UNITS,0.0,0.0,False,0.0
2024-06-17,21,FREIH_2UNITS,0.0,0.0,False,0.0
2024-06-17,21,WSTHL_3UNITS,0.96,3.84,True,38.4
2024-06-17,21,FEGC_CTG2,0.0,0.0,False,0.0
2024-06-17,21,FEGC_CTG3,0.0,0.0,False,0.0
2024-06-17,21,FEGC_CTG4,0.0,0.0,False,0.0
2024-06-17,21,OLNEYTN_AGR1,0.0,0.0,False,0.0
2024-06-17,21,AMISTAD_AMISTAG1,3.79,34.11,True,3.79
2024-06-17,21,AMISTAD_AMISTAG2,3.79,34.11,True,3.79
2024-06-17,21,AUSTPL_AUSTING1,9.0,0.0,True,9.0
2024-06-17,21,AUSTPL_AUSTING2,9.0,0.0,True,9.0
2024-06-17,21,BUCHAN_BUCHANG1,18.299999999999997,3.552713678800501e-15,True,18.3
2024-06-17,21,BUCHAN_BUCHANG2,18.299999999999997,3.552713678800501e-15,True,18.3
2024-06-17,21,BUCHAN_BUCHANG3,10.419420266973676,7.880579733026327,True,10.4194
2024-06-17,21,DNDAM_DENISOG1,50.8,0.0,True,50.8
2024-06-17,21,DNDAM_DENISOG2,50.8,0.0,True,50.8
2024-06-17,21,FALCON_FALCONG1,12.0,0.0,True,12.0
2024-06-17,21,FALCON_FALCONG2,12.0,0.0,True,12.0
2024-06-17,21,FALCON_FALCONG3,12.0,0.0,True,12.0
2024-06-17,21,WIRTZ_WIRTZ_G1,29.0,0.0,True,29.0
2024-06-17,21,WIRTZ_WIRTZ_G2,29.0,0.0,True,29.0
2024-06-17,21,CANYHY_CANYHYG1,6.0,0.0,True,6.0
2024-06-17,21,INKSDA_INKS_G1,1.5,13.5,True,1.5
2024-06-17,21,MARBFA_MARBFAG1,21.0,0.0,True,21.0
2024-06-17,21,MARBFA_MARBFAG2,20.0,0.0,True,20.0
2024-06-17,21,MARSFO_MARSFOG1,36.0,0.0,True,36.0
2024-06-17,21,MARSFO_MARSFOG2,36.0,0.0,True,36.0
2024-06-17,21,MARSFO_MARSFOG3,36.0,0.0,True,36.0
2024-06-17,21,WND_WHITNEY1,22.0,0.0,True,22.0
2024-06-17,21,WND_WHITNEY2,22.0,0.0,True,22.0
2024-06-17,21,AEEC_ANTLP_1,0.0,0.0,False,0.0
2024-06-17,21,AEEC_ANTLP_2,0.0,0.0,False,0.0
2024-06-17,21,AEEC_ANTLP_3,0.0,0.0,False,0.0
2024-06-17,21,AEEC_ELK_1,0.0,0.0,False,0.0
2024-06-17,21,AEEC_ELK_2,0.0,0.0,False,0.0
2024-06-17,21,AEEC_ELK_3,0.0,0.0,False,0.0
2024-06-17,21,FTR_FTR_G1,185.0,0.0,True,5180.0
2024-06-17,21,FTR_FTR_G2,185.0,0.0,True,5180.0
2024-06-17,21,FTR_FTR_G3,185.0,0.0,True,5180.0
2024-06-17,21,FTR_FTR_G4,400.0,0.0,True,11200.0
2024-06-17,21,TGCCS_CT1,0.0,0.0,False,0.0
2024-06-17,21,TGCCS_CT2,0.0,0.0,False,0.0
2024-06-17,21,TGCCS_CT3,53.7,125.3,True,1503.6
2024-06-17,21,TGCCS_UNIT4,120.0,280.0,True,3360.0
2024-06-17,21,KMCHI_1CT101,185.0,0.0,True,5180.0
2024-06-17,21,KMCHI_1CT201,185.0,0.0,True,5180.0
2024-06-17,21,KMCHI_1ST,99.0,231.0,True,2772.0
2024-06-17,21,KMCHI_2CT101,55.5,129.5,True,1554.0
2024-06-17,21,KMCHI_2CT201,185.0,0.0,True,5180.0
2024-06-17,21,KMCHI_2ST,330.0,0.0,True,9240.0
2024-06-17,21,A4_DGR1,0.0,0.0,False,0.0
2024-06-17,21,A4_DGR2,0.0,0.0,False,0.0
2024-06-17,21,K2_DGR1,0.0,0.0,False,0.0
2024-06-17,21,K2_DGR2,0.0,0.0,False,0.0
2024-06-17,21,P2_DGR1,0.0,0.0,False,0.0
2024-06-17,21,P2_DGR2,0.0,0.0,False,0.0
2024-06-17,21,Q1_DGR1,0.0,0.0,False,0.0
2024-06-17,21,BRAUNIG_VHB3,0.0,0.0,False,0.0
2024-06-17,21,V2_DGR1,0.0,0.0,False,0.0
2024-06-17,21,V2_DGR2,0.0,0.0,False,0.0
2024-06-17,21,V2_DGR3,0.0,0.0,False,0.0
2024-06-17,21,V4_DGR1,0.0,0.0,False,0.0
2024-06-17,21,X1_DGR1,0.0,0.0,False,0.0
2024-06-17,21,Z0_DGR1,0.0,0.0,False,0.0
2024-06-17,21,Z0_DGR2,0.0,0.0,False,0.0
2024-06-17,21,Z5_DGR1,0.0,0.0,False,0.0
2024-06-17,21,DC_E,60.0,540.0,True,2100.0
2024-06-17,21,DC_N,0.0,0.0,False,0.0
2024-06-17,21,DC_L,0.0,0.0,False,0.0
2024-06-17,21,DC_R,0.0,0.0,False,0.0
2024-06-17,21,CEDARVALE_GAS,0.0,0.0,False,0.0
2024-06-17,21,ENCHANTED_ROCK_NEWPP,30.0,0.0,True,1350.0
2024-06-17,22,CPSES_UNIT1,1269.0,0.0,True,10152.0
2024-06-17,22,CPSES_UNIT2,1269.0,0.0,True,10152.0
2024-06-17,22,STP_STP_G1,1244.713242146791,120.28675785320911,True,9957.7059
2024-06-17,22,STP_STP_G2,1365.0,0.0,True,10920.0
2024-06-17,22,COLETO_COLETOG1,0.0,0.0,False,0.0
2024-06-17,22,FPPYD1_FPP_G1,615.0,0.0,True,15375.0
2024-06-17,22,FPPYD1_FPP_G2,615.0,0.0,True,15375.0
2024-06-17,22,FPPYD2_FPP_G3,460.0,0.0,True,11500.0
2024-06-17,22,CALAVERS_JKS1,224.0,336.0,True,5600.0
2024-06-17,22,CALAVERS_JKS2,368.8,553.2,True,9220.0
2024-06-17,22,LEG_LEG_G1,893.0,0.0,True,22325.0
2024-06-17,22,LEG_LEG_G2,956.8,0.0,True,23920.0
2024-06-17,22,MLSES_UNIT1,893.0,0.0,True,22325.0
2024-06-17,22,MLSES_UNIT2,893.0,0.0,True,22325.0
2024-06-17,22,MLSES_UNIT3,749.5695647321611,143.4304352678389,True,18739.2391
2024-06-17,22,OGSES_UNIT1A,916.8,0.0,True,22920.0
2024-06-17,22,OGSES_UNIT2,916.8,0.0,True,22920.0
2024-06-17,22,SANMIGL_G1,0.0,0.0,False,0.0
2024-06-17,22,SCES_UNIT1,1008.0,0.0,True,25200.0
2024-06-17,22,TNP_ONE_TNP_O_1,174.6,0.0,True,4365.0
2024-06-17,22,TNP_ONE_TNP_O_2,174.6,0.0,True,4365.0
2024-06-17,22,WAP_WAP_G5,0.0,0.0,False,0.0
2024-06-17,22,WAP_WAP_G6,0.0,0.0,False,0.0
2024-06-17,22,WAP_WAP_G7,0.0,0.0,False,0.0
2024-06-17,22,WAP_WAP_G8,0.0,0.0,False,0.0
2024-06-17,22,BRAUNIG_AVR1_CT1,0.0,0.0,False,0.0
2024-06-17,22,BRAUNIG_AVR1_CT2,0.0,0.0,False,0.0
2024-06-17,22,BRAUNIG_AVR1_ST,0.0,0.0,False,0.0
2024-06-17,22,ATKINS_ATKINSG7,0.0,0.0,False,0.0
2024-06-17,22,B_DAVIS_B_DAVIG3,0.0,0.0,False,0.0
2024-06-17,22,B_DAVIS_B_DAVIG4,0.0,0.0,False,0.0
2024-06-17,22,B_DAVIS_B_DAVIG1,0.0,0.0,False,0.0
2024-06-17,22,B_DAVIS_B_DAVIG2,0.0,0.0,False,0.0
2024-06-17,22,BASTEN_GTG1100,0.0,0.0,False,0.0
2024-06-17,22,BASTEN_GTG2100,0.0,0.0,False,0.0
2024-06-17,22,BASTEN_ST0100,242.0,0.0,True,6776.0
2024-06-17,22,BCH_UNIT1,0.0,0.0,False,0.0
2024-06-17,22,BCH_UNIT2,0.0,0.0,False,0.0
2024-06-17,22,BCH_UNIT3,60.5,0.0,True,2541.0
2024-06-17,22,BCH_UNIT4,60.5,0.0,True,2541.0
2024-06-17,22,BCH_UNIT5,60.5,0.0,True,2541.0
2024-06-17,22,BCH_UNIT6,60.5,0.0,True,2541.0
2024-06-17,22,BCH_UNIT7,60.5,0.0,True,2541.0
2024-06-17,22,BCH_UNIT8,0.0,0.0,False,0.0
2024-06-17,22,BOSQUESW_BSQSU_1,56.61,132.08999999999997,True,1585.08
2024-06-17,22,BOSQUESW_BSQSU_2,56.61,132.08999999999997,True,1585.08
2024-06-17,22,BOSQUESW_BSQSU_3,56.61,132.08999999999997,True,1585.08
2024-06-17,22,BOSQUESW_BSQSU_4,28.5,66.5,True,798.0
2024-06-17,22,BOSQUESW_BSQSU_5,76.26,177.94,True,2135.28
2024-06-17,22,BVE_UNIT1,0.0,0.0,False,0.0
2024-06-17,22,BVE_UNIT2,0.0,0.0,False,0.0
2024-06-17,22,BVE_UNIT3,0.0,0.0,False,0.0
2024-06-17,22,BTM_UNIT1,0.0,0.0,False,0.0
2024-06-17,22,BTM_UNIT2,0.0,0.0,False,0.0
2024-06-17,22,BTM_UNIT3,0.0,0.0,False,0.0
2024-06-17,22,BTM_UNIT4,0.0,0.0,False,0.0
2024-06-17,22,BTM_UNIT5,0.0,0.0,False,0.0
2024-06-17,22,BTM_UNIT6,0.0,0.0,False,0.0
2024-06-17,22,BTM_UNIT7,0.0,0.0,False,0.0
2024-06-17,22,BTM_UNIT8,0.0,0.0,False,0.0
2024-06-17,22,FLCNS_UNIT1,0.0,0.0,False,0.0
2024-06-17,22,FLCNS_UNIT2,0.0,0.0,False,0.0
2024-06-17,22,CALHOUN_UNIT1,0.0,0.0,False,0.0
2024-06-17,22,CALHOUN_UNIT2,0.0,0.0,False,0.0
2024-06-17,22,CHAMON_CTG_0101,6.05,54.45,True,254.1
2024-06-17,22,CHAMON_CTG_0301,6.05,54.45,True,254.1
2024-06-17,22,CBY4_CT41,205.0,0.0,True,5740.0
2024-06-17,22,CBY4_CT42,205.0,0.0,True,5740.0
2024-06-17,22,CBY4_ST04,205.0,0.0,True,5740.0
2024-06-17,22,CBY_CBY_G1,765.0,0.0,True,26775.0
2024-06-17,22,CBY_CBY_G2,765.0,0.0,True,26775.0
2024-06-17,22,CBEC_GT1,0.0,0.0,False,0.0
2024-06-17,22,CBEC_GT2,0.0,0.0,False,0.0
2024-06-17,22,CBEC_GT3,0.0,0.0,False,0.0
2024-06-17,22,CBEC_GT4,0.0,0.0,False,0.0
2024-06-17,22,CBEC_STG1,0.0,0.0,False,0.0
2024-06-17,22,CBEC_STG2,0.0,0.0,False,0.0
2024-06-17,22,CBECII_CT7,0.0,0.0,False,0.0
2024-06-17,22,CBECII_CT8,0.0,0.0,False,0.0
2024-06-17,22,CBECII_STG9,0.0,0.0,False,0.0
2024-06-17,22,CBEC_GT11,0.0,0.0,False,0.0
2024-06-17,22,CBEC_GT12,0.0,0.0,False,0.0
2024-06-17,22,CVC_CVC_G1,192.1,0.0,True,5378.8
2024-06-17,22,CVC_CVC_G2,192.1,0.0,True,5378.8
2024-06-17,22,CVC_CVC_G3,192.1,0.0,True,5378.8
2024-06-17,22,CVC_CVC_G5,150.0,0.0,True,4200.0
2024-06-17,22,DANSBY_DANSBYG2,0.0,0.0,False,0.0
2024-06-17,22,DANSBY_DANSBYG3,0.0,0.0,False,0.0
2024-06-17,22,DANSBY_DANSBYG1,36.0,84.0,True,1260.0
2024-06-17,22,DECKER_DPGT_1,0.0,0.0,False,0.0
2024-06-17,22,DECKER_DPGT_2,0.0,0.0,False,0.0
2024-06-17,22,DECKER_DPGT_3,0.0,0.0,False,0.0
2024-06-17,22,DECKER_DPGT_4,0.0,0.0,False,0.0
2024-06-17,22,DCSES_CT10,0.0,0.0,False,0.0
2024-06-17,22,DCSES_CT20,0.0,0.0,False,0.0
2024-06-17,22,DCSES_CT30,0.0,0.0,False,0.0
2024-06-17,22,DCSES_CT40,0.0,0.0,False,0.0
2024-06-17,22,DDPEC_GT1,60.9,142.1,True,1705.2
2024-06-17,22,DDPEC_GT2,64.5,150.5,True,1806.0
2024-06-17,22,DDPEC_GT3,60.9,142.1,True,1705.2
2024-06-17,22,DDPEC_GT4,215.0,0.0,True,6020.0
2024-06-17,22,DDPEC_GT6,59.7,139.3,True,1671.6
2024-06-17,22,DDPEC_ST1,145.73485910896198,144.26514089103802,True,4080.5761
2024-06-17,22,DEC_AGR_A,0.0,0.0,False,0.0
2024-06-17,22,DEC_AGR_B,0.0,0.0,False,0.0
2024-06-17,22,DEC_AGR_C,0.0,0.0,False,0.0
2024-06-17,22,DEC_AGR_D,0.0,0.0,False,0.0
2024-06-17,22,ECEC_G1,0.0,0.0,False,0.0
2024-06-17,22,ECEC_G2,0.0,0.0,False,0.0
2024-06-17,22,ETCCS_CT1,260.0,0.0,True,7280.0
2024-06-17,22,ETCCS_UNIT1,140.0,0.0,True,3920.0
2024-06-17,22,AZ_AZ_G1,4.0,36.0,True,168.0
2024-06-17,22,AZ_AZ_G2,4.0,36.0,True,168.0
2024-06-17,22,AZ_AZ_G3,40.0,0.0,True,1680.0
2024-06-17,22,AZ_AZ_G4,40.0,0.0,True,1680.0
2024-06-17,22,FERGCC_FERGGT1,0.0,0.0,False,0.0
2024-06-17,22,FERGCC_FERGGT2,0.0,0.0,False,0.0
2024-06-17,22,FERGCC_FERGST1,0.0,0.0,False,0.0
2024-06-17,22,FRNYPP_GT11,59.01,0.0,True,1652.28
2024-06-17,22,FRNYPP_GT12,59.01,137.69,True,1652.28
2024-06-17,22,FRNYPP_GT13,59.01,0.0,True,1652.28
2024-06-17,22,FRNYPP_GT21,0.0,0.0,False,0.0
2024-06-17,22,FRNYPP_GT22,183.0140608835327,13.685939116467296,True,5124.3937
2024-06-17,22,FRNYPP_GT23,0.0,0.0,False,0.0
2024-06-17,22,FRNYPP_ST10,0.0,0.0,False,0.0
2024-06-17,22,FRNYPP_ST20,422.0,0.0,True,11816.0
2024-06-17,22,FREC_GT1,179.39999999999998,2.842170943040401e-14,True,5023.2
2024-06-17,22,FREC_GT2,179.4,0.0,True,5023.2
2024-06-17,22,FREC_GT4,179.4,0.0,True,5023.2
2024-06-17,22,FREC_GT5,179.4,0.0,True,5023.2
2024-06-17,22,FREC_ST3,190.7,0.0,True,5339.6
2024-06-17,22,FREC_ST6,190.7,0.0,True,5339.6
2024-06-17,22,FEGC_UNIT1,0.0,0.0,False,0.0
2024-06-17,22,FRONT_EC_CT1,0.0,0.0,False,0.0
2024-06-17,22,FRONT_EC_CT2,0.0,0.0,False,0.0
2024-06-17,22,FRONT_EC_ST,0.0,0.0,False,0.0
2024-06-17,22,GRSES_UNIT1,0.0,0.0,False,0.0
2024-06-17,22,GRSES_UNIT2,0.0,0.0,False,0.0
2024-06-17,22,GBY_GBYGT73,7.2,64.8,True,302.4
2024-06-17,22,GBY_GBYGT74,7.2,64.8,True,302.4
2024-06-17,22,GBY_GBYGT81,7.2,64.8,True,302.4
2024-06-17,22,GBY_GBYGT82,7.2,64.8,True,302.4
2024-06-17,22,GBY_GBYGT83,7.2,64.8,True,302.4
2024-06-17,22,GBY_GBYGT84,54.645013276658005,17.354986723341995,True,2295.0906
2024-06-17,22,STEAM_ENGINE_1,0.0,0.0,False,0.0
2024-06-17,22,STEAM_ENGINE_2,0.0,0.0,False,0.0
2024-06-17,22,STEAM_ENGINE_3,0.0,0.0,False,0.0
2024-06-17,22,LGE_LGE_GT1,0.0,0.0,False,0.0
2024-06-17,22,LGE_LGE_GT2,0.0,0.0,False,0.0
2024-06-17,22,LGE_LGE_STG,0.0,0.0,False,0.0
2024-06-17,22,GUADG_GAS1,0.0,0.0,False,0.0
2024-06-17,22,GUADG_GAS2,0.0,0.0,False,0.0
2024-06-17,22,GUADG_GAS3,0.0,0.0,False,0.0
2024-06-17,22,GUADG_GAS4,0.0,0.0,False,0.0
2024-06-17,22,GUADG_STM5,0.0,0.0,False,0.0
2024-06-17,22,GUADG_STM6,0.0,0.0,False,0.0
2024-06-17,22,HLSES_UNIT3,118.5,276.5,True,4147.5
2024-06-17,22,HLSES_UNIT4,0.0,0.0,False,0.0
2024-06-17,22,HLSES_UNIT5,0.0,0.0,False,0.0
2024-06-17,22,HAYSEN_HAYSENG1,0.0,0.0,False,0.0
2024-06-17,22,HAYSEN_HAYSENG2,0.0,0.0,False,0.0
2024-06-17,22,HAYSEN_HAYSENG3,0.0,0.0,False,0.0
2024-06-17,22,HAYSEN_HAYSENG4,0.0,0.0,False,0.0
2024-06-17,22,DUKE_DUKE_GT1,0.0,0.0,False,0.0
2024-06-17,22,DUKE_DUKE_GT2,0.0,0.0,False,0.0
2024-06-17,22,DUKE_DUKE_ST1,0.0,0.0,False,0.0
2024-06-17,22,JACKCNTY_CT1,186.53214633959345,12.367853660406553,True,5222.9001
2024-06-17,22,JACKCNTY_CT2,59.67,139.23,True,1670.76
2024-06-17,22,JCKCNTY2_CT3,198.90000000000003,-2.842170943040401e-14,True,5569.2
2024-06-17,22,JCKCNTY2_CT4,198.90000000000003,-2.842170943040401e-14,True,5569.2
2024-06-17,22,JACKCNTY_STG,0.0,0.0,False,0.0
2024-06-17,22,JCKCNTY2_ST2,96.18,0.0,True,2693.04
2024-06-17,22,TEN_CT1,185.0,0.0,True,5180.0
2024-06-17,22,TEN_STG,107.0,0.0,True,2996.0
2024-06-17,22,LHSES_UNIT1,0.0,0.0,False,0.0
2024-06-17,22,LHSES_UNIT2A,0.0,0.0,False,0.0
2024-06-17,22,LPCCS_CT11,0.0,0.0,False,0.0
2024-06-17,22,LPCCS_CT12,0.0,0.0,False,0.0
2024-06-17,22,LPCCS_CT21,0.0,0.0,False,0.0
2024-06-17,22,LPCCS_CT22,0.0,0.0,False,0.0
2024-06-17,22,LPCCS_UNIT1,64.8,0.0,True,1814.4
2024-06-17,22,LPCCS_UNIT2,64.8,0.0,True,1814.4
2024-06-17,22,LARDVFTN_G4,0.0,0.0,False,0.0
2024-06-17,22,LARDVFTN_G5,0.0,0.0,False,0.0
2024-06-17,22,LEON_CRK_LCPCT1,0.0,0.0,False,0.0
2024-06-17,22,LEON_CRK_LCPCT2,0.0,0.0,False,0.0
2024-06-17,22,LEON_CRK_LCPCT3,0.0,0.0,False,0.0
2024-06-17,22,LEON_CRK_LCPCT4,0.0,0.0,False,0.0
2024-06-17,22,LIG_UNIT1,6.05,54.45,True,254.1
2024-06-17,22,LIG_UNIT2,6.05,54.45,True,254.1
2024-06-17,22,LOSTPI_LOSTPGT1,0.0,0.0,False,0.0
2024-06-17,22,LOSTPI_LOSTPGT2,0.0,0.0,False,0.0
2024-06-17,22,LOSTPI_LOSTPST1,0.0,0.0,False,0.0
2024-06-17,22,NEDIN_NEDIN_G1,0.0,0.0,False,0.0
2024-06-17,22,NEDIN_NEDIN_G2,0.0,0.0,False,0.0
2024-06-17,22,NEDIN_NEDIN_G3,0.0,0.0,False,0.0
2024-06-17,22,MDANP_CT1,258.0,0.0,True,7224.0
2024-06-17,22,MDANP_CT2,256.0,0.0,True,7168.0
2024-06-17,22,MDANP_CT3,255.0,0.0,True,7140.0
2024-06-17,22,MDANP_CT4,258.0,0.0,True,7224.0
2024-06-17,22,MDANP_CT5,276.0,0.0,True,7728.0
2024-06-17,22,MDANP_CT6,278.0,0.0,True,7784.0
2024-06-17,22,MGSES_CT1,0.0,0.0,False,0.0
2024-06-17,22,MGSES_CT2,0.0,0.0,False,0.0
2024-06-17,22,MGSES_CT3,0.0,0.0,False,0.0
2024-06-17,22,MGSES_CT4,0.0,0.0,False,0.0
2024-06-17,22,MGSES_CT5,0.0,0.0,False,0.0
2024-06-17,22,MGSES_CT6,0.0,0.0,False,0.0
2024-06-17,22,MCSES_UNIT6,36.6,85.4,True,1281.0
2024-06-17,22,MCSES_UNIT7,35.4,82.6,True,1239.0
2024-06-17,22,MCSES_UNIT8,170.4,397.6,True,5964.0
2024-06-17,22,NUECES_B_NUECESG8,0.0,0.0,False,0.0
2024-06-17,22,NUECES_B_NUECESG9,0.0,0.0,False,0.0
2024-06-17,22,NUECES_B_NUECESG7,0.0,0.0,False,0.0
2024-06-17,22,CALAVERS_OWS1,0.0,0.0,False,0.0
2024-06-17,22,CALAVERS_OWS2,0.0,0.0,False,0.0
2024-06-17,22,OECCS_CT11,0.0,0.0,False,0.0
2024-06-17,22,OECCS_CT12,0.0,0.0,False,0.0
2024-06-17,22,OECCS_CT21,0.0,0.0,False,0.0
2024-06-17,22,OECCS_CT22,0.0,0.0,False,0.0
2024-06-17,22,OECCS_UNIT1,0.0,0.0,False,0.0
2024-06-17,22,OECCS_UNIT2,0.0,0.0,False,0.0
2024-06-17,22,VICTPRT2_UNIT1,0.0,0.0,False,0.0
2024-06-17,22,VICTPRT2_UNIT2,0.0,0.0,False,0.0
2024-06-17,22,PANDA_S_SHER1CT1,232.0,0.0,True,6496.0
2024-06-17,22,PANDA_S_SHER1CT2,232.0,0.0,True,6496.0
2024-06-17,22,PANDA_S_SHER1ST1,353.1,0.0,True,9886.8
2024-06-17,22,PANDA_T1_TMPL1CT1,79.72816163100521,152.2718383689948,True,2232.3885
2024-06-17,22,PANDA_T1_TMPL1CT2,232.0,0.0,True,6496.0
2024-06-17,22,PANDA_T1_TMPL1ST1,353.1,0.0,True,9886.8
2024-06-17,22,PANDA_T2_TMPL2CT1,232.0,0.0,True,6496.0
2024-06-17,22,PANDA_T2_TMPL2CT2,232.0,0.0,True,6496.0
2024-06-17,22,PANDA_T2_TMPL2ST1,353.1,0.0,True,9886.8
2024-06-17,22,TNSKA_GT1,0.0,0.0,False,0.0
2024-06-17,22,TNSKA_GT2,0.0,0.0,False,0.0
2024-06-17,22,TNSKA_STG,0.0,0.0,False,0.0
2024-06-17,22,PSG_PSG_GT2,215.1,0.0,True,6022.8
2024-06-17,22,PSG_PSG_GT3,215.1,0.0,True,6022.8
2024-06-17,22,PSG_PSG_ST2,195.5,0.0,True,5474.0
2024-06-17,22,PEARSAL2_AGR_A,0.0,0.0,False,0.0
2024-06-17,22,PEARSAL2_AGR_B,0.0,0.0,False,0.0
2024-06-17,22,PEARSAL2_AGR_C,0.0,0.0,False,0.0
2024-06-17,22,PEARSAL2_AGR_D,0.0,0.0,False,0.0
2024-06-17,22,PB2SES_CT1,0.0,0.0,False,0.0
2024-06-17,22,PB2SES_CT2,0.0,0.0,False,0.0
2024-06-17,22,PB2SES_CT3,0.0,0.0,False,0.0
2024-06-17,22,PB2SES_CT4,0.0,0.0,False,0.0
2024-06-17,22,PB2SES_CT5,0.0,0.0,False,0.0
2024-06-17,22,PRO_UNIT1,15.509224851739777,44.99077514826023,True,651.3874
2024-06-17,22,PRO_UNIT2,60.5,0.0,True,2541.0
2024-06-17,22,PRO_UNIT3,60.5,0.0,True,2541.0
2024-06-17,22,PRO_UNIT4,6.05,54.45,True,254.1
2024-06-17,22,PRO_UNIT5,60.5,0.0,True,2541.0
2024-06-17,22,PRO_UNIT6,6.05,54.45,True,254.1
2024-06-17,22,PRO_UNIT7,60.5,0.0,True,2541.0
2024-06-17,22,PRO_UNIT8,6.05,54.45,True,254.1
2024-06-17,22,BAC_CTG1,65.0,0.0,True,2730.0
2024-06-17,22,BAC_CTG2,65.0,0.0,True,2730.0
2024-06-17,22,BAC_CTG3,65.0,0.0,True,2730.0
2024-06-17,22,BAC_CTG4,65.0,0.0,True,2730.0
2024-06-17,22,BAC_CTG5,65.0,0.0,True,2730.0
2024-06-17,22,BAC_CTG6,65.0,0.0,True,2730.0
2024-06-17,22,STEAM1A_STEAM_1,0.0,0.0,False,0.0
2024-06-17,22,STEAM_STEAM_2,0.0,0.0,False,0.0
2024-06-17,22,STEAM_STEAM_3,0.0,0.0,False,0.0
2024-06-17,22,QALSW_GT1,0.0,0.0,False,0.0
2024-06-17,22,QALSW_GT2,0.0,0.0,False,0.0
2024-06-17,22,QALSW_GT3,0.0,0.0,False,0.0
2024-06-17,22,QALSW_GT4,0.0,0.0,False,0.0
2024-06-17,22,QALSW_STG1,0.0,0.0,False,0.0
2024-06-17,22,QALSW_STG2,0.0,0.0,False,0.0
2024-06-17,22,MIL_MILLERG4,0.0,0.0,False,0.0
2024-06-17,22,MIL_MILLERG5,0.0,0.0,False,0.0
2024-06-17,22,MIL_MILLERG1,0.0,0.0,False,0.0
2024-06-17,22,MIL_MILLERG2,0.0,0.0,False,0.0
2024-06-17,22,MIL_MILLERG3,0.0,0.0,False,0.0
2024-06-17,22,OLINGR_OLING_4,0.0,0.0,False,0.0
2024-06-17,22,OLINGR_OLING_2,0.0,0.0,False,0.0
2024-06-17,22,OLINGR_OLING_3,0.0,0.0,False,0.0
2024-06-17,22,RAB_UNIT1,0.0,0.0,False,0.0
2024-06-17,22,RAB_UNIT2,0.0,0.0,False,0.0
2024-06-17,22,RAB_UNIT3,0.0,0.0,False,0.0
2024-06-17,22,RAB_UNIT4,0.0,0.0,False,0.0
2024-06-17,22,RAB_UNIT5,0.0,0.0,False,0.0
2024-06-17,22,RAB_UNIT6,0.0,0.0,False,0.0
2024-06-17,22,RAB_UNIT7,0.0,0.0,False,0.0
2024-06-17,22,RAB_UNIT8,0.0,0.0,False,0.0
2024-06-17,22,REDGATE_AGR_A,0.0,0.0,False,0.0
2024-06-17,22,REDGATE_AGR_B,0.0,0.0,False,0.0
2024-06-17,22,REDGATE_AGR_C,0.0,0.0,False,0.0
2024-06-17,22,REDGATE_AGR_D,0.0,0.0,False,0.0
2024-06-17,22,JAD_UNIT1,6.05,54.45,True,254.1
2024-06-17,22,JAD_UNIT2,60.5,0.0,True,2541.0
2024-06-17,22,JAD_UNIT3,6.05,54.45,True,254.1
2024-06-17,22,JAD_UNIT4,6.05,54.45,True,254.1
2024-06-17,22,JAD_UNIT5,6.05,54.45,True,254.1
2024-06-17,22,JAD_UNIT6,6.05,54.45,True,254.1
2024-06-17,22,JAD_UNIT7,6.05,54.45,True,254.1
2024-06-17,22,JAD_UNIT8,6.05,54.45,True,254.1
2024-06-17,22,RIONOG_CT1,0.0,0.0,False,0.0
2024-06-17,22,RIONOG_CT2,0.0,0.0,False,0.0
2024-06-17,22,RIONOG_CT3,0.0,0.0,False,0.0
2024-06-17,22,RIONOG_ST1,0.0,0.0,False,0.0
2024-06-17,22,RAYBURN_RAYBURG7,60.5,0.0,True,1694.0
2024-06-17,22,RAYBURN_RAYBURG8,18.15,42.35,True,508.2
2024-06-17,22,RAYBURN_RAYBURG9,50.55300581859099,9.94699418140901,True,1415.4842
2024-06-17,22,RAYBURN_RAYBURG10,12.6,29.4,True,352.8
2024-06-17,22,SJS_SJS_G1,88.19999999999999,1.4210854715202004e-14,True,3704.4
2024-06-17,22,SJS_SJS_G2,88.19999999999999,1.4210854715202004e-14,True,3704.4
2024-06-17,22,SANDHSYD_SH1,0.0,0.0,False,0.0
2024-06-17,22,SANDHSYD_SH2,0.0,0.0,False,0.0
2024-06-17,22,SANDHSYD_SH3,0.0,0.0,False,0.0
2024-06-17,22,SANDHSYD_SH4,0.0,0.0,False,0.0
2024-06-17,22,SANDHSYD_SH_5A,198.90000000000003,-2.842170943040401e-14,True,5569.2
2024-06-17,22,SANDHSYD_SH6,0.0,0.0,False,0.0
2024-06-17,22,SANDHSYD_SH7,0.0,0.0,False,0.0
2024-06-17,22,SANDHSYD_SH_5C,191.0,0.0,True,5348.0
2024-06-17,22,SILASRAY_SILAS_10,0.0,0.0,False,0.0
2024-06-17,22,SILASRAY_SILAS_9,0.0,0.0,False,0.0
2024-06-17,22,SILASRAY_SILAS_6,0.0,0.0,False,0.0
2024-06-17,22,GIDEON_GIDEONG1,0.0,0.0,False,0.0
2024-06-17,22,GIDEON_GIDEONG2,0.0,0.0,False,0.0
2024-06-17,22,GIDEON_GIDEONG3,0.0,0.0,False,0.0
2024-06-17,22,SKY1_SKY1A,0.0,0.0,False,0.0
2024-06-17,22,SKY1_SKY1B,0.0,0.0,False,0.0
2024-06-17,22,SPNCER_SPNCE_4,0.0,0.0,False,0.0
2024-06-17,22,SPNCER_SPNCE_5,0.0,0.0,False,0.0
2024-06-17,22,SCSES_UNIT1A,0.0,0.0,False,0.0
2024-06-17,22,SCSES_UNIT2,0.0,0.0,False,0.0
2024-06-17,22,THW_THWGT_1,1.63,14.670000000000002,True,68.46
2024-06-17,22,THW_THWGT31,51.3,0.0,True,1436.4
2024-06-17,22,THW_THWGT32,51.3,0.0,True,1436.4
2024-06-17,22,THW_THWGT33,51.3,0.0,True,1436.4
2024-06-17,22,THW_THWGT34,51.3,0.0,True,1436.4
2024-06-17,22,THW_THWGT41,51.3,0.0,True,1436.4
2024-06-17,22,THW_THWGT42,51.3,0.0,True,1436.4
2024-06-17,22,THW_THWGT43,62.0,0.0,True,1736.0
2024-06-17,22,THW_THWGT44,62.0,0.0,True,1736.0
2024-06-17,22,THW_THWGT51,8.5,76.5,True,357.0
2024-06-17,22,THW_THWGT52,8.5,76.5,True,357.0
2024-06-17,22,THW_THWGT53,8.5,76.5,True,357.0
2024-06-17,22,THW_THWGT54,8.5,76.5,True,357.0
2024-06-17,22,THW_THWGT55,8.5,76.5,True,357.0
2024-06-17,22,THW_THWGT56,8.5,76.5,True,357.0
2024-06-17,22,THW_THWST_3,113.1,0.0,True,3166.8
2024-06-17,22,THW_THWST_4,113.1,0.0,True,3166.8
2024-06-17,22,TXCTY_CTA,129.1,0.0,True,3614.8
2024-06-17,22,TXCTY_CTB,129.1,0.0,True,3614.8
2024-06-17,22,TXCTY_CTC,129.1,0.0,True,3614.8
2024-06-17,22,TXCTY_ST,143.7,0.0,True,4023.6
2024-06-17,22,TGS_GT01,0.0,0.0,False,0.0
2024-06-17,22,TIMPP_AGR1,0.0,0.0,False,0.0
2024-06-17,22,TIMPP_AGR2,0.0,0.0,False,0.0
2024-06-17,22,TIMPP_AGR3,0.0,0.0,False,0.0
2024-06-17,22,TIMPP_AGR4,0.0,0.0,False,0.0
2024-06-17,22,TRSES_UNIT6,0.0,0.0,False,0.0
2024-06-17,22,TOPAZ_UNIT1,60.5,0.0,True,2541.0
2024-06-17,22,TOPAZ_UNIT2,60.5,0.0,True,2541.0
2024-06-17,22,TOPAZ_UNIT3,60.5,0.0,True,2541.0
2024-06-17,22,TOPAZ_UNIT4,60.5,0.0,True,2541.0
2024-06-17,22,TOPAZ_UNIT5,60.5,0.0,True,2541.0
2024-06-17,22,TOPAZ_UNIT6,60.5,0.0,True,2541.0
2024-06-17,22,TOPAZ_UNIT7,60.5,0.0,True,2541.0
2024-06-17,22,TOPAZ_UNIT8,60.5,0.0,True,2541.0
2024-06-17,22,TOPAZ_UNIT9,60.5,0.0,True,2541.0
2024-06-17,22,TOPAZ_UNIT10,60.5,0.0,True,2541.0
2024-06-17,22,BRAUNIG_VHB6CT5,0.0,0.0,False,0.0
2024-06-17,22,BRAUNIG_VHB6CT6,0.0,0.0,False,0.0
2024-06-17,22,BRAUNIG_VHB6CT7,0.0,0.0,False,0.0
2024-06-17,22,BRAUNIG_VHB6CT8,0.0,0.0,False,0.0
2024-06-17,22,CITYVICT_CTG01,0.0,0.0,False,0.0
2024-06-17,22,CITYVICT_CTG02,0.0,0.0,False,0.0
2024-06-17,22,VICTPORT_CTG01,0.0,0.0,False,0.0
2024-06-17,22,VICTPORT_CTG02,0.0,0.0,False,0.0
2024-06-17,22,VICTORIA_VICTORG6,0.0,0.0,False,0.0
2024-06-17,22,VICTORIA_VICTORG5,0.0,0.0,False,0.0
2024-06-17,22,WAP_WAPGT_1,0.0,0.0,False,0.0
2024-06-17,22,WAP_WAP_G1,0.0,0.0,False,0.0
2024-06-17,22,WAP_WAP_G2,0.0,0.0,False,0.0
2024-06-17,22,WAP_WAP_G3,0.0,0.0,False,0.0
2024-06-17,22,WAP_WAP_G4,0.0,0.0,False,0.0
2024-06-17,22,WFCOGEN_UNIT1,0.0,0.0,False,0.0
2024-06-17,22,WFCOGEN_UNIT2,0.0,0.0,False,0.0
2024-06-17,22,WFCOGEN_UNIT3,0.0,0.0,False,0.0
2024-06-17,22,WIPOPA_WPP_G1,0.0,0.0,False,0.0
2024-06-17,22,WIPOPA_WPP_G2,0.0,0.0,False,0.0
2024-06-17,22,WIPOPA_WPP_G3,0.0,0.0,False,0.0
2024-06-17,22,WIPOPA_WPP_G4,0.0,0.0,False,0.0
2024-06-17,22,WCPP_CT1,275.0,0.0,True,7700.0
2024-06-17,22,WCPP_CT2,275.0,0.0,True,7700.0
2024-06-17,22,WCPP_ST1,298.0,0.0,True,8344.0
2024-06-17,22,WHCCS_CT1,171.0143422008882,93.4856577991118,True,4788.4016
2024-06-17,22,WHCCS_CT2,79.35,185.15,True,2221.8
2024-06-17,22,WHCCS_STG,90.0,210.0,True,2520.0
2024-06-17,22,WHCCS2_CT4,108.0,252.0,True,3024.0
2024-06-17,22,WHCCS2_CT5,108.0,252.0,True,3024.0
2024-06-17,22,WHCCS2_STG6,153.36,357.84,True,4294.08
2024-06-17,22,NACPW_UNIT1,0.0,0.0,False,0.0
2024-06-17,22,HBR_2UNITS,0.64,2.56,True,25.6
2024-06-17,22,TRIRA_1UNIT,0.0,0.0,False,0.0
2024-06-17,22,78252_4UNITS,0.0,0.0,False,0.0
2024-06-17,22,SPRIN_4UNITS,0.0,0.0,False,0.0
2024-06-17,22,FREIH_2UNITS,0.0,0.0,False,0.0
2024-06-17,22,WSTHL_3UNITS,0.0,0.0,False,0.0
2024-06-17,22,FEGC_CTG2,0.0,0.0,False,0.0
2024-06-17,22,FEGC_CTG3,0.0,0.0,False,0.0
2024-06-17,22,FEGC_CTG4,0.0,0.0,False,0.0
2024-06-17,22,OLNEYTN_AGR1,0.0,0.0,False,0.0
2024-06-17,22,AMISTAD_AMISTAG1,3.79,34.11,True,3.79
2024-06-17,22,AMISTAD_AMISTAG2,3.79,34.11,True,3.79
2024-06-17,22,AUSTPL_AUSTING1,9.0,0.0,True,9.0
2024-06-17,22,AUSTPL_AUSTING2,9.0,0.0,True,9.0
2024-06-17,22,BUCHAN_BUCHANG1,18.299999999999997,3.552713678800501e-15,True,18.3
2024-06-17,22,BUCHAN_BUCHANG2,18.299999999999997,3.552713678800501e-15,True,18.3
2024-06-17,22,BUCHAN_BUCHANG3,5.091562508183637,13.208437491816365,True,5.0916
2024-06-17,22,DNDAM_DENISOG1,50.8,0.0,True,50.8
2024-06-17,22,DNDAM_DENISOG2,50.8,0.0,True,50.8
2024-06-17,22,FALCON_FALCONG1,12.0,0.0,True,12.0
2024-06-17,22,FALCON_FALCONG2,12.0,0.0,True,12.0
2024-06-17,22,FALCON_FALCONG3,12.0,0.0,True,12.0
2024-06-17,22,WIRTZ_WIRTZ_G1,29.0,0.0,True,29.0
2024-06-17,22,WIRTZ_WIRTZ_G2,29.0,0.0,True,29.0
2024-06-17,22,CANYHY_CANYHYG1,6.0,0.0,True,6.0
2024-06-17,22,INKSDA_INKS_G1,1.5,13.5,True,1.5
2024-06-17,22,MARBFA_MARBFAG1,21.0,0.0,True,21.0
2024-06-17,22,MARBFA_MARBFAG2,20.0,0.0,True,20.0
2024-06-17,22,MARSFO_MARSFOG1,36.0,0.0,True,36.0
2024-06-17,22,MARSFO_MARSFOG2,36.0,0.0,True,36.0
2024-06-17,22,MARSFO_MARSFOG3,36.0,0.0,True,36.0
2024-06-17,22,WND_WHITNEY1,22.0,0.0,True,22.0
2024-06-17,22,WND_WHITNEY2,22.0,0.0,True,22.0
2024-06-17,22,AEEC_ANTLP_1,0.0,0.0,False,0.0
2024-06-17,22,AEEC_ANTLP_2,0.0,0.0,False,0.0
2024-06-17,22,AEEC_ANTLP_3,0.0,0.0,False,0.0
2024-06-17,22,AEEC_ELK_1,0.0,0.0,False,0.0
2024-06-17,22,AEEC_ELK_2,0.0,0.0,False,0.0
2024-06-17,22,AEEC_ELK_3,0.0,0.0,False,0.0
2024-06-17,22,FTR_FTR_G1,185.0,0.0,True,5180.0
2024-06-17,22,FTR_FTR_G2,185.0,0.0,True,5180.0
2024-06-17,22,FTR_FTR_G3,185.0,0.0,True,5180.0
2024-06-17,22,FTR_FTR_G4,400.0,0.0,True,11200.0
2024-06-17,22,TGCCS_CT1,0.0,0.0,False,0.0
2024-06-17,22,TGCCS_CT2,0.0,0.0,False,0.0
2024-06-17,22,TGCCS_CT3,0.0,0.0,False,0.0
2024-06-17,22,TGCCS_UNIT4,0.0,0.0,False,0.0
2024-06-17,22,KMCHI_1CT101,185.0,0.0,True,5180.0
2024-06-17,22,KMCHI_1CT201,185.0,0.0,True,5180.0
2024-06-17,22,KMCHI_1ST,330.0,0.0,True,9240.0
2024-06-17,22,KMCHI_2CT101,55.5,129.5,True,1554.0
2024-06-17,22,KMCHI_2CT201,55.5,129.5,True,1554.0
2024-06-17,22,KMCHI_2ST,330.0,0.0,True,9240.0
2024-06-17,22,A4_DGR1,0.0,0.0,False,0.0
2024-06-17,22,A4_DGR2,0.0,0.0,False,0.0
2024-06-17,22,K2_DGR1,0.0,0.0,False,0.0
2024-06-17,22,K2_DGR2,0.0,0.0,False,0.0
2024-06-17,22,P2_DGR1,0.0,0.0,False,0.0
2024-06-17,22,P2_DGR2,0.0,0.0,False,0.0
2024-06-17,22,Q1_DGR1,0.0,0.0,False,0.0
2024-06-17,22,BRAUNIG_VHB3,0.0,0.0,False,0.0
2024-06-17,22,V2_DGR1,0.0,0.0,False,0.0
2024-06-17,22,V2_DGR2,0.0,0.0,False,0.0
2024-06-17,22,V2_DGR3,0.0,0.0,False,0.0
2024-06-17,22,V4_DGR1,0.0,0.0,False,0.0
2024-06-17,22,X1_DGR1,0.0,0.0,False,0.0
2024-06-17,22,Z0_DGR1,0.0,0.0,False,0.0
2024-06-17,22,Z0_DGR2,0.0,0.0,False,0.0
2024-06-17,22,Z5_DGR1,0.0,0.0,False,0.0
2024-06-17,22,DC_E,0.0,0.0,False,0.0
2024-06-17,22,DC_N,0.0,0.0,False,0.0
2024-06-17,22,DC_L,0.0,0.0,False,0.0
2024-06-17,22,DC_R,0.0,0.0,False,0.0
2024-06-17,22,CEDARVALE_GAS,0.0,0.0,False,0.0
2024-06-17,22,ENCHANTED_ROCK_NEWPP,3.0,27.0,True,135.0
2024-06-17,23,CPSES_UNIT1,1269.0,0.0,True,10152.0
2024-06-17,23,CPSES_UNIT2,1269.0,0.0,True,10152.0
2024-06-17,23,STP_STP_G1,1365.0,0.0,True,10920.0
2024-06-17,23,STP_STP_G2,1365.0,0.0,True,10920.0
2024-06-17,23,COLETO_COLETOG1,0.0,0.0,False,0.0
2024-06-17,23,FPPYD1_FPP_G1,539.8233983358225,75.1766016641775,True,13495.585
2024-06-17,23,FPPYD1_FPP_G2,615.0,0.0,True,15375.0
2024-06-17,23,FPPYD2_FPP_G3,184.0,0.0,False,0.0
2024-06-17,23,CALAVERS_JKS1,0.0,0.0,False,0.0
2024-06-17,23,CALAVERS_JKS2,0.0,0.0,False,0.0
2024-06-17,23,LEG_LEG_G1,893.0,0.0,True,22325.0
2024-06-17,23,LEG_LEG_G2,956.8,0.0,True,23920.0
2024-06-17,23,MLSES_UNIT1,893.0,0.0,True,22325.0
2024-06-17,23,MLSES_UNIT2,754.6950355629717,138.30496443702827,True,18867.3759
2024-06-17,23,MLSES_UNIT3,893.0,0.0,True,22325.0
2024-06-17,23,OGSES_UNIT1A,916.8,0.0,True,22920.0
2024-06-17,23,OGSES_UNIT2,916.8,0.0,True,22920.0
2024-06-17,23,SANMIGL_G1,0.0,0.0,False,0.0
2024-06-17,23,SCES_UNIT1,1007.6498000000006,0.3501999999994041,True,25191.245
2024-06-17,23,TNP_ONE_TNP_O_1,174.6,0.0,True,4365.0
2024-06-17,23,TNP_ONE_TNP_O_2,174.6,0.0,True,4365.0
2024-06-17,23,WAP_WAP_G5,0.0,0.0,False,0.0
2024-06-17,23,WAP_WAP_G6,293.64,0.0,True,7341.0
2024-06-17,23,WAP_WAP_G7,0.0,0.0,False,0.0
2024-06-17,23,WAP_WAP_G8,0.0,0.0,False,0.0
2024-06-17,23,BRAUNIG_AVR1_CT1,0.0,0.0,False,0.0
2024-06-17,23,BRAUNIG_AVR1_CT2,0.0,0.0,False,0.0
2024-06-17,23,BRAUNIG_AVR1_ST,0.0,0.0,False,0.0
2024-06-17,23,ATKINS_ATKINSG7,0.0,0.0,False,0.0
2024-06-17,23,B_DAVIS_B_DAVIG3,0.0,0.0,False,0.0
2024-06-17,23,B_DAVIS_B_DAVIG4,0.0,0.0,False,0.0
2024-06-17,23,B_DAVIS_B_DAVIG1,0.0,0.0,False,0.0
2024-06-17,23,B_DAVIS_B_DAVIG2,0.0,0.0,False,0.0
2024-06-17,23,BASTEN_GTG1100,0.0,0.0,False,0.0
2024-06-17,23,BASTEN_GTG2100,0.0,0.0,False,0.0
2024-06-17,23,BASTEN_ST0100,0.0,0.0,False,0.0
2024-06-17,23,BCH_UNIT1,0.0,0.0,False,0.0
2024-06-17,23,BCH_UNIT2,0.0,0.0,False,0.0
2024-06-17,23,BCH_UNIT3,60.5,0.0,True,2541.0
2024-06-17,23,BCH_UNIT4,60.5,0.0,True,2541.0
2024-06-17,23,BCH_UNIT5,60.5,0.0,True,2541.0
2024-06-17,23,BCH_UNIT6,60.5,0.0,True,2541.0
2024-06-17,23,BCH_UNIT7,60.5,0.0,True,2541.0
2024-06-17,23,BCH_UNIT8,0.0,0.0,False,0.0
2024-06-17,23,BOSQUESW_BSQSU_1,0.0,0.0,False,0.0
2024-06-17,23,BOSQUESW_BSQSU_2,0.0,0.0,False,0.0
2024-06-17,23,BOSQUESW_BSQSU_3,0.0,0.0,False,0.0
2024-06-17,23,BOSQUESW_BSQSU_4,28.5,66.5,True,798.0
2024-06-17,23,BOSQUESW_BSQSU_5,76.26,177.94,True,2135.28
2024-06-17,23,BVE_UNIT1,0.0,0.0,False,0.0
2024-06-17,23,BVE_UNIT2,0.0,0.0,False,0.0
2024-06-17,23,BVE_UNIT3,0.0,0.0,False,0.0
2024-06-17,23,BTM_UNIT1,0.0,0.0,False,0.0
2024-06-17,23,BTM_UNIT2,0.0,0.0,False,0.0
2024-06-17,23,BTM_UNIT3,0.0,0.0,False,0.0
2024-06-17,23,BTM_UNIT4,0.0,0.0,False,0.0
2024-06-17,23,BTM_UNIT5,0.0,0.0,False,0.0
2024-06-17,23,BTM_UNIT6,0.0,0.0,False,0.0
2024-06-17,23,BTM_UNIT7,0.0,0.0,False,0.0
2024-06-17,23,BTM_UNIT8,0.0,0.0,False,0.0
2024-06-17,23,FLCNS_UNIT1,0.0,0.0,False,0.0
2024-06-17,23,FLCNS_UNIT2,0.0,0.0,False,0.0
2024-06-17,23,CALHOUN_UNIT1,0.0,0.0,False,0.0
2024-06-17,23,CALHOUN_UNIT2,0.0,0.0,False,0.0
2024-06-17,23,CHAMON_CTG_0101,0.0,0.0,False,0.0
2024-06-17,23,CHAMON_CTG_0301,0.0,0.0,False,0.0
2024-06-17,23,CBY4_CT41,205.0,0.0,True,5740.0
2024-06-17,23,CBY4_CT42,205.0,0.0,True,5740.0
2024-06-17,23,CBY4_ST04,205.0,0.0,True,5740.0
2024-06-17,23,CBY_CBY_G1,765.0,0.0,True,26775.0
2024-06-17,23,CBY_CBY_G2,765.0,0.0,True,26775.0
2024-06-17,23,CBEC_GT1,0.0,0.0,False,0.0
2024-06-17,23,CBEC_GT2,0.0,0.0,False,0.0
2024-06-17,23,CBEC_GT3,0.0,0.0,False,0.0
2024-06-17,23,CBEC_GT4,0.0,0.0,False,0.0
2024-06-17,23,CBEC_STG1,0.0,0.0,False,0.0
2024-06-17,23,CBEC_STG2,0.0,0.0,False,0.0
2024-06-17,23,CBECII_CT7,0.0,0.0,False,0.0
2024-06-17,23,CBECII_CT8,0.0,0.0,False,0.0
2024-06-17,23,CBECII_STG9,0.0,0.0,False,0.0
2024-06-17,23,CBEC_GT11,0.0,0.0,False,0.0
2024-06-17,23,CBEC_GT12,0.0,0.0,False,0.0
2024-06-17,23,CVC_CVC_G1,192.1,0.0,True,5378.8
2024-06-17,23,CVC_CVC_G2,192.09999999999994,5.684341886080802e-14,True,5378.8
2024-06-17,23,CVC_CVC_G3,192.1,0.0,True,5378.8
2024-06-17,23,CVC_CVC_G5,150.0,0.0,True,4200.0
2024-06-17,23,DANSBY_DANSBYG2,0.0,0.0,False,0.0
2024-06-17,23,DANSBY_DANSBYG3,0.0,0.0,False,0.0
2024-06-17,23,DANSBY_DANSBYG1,0.0,0.0,False,0.0
2024-06-17,23,DECKER_DPGT_1,0.0,0.0,False,0.0
2024-06-17,23,DECKER_DPGT_2,0.0,0.0,False,0.0
2024-06-17,23,DECKER_DPGT_3,0.0,0.0,False,0.0
2024-06-17,23,DECKER_DPGT_4,0.0,0.0,False,0.0
2024-06-17,23,DCSES_CT10,0.0,0.0,False,0.0
2024-06-17,23,DCSES_CT20,0.0,0.0,False,0.0
2024-06-17,23,DCSES_CT30,0.0,0.0,False,0.0
2024-06-17,23,DCSES_CT40,0.0,0.0,False,0.0
2024-06-17,23,DDPEC_GT1,60.9,142.1,True,1705.2
2024-06-17,23,DDPEC_GT2,64.5,150.5,True,1806.0
2024-06-17,23,DDPEC_GT3,60.9,142.1,True,1705.2
2024-06-17,23,DDPEC_GT4,64.5,150.5,True,1806.0
2024-06-17,23,DDPEC_GT6,64.4093617350514,134.5906382649486,True,1803.4621
2024-06-17,23,DDPEC_ST1,290.0,0.0,True,8120.0
2024-06-17,23,DEC_AGR_A,0.0,0.0,False,0.0
2024-06-17,23,DEC_AGR_B,0.0,0.0,False,0.0
2024-06-17,23,DEC_AGR_C,0.0,0.0,False,0.0
2024-06-17,23,DEC_AGR_D,0.0,0.0,False,0.0
2024-06-17,23,ECEC_G1,0.0,0.0,False,0.0
2024-06-17,23,ECEC_G2,0.0,0.0,False,0.0
2024-06-17,23,ETCCS_CT1,260.0,0.0,True,7280.0
2024-06-17,23,ETCCS_UNIT1,140.0,0.0,True,3920.0
2024-06-17,23,AZ_AZ_G1,40.0,0.0,True,1680.0
2024-06-17,23,AZ_AZ_G2,4.0,36.0,True,168.0
2024-06-17,23,AZ_AZ_G3,4.0,36.0,True,168.0
2024-06-17,23,AZ_AZ_G4,38.51126122453317,1.4887387754668282,True,1617.473
2024-06-17,23,FERGCC_FERGGT1,0.0,0.0,False,0.0
2024-06-17,23,FERGCC_FERGGT2,0.0,0.0,False,0.0
2024-06-17,23,FERGCC_FERGST1,0.0,0.0,False,0.0
2024-06-17,23,FRNYPP_GT11,196.7,0.0,True,5507.6
2024-06-17,23,FRNYPP_GT12,59.01,137.69,True,1652.28
2024-06-17,23,FRNYPP_GT13,59.01,137.69,True,1652.28
2024-06-17,23,FRNYPP_GT21,59.01,0.0,True,1652.28
2024-06-17,23,FRNYPP_GT22,91.49021127926432,105.20978872073567,True,2561.7259
2024-06-17,23,FRNYPP_GT23,59.01,0.0,True,1652.28
2024-06-17,23,FRNYPP_ST10,0.0,0.0,False,0.0
2024-06-17,23,FRNYPP_ST20,422.0,0.0,True,11816.0
2024-06-17,23,FREC_GT1,179.4,0.0,True,5023.2
2024-06-17,23,FREC_GT2,179.4,0.0,True,5023.2
2024-06-17,23,FREC_GT4,179.39999999999986,1.4210854715202004e-13,True,5023.2
2024-06-17,23,FREC_GT5,179.4,0.0,True,5023.2
2024-06-17,23,FREC_ST3,190.7,0.0,True,5339.6
2024-06-17,23,FREC_ST6,190.7,0.0,True,5339.6
2024-06-17,23,FEGC_UNIT1,0.0,0.0,False,0.0
2024-06-17,23,FRONT_EC_CT1,0.0,0.0,False,0.0
2024-06-17,23,FRONT_EC_CT2,0.0,0.0,False,0.0
2024-06-17,23,FRONT_EC_ST,0.0,0.0,False,0.0
2024-06-17,23,GRSES_UNIT1,0.0,0.0,False,0.0
2024-06-17,23,GRSES_UNIT2,0.0,0.0,False,0.0
2024-06-17,23,GBY_GBYGT73,7.2,64.8,True,302.4
2024-06-17,23,GBY_GBYGT74,7.2,64.8,True,302.4
2024-06-17,23,GBY_GBYGT81,7.2,64.8,True,302.4
2024-06-17,23,GBY_GBYGT82,7.2,64.8,True,302.4
2024-06-17,23,GBY_GBYGT83,7.2,64.8,True,302.4
2024-06-17,23,GBY_GBYGT84,7.2,64.8,True,302.4
2024-06-17,23,STEAM_ENGINE_1,0.0,0.0,False,0.0
2024-06-17,23,STEAM_ENGINE_2,0.0,0.0,False,0.0
2024-06-17,23,STEAM_ENGINE_3,0.0,0.0,False,0.0
2024-06-17,23,LGE_LGE_GT1,0.0,0.0,False,0.0
2024-06-17,23,LGE_LGE_GT2,0.0,0.0,False,0.0
2024-06-17,23,LGE_LGE_STG,0.0,0.0,False,0.0
2024-06-17,23,GUADG_GAS1,0.0,0.0,False,0.0
2024-06-17,23,GUADG_GAS2,0.0,0.0,False,0.0
2024-06-17,23,GUADG_GAS3,0.0,0.0,False,0.0
2024-06-17,23,GUADG_GAS4,0.0,0.0,False,0.0
2024-06-17,23,GUADG_STM5,0.0,0.0,False,0.0
2024-06-17,23,GUADG_STM6,0.0,0.0,False,0.0
2024-06-17,23,HLSES_UNIT3,0.0,0.0,False,0.0
2024-06-17,23,HLSES_UNIT4,0.0,0.0,False,0.0
2024-06-17,23,HLSES_UNIT5,0.0,0.0,False,0.0
2024-06-17,23,HAYSEN_HAYSENG1,0.0,0.0,False,0.0
2024-06-17,23,HAYSEN_HAYSENG2,0.0,0.0,False,0.0
2024-06-17,23,HAYSEN_HAYSENG3,0.0,0.0,False,0.0
2024-06-17,23,HAYSEN_HAYSENG4,0.0,0.0,False,0.0
2024-06-17,23,DUKE_DUKE_GT1,0.0,0.0,False,0.0
2024-06-17,23,DUKE_DUKE_GT2,0.0,0.0,False,0.0
2024-06-17,23,DUKE_DUKE_ST1,0.0,0.0,False,0.0
2024-06-17,23,JACKCNTY_CT1,0.0,0.0,False,0.0
2024-06-17,23,JACKCNTY_CT2,59.67,139.23,True,1670.76
2024-06-17,23,JCKCNTY2_CT3,59.67,139.23,True,1670.76
2024-06-17,23,JCKCNTY2_CT4,59.67,139.23,True,1670.76
2024-06-17,23,JACKCNTY_STG,0.0,0.0,False,0.0
2024-06-17,23,JCKCNTY2_ST2,96.18,224.42000000000002,True,2693.04
2024-06-17,23,TEN_CT1,55.5,129.5,True,1554.0
2024-06-17,23,TEN_STG,32.1,74.9,True,898.8
2024-06-17,23,LHSES_UNIT1,0.0,0.0,False,0.0
2024-06-17,23,LHSES_UNIT2A,0.0,0.0,False,0.0
2024-06-17,23,LPCCS_CT11,0.0,0.0,False,0.0
2024-06-17,23,LPCCS_CT12,0.0,0.0,False,0.0
2024-06-17,23,LPCCS_CT21,0.0,0.0,False,0.0
2024-06-17,23,LPCCS_CT22,0.0,0.0,False,0.0
2024-06-17,23,LPCCS_UNIT1,216.0,0.0,True,6048.0
2024-06-17,23,LPCCS_UNIT2,216.0,0.0,True,6048.0
2024-06-17,23,LARDVFTN_G4,0.0,0.0,False,0.0
2024-06-17,23,LARDVFTN_G5,0.0,0.0,False,0.0
2024-06-17,23,LEON_CRK_LCPCT1,0.0,0.0,False,0.0
2024-06-17,23,LEON_CRK_LCPCT2,0.0,0.0,False,0.0
2024-06-17,23,LEON_CRK_LCPCT3,0.0,0.0,False,0.0
2024-06-17,23,LEON_CRK_LCPCT4,0.0,0.0,False,0.0
2024-06-17,23,LIG_UNIT1,6.05,54.45,True,254.1
2024-06-17,23,LIG_UNIT2,6.05,54.45,True,254.1
2024-06-17,23,LOSTPI_LOSTPGT1,0.0,0.0,False,0.0
2024-06-17,23,LOSTPI_LOSTPGT2,0.0,0.0,False,0.0
2024-06-17,23,LOSTPI_LOSTPST1,0.0,0.0,False,0.0
2024-06-17,23,NEDIN_NEDIN_G1,0.0,0.0,False,0.0
2024-06-17,23,NEDIN_NEDIN_G2,0.0,0.0,False,0.0
2024-06-17,23,NEDIN_NEDIN_G3,0.0,0.0,False,0.0
2024-06-17,23,MDANP_CT1,258.0,0.0,True,7224.0
2024-06-17,23,MDANP_CT2,256.0,0.0,True,7168.0
2024-06-17,23,MDANP_CT3,255.0,0.0,True,7140.0
2024-06-17,23,MDANP_CT4,258.0,0.0,True,7224.0
2024-06-17,23,MDANP_CT5,276.0,0.0,True,7728.0
2024-06-17,23,MDANP_CT6,278.0,0.0,True,7784.0
2024-06-17,23,MGSES_CT1,0.0,0.0,False,0.0
2024-06-17,23,MGSES_CT2,0.0,0.0,False,0.0
2024-06-17,23,MGSES_CT3,0.0,0.0,False,0.0
2024-06-17,23,MGSES_CT4,0.0,0.0,False,0.0
2024-06-17,23,MGSES_CT5,0.0,0.0,False,0.0
2024-06-17,23,MGSES_CT6,0.0,0.0,False,0.0
2024-06-17,23,MCSES_UNIT6,0.0,0.0,False,0.0
2024-06-17,23,MCSES_UNIT7,0.0,0.0,False,0.0
2024-06-17,23,MCSES_UNIT8,0.0,0.0,False,0.0
2024-06-17,23,NUECES_B_NUECESG8,0.0,0.0,False,0.0
2024-06-17,23,NUECES_B_NUECESG9,0.0,0.0,False,0.0
2024-06-17,23,NUECES_B_NUECESG7,0.0,0.0,False,0.0
2024-06-17,23,CALAVERS_OWS1,0.0,0.0,False,0.0
2024-06-17,23,CALAVERS_OWS2,0.0,0.0,False,0.0
2024-06-17,23,OECCS_CT11,0.0,0.0,False,0.0
2024-06-17,23,OECCS_CT12,0.0,0.0,False,0.0
2024-06-17,23,OECCS_CT21,0.0,0.0,False,0.0
2024-06-17,23,OECCS_CT22,0.0,0.0,False,0.0
2024-06-17,23,OECCS_UNIT1,0.0,0.0,False,0.0
2024-06-17,23,OECCS_UNIT2,0.0,0.0,False,0.0
2024-06-17,23,VICTPRT2_UNIT1,0.0,0.0,False,0.0
2024-06-17,23,VICTPRT2_UNIT2,0.0,0.0,False,0.0
2024-06-17,23,PANDA_S_SHER1CT1,232.0,0.0,True,6496.0
2024-06-17,23,PANDA_S_SHER1CT2,232.0,0.0,True,6496.0
2024-06-17,23,PANDA_S_SHER1ST1,341.27510858978496,11.82489141021503,True,9555.703
2024-06-17,23,PANDA_T1_TMPL1CT1,232.0,0.0,True,6496.0
2024-06-17,23,PANDA_T1_TMPL1CT2,232.0,0.0,True,6496.0
2024-06-17,23,PANDA_T1_TMPL1ST1,105.93,247.17000000000002,True,2966.04
2024-06-17,23,PANDA_T2_TMPL2CT1,69.6,162.4,True,1948.8
2024-06-17,23,PANDA_T2_TMPL2CT2,232.0,0.0,True,6496.0
2024-06-17,23,PANDA_T2_TMPL2ST1,318.0506933003164,35.04930669968357,True,8905.4194
2024-06-17,23,TNSKA_GT1,0.0,0.0,False,0.0
2024-06-17,23,TNSKA_GT2,0.0,0.0,False,0.0
2024-06-17,23,TNSKA_STG,0.0,0.0,False,0.0
2024-06-17,23,PSG_PSG_GT2,215.1,0.0,True,6022.8
2024-06-17,23,PSG_PSG_GT3,215.1,0.0,True,6022.8
2024-06-17,23,PSG_PSG_ST2,195.5,0.0,True,5474.0
2024-06-17,23,PEARSAL2_AGR_A,0.0,0.0,False,0.0
2024-06-17,23,PEARSAL2_AGR_B,0.0,0.0,False,0.0
2024-06-17,23,PEARSAL2_AGR_C,0.0,0.0,False,0.0
2024-06-17,23,PEARSAL2_AGR_D,0.0,0.0,False,0.0
2024-06-17,23,PB2SES_CT1,0.0,0.0,False,0.0
2024-06-17,23,PB2SES_CT2,0.0,0.0,False,0.0
2024-06-17,23,PB2SES_CT3,0.0,0.0,False,0.0
2024-06-17,23,PB2SES_CT4,0.0,0.0,False,0.0
2024-06-17,23,PB2SES_CT5,0.0,0.0,False,0.0
2024-06-17,23,PRO_UNIT1,6.05,54.45,True,254.1
2024-06-17,23,PRO_UNIT2,6.05,54.45,True,254.1
2024-06-17,23,PRO_UNIT3,6.05,54.45,True,254.1
2024-06-17,23,PRO_UNIT4,6.05,54.45,True,254.1
2024-06-17,23,PRO_UNIT5,6.05,54.45,True,254.1
2024-06-17,23,PRO_UNIT6,6.05,54.45,True,254.1
2024-06-17,23,PRO_UNIT7,6.05,54.45,True,254.1
2024-06-17,23,PRO_UNIT8,6.05,54.45,True,254.1
2024-06-17,23,BAC_CTG1,65.0,0.0,True,2730.0
2024-06-17,23,BAC_CTG2,65.0,0.0,True,2730.0
2024-06-17,23,BAC_CTG3,65.0,0.0,True,2730.0
2024-06-17,23,BAC_CTG4,65.0,0.0,True,2730.0
2024-06-17,23,BAC_CTG5,65.0,0.0,True,2730.0
2024-06-17,23,BAC_CTG6,65.0,0.0,True,2730.0
2024-06-17,23,STEAM1A_STEAM_1,0.0,0.0,False,0.0
2024-06-17,23,STEAM_STEAM_2,0.0,0.0,False,0.0
2024-06-17,23,STEAM_STEAM_3,0.0,0.0,False,0.0
2024-06-17,23,QALSW_GT1,0.0,0.0,False,0.0
2024-06-17,23,QALSW_GT2,0.0,0.0,False,0.0
2024-06-17,23,QALSW_GT3,0.0,0.0,False,0.0
2024-06-17,23,QALSW_GT4,0.0,0.0,False,0.0
2024-06-17,23,QALSW_STG1,0.0,0.0,False,0.0
2024-06-17,23,QALSW_STG2,0.0,0.0,False,0.0
2024-06-17,23,MIL_MILLERG4,0.0,0.0,False,0.0
2024-06-17,23,MIL_MILLERG5,0.0,0.0,False,0.0
2024-06-17,23,MIL_MILLERG1,0.0,0.0,False,0.0
2024-06-17,23,MIL_MILLERG2,0.0,0.0,False,0.0
2024-06-17,23,MIL_MILLERG3,0.0,0.0,False,0.0
2024-06-17,23,OLINGR_OLING_4,0.0,0.0,False,0.0
2024-06-17,23,OLINGR_OLING_2,0.0,0.0,False,0.0
2024-06-17,23,OLINGR_OLING_3,0.0,0.0,False,0.0
2024-06-17,23,RAB_UNIT1,0.0,0.0,False,0.0
2024-06-17,23,RAB_UNIT2,0.0,0.0,False,0.0
2024-06-17,23,RAB_UNIT3,0.0,0.0,False,0.0
2024-06-17,23,RAB_UNIT4,0.0,0.0,False,0.0
2024-06-17,23,RAB_UNIT5,0.0,0.0,False,0.0
2024-06-17,23,RAB_UNIT6,0.0,0.0,False,0.0
2024-06-17,23,RAB_UNIT7,0.0,0.0,False,0.0
2024-06-17,23,RAB_UNIT8,0.0,0.0,False,0.0
2024-06-17,23,REDGATE_AGR_A,0.0,0.0,False,0.0
2024-06-17,23,REDGATE_AGR_B,0.0,0.0,False,0.0
2024-06-17,23,REDGATE_AGR_C,0.0,0.0,False,0.0
2024-06-17,23,REDGATE_AGR_D,0.0,0.0,False,0.0
2024-06-17,23,JAD_UNIT1,60.5,0.0,True,2541.0
2024-06-17,23,JAD_UNIT2,60.5,0.0,True,2541.0
2024-06-17,23,JAD_UNIT3,60.5,0.0,True,2541.0
2024-06-17,23,JAD_UNIT4,60.5,0.0,True,2541.0
2024-06-17,23,JAD_UNIT5,6.05,54.45,True,254.1
2024-06-17,23,JAD_UNIT6,6.05,54.45,True,254.1
2024-06-17,23,JAD_UNIT7,6.05,54.45,True,254.1
2024-06-17,23,JAD_UNIT8,6.05,54.45,True,254.1
2024-06-17,23,RIONOG_CT1,0.0,0.0,False,0.0
2024-06-17,23,RIONOG_CT2,0.0,0.0,False,0.0
2024-06-17,23,RIONOG_CT3,0.0,0.0,False,0.0
2024-06-17,23,RIONOG_ST1,0.0,0.0,False,0.0
2024-06-17,23,RAYBURN_RAYBURG7,60.5,0.0,True,1694.0
2024-06-17,23,RAYBURN_RAYBURG8,60.5,0.0,True,1694.0
2024-06-17,23,RAYBURN_RAYBURG9,18.15,42.35,True,508.2
2024-06-17,23,RAYBURN_RAYBURG10,12.6,29.4,True,352.8
2024-06-17,23,SJS_SJS_G1,0.0,0.0,False,0.0
2024-06-17,23,SJS_SJS_G2,0.0,0.0,False,0.0
2024-06-17,23,SANDHSYD_SH1,0.0,0.0,False,0.0
2024-06-17,23,SANDHSYD_SH2,0.0,0.0,False,0.0
2024-06-17,23,SANDHSYD_SH3,0.0,0.0,False,0.0
2024-06-17,23,SANDHSYD_SH4,0.0,0.0,False,0.0
2024-06-17,23,SANDHSYD_SH_5A,0.0,0.0,False,0.0
2024-06-17,23,SANDHSYD_SH6,0.0,0.0,False,0.0
2024-06-17,23,SANDHSYD_SH7,0.0,0.0,False,0.0
2024-06-17,23,SANDHSYD_SH_5C,0.0,0.0,False,0.0
2024-06-17,23,SILASRAY_SILAS_10,0.0,0.0,False,0.0
2024-06-17,23,SILASRAY_SILAS_9,0.0,0.0,False,0.0
2024-06-17,23,SILASRAY_SILAS_6,0.0,0.0,False,0.0
2024-06-17,23,GIDEON_GIDEONG1,0.0,0.0,False,0.0
2024-06-17,23,GIDEON_GIDEONG2,0.0,0.0,False,0.0
2024-06-17,23,GIDEON_GIDEONG3,0.0,0.0,False,0.0
2024-06-17,23,SKY1_SKY1A,0.0,0.0,False,0.0
2024-06-17,23,SKY1_SKY1B,0.0,0.0,False,0.0
2024-06-17,23,SPNCER_SPNCE_4,0.0,0.0,False,0.0
2024-06-17,23,SPNCER_SPNCE_5,0.0,0.0,False,0.0
2024-06-17,23,SCSES_UNIT1A,0.0,0.0,False,0.0
2024-06-17,23,SCSES_UNIT2,0.0,0.0,False,0.0
2024-06-17,23,THW_THWGT_1,0.0,0.0,False,0.0
2024-06-17,23,THW_THWGT31,51.3,0.0,True,1436.4
2024-06-17,23,THW_THWGT32,51.3,0.0,True,1436.4
2024-06-17,23,THW_THWGT33,51.3,0.0,True,1436.4
2024-06-17,23,THW_THWGT34,51.3,0.0,True,1436.4
2024-06-17,23,THW_THWGT41,51.3,0.0,True,1436.4
2024-06-17,23,THW_THWGT42,51.3,0.0,True,1436.4
2024-06-17,23,THW_THWGT43,62.0,0.0,True,1736.0
2024-06-17,23,THW_THWGT44,62.0,0.0,True,1736.0
2024-06-17,23,THW_THWGT51,0.0,0.0,False,0.0
2024-06-17,23,THW_THWGT52,0.0,0.0,False,0.0
2024-06-17,23,THW_THWGT53,0.0,0.0,False,0.0
2024-06-17,23,THW_THWGT54,0.0,0.0,False,0.0
2024-06-17,23,THW_THWGT55,0.0,0.0,False,0.0
2024-06-17,23,THW_THWGT56,0.0,0.0,False,0.0
2024-06-17,23,THW_THWST_3,113.1,0.0,True,3166.8
2024-06-17,23,THW_THWST_4,113.1,0.0,True,3166.8
2024-06-17,23,TXCTY_CTA,129.1,0.0,True,3614.8
2024-06-17,23,TXCTY_CTB,129.1,0.0,True,3614.8
2024-06-17,23,TXCTY_CTC,129.1,0.0,True,3614.8
2024-06-17,23,TXCTY_ST,143.7,0.0,True,4023.6
2024-06-17,23,TGS_GT01,0.0,0.0,False,0.0
2024-06-17,23,TIMPP_AGR1,0.0,0.0,False,0.0
2024-06-17,23,TIMPP_AGR2,0.0,0.0,False,0.0
2024-06-17,23,TIMPP_AGR3,0.0,0.0,False,0.0
2024-06-17,23,TIMPP_AGR4,0.0,0.0,False,0.0
2024-06-17,23,TRSES_UNIT6,0.0,0.0,False,0.0
2024-06-17,23,TOPAZ_UNIT1,60.5,0.0,True,2541.0
2024-06-17,23,TOPAZ_UNIT2,60.5,0.0,True,2541.0
2024-06-17,23,TOPAZ_UNIT3,0.0,0.0,False,0.0
2024-06-17,23,TOPAZ_UNIT4,60.5,0.0,True,2541.0
2024-06-17,23,TOPAZ_UNIT5,0.0,0.0,False,0.0
2024-06-17,23,TOPAZ_UNIT6,60.5,0.0,True,2541.0
2024-06-17,23,TOPAZ_UNIT7,0.0,0.0,False,0.0
2024-06-17,23,TOPAZ_UNIT8,0.0,0.0,False,0.0
2024-06-17,23,TOPAZ_UNIT9,60.5,0.0,True,2541.0
2024-06-17,23,TOPAZ_UNIT10,0.0,0.0,False,0.0
2024-06-17,23,BRAUNIG_VHB6CT5,0.0,0.0,False,0.0
2024-06-17,23,BRAUNIG_VHB6CT6,0.0,0.0,False,0.0
2024-06-17,23,BRAUNIG_VHB6CT7,0.0,0.0,False,0.0
2024-06-17,23,BRAUNIG_VHB6CT8,0.0,0.0,False,0.0
2024-06-17,23,CITYVICT_CTG01,0.0,0.0,False,0.0
2024-06-17,23,CITYVICT_CTG02,0.0,0.0,False,0.0
2024-06-17,23,VICTPORT_CTG01,0.0,0.0,False,0.0
2024-06-17,23,VICTPORT_CTG02,0.0,0.0,False,0.0
2024-06-17,23,VICTORIA_VICTORG6,0.0,0.0,False,0.0
2024-06-17,23,VICTORIA_VICTORG5,0.0,0.0,False,0.0
2024-06-17,23,WAP_WAPGT_1,0.0,0.0,False,0.0
2024-06-17,23,WAP_WAP_G1,0.0,0.0,False,0.0
2024-06-17,23,WAP_WAP_G2,0.0,0.0,False,0.0
2024-06-17,23,WAP_WAP_G3,0.0,0.0,False,0.0
2024-06-17,23,WAP_WAP_G4,0.0,0.0,False,0.0
2024-06-17,23,WFCOGEN_UNIT1,0.0,0.0,False,0.0
2024-06-17,23,WFCOGEN_UNIT2,0.0,0.0,False,0.0
2024-06-17,23,WFCOGEN_UNIT3,0.0,0.0,False,0.0
2024-06-17,23,WIPOPA_WPP_G1,0.0,0.0,False,0.0
2024-06-17,23,WIPOPA_WPP_G2,0.0,0.0,False,0.0
2024-06-17,23,WIPOPA_WPP_G3,0.0,0.0,False,0.0
2024-06-17,23,WIPOPA_WPP_G4,0.0,0.0,False,0.0
2024-06-17,23,WCPP_CT1,82.5,192.5,True,2310.0
2024-06-17,23,WCPP_CT2,82.5,192.5,True,2310.0
2024-06-17,23,WCPP_ST1,294.5867252398268,3.4132747601731808,True,8248.4283
2024-06-17,23,WHCCS_CT1,0.0,0.0,False,0.0
2024-06-17,23,WHCCS_CT2,0.0,0.0,False,0.0
2024-06-17,23,WHCCS_STG,0.0,0.0,False,0.0
2024-06-17,23,WHCCS2_CT4,0.0,0.0,False,0.0
2024-06-17,23,WHCCS2_CT5,0.0,0.0,False,0.0
2024-06-17,23,WHCCS2_STG6,0.0,0.0,False,0.0
2024-06-17,23,NACPW_UNIT1,0.0,0.0,False,0.0
2024-06-17,23,HBR_2UNITS,0.0,0.0,False,0.0
2024-06-17,23,TRIRA_1UNIT,0.0,0.0,False,0.0
2024-06-17,23,78252_4UNITS,0.0,0.0,False,0.0
2024-06-17,23,SPRIN_4UNITS,0.0,0.0,False,0.0
2024-06-17,23,FREIH_2UNITS,0.0,0.0,False,0.0
2024-06-17,23,WSTHL_3UNITS,0.0,0.0,False,0.0
2024-06-17,23,FEGC_CTG2,0.0,0.0,False,0.0
2024-06-17,23,FEGC_CTG3,0.0,0.0,False,0.0
2024-06-17,23,FEGC_CTG4,0.0,0.0,False,0.0
2024-06-17,23,OLNEYTN_AGR1,0.0,0.0,False,0.0
2024-06-17,23,AMISTAD_AMISTAG1,3.79,34.11,True,3.79
2024-06-17,23,AMISTAD_AMISTAG2,3.79,34.11,True,3.79
2024-06-17,23,AUSTPL_AUSTING1,9.0,0.0,True,9.0
2024-06-17,23,AUSTPL_AUSTING2,9.0,0.0,True,9.0
2024-06-17,23,BUCHAN_BUCHANG1,17.46418115058472,0.8358188494152792,True,17.4642
2024-06-17,23,BUCHAN_BUCHANG2,18.299999999999997,3.552713678800501e-15,True,18.3
2024-06-17,23,BUCHAN_BUCHANG3,1.83,16.470000000000002,True,1.83
2024-06-17,23,DNDAM_DENISOG1,50.8,0.0,True,50.8
2024-06-17,23,DNDAM_DENISOG2,50.8,0.0,True,50.8
2024-06-17,23,FALCON_FALCONG1,12.0,0.0,True,12.0
2024-06-17,23,FALCON_FALCONG2,12.0,0.0,True,12.0
2024-06-17,23,FALCON_FALCONG3,12.0,0.0,True,12.0
2024-06-17,23,WIRTZ_WIRTZ_G1,29.0,0.0,True,29.0
2024-06-17,23,WIRTZ_WIRTZ_G2,29.0,0.0,True,29.0
2024-06-17,23,CANYHY_CANYHYG1,6.0,0.0,True,6.0
2024-06-17,23,INKSDA_INKS_G1,1.5,13.5,True,1.5
2024-06-17,23,MARBFA_MARBFAG1,21.0,0.0,True,21.0
2024-06-17,23,MARBFA_MARBFAG2,20.0,0.0,True,20.0
2024-06-17,23,MARSFO_MARSFOG1,36.0,0.0,True,36.0
2024-06-17,23,MARSFO_MARSFOG2,36.0,0.0,True,36.0
2024-06-17,23,MARSFO_MARSFOG3,36.0,0.0,True,36.0
2024-06-17,23,WND_WHITNEY1,22.0,0.0,True,22.0
2024-06-17,23,WND_WHITNEY2,22.0,0.0,True,22.0
2024-06-17,23,AEEC_ANTLP_1,0.0,0.0,False,0.0
2024-06-17,23,AEEC_ANTLP_2,0.0,0.0,False,0.0
2024-06-17,23,AEEC_ANTLP_3,0.0,0.0,False,0.0
2024-06-17,23,AEEC_ELK_1,0.0,0.0,False,0.0
2024-06-17,23,AEEC_ELK_2,0.0,0.0,False,0.0
2024-06-17,23,AEEC_ELK_3,0.0,0.0,False,0.0
2024-06-17,23,FTR_FTR_G1,185.0,0.0,True,5180.0
2024-06-17,23,FTR_FTR_G2,185.0,0.0,True,5180.0
2024-06-17,23,FTR_FTR_G3,185.0,0.0,True,5180.0
2024-06-17,23,FTR_FTR_G4,400.0,0.0,True,11200.0
2024-06-17,23,TGCCS_CT1,0.0,0.0,False,0.0
2024-06-17,23,TGCCS_CT2,0.0,0.0,False,0.0
2024-06-17,23,TGCCS_CT3,0.0,0.0,False,0.0
2024-06-17,23,TGCCS_UNIT4,0.0,0.0,False,0.0
2024-06-17,23,KMCHI_1CT101,185.0,0.0,True,5180.0
2024-06-17,23,KMCHI_1CT201,55.5,129.5,True,1554.0
2024-06-17,23,KMCHI_1ST,330.0,0.0,True,9240.0
2024-06-17,23,KMCHI_2CT101,185.0,0.0,True,5180.0
2024-06-17,23,KMCHI_2CT201,55.5,129.5,True,1554.0
2024-06-17,23,KMCHI_2ST,330.0,0.0,True,9240.0
2024-06-17,23,A4_DGR1,0.0,0.0,False,0.0
2024-06-17,23,A4_DGR2,0.0,0.0,False,0.0
2024-06-17,23,K2_DGR1,0.0,0.0,False,0.0
2024-06-17,23,K2_DGR2,0.0,0.0,False,0.0
2024-06-17,23,P2_DGR1,0.0,0.0,False,0.0
2024-06-17,23,P2_DGR2,0.0,0.0,False,0.0
2024-06-17,23,Q1_DGR1,0.0,0.0,False,0.0
2024-06-17,23,BRAUNIG_VHB3,0.0,0.0,False,0.0
2024-06-17,23,V2_DGR1,0.0,0.0,False,0.0
2024-06-17,23,V2_DGR2,0.0,0.0,False,0.0
2024-06-17,23,V2_DGR3,0.0,0.0,False,0.0
2024-06-17,23,V4_DGR1,0.0,0.0,False,0.0
2024-06-17,23,X1_DGR1,0.0,0.0,False,0.0
2024-06-17,23,Z0_DGR1,0.0,0.0,False,0.0
2024-06-17,23,Z0_DGR2,0.0,0.0,False,0.0
2024-06-17,23,Z5_DGR1,0.0,0.0,False,0.0
2024-06-17,23,DC_E,0.0,0.0,False,0.0
2024-06-17,23,DC_N,0.0,0.0,False,0.0
2024-06-17,23,DC_L,0.0,0.0,False,0.0
2024-06-17,23,DC_R,0.0,0.0,False,0.0
2024-06-17,23,CEDARVALE_GAS,0.0,0.0,False,0.0
2024-06-17,23,ENCHANTED_ROCK_NEWPP,0.0,0.0,False,0.0
